"id","target"
133627,2.15401814829064
133629,0.63189867467084
133630,0.655056017254563
133631,0.157291897339213
133633,0.373899955049816
133634,0.663773817106999
133635,0.949088053895321
133637,0.57654649940189
133638,0.497481346390545
133639,0.15263534238875
133641,0.372522927232407
133642,0.500350040341691
133643,2.21322211741134
133645,0.543862935785194
133646,0.423436002069508
133647,0.241884943097533
133649,0.392620594554946
133650,0.481341378495464
133651,2.36644947010926
133653,0.784069424161245
133654,0.588657453720378
133655,0.400241918730428
133657,0.557507936009326
133658,0.67049725600826
133659,2.64002454597521
133661,0.693629104583571
133662,0.559945622660289
133663,0.493843890203931
133665,0.533885276902189
133666,0.722304720624101
133667,2.86775761257463
133669,0.625824724353122
133670,0.50570628279748
133671,0.470443385663497
133673,0.502120018006341
133674,0.676747710643564
133675,3.24750774349684
133677,0.742187258199675
133678,0.448766135506002
133679,0.455592499304579
133681,0.551892773753017
133682,0.692105910506243
133683,2.46232553317025
133685,0.90345022304985
133686,0.492889074802008
133687,0.365224305854437
133689,0.500373962515343
133690,0.823201968546636
133691,0.789952993934511
133693,0.260722867374708
133694,0.046777779416748
133695,0.00751363999085772
133697,0.134004363537777
133698,0.382862599865858
133699,0.0936561645268021
133701,0.0234911822885673
133702,-0.146060024830065
133703,-0.172555989348562
133705,0.0355559059480561
133706,0.0269839328447163
133707,-0.00721171464903321
133709,-0.0100568582732961
133710,-0.167798904081951
133711,-0.150909909285444
133713,-0.00988641026208971
133714,0.0240270701453622
133715,0.0488190583617694
133717,-0.0148893883120269
133718,0.029625929806593
133719,-0.501389940118443
133721,0.0987767337233584
133722,0.00709726300557203
133723,0.127580692348493
133725,0.0838375428769865
133726,0.0925091548970669
133727,0.0784148015346133
133729,0.119274023496863
133730,-0.0183365250933317
133731,0.149563134027811
133733,0.182307257182096
133734,0.130811978506144
133735,0.100652913909707
133737,0.113048205769687
133738,0.0941705009354625
133739,0.378394710905347
133741,0.298932158823943
133742,0.342553535130795
133743,0.108298919295748
133745,0.161965747963699
133746,0.257892530767702
133747,0.434235675226419
133749,0.406214694893685
133750,0.3891372709415
133751,0.138764109682549
133753,0.328299334381872
133754,0.319177752159025
133755,0.327470536662379
133757,0.392234107525643
133758,0.180055695110715
133759,0.0884597954423354
133761,0.31577071982529
133762,0.308993429402574
133763,0.969050909782745
133765,0.646868829886247
133766,0.289747375960215
133767,0.237024442257177
133769,0.416768909302326
133770,0.687686694101784
133771,1.65798157093547
133773,1.12058378548435
133774,0.405021287292089
133775,0.521775655961247
133777,0.66111708746938
133778,1.13519519070968
133779,3.45321533023836
133781,2.81568627037398
133782,1.27119485574543
133783,1.09063801382332
133785,1.36669966481233
133786,2.28546302621525
133787,3.93990310142577
133789,1.74350731155143
133790,1.18459896292676
133791,0.526482400960085
133793,1.36375668569732
133794,1.60540601435662
133795,2.76999636804784
133797,0.842770859248713
133798,0.882217306711839
133799,0.389128415695422
133801,1.03123738880799
133802,0.843125258854016
133803,1.8039904438746
133805,0.74808412163809
133806,0.64020946207947
133807,0.582317211549375
133809,0.749687150686145
133810,0.785022243388272
133811,1.95608438948058
133813,0.649394275004393
133814,0.650211859946406
133815,0.547422890699221
133817,0.73721856470725
133818,0.710970760543785
133819,12.0328137193244
133820,0.805917206334549
133821,0.584715154418287
133822,0.468268003492898
133823,0.646880159203428
133824,0.758268722430114
133825,9.17333744486789
133826,0.757973269972407
133827,0.493409397526405
133828,0.349662246794058
133829,0.654432421216851
133830,0.7857973025312
133831,8.45714097222704
133832,0.557765976126909
133833,0.313324905471581
133834,0.233626389790695
133835,0.40086049062562
133836,0.542126567483312
133837,8.46889702759206
133838,0.557566206687438
133839,0.299389041222222
133840,0.184801318669631
133841,0.341890609490194
133842,0.524203249324466
133843,11.7430408935451
133844,0.726934711922275
133845,0.337986628283297
133846,0.219919835993095
133847,0.381393149315771
133848,0.595944612211977
133849,13.1365931729354
133850,0.879158104057637
133851,0.505293346566133
133852,0.373502434029325
133853,0.51709488809735
133854,0.82460331430351
133855,14.4792637937201
133856,1.2190544024979
133857,0.60872098661558
133858,0.531972179372207
133859,0.676487476413185
133860,1.00368263055498
133861,8.9577397282929
133862,1.17071927561712
133863,0.666537011312446
133864,0.551970134744774
133865,0.685649050668789
133866,1.1143710873109
133867,0.830356458002492
133868,0.284052647197906
133869,0.0193862061831394
133870,-0.124350418152522
133871,0.0752469176249623
133872,0.160366451870045
133873,0.100838941830763
133874,-0.210741502790183
133875,-0.257791098172091
133876,-0.35043227221987
133877,-0.191089415405701
133878,-0.198535215367848
133879,0.00958611201420997
133880,-0.208810035636984
133881,-0.279792405915366
133882,-0.230126632124368
133883,-0.116501351494461
133884,-0.207473145418936
133885,0.0573278944665901
133886,-0.148680339154943
133887,-0.217787204855031
133888,-0.0941676678991362
133889,0.00286220717683629
133890,-0.1520230554135
133891,0.226286173043401
133892,0.0279174103863071
133893,-0.0750353445946284
133894,-0.0514829620013063
133895,0.0734047226308186
133896,0.0225347621999742
133897,0.306906788530256
133898,0.164132461863526
133899,0.031477969544559
133900,0.00941312939692051
133901,0.197695072020619
133902,0.157561475817858
133903,0.677123558003877
133904,0.417613616728288
133905,0.20586633977299
133906,0.08616086700687
133907,0.319241323799734
133908,0.413394611664924
133909,0.898602280605226
133910,0.485596667179748
133911,0.310857398115553
133912,0.20488263555317
133913,0.32406737082172
133914,0.401839221685621
133915,0.920114942379118
133916,0.518696601788799
133917,0.27290470804305
133918,0.113903376117221
133919,0.368623224925368
133920,0.386849734045271
133921,1.61463934235057
133922,0.659323648566978
133923,0.256840535674084
133924,0.279737121148826
133925,0.512250174059947
133926,0.659502578342919
133927,3.01742349151821
133928,1.14943432354855
133929,0.740590398140956
133930,0.445238864670643
133931,0.68038169899945
133932,1.43861013944882
133933,10.6100808171767
133934,3.51125182522628
133935,1.39209429757279
133936,1.1457982922404
133937,1.81546082760762
133938,3.10965516307312
133939,9.59660303217519
133940,2.19276131822071
133941,1.32349335393478
133942,1.13990428156285
133943,1.38339340920882
133944,2.14107785271463
133945,8.46912455294828
133946,1.56089573635202
133947,0.947963620036784
133948,0.643358945205757
133949,0.845927581121821
133950,1.44008093449156
133951,5.71590449418392
133952,1.15925581730552
133953,0.827327497267923
133954,0.487425775164391
133955,0.736139215897021
133956,1.09775809982816
133957,6.62296252488338
133958,0.986730195352255
133959,0.859580818259617
133960,0.504221082578105
133961,0.731724357057658
133962,0.979797231438734
133963,6.22305590940814
133964,0.83501967946349
133965,0.625409402178793
133966,0.0348934824570047
133967,0.663771285652785
133968,0.987019284539593
133969,5.4261010954137
133970,0.924032518475846
133971,0.574776778376873
133972,0.224100280783894
133973,0.593534012413982
133974,0.853124183077746
133975,5.9159493505738
133976,1.03370904016861
133977,0.53976817911858
133978,0.387747027952655
133979,0.553964862844841
133980,0.922170979176684
133981,6.17738491858478
133982,0.961003241541057
133983,0.521550684076885
133984,0.359583568274199
133985,0.510759537168292
133986,0.971599623943003
133987,8.19133715858673
133988,1.00244901831824
133989,0.529068747726964
133990,0.36457753078006
133991,0.50627176737679
133992,1.01674288766408
133993,10.9478426694772
133994,1.1956529523886
133995,0.713624968444691
133996,0.417770569749426
133997,0.662450101825718
133998,1.24995808961675
133999,13.2156543998625
134000,1.17993689562099
134001,0.828093837789772
134002,0.618419283660515
134003,0.782388208850109
134004,1.29983359219505
134005,8.85442212829656
134006,1.25677810728008
134007,0.735991543111016
134008,0.600584540394827
134009,0.7022003616852
134010,1.21394218571592
134011,0.658018719297877
134012,0.220360147810886
134013,-0.0779487642527277
134014,-0.15541391527056
134015,-0.0554331420833283
134016,0.230035744684958
134017,0.0013152369926738
134018,-0.0954317430180892
134019,-0.263459130414866
134020,-0.298330229723942
134021,-0.20067803064832
134022,-0.132230443801417
134023,-0.0224994818617678
134024,-0.161496448015503
134025,-0.222793061184443
134026,-0.208856258868752
134027,-0.0411340241519799
134028,-0.182661076342422
134029,0.129713282919376
134030,-0.0342991154812603
134031,-0.0103951020269884
134032,0.0529071140259458
134033,0.250175699434801
134034,-0.0634854919614772
134035,0.423730706069933
134036,0.0680873916026384
134037,0.180931613791734
134038,0.205172722751419
134039,0.372244295504857
134040,0.0316475194431043
134041,0.715756175799831
134042,0.32496176049967
134043,0.388102224014945
134044,0.298642868524372
134045,0.51867848026219
134046,0.330681289533235
134047,0.694567204425835
134048,0.513923011097499
134049,0.481249656770975
134050,0.350164390414872
134051,0.709112651054742
134052,0.486438136999211
134053,1.01663726480328
134054,0.83302897541198
134055,0.779315084759734
134056,0.535923597759869
134057,0.937185636401537
134058,0.872770145120945
134059,1.16608109491359
134060,0.928525272846268
134061,0.746302983885183
134062,0.414950664070117
134063,0.442604993301317
134064,0.947433456415833
134065,1.67530654435374
134066,1.02409428498442
134067,0.665824466136333
134068,0.471048818269459
134069,0.703116201700936
134070,1.02633949756118
134071,3.56723787608608
134072,1.68074304327793
134073,0.803175063164654
134074,0.632686602830045
134075,0.761522503993415
134076,1.48180370384291
134077,11.0522970997176
134078,3.72863401905934
134079,2.01005073814868
134080,1.46796769441258
134081,1.79857438134059
134082,3.6994087961682
134083,7.90938853493044
134084,1.85011577381729
134085,1.20348683853839
134086,0.932944601072286
134087,1.09877762548576
134088,2.01914976210006
134089,4.59837842523651
134090,0.790789022689373
134091,0.738818672748936
134092,0.260176060134168
134093,0.70784005140272
134094,0.970575509920969
134095,3.66869241410576
134096,0.212356298862206
134097,0.495614270004665
134098,-0.138745516786014
134099,0.451497101635126
134100,0.262513488882646
134101,3.0690730807262
134102,-0.103022085026803
134103,0.190803955090733
134104,-0.336882058923677
134105,0.0315750680022408
134106,0.00233619115091643
134107,2.2361377034534
134108,-0.361274957984297
134109,0.161260906580788
134110,-0.293952375410662
134111,0.0507355127228531
134112,-0.278442845074539
134113,1.69855196267773
134114,-0.338391430650855
134115,0.0261246130275905
134116,-0.338761297156177
134117,-0.14772548316412
134118,-0.410596303433347
134119,1.31257619555603
134120,-0.421526124589655
134121,-0.0198562918569648
134122,-0.311983577725986
134123,-0.0654634496075081
134124,-0.300496122765085
134125,1.51355241119247
134126,-0.251259150288931
134127,-0.0289389165676829
134128,-0.233307490494762
134129,-0.0387334356901171
134130,-0.236533804363302
134131,1.61522952286426
134132,-0.453310133922634
134133,0.0117359932345861
134134,-0.24413418468081
134135,-0.0507885724686967
134136,-0.104086807327883
134137,2.03977573516851
134138,-0.257429651611677
134139,0.0270074700022005
134140,-0.232776661766807
134141,-0.0149207307286975
134142,-0.272888516065282
134143,2.1978066176546
134144,-0.144819491219978
134145,0.159132263120024
134146,-0.0702756082992768
134147,0.122373849730497
134148,0.0519289161809057
134149,1.60305190082853
134150,0.0647071065738081
134151,0.134986722244791
134152,-0.0120563529262482
134153,0.100999365913239
134154,0.200241033867579
134155,0.284061396631893
134156,-0.166881275186587
134157,-0.323260815214546
134158,-0.483915156267339
134159,-0.245262501916189
134160,-0.167027897112172
134161,0.03228471355918
134162,-0.275724861174254
134163,-0.450800230563518
134164,-0.570775342173674
134165,-0.281821406358789
134166,-0.264009393146027
134167,-0.0409101879203153
134168,-0.267698903691141
134169,-0.233389420473265
134170,-0.281443788984509
134171,-0.171768943880301
134172,-0.435542857903077
134173,0.14544219113689
134174,-0.0472464745324783
134175,-0.0374490330580168
134176,-0.0873095968005958
134177,0.0511095477490931
134178,-0.375108711160436
134179,0.420518988274315
134180,0.145000009427487
134181,0.153572741977297
134182,0.160714798372736
134183,0.38559125515591
134184,-0.0693643793512028
134185,1.24645626019715
134186,0.712606042641641
134187,0.758503450750596
134188,0.444228427614197
134189,0.736488137799904
134190,0.492981422124556
134191,1.61480667729302
134192,1.32059442503501
134193,0.948788149454509
134194,0.609113344945222
134195,0.982611969466045
134196,1.05696987380173
134197,1.65114608779492
134198,1.57546913339207
134199,1.29851284284053
134200,0.546336049243896
134201,1.06283895832411
134202,1.50438014910733
134203,1.30867292518545
134204,1.18100154109945
134205,0.793951597299268
134206,0.278422084963028
134207,0.733353231104681
134208,1.23884280283072
134209,1.20583345817392
134210,1.11443425055667
134211,0.484210728310315
134212,0.263540455430714
134213,0.560409374885604
134214,1.34446707947227
134215,3.51282208862437
134216,1.39397262333353
134217,0.719614616796297
134218,0.293152262352937
134219,0.903212750848789
134220,1.69803386194713
134221,5.52456742127839
134222,2.14945211704111
134223,0.871611105967167
134224,0.391791163793452
134225,0.860518067482022
134226,2.26068671094879
134227,3.35939763557159
134228,0.794257875955517
134229,0.643017861760377
134230,0.346906107829984
134231,0.588600029564776
134232,0.93903394597631
134233,2.6918287438508
134234,0.412992677464117
134235,0.661778800947042
134236,-0.663538952951378
134237,0.632649418693647
134238,0.360563785042153
134239,1.84536583491602
134240,-0.145583411263905
134241,0.235540236085663
134242,-0.351150492433156
134243,-0.159461522694284
134244,-0.0252459793556961
134245,1.3909797728786
134246,-0.355632478582435
134247,0.154690195957681
134248,-0.43901317104774
134249,-0.152789286537955
134250,-0.325347333470503
134251,1.83870614092605
134252,-0.306806610154686
134253,0.132918780050698
134254,-0.519532523075127
134255,-0.166701943704879
134256,-0.282492314924932
134257,1.71777806791828
134258,-0.396120423152855
134259,0.0764800266222541
134260,-0.471704563253129
134261,-0.16673668410992
134262,-0.352271801396595
134263,1.61541359784465
134264,-0.361419894756481
134265,0.0587688150438464
134266,-0.302425670955216
134267,-0.12888191414575
134268,-0.388258690942612
134269,1.55932160204851
134270,-0.335480689021896
134271,0.0603369801137515
134272,-0.16394262376402
134273,-0.0617984615957723
134274,-0.235757892824075
134275,1.66619103093299
134276,-0.275392220129541
134277,0.0925018281545309
134278,-0.110638771058014
134279,0.0116453766159625
134280,-0.227004819695833
134281,2.02544215351237
134282,-0.277353472798973
134283,0.100477015908056
134284,-0.0902406124919226
134285,0.0484380502818171
134286,-0.222013779840479
134287,2.36371396901521
134288,-0.21097376976446
134289,0.13917919100118
134290,-0.0480357519878954
134291,0.055408493659692
134292,-0.168196294444098
134293,2.04761569075715
134294,-0.0587899418738864
134295,0.146548525686001
134296,7.4574327399677e-05
134297,0.103264004077045
134298,-0.0121426498790043
134299,1.02751821417559
134300,-0.232101701884341
134301,-0.0593775272100396
134302,-0.252078042731696
134303,-0.0382909432230561
134304,-0.146672426092646
134305,0.830427479062069
134306,-0.0968624078068629
134307,-0.108875008942521
134308,-0.305772734717351
134309,-0.069896822985089
134310,-0.101602736910653
134311,0.340608985595221
134312,-0.295006075691669
134313,-0.196566134730281
134314,-0.293084532534985
134315,-0.0488220032784333
134316,-0.32803335373909
134317,0.128896183370555
134318,-0.245276638641187
134319,-0.116765175598044
134320,-0.112802618471439
134321,0.117663056035867
134322,-0.410835991618348
134323,0.873604379001028
134324,-0.0357170127121028
134325,0.0229812148011492
134326,-0.0858839640592662
134327,0.191210688502961
134328,0.0190451373467376
134329,1.39977828849963
134330,0.487284824185315
134331,0.447881953867233
134332,0.186600786012117
134333,0.570179654157995
134334,0.540561348619321
134335,1.66725556788778
134336,1.18588431981776
134337,0.610005335871015
134338,0.219344200213959
134339,0.731628092070146
134340,1.23405424234715
134341,1.49672625463104
134342,1.11550435347751
134343,0.588973347910236
134344,0.298692902909785
134345,0.80674615685938
134346,1.14836921373092
134347,1.73053146394729
134348,0.460953701322001
134349,0.441132574563074
134350,0.0705720213583197
134351,0.576475904758169
134352,0.945519969462691
134353,2.33792129202652
134354,0.978778319101523
134355,0.419610333422413
134356,0.365131801736284
134357,0.680707174775435
134358,0.776641357403228
134359,4.97397990717635
134360,1.05894167757556
134361,0.928914799026936
134362,0.295104306889692
134363,0.942957036171214
134364,0.96800530759486
134365,3.73270024215439
134366,1.47997127018534
134367,1.07633408592698
134368,0.74883568977
134369,1.64187676548385
134370,1.26010591554061
134371,3.8958476834567
134372,1.47095265762522
134373,0.832325149050234
134374,-0.889961708380476
134375,0.739942919030936
134376,1.23046842356525
134377,6.08173841297811
134378,1.14362724867238
134379,0.900810250885016
134380,-0.924620889663751
134381,0.391523890603696
134382,1.03757277199424
134383,3.29410100214097
134384,0.688425471854761
134385,0.648474365106655
134386,-0.698734613685512
134387,0.188145391485005
134388,0.432861391970792
134389,5.00824247663821
134390,0.685965504979953
134391,0.619465725111063
134392,-0.594603214140922
134393,-0.069772772342606
134394,0.844231543731324
134395,2.12813995696254
134396,0.322919288131153
134397,0.328404029695145
134398,-0.339667954202383
134399,0.231941130965996
134400,0.315006243474369
134401,1.76958619528348
134402,0.223146412735892
134403,0.241237269191008
134404,-0.356491055877264
134405,0.125698914897115
134406,0.215453296516549
134407,1.78024392104106
134408,0.221556846456563
134409,0.350027360265571
134410,-0.313933455632174
134411,0.030641401528358
134412,0.237720655111089
134413,1.70075564865236
134414,0.198725895632459
134415,0.354567524973358
134416,-0.272608991007589
134417,-0.044417062896215
134418,0.214802842822931
134419,1.75627237996876
134420,0.213016029344596
134421,0.354234561203584
134422,-0.23060738525789
134423,-0.0367246392628913
134424,0.228635904738181
134425,1.82599433630797
134426,0.237030344044216
134427,0.366228749928751
134428,-0.251107101567831
134429,-0.0557083172687019
134430,0.250905939792464
134431,1.83795872113011
134432,0.210139322487604
134433,0.343490268584692
134434,-0.312913209727669
134435,-0.128236575788776
134436,0.214664972868025
134437,1.36581031663989
134438,0.11398614652332
134439,0.172722661557294
134440,-0.432509279651006
134441,-0.198480867157953
134442,0.175566415286425
134443,0.74376313375956
134444,-0.0628768160108655
134445,-0.000618198607916709
134446,-0.516394315588947
134447,-0.226845096777488
134448,0.00696942518741297
134449,0.569833586662098
134450,-0.0214585375925994
134451,-0.0101701575715165
134452,-0.414946237775049
134453,-0.135540235341171
134454,-0.00809154444956261
134455,0.618867769171404
134456,0.0234933023037368
134457,0.040906448024344
134458,-0.367963927960535
134459,-0.0832605486917157
134460,0.0403646204231291
134461,0.402604811059577
134462,-0.0552634730760518
134463,-0.0283842580917017
134464,-0.44896328350414
134465,-0.0776342373885078
134466,-0.0336731417668175
134467,0.471992328147056
134468,0.0400164130710076
134469,0.031004947060146
134470,-0.482440566180672
134471,-0.00983960146380219
134472,0.0616140647721157
134473,0.316240914027096
134474,-0.0271690423695871
134475,-0.054738258460091
134476,-0.592293769045323
134477,-0.107387549985154
134478,-0.00536756315673954
134479,0.403050965357353
134480,0.0682872391941653
134481,0.0485038572418462
134482,-0.459012185336842
134483,-0.0388932233584004
134484,0.0901633039382145
134485,0.437728624146744
134486,0.053237308961789
134487,0.0362485290580934
134488,-0.445008556353484
134489,0.020864781845039
134490,0.0750866520694923
134491,0.672052039810135
134492,0.268443467010101
134493,0.26446841593792
134494,-0.24884382981011
134495,0.222202286786358
134496,0.290512474009006
134497,0.898521596724702
134498,0.433490173001955
134499,0.449598104766634
134500,-0.10775935615387
134501,0.347114839715292
134502,0.456905432063877
134503,1.39089521884901
134504,0.548309887441363
134505,0.59778784944109
134506,-0.134515078358392
134507,0.448065044829911
134508,0.568174284023314
134509,2.25598311006662
134510,0.857101374273449
134511,0.908589998689254
134512,0.0342458327316932
134513,0.688051338220058
134514,0.885978239034549
134515,2.24042621202672
134516,0.731978465851831
134517,0.699377528920027
134518,-0.108330147082494
134519,0.328328524487386
134520,0.740535816496101
134521,1.99481807558716
134522,0.588476352156072
134523,0.678244293442811
134524,-0.0281326842513157
134525,0.387242470402896
134526,0.606400597231607
134527,2.35015279812507
134528,0.596621693499739
134529,0.62198862984829
134530,-0.000970597538492593
134531,0.362349105085072
134532,0.613472692586313
134533,2.4659340112078
134534,0.56697645185654
134535,0.556883299086115
134536,-0.0397058490382891
134537,0.433456774188912
134538,0.590128079121878
134539,2.56391014334133
134540,0.848438954276907
134541,0.56332422528571
134542,0.324979603723103
134543,0.583658657123042
134544,0.853314849703227
134545,2.0699896013641
134546,0.452549189703795
134547,0.278168810076522
134548,0.0659760720450506
134549,0.332596273562449
134550,0.499244897584189
134551,2.19351835508668
134552,0.539271057923054
134553,0.266237258772862
134554,0.120131938188412
134555,0.27717676620315
134556,0.552337086808774
134557,2.69250731165698
134558,0.57228629789367
134559,0.263139211896711
134560,0.205814704100411
134561,0.337160639167863
134562,0.521254505064186
134563,2.7782192579579
134564,0.50830985200586
134565,0.287607872217093
134566,0.201631942555096
134567,0.318370571721219
134568,0.483689418639625
134569,2.68783857871376
134570,0.504575995280236
134571,0.259833464044861
134572,0.182290353764465
134573,0.305809140293265
134574,0.487197678037528
134575,2.44167336545713
134576,0.544285576848716
134577,0.264355575962143
134578,0.170585099156301
134579,0.309937166868266
134580,0.5620198948906
134581,1.69058395767119
134582,0.495923237061204
134583,0.233101615946526
134584,0.17163921631185
134585,0.244370003343505
134586,0.493943091886741
134587,-0.101323816087812
134588,-0.209606235338506
134589,-0.0337647534574193
134590,-0.472062743452836
134591,-0.195230461481713
134592,-0.19672035883838
134593,-0.366109092744362
134594,-0.427068370721014
134595,-0.248774524131132
134596,-0.678692738496465
134597,-0.327449485552741
134598,-0.413265934538496
134599,-0.572662407061026
134600,-0.620303198874835
134601,-0.438093873861261
134602,-0.909341821039907
134603,-0.504145960884145
134604,-0.605253946926388
134605,-0.455761965392319
134606,-0.500883603138544
134607,-0.32738293308467
134608,-0.767715830144936
134609,-0.36753506789833
134610,-0.486647098098105
134611,-0.356819776157712
134612,-0.403757496253453
134613,-0.24806040317916
134614,-0.655098591810461
134615,-0.267910255737489
134616,-0.39008005601528
134617,-0.224693061989823
134618,-0.283284797753382
134619,-0.156515071038127
134620,-0.555368484981429
134621,-0.161930584503038
134622,-0.270153584135636
134623,-0.183399419088484
134624,-0.227466290872509
134625,-0.111376191234015
134626,-0.48302882531264
134627,-0.111788380534864
134628,-0.214527379337934
134629,-0.119450809177532
134630,-0.157077330365271
134631,-0.00592792384526659
134632,-0.407882161654574
134633,-0.0337549649582333
134634,-0.14432230254663
134635,-0.200159980988571
134636,-0.234767684318477
134637,-0.114350821910321
134638,-0.489761005937787
134639,-0.0949271556201959
134640,-0.221805950191263
134641,0.0745284555455022
134642,-0.0116729285362122
134643,0.096267022152913
134644,-0.326455047631973
134645,0.0687667615225615
134646,0.00192477418690634
134647,0.434267761787798
134648,0.298039909545064
134649,0.517300084535466
134650,-0.0633348012945843
134651,0.277480121506689
134652,0.312341251866771
134653,0.709143808054817
134654,0.474739322744656
134655,0.825862356556303
134656,0.0524733423852054
134657,0.269663591773157
134658,0.490122917196327
134659,0.519682407132139
134660,0.289242238043853
134661,0.633124039391241
134662,-0.126847630204326
134663,0.137017019359607
134664,0.303543041921944
134665,0.491658765956173
134666,0.201609945838753
134667,0.551625724874235
134668,-0.192620801926952
134669,0.156441543765325
134670,0.215875029491076
134671,0.391219955170161
134672,0.103398549223873
134673,0.384640138144482
134674,-0.257010676416706
134675,0.0523921988255957
134676,0.095697008141629
134677,0.209824255966686
134678,-0.0414153697192173
134679,0.214441856246208
134680,-0.370026857325335
134681,-0.0846639347975736
134682,-0.0490826984353029
134683,1.47530987551322
134684,0.12151429535605
134685,0.321508208921714
134686,-0.245929841270954
134687,0.03501071602468
134688,0.113795697179697
134689,1.32343537251454
134690,0.0428859756284355
134691,0.263875893476074
134692,-0.308274242672377
134693,-0.0194081631549904
134694,0.0352209425545255
134695,1.08139133746339
134696,-0.065976981339559
134697,0.203464096506062
134698,-0.368252770782441
134699,-0.150118792461717
134700,-0.0512181258823588
134701,1.01862408396189
134702,-0.0927124619711034
134703,0.170630885892435
134704,-0.397869352779337
134705,-0.169666383920548
134706,-0.0786963362619866
134707,1.04635071233239
134708,-0.0929865270654522
134709,0.130242045991165
134710,-0.396830857214017
134711,-0.200393397185294
134712,-0.078970028759678
134713,1.36293270665444
134714,0.0680811164648417
134715,0.284268939864762
134716,-0.273711960454307
134717,-0.0402109084712748
134718,0.0815860980936345
134719,1.42873746878287
134720,0.102844510772165
134721,0.329696401266031
134722,-0.227988551282282
134723,0.0390698280535582
134724,0.11558542746074
134725,1.08754729011826
134726,0.0570897004705807
134727,0.214991658822881
134728,-0.253578097286742
134729,-0.114451760483888
134730,0.0697739267845937
134731,-0.269295517877484
134732,-0.329852305723371
134733,-0.151609640599537
134734,-0.561306336365001
134735,-0.388218357300952
134736,-0.316530465303599
134737,-0.779949289370135
134738,-0.857309320217826
134739,-0.642879670736274
134740,-1.17823113538074
134741,-0.820171841494198
134742,-0.84031330099519
134743,-0.700704497899699
134744,-0.76450972392661
134745,-0.559505574362201
134746,-1.10103541835825
134747,-0.7390233038412
134748,-0.748321893472047
134749,-0.623742256807487
134750,-0.686989799355946
134751,-0.499911195790824
134752,-1.02048239814402
134753,-0.661514376143078
134754,-0.669535356660369
134755,-0.495335339016022
134756,-0.579489467530658
134757,-0.471332002991674
134758,-0.852352652540494
134759,-0.555316828622139
134760,-0.562931083519422
134761,-0.387661332479259
134762,-0.458865081824643
134763,-0.365287904229944
134764,-0.688422631467752
134765,-0.423904524550238
134766,-0.443174629234556
134767,-0.386134079568713
134768,-0.457293667058181
134769,-0.359999958442756
134770,-0.680560334862794
134771,-0.430792174176319
134772,-0.439474984455174
134773,-0.388419820154011
134774,-0.45964549053467
134775,-0.348054633602309
134776,-0.679721942418822
134777,-0.442844766818227
134778,-0.44180934481101
134779,-0.350634198422612
134780,-0.409523331479488
134781,-0.358875814238848
134782,-0.624325414028711
134783,-0.390082807267598
134784,-0.392042065311037
134785,-0.127148780007535
134786,-0.210622756454124
134787,-0.0968939941652584
134788,-0.453081220629034
134789,-0.204296290124309
134790,-0.193154598421352
134791,0.328539577107886
134792,0.177951012011958
134793,0.375935799225782
134794,-0.113693143507425
134795,0.089883164537712
134796,0.192317001005003
134797,0.392679849629526
134798,0.203307674792663
134799,0.494028918724254
134800,-0.143171459893247
134801,0.093063977404668
134802,0.217816589533773
134803,0.217214666833379
134804,0.0353577663523303
134805,0.340611539608494
134806,-0.366348682017553
134807,-0.173150817431678
134808,0.0271292010746969
134809,0.143939314200398
134810,-0.0137827738273258
134811,0.326794905060669
134812,-0.339684371846051
134813,-0.153463009221107
134814,-0.015551661399294
134815,0.0856515731229353
134816,-0.129672907444963
134817,0.183947360600642
134818,-0.404275042923898
134819,-0.229154953574455
134820,-0.129460496333771
134821,-0.09880965278097
134822,-0.299954007673263
134823,0.00599601648856311
134824,-0.542631312984872
134825,-0.346596088736685
134826,-0.299733078772707
134827,0.0465192057019765
134828,-0.506084525600778
134829,-0.0884693968699652
134830,-0.153315863078076
134831,0.0108352430941523
134832,-0.447903424103795
134833,0.0610776206363483
134834,-0.342527561999818
134835,-0.104509022304435
134836,-0.15676293716168
134837,-0.136006142689996
134838,-0.422135719571761
134839,-0.342364566591394
134840,-0.574529228098897
134841,-0.227873770615305
134842,-0.987728370163587
134843,-0.637016367216089
134844,-0.577512449208862
134845,-0.314701053386657
134846,-0.518639749187772
134847,-0.191387113243054
134848,-0.905082242801088
134849,-0.579460520171609
134850,-0.519780590536695
134851,-0.27975986993542
134852,-0.454322880493962
134853,-0.171831666543944
134854,-0.809086987128764
134855,-0.520108432181118
134856,-0.461990627508998
134857,-0.162206686655545
134858,-0.348789440689652
134859,-0.0806168912212766
134860,-0.693697873112146
134861,-0.414535206094586
134862,-0.356148608793709
134863,0.0267778926999072
134864,-0.144466321071977
134865,0.123801124747622
134866,-0.427014047171876
134867,-0.209210205069641
134868,-0.149479391902064
134869,0.0678956549847966
134870,-0.0720391332273928
134871,0.161093736797731
134872,-0.355843373851562
134873,-0.125383789976219
134874,-0.0770071699490218
134875,-0.372872270789714
134876,-0.471976920199248
134877,-0.274809026328385
134878,-0.760226294806066
134879,-0.417082383791236
134880,-0.45564867628617
134881,-0.6494410084288
134882,-0.724583325542737
134883,-0.506927586072478
134884,-1.12530294696142
134885,-0.722547512469594
134886,-0.706791702200797
134887,-0.770754395476778
134888,-0.816596820464286
134889,-0.655546054291693
134890,-1.16539927278661
134891,-0.797442074950336
134892,-0.798752202707175
134893,-0.664348540781483
134894,-0.70663114553253
134895,-0.567714834576441
134896,-1.01095072518602
134897,-0.690379731985236
134898,-0.689775675379271
134899,-0.593282375822315
134900,-0.62683797876798
134901,-0.498472056012942
134902,-0.922585826775933
134903,-0.65021641283452
134904,-0.610641682106073
134905,-0.434472504234694
134906,-0.480796028392909
134907,-0.360159630484461
134908,-0.782798988570164
134909,-0.508024262217569
134910,-0.465655366163719
134911,-0.429416341165946
134912,-0.491666331173048
134913,-0.368630003453729
134914,-0.757033712428173
134915,-0.513956502338018
134916,-0.47589817327698
134917,-0.518838324910521
134918,-0.563463757335425
134919,-0.435219689972928
134920,-0.822364289657437
134921,-0.536978960780686
134922,-0.547176955561033
134923,-0.528317632436056
134924,-0.547989088111655
134925,-0.500075016875329
134926,-0.822307387928542
134927,-0.543362484057888
134928,-0.5567810831258
134929,-0.346514430440134
134930,-0.408936201694364
134931,-0.341765945256456
134932,-0.680881837445315
134933,-0.391033914874374
134934,-0.415431833295398
134935,0.200379412141918
134936,0.101715534534122
134937,0.279952643586992
134938,-0.187933047991987
134939,0.12816794097884
134940,0.0976827065445764
134941,0.495531098624891
134942,0.330235754630868
134943,0.651395144290576
134944,-0.0945867631996686
134945,0.214097161294015
134946,0.328541026371462
134947,0.357211232433556
134948,0.178271257151207
134949,0.524182651683264
134950,-0.242007249794413
134951,-0.00589471133672028
134952,0.175895655583579
134953,0.164242060927453
134954,-0.0158284679597362
134955,0.340777881966252
134956,-0.300721647485415
134957,-0.0909400341688085
134958,-0.0176387888833181
134959,0.107240517689643
134960,-0.101757307642723
134961,0.20943218124737
134962,-0.387955705153846
134963,-0.181689175183318
134964,-0.103578212786973
134965,-0.0701254277969964
134966,-0.263615490626033
134967,0.0380387147152049
134968,-0.535779864657343
134969,-0.23463780622688
134970,-0.265496087641931
134971,0.94483864623648
134972,-0.40110980674323
134973,0.000858067932994971
134974,-0.118607910854951
134975,0.0450778386246387
134976,-0.404169561589604
134977,0.860251479494841
134978,-0.465088657348335
134979,-0.0573822794093791
134980,-0.20285636124064
134981,-0.0228164948232244
134982,-0.618071949197205
134983,-0.227808999668491
134984,-0.657132466739108
134985,-0.176188892920013
134986,-0.265999720243268
134987,-0.19034196243608
134988,-0.668120090463511
134989,-0.206865666359254
134990,-0.771555564721478
134991,-0.115119478298712
134992,-0.217793465737347
134993,-0.191755750480843
134994,-0.932878024482307
134995,-0.148270418588044
134996,-0.42711576293118
134997,-0.0939945177035146
134998,-0.27707227752606
134999,-0.172133543099219
135000,-0.330902809130367
135001,-0.0102608021760137
135002,-0.32229957116422
135003,-0.0246152995321424
135004,-0.127710162797902
135005,-0.0946722703946239
135006,-0.305935476753064
135007,0.107785637457834
135008,-0.0594926462361168
135009,0.0639953753757505
135010,-0.0214738951276093
135011,0.0498439605577167
135012,-0.0753177694736504
135013,0.113486500989202
135014,0.0944490612987828
135015,0.0954047694683784
135016,0.0297372418736398
135017,0.101195324466899
135018,0.0574244768053341
135019,-0.74475005830241
135020,-0.475310569422919
135021,-0.451240882297898
135022,-0.48020874709341
135023,-0.377744570335054
135024,-0.480618090391434
135025,-1.17911227684282
135026,-0.706377121011632
135027,-0.584380693642312
135028,-0.62606004645558
135029,-0.531733834198189
135030,-0.668265253935403
135031,-1.4765340604557
135032,-0.558540739062022
135033,-0.535885139380479
135034,-0.523217913249955
135035,-0.511620711851647
135036,-0.601133204105434
135037,-1.76199160352127
135038,-0.400315369829031
135039,-0.335836669111207
135040,-0.411353325711263
135041,-0.302189117146984
135042,-0.410517621144145
135043,-1.23504101796121
135044,-0.132949999259601
135045,-0.0424641769956451
135046,-0.108403721791408
135047,-0.0232401925333598
135048,-0.214000567480675
135049,-1.13591423938478
135050,-0.0418568392015825
135051,0.0384716318770178
135052,-0.0493040329101052
135053,0.0715610675065059
135054,-0.0327688551954806
135055,-1.23366683613796
135056,-0.071208392477382
135057,0.130429289608859
135058,-0.0313036385708622
135059,0.105950234027075
135060,-0.057345905088577
135061,-1.30360902921647
135062,-0.17421204918318
135063,0.0444212993734261
135064,-0.254534962276441
135065,-0.00211281686550098
135066,-0.256403629289959
135067,-1.50024070210007
135068,-0.561789652820005
135069,-0.0524868471323427
135070,-0.792999558208143
135071,-0.13612907597959
135072,-0.502284253271896
135073,-1.53309416952368
135074,-0.467951119661602
135075,-0.0941567144350304
135076,-2.33065379052017
135077,-0.656327787699794
135078,-0.448437766795366
135079,-0.235693728456735
135080,0.112119954718427
135081,0.44243975570492
135082,-1.24435390671579
135083,-0.222282158132033
135084,0.175214239827992
135085,0.608398793626456
135086,0.851310456447939
135087,1.29848135266673
135088,-0.571123787250417
135089,0.149807824294358
135090,0.557947311536775
135091,0.415864783792443
135092,0.403375915126875
135093,0.420757876079651
135094,-0.00239189923026389
135095,0.244269657499605
135096,0.357957139450347
135097,0.320631737912708
135098,0.00518289607840228
135099,0.200967306049135
135100,0.13984680817231
135101,0.281471736535602
135102,0.121845772117585
135103,0.249267892791581
135104,-0.237852045616254
135105,0.0508960724944178
135106,-7.03702988957051e-05
135107,0.0357769737301334
135108,-0.209995451076688
135109,0.0738553341309894
135110,-0.386744319671546
135111,-0.0781945653305899
135112,-0.0812594430966095
135113,-0.0720434719216054
135114,-0.281556542295146
135115,0.811908113385687
135116,-0.437973709760391
135117,0.0326907282850654
135118,-0.044573621065395
135119,0.0651107523745865
135120,-0.458083283333099
135121,0.589692151527461
135122,-0.511384303977504
135123,-0.0377091214265332
135124,-0.18295995204327
135125,-0.0565222822938876
135126,-0.54047814528375
135127,0.760301858333153
135128,-0.64011121955454
135129,-0.0445601850804819
135130,-0.171236207236883
135131,0.000856166841777349
135132,-0.657558833618363
135133,0.753221414587169
135134,-0.473505178632062
135135,-0.0811907180017719
135136,-0.229691066348193
135137,-0.0841020338952512
135138,-0.572867270582603
135139,0.863753943333167
135140,-0.252942328720168
135141,-0.0210734582625536
135142,-0.213459478846994
135143,-0.0515351261158941
135144,-0.221280384647645
135145,1.1254821896999
135146,-0.0535924985544043
135147,-0.00101635259597383
135148,-0.189092517820851
135149,-0.0273705042058177
135150,-0.0742821933384398
135151,1.71564225236361
135152,0.2945660174321
135153,0.169635623826313
135154,0.0333102169861304
135155,0.161255936443282
135156,0.233419161313324
135157,1.33045431909196
135158,0.349599894665747
135159,0.226250440696384
135160,0.153763379242663
135161,0.207724436396812
135162,0.354245571836381
135163,0.0992073500878925
135164,-0.175260350933189
135165,-0.298904913165189
135166,-0.378223770843478
135167,-0.288455296712263
135168,-0.178974261925452
135169,-0.41840376801385
135170,-0.301124283892755
135171,-0.378014738425294
135172,-0.497643474160139
135173,-0.363835092295948
135174,-0.290878343709016
135175,-0.540238671592282
135176,-0.335627202814877
135177,-0.320385897960091
135178,-0.333449781779673
135179,-0.244365676794184
135180,-0.323592429658814
135181,-0.719897483818294
135182,-0.161067187761202
135183,-0.121417666705691
135184,-0.222525094612312
135185,-0.0807123156642661
135186,-0.153455076301145
135187,-0.699604306275705
135188,-0.0870207151909415
135189,-0.0405827242522042
135190,-0.0740242688261771
135191,0.0603521941606529
135192,-0.0777539587676165
135193,-0.540310974902524
135194,0.112660673977094
135195,0.257643180675748
135196,0.268661919015739
135197,0.353566662897928
135198,0.148251670256368
135199,-0.929737669125516
135200,-0.0118580145889738
135201,0.214161806495518
135202,-0.0876953480580845
135203,0.363625150585603
135204,-0.0317657857617359
135205,-1.09780359730661
135206,-0.158011400603222
135207,0.135802711327118
135208,-0.0132033030071607
135209,0.174345360625804
135210,-0.012670897172545
135211,-1.56674806398641
135212,0.0144827923464522
135213,-0.383781533512171
135214,-2.73426782437875
135215,0.0312061082240821
135216,-0.0112017290963338
135217,-1.03893836688608
135218,-0.210583036796002
135219,-0.357396286620391
135220,-0.44007962663013
135221,-0.373108395926926
135222,0.0573262272705524
135223,0.572040217956489
135224,0.764425347559307
135225,0.0400028508349216
135226,-0.675908253110545
135227,0.100032760274367
135228,0.613315619004709
135229,2.47286536246265
135230,1.31565900338233
135231,0.536014086966965
135232,0.100873931715694
135233,0.804754973787993
135234,1.34574898904812
135235,2.92603586263081
135236,0.717456316708744
135237,0.627353630968974
135238,-0.146573893144002
135239,0.499833497252893
135240,0.787243943282163
135241,2.63840843566405
135242,0.233408217003563
135243,0.553041554505599
135244,-0.112439575103337
135245,0.255515333897288
135246,0.475821004999838
135247,1.86542162890051
135248,-0.00643050556419144
135249,0.315195173112304
135250,-0.123093757520627
135251,0.101551567189976
135252,0.0892446690694078
135253,1.36775183141008
135254,-0.149127195957207
135255,0.100413558473316
135256,-0.15686281385836
135257,0.0701506723254409
135258,-0.0753230053316641
135259,1.13793667814983
135260,-0.0785930591311001
135261,0.0863385316462454
135262,-0.158251561795899
135263,0.0529318495036293
135264,-0.0679577689997495
135265,0.811851747138055
135266,-0.248593728931044
135267,0.0622972351269307
135268,-0.144268480008674
135269,0.0251332398422565
135270,-0.237798342851251
135271,0.769480231450675
135272,-0.274541736522571
135273,0.00188800014497726
135274,-0.180451847018716
135275,0.0027789142256128
135276,-0.266369424911366
135277,0.827013288533126
135278,-0.27100113880371
135279,-0.0206375179648878
135280,-0.186831697854466
135281,0.0234381871830017
135282,-0.262996844988093
135283,1.01076419942167
135284,-0.161121390407889
135285,-0.018342319089735
135286,-0.124163181836583
135287,-0.0162688390241865
135288,-0.158934753355572
135289,1.04049468191693
135290,-0.1390017451589
135291,0.00743971336640636
135292,-0.13592129777933
135293,-0.0217643040303601
135294,-0.136823033687912
135295,1.23887316413436
135296,0.00702286565666187
135297,0.087939082450645
135298,-0.0297446380275312
135299,0.10091777804159
135300,0.00898471165944364
135301,0.991929897081149
135302,0.023678935836393
135303,0.0595035037976324
135304,-0.0282066332314373
135305,0.0765056695120968
135306,0.0160533712539785
135307,-0.0708218050035414
135308,-0.366370739060936
135309,-0.340628318937377
135310,-0.419816041231713
135311,-0.302053163798818
135312,-0.374636614861713
135313,-0.535634276255663
135314,-0.698745060237716
135315,-0.490639078754807
135316,-0.642757466611843
135317,-0.463564419701057
135318,-0.680573514125703
135319,-0.592287692867529
135320,-0.643226215751484
135321,-0.344250732719054
135322,-0.412251297904815
135323,-0.320074953774708
135324,-0.626302379564083
135325,-0.492978646603867
135326,-0.58797084121405
135327,-0.317562512855861
135328,-0.487735646166752
135329,-0.27563711577297
135330,-0.59639271038654
135331,-0.32233726302175
135332,-0.424869998414378
135333,-0.200217345729963
135334,-0.327296544206392
135335,-0.0981533851364637
135336,-0.432513276102817
135337,-0.14341757523908
135338,-0.310100476595029
135339,-0.201479509350368
135340,-0.225549896840873
135341,-0.0288356456081461
135342,-0.315387383152169
135343,-0.10909227265202
135344,-0.266471069958993
135345,-0.0630470753263377
135346,-0.233545375391278
135347,0.00612623747777275
135348,-0.265561329583783
135349,-0.0301701730658199
135350,-0.166390962487728
135351,-0.699285850065002
135352,-0.17305939927179
135353,0.133120206397753
135354,-0.15660607241847
135355,-0.079610734061628
135356,-0.25095413441886
135357,-0.527870790537392
135358,-0.187214829579278
135359,0.0597027446134176
135360,-0.24900881132614
135361,0.110853236600355
135362,-0.158995035992416
135363,-0.670803734438899
135364,-0.551157789385838
135365,-0.198457986895603
135366,-0.15979840333326
135367,0.812754547762329
135368,0.134370944209811
135369,-0.103732432748507
135370,-0.946708020279545
135371,-0.306110529914518
135372,0.140384380802056
135373,1.24595526413679
135374,0.251374303422395
135375,0.247926267897522
135376,-0.497853783531988
135377,0.306083252461371
135378,0.252265740515575
135379,1.10443258988992
135380,0.0884356377305162
135381,0.243596839921696
135382,0.0155956505018133
135383,0.167455184324836
135384,0.11652307751015
135385,1.45231571052589
135386,0.186854593270497
135387,0.39707620968554
135388,-0.0283427172655135
135389,0.182949828563425
135390,0.187069010000968
135391,1.25563442993068
135392,0.0555410776773102
135393,0.233411913041742
135394,-0.0572662712465161
135395,0.121929769439281
135396,0.0557518101969005
135397,1.14838175553372
135398,-0.0213767337781975
135399,0.0858173879486789
135400,-0.0829345642519165
135401,0.118913726768427
135402,-0.0211663075825563
135403,0.066322000129424
135404,-0.382269345010312
135405,0.0735785501131153
135406,-0.271929893012103
135407,-0.0404319753728064
135408,-0.393021999693959
135409,0.0688940765436296
135410,-0.341016943343246
135411,-0.0254786923609287
135412,-0.284191999215984
135413,-0.0914679581066043
135414,-0.294379390919711
135415,0.0893982490641896
135416,-0.417934470198222
135417,-0.0463286841947743
135418,-0.225507123349407
135419,-0.0210714535318901
135420,-0.490779669870533
135421,0.206709768939583
135422,-0.380933028467441
135423,-0.0733690294138872
135424,-0.231072083437318
135425,-0.0898868164062118
135426,-0.330558489993189
135427,0.214326959635291
135428,-0.297736085347004
135429,-0.0807254325633967
135430,-0.196412557346242
135431,-0.104004698945519
135432,-0.182877045330685
135433,0.275999923697698
135434,-0.189090595935621
135435,-0.0430180372140299
135436,-0.141065685336186
135437,-0.0392454913763714
135438,-0.139402719340852
135439,0.238922424627314
135440,-0.0481476613133294
135441,0.0523508602409375
135442,-0.050355459168776
135443,0.0514832030809071
135444,-0.0159463904712374
135445,0.143268371773855
135446,0.0608740330141443
135447,0.0149249542628009
135448,-0.0258401027254488
135449,0.0620152083551561
135450,0.0235277146161882
135451,-0.371624661910346
135452,-0.245912499184344
135453,-0.320655278700788
135454,-0.424061351447291
135455,-0.254405308774694
135456,-0.224231672567173
135457,-0.616854238198182
135458,-0.66677887730281
135459,-0.509602162547648
135460,-0.580853532515829
135461,-0.49077941779443
135462,-0.688694288061411
135463,-1.25921899371172
135464,-0.78684022228202
135465,-0.521619431922398
135466,-0.577108063798271
135467,-0.424894761434706
135468,-0.77956062152237
135469,-1.6863964914828
135470,-0.712772424370561
135471,-0.53996977861104
135472,-0.533161727081122
135473,-0.347946703461135
135474,-0.695984377849891
135475,-1.11305312014504
135476,-0.652135461166166
135477,-0.428921145286995
135478,-0.452768039034117
135479,-0.221991522126787
135480,-0.67064341777839
135481,-0.868449603500811
135482,-0.527796016068793
135483,-0.238703786296344
135484,-0.205673073400222
135485,-0.0209122565895507
135486,-0.57793088367642
135487,-0.794472849412173
135488,-0.479757142230137
135489,-0.0493906642159894
135490,-1.51547537199952
135491,0.0619404091277221
135492,-0.514718023207445
135493,-0.655911293004821
135494,-0.457660438317234
135495,-0.308089873551059
135496,-0.0697547770544693
135497,0.0823053187470495
135498,-0.634866372496383
135499,-0.682541111915793
135500,-0.458165618104846
135501,-0.360232921211521
135502,-0.274053513155857
135503,0.124910495217928
135504,-0.539164910247557
135505,-0.475905655449349
135506,-0.58329924505183
135507,-0.333665226727576
135508,-0.385502098019214
135509,0.0537229989721902
135510,-0.486315706734342
135511,0.169784363076519
135512,0.110327126463278
135513,0.141647069486669
135514,0.0113233160986386
135515,-0.175182467698165
135516,0.124518007314339
135517,0.668926749849767
135518,0.475971336810439
135519,0.461116675832664
135520,0.453067299886239
135521,0.798420258184644
135522,0.294467977941991
135523,0.685618058321641
135524,0.281454221932893
135525,0.416090341969247
135526,0.25594906794038
135527,0.394736327548436
135528,0.158003489749469
135529,0.549185538385191
135530,0.0401628571220054
135531,0.348006310170744
135532,0.109268855487836
135533,0.314198799137026
135534,0.118396627900836
135535,0.359399894339705
135536,-0.159619541817206
135537,0.177539062401055
135538,-0.0210773106956401
135539,0.0762570415877929
135540,-0.126596468306503
135541,0.375032287556622
135542,-0.249273755614706
135543,0.0926978151914818
135544,-0.0824941179320645
135545,0.0714641158575212
135546,-0.220889712731093
135547,1.12535355907337
135548,-0.406712471971043
135549,0.0452743656617897
135550,-0.163157698368749
135551,0.0609648104904472
135552,-0.293907737556039
135553,1.1702339408554
135554,-0.215058221734764
135555,0.0441607559628104
135556,-0.19668141733936
135557,-0.0103684184013096
135558,-0.12026767624802
135559,1.43752016045697
135560,-0.206473610972441
135561,0.00115090721758306
135562,-0.142970243708904
135563,-0.0388738901183185
135564,-0.0469086516884028
135565,1.36039487291548
135566,0.0857337795568783
135567,0.0121589022012659
135568,-0.143026948921684
135569,-0.0110867519730076
135570,0.089144232179527
135571,1.42780967041075
135572,0.17671567440783
135573,0.0171941773674908
135574,-0.125405232445514
135575,0.0227784922847048
135576,0.167333981756552
135577,1.66991540673486
135578,0.145466113599122
135579,0.0211479264854564
135580,-0.110021388115263
135581,0.0521941337346967
135582,0.214981378817915
135583,2.87002408625135
135584,0.136105287264081
135585,0.0687047205693063
135586,-0.0609161319330867
135587,0.0561362341902352
135588,0.167897377036171
135589,1.63743000187338
135590,0.0952570615665595
135591,0.0444399252151566
135592,-0.0282638973482136
135593,0.0629656412267693
135594,0.0771712985581396
135595,0.126499320788167
135596,-0.139552226946969
135597,-0.231347481181419
135598,-0.312558912439076
135599,-0.272808981697138
135600,-0.158368037248786
135601,-0.360865227022098
135602,-0.317749742213152
135603,-0.559928908655444
135604,-0.689104303698563
135605,-0.469785153524364
135606,-0.303796919007838
135607,-1.31633637842168
135608,-0.438282913213536
135609,-0.592707717573586
135610,-0.817664459872935
135611,-0.625627826735611
135612,-0.376164370949927
135613,-1.54295325275137
135614,-0.297416096166863
135615,-0.46151807844393
135616,-0.604409127430626
135617,-0.435536363346772
135618,-0.300414229604609
135619,-1.29025218992278
135620,-0.148341046772614
135621,-0.210397473389459
135622,-0.476557824252529
135623,-0.352218158583204
135624,-0.191856101204892
135625,-0.768346116408716
135626,-0.0782775131109176
135627,-0.0658215138609962
135628,-0.43042039209507
135629,-0.0867552596762755
135630,-0.0626080850467128
135631,-0.27523251491855
135632,0.136503022775017
135633,0.101781254279754
135634,-0.079391888792551
135635,0.155319155895207
135636,0.0961076854185038
135637,0.231076884050814
135638,0.364625120943405
135639,0.338367393763527
135640,-0.0338118388430957
135641,0.281163393638213
135642,0.0771114407695201
135643,0.58060342454429
135644,0.453649032860778
135645,0.273140968310114
135646,0.115321137756077
135647,0.377518994525245
135648,0.234050199745468
135649,0.870875855093597
135650,0.65632090334568
135651,0.273304269653398
135652,-0.113018189524046
135653,0.285138450570419
135654,-0.00749494638874328
135655,1.29622948622001
135656,0.582730625735257
135657,0.467924506616643
135658,0.179370968536834
135659,0.29772188180838
135660,0.890907934905132
135661,2.43394468212545
135662,1.5831250044801
135663,1.08779042016532
135664,-0.311334732287677
135665,0.829415308464061
135666,1.62056002152582
135667,2.31547581990183
135668,1.14408808504526
135669,0.827299492659633
135670,0.0682568284693945
135671,0.419187991002121
135672,1.05937566003221
135673,6.75348231295366
135674,0.801467011037516
135675,0.76465009525531
135676,0.0846674867057827
135677,0.531788074211964
135678,0.89819294056054
135679,6.0459274648163
135680,0.570536040197445
135681,0.664257657809278
135682,0.318954966957304
135683,0.501644734386354
135684,0.578453060171782
135685,4.59871632774435
135686,0.243813245384785
135687,0.366716841953534
135688,-0.0763316168028814
135689,0.276783829563827
135690,0.237693502197462
135691,1.7150488676918
135692,0.0631342232757497
135693,0.198240601528427
135694,-0.0899596858351659
135695,0.129549753847197
135696,0.0459490161028038
135697,1.50979268583434
135698,-0.00173674957424551
135699,0.120205378248024
135700,0.0105906385830398
135701,0.125545757541717
135702,0.0374812659406394
135703,2.0557557542983
135704,0.0917001129778777
135705,0.137503835231321
135706,0.0426968617062975
135707,0.148818497388953
135708,0.0865713235137836
135709,2.57237971582416
135710,0.181315241277295
135711,0.230757626969477
135712,0.0661155235734533
135713,0.186583995953857
135714,0.182985545202144
135715,5.63917949540395
135716,0.211109834341576
135717,0.19004403053869
135718,0.0696986294013189
135719,0.170495512619569
135720,0.207583788305869
135721,1.62594216916925
135722,0.151691617261759
135723,0.188153404897559
135724,0.0737648591303716
135725,0.155663714575589
135726,0.224953677315019
135727,2.63956709858028
135728,0.339270099472941
135729,0.253658653086296
135730,0.157093927748439
135731,0.231938284480691
135732,0.343682164507881
135733,2.29012915390383
135734,0.443179260718899
135735,0.249188413449123
135736,0.17222295874492
135737,0.252982975334678
135738,0.406327470464163
135739,0.411288245497636
135740,0.0103395743124138
135741,-0.226554096607313
135742,-0.272827208162948
135743,-0.196831053718107
135744,-0.025922919748203
135745,-0.41641970655439
135746,-0.262679895195938
135747,-0.384434828596207
135748,-0.481160040987666
135749,-0.29714975053564
135750,-0.272090492930348
135751,-0.791450378524653
135752,-0.22464029513054
135753,-0.308173433296263
135754,-0.399785172459107
135755,-0.248993996482347
135756,-0.216204414225433
135757,-1.27206914140312
135758,-0.154986286774771
135759,-0.221515906586606
135760,-0.291889196287126
135761,-0.132887434137421
135762,-0.173492606635526
135763,-0.730613741016444
135764,0.00350952797225395
135765,-0.0517689686574387
135766,-0.0813616806205466
135767,0.0408163380291425
135768,0.0406172418460188
135769,-0.48068136472547
135770,0.295227619461904
135771,0.141145277457344
135772,0.132098309305845
135773,0.247354961397622
135774,0.324338554468395
135775,0.0631828185289561
135776,0.524210093925
135777,0.246183921987231
135778,0.132463996709306
135779,0.35845522812885
135780,0.477725448622381
135781,0.427330895073805
135782,0.732384457600596
135783,0.35050239048694
135784,0.243146534121955
135785,0.41781124589278
135786,0.69785618882156
135787,0.318802511711494
135788,0.707409507289884
135789,0.214857548212297
135790,0.101375265197482
135791,0.344369734989674
135792,0.557126974689836
135793,0.472001954259467
135794,0.534440549114457
135795,0.0959616846900662
135796,0.00124593194502602
135797,0.290970168162604
135798,0.581618163107745
135799,1.03134790361457
135800,1.11158081164285
135801,0.425578569465232
135802,-0.651396640153106
135803,0.324646980808403
135804,1.06874353822319
135805,3.04888295993953
135806,1.6741196421966
135807,0.821912168784555
135808,0.251183240738688
135809,0.761957311541399
135810,1.80729273325448
135811,3.2544611415683
135812,0.967136330295731
135813,0.799770626198562
135814,0.477072011338538
135815,0.60497775094518
135816,1.01330544937227
135817,2.49388216124396
135818,0.486409203491984
135819,0.589439331699422
135820,0.41310200116371
135821,0.602979825048078
135822,0.570338461693676
135823,2.45400749259639
135824,0.262506996264683
135825,0.503871930658368
135826,0.299575369586679
135827,0.488486300944347
135828,0.309849121314521
135829,2.03425220983239
135830,0.0652369758972727
135831,0.257952569536434
135832,0.0421731126350275
135833,0.203883637350343
135834,0.0866695485156427
135835,1.40860509318004
135836,0.112810904150815
135837,0.146143776373735
135838,0.100231356837489
135839,0.233959985690672
135840,-0.0435558368756479
135841,1.37802720006394
135842,-0.0241186667112462
135843,0.0848477528893393
135844,-0.0022499811623939
135845,0.167015650117361
135846,-0.039425601049086
135847,1.72036443958908
135848,-0.0162633104412964
135849,0.091334051831018
135850,-0.0317712381510591
135851,0.0948964876750432
135852,-0.0218156898941766
135853,1.63539951562934
135854,0.0957780999052054
135855,0.0795693076720999
135856,0.0298327358220131
135857,0.0998649930803271
135858,0.0900741920229949
135859,1.70636843745494
135860,0.0762302651915853
135861,0.167205878555984
135862,0.114254390243634
135863,0.178457092361974
135864,0.153709599702127
135865,2.32568879282614
135866,0.0967747620201844
135867,0.23380483437798
135868,0.166048012257789
135869,0.242092460329276
135870,0.234745500586429
135871,4.25721050544578
135872,0.327603351276477
135873,0.469171776152864
135874,0.261225947272316
135875,0.405497269930675
135876,0.436734238699033
135877,3.27080900917094
135878,0.544956408056679
135879,0.429866432257356
135880,0.310524210164987
135881,0.382249570104186
135882,0.46359587263294
135883,0.448208359274382
135884,0.00295623322107442
135885,-0.199707309888134
135886,-0.205668372932406
135887,-0.148818313703378
135888,-0.0061405835066576
135889,0.0943824411212097
135890,-0.141739935569234
135891,-0.238307497654117
135892,-0.264246683391055
135893,-0.204383544332948
135894,-0.154567090880207
135895,-0.143947968805007
135896,-0.166652080060488
135897,-0.139241082348854
135898,-0.108808257532836
135899,-0.0733827048025197
135900,-0.171552917464754
135901,-0.0300325030868502
135902,0.0217208238694303
135903,0.0630644671100721
135904,0.0428593573683522
135905,0.0578591765283445
135906,0.0518694658953278
135907,-0.0133250294827356
135908,0.208539897487114
135909,0.225427318963447
135910,0.239701165656183
135911,0.247103688854971
135912,0.253460938849064
135913,0.28395675488943
135914,0.481249876421785
135915,0.232611045663419
135916,0.42722766735484
135917,0.573972019245974
135918,0.508270856718137
135919,0.50360566593023
135920,0.660342759958955
135921,0.559358890154861
135922,0.485947386150503
135923,0.696832113634628
135924,0.770216109004575
135925,0.913582017769279
135926,0.961838732535385
135927,0.735894071071352
135928,0.666551878710395
135929,0.76628393108001
135930,1.03228459244925
135931,0.82117015859742
135932,0.906187512664803
135933,0.32177833796596
135934,0.47030974434607
135935,0.689710510510808
135936,0.882252122583857
135937,0.932301861602641
135938,0.832782908826193
135939,0.260440676041672
135940,0.441952874961672
135941,0.712450966934511
135942,0.923711274603299
135943,2.32556595764349
135944,1.73269777700779
135945,0.94006381421094
135946,1.03945908047619
135947,1.20918215164444
135948,1.87585918906084
135949,5.21627105031668
135950,2.81565832552626
135951,1.65028274985769
135952,1.70880173124493
135953,2.23836019100299
135954,3.17241022748926
135955,5.4815345761993
135956,1.37561803265131
135957,1.07358365949668
135958,0.947177640233322
135959,1.26190269648447
135960,1.26475966994474
135961,4.71973019795863
135962,1.01504392045033
135963,0.839846511223068
135964,0.10977829648308
135965,0.866058946080723
135966,0.983721125379719
135967,3.74258970932202
135968,0.73923990373079
135969,0.627371502458288
135970,0.265025127825937
135971,0.604810097626022
135972,0.451928894817076
135973,3.93318178102251
135974,0.415217721369398
135975,0.496945175018025
135976,0.354773386497325
135977,0.606354647104936
135978,0.474809602223717
135979,1.72864870363523
135980,-0.0487298447324802
135981,0.115458701687737
135982,-0.034947506672421
135983,0.206723073382832
135984,-0.0392640358107482
135985,1.53181303903611
135986,-0.0620458567828023
135987,0.06789167449324
135988,0.0229500571195305
135989,0.131384396329985
135990,-0.0445146802232026
135991,1.77856694770152
135992,-0.0628157743511154
135993,0.0682400385899174
135994,0.0140984355967923
135995,0.112790734615707
135996,-0.0294592574254057
135997,1.80529706638915
135998,-0.113939630234355
135999,0.0263315058995346
136000,-0.0614439695345171
136001,0.0505643265356324
136002,-0.0966073991257943
136003,1.64283077892858
136004,-0.18215069306477
136005,0.0463669979177086
136006,-0.0253683165111384
136007,0.0397492273859089
136008,-0.0461815670630583
136009,2.71382754579105
136010,0.0979108135019202
136011,0.235819568727389
136012,0.105815213084168
136013,0.180209138645796
136014,0.186447529068971
136015,4.01998599100276
136016,0.368941413883658
136017,0.452574111477685
136018,0.179058525032811
136019,0.290948453874699
136020,0.355426852959684
136021,3.98064129990991
136022,0.439232645575692
136023,0.532373695518058
136024,0.193671298267319
136025,0.288121259239638
136026,0.424417656930654
136027,0.497339707436007
136028,0.116470056296899
136029,-0.142897263145866
136030,-0.219796721495728
136031,-0.170298047438024
136032,0.0700963420769116
136033,0.101098078005202
136034,-0.0368733385745116
136035,-0.218819974332608
136036,-0.244827404856458
136037,-0.198061066612035
136038,-0.0821256351564995
136039,0.0485099216387549
136040,-0.0689246426913582
136041,-0.123526352999398
136042,-0.194621260525413
136043,-0.0816554840450987
136044,-0.117002429616747
136045,-0.286054702267701
136046,-0.284551488702776
136047,-0.042000774502583
136048,-0.0908526326350998
136049,0.0284037388806503
136050,-0.261018755880397
136051,-0.121417835561988
136052,-0.189661785465147
136053,0.132924248687213
136054,0.0323464398878031
136055,0.120599167258978
136056,-0.213532816624465
136057,-0.0342745006036232
136058,0.0230398800194966
136059,0.298766901317686
136060,0.182672450380798
136061,0.378319849924896
136062,0.0893607720176212
136063,0.166282610102196
136064,0.62245613354982
136065,0.485461613033631
136066,0.248925843174812
136067,0.361223775714541
136068,0.494698795153183
136069,0.490091164979999
136070,0.772853478435292
136071,0.6211512656039
136072,0.0888261349941111
136073,0.652421841408444
136074,0.836781994540437
136075,0.519034365754722
136076,0.889358560055065
136077,0.349426191728473
136078,0.198898209357269
136079,0.468025843719811
136080,1.14298931035192
136081,0.987814367657888
136082,1.45173280951163
136083,0.523221685681536
136084,0.533557102518005
136085,0.736028602237228
136086,0.992436037344726
136087,2.3687625718357
136088,1.66768371622529
136089,0.788733355712781
136090,0.814998340856161
136091,1.10781786692935
136092,1.51207599383914
136093,3.74972280733771
136094,2.6106856609656
136095,0.974556095341209
136096,0.688164727606427
136097,1.42707619981728
136098,1.37939275421335
136099,4.26648101140425
136100,1.23514615329568
136101,0.896891180646437
136102,0.151731680074296
136103,1.0141865377424
136104,1.26776210608716
136105,2.45095531446666
136106,0.687499931126291
136107,0.638404405030374
136108,0.268759797095946
136109,0.603323213239378
136110,0.714728056503124
136111,3.00863221467859
136112,0.630610930154485
136113,0.524413906474256
136114,0.21812016193993
136115,0.50003116556866
136116,0.56414181061536
136117,2.47605465368953
136118,0.259013137242062
136119,0.242840987113966
136120,0.0768045957510211
136121,0.254062065602596
136122,0.236488481697742
136123,1.63333568842998
136124,-0.103988854421279
136125,0.140898037105995
136126,-0.00680496540734908
136127,0.118418992302524
136128,-0.067006468533942
136129,1.69844074922612
136130,-0.0306078891965842
136131,0.0905268185654048
136132,-0.0612722051800316
136133,0.0435219849672338
136134,0.0497858484870877
136135,1.69890806825774
136136,0.0517730391281729
136137,0.0945102751401228
136138,-0.0856694254489082
136139,0.0417140048984467
136140,0.121042153968634
136141,1.81096942135966
136142,-0.00609036608854939
136143,0.0561316453850551
136144,-0.085279189599289
136145,0.019216154724727
136146,0.0471612925648931
136147,1.58230772379946
136148,0.0535951961908336
136149,0.0639051029114857
136150,-0.0284626106219966
136151,0.0393548482431756
136152,0.0833015338626674
136153,1.85104145672362
136154,0.233835168019632
136155,0.119525986914863
136156,0.0122494278691186
136157,0.067424650260948
136158,0.226974264523621
136159,2.87573304797691
136160,0.550431474065551
136161,0.254245294329518
136162,0.18668529210508
136163,0.220402682002107
136164,0.535140030097666
136165,3.84119084067655
136166,0.656172929563386
136167,0.367470698180393
136168,0.270103013301193
136169,0.362756181110125
136170,0.721349146808877
136171,0.657219410348904
136172,0.251047693863381
136173,0.00284981743450532
136174,-0.0375609684972343
136175,-0.0261134851752866
136176,0.241246923985664
136177,0.091374782249301
136178,-0.0239676042157893
136179,-0.0858239180217413
136180,-0.156278293087492
136181,-0.106892653707222
136182,-0.0116006741090684
136183,-0.0722350338026278
136184,-0.0242218531520023
136185,-0.0956756306699513
136186,-0.145498000944963
136187,-0.0645304274425949
136188,0.0830002394576177
136189,-0.355088206353264
136190,0.00984366071986113
136191,0.00541082736221762
136192,-0.115678789399361
136193,-0.00227351515619963
136194,0.0428592595842015
136195,-0.209635607288723
136196,0.158635175551068
136197,0.151752517367457
136198,-0.0212423235817099
136199,0.168232660741831
136200,0.178613016204767
136201,0.161008525455904
136202,0.48100830456325
136203,0.41918123336695
136204,0.223697550849971
136205,0.324785431391397
136206,0.536314136791849
136207,0.328926259565876
136208,0.552681027841998
136209,0.340428517553991
136210,0.173867402678079
136211,0.349552379265278
136212,0.502095127244662
136213,0.708688755373554
136214,0.987994650673892
136215,0.630687512181765
136216,0.39301086133369
136217,0.592851664479318
136218,1.03084569889069
136219,0.830001467390756
136220,1.19268659241876
136221,0.524007643490633
136222,0.166035299789486
136223,0.66417656469504
136224,1.19585465028001
136225,1.42855216046364
136226,1.60010309916909
136227,0.400861765683487
136228,0.412585652825337
136229,0.69376129511835
136230,1.54358226402386
136231,2.79830591953602
136232,2.38532651112843
136233,0.591868017377684
136234,0.296518935800603
136235,1.11995194310485
136236,2.22419105259068
136237,5.79649527725171
136238,2.67532285720581
136239,0.769393540283169
136240,1.01474447512043
136241,0.622976773533597
136242,2.68570509826979
136243,7.32017027579077
136244,1.91195569895075
136245,0.95989609413425
136246,0.656883999414736
136247,0.930753229261029
136248,1.20491964579006
136249,5.12520814584874
136250,1.0152158061764
136251,0.903332491398245
136252,0.475760993960588
136253,0.861858705638214
136254,1.00961711598437
136255,5.63009200962683
136256,0.496746007476454
136257,0.705491545606609
136258,0.290288179650098
136259,0.575061955783241
136260,0.797598606100071
136261,5.71315981379032
136262,0.862512498857093
136263,0.57324093125586
136264,0.207606657610228
136265,0.493183224180818
136266,0.581798866758694
136267,4.73646086790906
136268,0.613792014899558
136269,0.455187909003954
136270,0.206456720570338
136271,0.490374052491382
136272,0.487969776406714
136273,4.6704111908166
136274,0.39820387330737
136275,0.352369219812092
136276,0.0901434599421731
136277,0.244820020000017
136278,0.355736312080112
136279,5.36615129112993
136280,0.645482659388892
136281,0.40066325887864
136282,0.186339479479409
136283,0.293711642411876
136284,0.628983339681171
136285,5.73257128536476
136286,0.595849142532838
136287,0.38082606996239
136288,0.214317482877524
136289,0.320160989711538
136290,0.507894022024485
136291,7.11441431928352
136292,0.615100389631243
136293,0.389006651515058
136294,0.216272628680427
136295,0.338869597973164
136296,0.57479144893859
136297,10.1882364625414
136298,0.722733151742737
136299,0.401539092369028
136300,0.234211171898003
136301,0.345101281384567
136302,0.73466732447269
136303,9.74577838597672
136304,0.858407244343131
136305,0.587741954853077
136306,0.356407411097173
136307,0.463483266848343
136308,0.89714091672548
136309,6.22063472824489
136310,0.782968069058148
136311,0.584466228376374
136312,0.427870111196705
136313,0.464381211038139
136314,0.987793192437247
136315,0.69985724111465
136316,0.377612731383902
136317,-0.0129194676121299
136318,-0.0419240417117602
136319,-0.0432023381538779
136320,0.33370353561768
136321,0.0477696818921136
136322,0.0556207586263034
136323,-0.217140263324039
136324,-0.233756651970007
136325,-0.172211934233035
136326,0.0503094265124998
136327,-0.0405834750136489
136328,-0.00650489995668026
136329,-0.173836674862018
136330,-0.227544454781054
136331,-0.104426256942377
136332,0.0045887883955312
136333,-0.296205272067935
136334,0.00210130454445165
136335,-0.0484810563852126
136336,-0.162494076291961
136337,0.0327250320481507
136338,-0.00493172171792739
136339,-0.319163569611927
136340,0.182193981208935
136341,0.161162580805265
136342,0.075962021617578
136343,0.199042424877467
136344,0.235476334248042
136345,0.136359874701841
136346,0.444858572645105
136347,0.285190176738722
136348,0.1892498302814
136349,0.390470460196053
136350,0.520464931459268
136351,0.280461224482633
136352,0.615592699306953
136353,0.407969043082982
136354,0.406022285113876
136355,0.611643073762776
136356,0.604134838450761
136357,0.542594025510949
136358,0.845697724355181
136359,0.607493995035391
136360,0.592779590685055
136361,0.673471497953772
136362,0.900050771741605
136363,0.741819357437656
136364,0.903971030016073
136365,0.597589659108258
136366,0.461380495009807
136367,0.593516830371723
136368,0.992738453003558
136369,0.737081038057498
136370,0.832974739398709
136371,0.480210534871672
136372,0.259339931016983
136373,0.415207402444909
136374,0.848217074859269
136375,2.01445023724682
136376,1.63152945787312
136377,0.918525918375166
136378,0.592084547435371
136379,1.04298930207821
136380,1.64101055999586
136381,5.18192058274071
136382,1.84488064628026
136383,0.785327450338209
136384,-0.0855651915624236
136385,0.994045224417063
136386,2.15532214468688
136387,4.43052276165353
136388,1.02946066068986
136389,0.675227420118313
136390,0.176173401415549
136391,0.80130861754832
136392,1.02555244110346
136393,3.34219331195391
136394,0.609395625752883
136395,0.583781522512272
136396,0.0728686566345712
136397,0.623674454022875
136398,0.622124259179544
136399,2.90734933095761
136400,0.0778373163981532
136401,0.404300152374225
136402,-0.0257814905218268
136403,0.295563285009349
136404,0.367963538139181
136405,1.97648128143025
136406,-0.09642129040246
136407,0.297127673173188
136408,-0.102707124518087
136409,0.0834876888074907
136410,-0.0526582762560027
136411,1.55447292875912
136412,0.066058657222731
136413,0.147725228876096
136414,0.0432003370375679
136415,0.161617224550849
136416,0.100332565470548
136417,1.61026542666914
136418,-0.230254754554471
136419,0.0601444217101877
136420,-0.0836671081457474
136421,0.0420631163919047
136422,-0.0326794566093751
136423,1.54392665335868
136424,-0.140019099100474
136425,0.0676752607096371
136426,-0.085526859932478
136427,0.0438813915555263
136428,-0.0834567619927764
136429,1.49182617638391
136430,-0.146148253511989
136431,0.0481840854384603
136432,-0.0987146214312301
136433,0.0300719066103829
136434,-0.0455751430612278
136435,1.74273572992585
136436,-0.136205476834498
136437,0.0456446911884436
136438,-0.0574219532768575
136439,0.0442467139550951
136440,-0.0390873388063208
136441,1.75001388639321
136442,-0.115441028015848
136443,0.0476550816495685
136444,-0.0484210413977906
136445,0.0343503735700434
136446,0.0322930074919194
136447,2.26903347793881
136448,0.028316641717404
136449,0.0982181875278868
136450,0.0692173510152503
136451,0.0926160698864024
136452,0.117825598591895
136453,2.14571154380861
136454,0.367909053651701
136455,0.19724796201401
136456,0.182077679823001
136457,0.171666129129125
136458,0.256176341595743
136459,0.48782617997595
136460,0.0784700800621686
136461,-0.164765038347317
136462,-0.146133762849191
136463,-0.127442506797691
136464,0.0228449984965928
136465,0.0769501553399075
136466,-0.102639446464603
136467,-0.262930577157605
136468,-0.284513685812207
136469,-0.190898603435389
136470,-0.155926921540765
136471,-0.146762796437448
136472,-0.252447290893701
136473,-0.289444523521614
136474,-0.40350053970303
136475,-0.25127172015751
136476,-0.326009785415295
136477,-0.153745122709047
136478,-0.277420798915757
136479,-0.157439158547183
136480,-0.185389886698959
136481,-0.0858958121577324
136482,-0.331811288686173
136483,-0.0786896914878187
136484,-0.291029554400042
136485,0.00453672681214374
136486,-0.075648606104776
136487,0.0127677559674486
136488,-0.219428818516214
136489,0.0359271893794194
136490,-0.0851264006236284
136491,0.147188944925431
136492,0.0478705755483354
136493,0.172635096263121
136494,-0.0431688430549617
136495,-0.0238258949214261
136496,-0.0149283630964121
136497,0.242456125196122
136498,0.135601232052755
136499,0.278049530749623
136500,0.0345994845302056
136501,0.517730625304349
136502,0.151363392282632
136503,0.447625439576141
136504,0.23221470488032
136505,0.40488977811733
136506,0.0705961052715216
136507,0.792112257136429
136508,0.367120513691955
136509,0.430996320284674
136510,0.101757791908764
136511,0.41406342306104
136512,0.023211297716767
136513,0.714898763307366
136514,0.523321241850254
136515,0.407678485892654
136516,0.0645289657334138
136517,0.372361217048493
136518,0.419519320896552
136519,1.53814041439653
136520,1.16417295968207
136521,0.0618718196238694
136522,0.322707712938474
136523,0.486616369178446
136524,0.521311680612192
136525,3.33748649904116
136526,1.2016664025239
136527,0.657030389556444
136528,0.25150558520925
136529,0.935218922903805
136530,1.18909280987468
136531,2.8762266562512
136532,0.847936562119867
136533,0.660061043783371
136534,0.168677356096449
136535,0.485100533171194
136536,0.613872971204432
136537,3.03833808404735
136538,0.359914444956515
136539,0.590682950479363
136540,0.13352503651222
136541,0.425233346901663
136542,0.273098494353228
136543,1.85324440209785
136544,0.0566239727965953
136545,0.413731893883872
136546,-0.0864723216835677
136547,0.151628809381358
136548,0.137678658909451
136549,1.31504171160983
136550,-0.435478867267659
136551,0.202885531695231
136552,-0.215565731671286
136553,0.0386492004619604
136554,-0.384115596868457
136555,1.27525933198
136556,-0.337227855945411
136557,0.197229337524651
136558,-0.0167661957540102
136559,0.103832432565347
136560,-0.357095635755348
136561,1.22133246537898
136562,-0.279939214909423
136563,0.143999939040618
136564,-0.0732524393084716
136565,0.0638694150992575
136566,-0.140519758193978
136567,1.23383800181466
136568,-0.119504181916775
136569,0.153628641424534
136570,-0.0742167440528414
136571,0.0691704828104739
136572,-0.303666383819979
136573,1.33441546507977
136574,-0.140640928616206
136575,0.0762052249419238
136576,-0.0800169813772018
136577,0.0678686380344327
136578,-0.0151715334702871
136579,1.48801547087286
136580,0.214440725302749
136581,0.0586525131466377
136582,-0.0766790597868483
136583,0.0738530104819629
136584,0.208882637639224
136585,1.3985616078841
136586,-0.133464340743193
136587,0.0601849314080843
136588,-0.0345108721331475
136589,0.0835804487787486
136590,0.155154932608687
136591,1.502726128528
136592,-0.0189937931766046
136593,0.102554551335415
136594,0.0232692112569885
136595,0.15595834138175
136596,0.492581529771181
136597,1.24791054659246
136598,-0.0701009809543898
136599,0.0837659711628615
136600,0.0446446779146112
136601,0.116436412871952
136602,0.250095536505113
136603,0.273263596233207
136604,-0.427335987547987
136605,-0.192225173609682
136606,-0.275602873559698
136607,-0.148859657228064
136608,0.0159057785816059
136609,-0.364393886536638
136610,-0.144259443741543
136611,-0.389662140842182
136612,-0.463190504541091
136613,-0.287297711802001
136614,-0.143861451535786
136615,-0.724246144408702
136616,-0.142533318766072
136617,-0.462438120910872
136618,-0.585854026358159
136619,-0.377802803010636
136620,-0.341029269688402
136621,-0.516986494924466
136622,-0.494194333867623
136623,-0.261519587727419
136624,-0.418185796806288
136625,-0.239385750195462
136626,-0.259977733959012
136627,-0.333559457654361
136628,-0.530336703907632
136629,-0.0779362107362689
136630,-0.205186736894187
136631,-0.105936050020135
136632,-0.461593749637589
136633,0.228970767822656
136634,-0.0770921323238821
136635,0.130077940811755
136636,0.0273122819248741
136637,0.187943437932625
136638,-0.259405930412303
136639,0.347221428891012
136640,-0.269055102790491
136641,0.306526914579622
136642,0.14034700224665
136643,0.328579180705388
136644,0.0228238685065343
136645,0.719819969360756
136646,0.0462717184787736
136647,0.400389308657681
136648,0.303000030413551
136649,0.507313272357125
136650,0.0486427834430425
136651,0.595104259901688
136652,0.239199232361443
136653,0.453391001400976
136654,0.273914311693548
136655,0.539233892762709
136656,0.283696710303346
136657,0.996643159917524
136658,0.619634182865706
136659,0.253126138214522
136660,0.166591657503066
136661,0.514168158288192
136662,0.536302751508088
136663,2.35713886907305
136664,1.40279886040277
136665,0.747169817422894
136666,0.717013302979896
136667,1.01242041729467
136668,0.992798486439764
136669,3.01857957162571
136670,0.966451833958056
136671,0.67536058116613
136672,0.56502320677189
136673,1.02691704184845
136674,0.591826681791251
136675,1.8681184511563
136676,0.632278423184971
136677,0.631005849949853
136678,-0.411892107537823
136679,0.77598954995344
136680,0.669596632486088
136681,1.99918519336413
136682,0.592466815498142
136683,0.64318186169204
136684,0.0169284751372517
136685,0.459976432132309
136686,0.784673172899499
136687,1.08680466209163
136688,0.22462311770451
136689,0.361378372368351
136690,-0.0951828964068806
136691,0.247199231077811
136692,0.212942499976821
136693,0.945162503594101
136694,0.0757125303406937
136695,0.211601144036367
136696,-0.239657808561861
136697,0.0731388946899277
136698,0.0261190586984671
136699,0.868857301783871
136700,0.128558152898657
136701,0.113668002564871
136702,-0.180104237217644
136703,0.0590183889898185
136704,0.171729191064846
136705,1.11477318149886
136706,0.00449918948775204
136707,0.0890548000470526
136708,-0.14284098258296
136709,0.0766123229838363
136710,-0.0365405635665973
136711,1.23746981913561
136712,-0.0617310684794199
136713,0.0618998385605718
136714,-0.0497793818978095
136715,0.0488439486868181
136716,-0.151547582799755
136717,1.09419703178878
136718,-0.0114268735314588
136719,0.0628929908015612
136720,-0.0391226536540982
136721,0.0517495247484587
136722,-0.123291437848325
136723,1.08712381192032
136724,0.0251847106049075
136725,0.0783601394246419
136726,0.0117831371907036
136727,0.0567626135049989
136728,-0.146865061456215
136729,1.20092883224152
136730,0.088932743306065
136731,0.0927884376805478
136732,0.0162299627531036
136733,0.0755120857731576
136734,-0.222045029756164
136735,1.29059260466539
136736,0.240656037180615
136737,0.147431420287083
136738,0.0575336040812251
136739,0.164989733314324
136740,0.0157133317697345
136741,1.12155005701533
136742,0.370889205880466
136743,0.125935767607675
136744,0.070432871545536
136745,0.165984365180549
136746,0.095207751312745
136747,0.296781248051255
136748,0.0700712585835208
136749,-0.153835260477742
136750,-0.248225465970502
136751,-0.112713795691879
136752,-0.178200970534558
136753,-0.29266163291746
136754,-0.217100856062336
136755,-0.241068069214625
136756,-0.42731353165612
136757,-0.189240832724542
136758,-0.316653965165666
136759,-0.608681242303853
136760,-0.30125451026175
136761,-0.324069822057227
136762,-0.49546902205293
136763,-0.214680821245404
136764,-0.456313900154654
136765,-0.325655153577398
136766,0.0337882367941351
136767,-0.087135811365993
136768,-0.115654056811719
136769,0.0613627124672862
136770,0.0098180806065551
136771,-0.130392178616572
136772,0.3423678650404
136773,0.199423492868507
136774,0.0540455749212816
136775,0.299077677967702
136776,0.336648880977708
136777,0.0348797835403023
136778,0.535456676758051
136779,0.366743038207438
136780,0.227483494558584
136781,0.482855424725855
136782,0.517160500426623
136783,0.287388765886234
136784,0.647588063369477
136785,0.553389758311109
136786,0.220931219981817
136787,0.61051514331617
136788,0.667450844108963
136789,0.544830671837317
136790,0.676870299127075
136791,0.404111837467571
136792,0.286989389984008
136793,0.56475242014816
136794,0.650566336709762
136795,0.714556100897468
136796,0.668299197802961
136797,0.380745597795998
136798,0.220766698837445
136799,0.518736354813241
136800,0.677255538259541
136801,0.914642456213903
136802,0.699256870410118
136803,0.191179839411495
136804,0.066351629942557
136805,0.415597474889172
136806,0.720294186712419
136807,4.09884667871211
136808,1.8707193787647
136809,0.887514287042176
136810,0.459297622661057
136811,0.891524297954305
136812,2.2633436997129
136813,5.09562790198256
136814,1.70981753335797
136815,0.848701462519142
136816,0.697855353475376
136817,1.1584998787838
136818,1.82677827373129
136819,3.01824314040264
136820,0.501189430222153
136821,0.679706975599478
136822,0.341001409252439
136823,0.822605509625307
136824,0.458090304979541
136825,1.80549296646177
136826,0.112574038349959
136827,0.543923160464111
136828,-0.26578999039721
136829,-0.0177109851762561
136830,0.0441981363978684
136831,0.993020496686706
136832,-0.223422524969662
136833,0.278735188750498
136834,-0.516118457058074
136835,0.117569501065503
136836,-0.438382507563061
136837,0.866384454642828
136838,-0.323574092627384
136839,0.183500393794254
136840,-0.346542373743599
136841,-0.0484725222279223
136842,-0.432452438512282
136843,0.647657897059856
136844,-0.634257180211077
136845,0.127824622135321
136846,-0.343969928180122
136847,-0.0873131285999907
136848,-0.702189478028251
136849,0.742812908007678
136850,-0.72289596209385
136851,0.0237280768457927
136852,-0.242911424838197
136853,-0.125474135998193
136854,-0.809360234498994
136855,0.670889699729624
136856,-0.560214365479855
136857,-0.0146063373483948
136858,-0.241746383478269
136859,-0.191841187343961
136860,-0.357229692498082
136861,0.72978638159446
136862,-0.181582593999628
136863,0.026557794213216
136864,-0.110151356585283
136865,-0.135910609400418
136866,-0.0746074153590257
136867,0.882970670102481
136868,-0.427878978945955
136869,0.0553295686370058
136870,-0.0751767101788629
136871,-0.0515651214274401
136872,-0.275609390318423
136873,1.01706720836432
136874,-0.277134271818046
136875,0.112042916910267
136876,-0.030791818313523
136877,0.0336445164522562
136878,-0.249303387559851
136879,1.14275716142859
136880,-0.197111873764069
136881,0.152818243417943
136882,0.0451354504450245
136883,0.0893268977117358
136884,-0.272817818759573
136885,0.789828417263929
136886,-0.0950660708222006
136887,0.117747695307841
136888,-0.00177586590305212
136889,0.0453556762136559
136890,-0.229961053264491
136891,0.204852723654975
136892,-0.304235625626899
136893,-0.115727987659628
136894,-0.278990776966548
136895,-0.176458858679195
136896,-0.200046423750395
136897,-0.708755046427103
136898,-0.678110661935644
136899,-0.453377078852365
136900,-0.795664611299835
136901,-0.525618296323418
136902,-0.286758736453762
136903,-0.980187950593384
136904,-0.407594749447798
136905,-0.563327938204513
136906,-1.18441247920598
136907,-0.525679362111344
136908,-0.492077727719327
136909,-1.07987310833865
136910,-0.0905250941540105
136911,-0.273354625110568
136912,-1.22871896893758
136913,-0.395867433984358
136914,-0.193666196823443
136915,-0.689065356498776
136916,0.051464811162891
136917,-0.014878854779545
136918,-0.534375703285325
136919,-0.0686775759975823
136920,0.0431382990371991
136921,0.148167776773772
136922,0.481633010697544
136923,0.278198448590031
136924,-0.0567501327148934
136925,0.179483896786559
136926,0.498919980957661
136927,0.785414505210671
136928,0.797119742112213
136929,0.580117086963877
136930,-0.0659178493470304
136931,0.385013024362146
136932,0.828621897631745
136933,1.19602793900756
136934,1.29621404522174
136935,0.502204572651412
136936,0.104708247995366
136937,0.492706283587257
136938,1.21346868844119
136939,1.2831354111942
136940,1.01491995516022
136941,0.337645607407086
136942,0.0685047965461126
136943,0.37454977419584
136944,1.32742457289546
136945,1.51291598808849
136946,1.25566113238563
136947,0.234409724218446
136948,-0.0117129725158191
136949,0.462178167271661
136950,1.22922181035126
136951,3.3091693795857
136952,2.79296608851167
136953,0.956884115742692
136954,0.19482824314887
136955,1.06629373390214
136956,2.81605169877039
136957,3.1612915815486
136958,2.65580000115577
136959,0.939482511480018
136960,0.367534078506091
136961,1.48535704875037
136962,3.10732612621077
136963,2.57850960245594
136964,0.980162336442735
136965,1.01328431359125
136966,0.0404633325619538
136967,0.810679148616584
136968,1.00514369582089
136969,4.14330115216168
136970,0.777161875874738
136971,0.980114664349583
136972,-0.143928753622461
136973,0.280368492685251
136974,0.617300039375733
136975,3.36706409474613
136976,0.636545081513668
136977,0.646796310206445
136978,-0.261546710251274
136979,0.0636165958510094
136980,0.418595100622388
136981,2.34154236702624
136982,0.645751273680543
136983,0.57329800051551
136984,-0.311483526274216
136985,0.0244018298815788
136986,0.782089436303685
136987,1.34066878079228
136988,0.328545965703606
136989,0.318532055688925
136990,-0.307394303962659
136991,0.0259800262691764
136992,0.277899804233043
136993,1.21667505133706
136994,-0.00993666343811282
136995,0.161975703667622
136996,-0.144252228856425
136997,0.0199145792255403
136998,-0.137974988369301
136999,1.27124002891759
137000,0.177195159662387
137001,0.108733850337899
137002,-0.0746144077480157
137003,0.0654823832058948
137004,-0.102223794653414
137005,1.72516754859492
137006,0.215864933533648
137007,0.074817923777075
137008,-0.0691728895330174
137009,0.0646928529828537
137010,0.112102112911949
137011,2.6555220529434
137012,0.0199417531553054
137013,0.0752639130698886
137014,-0.0216717813748879
137015,0.0548987065505055
137016,0.353342842098917
137017,1.51733696978095
137018,0.427225213256311
137019,0.0767405744783458
137020,0.00767955292820225
137021,0.0212669998483592
137022,0.450666703532745
137023,2.36059699734803
137024,0.693707389755344
137025,0.322284577195635
137026,0.174162640219131
137027,0.262718621056507
137028,0.753434319549193
137029,1.9983850168701
137030,0.641342268744262
137031,0.274679974259903
137032,0.112475351632932
137033,0.172677183046123
137034,0.605122224192078
137035,1.02050014766626
137036,0.281859587191993
137037,-0.0263083374219378
137038,-0.139088210247961
137039,-0.031289794902714
137040,0.289211275578001
137041,0.681793288309016
137042,0.143028953446922
137043,-0.127770187874446
137044,-0.302865333249597
137045,-0.128344705507805
137046,0.218319742409165
137047,0.852782164254627
137048,0.0247101728215608
137049,-0.0566979623520503
137050,-0.483187855386818
137051,-0.266074836064824
137052,-0.0930946744453561
137053,0.675510613160367
137054,0.0886244576991643
137055,0.13674773974428
137056,-0.373809622019295
137057,0.0810184064236935
137058,-0.0617280127916096
137059,0.966272487839921
137060,0.174065796602331
137061,0.246333232974237
137062,-0.163865372862758
137063,0.166617070896501
137064,0.133024911857323
137065,0.957529839230619
137066,0.445150483999733
137067,0.599445234937008
137068,0.113529331720905
137069,0.578680405058332
137070,0.450396017417115
137071,1.5097253369722
137072,0.162837017342427
137073,0.645651606932923
137074,0.280045072773216
137075,0.647731805339104
137076,0.353460433070199
137077,1.89965861771772
137078,0.324712084581854
137079,0.943452655686785
137080,0.597775466126781
137081,0.934492918028781
137082,0.424639940891016
137083,2.03733008945914
137084,0.503252934393922
137085,0.859497854772311
137086,0.480109104169634
137087,0.797761676171185
137088,0.382492244835954
137089,2.60826046177505
137090,0.665651814197615
137091,0.700780975407861
137092,-0.299884407135874
137093,0.80291108847661
137094,0.776056460518276
137095,5.73576288719597
137096,1.13501275196736
137097,0.763592447863709
137098,0.389317585921369
137099,0.933595600568351
137100,1.02607989646427
137101,7.89437078581282
137102,1.45183290019456
137103,1.11542900130156
137104,0.56281600759723
137105,0.826711194024152
137106,1.61280284891097
137107,7.91129147545275
137108,1.69166266457309
137109,1.21431817860073
137110,0.964189769216091
137111,1.17342356294985
137112,1.79265292973721
137113,7.63109387160754
137114,1.55395810973371
137115,1.2358988960877
137116,0.328114618172042
137117,1.15321434586733
137118,1.35169410396506
137119,8.30405558846247
137120,1.38977316405126
137121,0.962732714018744
137122,0.328901707753983
137123,0.621317317544787
137124,1.31753592684056
137125,8.73152282046996
137126,1.19419299171252
137127,0.732471689661993
137128,0.286186929047031
137129,0.599180485953668
137130,1.17088495367858
137131,13.7514268409118
137132,0.931611707819119
137133,0.726076930099337
137134,0.45546205587964
137135,0.793345625856617
137136,0.916091613325427
137137,6.39786847262023
137138,0.703575749161752
137139,0.543858159194551
137140,0.51464719673131
137141,0.504879788865147
137142,0.799206969310159
137143,3.53808191421906
137144,0.768915581418612
137145,0.525013491133809
137146,0.506489929193412
137147,0.671743375776489
137148,0.882324977269845
137149,5.99147042602512
137150,0.777548821211832
137151,0.547232424278437
137152,0.495981536268001
137153,0.632849763060602
137154,0.791703115107189
137155,8.52088443606465
137156,0.702876872224926
137157,0.577670106556783
137158,0.535573831640174
137159,0.669745266838327
137160,0.836716721944727
137161,11.3598344750582
137162,0.813016424286469
137163,0.598475802936124
137164,0.62485170066164
137165,0.698435935564
137166,0.878841243534886
137167,15.837511824072
137168,1.18174248829197
137169,0.863479834962997
137170,0.930162456852452
137171,1.00181436986725
137172,1.22416727564668
137173,8.30011954533207
137174,1.02705182494179
137175,0.795989920359891
137176,0.940982436255151
137177,0.962503535583412
137178,1.11087019917057
137179,1.46196618365363
137180,0.360063317848804
137181,0.171149702180919
137182,0.209018365701069
137183,0.258572757662888
137184,0.377103130988447
137185,0.332652694565801
137186,0.087821622480631
137187,0.0141807210456974
137188,0.0244964652956795
137189,0.110025764857284
137190,0.119855883220574
137191,0.199032210235617
137192,0.0120111538718318
137193,-0.0858259008666342
137194,-0.0329787667628124
137195,-0.0724570825139926
137196,0.00466997613100297
137197,0.123731392736695
137198,0.0405095373579366
137199,-0.0583990304230451
137200,-0.0275065252964441
137201,-0.0200928614481621
137202,0.0452008406788905
137203,0.264514730367676
137204,0.156279325857389
137205,-0.0222224223884119
137206,-0.0835434203465399
137207,0.10366603126935
137208,0.149202285277074
137209,0.399907074870651
137210,0.319543100672682
137211,0.0256648091042073
137212,0.153630649459118
137213,0.286454608677865
137214,0.311790254229603
137215,0.509147907171794
137216,0.45565637356703
137217,0.2296105910294
137218,0.174875616868818
137219,0.26135969647106
137220,0.443700390155949
137221,0.720912075549802
137222,0.656538692212459
137223,0.382181926560431
137224,0.334322472142372
137225,0.335448108331941
137226,0.654316114480696
137227,0.762777836573124
137228,0.625251673199329
137229,0.335751457671222
137230,0.241557158311802
137231,0.248291787613175
137232,0.645686930430792
137233,1.27160051046657
137234,1.21910076585286
137235,0.611166911703413
137236,-0.396352555998963
137237,0.656475363980813
137238,1.15802082221001
137239,3.52168833062814
137240,3.41838534488437
137241,1.29634920571495
137242,0.786883747405502
137243,1.53838923325358
137244,2.98625627766842
137245,10.4087383921963
137246,5.16669574535627
137247,2.75878446589541
137248,2.47681308083473
137249,2.92356871671056
137250,4.79413704326645
137251,9.69819058938876
137252,2.54945586539424
137253,1.69312728532107
137254,1.51599318984344
137255,1.89189783167327
137256,2.46324080664543
137257,8.92491513941436
137258,1.83811512071061
137259,1.52851553462929
137260,1.30191731473315
137261,1.57242563251699
137262,1.79209556715506
137263,5.14079674386823
137264,1.40775071484017
137265,1.08907451380904
137266,0.958365140090207
137267,1.26082604005232
137268,1.30065191484047
137269,4.16749912039379
137270,0.983883608478818
137271,0.747053569628337
137272,0.736793514049074
137273,0.816213381963973
137274,0.922088177350582
137275,8.71702959727526
137276,0.676033956214515
137277,0.463364127318422
137278,0.518902776523531
137279,0.569303552206847
137280,0.546655955636803
137281,5.35897269964004
137282,0.450366070384886
137283,0.3863060992243
137284,0.240504641231704
137285,0.329818869464882
137286,0.430781329867004
137287,4.54619328640181
137288,0.437754410123333
137289,0.358463386415273
137290,0.22630094556708
137291,0.316183089508281
137292,0.437747601613205
137293,3.85339171209203
137294,0.406692085582975
137295,0.320346873349517
137296,0.20944317739538
137297,0.318758112129644
137298,0.436579345165347
137299,3.53373802374084
137300,0.416987735498849
137301,0.349044922330769
137302,0.225154675218077
137303,0.306819209371486
137304,0.493534259910573
137305,3.72775877682145
137306,0.458685977830883
137307,0.393554759100173
137308,0.232791673671207
137309,0.357993382288177
137310,0.51014225525147
137311,4.40798489477057
137312,0.626975947877902
137313,0.56697482057349
137314,0.356258403521946
137315,0.447924213910258
137316,0.664521216208083
137317,3.07052542191164
137318,0.644977935468089
137319,0.517705113220872
137320,0.362554551021361
137321,0.411948970880465
137322,0.679036551134358
137323,0.394841728972949
137324,0.0588794760606388
137325,-0.0573255561979842
137326,-0.215065437909392
137327,-0.102012982801493
137328,0.0910335072902322
137329,-0.218102036962646
137330,-0.0294444303581548
137331,-0.251360114977834
137332,-0.112149426463008
137333,-0.107250953694092
137334,-0.026882404617443
137335,-0.53395454164084
137336,-0.0592522018770983
137337,-0.209013332836176
137338,-0.0408314372323907
137339,0.0812415491775647
137340,-0.106678306126257
137341,-0.555004970172691
137342,-0.0925686314270622
137343,-0.0887831583811526
137344,0.122054155920035
137345,0.272302748407315
137346,-0.0728100874226881
137347,-0.175949993822068
137348,0.037578561892087
137349,0.069643013734824
137350,0.234207417580984
137351,0.336098011420404
137352,0.0490264159082591
137353,0.0799985012610043
137354,0.165364089530285
137355,0.195981851881098
137356,0.374470510840547
137357,0.473292526069111
137358,0.207894220600818
137359,0.314740212615173
137360,0.406624233548841
137361,0.436531093060943
137362,0.273660146008261
137363,0.607739853648158
137364,0.429340320772848
137365,0.458114135235459
137366,0.548968646448392
137367,0.52246016930401
137368,0.419840815388545
137369,0.693388433751898
137370,0.575101191993648
137371,0.70942732467197
137372,0.568565985181675
137373,0.566342108185486
137374,0.540542787102114
137375,0.61529961013094
137376,0.639305041416382
137377,1.4273895817614
137378,1.03768374273267
137379,0.996516327994606
137380,0.739443726139222
137381,0.79682524067251
137382,1.12327660092162
137383,6.56051410384049
137384,3.55734525308937
137385,3.50558630677078
137386,2.52155082508534
137387,2.63286373148459
137388,3.10142903766072
137389,11.6086614126304
137390,3.10710832040446
137391,2.36938329264979
137392,1.44769720471502
137393,2.02970413861144
137394,2.99505529320231
137395,7.31717447041634
137396,0.923588107832673
137397,1.36111460429049
137398,0.854411576910949
137399,1.14904729565667
137400,1.09712872968972
137401,6.6250806774254
137402,0.279152112839736
137403,0.763081016056184
137404,0.200554028462732
137405,0.26460002356852
137406,0.357029087677688
137407,2.18210557711162
137408,-0.0449219120992183
137409,0.244594327196163
137410,-0.0836343104584131
137411,0.103029476429137
137412,-0.0314466343593712
137413,1.68246301170289
137414,-0.0942739704583881
137415,0.137212435246051
137416,-0.0376482617526835
137417,0.0495454159290572
137418,-0.148837318125076
137419,1.45126990200825
137420,-0.48062100781138
137421,0.113096888413827
137422,-0.070660905362672
137423,0.0547093092704227
137424,-0.471243457207155
137425,1.13333338113736
137426,-0.511913378495945
137427,0.0332021999713738
137428,-0.118654990024247
137429,0.0716447733255709
137430,-0.515166855768519
137431,1.29890832585302
137432,-0.29656340443546
137433,0.0656457504223274
137434,-0.0495903356461945
137435,0.0581641997053517
137436,-0.162496484014751
137437,1.52952076944786
137438,-0.0878710983226667
137439,0.0609458550602953
137440,0.000519204086451248
137441,0.031153798504214
137442,-0.167454943334577
137443,1.38789853499703
137444,-0.0788243942224261
137445,0.161234200993477
137446,0.0351578932618702
137447,0.0906367539246168
137448,-0.0300252604394882
137449,1.61531855354254
137450,-0.0846089469289193
137451,0.145692039985015
137452,0.00958206149178374
137453,0.0920842411290552
137454,-0.0569501865569369
137455,2.19050658468235
137456,0.0312810998539229
137457,0.194629669640387
137458,0.0573551777884789
137459,0.122055478742723
137460,-0.00406634772551672
137461,1.87361882507158
137462,0.102409645450653
137463,0.319486187185182
137464,0.0625845680976734
137465,0.124637877144278
137466,0.161966045360002
137467,0.584594471256003
137468,-0.137548080199447
137469,0.0117781009413142
137470,-0.214351224238537
137471,-0.17471903979287
137472,-0.0860024736842668
137473,0.0818687854247358
137474,-0.267190009447899
137475,-0.311193180158227
137476,-0.396105059474991
137477,-0.286760516937679
137478,-0.251979428585625
137479,-0.163225859642825
137480,-0.378619065489956
137481,-0.340451472635175
137482,-0.286719857926497
137483,-0.246726883372471
137484,-0.395012682152398
137485,-0.00323758175227714
137486,-0.0274395512493968
137487,-0.145683100497721
137488,-0.0138613988785344
137489,0.0223238047467754
137490,-0.0282328046683194
137491,0.187108669875915
137492,0.124536124915713
137493,0.0486692874513794
137494,0.0647509375085702
137495,0.157184471351435
137496,0.0937205286725144
137497,0.346582131669745
137498,0.259159314830226
137499,0.0927630632969102
137500,0.330218472034086
137501,0.404491004364871
137502,0.304606626473835
137503,0.552210593666335
137504,0.415816046817989
137505,0.272001822030759
137506,0.364484389402786
137507,0.554765105059515
137508,0.448370433697092
137509,0.736040245481444
137510,0.495249462718634
137511,0.33434268280418
137512,0.411811525366176
137513,0.502447803742085
137514,0.631515294712117
137515,0.823782186441704
137516,0.527346654153623
137517,0.323234803718168
137518,0.282079645407061
137519,0.45655461237585
137520,0.666550028843747
137521,1.5098276318536
137522,0.957959300726786
137523,0.619539611896913
137524,0.434048024927568
137525,0.668931414369135
137526,0.920504132149559
137527,3.67712397996018
137528,2.18771844182779
137529,1.5214329053339
137530,0.87647463534562
137531,0.922407497644776
137532,2.1126180678818
137533,7.00182425853541
137534,2.5180315724135
137535,1.46214397775901
137536,0.125588024023988
137537,1.30623793143023
137538,2.3784437553175
137539,6.09497680509433
137540,0.944070700109378
137541,0.876396579551277
137542,-0.170309025413224
137543,0.200738099207131
137544,0.888627635533923
137545,3.49650331967904
137546,0.303441531945871
137547,0.479925542874679
137548,-0.151316758919862
137549,0.174958790601871
137550,0.363331881536498
137551,2.90028738147331
137552,0.129781693544475
137553,0.249748443530039
137554,-0.217264604150186
137555,0.107188471298415
137556,0.181587426919675
137557,2.34743779357051
137558,0.121304801211167
137559,0.149379697050408
137560,-0.0542164366708308
137561,0.0631293211017416
137562,0.174364480423755
137563,1.98714879427584
137564,-0.0743621314054807
137565,0.045106716113561
137566,-0.146540616032368
137567,-0.0805390452120163
137568,-0.0865473665104519
137569,2.0598208517152
137570,-0.00702563833080127
137571,0.0541284703391363
137572,-0.120508924145412
137573,-0.0303786548649696
137574,-0.0437372754125845
137575,2.310445324876
137576,0.0916096479797012
137577,0.0747816383676294
137578,-0.0271015507458024
137579,-0.0301273906592974
137580,-0.0495070326832919
137581,2.16317469268322
137582,0.114336812920675
137583,0.140217667641212
137584,-0.00368804078724299
137585,0.0031172275797173
137586,-0.050970734903159
137587,3.38636565044123
137588,0.0988989880785296
137589,0.245446918161383
137590,0.0879501830878869
137591,0.103910867778518
137592,0.0448532746455228
137593,3.06629984633707
137594,0.171072617692078
137595,0.373947376584251
137596,0.118626309252284
137597,0.150190106559266
137598,0.163127952439772
137599,2.73306700223737
137600,0.243522294752869
137601,0.378323552288825
137602,0.212427671928589
137603,0.229959946841739
137604,0.239737753081025
137605,1.68441129901959
137606,0.187202733517769
137607,0.286852373680569
137608,0.214500450976571
137609,0.157447903494389
137610,0.214612145365261
137611,0.486143692737382
137612,-0.112007999627642
137613,-0.024010774586555
137614,-0.0736118993542947
137615,-0.100318439839172
137616,-0.104984547382837
137617,-0.201830031987611
137618,-0.322775992816478
137619,-0.417209452728406
137620,-0.465025618503848
137621,-0.361206994356573
137622,-0.346410694415531
137623,-0.115947443292645
137624,-0.242084936590064
137625,-0.435340580565611
137626,-0.423028968980769
137627,-0.316355682554138
137628,-0.246499057567746
137629,-0.0405408562481789
137630,-0.140158052690995
137631,-0.174491010686922
137632,-0.176045963903951
137633,-0.0771750370549742
137634,-0.0540662410777472
137635,0.137491494084053
137636,-0.0385636736553912
137637,-0.0877110385448845
137638,-0.0764219155503261
137639,0.0545139245688646
137640,-0.0213842171149127
137641,0.164942974238627
137642,0.117144038814553
137643,-0.0304324186932283
137644,0.0930824040311896
137645,0.159264086385623
137646,0.0882359516301569
137647,0.199941687600384
137648,0.188958671020377
137649,0.0906150723839903
137650,-0.0766737533112802
137651,0.146162292256869
137652,0.163769820108828
137653,0.464399808924567
137654,0.353027381126173
137655,0.245335580693001
137656,0.161133213677632
137657,0.160936129399373
137658,0.395172801873982
137659,0.584355757638124
137660,0.545729844002845
137661,0.325436975673317
137662,0.309128886684569
137663,0.381623962654223
137664,0.488777930336765
137665,1.17423464329484
137666,0.89940861394097
137667,0.538191724435294
137668,0.55863783986331
137669,0.636039021046509
137670,0.892269613428788
137671,5.22152488009078
137672,2.19041173340893
137673,1.53397539923627
137674,0.928488564868514
137675,1.55599150810502
137676,2.56187228000886
137677,7.2391764179917
137678,2.52353892153994
137679,1.83067082896081
137680,0.805439770584181
137681,1.54070987863392
137682,2.55286429360011
137683,7.13853106521892
137684,1.13398422923746
137685,0.826818191158678
137686,0.255698027146443
137687,0.926204103662875
137688,1.17367682096558
137689,7.91894007365195
137690,0.860406864541315
137691,0.760717906599395
137692,0.221358718417906
137693,0.695950926707786
137694,0.877666363962452
137695,4.18748971621871
137696,0.411489405132049
137697,0.404771896882384
137698,0.00358878192457279
137699,0.290773049742478
137700,0.458115750854694
137701,2.95201330786771
137702,0.210668183483996
137703,0.171522983457803
137704,0.0265002295110772
137705,0.0635418790000867
137706,0.313280761077854
137707,3.69600841556687
137708,0.0289981296445556
137709,0.105956167443037
137710,-0.0162067720344396
137711,0.159364148420723
137712,0.0828622561504141
137713,2.83064810798973
137714,0.0439388846338618
137715,0.0921164634129406
137716,-0.0171681547165053
137717,0.12374622867931
137718,-0.0108441484426783
137719,4.54776388882714
137720,0.0838209686265129
137721,0.15210485400744
137722,-0.00627455151026661
137723,0.113930127394051
137724,0.0602303423953788
137725,2.81097737700244
137726,0.177746971860635
137727,0.209089984563625
137728,0.00477207725674411
137729,0.090093313901279
137730,0.0785447327617531
137731,3.24436525810975
137732,0.183003702206348
137733,0.275030319491299
137734,0.00595855166322813
137735,0.103100435618154
137736,0.250469731490775
137737,3.89692349226978
137738,0.377134361407927
137739,0.411981625954351
137740,0.193300275217352
137741,0.248944440819605
137742,0.39751383350065
137743,6.11460254547087
137744,0.594318722818945
137745,0.657510204632664
137746,0.243625331841971
137747,0.375192953992314
137748,0.524003677823199
137749,5.2553519524551
137750,0.59256226142189
137751,0.635899891880559
137752,0.315054682097885
137753,0.431508557194058
137754,0.631142488093196
137755,1.04126781279136
137756,0.244137068872366
137757,0.127118657405443
137758,-0.0721505961690811
137759,-0.0493932668647723
137760,0.212027308227298
137761,0.249951738606009
137762,0.0219653864277045
137763,-0.206907910656549
137764,-0.21856035763031
137765,-0.188907479372434
137766,0.0221703485462045
137767,0.26279407391079
137768,-0.0294709990159112
137769,-0.212668772187163
137770,-0.202234445582037
137771,-0.0711570105241462
137772,-0.00460643763484415
137773,0.253638441685846
137774,-0.0472332462566453
137775,-0.183052258655139
137776,-0.125689946132151
137777,-0.0331078359869772
137778,-0.0116363979089141
137779,0.252520711325969
137780,-0.0231555060062496
137781,-0.103743215403316
137782,-0.106688348169249
137783,0.0219809570210064
137784,-0.00143863444372768
137785,0.457181578302521
137786,0.124808513865905
137787,0.126096973338038
137788,0.0929096172441125
137789,0.243347977165422
137790,0.141008038118868
137791,0.654400143374793
137792,0.315316410995904
137793,0.327407590735305
137794,0.200217559778851
137795,0.317336131724211
137796,0.299369878638182
137797,1.08207179500374
137798,0.633485957929757
137799,0.616346054201246
137800,0.427300125708328
137801,0.551850660485351
137802,0.663685765447742
137803,1.41198621203165
137804,0.926139728843492
137805,0.830439714052395
137806,0.578149250449971
137807,0.867888411298725
137808,0.93514658584147
137809,1.91616810819936
137810,1.13163272429877
137811,1.11682489004608
137812,0.80073950933822
137813,0.996981230058472
137814,1.12044068875335
137815,9.59374824816482
137816,3.38298008051099
137817,2.23504088571194
137818,1.81152848296209
137819,2.44437125253031
137820,3.33646845691191
137821,8.23466356690892
137822,3.74511539671528
137823,2.327706957947
137824,2.02739038728683
137825,2.2275980502602
137826,2.99374850211986
137827,9.69404958574522
137828,1.63886196761578
137829,1.48738595601742
137830,1.12944554378799
137831,1.33645025674939
137832,1.57695425302637
137833,7.9256026644012
137834,0.87125465174129
137835,0.994808600093742
137836,0.263503837201028
137837,0.904524497541607
137838,1.07804437965775
137839,8.70948071904363
137840,0.706950873356528
137841,0.839549475684847
137842,0.15338379362796
137843,0.678924031552644
137844,0.965223304133076
137845,7.19253588789691
137846,0.39891699966341
137847,0.531323579458518
137848,0.152740422125629
137849,0.503925808582722
137850,0.537226246971402
137851,6.8087854745405
137852,0.439186745405132
137853,0.494059463764334
137854,0.201326595952243
137855,0.396747623284918
137856,0.472376153323163
137857,4.22983739886764
137858,0.438618382434126
137859,0.406557326507974
137860,0.191279793469545
137861,0.429992219404567
137862,0.418057761665937
137863,5.69987567522961
137864,0.396610138535486
137865,0.405404541888117
137866,0.220119128860926
137867,0.355366911492377
137868,0.387879005007222
137869,7.29019109251221
137870,0.501741366200157
137871,0.364551085498332
137872,0.244145086936286
137873,0.299252004877004
137874,0.433161156054798
137875,7.90025425298641
137876,0.610067622576499
137877,0.51144911170927
137878,0.199828492486322
137879,0.342095681307226
137880,0.527068780131171
137881,11.4673469365727
137882,0.722299786146138
137883,0.641663850889446
137884,0.38936310485622
137885,0.435924281703073
137886,0.625037718345427
137887,11.3910749177814
137888,0.757171454735773
137889,0.710812872019272
137890,0.494678909982699
137891,0.531113732404876
137892,0.793398591256312
137893,7.44220617304448
137894,0.749583762858666
137895,0.706865481589164
137896,0.520240221010388
137897,0.621137735547181
137898,0.750258458108376
137899,1.46265032994921
137900,0.242850674747533
137901,0.24499013493953
137902,0.0566397003532913
137903,0.123970812546803
137904,0.270664765118543
137905,0.200759492310532
137906,-0.00233147514995124
137907,-0.171737887854347
137908,-0.166737166026527
137909,-0.165198226971061
137910,-0.0516311252742868
137911,0.022028989652635
137912,-0.0663840017780635
137913,-0.192415411855679
137914,-0.139473557606036
137915,-0.106173993424945
137916,-0.018359715040396
137917,0.0309359005570849
137918,-0.046662486685047
137919,-0.150120968900016
137920,-0.111371090032119
137921,-0.0308403366482826
137922,0.0198393838586445
137923,0.11978232000182
137924,0.0482179211299503
137925,0.0538298468323161
137926,0.041834517567367
137927,0.0967467674522817
137928,0.0161061150445622
137929,0.404168011319807
137930,0.264892228372684
137931,0.268306607493365
137932,0.204239416545848
137933,0.291288797179384
137934,0.254636247293805
137935,0.445707707150846
137936,0.332080863258346
137937,0.34159746688757
137938,0.27833310616156
137939,0.377851797676781
137940,0.335698653905808
137941,0.714014143656353
137942,0.540238993794188
137943,0.548936166308927
137944,0.497592021826493
137945,0.527862653003513
137946,0.590253570403026
137947,0.89987341326268
137948,0.782443270155295
137949,0.596979381478722
137950,0.58017762674375
137951,0.643679631420743
137952,0.768120716991401
137953,1.66029133423787
137954,1.2403962799155
137955,1.16241280874948
137956,0.919416434915551
137957,1.13604200503162
137958,1.25481411413936
137959,8.70662206601935
137960,3.90215366585118
137961,3.32874049050938
137962,2.5637995123132
137963,2.83743875857327
137964,4.02157561380257
137965,12.1255006624175
137966,4.19065715521142
137967,3.63700838614763
137968,3.12090679079653
137969,2.83883000889031
137970,4.15457251807042
137971,9.86128142924397
137972,1.45069758935463
137973,1.17230157530645
137974,1.0886462432092
137975,1.52557889176141
137976,1.58743008942258
137977,5.45588248520309
137978,0.585379629180911
137979,0.715219010715751
137980,0.201164895579498
137981,1.044789470053
137982,0.825172282835398
137983,3.92577555512117
137984,0.341900176413449
137985,0.482656510604667
137986,0.166818001056159
137987,0.398557727680378
137988,0.427584273690167
137989,2.57786281497567
137990,0.0583722625498108
137991,0.229439099595351
137992,0.0584051019621475
137993,0.172782146057957
137994,0.072248197056659
137995,3.1648791811407
137996,0.012203759432176
137997,0.21836956376889
137998,0.0742772659066801
137999,0.127800256941566
138000,0.0296932314804096
138001,2.77290132037286
138002,0.050296059736267
138003,0.204313343768413
138004,-0.0234703380964415
138005,0.0960003098502463
138006,0.0809616094714776
138007,1.58904821662327
138008,-0.00290936966240378
138009,0.156584057649179
138010,0.0063859702955371
138011,0.0844466611931002
138012,-0.0595644475152171
138013,1.51040845667833
138014,0.0126979086960796
138015,0.155969248534433
138016,0.0181078939599134
138017,0.0803653993387537
138018,0.0213285501254396
138019,1.91933761102653
138020,0.141238573675651
138021,0.207492498077066
138022,0.0470252837646479
138023,0.130916823304785
138024,0.0857661564460616
138025,2.28160021179705
138026,0.183258433337778
138027,0.292339450433617
138028,0.145731385181118
138029,0.236406041550217
138030,0.197934196810716
138031,3.30468337261882
138032,0.419687555979732
138033,0.609781452459637
138034,0.450588560683824
138035,0.481425415495138
138036,0.435128102700796
138037,2.29095277523224
138038,0.449228607730157
138039,0.559677499049103
138040,0.555027550153591
138041,0.455416993573629
138042,0.425968512194729
138043,0.304118453273103
138044,-0.0128524322941039
138045,-0.0209968929735764
138046,-0.106049319113426
138047,0.0351997655152057
138048,0.0160372374178498
138049,-0.270701951157962
138050,-0.248240624275603
138051,-0.260926014700975
138052,-0.394493920383236
138053,-0.335419796923603
138054,-0.257366032372103
138055,-0.408181053463013
138056,-0.282042569698466
138057,-0.238308649597872
138058,-0.242097274376993
138059,-0.157346955353101
138060,-0.233970802063894
138061,-0.152018319442417
138062,-0.00340441084483697
138063,-0.0511266849993959
138064,-0.0736496229519545
138065,0.0512473869279392
138066,-0.0388704578327077
138067,0.0662091472390875
138068,0.159657790950895
138069,0.156270724163065
138070,0.115621169201707
138071,0.231146364229619
138072,0.243519382185672
138073,0.354632612361991
138074,0.470539834535832
138075,0.384865106783909
138076,0.321820833680883
138077,0.461246248433541
138078,0.486938870404752
138079,0.668418245944557
138080,0.814732564483299
138081,0.658327370207842
138082,0.586907751055588
138083,0.706043995652564
138084,0.777602364269222
138085,0.976223621314356
138086,0.924246371826805
138087,0.838374987178616
138088,0.680700550182615
138089,0.832064763267114
138090,0.969146979302055
138091,1.23057202151091
138092,1.07355453405585
138093,0.82561573450198
138094,0.771868676131479
138095,0.853899882665824
138096,0.921334433880162
138097,2.0487035349106
138098,1.79200493628415
138099,1.26194746855588
138100,1.11918531093159
138101,1.26675452284394
138102,1.55746134795458
138103,12.3294924368707
138104,4.76312257391751
138105,3.50274464613819
138106,2.88760732966096
138107,3.04807966537466
138108,4.32203333043346
138109,11.6690996009968
138110,3.15487250949253
138111,2.57352637428853
138112,2.11883496848176
138113,2.23132707017021
138114,3.36969184007146
138115,8.4344460181589
138116,0.884944332854055
138117,1.12225195182925
138118,0.987626151855862
138119,1.14190454690436
138120,0.799032401760727
138121,3.29610606237776
138122,0.208746284687442
138123,0.710290382547394
138124,0.196233078834484
138125,0.838964463121599
138126,0.397998412986522
138127,2.43706334707432
138128,-0.00691818613235495
138129,0.420099582317885
138130,-0.0413114535702587
138131,0.237516192239524
138132,-0.00449486178070514
138133,1.74653628336522
138134,-0.212185297315762
138135,0.1276922624114
138136,-0.153894542302007
138137,0.0402108805364436
138138,-0.182495729190328
138139,1.59218090419623
138140,-0.213725928218855
138141,0.0510764751752387
138142,-0.208050474135606
138143,-0.114619977949978
138144,-0.351952344903688
138145,1.0792491407446
138146,-0.167129191026719
138147,0.0816599874587526
138148,-0.105684259800668
138149,-0.0760206553993656
138150,-0.358947547011318
138151,1.0592266621834
138152,-0.0557008139206829
138153,0.0797769383483194
138154,-0.0965530243783938
138155,-0.0485345914586165
138156,-0.127554299993341
138157,1.10198024874264
138158,-0.0724120356204673
138159,0.0214577751248109
138160,-0.0668212041736213
138161,-0.0459104901577681
138162,-0.148335437742876
138163,1.33516108724116
138164,0.0934772739094709
138165,0.0929087758601294
138166,-0.01497204817149
138167,0.0277504471567113
138168,0.00812928683789009
138169,1.63573180648537
138170,0.175903237629024
138171,0.251744464580185
138172,0.0156335563481445
138173,0.0896424876579919
138174,0.104334562370832
138175,2.59958209429456
138176,0.48802979187746
138177,0.475480399564674
138178,0.245835889080159
138179,0.299746705067569
138180,0.367425697235775
138181,2.59241379588167
138182,0.493580572414225
138183,0.595565868985814
138184,0.397841030742692
138185,0.513351891284103
138186,0.451896914351218
138187,0.467916987628248
138188,0.0368115698202569
138189,0.0209944398437906
138190,-0.131166859496954
138191,-0.0239479741986326
138192,-0.0195112520221048
138193,-0.14268758637698
138194,-0.30289217249757
138195,-0.209432510130461
138196,-0.333320291259859
138197,-0.283620832504313
138198,-0.285078206487947
138199,-0.0738628719955503
138200,-0.215050719216862
138201,-0.150536386315956
138202,-0.287263527020527
138203,-0.17629056151115
138204,-0.202050799745809
138205,0.0843680097368281
138206,-0.0432044894414397
138207,0.0329751258566384
138208,-0.0315953031442692
138209,0.0841045278034263
138210,-0.0308178995260816
138211,0.287771342792869
138212,0.135936540734927
138213,0.133654887272709
138214,0.136780020559213
138215,0.217063340000596
138216,0.132402013923401
138217,0.422268922775106
138218,0.400566454764363
138219,0.34457661791393
138220,0.295377128300966
138221,0.422670167240806
138222,0.412294416360129
138223,0.930854516497839
138224,0.602419054340157
138225,0.55562516294422
138226,0.445970941701567
138227,0.680048136971715
138228,0.597626541067456
138229,1.00258148522292
138230,0.714763797656404
138231,0.664613411738847
138232,0.522079957251545
138233,0.770897612328833
138234,0.743850027234383
138235,0.633688205066659
138236,0.769024713366217
138237,0.607313695271624
138238,0.386175951351602
138239,0.704632777235901
138240,0.836684311048426
138241,1.48674448304734
138242,0.963341697986432
138243,0.870902991133213
138244,0.504025010732632
138245,0.887394168294595
138246,0.924995796225141
138247,4.33612678106137
138248,1.5417925594653
138249,1.63361962613142
138250,1.39541271316879
138251,1.7144127914641
138252,1.76011630487691
138253,4.58293425704297
138254,1.52798244012256
138255,1.09179457471497
138256,0.415609138909374
138257,1.48154878308412
138258,1.41029010598351
138259,3.65392192425649
138260,0.826373786972914
138261,0.948824065526403
138262,0.0497757136553493
138263,0.636916052827773
138264,0.910680601429551
138265,3.31351407131838
138266,0.428311235828581
138267,0.832682145832377
138268,0.183316860532463
138269,0.512813819521565
138270,0.495133282319615
138271,3.32888023619193
138272,0.009095484609344
138273,0.511597305271006
138274,0.026905690415881
138275,0.342928536971937
138276,0.147803860890539
138277,1.7728953746551
138278,-0.158284551138763
138279,0.159643847398831
138280,-0.0137908901540995
138281,0.133614558841483
138282,-0.237076493445031
138283,2.5676877897655
138284,-0.100322172989433
138285,0.092804886543338
138286,0.0253034808535775
138287,-0.0178018195047027
138288,-0.222961721730535
138289,1.20695839344364
138290,0.00615645803013203
138291,0.0781568900016558
138292,-0.0282753592588284
138293,-0.0156488945458148
138294,-0.0966059191071193
138295,1.68660184719878
138296,0.0285288050357887
138297,0.0731852880072334
138298,-0.0393347010360207
138299,0.0182531812978745
138300,-0.0794397636716187
138301,2.57514088198063
138302,0.0281426819686615
138303,0.0657425672616288
138304,-0.0403068194341479
138305,0.0140451711435599
138306,-0.0489434823840953
138307,3.24083748963416
138308,0.119005357220418
138309,0.127704726483705
138310,0.0176654189086836
138311,0.0610629372279
138312,0.0839926878118166
138313,4.1542080121267
138314,0.293402254792289
138315,0.255113729858974
138316,0.150927393791935
138317,0.163911187772457
138318,0.217601689216368
138319,8.01029609173524
138320,0.558097472320387
138321,0.569403107253337
138322,0.419943646047399
138323,0.533022479519028
138324,0.546012959754955
138325,6.13290539336445
138326,0.762949111595083
138327,0.879841844561108
138328,0.549691877436369
138329,0.669095159681993
138330,0.762684682072403
138331,0.683849329949061
138332,0.120575234576653
138333,0.00115278628738971
138334,-0.140810686789961
138335,-0.0438644565890144
138336,0.143724858909011
138337,0.050112126105971
138338,-0.203648370923726
138339,-0.244776201555116
138340,-0.300626353008926
138341,-0.234533164517808
138342,-0.195228494350862
138343,0.0403400201526214
138344,-0.119579852567348
138345,-0.131362949521687
138346,-0.197901763200503
138347,-0.115369799451158
138348,-0.0991052982764236
138349,0.209434912407703
138350,-0.0107795746575242
138351,-0.0336694065105744
138352,-0.0323010012257838
138353,0.0630522012498929
138354,0.0338985358008567
138355,0.195636762980766
138356,0.0669285081901282
138357,0.0470124398792445
138358,0.0335545563691533
138359,0.139281515905294
138360,0.0812142426235982
138361,0.392463414689528
138362,0.315169995570297
138363,0.264409892988027
138364,0.299002178290715
138365,0.364997844000392
138366,0.349174220577884
138367,0.779682130717621
138368,0.629360859508189
138369,0.501449710338691
138370,0.548876059936758
138371,0.6527862363185
138372,0.626890706846229
138373,0.746689662402333
138374,0.771815655501682
138375,0.636311234601337
138376,0.571319085518214
138377,0.801902514414053
138378,0.733185851142442
138379,1.10056145686768
138380,0.645044424864484
138381,0.359651821279733
138382,0.576025256222572
138383,0.692627441780329
138384,0.696739371371286
138385,0.990340882970063
138386,0.66222988740209
138387,0.584606315531988
138388,0.715936036742169
138389,0.87376102521095
138390,0.519896335101023
138391,2.75886608338664
138392,1.01839952080472
138393,1.0342330493718
138394,-0.0749526021382969
138395,0.456208811591636
138396,0.956790667899695
138397,3.92549362845935
138398,1.2736609499734
138399,1.03949152040242
138400,0.954849029233481
138401,1.25629108003465
138402,1.35284865060718
138403,2.62260561763787
138404,0.501151761426337
138405,0.807370576859258
138406,0.28030801298547
138407,0.534727654915731
138408,0.645909665867425
138409,2.29094244889573
138410,0.269151685019816
138411,0.679530692957336
138412,0.514363021860555
138413,0.631805213207426
138414,0.269990429723907
138415,1.99300506163143
138416,-0.0594824738338107
138417,0.38242347973636
138418,0.221973724646046
138419,0.337121187847742
138420,-0.012659942715331
138421,1.46167044604884
138422,-0.233963078134804
138423,0.232156262093561
138424,0.104097997604656
138425,0.192163348531227
138426,-0.357125266285686
138427,1.11346881082316
138428,-0.403939797472092
138429,0.18347420074974
138430,0.0901878303596443
138431,0.168848415665205
138432,-0.209875638109597
138433,0.950512818664153
138434,-0.253188152118073
138435,0.0630726909767479
138436,0.0287490253890279
138437,0.0798134357010497
138438,-0.360613758935055
138439,0.934990561864593
138440,-0.292072319307152
138441,0.0692803249710725
138442,0.0150274025344978
138443,0.0778354610435915
138444,-0.29934755173417
138445,1.04514659855786
138446,-0.24415437406724
138447,0.0885485143863091
138448,0.0199912716880203
138449,0.0750628182146486
138450,-0.24633759061128
138451,1.23412275738678
138452,-0.133243776999707
138453,0.101636192848145
138454,0.0487168424540209
138455,0.102943700051426
138456,-0.127189718225027
138457,1.47556757139824
138458,-0.0566034291365048
138459,0.10783418294085
138460,0.061204856493117
138461,0.102179183754937
138462,-0.0261315092615718
138463,1.75336321958533
138464,-0.00858048355136638
138465,0.172997868170175
138466,0.0892966120916735
138467,0.132953551070422
138468,0.0275946026907778
138469,1.57583643757735
138470,0.0793135892660718
138471,0.186400902689174
138472,0.136610875932658
138473,0.152112403398878
138474,0.1292174247841
138475,0.357133151882637
138476,-0.180166748656942
138477,-0.175550116384989
138478,-0.220094143270231
138479,-0.170291820922107
138480,-0.128307957835171
138481,-0.629489113928582
138482,-0.671314980760929
138483,-0.466262835103088
138484,-0.48485239642392
138485,-0.418283363408365
138486,-0.797621921915096
138487,-1.07782071061242
138488,-0.775997524003653
138489,-0.513527648888986
138490,-0.405820186725135
138491,-0.437547852689432
138492,-0.787496558589062
138493,-1.37210126733493
138494,-0.673819353032894
138495,-0.336775966894318
138496,-0.305940937842905
138497,-0.141254436003662
138498,-0.66929068397479
138499,-1.21257025745393
138500,-0.537099801253135
138501,-0.250858179182659
138502,-0.190133808290342
138503,-0.107146811947778
138504,-0.482696449044431
138505,-1.14860381205876
138506,-0.400335220194054
138507,-0.199078960953681
138508,-0.133127718951877
138509,0.0476986727634078
138510,-0.425432621100969
138511,-1.09538780684004
138512,-0.51576348634011
138513,-0.152211691516456
138514,-0.0794692015378272
138515,0.0929747476013719
138516,-0.35878644972824
138517,-1.05001757309846
138518,-0.598169517092325
138519,-0.0294391319870415
138520,-0.00637182615121749
138521,0.158362560160164
138522,-0.490741669712796
138523,-1.04452513819113
138524,-0.760917405999747
138525,-0.0839055213941381
138526,-0.113220420130811
138527,0.110605995747333
138528,-0.670612523127062
138529,-0.887710092476168
138530,-0.513398614332091
138531,0.0780095016245185
138532,-0.0478742853211359
138533,0.241865370926017
138534,-0.475090021626768
138535,0.68204421156178
138536,0.0935481650126817
138537,0.692573012222156
138538,-0.156365371801764
138539,0.0667504217738636
138540,-0.0720193781923705
138541,1.62634348435303
138542,0.423232752869071
138543,0.89088751879322
138544,0.0794347570013681
138545,0.507336189649664
138546,0.373036985440904
138547,1.34716725751466
138548,0.153567637096073
138549,0.459834678746352
138550,0.111875049736887
138551,0.0895902834819291
138552,0.0904268032070519
138553,0.926257410828142
138554,-0.311068985422943
138555,0.268430837621977
138556,0.0762204646960334
138557,0.0583058778698817
138558,-0.11538006329774
138559,0.803958674244782
138560,-0.455582039979815
138561,0.141962777386739
138562,-0.0541607067836546
138563,0.00370141110172054
138564,-0.205361538796294
138565,0.498810442038996
138566,-0.569386122464202
138567,0.0684465486295846
138568,-0.0305149547243428
138569,0.0579257200348425
138570,-0.515428578671392
138571,0.403528194351896
138572,-0.950612237264463
138573,0.0982594390489084
138574,-0.0901701662831627
138575,-0.112853253314691
138576,-1.07424364507637
138577,0.427614095470523
138578,-1.08479974718239
138579,0.0652785354267084
138580,-0.0515312269039612
138581,-0.0505748985387372
138582,-1.30624444579812
138583,0.377987229821368
138584,-1.08497896557312
138585,0.0710109898151429
138586,-0.0573195689737158
138587,0.0216462621325209
138588,-1.15567858018536
138589,0.428567354325065
138590,-0.982903175715847
138591,0.0819554238981344
138592,-0.0465395416153573
138593,0.0637685693797825
138594,-1.046020719836
138595,0.601504545257822
138596,-0.862550214421412
138597,0.0832120685732794
138598,-0.0454912015439705
138599,0.0347167306960382
138600,-1.01376893375833
138601,0.638607484305389
138602,-0.677090013281849
138603,0.0963827476469743
138604,-0.0619430872647164
138605,0.00491792570273765
138606,-0.710800468537162
138607,0.637956905789458
138608,-0.613935509310231
138609,0.137375558961479
138610,-0.0789248446697781
138611,0.00607091040877671
138612,-0.64828270821026
138613,0.700533497500774
138614,-0.628527437515002
138615,0.136044610212603
138616,-0.0452481004704053
138617,-0.0139543412467081
138618,-0.670012026930732
138619,-0.0361223520529593
138620,-0.970005558216855
138621,-0.260947946717998
138622,-0.328841630614774
138623,-0.300842242573568
138624,-0.962820294320025
138625,-1.07334523468456
138626,-1.78755014741848
138627,-0.682611772427998
138628,-0.698105834102427
138629,-0.498262827163525
138630,-2.03964409802003
138631,-1.36248881705556
138632,-2.20016490653854
138633,-0.619008342616204
138634,-0.56248299338717
138635,-0.391430963943747
138636,-2.26340501934181
138637,-1.57152237064937
138638,-2.1765091148555
138639,-0.401126718119373
138640,-0.335332937439574
138641,-0.186195279536934
138642,-2.25937641714181
138643,-1.11499621817313
138644,-1.86510166259238
138645,-0.219515258782783
138646,-0.0717948602222235
138647,0.029463917063177
138648,-1.88783845777549
138649,-0.73024860878423
138650,-1.48203106945027
138651,-0.0350841579094609
138652,-0.0417452068228582
138653,0.193610466045531
138654,-1.63827453609572
138655,-0.513225540278767
138656,-1.25642931095335
138657,0.118292908582056
138658,0.152133595468634
138659,0.289750063691235
138660,-1.29483799428177
138661,-0.287164857282139
138662,-1.09928910018888
138663,0.152597606325525
138664,0.186720566254425
138665,0.354015371991294
138666,-0.937611090053763
138667,-0.283445491908415
138668,-0.910817327447834
138669,0.16362696863952
138670,0.0856332864317095
138671,0.287726759114128
138672,-0.893778494710748
138673,-0.00173520715691013
138674,-0.886246968177753
138675,0.211733665799138
138676,0.207183408773031
138677,0.44606955386577
138678,-0.861067128935603
138679,1.83946512091278
138680,-0.116057352741918
138681,1.57532450151717
138682,1.3315452113067
138683,1.69446732218303
138684,-0.0708388012208574
138685,1.96641381121228
138686,0.119179970211722
138687,1.41262153084314
138688,1.08180372743968
138689,1.48301458738449
138690,0.144696503492981
138691,1.87370946724886
138692,0.140741033180048
138693,0.605526391229081
138694,-0.041834807413216
138695,0.533343314651656
138696,0.197840319675374
138697,1.44582046586969
138698,-0.171503902390206
138699,0.422667625772017
138700,-0.0504956960146912
138701,0.26182858212004
138702,-0.109832340412216
138703,1.45341646397162
138704,-0.353094610505881
138705,0.190677921605328
138706,-0.10140407430449
138707,0.030642096139128
138708,-0.312674339314708
138709,1.66280236039059
138710,-0.537033267380933
138711,0.0588338734716293
138712,-0.0559431700212472
138713,-0.150756621687953
138714,-0.550763258761996
138715,0.928029815128668
138716,-0.546573033917399
138717,0.104529389067718
138718,-0.220534602379106
138719,0.0422975007936982
138720,-0.562843880535657
138721,0.92895772654441
138722,-0.572265364934717
138723,0.0761117567552163
138724,-0.0654856215743
138725,-0.0214223055577322
138726,-0.638675114388829
138727,0.900955321004009
138728,-0.475868526580308
138729,0.0249406661898809
138730,-0.0291100082966609
138731,-0.0389497496992769
138732,-0.594150016712171
138733,1.01547539330283
138734,-0.197605891874402
138735,0.0513349816947383
138736,0.00102465065672294
138737,0.0629662985718318
138738,-0.343156064097067
138739,1.03231350283763
138740,-0.0761643500182905
138741,0.0131123539241721
138742,-0.0238457813714334
138743,0.0519274906294487
138744,-0.169674779514169
138745,1.35005735091915
138746,0.0682801664381207
138747,0.0871667491600035
138748,0.0535072961022629
138749,0.0743512755870158
138750,0.0585228420678166
138751,1.84402422888809
138752,0.274137408938801
138753,0.247001741316169
138754,0.135344291092278
138755,0.194298732429452
138756,0.313082560464982
138757,1.4011901681
138758,0.459510223236873
138759,0.392913735624678
138760,0.293150975590359
138761,0.362027215419316
138762,0.477971721966962
138763,0.456854473360919
138764,0.0538438873297043
138765,-0.100344494734693
138766,-0.116077158123815
138767,-0.0608036237024673
138768,0.0684412807250708
138769,-0.136375584031545
138770,-0.104171163000764
138771,-0.2396794726444
138772,-0.376260858069007
138773,-0.22005052276982
138774,-0.134208881603223
138775,-0.263136805730279
138776,-0.3002452033143
138777,-0.208560698752107
138778,-0.281824670657506
138779,-0.113583260541527
138780,-0.297449654455215
138781,-0.521815017221227
138782,-0.200857510825772
138783,-0.119076071263255
138784,-0.159867627869785
138785,-0.0164137791659339
138786,-0.247788268844861
138787,-0.298769098445938
138788,-0.119532626901139
138789,-0.0586290095906971
138790,-0.0174997369058557
138791,0.135507932410214
138792,-0.125553853200912
138793,-0.133652251327982
138794,0.172324933027316
138795,0.0890572601208048
138796,0.152485827555944
138797,0.287767722354027
138798,0.183752491143758
138799,0.435707628403493
138800,0.358638571170518
138801,0.253076759118744
138802,0.29322560865315
138803,0.437604165198266
138804,0.350927249290853
138805,0.53190201472881
138806,0.677500854882442
138807,0.527145067068583
138808,0.486747905690401
138809,0.66956047059917
138810,0.628991610201556
138811,0.558965831547138
138812,0.663392493334312
138813,0.743987468081447
138814,0.557502804108462
138815,0.700860802438337
138816,0.709492870574523
138817,1.05249301405211
138818,1.02207234675889
138819,1.05319430399998
138820,0.284917376121808
138821,0.853772604005558
138822,0.834117686109643
138823,5.00298040886055
138824,2.915270301064
138825,2.06413875246234
138826,1.58843572523466
138827,2.50844273118007
138828,1.6884658697991
138829,4.01338780787322
138830,1.82860335451251
138831,1.28297066855618
138832,1.78661743031926
138833,1.72582846893427
138834,1.93771452843377
138835,3.53094734603921
138836,1.10522092360294
138837,0.986905833007751
138838,0.151066282243483
138839,0.371974581149511
138840,1.30235918199986
138841,2.56956150107656
138842,0.893520333845031
138843,0.901567868401477
138844,-0.214988838261965
138845,0.107803954354181
138846,0.911861009586741
138847,3.17585588458476
138848,0.392914219882308
138849,0.463399002877015
138850,0.218624798176271
138851,0.0572821602341815
138852,0.578914271264529
138853,3.33421896070581
138854,0.166500932800193
138855,0.252881243996026
138856,0.0924549161014655
138857,0.219284893886027
138858,0.0911364942032631
138859,1.58699444597578
138860,0.027555734618993
138861,0.143303777099868
138862,-0.0101802577786687
138863,0.0992220843748377
138864,0.159065821845541
138865,1.98647560970544
138866,0.175841019750151
138867,0.168981052975441
138868,0.0906399223917459
138869,0.140681512120779
138870,0.000631610357933995
138871,2.21401121069118
138872,0.233218947031946
138873,0.138272558560338
138874,0.167671059211035
138875,0.108659113688068
138876,0.0761388828926571
138877,3.06624442796913
138878,0.326738919644895
138879,0.176287877775351
138880,0.179368794678507
138881,0.23921066802476
138882,0.111766555278998
138883,3.28730038411731
138884,0.297333900323963
138885,0.186958883320798
138886,0.186869363645605
138887,0.275005391308446
138888,0.289051297698858
138889,6.26575580873869
138890,0.469958952755273
138891,0.269987612276055
138892,0.251590170919978
138893,0.347143979451868
138894,0.543969120836258
138895,8.59633750050879
138896,0.565115649807762
138897,0.440851326383825
138898,0.468676714675343
138899,0.525260897113014
138900,0.520176368850263
138901,5.28812363565541
138902,0.387797050983527
138903,0.397522019752386
138904,0.438981052978816
138905,0.469478335449413
138906,0.43271891768176
138907,1.33438689752022
138908,0.139280697638201
138909,0.0322764894431866
138910,0.0620593035128702
138911,0.0512074591518162
138912,0.1039421704601
138913,0.349131418368792
138914,-0.261502926021468
138915,-0.166944082294946
138916,-0.0530765906986785
138917,-0.0921237548063501
138918,-0.218222881160955
138919,0.120900675046568
138920,-0.06332537444063
138921,-0.0886573974847311
138922,0.0234283304366594
138923,-0.0461277837910779
138924,-0.117813503066389
138925,0.0870461028074528
138926,0.0865699641502897
138927,-0.0184187768786484
138928,-0.140962908544459
138929,0.0828168948521309
138930,0.0242094015258898
138931,-0.0142682122579054
138932,0.203912071802205
138933,0.0624790744705458
138934,0.155041931013608
138935,0.205337623847367
138936,0.13593115422855
138937,0.344918659963105
138938,0.4920159977306
138939,0.477217788396034
138940,0.469298328448854
138941,0.503513453540727
138942,0.413859496203795
138943,0.726766615484573
138944,0.699513383160045
138945,0.704376987571681
138946,0.816581860609986
138947,0.683474753787995
138948,0.72345924063286
138949,0.999346162513759
138950,0.957545805547964
138951,0.771280179088851
138952,0.836567546620111
138953,0.916256222786949
138954,0.960971010124619
138955,0.428228651319467
138956,1.19734141941972
138957,0.605763172619432
138958,0.69914910609043
138959,0.915623242667768
138960,1.03909869297474
138961,1.70763872954318
138962,1.52544595163106
138963,1.06828588954186
138964,0.769789028474507
138965,0.982157085607039
138966,1.58902644885078
138967,5.03447930323354
138968,3.36118700838488
138969,2.11834180301766
138970,0.86223280503326
138971,1.92279560534522
138972,3.07639244569246
138973,5.54302139192139
138974,2.66450028173326
138975,1.72141520028318
138976,-0.0352683099242118
138977,0.659390276011557
138978,2.60580424953707
138979,6.20619730400067
138980,1.39114269427913
138981,1.21217433485473
138982,0.21161482093118
138983,1.05272739225122
138984,1.4139617043614
138985,4.58023057767287
138986,0.993746586103077
138987,0.91003331270078
138988,0.442726065620749
138989,0.845138618657267
138990,1.00296969979356
138991,4.57053558633234
138992,0.76508813736387
138993,0.710866761512655
138994,0.227363917515024
138995,0.696855352070202
138996,0.773914169176315
138997,3.1107885249674
138998,0.367831092034634
138999,0.365926095903862
139000,0.243011158554303
139001,0.448610037952949
139002,0.449277763406461
139003,5.84755944769357
139004,0.703789818109934
139005,0.501437300289495
139006,0.404804551602034
139007,0.488882956261393
139008,0.519623486418704
139009,6.69719453916948
139010,0.45711430895396
139011,0.396865109384199
139012,0.355077490918053
139013,0.395978486816796
139014,0.523365362595548
139015,7.28036315324654
139016,0.585328614546682
139017,0.369684898393148
139018,0.341562649439516
139019,0.354609573463496
139020,0.493461638254466
139021,7.88625138733657
139022,0.634325271154288
139023,0.355407747971364
139024,0.319443812389001
139025,0.366914309092952
139026,0.603613996052445
139027,7.95471988475137
139028,0.680219843646687
139029,0.360149045201681
139030,0.360282380829934
139031,0.367780777979022
139032,0.646322317329687
139033,5.88693136144922
139034,0.644239177216236
139035,0.407542853099131
139036,0.337925654614303
139037,0.409551873627141
139038,0.668328959167496
139039,6.19356063429875
139040,0.848276194958395
139041,0.534486565761384
139042,0.465584738262869
139043,0.546881663680366
139044,0.83026127010334
139045,4.11699251109686
139046,0.860149841884155
139047,0.531019147394891
139048,0.518887078234658
139049,0.555732970404612
139050,0.830995743816219
139051,1.22045678875434
139052,0.486477512316054
139053,0.068582346577508
139054,-0.0262400588236369
139055,0.0283748292057855
139056,0.51800623834998
139057,0.155336087707617
139058,0.140690402144107
139059,-0.0851961950884853
139060,-0.0931842419366296
139061,-0.059061160729778
139062,0.125502350886199
139063,0.00653408444052243
139064,0.120115139932107
139065,-0.0874531332035729
139066,-0.171774306702738
139067,-0.0575874025557192
139068,0.0989115047734021
139069,0.142274196079637
139070,0.200835960272937
139071,-0.123058852619018
139072,-0.0347258213548872
139073,0.0452491098634076
139074,0.201177712647553
139075,0.308954165808524
139076,0.236825283721998
139077,0.0862559910578427
139078,0.0918490063017414
139079,0.0449775396280147
139080,0.264336088153642
139081,0.398078563325646
139082,0.400654243102765
139083,0.226853410141277
139084,0.0964289639020955
139085,0.192517870715404
139086,0.387751196502487
139087,0.767376048415168
139088,0.653339283003945
139089,0.47029753305299
139090,0.457839061030214
139091,0.579428488186519
139092,0.654889474325592
139093,0.807450541659695
139094,0.739593157459739
139095,0.552516276623656
139096,0.569584722393756
139097,0.68089287946235
139098,0.788896833932765
139099,1.12259855230204
139100,1.12068597915131
139101,0.714946656599991
139102,-0.318545616247786
139103,0.683413183612417
139104,1.09584329332151
139105,1.73016088273965
139106,1.50031470315845
139107,0.996094241578239
139108,-0.200786365843872
139109,0.353811266176816
139110,1.59108481167428
139111,4.40155909102397
139112,3.4915442770421
139113,2.09491394783117
139114,1.60205421207508
139115,1.41199530104411
139116,3.39535240901417
139117,4.10977889906366
139118,2.78406384356652
139119,1.84137190941596
139120,1.07767876087423
139121,1.62329789999061
139122,3.04229049421062
139123,3.32704130477137
139124,1.56580175140956
139125,1.12873067818118
139126,1.00260389104334
139127,1.19451703036161
139128,1.57615703374735
139129,2.24721787670062
139130,1.36950060268473
139131,1.10266822673553
139132,0.944547032212615
139133,1.03283014321979
139134,1.36638980943065
139135,2.44409011440886
139136,1.03933266182869
139137,0.801343512936425
139138,0.715056492600404
139139,0.869924664568218
139140,0.981779542200711
139141,2.5232260851703
139142,0.602628197042113
139143,0.515586468333703
139144,0.475787133163418
139145,0.584367468969706
139146,0.624546338488211
139147,2.30915701335817
139148,0.656706463813644
139149,0.39886154647289
139150,0.412359339375878
139151,0.485759993987949
139152,0.654222624579761
139153,1.94192471656679
139154,0.316422112384761
139155,0.212479428152004
139156,0.181495886520053
139157,0.277837883469862
139158,0.323620334049742
139159,2.36369669319941
139160,0.31122453106467
139161,0.218858681041941
139162,0.181393459911423
139163,0.241395726146239
139164,0.338285847866746
139165,2.61185170972405
139166,0.30895619363185
139167,0.219221604147334
139168,0.165260277825969
139169,0.234249405719047
139170,0.355626686947237
139171,3.42989837316693
139172,0.323347443076185
139173,0.203157784063128
139174,0.144122065858346
139175,0.220197598629359
139176,0.338730579511871
139177,3.19440272988559
139178,0.38455698662604
139179,0.223834998895611
139180,0.165715060242825
139181,0.259831668310082
139182,0.383877661046941
139183,4.30178961193914
139184,0.613392486130595
139185,0.395811803290596
139186,0.269621247087399
139187,0.391375820540206
139188,0.652192733928917
139189,3.35325612907008
139190,0.640777036818718
139191,0.444286717708517
139192,0.330650655769105
139193,0.440885011517793
139194,0.746749559205566
139195,0.745886554558743
139196,0.252851207909309
139197,0.0094205509802293
139198,-0.020171707212707
139199,-0.0027627473638868
139200,0.345001462772222
139201,-0.0378200909722438
139202,-0.0856852389361241
139203,-0.345819208625498
139204,-0.193896978551418
139205,-0.174388327040804
139206,-0.0674848802743299
139207,-0.172899641279951
139208,-0.215217352655754
139209,-0.268614331098003
139210,-0.212126733945453
139211,-0.158291231114749
139212,-0.223215715223346
139213,-0.140454369172429
139214,-0.157216916844017
139215,-0.168419671044271
139216,-0.23031282484078
139217,-0.0393053985792984
139218,-0.15356537454626
139219,-0.0314920855735358
139220,-0.0902548910538014
139221,-0.141246095575364
139222,-0.119011054268955
139223,0.0450908139303462
139224,-0.0862263803092383
139225,0.0106838889515385
139226,0.0599058474503604
139227,-0.171244066244453
139228,-0.0145313818397195
139229,0.0845822062136965
139230,0.0941612655206809
139231,0.0741143048503368
139232,0.17558196176032
139233,-0.0992929496181246
139234,0.0559978122315799
139235,0.220640978925965
139236,0.171450646005392
139237,0.0323848343423818
139238,0.285538364464068
139239,-0.0148274501910686
139240,0.0934778208417676
139241,0.295163036335761
139242,0.26111961207415
139243,0.125841332518387
139244,0.283793470094477
139245,-3.13794935659655e-05
139246,-0.346320888105865
139247,0.298247542059094
139248,0.332864586481372
139249,0.490095889984179
139250,0.588335542913244
139251,0.168048875220252
139252,0.0963002477549414
139253,0.570826330536951
139254,0.757968458654278
139255,2.67119726046055
139256,2.14804244036208
139257,1.40328730803197
139258,1.19167310278746
139259,1.60285692901466
139260,1.9385749138729
139261,2.98921653714118
139262,1.8101590238443
139263,1.36466919503451
139264,0.804820476264715
139265,1.18500871455387
139266,1.90217287509898
139267,2.80927964716731
139268,1.12900326775474
139269,1.09831678811128
139270,0.686639264451203
139271,0.880714475142328
139272,1.24868051902907
139273,1.96607630266126
139274,0.753008963011568
139275,0.845390740860838
139276,0.433764853946713
139277,0.674633500474286
139278,0.82485605233128
139279,1.82680152188588
139280,0.410388784906288
139281,0.555465441372761
139282,0.361597239410478
139283,0.488659246782435
139284,0.534472876349895
139285,1.79552555271953
139286,0.0724580902450684
139287,0.306950579018576
139288,0.154283551757213
139289,0.321092143690086
139290,0.11671090817151
139291,1.90877854864849
139292,0.0644388925780113
139293,0.22871294191942
139294,0.198579664405748
139295,0.244359879225751
139296,0.0475925438286812
139297,1.3409824787035
139298,0.0119394913604133
139299,0.0925063013229914
139300,0.0376558347250748
139301,0.0693454191420255
139302,-0.0611593725343777
139303,1.44066135484347
139304,0.127354121300583
139305,0.0986484824503212
139306,0.0301853425627478
139307,0.0795640978734083
139308,0.011800293934774
139309,1.2964470074455
139310,0.094940613641202
139311,0.0807263219639605
139312,0.00737334079862287
139313,0.0705847350278077
139314,0.0653720833042733
139315,1.31686565447776
139316,0.123273886375561
139317,0.122679905975842
139318,0.0460968195330026
139319,0.109128525980165
139320,0.0957023595308776
139321,1.56268885551593
139322,0.174503785957483
139323,0.134497639426612
139324,0.0757689788404149
139325,0.136203150106544
139326,0.205421141005283
139327,1.87899574717102
139328,0.407526964808649
139329,0.324306833410942
139330,0.195897580320135
139331,0.275731814568874
139332,0.385944804398119
139333,1.62116275823913
139334,0.445168623405117
139335,0.313134412175815
139336,0.220725752355989
139337,0.288796464781555
139338,0.467763524421034
139339,0.420377434742951
139340,0.0762614798251995
139341,-0.0986345489156935
139342,-0.14275539813338
139343,-0.0812912110035176
139344,0.0810526528177204
139345,-0.153572487440178
139346,-0.214889733231603
139347,-0.340756498378341
139348,-0.352835276136553
139349,-0.192730360229862
139350,-0.2381900587652
139351,-0.28414594649898
139352,-0.291553994082713
139353,-0.221587691436058
139354,-0.26501636825985
139355,-0.164293616877818
139356,-0.286575585178521
139357,-0.202895826354783
139358,-0.233126997363655
139359,-0.118396205931631
139360,-0.185519396194841
139361,-0.0818396913027747
139362,-0.257722320134826
139363,-0.0783079281499718
139364,-0.0597780566363721
139365,0.0473529612731031
139366,-0.0567301271232525
139367,0.0102952170595471
139368,-0.0441951223510289
139369,-0.0571516270598076
139370,0.117891646128336
139371,0.153473572323693
139372,0.0234339558833601
139373,0.163498343147261
139374,0.155941464336521
139375,-0.0695050495949508
139376,0.175953231132621
139377,0.242725141048934
139378,0.114063463422182
139379,0.166160498345412
139380,0.197005264816775
139381,0.130795986328435
139382,0.311994550340477
139383,0.346482380787209
139384,0.219758120846911
139385,0.402373940926649
139386,0.336768878410376
139387,0.176508601968605
139388,0.399911869755284
139389,0.257648217298471
139390,0.136115933655469
139391,0.404384480577986
139392,0.466030764476535
139393,0.666812932760148
139394,0.794827898037952
139395,0.623512433988802
139396,0.557916448992026
139397,-0.0211668728864785
139398,0.973864213445993
139399,3.46313246225855
139400,2.57512716273629
139401,1.99918466701901
139402,1.38870284690831
139403,0.995450414641674
139404,2.42239656070858
139405,3.48923689717003
139406,2.13167966840173
139407,1.75432762335209
139408,1.04771967245284
139409,1.68663542341139
139410,1.90277398504995
139411,2.787513075262
139412,1.07083392198917
139413,1.07136614544966
139414,0.761497971215811
139415,1.11936780610398
139416,1.11847272096561
139417,2.96905315183791
139418,0.63497811705513
139419,0.787669193493636
139420,0.517225030679041
139421,0.80802004765837
139422,0.822724087925375
139423,2.01472434294924
139424,0.309512277988688
139425,0.454581571189825
139426,0.224019226603808
139427,0.404188316888393
139428,0.424511176796748
139429,1.96151004503527
139430,0.119098634627382
139431,0.17612505288572
139432,0.112540622607129
139433,0.200118070933819
139434,0.165444493233633
139435,2.45025696869239
139436,0.0955058540559406
139437,0.192626657319723
139438,0.225513654172527
139439,0.281993106903831
139440,-0.00817042294247881
139441,1.17859736123397
139442,-0.112659964190759
139443,0.0811509244583398
139444,0.0844208106003157
139445,0.108337093630614
139446,-0.0960417196803321
139447,1.25884320239353
139448,-0.0883631719532433
139449,0.0731129021927952
139450,0.0861470777361835
139451,0.0574639900027699
139452,-0.221585941970416
139453,2.16649570588437
139454,-0.0604114354053051
139455,0.182362573980852
139456,-0.0297244111740681
139457,0.097168027766531
139458,-0.0528760366182138
139459,2.32356551658099
139460,0.0430356105666745
139461,0.283704758932442
139462,0.127090675468619
139463,0.0904232983419932
139464,-0.00430577718303519
139465,1.98025873048856
139466,0.0958447090234827
139467,0.370170213105514
139468,0.117370370090128
139469,0.15606113256405
139470,0.0746255647816511
139471,2.20725577854778
139472,0.161647656287928
139473,0.320452503472396
139474,0.146858493278655
139475,0.231781587141301
139476,0.139690563732915
139477,1.75682646816792
139478,0.26100111140558
139479,0.307538475839498
139480,0.205935293043717
139481,0.272023589932519
139482,0.240274129602982
139483,0.511272691550685
139484,0.0193823992622862
139485,-0.0132622067133529
139486,-0.0753633663156909
139487,-0.0478022173547539
139488,0.0519016350601127
139489,-0.157776301498894
139490,-0.248521280449063
139491,-0.435980372112785
139492,-0.367640844973895
139493,-0.394685445621814
139494,-0.374846348477126
139495,-0.212175224302638
139496,-0.406512631508561
139497,-0.36283001903046
139498,-0.346589869054567
139499,-0.226046044444624
139500,-0.481988303966371
139501,-0.44309731563043
139502,-0.350757131277909
139503,-0.293065699448581
139504,-0.255062068058473
139505,-0.179818675361932
139506,-0.327778869532104
139507,-0.271137173321431
139508,-0.321596468903131
139509,-0.21208468269866
139510,-0.123043989937738
139511,-0.0837639746993781
139512,-0.283372943863823
139513,-0.336469487123223
139514,-0.277334058205979
139515,-0.0658131554455789
139516,0.0253388877802842
139517,0.114510524769294
139518,-0.222865226634433
139519,-0.473558219712665
139520,-0.393774977755118
139521,-0.00154002653355806
139522,-0.0121015371807905
139523,0.126765997381024
139524,-0.223769645942021
139525,-0.922833839049765
139526,-0.475664422335002
139527,0.0761223061900307
139528,0.0432505815305979
139529,0.141714587792075
139530,-0.537385070660514
139531,-0.840521275270541
139532,-0.611415744716655
139533,0.144896080906089
139534,0.0684509770290697
139535,0.234370870303673
139536,-0.547372912642684
139537,-0.474942438126891
139538,-0.432106009554021
139539,0.215475677349489
139540,0.210311688371663
139541,0.307183580454896
139542,-0.548457238352484
139543,1.02844943285934
139544,0.383220159931835
139545,1.61606677892074
139546,1.33107215276859
139547,1.55937971384926
139548,0.374224529623335
139549,1.74000677514685
139550,0.599232240216681
139551,1.01699139668422
139552,1.19442728556381
139553,1.36583716508126
139554,0.771109457059883
139555,1.49299375638762
139556,0.153865707389307
139557,0.429460462312888
139558,0.401128600541508
139559,0.598261649771446
139560,0.125400628574371
139561,1.06337594350194
139562,-0.101306236015287
139563,0.199258235883731
139564,0.180083490241311
139565,0.225906513025208
139566,-0.186647115489065
139567,0.910432324392031
139568,-0.414693036069316
139569,0.0865233605143099
139570,-0.273770666980046
139571,-0.0450715168772065
139572,-0.40981824178934
139573,0.642027578842154
139574,-0.583290630444434
139575,0.00845912271971967
139576,-0.291021400419392
139577,-0.149181569913998
139578,-0.505498092529942
139579,0.511409107498899
139580,-0.93022964506849
139581,-0.129233596418915
139582,-0.152037786428372
139583,-0.325012779400215
139584,-0.801405958918342
139585,0.356429240323643
139586,-0.972477030888111
139587,-0.052329598739876
139588,-0.260723881344775
139589,-0.683813458773519
139590,-0.913332108469948
139591,0.306168491611222
139592,-1.23355956522253
139593,-0.0769855514096524
139594,-0.284683568801373
139595,-0.439401981221763
139596,-1.09281012574827
139597,0.316693208045756
139598,-1.05241668577114
139599,-0.0283521583574789
139600,-0.255472460878504
139601,-0.275722388213013
139602,-1.0436841389504
139603,0.279864702730104
139604,-1.06841875206305
139605,-0.0513386537598711
139606,-0.281723974316565
139607,-0.243851198345585
139608,-0.786453789125249
139609,0.503038128640072
139610,-0.98440637009383
139611,0.0171567937992884
139612,-0.21083461979536
139613,-0.124764252947632
139614,-0.807212131238667
139615,0.563975779243043
139616,-0.499647360670348
139617,0.0116185669709357
139618,-0.140880637504809
139619,-0.0330705785030722
139620,-0.354769238081455
139621,0.228536863183227
139622,-0.398603923076106
139623,0.0286433467857223
139624,0.0218217547948628
139625,0.00981363670804934
139626,-0.295262969534408
139627,-0.368552021394453
139628,-0.346126912467044
139629,-0.409716309423718
139630,-0.424243955854886
139631,-0.37020856662514
139632,-0.338632136827028
139633,-0.924913497061551
139634,-1.10883891865392
139635,-1.0332413633669
139636,-1.09101000075161
139637,-1.01178838930296
139638,-1.25412120261928
139639,-1.43492193650946
139640,-1.67474537931193
139641,-1.01699914251996
139642,-1.13363747992883
139643,-1.02993992736446
139644,-1.57201049020268
139645,-0.980313440747749
139646,-1.72475199912453
139647,-0.975632684810819
139648,-0.965764861343525
139649,-0.964790411452927
139650,-1.77882263252659
139651,-0.628368188422523
139652,-1.14474455024816
139653,-0.725410860983829
139654,-0.645747476761236
139655,-0.554883314901895
139656,-1.23411684763864
139657,-0.300917287011081
139658,-0.915033944385476
139659,-0.528848411790312
139660,-0.395907642745451
139661,-0.282753024844321
139662,-0.679160592113591
139663,-0.115355247308512
139664,-0.677235974866594
139665,-0.305282327705154
139666,-0.272542601283931
139667,-0.165278656576879
139668,-0.636939072040383
139669,0.106736683570809
139670,-0.678529298579652
139671,-0.191103401177266
139672,-0.191754525488611
139673,-0.0312999385479449
139674,-0.719951555684172
139675,-0.501730790956673
139676,-0.435553076860664
139677,-0.234107893510688
139678,-0.249462410538424
139679,0.0270780100299947
139680,-0.45044290524888
139681,0.468275242773876
139682,0.0261250353171813
139683,-0.0741767999380529
139684,-0.0275428105986298
139685,0.218435419994674
139686,-0.151212354662776
139687,3.86775580379528
139688,1.0636231650881
139689,0.918195376786551
139690,1.16875314183517
139691,1.29343073170495
139692,0.688557519750206
139693,4.81347098958367
139694,1.00258549208358
139695,0.675835010306097
139696,0.944885746397805
139697,1.01151213904348
139698,0.503445073052754
139699,4.47045242593146
139700,0.662125292393128
139701,0.288083328437092
139702,0.179499909841032
139703,0.373280996524909
139704,0.37934529811484
139705,3.83453468715637
139706,0.331013900715505
139707,0.226944513654182
139708,0.101634340030129
139709,0.297249978963247
139710,0.311378113871342
139711,1.51517510479954
139712,0.202085175671297
139713,0.178340237844975
139714,-0.130570113141013
139715,-0.05521668948074
139716,0.26769129861971
139717,1.36145713353982
139718,0.159170126785099
139719,0.0371891849879384
139720,-0.468584212439191
139721,-0.295324481913963
139722,0.118250571706267
139723,1.00729356883538
139724,-0.429307653599968
139725,-0.0324387242049788
139726,-0.325464542515123
139727,-0.383504812917875
139728,-0.327380449591501
139729,1.40117570289613
139730,-0.411214205443346
139731,0.0719702601615348
139732,-0.256606015415885
139733,-0.370444791731629
139734,-0.26367078224678
139735,1.34445829006624
139736,-0.5725310327131
139737,0.0268659419309376
139738,-0.195530515626006
139739,-0.289313131493814
139740,-0.330502375038551
139741,1.48910269230591
139742,-0.644182538120064
139743,0.0308702679643777
139744,-0.19554287515003
139745,-0.263004990855522
139746,-0.13709011628934
139747,1.40099369123546
139748,-0.265383070186388
139749,0.00429901918115936
139750,-0.1851116178381
139751,-0.276033209668895
139752,-0.233589686453944
139753,1.65493559819319
139754,0.00409995410808887
139755,0.164026690067827
139756,-0.0824224572008107
139757,-0.0544980523522881
139758,0.0683905676349448
139759,1.73057532793778
139760,0.184304468159507
139761,0.24016648535164
139762,0.04411121119089
139763,0.184250196388748
139764,0.246005125886131
139765,1.67636910098956
139766,0.350733527758565
139767,0.400974216114225
139768,0.311914183451061
139769,0.317307430071897
139770,0.413482413605059
139771,0.663160615334597
139772,0.0706410755614616
139773,0.0740464698099832
139774,-0.0345482643416529
139775,0.0814766307000303
139776,0.207517568041909
139777,0.0225302797457371
139778,-0.0857084582519134
139779,-0.303669728552475
139780,-0.39886163747825
139781,-0.348700155560112
139782,-0.0820843883413372
139783,-0.049240808182844
139784,-0.154350531823307
139785,-0.182333358787167
139786,-0.357747221051068
139787,-0.292739237442958
139788,-0.0627382716161411
139789,0.0961345558081801
139790,-0.0551820920047541
139791,-0.171227312670191
139792,-0.320539700481731
139793,-0.265004418157956
139794,-0.00791788410320941
139795,0.0603757284207031
139796,-0.0393612974483364
139797,-0.140675091556086
139798,-0.293819721444123
139799,-0.0392546117025612
139800,0.0144568922129644
139801,0.0557407176540539
139802,0.10933171900307
139803,0.0299935184678199
139804,-0.149663128684435
139805,0.0780147036992904
139806,0.209092400952029
139807,0.384809737873721
139808,0.21201677773324
139809,0.0914774503028031
139810,-0.0895813818843844
139811,-0.00265350147313408
139812,0.230447879926764
139813,0.318291719453836
139814,0.223657163799274
139815,0.102640906429466
139816,-0.209107471238623
139817,-0.111579918758598
139818,0.253611666809819
139819,-0.0441795107831687
139820,0.25563105303562
139821,0.0800510005579383
139822,-0.107906039489664
139823,-0.0738851636655607
139824,0.258617577876781
139825,0.560829896353417
139826,0.566706785239862
139827,0.07875015277606
139828,0.0219992407857309
139829,0.465364920172154
139830,0.52987758442929
139831,2.08409651558687
139832,1.61076223295062
139833,0.864074723678673
139834,1.11008038342183
139835,1.18972966270334
139836,1.76748210912913
139837,2.43314737772021
139838,1.30004215204029
139839,0.862083338423193
139840,0.259268691239616
139841,1.07071030070616
139842,1.57512024209332
139843,2.08555249894662
139844,0.966958764038318
139845,0.707419370819637
139846,0.447794992087651
139847,0.30560556802204
139848,0.934542834177746
139849,1.58124669003003
139850,0.549015426477085
139851,0.431243776015546
139852,0.178353477244728
139853,0.181411341064288
139854,0.370881311091544
139855,1.0101115461207
139856,0.236411870449589
139857,0.200827097459193
139858,0.0765517750533418
139859,-0.143853841800746
139860,0.119109874134027
139861,0.875012832223038
139862,0.18674441451266
139863,0.0820749399082191
139864,-0.116649806801752
139865,-0.00867851063017819
139866,-0.0530100360784088
139867,1.05547315428391
139868,-0.0791929760214924
139869,0.0847773722737829
139870,-0.16296463597037
139871,-0.212849166131045
139872,-0.297660031247802
139873,0.663677487287478
139874,-0.232956190005724
139875,0.0224122704682251
139876,-0.101177295507649
139877,-0.108119723543829
139878,-0.415244831643955
139879,0.684671920144585
139880,-0.149468878291966
139881,0.108480900439095
139882,-0.0966988240599822
139883,-0.128630284780495
139884,-0.338469715115061
139885,0.749361347757133
139886,-0.0502502543241545
139887,0.125875237203737
139888,-0.045770707642191
139889,-0.0692858101076245
139890,-0.284707488454849
139891,0.952311918285566
139892,-0.0688021546636207
139893,0.12387315183864
139894,-0.0553981667049711
139895,-0.0878119165542983
139896,-0.217737662546698
139897,1.12432587328708
139898,0.0947039404437983
139899,0.161682832127273
139900,0.0318584241667962
139901,0.0609200194992971
139902,-0.0383414486133745
139903,1.28095643343041
139904,0.278439525777579
139905,0.255576809237309
139906,0.17909147198973
139907,0.190409958375639
139908,0.172865768897101
139909,1.35878384767864
139910,0.437128815040989
139911,0.382284296865602
139912,0.299792800465971
139913,0.404536697854652
139914,0.300144032119337
139915,0.518373563200406
139916,0.0783010245450541
139917,-0.0573285760247706
139918,-0.107318844227078
139919,-0.0882740271516164
139920,0.0278635742636113
139921,-0.291563230906892
139922,-0.110229556460511
139923,-0.386486916026264
139924,-0.328371792613226
139925,-0.200702206400054
139926,-0.354219403004126
139927,-0.532508663666789
139928,-0.495492829448617
139929,-0.43395371299804
139930,-0.339903480517145
139931,-0.222722689959838
139932,-0.467254537803015
139933,-1.17663103918152
139934,-0.39434889264725
139935,-0.368919606205107
139936,-0.237665802387821
139937,-0.167167322028396
139938,-0.374592397616314
139939,-1.29611091770288
139940,-0.381264807736315
139941,-0.206380900315717
139942,-0.069540640687079
139943,-0.0155369774380322
139944,-0.389405662444991
139945,-1.06665698761446
139946,-0.293473968818493
139947,0.0152321565653838
139948,0.0548537097730604
139949,0.140046979879577
139950,-0.284901535636666
139951,-0.987127471305975
139952,-0.153469726051206
139953,0.0897148926717111
139954,0.11637747219809
139955,0.210868033692849
139956,-0.14847690838392
139957,-0.974044045956732
139958,-0.156649394787453
139959,0.105260104525983
139960,0.119691270874644
139961,0.241792012195315
139962,-0.109868323064535
139963,-0.996459272727113
139964,-0.208410374289738
139965,0.130231324370601
139966,0.165580958341966
139967,0.270834807312153
139968,-0.127243218511943
139969,-0.391598034638173
139970,0.206515451432201
139971,0.520011638811196
139972,0.378698811743137
139973,0.581851306598566
139974,0.367003725474503
139975,1.71963767480168
139976,1.48458353699337
139977,1.56673305022333
139978,1.2576687823874
139979,1.15378661736879
139980,1.49884782193939
139981,2.39752049397249
139982,1.08255343969739
139983,0.891854947441785
139984,1.1855273302239
139985,0.753379300120236
139986,1.23620669339223
139987,2.48962523829215
139988,1.00347579958357
139989,0.633515205345518
139990,0.583474372605418
139991,0.60638111318832
139992,0.93196667528724
139993,1.96020032860611
139994,0.379941008740202
139995,0.450661252343694
139996,0.285826038999125
139997,0.539136892766609
139998,0.579209462932911
139999,1.50138136910293
140000,0.0295283737153071
140001,0.117239360538112
140002,0.00695347337920759
140003,0.147657291972981
140004,0.0217067818114079
140005,1.28312064060138
140006,-0.164476963896037
140007,0.00109938259324631
140008,-0.222726792285547
140009,0.0840583976032844
140010,-0.246133854770203
140011,1.57605868623902
140012,-0.232648243265865
140013,0.0361704473360796
140014,-0.141826409512899
140015,-0.0429283407106502
140016,-0.114965077324699
140017,1.44050957768554
140018,-0.216325462333631
140019,-0.0208054254041277
140020,-0.0625089686801439
140021,0.0681110650595657
140022,-0.26428252622612
140023,1.7675610366968
140024,-0.14167896558637
140025,-0.0458957713811027
140026,-0.0623445478149436
140027,0.0575488572157658
140028,-0.127927576579872
140029,2.13045899009169
140030,-0.0558973769546362
140031,0.0846750108703575
140032,-0.0052922504982938
140033,0.0548892570769829
140034,-0.0270190902584615
140035,1.9495099529
140036,-0.0011359837883766
140037,0.139966978171998
140038,0.00278651338788803
140039,0.108946024668734
140040,0.0277771434840014
140041,2.82662263906077
140042,0.157690786297947
140043,0.260328309688562
140044,0.0978990488342587
140045,0.17098886724792
140046,0.208517609505095
140047,4.55211093775573
140048,0.414755944940123
140049,0.480295346155464
140050,0.316092569650466
140051,0.34203738500683
140052,0.39586337375202
140053,3.10949295331775
140054,0.433455482531229
140055,0.502514253478851
140056,0.34301071812593
140057,0.329159215989565
140058,0.426135587914681
140059,0.461561732212448
140060,0.0687190694369877
140061,0.0167404070946078
140062,-0.0879352420815213
140063,-0.0729268622128036
140064,0.0536092889023389
140065,-0.201754375280746
140066,-0.16463205069345
140067,-0.359927212013745
140068,-0.339768391249825
140069,-0.277686070243418
140070,-0.171901143298607
140071,-0.365936163860916
140072,-0.16698606750219
140073,-0.305023312968637
140074,-0.234060872525563
140075,-0.192378414949052
140076,-0.267735623063386
140077,-0.76352208366942
140078,-0.250541726344155
140079,-0.229581237548525
140080,-0.114650344785519
140081,-0.0861526270745982
140082,-0.21154929812208
140083,-0.76085037648377
140084,-0.128009293349399
140085,-0.0979334799977379
140086,-0.0183873207225686
140087,0.0219696105873895
140088,-0.148996985888573
140089,-0.517231981184101
140090,-0.0809792087913924
140091,0.083956652680326
140092,0.0983674445624519
140093,0.174810927109138
140094,-0.00712964549046508
140095,-0.469850599938466
140096,-2.38828436180954e-05
140097,0.146412904787088
140098,0.15616542518464
140099,0.241415584159
140100,-0.0347270990744805
140101,-0.491551216510072
140102,-0.0395231113051873
140103,0.232887699427101
140104,0.218575332052558
140105,0.314279460519566
140106,0.0215422451268392
140107,-0.443322594099459
140108,-0.132325515716501
140109,0.22848258167794
140110,0.201264207389458
140111,0.285331530650854
140112,-0.0989310446038632
140113,-0.21683572959057
140114,0.215530133568775
140115,0.514130079104537
140116,0.51189289503083
140117,0.592019037938554
140118,0.147183661852648
140119,2.45206996252694
140120,1.12698538572611
140121,1.72077823868292
140122,1.66517939085536
140123,1.65032957310679
140124,1.09803024089217
140125,3.18711509148422
140126,0.763864566323077
140127,0.954464274363979
140128,0.969631980645295
140129,1.16927989031564
140130,0.781866332963716
140131,2.69063440029673
140132,0.213132536880571
140133,0.549174796800848
140134,0.380584630574617
140135,0.708407516014887
140136,0.523444206653477
140137,1.48998466933214
140138,-0.0457007084895731
140139,0.207584531556405
140140,-0.192272084280505
140141,0.0755689463008686
140142,0.0352207819636553
140143,1.19155819715499
140144,-0.327426069323101
140145,0.100293627060944
140146,-0.22644825738539
140147,-0.096812920626898
140148,-0.21264205574668
140149,1.31638895301931
140150,-0.45799504848535
140151,0.088306187869483
140152,-0.188982231318738
140153,-0.0384608114670078
140154,-0.335783952766235
140155,1.4233484091589
140156,-0.402962214456076
140157,0.052674817571733
140158,-0.182114371118214
140159,-0.179287495888035
140160,-0.606828561347873
140161,1.07227447698452
140162,-0.474863705729555
140163,0.0546809297496196
140164,-0.0710338010643541
140165,-0.246069186791174
140166,-0.604618937701995
140167,1.12274529710551
140168,-0.487280199378515
140169,0.0825288102752758
140170,-0.0552981371283808
140171,-0.186771051845721
140172,-0.58158879202724
140173,1.22955158289347
140174,-0.242782515842637
140175,0.152926309828015
140176,-0.143487413677653
140177,-0.0470171380087261
140178,-0.345771041756887
140179,0.94564530091806
140180,-0.167339566937996
140181,0.16596908772511
140182,-0.0917629987092119
140183,0.0875260339100525
140184,-0.265990261970895
140185,1.33995968169227
140186,0.00640066042612722
140187,0.270795150400183
140188,0.0747807284340272
140189,0.209645989047408
140190,-0.0285255643315607
140191,1.37807923826904
140192,0.154928988192696
140193,0.454588489434076
140194,0.318268255767822
140195,0.361280521981392
140196,0.132309703188497
140197,1.12582606183931
140198,0.124577794164958
140199,0.430403344850721
140200,0.35899641601417
140201,0.385896838716398
140202,0.124516318029831
140203,0.104207844219145
140204,-0.0651386099942718
140205,0.112580883148363
140206,0.074298753443678
140207,0.122548711301368
140208,-0.0493304854926008
140209,-0.593835844841024
140210,-0.340338718299454
140211,-0.266776051551141
140212,-0.387298101430688
140213,-0.326831913943024
140214,-0.396299460607468
140215,-0.995965409626937
140216,-0.618227784216619
140217,-0.340149032399624
140218,-0.436022271440888
140219,-0.365073598819593
140220,-0.618806283885718
140221,-1.23976681306718
140222,-0.668606639164362
140223,-0.325763007362973
140224,-0.406965733116267
140225,-0.325728996068234
140226,-0.656574481392921
140227,-1.21626053879223
140228,-0.572431002666513
140229,-0.261327852354983
140230,-0.273730860416331
140231,-0.159065807691113
140232,-0.62291040412032
140233,-1.03397277267778
140234,-0.470963251009044
140235,-0.114077802276719
140236,-0.0887862211245071
140237,-0.033567730946376
140238,-0.504855184555015
140239,-1.00290361504814
140240,-0.61368970620376
140241,-0.0746637325553647
140242,-0.0148793903532777
140243,0.126416861209971
140244,-0.4448992656975
140245,-0.85075684539351
140246,-0.557077613842063
140247,-0.0488732442068147
140248,-0.0452564585254594
140249,0.170226251471356
140250,-0.409915973956811
140251,-0.83556913190986
140252,-0.398612325084663
140253,0.0500435847004626
140254,-0.00333449740501813
140255,0.215933343061779
140256,-0.368678023507398
140257,-0.353978822214931
140258,-0.252983524616294
140259,0.193092063073757
140260,0.052041947419975
140261,0.391933750854687
140262,-0.271803853689122
140263,1.01648114827977
140264,0.279682303312544
140265,0.749921474141385
140266,0.711329613925386
140267,1.06090609696881
140268,0.27751417860873
140269,1.83747975166978
140270,0.31420710068624
140271,0.493823949422134
140272,0.457321092183734
140273,0.732602722320981
140274,0.158532479735138
140275,1.23279776119553
140276,-0.247192447789319
140277,0.289686668876714
140278,0.164476723037432
140279,0.305504109704429
140280,0.0391207018037358
140281,1.19217725089308
140282,-0.295492256821859
140283,0.20560782449102
140284,-0.39343654376537
140285,0.0265532117884283
140286,-0.413432441175871
140287,1.20862743049016
140288,-0.496873265424656
140289,0.0824092331831243
140290,-0.357369550839872
140291,-0.0607653217400391
140292,-0.608863260260425
140293,1.18511440717639
140294,-0.930235703140849
140295,0.0346170408740654
140296,-0.420072450300646
140297,-0.298414354800352
140298,-0.915831609819633
140299,1.0257670978329
140300,-0.541627033966817
140301,-0.048585066531758
140302,-0.47624929788923
140303,-0.412170490890148
140304,-0.609862383388164
140305,1.22251564185833
140306,-0.472122377786256
140307,0.108958668483023
140308,-0.120936864125505
140309,-0.134171848538645
140310,-0.699498194883562
140311,1.3044298746171
140312,-0.458263522528106
140313,0.142881269646425
140314,-0.0600627314555288
140315,-0.0740826059890334
140316,-0.589194192468532
140317,1.09324397186678
140318,-0.385714824524107
140319,0.142371757526859
140320,-0.0854857049098445
140321,-0.0914962244080773
140322,-0.448984453889984
140323,1.08943874412396
140324,-0.193857419239432
140325,0.209927893207608
140326,-0.0454178084627563
140327,0.0277823595490133
140328,-0.373087816777001
140329,1.73114352642231
140330,0.0118833214676008
140331,0.258196816482506
140332,0.0690516094723175
140333,0.143759815042448
140334,-0.159867004986736
140335,2.23516308483657
140336,0.21285436083227
140337,0.44482446145723
140338,0.212086986278034
140339,0.346534071072379
140340,0.232694068541712
140341,1.79326034960062
140342,0.285484444645968
140343,0.491488744341495
140344,0.218856932711994
140345,0.378574933621275
140346,0.208633596880074
140347,0.733079659949205
140348,0.0623754347084143
140349,0.224204223005122
140350,-0.0336460664075085
140351,0.119715060024602
140352,0.0936138677256815
140353,0.075536270538462
140354,-0.204883121230335
140355,-0.241052045889737
140356,-0.315425490865031
140357,-0.307163842367891
140358,-0.293514447574116
140359,0.0476604506272549
140360,-0.684505424827726
140361,-0.194752330407527
140362,-0.369818904242796
140363,-0.258186278527044
140364,-0.731818501633609
140365,0.145018663087163
140366,-0.728136613897827
140367,-0.118210119817289
140368,-0.274609153270621
140369,-0.19616568349969
140370,-0.781744029908765
140371,0.268973419402588
140372,-0.224744308339731
140373,0.0424851967032348
140374,-0.0254833269887116
140375,0.0500817734693176
140376,-0.275779063110336
140377,0.460230172928747
140378,-0.107574764308797
140379,0.20631948485476
140380,0.178184691678666
140381,0.278763026759906
140382,-0.130749151302499
140383,0.646153652303912
140384,0.0547396842544589
140385,0.376551723781491
140386,0.334082829263976
140387,0.477772163344832
140388,0.125967180542493
140389,0.686770500049649
140390,0.0117381223439696
140391,0.447533166700512
140392,0.406045069329083
140393,0.537404892261164
140394,0.18188066596155
140395,0.597341699660661
140396,0.0631620698945933
140397,0.338526456337598
140398,0.346593172329042
140399,0.451101166012133
140400,-0.111499970156915
140401,1.09377335229713
140402,0.59164418116039
140403,0.63343703347687
140404,0.583577035883488
140405,0.733430439208806
140406,0.433725299965664
140407,5.12917589774897
140408,1.48286509605026
140409,1.29563862061914
140410,1.7132184562039
140411,2.10039528503431
140412,1.51900259114545
140413,3.44476103986765
140414,0.834098400844483
140415,0.903246097513007
140416,0.850226089878205
140417,1.09390398243197
140418,0.944223836110481
140419,3.147690574746
140420,0.456169664572438
140421,0.599372798358927
140422,0.54289266593608
140423,0.653608001828533
140424,0.346840601346888
140425,1.3804531720351
140426,0.0557667785019506
140427,0.380229018507351
140428,-0.0238669067012918
140429,0.340911087432513
140430,-0.0625512682209819
140431,1.27750091715605
140432,-0.222182064619835
140433,0.236430681302097
140434,-0.570216904234401
140435,-0.219908139315982
140436,-0.207033059600137
140437,1.35990627234205
140438,-0.439193311326821
140439,0.0833743703168624
140440,-0.449324443657783
140441,-0.360244433801489
140442,-0.434732125617582
140443,1.69006633772412
140444,-0.621058499448498
140445,0.118434591160411
140446,-0.26191856435554
140447,-0.240766086777867
140448,-0.48548974865777
140449,1.08695405377499
140450,-0.485739180569361
140451,0.122683171095538
140452,-0.036544257356042
140453,-0.194638050264853
140454,-0.391011050155578
140455,1.35813240556232
140456,-0.401913355926985
140457,0.115950150056704
140458,-0.025064192326774
140459,-0.126456556026749
140460,-0.431074296577017
140461,1.2853196495827
140462,-0.565582490133994
140463,0.0668460994670421
140464,-0.0138546580893161
140465,-0.13384597488726
140466,-0.671428029017498
140467,1.22215806183994
140468,-0.663793795183262
140469,0.0637336232228474
140470,-0.0621990299876649
140471,-0.124076906403184
140472,-0.647234046074251
140473,1.63182213069203
140474,-0.494091902542219
140475,0.104736274904798
140476,0.00104484247769244
140477,0.0170272861505245
140478,-0.424928780342078
140479,1.78234931956473
140480,-0.114617025625078
140481,0.162995315869759
140482,0.012480329637063
140483,0.0536742525102729
140484,-0.270336876828424
140485,2.68352128789721
140486,0.0507228862951122
140487,0.111086882344837
140488,0.0586644327213428
140489,0.144438858458499
140490,-0.112972065509162
140491,1.24079373796326
140492,-0.488953794820505
140493,-0.000681749204435318
140494,-0.160735852196107
140495,0.0192598155347851
140496,-0.333231804881036
140497,0.421115454881482
140498,-0.394589438966847
140499,-0.119359806301927
140500,-0.239113336333413
140501,-0.0515105534089771
140502,-0.393024300013383
140503,0.401069183458279
140504,0.0414376105929027
140505,-0.314841292819216
140506,-0.402602563013991
140507,-0.0955366502522798
140508,0.0644271989872674
140509,0.0504951684649013
140510,-0.122244588562065
140511,-0.187646607505512
140512,-0.316741024932267
140513,-0.0550733306097825
140514,0.0325518381120884
140515,-0.559814775675117
140516,-0.225657665045753
140517,-0.15381423197869
140518,-0.213885024196341
140519,-0.0274784837472175
140520,-0.246990802034498
140521,-1.12535844583123
140522,-0.25690773439228
140523,-0.114173592124344
140524,-0.0973018909741666
140525,0.149536623569603
140526,-0.240771763681157
140527,-1.10215609908949
140528,-0.0588358938808009
140529,-0.0387296123641805
140530,0.0707033919023871
140531,0.200915797731139
140532,-0.266582119695186
140533,-1.11223917079484
140534,-0.0790054311433035
140535,0.000639311858195205
140536,0.065831159269038
140537,0.227774345480226
140538,-0.0784857639496958
140539,-0.693251476430453
140540,0.0927412577876218
140541,0.0885652925103913
140542,0.118874874894806
140543,0.347850745810897
140544,0.0972819969098036
140545,0.150999763515417
140546,0.361486637009121
140547,0.312939428327212
140548,0.168482382626992
140549,0.474878757304966
140550,0.346102394924107
140551,3.74064386195642
140552,1.05959252011545
140553,1.79177475969812
140554,1.24108525875859
140555,1.83899617230856
140556,1.55453307124302
140557,8.25948280534201
140558,1.27508940199703
140559,1.26775440260927
140560,0.954724993550781
140561,1.3425033160571
140562,1.04043602572059
140563,8.36782554043566
140564,0.635118598935913
140565,0.624678649743336
140566,0.558095003126251
140567,0.772391728010154
140568,0.735494153644499
140569,6.85418231201109
140570,0.397793635989739
140571,0.39153877369394
140572,0.32163474224699
140573,0.47176156338141
140574,0.392729663663367
140575,3.94727844902515
140576,0.387161623264236
140577,0.197181008321404
140578,-0.0907307358634824
140579,0.223397720454357
140580,0.326171054595603
140581,2.66863858216609
140582,-0.3323358919329
140583,0.105905666834532
140584,0.0121529718869335
140585,0.0265291008456195
140586,0.331705940940022
140587,2.09994051748676
140588,-0.603836078487263
140589,0.101691061705393
140590,-0.0301752132751504
140591,-0.0708768451227994
140592,-0.647892797740743
140593,1.31231941520966
140594,-0.457747853040233
140595,0.0418449240834953
140596,0.0253115861766166
140597,0.0509710877772662
140598,-0.735670535822402
140599,1.44220003869048
140600,-0.628781226739732
140601,0.0901681895908677
140602,0.0349794883644528
140603,0.0828987078337891
140604,-0.747250580935175
140605,1.01921295774533
140606,-0.233889262867925
140607,0.144684247214742
140608,0.061868659018549
140609,0.101162052679622
140610,-0.410437539575185
140611,0.699600892227833
140612,0.0149227648636306
140613,0.172067539378754
140614,0.106779443395115
140615,0.0946286997071725
140616,-0.145670799897373
140617,0.729586336845424
140618,0.105841207378347
140619,0.18130352919717
140620,0.0799988373901626
140621,0.132994509786233
140622,-0.00885545694014941
140623,1.04231175915807
140624,0.361840149298688
140625,0.161192981749976
140626,0.200267233661274
140627,0.264275073438816
140628,0.320387284331079
140629,1.1497924382905
140630,0.485826019678838
140631,0.00380967884293314
140632,0.321313196175007
140633,0.316171247840171
140634,0.429252973894071
140635,0.199772431046779
140636,0.22451262135053
140637,-0.258122675083802
140638,0.000715386456644132
140639,0.00131444736017616
140640,0.217080171335247
140641,-0.809725461986092
140642,-0.307660562956454
140643,-0.943285401128582
140644,-0.287436118494622
140645,-0.387980990407387
140646,-0.280337524381217
140647,-0.9890131451031
140648,-0.210286202049574
140649,-1.03035466581326
140650,-0.301004880155831
140651,-0.634252595952938
140652,-0.206126641806019
140653,-0.291971986277298
140654,-0.0591217251082683
140655,-0.936887157835781
140656,-0.665362633616158
140657,-0.622575707392241
140658,-0.0749391279332795
140659,-0.248573111724553
140660,-0.0308214633552939
140661,-0.857256726185115
140662,-0.784798941593933
140663,-0.352305168393328
140664,-0.0302776442007017
140665,-0.191061999424355
140666,-0.158723153485621
140667,-0.884657745432797
140668,-0.448479541494532
140669,-0.0833699782602985
140670,-0.134763133434689
140671,-0.294858193123773
140672,-0.191659390135058
140673,-0.793394421274854
140674,-0.111395710739133
140675,0.0413482631137853
140676,-0.134265030718868
140677,-0.332032773911986
140678,-0.247823287793501
140679,-0.54139304230163
140680,0.0659214935041349
140681,0.170637183727173
140682,-0.22163398084222
140683,-0.398458514999788
140684,-0.417900179495409
140685,-0.498628120858444
140686,0.059604011777015
140687,0.181448894535629
140688,-0.341052823548442
140689,0.232867237321443
140690,-0.137686924187064
140691,-0.115995827722929
140692,0.160381713876709
140693,0.166907030123598
140694,-0.127894408463867
140695,3.16633526466244
140696,0.611375948065625
140697,1.13036855060128
140698,0.824751323346138
140699,0.966421193110295
140700,0.664539080040908
140701,2.98565156524482
140702,0.672752122514028
140703,0.728524047982023
140704,0.406510045368384
140705,0.668621933612365
140706,0.718653402708186
140707,2.25302051477733
140708,0.220600506776366
140709,0.3285223634594
140710,-0.271267634278531
140711,0.151132490741935
140712,0.202015981538298
140713,1.29084429470107
140714,-0.102642415528021
140715,0.24601502351418
140716,-0.219952374714439
140717,-0.302725274161299
140718,-0.232605021035945
140719,0.720780494424878
140720,-0.783034061086748
140721,0.141460776891171
140722,-0.179988026827938
140723,-0.241135477416057
140724,-0.55232652382688
140725,0.33519610188303
140726,-1.01080682520933
140727,0.0131610505266938
140728,-0.149215243013094
140729,-0.301575730516858
140730,-1.02222190463798
140731,0.429728890606721
140732,-1.49938808739905
140733,0.0882358465074375
140734,-0.14537505622128
140735,-0.11450320732629
140736,-1.41396635436644
140737,0.272682329285309
140738,-1.72574514100841
140739,0.000355086616070532
140740,-0.0308878288479913
140741,0.0107996565985495
140742,-1.59836618982173
140743,0.178293900216702
140744,-1.90700250095824
140745,-0.0201190392520735
140746,-0.0576615680058812
140747,0.0456878340661163
140748,-1.51468041612711
140749,0.319554129626213
140750,-1.82937739928193
140751,0.0383572095301734
140752,-0.10201942583669
140753,0.0252566043787389
140754,-1.73021716960207
140755,0.30872100422441
140756,-1.86228158637666
140757,0.112261285168472
140758,-0.113089480929851
140759,0.00423569186951178
140760,-1.805699794987
140761,0.299548089199594
140762,-1.62756421693163
140763,0.134631724417948
140764,-0.0415911497342911
140765,-0.0182917869507947
140766,-1.53584961293475
140767,0.421530011568789
140768,-1.30342783463204
140769,0.233112746361155
140770,0.0759207625411176
140771,0.123304527587082
140772,-1.22572506240537
140773,0.269469414497683
140774,-1.33311848347759
140775,0.12453173276572
140776,0.0597853487511239
140777,0.0954611923887007
140778,-1.19990900898595
140779,-0.222015199634234
140780,-1.63508479612669
140781,-0.213281077446359
140782,-0.255231634861165
140783,-0.231470309480047
140784,-1.49950821224491
140785,-1.11495108801891
140786,-2.1569844697187
140787,-0.687376540198367
140788,-0.641577445578662
140789,-0.581594902754943
140790,-2.13335805150382
140791,-1.27421697439094
140792,-2.20178135797082
140793,-0.587957000551499
140794,-0.590458318257127
140795,-0.49444661360626
140796,-2.20101820148597
140797,-1.25435015534889
140798,-2.146442302912
140799,-0.619697433418494
140800,-0.564429138185017
140801,-0.425735808449484
140802,-2.1326632414946
140803,-0.933484234533192
140804,-2.11122949098193
140805,-0.622237647960093
140806,-0.378082126660978
140807,-0.346787744863732
140808,-2.15011740781381
140809,-0.747112620915113
140810,-1.73888720928722
140811,-0.39483824581205
140812,-0.306376622182949
140813,-0.12463634268516
140814,-1.940378801921
140815,-0.531512138153948
140816,-1.62774307678373
140817,-0.337786710594047
140818,-0.168527881947615
140819,0.0209742721912118
140820,-1.76039225912579
140821,-0.439457288369089
140822,-0.769053171034363
140823,-0.297745866789152
140824,-0.0334574787202717
140825,0.00802114459056185
140826,-1.12890919459274
140827,-0.235669668885971
140828,-0.377637196788121
140829,-0.37560389328461
140830,-0.0543078211006162
140831,0.132616997126977
140832,-0.696319964101938
140833,0.235687612822309
140834,0.398786983819068
140835,-0.125138072051504
140836,0.149930999904233
140837,0.315558488691649
140838,-0.0661491608685132
140839,4.12081943605428
140840,0.117402322953317
140841,0.613669285120624
140842,1.14578065160958
140843,1.22514940876046
140844,2.21143679380551
140845,7.22281459061325
140846,0.0928367256204595
140847,0.699192991294943
140848,0.924448170773048
140849,1.12084093402038
140850,0.0975957613934113
140851,6.26657755469341
140852,-0.108984651582902
140853,0.578383516592959
140854,0.406083550472387
140855,0.5825264392511
140856,-0.106467861397001
140857,3.83424578173742
140858,-0.176970457947754
140859,0.313862575602382
140860,0.0650952114427029
140861,0.147690659930852
140862,-0.284175345500911
140863,1.83588644101376
140864,-0.435549598716699
140865,0.296150856022856
140866,-0.160853837187386
140867,0.000224276533057627
140868,-0.371040442015876
140869,1.16147669029738
140870,-0.46141870145552
140871,0.166434445778766
140872,-0.356312063257814
140873,-0.197653255688493
140874,-0.507138829307889
140875,1.31881911197364
140876,-0.451218855530706
140877,0.00492097743214048
140878,-0.596322630741047
140879,-0.690992298953787
140880,-0.50119924320523
140881,1.1657111874729
140882,-0.562736688949643
140883,-0.0670034606341392
140884,-0.35638253613833
140885,-0.638336581388739
140886,-0.714491296753458
140887,2.77253744136014
140888,-0.287427593807783
140889,-0.135531197272554
140890,-0.479731240353712
140891,-0.895257161913941
140892,-0.533269380283227
140893,0.725189947871778
140894,-0.133007674133945
140895,-0.0861601172848675
140896,-0.549458625636757
140897,-0.253623145863684
140898,-0.368228839337976
140899,0.493596220449143
140900,0.0818233092594539
140901,-0.0374933742316558
140902,-0.308625851986667
140903,-0.199192708275151
140904,-0.27458998677106
140905,0.483126993051561
140906,0.208656214273027
140907,0.174245036066468
140908,-0.0617935039464561
140909,-0.225565370045646
140910,0.0932194268920328
140911,0.656458799447173
140912,0.310499628995827
140913,0.297746686791631
140914,0.018063267686791
140915,-0.13446013953407
140916,0.304453607599448
140917,0.438923907288663
140918,0.393765168336922
140919,0.221836954758259
140920,0.0179179844069096
140921,0.131759303664367
140922,0.358557791169911
140923,-0.0553689786783829
140924,0.189161720435235
140925,0.0251850055015189
140926,-0.0441455216133597
140927,0.0285341084830237
140928,0.195740974121632
140929,-0.654098772529181
140930,-0.246813007045095
140931,-0.414446177361963
140932,-0.545810795024977
140933,-0.312894318348265
140934,-0.257597214577003
140935,-0.953598924482292
140936,-0.199946653238487
140937,-0.343467705670138
140938,-0.559052875481745
140939,-0.298359843141861
140940,-0.186955098160594
140941,-0.875401404255922
140942,-0.108820409437785
140943,-0.216618128790271
140944,-0.306819767379917
140945,-0.127502599995692
140946,-0.141684286323063
140947,-0.734035165655006
140948,-0.216885232745512
140949,-0.0359299579057423
140950,-0.106428951332558
140951,0.0196262487200183
140952,-0.292167451406195
140953,-0.492537003525294
140954,-0.121732083861843
140955,0.149317959138774
140956,0.0979353250291433
140957,0.29791157007418
140958,-0.268106960033117
140959,-0.0569593192151384
140960,0.060980074139665
140961,0.199664918850251
140962,0.311290733682419
140963,0.378534896466557
140964,-0.0460585098470701
140965,-0.0189923154339964
140966,0.230732159929854
140967,0.270738585602304
140968,0.294482225814388
140969,0.387545918316772
140970,0.168349318111377
140971,0.159629068686777
140972,0.404032503108485
140973,0.26289819738858
140974,0.271771073165987
140975,0.407377887530634
140976,0.376879473963166
140977,1.55625651073518
140978,1.39290568356649
140979,0.482846004568725
140980,0.838721367185572
140981,1.00299178308595
140982,1.32902540466006
140983,11.6372687399398
140984,8.41041897445491
140985,2.75489018305676
140986,4.22215830063229
140987,4.19874932868763
140988,7.72299365794277
140989,11.184460338161
140990,3.79074419851155
140991,1.72863112616989
140992,2.00532800037299
140993,2.07913308629448
140994,3.66328158164677
140995,10.6231391443877
140996,2.78570897604325
140997,1.19792082322615
140998,0.0860375349701991
140999,1.43338156591375
141000,2.84180874545987
141001,7.23608275135832
141002,1.68976070635332
141003,0.60919225179941
141004,0.109895770306548
141005,0.658325937367587
141006,1.8911603635079
141007,4.66925407408753
141008,0.763287747081833
141009,0.506661211909056
141010,0.117445709868969
141011,0.36677459992849
141012,0.866707357678351
141013,4.0566320769709
141014,0.336112926481138
141015,0.289585531823726
141016,0.115095485630464
141017,0.206632472483184
141018,0.387597357193086
141019,2.12214768375435
141020,0.252709992406048
141021,0.287342786036753
141022,-0.0243180271018985
141023,0.000186692575220339
141024,0.328543599555456
141025,1.76749546224022
141026,0.0635449910286127
141027,0.236652676286779
141028,-0.0588501486093191
141029,0.0355168679059596
141030,0.126962610592435
141031,1.7694947867566
141032,0.0180452664518302
141033,0.241943775508429
141034,-0.00650032536801679
141035,-0.0405899909257
141036,0.0790710896978814
141037,1.92361083744605
141038,0.0434531323232953
141039,0.26198571198088
141040,0.0787164246495474
141041,0.0641003140130204
141042,0.0460930891553898
141043,1.50886312440202
141044,-0.0440133548655265
141045,0.167565119531354
141046,0.111715344160216
141047,0.101931455657155
141048,-0.0266744560523248
141049,1.21083157711681
141050,-0.033404937761347
141051,0.264570238870636
141052,0.101835457300497
141053,0.169993268740236
141054,0.038844469546669
141055,1.30926482382371
141056,0.0436669936294639
141057,0.299016826906586
141058,0.195804371556446
141059,0.26006914745352
141060,0.0778076727694937
141061,0.874230889554659
141062,0.115266880538619
141063,0.2697488345057
141064,0.176004630809151
141065,0.238627808665079
141066,0.162714443901109
141067,-0.0322928922983916
141068,-0.0278750848900798
141069,0.105266191921899
141070,-0.0948169394360913
141071,0.0682054585027189
141072,-0.0123567703549968
141073,-0.417295951263931
141074,-0.48744672977942
141075,-0.433062142846841
141076,-0.320738410403554
141077,-0.241376156448043
141078,-0.579847108753489
141079,-0.313271961703542
141080,-0.679791950019207
141081,-0.415256738275367
141082,-0.181366041319904
141083,-0.198785482156912
141084,-0.746409193159645
141085,-0.627454613674244
141086,-0.710077349146209
141087,-0.423524767991363
141088,-0.130360562576597
141089,-0.105208920021222
141090,-0.799841608936152
141091,-0.643402084168887
141092,-0.783494759381778
141093,-0.31637055917696
141094,0.0196459045451594
141095,0.0195466903467862
141096,-0.75986412019542
141097,-0.766729489769726
141098,-0.552920010949808
141099,-0.20443582054176
141100,0.00681476525445765
141101,0.0663676479757607
141102,-0.552164910224459
141103,-0.28397194932219
141104,-0.315375839022605
141105,-0.123855430038889
141106,0.0303243745474778
141107,0.138426215409976
141108,-0.269706198359729
141109,0.0442871470300768
141110,-0.185537960830029
141111,0.0296720064105475
141112,0.140079841540801
141113,0.319455224332829
141114,-0.156019370773121
141115,0.113391359125932
141116,-0.0502957802428842
141117,-0.00911822201937501
141118,0.2542692396623
141119,0.234242429241976
141120,-0.108553731957506
141121,0.857331796102062
141122,0.526618862926692
141123,0.384945431466986
141124,0.594874585090373
141125,0.603087243886026
141126,0.543913026075673
141127,4.35934424511183
141128,2.03704703776373
141129,1.54472003871439
141130,1.84952777097295
141131,2.03478753086102
141132,1.98560815503871
141133,2.56418576307178
141134,0.845480003070433
141135,0.836656316866018
141136,0.875352809251431
141137,0.983834951126369
141138,0.892730949397305
141139,1.33364311919501
141140,0.226781648707456
141141,0.455204541874815
141142,0.197352123628958
141143,0.0544432964699178
141144,0.258791073196758
141145,0.833145670304859
141146,-0.148829334847713
141147,0.255861229201901
141148,-0.027177633269754
141149,0.0689777715733091
141150,-0.27146580475794
141151,0.860938151041459
141152,-0.472929716873224
141153,0.138504660379774
141154,-0.120169516334977
141155,-0.168136620221261
141156,-0.490758432556636
141157,0.716142475819891
141158,-0.35626085207974
141159,0.184859550725662
141160,-0.169435410999847
141161,-0.0808527576428976
141162,-0.564794137544733
141163,0.997286417767524
141164,-0.301959970464692
141165,0.188767502309881
141166,-0.0734579477129371
141167,-0.0527517031082181
141168,-0.324522153261805
141169,0.984945883956634
141170,-0.378966305560257
141171,0.194451100326674
141172,0.0930306581157861
141173,0.0230009891328535
141174,-0.438038690074014
141175,0.781723016679066
141176,-0.306997512756733
141177,0.165453449094721
141178,0.0508641393025264
141179,0.112768182747103
141180,-0.535351615676389
141181,0.706524860942468
141182,-0.00543853896188129
141183,0.163362595502424
141184,0.00608601827984615
141185,0.0771747990233043
141186,-0.33935532405501
141187,0.901939894780239
141188,0.134012581919288
141189,0.183672813458485
141190,0.0790957161316581
141191,0.0763820829280587
141192,0.0333026977057509
141193,1.24702319508223
141194,0.242781131917966
141195,0.311025696348954
141196,0.138985831984473
141197,0.170543582218482
141198,0.173863953773312
141199,1.54802078962109
141200,0.429404827426286
141201,0.435836485244909
141202,0.234821072524154
141203,0.295641572915909
141204,0.268535532257851
141205,1.36331892318666
141206,0.342726437708942
141207,0.389908244479829
141208,0.234541364277266
141209,0.269595050561387
141210,0.240893545341509
141211,0.690355599433903
141212,0.23396139526956
141213,0.122676683078959
141214,0.0572564288902001
141215,0.170264177548769
141216,0.177550865205338
141217,0.28015661451102
141218,0.0848357518608655
141219,0.063740008215506
141220,-0.047427559991158
141221,0.00538863663041151
141222,0.0451888118211707
141223,-0.158227785811328
141224,0.0753080887423342
141225,-0.0706786290613405
141226,-0.177313152598273
141227,-0.247111828612264
141228,0.10957903324557
141229,-0.475160061354717
141230,-0.0511616722949181
141231,-0.0788087938852393
141232,-0.0843582580342178
141233,-0.0440539516139306
141234,-0.130721676030441
141235,-0.847673934663801
141236,-0.019987970683398
141237,-0.016461753601863
141238,0.0494724504525222
141239,0.0944117960169514
141240,-0.108029308889683
141241,-1.12429325465313
141242,0.036381507715345
141243,0.0891555794645765
141244,0.124621392284175
141245,0.21825481933667
141246,-0.118411439034897
141247,-1.16619020894905
141248,-0.0575622299351418
141249,0.15225800674883
141250,0.165714380017749
141251,0.218763699049497
141252,-0.0490576156411971
141253,-1.26353669734303
141254,0.072265097268046
141255,0.308514012110434
141256,0.153643828970782
141257,0.282894189148546
141258,0.148861734302559
141259,-1.10014901203733
141260,0.0743162234698342
141261,0.169537984037141
141262,0.335907413674611
141263,0.355846508738791
141264,0.252088187535244
141265,0.10313820728766
141266,0.677994818536751
141267,0.345920215884044
141268,0.681662867806919
141269,0.619730632379004
141270,0.676132541688322
141271,1.40282278737341
141272,1.38606273407454
141273,0.975953766760382
141274,1.08998093825702
141275,1.31404351868027
141276,1.4957637863708
141277,1.42202396740424
141278,0.918779492998613
141279,0.620529244000599
141280,-0.0137760426412531
141281,0.629664190640855
141282,0.913155671527718
141283,1.21291566013195
141284,0.840072805459605
141285,0.414967361956438
141286,-0.199016460329454
141287,0.294041682196468
141288,0.539781322137447
141289,1.07647704035249
141290,0.205016641591944
141291,0.296667479225278
141292,-0.010550242798879
141293,-0.0344712946122145
141294,0.171755593597322
141295,1.18699047113222
141296,0.269262731716968
141297,0.212345166601169
141298,-0.20399022105456
141299,-0.156822390399256
141300,-0.0700985110842675
141301,1.21458125251695
141302,0.218313953597782
141303,0.155458954453719
141304,-0.155498760103508
141305,-0.0397965445552442
141306,-0.0310165775781043
141307,1.44745468326257
141308,-0.652229941698953
141309,0.202085189947067
141310,-0.0473882311016225
141311,-0.163795163739542
141312,-0.581694976677243
141313,1.35136421583901
141314,-0.535860122505861
141315,0.139888077995643
141316,-0.163791437977701
141317,-0.174363103568846
141318,-0.554382557461379
141319,1.63599291177725
141320,-0.268400440176215
141321,0.0809517138058539
141322,-0.0227096550913349
141323,-0.0623427436923955
141324,-0.530187501942369
141325,2.27285405943262
141326,0.233266950374235
141327,0.0774359087437222
141328,-0.0419638765169205
141329,0.00458304602626253
141330,-0.16557344771258
141331,1.50932573599674
141332,-0.488880689463799
141333,0.111002301433265
141334,-0.0229699902159365
141335,0.0536295596449696
141336,0.363307274211113
141337,1.47777148308186
141338,-0.514439379932299
141339,0.164787892825381
141340,0.0668556476884238
141341,0.0889981063793542
141342,-0.455932995601269
141343,1.60527995053029
141344,-0.506145245802873
141345,0.304464172532837
141346,0.219277613224643
141347,0.175100355106797
141348,-0.32488167408339
141349,1.27286846346041
141350,0.457614588811336
141351,0.331683113125855
141352,0.209290148948495
141353,0.200532836113544
141354,-0.00412251448419195
141355,0.766075577702994
141356,0.562990154343802
141357,0.238115502159684
141358,0.0916419457937025
141359,0.0741545637156897
141360,-0.303456963601294
141361,0.182469370830249
141362,0.441821688502346
141363,0.077566724888247
141364,-0.137158926590867
141365,-0.0536358005647397
141366,0.405651499682435
141367,0.0612597031366511
141368,0.225620014751261
141369,-0.101624226738722
141370,-0.350923613165467
141371,-0.294552646907881
141372,0.264882047932993
141373,-0.0844160117845584
141374,0.10842973824743
141375,-0.211841340019015
141376,-0.480001091962003
141377,-0.409252760470185
141378,0.053412774766245
141379,-0.3101027697534
141380,-0.157337729455239
141381,-0.161247072334347
141382,-0.475389191783942
141383,-0.256158923054543
141384,-0.29719715588323
141385,-0.336845755265595
141386,-0.213856983372891
141387,-0.0767129358804791
141388,-0.369458459593403
141389,-0.240109581470024
141390,-0.190578549744561
141391,-0.419795885647565
141392,0.0461538126682566
141393,0.056754871988811
141394,-0.307388135386063
141395,-0.0849760519638115
141396,0.102286029906905
141397,-0.600534144672401
141398,0.182833708603583
141399,0.0625381916424712
141400,-0.189139625602544
141401,0.00538015735224957
141402,0.271587531158403
141403,0.292349888195624
141404,0.306652398629405
141405,0.0319979146865082
141406,-0.0940700689160298
141407,0.142014406562992
141408,0.375428529117972
141409,2.61072335356717
141410,0.793461068917106
141411,0.0714025164433287
141412,0.0736640125410916
141413,0.172357510729526
141414,0.745606987350786
141415,2.06037926750976
141416,0.707908692599722
141417,0.335112598552332
141418,0.209943009261971
141419,0.419363604160941
141420,1.66338027661827
141421,1.94289820184969
141422,0.658998598709299
141423,0.333012866506441
141424,0.143273595035045
141425,0.342636864685177
141426,0.0160362063737694
141427,1.91156082793403
141428,-0.0908391803833408
141429,0.345560205894247
141430,-0.140395062445274
141431,-0.00266073650424841
141432,0.0101528188853297
141433,5.75822911457084
141434,0.0335786643843402
141435,0.435841410629035
141436,-0.76433506680892
141437,-0.0287348827659493
141438,0.0748419461234344
141439,4.77549280633949
141440,0.669888902420011
141441,0.282152019990511
141442,-0.98265557874818
141443,-0.644679539778366
141444,0.397407839024401
141445,4.39677964951572
141446,0.474845963145387
141447,0.221635959768783
141448,-1.07833268619759
141449,-0.712128580928186
141450,0.668742029997924
141451,4.37279793997017
141452,0.385697378378578
141453,0.261739471487757
141454,-0.509298679964988
141455,-0.394089534400766
141456,0.543480454737848
141457,3.27200039091819
141458,0.52428640946678
141459,0.258451821110488
141460,-0.659675311020629
141461,-0.395640373670338
141462,0.552754398714476
141463,1.92550196569914
141464,0.443609718666167
141465,0.295442652144246
141466,-0.6002912678336
141467,-0.420856338261774
141468,0.599671176527398
141469,2.00972059212207
141470,0.618193205202371
141471,0.353536174738811
141472,-0.843050978863041
141473,-0.353276382388012
141474,0.601262283667513
141475,2.89497971761773
141476,0.724199573148035
141477,0.225415592442175
141478,-0.491711659957693
141479,-0.286174818012624
141480,0.708291616346998
141481,6.31090491069813
141482,0.69541613384022
141483,0.468122348923083
141484,-0.302172078673993
141485,-0.167565119531354
141486,0.723321632361293
141487,8.41188589035187
141488,0.707032002500773
141489,0.543071586117674
141490,-0.347058793432655
141491,-0.261214850019782
141492,0.8191895510987
141493,4.50329657831194
141494,0.558992743929328
141495,0.534830307490289
141496,-0.47223368053909
141497,0.43100556793514
141498,0.650272611277603
141499,2.43363443683949
141500,0.282073903309312
141501,0.511585411260488
141502,0.213781965404195
141503,0.0790734564099433
141504,0.35818267132371
141505,0.869502567142573
141506,0.343291340484068
141507,0.169109453669961
141508,-0.264897043063659
141509,-0.145266433077413
141510,0.192512742021368
141511,0.446803150917376
141512,0.265157336069995
141513,-0.0589252885210421
141514,-1.40858392089845
141515,-0.22463458366433
141516,0.230150141050117
141517,0.270602798945059
141518,-0.246284779849447
141519,-0.263295384239166
141520,-1.85021119309992
141521,-0.158030448965113
141522,0.0422357588594476
141523,0.161092759790958
141524,-0.308625440587309
141525,-0.422920652396577
141526,-1.11153299027601
141527,-0.164518434237955
141528,0.118083181623616
141529,0.0893934479010585
141530,0.0378795684647515
141531,-0.405330428768812
141532,-0.623244753720583
141533,0.105444961110372
141534,0.0406313422203665
141535,0.468342456822128
141536,0.372550770945387
141537,-0.360381093362631
141538,-0.0501265233636939
141539,0.365106070084825
141540,0.39681012426064
141541,0.609487996426062
141542,0.393741280740612
141543,-0.0859143165185687
141544,0.165966834374917
141545,0.458602009040472
141546,0.438186496691575
141547,0.764816709512265
141548,0.545033648736207
141549,0.0122717692858839
141550,0.32758933627836
141551,0.574839325457711
141552,0.544197969014603
141553,1.95042436484179
141554,1.24987300392446
141555,0.326438407485023
141556,0.7722533187274
141557,0.978113207391178
141558,1.50244604830776
141559,6.32695585458866
141560,2.40451875349602
141561,1.01325388506337
141562,1.74672883065208
141563,1.82324800983521
141564,2.77137108467933
141565,12.5938210647807
141566,1.66349018896741
141567,1.12805645314772
141568,1.25071620490191
141569,1.38520186726023
141570,2.42681743747965
141571,15.7403450425828
141572,1.58588541655762
141573,0.970512486006963
141574,0.997726797415902
141575,1.30289678338563
141576,1.87649711524734
141577,16.9562321593459
141578,1.60121729845678
141579,0.941516633996833
141580,0.253953075412749
141581,1.26469232187592
141582,1.66511084128333
141583,17.4131658129149
141584,1.56464738547555
141585,0.798555009652482
141586,0.207312238625772
141587,1.02111578828792
141588,1.76247571991038
141589,15.8341078915025
141590,1.21293337943506
141591,0.630642020223424
141592,0.278330107243487
141593,0.402359542604973
141594,1.43516216242948
141595,17.6396279355325
141596,1.52431832618056
141597,0.653898814337168
141598,0.344683589063705
141599,0.545724158810027
141600,1.56663448423723
141601,12.1998476160716
141602,1.20713796302479
141603,0.509455308931643
141604,0.416878640795841
141605,0.490820128446738
141606,1.16601976556621
141607,11.3797989392352
141608,1.15970817316349
141609,0.748936321334599
141610,0.517348293792867
141611,0.546434988947952
141612,1.18936311727032
141613,9.19243313548388
141614,1.06071514616192
141615,0.656709463515738
141616,0.455414759101309
141617,0.407784142001922
141618,1.01665407178803
141619,8.49117435825467
141620,1.00153500616963
141621,0.679664903582763
141622,0.365768189592039
141623,0.31745730632917
141624,0.925836961349467
141625,9.40128380756801
141626,0.857771378513353
141627,0.627631463117324
141628,0.346148395242987
141629,0.30071845239264
141630,0.857829437110475
141631,11.6238543413582
141632,0.887964608566337
141633,0.622662778200814
141634,0.369465150176355
141635,0.39577923140287
141636,0.906436626169709
141637,7.35956357744558
141638,0.663772380335292
141639,0.580459074367884
141640,0.283940918922001
141641,0.352162787380291
141642,0.651318312857749
141643,3.53683867376335
141644,0.362339558876533
141645,0.360565250451779
141646,0.0265596404454691
141647,0.20630296655506
141648,0.407044336493162
141649,0.391933448306589
141650,0.0434927989611421
141651,0.0655295319684055
141652,-0.171385218277704
141653,-0.0829339618574921
141654,0.0394160337118624
141655,0.286346069188252
141656,-0.100215884081175
141657,-0.176980782479013
141658,-0.18104065419916
141659,-0.0670286920382182
141660,-0.168270487623402
141661,0.150259711407117
141662,-0.147859988891739
141663,-0.157681687204896
141664,-0.179836579343379
141665,-0.081752213300319
141666,-0.147096505937247
141667,0.0614080921856225
141668,-0.0526883469405885
141669,-0.166905570154167
141670,-0.0152292082752557
141671,-0.00592048504510879
141672,-0.0686659206398116
141673,0.06174807405832
141674,0.00227769325027088
141675,-0.0934118175606047
141676,0.101131181121513
141677,0.187388489642279
141678,0.0378690730417293
141679,0.0940342566962295
141680,0.0570612013212646
141681,-0.013471366714751
141682,0.114723759912925
141683,0.337302786963887
141684,0.13645702213763
141685,0.148180972472006
141686,0.110618986417188
141687,-0.0280665395456993
141688,0.20966599473699
141689,0.399042259066805
141690,0.116285817293584
141691,0.366016888628908
141692,0.224155680916619
141693,0.0470495289365321
141694,0.338973509978143
141695,0.434046825242305
141696,0.24809123822085
141697,1.48097386377892
141698,0.781955774773925
141699,0.524999732954409
141700,0.684247619996418
141701,0.883102167698578
141702,0.880584983636935
141703,15.3741057772141
141704,2.93731300966626
141705,2.82903914812203
141706,3.35396881470307
141707,3.41274399095839
141708,3.28909940255256
141709,15.7031067708557
141710,2.12493511987131
141711,1.7026446132496
141712,1.78173544350327
141713,2.05386683229287
141714,1.94540687175869
141715,14.3966723223744
141716,1.06430426875495
141717,0.958145199700041
141718,0.760881733347021
141719,1.20028518647587
141720,0.978730520707839
141721,9.39286531905832
141722,0.766497428511458
141723,0.759857291439673
141724,0.196657305428372
141725,0.745354641158598
141726,0.648963468720618
141727,5.8674129376157
141728,0.631263046955034
141729,0.619498317954955
141730,0.183057519557992
141731,0.0712563598887826
141732,0.51066200669443
141733,2.30570455558581
141734,0.458163070344538
141735,0.446727514583104
141736,0.0607625878871544
141737,-0.034210413361849
141738,0.395381644715
141739,2.06659152525197
141740,0.426226228664639
141741,0.269765360507659
141742,0.0464686978427436
141743,0.137296577576692
141744,0.363491325524878
141745,1.92473124905643
141746,0.414409095697686
141747,0.262849149985367
141748,0.000713470102867839
141749,0.0975165686521475
141750,0.343234417218245
141751,1.77292381798961
141752,0.352608888700086
141753,0.234786285948092
141754,0.0928253530068321
141755,0.0870573215894674
141756,0.367111190836788
141757,1.62546869500927
141758,0.412375684746158
141759,0.233025113160364
141760,0.0558496443860461
141761,0.0858197841767256
141762,0.359635766875078
141763,1.73439009016159
141764,0.402910472357983
141765,0.310656175526394
141766,0.103938239190808
141767,0.188362341869334
141768,0.445608058914121
141769,1.82595641850074
141770,0.502578171237494
141771,0.371754258624559
141772,0.13700166106945
141773,0.220604535336283
141774,0.541866016613246
141775,2.23656141262795
141776,0.737954314306061
141777,0.524066233862747
141778,0.233567566816171
141779,0.312257610460166
141780,0.637612280992325
141781,3.12767840526866
141782,0.817119378766278
141783,0.650479818464147
141784,0.349179045919284
141785,0.490455901107137
141786,0.794067443128957
141787,1.02594551418269
141788,0.394519117083928
141789,0.294912587615686
141790,0.0269870198271078
141791,0.168419075550045
141792,0.411034738123672
141793,0.0176282181768635
141794,0.0874127973276193
141795,-0.0395762557270612
141796,-0.352749144787984
141797,-0.172554598780267
141798,0.0108958326278093
141799,-0.134553156572818
141800,-0.030691451942499
141801,-0.324242329045109
141802,-0.409152403981962
141803,-0.213016286942863
141804,-0.00284234473444601
141805,-0.0878477128979168
141806,-0.0346432410081495
141807,-0.357190143899709
141808,-0.216151152425814
141809,-0.0957458510803719
141810,-0.029152122580692
141811,-0.082665647555126
141812,0.0149124616045663
141813,-0.198747093910353
141814,-0.00616147916294532
141815,0.088120506523407
141816,0.101645885057887
141817,-0.0866900232712486
141818,0.0531769280506968
141819,-0.0459544404782655
141820,0.0389526791984726
141821,0.216817524147848
141822,0.0958453402588664
141823,-0.0981728952586476
141824,0.079926632880248
141825,0.0364206274391744
141826,0.123034377064462
141827,0.280621347910257
141828,0.144814732636851
141829,0.0162636000420272
141830,0.0518235829258555
141831,0.165735523720185
141832,0.123547381726201
141833,0.356335713282212
141834,0.145080145721383
141835,0.152139109094956
141836,0.0856433896494483
141837,0.282566855564189
141838,0.150630814311268
141839,0.371715913451053
141840,0.179077278772499
141841,0.996158946097223
141842,0.622661102437939
141843,0.562631391189544
141844,0.405501162817755
141845,0.738424190009748
141846,0.735346956083824
141847,10.0505586016035
141848,2.87742872701744
141849,2.08441439483798
141850,1.6441343490741
141851,2.10137637138904
141852,2.90405138207893
141853,8.21004798629333
141854,1.27617486830648
141855,0.902195574963464
141856,0.714560594439419
141857,0.864337069144837
141858,1.45965625464064
141859,7.22966119684089
141860,0.913144600916975
141861,0.479487475917726
141862,0.411978881814342
141863,0.642448705847994
141864,0.906598136529102
141865,4.93547677268098
141866,0.264348500019416
141867,0.259325335436876
141868,0.0105959058933072
141869,0.296844135873179
141870,0.216092177107016
141871,3.25131123390213
141872,0.286844346695859
141873,0.187672666259248
141874,-0.258691381870291
141875,-0.0334022532915476
141876,0.298688303698031
141877,1.64608766925132
141878,0.29575100353478
141879,0.10717111086927
141880,-0.413504898468776
141881,-0.341297343473938
141882,0.124873540183878
141883,1.22520713189408
141884,0.158742883601872
141885,0.175754566256212
141886,-0.248878627516462
141887,-0.270510708714806
141888,0.113680126716353
141889,1.16747329922184
141890,0.322650179549485
141891,0.0586821128586783
141892,-0.422422462740544
141893,-0.428508302005889
141894,0.277813982994377
141895,1.25930242955436
141896,0.360902404828127
141897,0.0244622283080777
141898,-0.424441342986689
141899,-0.641795462049467
141900,0.396306158083032
141901,1.16991289394501
141902,0.34122017133796
141903,-0.0310202636015997
141904,-0.284689519528545
141905,-0.561853053149038
141906,0.393977168941706
141907,1.25838595297283
141908,0.403102011422174
141909,-0.00403005419880147
141910,-0.317615618467773
141911,-0.372966928676422
141912,0.424765830931449
141913,2.7618353055154
141914,0.400733230866367
141915,0.0352566426288919
141916,-0.19711301459
141917,-0.273701434673833
141918,0.349872281890416
141919,3.32612960666871
141920,0.220775946259925
141921,0.156402750265817
141922,-0.184016063760336
141923,-0.069746213209391
141924,0.412928897314715
141925,1.60333764061362
141926,0.109545805619907
141927,0.119729972244882
141928,-0.0628219910917968
141929,-0.0724171932258995
141930,0.0554842668033073
141931,0.698197387979147
141932,-0.212752814853987
141933,-0.0677166599906363
141934,-0.250119195224253
141935,-0.144957985945831
141936,-0.487775106760549
141937,-0.727601447620518
141938,-0.551095612961732
141939,-0.493335959694554
141940,-0.741194884822389
141941,-0.478872378315738
141942,-1.00881085758541
141943,-1.03835478849314
141944,-0.944603083912131
141945,-0.889074760962199
141946,-0.696598631387631
141947,-0.479672664300913
141948,-0.932924903609809
141949,-1.1391016327302
141950,-1.09562223727238
141951,-0.879827139489939
141952,-0.572330584871127
141953,-0.352389258541308
141954,-1.17805657014653
141955,-1.67839173361687
141956,-1.27325807208295
141957,-0.659967010685878
141958,-0.303900875664598
141959,-0.230884921464014
141960,-1.42136785196305
141961,-1.32577046251414
141962,-1.75482977910832
141963,-0.175303765027523
141964,-0.0884814442217603
141965,0.0603686807238715
141966,-1.3922429072902
141967,-1.12524779874301
141968,-1.57569658795373
141969,-0.1167781835252
141970,-0.00623080997476693
141971,0.131889909583833
141972,-1.59331148596722
141973,-0.918305212069363
141974,-1.34937291022599
141975,-0.0562810181494946
141976,-0.00979959678128703
141977,0.207772720886878
141978,-1.36956468334684
141979,-1.0797306637524
141980,-0.898952827790882
141981,0.0194810844549025
141982,-0.0395322073026736
141983,0.2380194647434
141984,-1.01273741542159
141985,-0.842780245960561
141986,-0.985848120335791
141987,0.246299555245611
141988,0.223781583001697
141989,0.32506882141989
141990,-0.903897562178142
141991,0.475820817169437
141992,-0.0550315239638249
141993,0.828636878622698
141994,0.593585559396047
141995,0.759323286308163
141996,-0.0744712080851465
141997,0.80808890713028
141998,0.163040840280844
141999,0.585677645432126
142000,0.451543608230129
142001,0.460735527805561
142002,0.352794417103133
142003,0.78560006558811
142004,0.304429308385647
142005,0.00563992768194266
142006,0.228032054459535
142007,0.346922417717998
142008,0.392138039278771
142009,0.662577346435431
142010,0.155325167602393
142011,-0.0798178053077541
142012,-0.307875372537473
142013,-0.00144648410968254
142014,0.198685054272158
142015,0.64217511891406
142016,-0.011458524830436
142017,-0.0953486133981553
142018,0.0889990665735317
142019,-0.381684931554031
142020,0.117901153870628
142021,0.433360117014955
142022,0.115922885604139
142023,-0.257482243964463
142024,-0.0995227814007366
142025,-0.157299510058021
142026,0.186472500047174
142027,0.205012841770613
142028,-0.766218660444419
142029,-0.448747659513224
142030,-2.07927444356628
142031,-2.51182174395907
142032,-0.912522724758693
142033,0.102765165784944
142034,-1.16021768998758
142035,-0.603910399108158
142036,-1.45436500203022
142037,-2.6935674331657
142038,-1.07625398174653
142039,0.075994789576864
142040,-1.10649994268933
142041,-0.584841767383122
142042,-2.20546196804665
142043,-1.58620335273728
142044,-1.15702403001804
142045,0.07148186169603
142046,-1.25434213128686
142047,-0.554967596935909
142048,-2.14375476447924
142049,-0.775364488215635
142050,-1.10365597143073
142051,-0.0478551531016437
142052,-1.4535318896968
142053,-0.578967688815501
142054,-1.89978208298844
142055,-3.18961115766008
142056,-1.32718271005617
142057,-0.0231273597956077
142058,-1.4171917708879
142059,-0.366860264995892
142060,-2.00389684617131
142061,-0.763209113211647
142062,-1.17796902438362
142063,0.24010877473743
142064,-1.09096569440001
142065,-0.108746297147073
142066,-1.15493486448668
142067,-1.04823226263665
142068,-1.0565786887354
142069,0.177548081388638
142070,-1.10163290598879
142071,-0.162981859752633
142072,-0.575927615356127
142073,-1.11405738447867
142074,-1.04925048460107
142075,-0.463225159572106
142076,-1.45832281745182
142077,-0.617945016004901
142078,-1.1376282046469
142079,-1.36766034255452
142080,-1.25545032363421
142081,-1.43730051646765
142082,-2.04884988802486
142083,-1.38816360912564
142084,-1.30551860900545
142085,-1.72645703952327
142086,-2.00692182516736
142087,-2.01644197539992
142088,-2.15379612054851
142089,-1.64284295189399
142090,-2.55425427968155
142091,-2.46558311091724
142092,-2.09275328819873
142093,-1.87655486713669
142094,-2.14783349993841
142095,-1.66174498650939
142096,-2.54346546344596
142097,-2.60313010976658
142098,-2.09982293273488
142099,-2.15828044088551
142100,-2.19055060366858
142101,-1.73490097133262
142102,-2.57541299366353
142103,-2.62801740210427
142104,-2.18277286034317
142105,-1.86415694797298
142106,-2.04257870207482
142107,-1.47730645070699
142108,-2.45219700354089
142109,-2.46741670067673
142110,-2.02290758365555
142111,-1.83270433504717
142112,-2.03199472811211
142113,-1.47548028035489
142114,-2.4284347232593
142115,-2.51793997955519
142116,-2.05872704410488
142117,-1.81557698785576
142118,-1.99144365443944
142119,-1.46746543154749
142120,-2.3429881797172
142121,-2.45989901634186
142122,-2.03220677933451
142123,-1.75372129727176
142124,-1.87458885349346
142125,-1.45133681946786
142126,-2.36681447097792
142127,-2.38793870604479
142128,-1.90539077040819
142129,-0.846718304127606
142130,-1.54872466514062
142131,-0.927370456058043
142132,-1.87488963390071
142133,-1.85272786859757
142134,-1.5552564291552
142135,1.09084692078151
142136,-0.0886750658698251
142137,0.341425582067642
142138,-0.500203032136477
142139,-0.259630725398045
142140,-0.151720073988205
142141,3.00775035459496
142142,0.722790405272992
142143,0.602280544674431
142144,0.195031728417476
142145,0.188252769466848
142146,0.525758417306759
142147,4.19046878488184
142148,0.816855822450078
142149,0.735131077193321
142150,0.225157890116027
142151,0.437236586234775
142152,0.811661311083692
142153,4.031031158829
142154,0.764526369063979
142155,0.691603183880182
142156,0.0216732836362726
142157,0.340240280824411
142158,0.870311270507839
142159,3.75992907890534
142160,0.815020169918614
142161,0.488416043471306
142162,0.0448307646027802
142163,0.28731884757208
142164,0.794304572239737
142165,4.25725935117165
142166,0.533214075676445
142167,0.391382717183528
142168,0.149694373822882
142169,0.40315099228672
142170,0.53772051773556
142171,5.68997527763201
142172,0.660439338035487
142173,0.363742065679246
142174,0.261696293467982
142175,0.269893127418983
142176,0.629259714405508
142177,4.79340339053634
142178,0.628975876069844
142179,0.264699820064084
142180,0.135418737096956
142181,0.21324368063702
142182,0.587789469932419
142183,5.00419771254152
142184,0.560252351232491
142185,0.342661620324031
142186,0.148896225147391
142187,0.395733964728367
142188,0.564482710937938
142189,4.5187725608595
142190,0.565411129516651
142191,0.268636629688622
142192,0.192162679001366
142193,0.367566188962939
142194,0.581885478631157
142195,5.00042294032229
142196,0.578455946936287
142197,0.306939623997185
142198,0.301444230388395
142199,0.469778783837677
142200,0.605556701977721
142201,4.76967639779476
142202,0.661499409753498
142203,0.380238446665311
142204,0.410620682637498
142205,0.56014197327946
142206,0.66966429198446
142207,5.6016365821328
142208,1.16728365316581
142209,0.844756401723834
142210,0.913422243518939
142211,1.09839395938139
142212,1.18299014542232
142213,4.61880494795492
142214,1.30044157124957
142215,0.942147183360443
142216,1.18640028853424
142217,1.16285273949929
142218,1.26953621537425
142219,1.47789703886964
142220,0.541361836730537
142221,0.291165369359277
142222,0.409291107132399
142223,0.407806272197737
142224,0.550498681571559
142225,-0.0354598156394052
142226,0.000305898324043904
142227,-0.205035755027792
142228,-0.174862301245629
142229,-0.115712394350176
142230,0.0105089120201218
142231,-0.232264665871678
142232,0.0381925409556651
142233,-0.239689930216684
142234,-0.169957174135278
142235,-0.145342223361408
142236,0.0275324623117319
142237,-0.258099688950066
142238,-0.146601690122755
142239,-0.313645265385707
142240,-0.207929899267855
142241,-0.201653725261513
142242,-0.135172419898112
142243,-0.495333065777978
142244,-0.319281159947584
142245,-0.392167812495387
142246,-0.328230485896393
142247,-0.287095731816667
142248,-0.285837915331701
142249,-0.489620981536778
142250,-0.305328473524701
142251,-0.359804537056999
142252,-0.329060854399955
142253,-0.281755071825747
142254,-0.271025021457567
142255,-0.385896959459633
142256,-0.235648991010529
142257,-0.336019226756273
142258,-0.244576645026919
142259,-0.237571215632875
142260,-0.240516973988991
142261,-0.400325021822386
142262,-0.232596192600609
142263,-0.369353902603173
142264,-0.327054272416186
142265,-0.236558991843032
142266,-0.197899666576528
142267,-0.479046796081411
142268,-0.174230771059026
142269,-0.303746394303064
142270,-0.24378359850002
142271,-0.245201224145583
142272,-0.147951620062254
142273,0.324689989314774
142274,0.594853556537187
142275,0.417851831009557
142276,0.53332564982629
142277,0.55645109020386
142278,0.595579892825743
142279,3.54040023001441
142280,3.50960340753724
142281,3.3167730772793
142282,3.45140986690703
142283,3.34674470319368
142284,3.43075463354353
142285,3.6050544732921
142286,1.76844063336152
142287,2.23461886577938
142288,2.21528790367601
142289,2.28457133736706
142290,1.88511434751184
142291,2.11690123867933
142292,1.2995710138286
142293,1.74232115261781
142294,1.56906515234707
142295,1.69066321237414
142296,1.63046473117983
142297,2.0805010532541
142298,0.716790041589339
142299,0.862818115363051
142300,0.947285377302897
142301,0.977252682349969
142302,0.870139901452684
142303,1.39949161434015
142304,0.389238549262133
142305,0.466378660770869
142306,0.627414569364298
142307,0.607320082003579
142308,0.260229532138283
142309,1.098486878789
142310,-0.00324695948917115
142311,0.369797809739365
142312,0.394122024692117
142313,0.345185249475767
142314,-0.120582100617508
142315,2.72016478125812
142316,0.362363229942738
142317,0.510689091000169
142318,0.164248833019787
142319,0.236468303276159
142320,0.274869205732946
142321,2.79603748864933
142322,0.49876750069182
142323,0.429937401708327
142324,-0.105435770142926
142325,0.135940756877809
142326,0.322461262787298
142327,2.80688751475233
142328,0.155186277538744
142329,0.409153561333236
142330,0.283401548835213
142331,0.287597157422441
142332,0.19993666489145
142333,3.04200477128096
142334,0.26053163769065
142335,0.464797658224316
142336,0.142122112198071
142337,0.238975998787612
142338,0.160186468078895
142339,4.30015875436922
142340,0.437731489241803
142341,0.505675135490662
142342,0.197459410825032
142343,0.184062681765068
142344,0.33323064956915
142345,5.39806965118642
142346,0.732249826089884
142347,0.662211907606626
142348,0.482634563596993
142349,0.371490207314247
142350,0.544480044102046
142351,8.79303106940566
142352,1.05638009741259
142353,0.963618152027539
142354,0.78536933816861
142355,0.708723335641406
142356,0.95839748644313
142357,7.99701841676501
142358,1.16288050550641
142359,0.962819653864206
142360,0.899994411575672
142361,0.841916639061082
142362,1.11159259390349
142363,1.71477587533138
142364,0.512463576408969
142365,0.423102162661439
142366,0.383669997335754
142367,0.405319511177721
142368,0.486797603423117
142369,-0.258646155393533
142370,-0.156422118687159
142371,-0.17795003191796
142372,-0.159140402017349
142373,-0.147527932825286
142374,-0.111411464096636
142375,-0.339502714122721
142376,-0.124079834317386
142377,-0.228208901310122
142378,-0.202443911409427
142379,-0.233495714795041
142380,-0.166998555400059
142381,-0.383972253680206
142382,-0.194498859720739
142383,-0.33461518461379
142384,-0.37328207812973
142385,-0.367045452113392
142386,-0.200286070206883
142387,-0.515258595431092
142388,-0.147935853638477
142389,-0.423071782429661
142390,-0.381838007882249
142391,-0.374738849332796
142392,-0.203189955103883
142393,-0.532408945669653
142394,-0.14318120042239
142395,-0.401973794674215
142396,-0.366996741120366
142397,-0.353745929168777
142398,-0.168379659650313
142399,-0.546475768164502
142400,-0.0978249324808862
142401,-0.403737619574954
142402,-0.366418240221671
142403,-0.370403643699958
142404,-0.118732846423963
142405,-0.648775703435231
142406,-0.0885934523492313
142407,-0.437216226693911
142408,-0.409669000298878
142409,-0.394422965112249
142410,-0.0909453688563188
142411,-0.639560528260204
142412,-0.0896575083253025
142413,-0.385888809303581
142414,-0.353156651453503
142415,-0.299236036726696
142416,-0.0611986124914998
142417,0.266865635797052
142418,0.312490446871981
142419,0.0857285667540962
142420,0.0982218215828801
142421,0.101635469968342
142422,0.300869358037389
142423,3.25497872856971
142424,1.88305139792292
142425,1.44541165278962
142426,1.46023437311186
142427,1.34217572216639
142428,1.95897052779057
142429,1.94112709824275
142430,0.926856769425849
142431,0.637371153006324
142432,0.58800715691422
142433,0.529425999400003
142434,0.864961027320879
142435,1.41592616537158
142436,0.651263308806146
142437,0.349799736108034
142438,0.448560617426789
142439,0.409634668985083
142440,0.572534107616545
142441,0.868797150253633
142442,0.231486595831112
142443,0.124610791877526
142444,0.341838170237192
142445,0.303341081319252
142446,0.256611976628891
142447,0.959159903921342
142448,-0.279389092341392
142449,-0.0373590207332212
142450,-0.742178426617806
142451,0.124587634337229
142452,-0.13211623525085
142453,0.780439976865648
142454,0.0190047741839604
142455,-0.0286399786745344
142456,-0.653324990462957
142457,-0.707834663765942
142458,-0.463918959046141
142459,0.517236763654391
142460,-0.145801743943341
142461,-0.106148314086533
142462,-0.567914452364409
142463,-0.965212642919644
142464,-0.819509803855867
142465,0.401317214038501
142466,-0.168876448742409
142467,-0.0474463704008033
142468,-0.437825145813602
142469,-0.748075120037666
142470,-0.735879802089471
142471,0.471305163953146
142472,0.129818928031458
142473,-0.00663153108702446
142474,-0.400383238066786
142475,-0.636646254868189
142476,0.180262343346241
142477,0.506851484999312
142478,0.217278757460764
142479,0.0540173677916536
142480,-0.300282659736461
142481,-0.512553231864664
142482,0.230458686828191
142483,0.607901158233014
142484,0.270158783590632
142485,0.117566941399751
142486,-0.192734007467859
142487,-0.259163484799913
142488,0.0644420957284167
142489,0.715216201298289
142490,0.277597983803373
142491,0.152669529858665
142492,-0.115097517236464
142493,-0.159043924987593
142494,0.361901815100829
142495,1.11071259077172
142496,0.179579208596967
142497,0.306807726167203
142498,-0.0069860974217153
142499,0.0263297137752505
142500,0.297524883676498
142501,1.1105711007403
142502,0.107368777518083
142503,0.329850234439853
142504,0.185644228712935
142505,0.0857112468153809
142506,0.0864744728207981
142507,1.05374048293224
142508,-0.0534256513007904
142509,0.185084918397018
142510,0.0837856345970677
142511,0.163305353859676
142512,-0.0347948706710634
142513,-0.139104264751779
142514,-0.395050848278877
142515,-0.305785975729301
142516,-0.308532024938428
142517,-0.257319201444664
142518,-0.533770204644409
142519,-0.492820447528881
142520,-0.974012233754947
142521,-0.448772572736185
142522,-0.750135729592648
142523,-0.623046966576278
142524,-0.82818608484053
142525,-0.850464643659892
142526,-1.00894738428333
142527,-0.472070463325082
142528,-0.906794391514331
142529,-0.804561129164729
142530,-1.34831019057272
142531,-1.34951917872288
142532,-1.0107451454325
142533,-0.407488279364364
142534,-1.10330193885945
142535,-0.893154371103882
142536,-1.25822365046769
142537,-1.2601549512211
142538,-0.792120006612061
142539,-0.332322002789709
142540,-0.829545575122728
142541,-0.683065427778606
142542,-1.01214653978755
142543,-1.13812906015936
142544,-0.793886761846851
142545,-0.234907551144038
142546,-0.85813822996922
142547,-0.543079716272711
142548,-0.797906867256932
142549,-1.15212358975668
142550,-0.763956121499493
142551,-0.174381215627498
142552,-0.497699668526256
142553,-0.43050089968168
142554,-0.729086775400811
142555,-1.32226489646235
142556,-0.393139288286839
142557,-0.12348654778589
142558,-0.391618212099376
142559,-0.224379283452018
142560,-0.452005283997099
142561,-0.422325837087624
142562,0.38668785479964
142563,0.520436450266177
142564,0.400738330850902
142565,0.475702706164486
142566,0.318265573372915
142567,1.54131478709597
142568,2.03834549377202
142569,1.41833294767223
142570,1.20326780122626
142571,1.33481914712103
142572,1.84422862573724
142573,2.88546680717746
142574,1.46717180963895
142575,1.05027688924418
142576,1.06075942411188
142577,1.10696968539255
142578,1.48005812434425
142579,3.07627284273723
142580,1.27954393437448
142581,0.707822209286047
142582,0.381971289966652
142583,0.766500313775256
142584,1.31089004947887
142585,2.22308167651958
142586,0.81755657216361
142587,0.505125022354185
142588,-0.404891450446106
142589,-0.146699079414553
142590,0.918363298384547
142591,2.26913501961541
142592,0.57983003931781
142593,0.445052527384522
142594,-0.616206399302939
142595,-0.311187504089609
142596,0.60580724808189
142597,2.47996574401839
142598,0.541243530444488
142599,0.172992646006611
142600,-0.247373406987789
142601,0.299253235453331
142602,0.499252361665611
142603,7.03483559184873
142604,0.442046354656488
142605,0.377387648028461
142606,-0.204858766013748
142607,-0.362154596327857
142608,0.339301743002054
142609,5.98182570717175
142610,0.289343715167586
142611,0.309112428122548
142612,-1.27428936339643
142613,-0.890682522533741
142614,0.310895979752631
142621,4.12051416508462
142622,0.265024721752862
142623,0.375067823362709
142624,-0.739097610644245
142625,-0.105159764933711
142626,0.298901866353109
142627,4.20663958002162
142628,0.266059545848386
142629,0.254456758951503
142630,-0.861517445671702
142631,0.159777777699851
142632,0.33390421356238
142633,5.10223315453456
142634,0.309415808525845
142635,0.209023384273776
142636,0.167926128188949
142637,0.147145169013802
142638,0.379190737864119
142639,3.00830055054884
142640,0.335639684395154
142641,0.204260383416745
142642,-0.00609401877126877
142643,0.0862688555744151
142644,0.374620232453661
142645,2.42586530919616
142646,0.379293084483362
142647,0.231932016469662
142648,-0.0854543097771075
142649,0.150947917303942
142650,0.381202130822313
142651,1.28651605873892
142652,0.111861916488351
142653,-0.0887814903428336
142654,-0.464354015398517
142655,-0.126342949745659
142656,0.11760474578187
142657,-0.609539544668804
142658,-0.644532289772365
142659,-0.987330642479485
142660,-1.11595357690258
142661,-0.824233045012987
142662,-0.627469865658237
142663,-0.893798865162325
142664,-0.989851389030441
142665,-1.14664276325845
142666,-0.869984318904474
142667,-1.05389316575216
142668,-1.01233106571253
142669,-1.01862103242813
142670,-0.902338969537408
142671,-1.11844089805703
142672,-0.899058755297554
142673,-0.96116632661243
142674,-0.937953450203106
142675,-1.19960619671075
142676,-1.01413749984093
142677,-0.846339603419551
142678,-0.923141216096134
142679,-0.879258708319123
142680,-0.959163499457956
142681,-1.01148938019989
142682,-0.932252477708073
142683,-0.76221904958379
142684,-0.864312534417523
142685,-0.762192564699856
142686,-0.919184595525479
142687,-0.925286814354566
142688,-0.937132728002109
142689,-0.694969484189384
142690,-0.749405385473998
142691,-0.733228102401445
142692,-0.946435796227811
142693,-1.00883333786154
142694,-1.03455998461091
142695,-0.724055985482564
142696,-0.734808013672933
142697,-0.657012388511742
142698,-0.994870735736582
142699,-0.920676174633774
142700,-0.927687692567499
142701,-0.730962797788677
142702,-0.758524353596711
142703,-0.684843546773172
142704,-1.02417319605766
142705,-0.262191190895882
142706,-0.461061489084154
142707,-0.243244313131508
142708,-0.220481902544146
142709,-0.182271701783832
142710,-0.417882637017063
142711,2.41400544959073
142712,0.731049540751291
142713,1.01534629506384
142714,0.978949256774811
142715,0.972779463796863
142716,0.806058825550108
142717,1.82990198662739
142718,0.416302451009697
142719,0.710955552791078
142720,0.628550630175739
142721,0.636602990657036
142722,0.445818919936004
142723,0.996354295567187
142724,0.0810453693220501
142725,0.614614741756009
142726,0.464697644354931
142727,0.420611566833973
142728,0.180465774078758
142729,0.493965305580399
142730,-0.262990815318745
142731,0.438370489464776
142732,0.2416452989064
142733,0.261522601331131
142734,-0.26234622074647
142735,0.103057504852873
142736,-0.712050955392871
142737,0.29581410560897
142738,0.155799065344842
142739,0.125043971353983
142740,-0.714476763509919
142741,-0.120664873493044
142742,-0.927765006486611
142743,0.151583997502948
142744,-0.0734533355630261
142745,-0.0688286768462395
142746,-0.976596498933785
142747,0.113293315788675
142748,-0.474850719521491
142749,-0.0996065034990769
142750,-0.667823419565195
142751,-0.484237968848147
142752,-0.47661550723982
142753,-0.156253775467376
142754,-1.49778518888915
142755,-0.142526007063572
142756,-0.378432367938224
142757,-0.41987109524581
142758,-1.50266956069072
142759,-0.127645673736627
142760,-1.21853055531812
142761,-0.130016021993097
142762,-0.126128457390441
142763,-0.289527690527549
142764,-1.4586852318513
142765,-0.0577965480228258
142766,-0.943994374573076
142767,-0.185409375497663
142768,-0.120443022323964
142769,-0.18902715991625
142770,-1.09059979953799
142771,-0.000766973964478219
142772,-0.857202317503762
142773,-0.144539517648475
142774,-0.123125538016764
142775,-0.140368633524419
142776,-0.959723688441074
142777,0.0461786470165967
142778,-0.629379354006724
142779,-0.0941177112304049
142780,-0.106920947747877
142781,-0.069915930950442
142782,-0.662482989092523
142783,0.0323533166067401
142784,-0.483890966787618
142785,-0.0252491010775176
142786,-0.00557671938020862
142787,-0.0196712847539746
142788,-0.536560832600196
142789,0.177200258241765
142790,-0.184762033044786
142791,0.207781583106232
142792,0.336497482402103
142793,0.238105365565749
142794,-0.158605566809736
142795,-0.40019684749612
142796,-0.375997090645212
142797,-0.0704797374382593
142798,0.111050655355585
142799,-0.0223889631807642
142800,-0.303894039009291
142801,-1.20322581433709
142802,-0.922836581865129
142803,-0.702150827583298
142804,-0.599396457601918
142805,-0.65705561856712
142806,-0.889940917553957
142807,-1.3481352454085
142808,-0.884023906907191
142809,-0.623446181176842
142810,-0.576183915936642
142811,-0.633205500778495
142812,-0.83210993803374
142813,-0.982665449635548
142814,-0.704630262482714
142815,-0.389480774635102
142816,-0.514935612209557
142817,-0.488954676380868
142818,-0.661566383514749
142819,-0.911455540118308
142820,-0.70228303760002
142821,-0.475324622348444
142822,-0.400947438867632
142823,-0.399894177281939
142824,-0.621920081510836
142825,-0.801442105061923
142826,-0.641046712972088
142827,-0.355537545030761
142828,-0.32270605983463
142829,-0.295157154564884
142830,-0.647443992422959
142831,-0.758090396983072
142832,-0.77809484232237
142833,-0.325903163945384
142834,-0.282192798779017
142835,-0.267881517388438
142836,-0.729187936597296
142837,-0.801143405788372
142838,-0.833388048201982
142839,-0.426818173262968
142840,-0.258758730402813
142841,-0.256347203917721
142842,-0.742561711838083
142843,-0.844599297279659
142844,-0.879360236808559
142845,-0.417981231000605
142846,-0.311169740708233
142847,-0.274717668485072
142848,-0.854768099976257
142849,-0.607224083535695
142850,-0.437920007563839
142851,-0.104137872737888
142852,-0.0059601603946335
142853,0.0347178198992304
142854,-0.509270850086049
142855,0.672391880166935
142856,0.424913119327863
142857,0.771131872041919
142858,0.979682519606478
142859,0.875465741087007
142860,0.362859710388745
142861,0.598025861902845
142862,0.0385920393995825
142863,0.483009826602353
142864,0.519597250290748
142865,0.487126988276588
142866,-0.0437920125330864
142867,0.0918043128246665
142868,-0.732736173595329
142869,0.187024768346792
142870,0.27731155837248
142871,0.277243826903042
142872,-0.736268367862359
142873,-0.11620270588956
142874,-1.14072574151076
142875,-0.000258481607612391
142876,-0.343689002242482
142877,-0.380832517481102
142878,-1.03985873930261
142879,-0.158943585521551
142880,-1.33730290085428
142881,0.015031872057051
142882,-0.406641272455789
142883,-0.65545066714254
142884,-1.35959864500044
142885,-0.192515021440255
142886,-1.62208604550732
142887,-0.0916436143183915
142888,-0.282608484761958
142889,-0.829114096599022
142890,-1.62486654611726
142891,-1.09256412069961
142892,-2.00456325982652
142893,-0.0626177351888247
142894,-0.329243558079748
142895,-0.844909234079351
142896,-1.95150013445235
142897,-0.185295402683905
142898,-1.79487360600854
142899,-0.299994420632738
142900,-0.544731934978367
142901,-0.778910646300768
142902,-1.61001651138564
142903,-0.273055381345384
142904,-1.58568541324715
142905,-0.31254378927515
142906,-0.513260866914317
142907,-0.69268728826983
142908,-1.39009383029568
142909,-0.243379206683309
142910,-1.49572444700141
142911,-0.307867910362228
142912,-0.559247258287737
142913,-0.654445155445912
142914,-1.32088335542343
142915,-0.233228539025749
142916,-1.63561631897656
142917,-0.315220586441183
142918,-0.425079449850483
142919,-0.576716604890734
142920,-1.39559302187218
142921,-0.15226120189118
142922,-1.41551539737994
142923,-0.224234771954158
142924,-0.266147458235685
142925,-0.403713396979907
142926,-1.10371636369536
142927,-0.00562983355725273
142928,-0.919524855488843
142929,-0.140417300639591
142930,-0.144251254635788
142931,-0.2370481934052
142932,-0.622791011676879
142933,0.123384291055447
142934,-0.266687311106855
142935,0.11030505929639
142936,0.13528646912016
142937,0.0323489322618764
142938,-0.119047979688646
142939,-0.424201857611561
142940,-0.515845373102356
142941,-0.0706120726097025
142942,-0.0142636965625133
142943,-0.145840990980561
142944,-0.486340833809341
142945,-1.55699345279978
142946,-1.36767101274637
142947,-1.02975192280245
142948,-0.830201891996876
142949,-0.900343670604434
142950,-1.60839604557936
142951,-1.57797815604363
142952,-1.34581974174532
142953,-0.844055771931573
142954,-0.918688943448339
142955,-0.984640186274522
142956,-1.46528884964355
142957,-1.70287302813582
142958,-1.67289909851837
142959,-1.11713296764701
142960,-1.06409193608341
142961,-1.02904197263759
142962,-1.52532347491323
142963,-1.57959111067105
142964,-1.66288289547663
142965,-1.04827448905916
142966,-0.970234370067234
142967,-0.968563248179678
142968,-1.63763014143028
142969,-1.54691012231848
142970,-1.59735102918472
142971,-1.0757786987126
142972,-0.946385800192307
142973,-0.961476699360055
142974,-1.64476375150647
142975,-1.4356864267722
142976,-1.80159871933657
142977,-0.764417061438834
142978,-0.776234658506563
142979,-0.809464630719107
142980,-1.73835423416643
142981,-1.32334492487882
142982,-1.97758883034566
142983,-0.894274470080582
142984,-0.92310429997138
142985,-0.761221010066614
142986,-1.7810368151757
142987,-1.26993682458933
142988,-2.19472529507818
142989,-1.05233792561331
142990,-0.979661920689795
142991,-0.839214860743259
142992,-1.75914989898169
142993,-0.479231133988234
142994,-1.28857207592768
142995,-0.524245852511853
142996,-0.308916313346231
142997,-0.343681391547594
142998,-1.20626613214699
142999,1.43539955622106
143000,0.273832573052879
143001,0.614712222642278
143002,0.660845440758739
143003,0.703281844106978
143004,0.175796522073916
143005,0.768412109613414
143006,0.00643965735350275
143007,0.328684004104174
143008,0.303651215208706
143009,0.377254863663699
143010,-0.274198012907126
143011,0.193901681229445
143012,-0.83573506122987
143013,0.239229506696796
143014,-0.134133927570231
143015,0.184450646506635
143016,-0.891572311732278
143017,-0.0188302595218064
143018,-1.31940131985478
143019,0.038276362496427
143020,-0.381196465865732
143021,-0.321197268495665
143022,-1.31570385932531
143023,-0.079108649057355
143024,-1.45504374003753
143025,-0.0553499988014448
143026,-0.386818450511509
143027,-0.224959991987568
143028,-1.28047981424547
143029,-0.0680860274419889
143030,-1.69389803032966
143031,-0.200522075860701
143032,-0.445958113142667
143033,-0.351711836988814
143034,-1.41035912587942
143035,-0.246607052339632
143036,-1.80446395085947
143037,-0.278390784892302
143038,-0.46623284295472
143039,-0.981006818178767
143040,-1.65327670824866
143041,-0.210396615244914
143042,-1.94049669507817
143043,-0.479373002686422
143044,-0.519634274600723
143045,-0.792081551977792
143046,-1.87382283733445
143047,-0.260377004244451
143048,-1.87011568587178
143049,-0.446291708766597
143050,-0.348777289647785
143051,-0.853222798729357
143052,-1.89392825668504
143053,-0.122428411719418
143054,-1.42755789178809
143055,-0.345988022153865
143056,-0.222525051582988
143057,-0.515071552471833
143058,-1.56743054054517
143059,-0.0289630625051304
143060,-0.910350584682848
143061,-0.311505468030299
143062,-0.131433391690274
143063,-0.263803201457458
143064,-1.44045693965014
143065,0.127960927948357
143066,-0.917943600771003
143067,-0.210998759439933
143068,-0.0335259137301063
143069,-0.148566655579331
143070,-0.731350799236357
143071,0.374412289667307
143072,-0.69593959100354
143073,-0.115085672067125
143074,0.0530567958514414
143075,-0.00670303343535428
143076,-1.04820059344056
143077,0.556234564155714
143078,-0.382481331536879
143079,-0.00193755942329342
143080,0.193745554824442
143081,0.146850625599977
143082,-0.880915013054399
143083,0.243985680587208
143084,-0.542771243522437
143085,-0.144869152971634
143086,0.0653777766315634
143087,0.0705928516314943
143088,-0.25331102654492
143089,-0.853886361259804
143090,-0.795004641842114
143091,-0.730715123824004
143092,-0.437165959991305
143093,-0.470641347530264
143094,-1.051996557672
143095,-0.699341651044094
143096,-0.550785470227559
143097,-0.800060299449968
143098,-0.608982839012006
143099,-0.577125111065141
143100,-0.615412018345242
143101,-0.462860046312162
143102,-0.490750429228587
143103,-0.644749339923587
143104,-0.562453367161972
143105,-0.53180527724366
143106,-0.618837260462414
143107,-0.234003208209004
143108,-0.32289292530096
143109,-0.390501061231605
143110,-0.400257549678259
143111,-0.411037968911217
143112,-0.279804639757059
143113,-0.163251880699659
143114,-0.228823206889324
143115,-0.264776909759602
143116,-0.288250122073909
143117,-0.163937481225874
143118,-0.187675156862905
143119,-0.10165341565261
143120,-0.225625526629488
143121,-0.197113642044382
143122,-0.211932749310357
143123,-0.10685671219804
143124,-0.132693470449066
143125,0.101916695788337
143126,-0.0933611146190654
143127,-0.0776378920224765
143128,0.0227378254224029
143129,0.0806509822889347
143130,0.00762257456830338
143131,0.295194903427795
143132,-0.118069060321153
143133,0.0438102256768409
143134,0.134063682717411
143135,0.207789216064213
143136,0.150309332737913
143137,1.15434895975053
143138,0.62242979339717
143139,0.693998260134331
143140,0.776602344189906
143141,0.888171308120354
143142,0.800782619841799
143143,15.0455129129506
143144,2.61647844793905
143145,3.43949986129213
143146,3.78641107974147
143147,3.85172709387199
143148,2.68586649801715
143149,13.6977397946266
143150,1.30694390717635
143151,1.48938350002357
143152,1.40072693104892
143153,1.62951837274293
143154,1.07402688009753
143155,9.53226059046359
143156,0.603554096344698
143157,0.6607089482
143158,0.825197652009214
143159,0.846614385222536
143160,0.540137051505471
143161,6.11072198788251
143162,0.0107055530703483
143163,0.348383391515913
143164,0.38425653438223
143165,0.383300887440697
143166,0.127558905269066
143167,1.68440831234907
143168,0.0224755969862333
143169,0.244515810911521
143170,-0.156969031141922
143171,-0.281289600736596
143172,0.0159403961202502
143173,1.31014100521881
143174,0.0145774208677094
143175,0.207523528253952
143176,-0.29622716753784
143177,-0.123089844785388
143178,0.0198646734529999
143179,1.25500525390707
143180,0.0283219119709748
143181,0.101575218498036
143182,-0.281484122124468
143183,-0.220557812880829
143184,0.0366517371020735
143185,1.84038237930362
143186,0.275605346435447
143187,0.159143204631655
143188,0.108507212146411
143189,-0.0830076853816029
143190,0.232693205808108
143191,1.87420019448767
143192,0.282506773989898
143193,0.167718366280308
143194,0.212998083369717
143195,-0.0565371290099358
143196,0.279516777427588
143197,2.07421909742465
143198,0.367415833702586
143199,0.217926952238492
143200,0.307586211457915
143201,0.0553632682876888
143202,0.364134493306649
143203,3.95484127907015
143204,0.377083574551132
143205,0.248359669611255
143206,0.30968079802136
143207,0.183290327192174
143208,0.416842256578091
143209,5.46700757929085
143210,0.358505074732806
143211,0.28312565654656
143212,0.305209294215135
143213,0.2230230597512
143214,0.404833254044444
143215,5.58805911706851
143216,0.414477857436436
143217,0.343609893613327
143218,0.344496354978228
143219,0.227739763392798
143220,0.434925367244435
143221,6.93360300919584
143222,0.688624447732667
143223,0.656318517683962
143224,0.681780446097257
143225,0.448502069189149
143226,0.690277309379763
143227,3.18513013988748
143228,0.419071951782545
143229,0.342482005570492
143230,0.363452406695782
143231,0.204323627404157
143232,0.407249848705418
143233,-0.0406457359255059
143234,-0.124034029488464
143235,-0.125770383827711
143236,-0.133271910877541
143237,-0.171803419262494
143238,-0.162471075510334
143239,-0.10487931047305
143240,-0.163130728719717
143241,-0.308099921757764
143242,-0.329487012683023
143243,-0.313951440813828
143244,-0.17501371524027
143245,-0.117843094944423
143246,-0.109439386809936
143247,-0.380266159014445
143248,-0.32751568469389
143249,-0.360486926880247
143250,-0.125515557294383
143251,-0.20606150057665
143252,-0.140703892425411
143253,-0.272398228340771
143254,-0.283970461956267
143255,-0.249409498405991
143256,-0.142349667744033
143257,-0.164888181611075
143258,-0.160487713760766
143259,-0.268462861192804
143260,-0.268081384372954
143261,-0.167477071955512
143262,-0.173906816866878
143263,-0.164357230134174
143264,-0.377210001896393
143265,-0.215517976440619
143266,-0.129907330807773
143267,-0.0747022084277843
143268,-0.358891894175678
143269,-0.300198046356779
143270,-0.599430654634448
143271,-0.284714985259287
143272,-0.143443212222398
143273,-0.0714333895862672
143274,-0.530569635865832
143275,-0.289984897992864
143276,-0.686195993843857
143277,-0.319801141405786
143278,-0.157735998957898
143279,-0.079543412755951
143280,-0.651223943424534
143281,0.632243671106248
143282,0.00420107941884242
143283,0.319154311186211
143284,0.35147605938968
143285,0.363536591803204
143286,-0.119431114536246
143287,3.95130018380327
143288,0.563009497628464
143289,1.30310088454144
143290,1.36020489117948
143291,1.40699360628034
143292,0.517080031542652
143293,3.70475584937466
143294,0.23882515771908
143295,0.753370488561485
143296,0.800159045123788
143297,0.776049936091164
143298,0.428622571359756
143299,1.07087131520477
143300,-0.265858196937424
143301,0.358238847953172
143302,0.44479581955455
143303,0.514457403113134
143304,-0.0862868210809991
143305,0.328625321478894
143306,-0.643880331893115
143307,0.155299465829636
143308,0.29677647588723
143309,0.211447596656637
143310,-0.501203801508694
143311,0.27983659359322
143312,-0.71619791878179
143313,0.0214756590984284
143314,-0.287104751908191
143315,-0.181723603465565
143316,-0.485495155767004
143317,0.0907229127631086
143318,-1.12860864622233
143319,-0.0625234717651415
143320,-0.39699360450134
143321,-0.44331891957035
143322,-1.24340730651051
143323,0.0877078990440095
143324,-1.24322564898319
143325,-0.151249869872712
143326,-0.140188487993786
143327,-0.868823190299878
143328,-1.31670654864223
143329,0.503496976124263
143330,-0.0423138303087888
143331,-0.166493973664333
143332,-0.175093725395199
143333,-0.425843297089574
143334,-0.0108840777348796
143335,1.01062630874992
143336,-0.32188755905145
143337,-0.1378920503034
143338,-0.31770311800288
143339,-0.291791090501935
143340,0.0117429544892109
143341,1.57083574662578
143342,-0.796549177920669
143343,-0.20169223779839
143344,-0.156506539732447
143345,-0.30453580957514
143346,0.125122529301362
143347,1.91437279823977
143348,-0.699717251917671
143349,-0.153639317954334
143350,-0.206095721393429
143351,-0.338021195427543
143352,-0.00396980397497797
143353,2.25729813383083
143354,-0.721280522067983
143355,-0.149750632439795
143356,-0.109995788085821
143357,-0.29852475763454
143358,-0.118490868282658
143359,1.47187747891291
143360,-0.774573090553244
143361,-0.0795446591837386
143362,-0.014112747618782
143363,-0.172514754898111
143364,-0.424849740730712
143365,0.772668576703984
143366,-0.739291177330019
143367,0.122986875864539
143368,0.258356047530316
143369,0.128607438006956
143370,-0.486606870660345
143371,0.326154031823065
143372,-0.599792143992184
143373,-0.0529234319594866
143374,0.137506641964077
143375,0.0431226882888885
143376,-0.491884976809855
143377,-0.738524846876232
143378,-1.04962413819182
143379,-0.572788358796392
143380,-0.355213421763645
143381,-0.382680370581174
143382,-1.04438332910462
143383,-0.980993641698437
143384,-1.24561285461619
143385,-1.00548084355114
143386,-0.431205768101101
143387,-0.589878372715732
143388,-1.25706735465483
143389,-0.969796380958847
143390,-0.949989725151617
143391,-0.866633661541721
143392,-0.433064940991432
143393,-0.593065258099721
143394,-1.11054235374744
143395,-0.733948004712199
143396,-0.807485034431734
143397,-0.677079956864431
143398,-0.331654956102123
143399,-0.376211140305449
143400,-0.932572905490238
143401,-0.513891303126199
143402,-0.540331983269245
143403,-0.453835790490388
143404,-0.189189552665508
143405,-0.069394673766255
143406,-0.534317157323926
143407,-0.402285395557323
143408,-0.401234898891082
143409,-0.300445943172638
143410,-0.0188647743863458
143411,0.0924957704501042
143412,-0.462987659841309
143413,-0.185888326358197
143414,-0.20701753905324
143415,-0.170137224115772
143416,0.210823205346113
143417,0.257529569043951
143418,-0.351327191798836
143419,0.000175936636479684
143420,0.143073335493725
143421,0.073681544627092
143422,0.366313499000657
143423,0.537863413866775
143424,0.0702896720704139
143425,1.02780370574862
143426,1.2004536099898
143427,1.00064806907413
143428,1.25040796972267
143429,1.35367222109959
143430,1.14417991314429
143431,8.81047095709179
143432,4.28726913796818
143433,3.71231581747727
143434,4.68333076271906
143435,4.80633149136486
143436,4.00794198169729
143437,11.8993871321913
143438,2.50223997350584
143439,2.14707497747731
143440,2.04486331499364
143441,1.89490645564767
143442,2.60267701723091
143443,8.9575529124454
143444,1.42602387344161
143445,0.909614309568511
143446,0.786318873123631
143447,1.16871904208586
143448,1.54919073676368
143449,6.79737202947058
143450,1.0661855495705
143451,0.647829607357999
143452,0.097342668330036
143453,0.781381602376517
143454,1.1693009632622
143455,3.95694159042655
143456,0.640995575209377
143457,0.482610858552175
143458,-0.209821839176
143459,0.123925374393285
143460,0.68231768115013
143461,3.74457516045923
143462,0.345366757397212
143463,0.334836197735363
143464,-0.21467798657199
143465,-0.214989224836194
143466,0.463125523839565
143467,2.44417311118714
143468,0.200994023809584
143469,0.245869505000369
143470,-0.0642945767432127
143471,-0.0589829720125717
143472,0.287364476769397
143473,1.88918259359205
143474,0.483995360352536
143475,0.538247477795821
143476,0.105994169491971
143477,0.0758430609112801
143478,0.565858209018829
143479,1.88344403390607
143480,0.291252846852736
143481,0.483322210458633
143482,0.279332124895539
143483,0.114901325608098
143484,0.364922211067522
143485,2.21367136131406
143486,0.230151922905811
143487,0.426177044301927
143488,0.263343915879328
143489,0.175862913769898
143490,0.336002384843251
143491,2.23761664698489
143492,0.192234689614805
143493,0.338734586142851
143494,0.244877801112728
143495,0.233910866493057
143496,0.355104443747594
143497,2.49797754244054
143498,0.172063211992605
143499,0.225593488940606
143500,0.247468176591032
143501,0.279696459162613
143502,0.294630676536921
143503,1.96490343831254
143504,0.215215978096708
143505,0.243982911872503
143506,0.27965419567716
143507,0.39054451410286
143508,0.287531759966545
143509,1.4162293369898
143510,0.387056589085879
143511,0.367651668764393
143512,0.465709632026175
143513,0.547411252755614
143514,0.433784969512733
143515,0.677295147835961
143516,0.192570896037952
143517,0.150427458883146
143518,0.328860946274544
143519,0.436921725352525
143520,0.207863802477189
143521,-0.628053289892792
143522,-0.28479155863478
143523,-0.356825092382059
143524,-0.206498089308458
143525,-0.157639022132715
143526,-0.395322298207104
143527,-1.0941978043865
143528,-0.379957423443447
143529,-0.399525970592287
143530,-0.275987616116517
143531,-0.247477240880668
143532,-0.332860647061179
143533,-1.09847001529917
143534,-0.323460765735852
143535,-0.263862642368094
143536,-0.221882415154841
143537,-0.226003926127748
143538,-0.423510065342963
143539,-0.734031477724085
143540,-0.261182804358848
143541,-0.126764772262194
143542,-0.123856527972794
143543,-0.108026878741796
143544,-0.340280041443906
143545,-0.552218952869741
143546,-0.127711852844628
143547,-0.131149668775027
143548,-0.0830953697587848
143549,-0.000936492146166025
143550,-0.205475072259677
143551,-0.324836772262206
143552,-0.167578927154501
143553,-0.0134563640151089
143554,0.224564410767037
143555,0.365131382359371
143556,-0.0628183547527059
143557,-0.361229788311216
143558,-0.172764082110412
143559,-0.000847923401553482
143560,0.238557909394965
143561,0.371184871627236
143562,-0.216024466768178
143563,-0.338619227042974
143564,-0.462605120131452
143565,0.0168851897690272
143566,0.176840714301576
143567,0.381006274906135
143568,-0.260267188951837
143569,0.658439680800587
143570,-0.355957456134644
143571,0.813906321419335
143572,0.714198616785371
143573,0.915587489225262
143574,-0.159730892531943
143575,5.29169328934729
143576,0.154399254081524
143577,2.26609016523566
143578,1.9346209330868
143579,2.31781176269383
143580,0.000785949443721066
143581,5.1509787074629
143582,0.0305494373052756
143583,1.06414195420484
143584,0.902468964261535
143585,0.815268372979668
143586,-0.0378727565645708
143587,3.10822883480175
143588,-0.0455034611111784
143589,0.784259003345791
143590,0.691455249694842
143591,0.585967802943024
143592,-0.207925110647996
143593,0.787106127488447
143594,-0.302992873017332
143595,0.587020794706887
143596,0.473065853587708
143597,0.42740666971548
143598,-0.566995374831919
143599,0.391851640578052
143600,-0.449701571652855
143601,0.462666070788702
143602,0.373852444189663
143603,0.275798585325604
143604,-0.640450930561328
143605,0.461348169354718
143606,-0.294387699508155
143607,0.243374794741582
143608,0.106759218652013
143609,0.157270007291455
143610,-0.6105612534385
143611,0.373790540076322
143612,-0.304541121521603
143613,0.270533803671879
143614,-0.0559672496159596
143615,0.142405746302393
143616,-0.285287621316881
143617,0.373638370127441
143618,-0.431047843350387
143619,0.249407101203623
143620,0.168930374188757
143621,0.0289631183500502
143622,-0.529805563123994
143623,0.341041120850162
143624,-0.690629396499921
143625,0.266238767557292
143626,0.167755594130736
143627,-0.00350263328232128
143628,-0.645630182619523
143629,0.296011205017939
143630,-0.586899516763812
143631,0.189009108705798
143632,0.160981481249567
143633,0.0762075770570052
143634,-0.691097950042823
143635,0.206313454810923
143636,-0.332716876611756
143637,-0.317767720131451
143638,0.174310598827134
143639,0.135821761159138
143640,-0.582391027160744
143641,0.307871288903953
143642,-0.150191378518772
143643,-0.480338160728556
143644,0.201060975893147
143645,0.13173399447828
143646,-0.499728532552241
143647,0.380706371878976
143648,-0.22166534263649
143649,-0.610052567006669
143650,0.075653478110425
143651,0.10883218205196
143652,-0.217356515557846
143653,0.142605419947472
143654,-0.0744898192538543
143655,-0.666613473404133
143656,0.181831410154745
143657,-0.546964920508441
143658,-0.271978281461764
143659,-0.234159877589545
143660,-0.404433242631694
143661,-1.01800571352526
143662,-0.909961941690864
143663,-0.464834767255861
143664,-0.351675734233728
143665,-1.87185312645006
143666,-1.12197475172228
143667,-1.73300490554875
143668,-1.34107685118245
143669,-2.68255207932848
143670,-1.35013785419221
143671,-2.34248440347139
143672,-1.9846933969304
143673,-1.98193002393435
143674,-2.53773348836416
143675,-2.45529501382754
143676,-1.90477482542162
143677,-2.64823281356176
143678,-2.09192856059998
143679,-2.10292143838905
143680,-2.55927148772269
143681,-1.8000796404259
143682,-2.13411917227534
143683,-2.33986056364231
143684,-2.0706909041169
143685,-2.12505138720724
143686,-2.22790514231752
143687,-1.90197371847515
143688,-2.03743914920148
143689,-2.16026379844533
143690,-2.03648129896833
143691,-2.09148542921262
143692,-2.15079182025481
143693,-1.68851857858098
143694,-2.035381459347
143695,-1.80287104015155
143696,-1.60173369581289
143697,-1.71315980361705
143698,-1.90131520581177
143699,-1.50363247840368
143700,-1.78071060624484
143701,-1.69662281988973
143702,-1.33396639936155
143703,-1.84914277027708
143704,-1.52800594043852
143705,-1.57515279121477
143706,-1.38711988136584
143707,-1.648379681441
143708,-1.33661600928155
143709,-1.77257654690086
143710,-2.47841834654864
143711,-1.50262228128701
143712,-1.36562495374121
143713,-0.541817457017073
143714,-0.422956481789732
143715,-0.872675686593567
143716,-0.874434325220855
143717,-0.669478474081012
143718,-0.494837996229889
143719,2.28796216582079
143720,0.702764999780009
143721,0.210279680320947
143722,0.0455613815591581
143723,0.459498316602748
143724,0.702726477503618
143725,4.05752155102472
143726,0.845186062875445
143727,0.423780087176345
143728,0.506394425257762
143729,0.572826178503681
143730,0.795049745630843
143731,3.35257802521416
143732,0.813346722751701
143733,0.312155407999728
143734,0.568236243579048
143735,0.487467464339763
143736,0.798866434401093
143737,2.73194273599962
143738,0.551507824516391
143739,-0.057080221718973
143740,0.28802002379443
143741,0.489825761469659
143742,0.464494919007222
143743,1.90144507444069
143744,0.481224742229239
143745,0.183650928271682
143746,-0.112304959541866
143747,0.289011340942532
143748,0.55357895704432
143749,1.76035826810812
143750,0.56587653503361
143751,0.116302515616117
143752,-0.290599817339193
143753,-0.0912628406089565
143754,0.571315881617484
143755,2.63696232675771
143756,0.605100492746357
143757,0.00238583355684958
143758,-0.608382152802068
143759,-0.30691442465495
143760,0.683825208412128
143761,3.23507066108505
143762,0.863083397693779
143763,0.0167604682350658
143764,-0.606851774385334
143765,-0.548896634372012
143766,0.848252697320835
143767,2.93339430947842
143768,0.779953066759529
143769,-0.149386211433237
143770,-0.912811109945591
143771,-0.660408465325541
143772,0.755315816405025
143773,3.90394511383979
143774,0.798190021840593
143775,0.0273162030780533
143776,-0.629208000545581
143777,-0.534436178868994
143778,0.808778303411297
143779,3.0289998470152
143780,0.90306665292362
143781,0.133337932925601
143782,-0.265211520238914
143783,-0.454659751620823
143784,0.89833695742122
143785,4.02816783010659
143786,0.99996985113881
143787,0.444274515903184
143788,-0.0434875778241365
143789,-0.319577691614486
143790,1.00661925646198
143791,5.02182052078703
143792,1.31204460486476
143793,0.633442963650408
143794,0.759460402885601
143795,0.699644439204219
143796,1.35699996695562
143797,6.27985185545459
143798,2.05563268966449
143799,1.01336285436652
143800,1.02326046185586
143801,1.00898086109453
143802,1.85033776565403
143803,2.7361378577188
143804,1.15450755812123
143805,0.487071180457951
143806,0.453974643189545
143807,0.582676125843606
143808,1.15688598254751
143809,-0.112389315360942
143810,0.00363718388557634
143811,-0.476289282192348
143812,-0.312086833613276
143813,-0.29300952251378
143814,-0.0170274135069083
143815,-0.348868810895922
143816,-0.0713603563942803
143817,-0.959353992864672
143818,-0.505717257409996
143819,-0.432001905960319
143820,-0.077509427442107
143821,-0.366656207871727
143822,-0.24319243890943
143823,-0.97439417692115
143824,-0.484758837453579
143825,-0.446600645065127
143826,-0.210603447248668
143827,-0.429706505114914
143828,-0.339307383066652
143829,-1.21087153973086
143830,-0.823761445373927
143831,-0.744004221138585
143832,-0.286520393668096
143833,-0.49482158205302
143834,-0.267754026433412
143835,-1.22187854184985
143836,-0.831101640847918
143837,-0.858706286917682
143838,-0.263924114004269
143839,-0.51642191608038
143840,-0.426429845117274
143841,-1.28901153313674
143842,-0.835260054553586
143843,-0.829422913940467
143844,-0.385282749169431
143845,-0.572061083267684
143846,-0.495842643879839
143847,-1.13019479663403
143848,-0.782031549091795
143849,-0.723091366693861
143850,-0.457674479128944
143851,-0.582758172060131
143852,-0.546531606570691
143853,-1.15074850529522
143854,-0.77893431483939
143855,-0.735275348605046
143856,-0.511423989744382
143857,0.153234669850368
143858,0.0612679539246869
143859,-0.088250087141861
143860,-0.0735381952057137
143861,-0.00369751600546146
143862,0.0833134981160637
143863,3.42620686352123
143864,1.90530345538484
143865,1.81855166588429
143866,1.8288764451077
143867,1.90694019879942
143868,1.9608126152646
143869,2.64161781375131
143870,1.01105537170393
143871,1.33219250184827
143872,1.21143566630932
143873,1.16014659474905
143874,1.14505893662044
143875,1.43160129468565
143876,0.31936823513586
143877,0.892207704503383
143878,0.784059887458618
143879,0.75204627791039
143880,0.547918596292084
143881,0.357730789159857
143882,-0.0504265731533887
143883,0.636384591446432
143884,0.584367205792993
143885,0.473095808485953
143886,0.0490722426089249
143887,-0.0689453862962464
143888,-0.197361236455366
143889,0.469114589498294
143890,0.387948334109847
143891,0.344940847551899
143892,-0.3313858937932
143893,-0.293350429807363
143894,-0.674434833223859
143895,0.292898341218879
143896,0.254990448526965
143897,0.211014479978769
143898,-0.831139254755105
143899,-0.482178276543808
143900,-1.01305882523388
143901,0.291752503805844
143902,0.197843871054694
143903,0.0910448287169789
143904,-1.03452746319737
143905,-0.504680869482388
143906,-1.18094009285857
143907,0.172067042793278
143908,-0.0814827378729116
143909,-0.280933283907753
143910,-1.16723263212129
143911,-0.561749231216758
143912,-1.27576090924308
143913,0.232580189313879
143914,0.0649292071462113
143915,-0.224640323831395
143916,-1.30901211804818
143917,-0.477434842198173
143918,-1.30436326032317
143919,0.202791752851198
143920,0.100778941449448
143921,-0.186950345369611
143922,-1.29052018320305
143923,-0.506468733948191
143924,-1.26552823978215
143925,0.197728060409742
143926,0.0889355257485348
143927,-0.170841711390285
143928,-1.29023736582671
143929,-0.366273072050243
143930,-1.11713904977139
143931,0.252668915166139
143932,0.115503160220492
143933,-0.17141625804411
143934,-1.23506670076092
143935,-0.277304194293354
143936,-0.884908007856041
143937,0.356923892356404
143938,0.289956090600883
143939,0.0322150948900867
143940,-1.15354376631366
143941,-0.171752117705593
143942,-0.689790025806111
143943,0.468037481543459
143944,0.509807875540466
143945,0.342763735851746
143946,-0.818677986124407
143947,-0.367944406974439
143948,-1.01941872349651
143949,0.284306215003398
143950,0.371013694405019
143951,0.213233877087599
143952,-1.06454561175627
143953,-1.28791895861613
143954,-1.87200807721076
143955,-0.511633878161429
143956,-0.420196611505461
143957,-0.477477039895793
143958,-1.82144522884579
143959,-1.69130772316818
143960,-2.32981852375707
143961,-0.768447562046837
143962,-0.763839355203283
143963,-0.862108223409598
143964,-2.28558551318982
143965,-1.72080299433564
143966,-2.40515958547305
143967,-1.00799715430415
143968,-1.00852946667475
143969,-1.15606978953056
143970,-2.35646802162445
143971,-1.87558427442484
143972,-2.35838788870185
143973,-1.29591115921288
143974,-1.0663773928059
143975,-1.26957044263452
143976,-2.11092362192182
143977,-1.86566847578701
143978,-2.47269357336576
143979,-1.63399272960327
143980,-1.58226498300975
143981,-1.50366795502767
143982,-2.33178765085112
143983,-1.86232308456922
143984,-2.44769118774688
143985,-1.58959160313974
143986,-1.52529296353207
143987,-1.4666095831498
143988,-2.36869850347879
143989,-1.99780997826123
143990,-2.46541270734411
143991,-1.47101980135739
143992,-1.43359160383036
143993,-1.43798140771162
143994,-2.36563741920718
143995,-2.05944810481176
143996,-2.61265425626971
143997,-1.54883685818271
143998,-1.72157008862263
143999,-1.53368961248682
144000,-2.43535800848924
144001,-1.5164932880567
144002,-1.45653193094485
144003,-0.719124378880471
144004,-0.818537050169736
144005,-0.704277670320222
144006,-1.52560151162603
144007,0.0764005991299423
144008,0.322488005603491
144009,0.310156688857501
144010,0.189913560326958
144011,0.0596935438764933
144012,0.173677276332083
144013,0.17962341240244
144014,-0.23429565215994
144015,0.28972210555225
144016,-0.0583012045280455
144017,0.0681090852741272
144018,-0.171483431105811
144019,-0.0724171442391348
144020,-0.452690261530532
144021,0.272323646227453
144022,-0.686772576632767
144023,-0.67875147264159
144024,-0.741491254435501
144025,-0.154570598433734
144026,-1.13041562263009
144027,-0.0582802741262566
144028,-1.13580385535109
144029,-0.960663759793753
144030,-1.06559584669196
144031,-0.282422440031269
144032,-1.42608956439201
144033,-0.149059313982029
144034,-1.20763833256981
144035,-1.26114341326739
144036,-1.30489125935669
144037,-0.280189649510112
144038,-1.41924286329091
144039,-0.226121941766321
144040,-1.01305561826425
144041,-1.3522444305869
144042,-1.40007183025814
144043,-0.256218875589381
144044,-1.13972877770289
144045,-0.359019251730328
144046,-1.00946732679791
144047,-1.31011201689277
144048,-1.30008436326072
144049,-0.064938893879954
144050,-1.13375790593594
144051,-0.339369276069268
144052,-0.701386208488615
144053,-1.21197676908671
144054,-1.04037261567139
144055,-0.0772958527689054
144056,-0.662793086042363
144057,-0.338892065923246
144058,-0.565112390111604
144059,-1.09097177896333
144060,-0.934629579465407
144061,-0.0600159156777549
144062,-0.235316375533605
144063,-0.224918688463717
144064,-0.499813630141353
144065,-0.934248718698876
144066,-0.424016590898785
144067,0.0474481623684009
144068,0.185384836694381
144069,-0.256776318926911
144070,-0.364007201258434
144071,-0.859206412987989
144072,-0.200571053767929
144073,0.230002264135389
144074,0.161663559025224
144075,-0.205310666110096
144076,-0.260265335068796
144077,-0.585422679921464
144078,0.199806233344611
144079,0.591234009516754
144080,-0.0145684862528116
144081,-0.0159111169699597
144082,-0.0998057220372536
144083,-0.155982489930336
144084,0.27701040076862
144085,1.59509832889908
144086,0.178503062123861
144087,0.291083885559012
144088,0.0937741646267388
144089,0.0327277129587237
144090,0.317091940475058
144091,1.62583055681677
144092,0.128348184504112
144093,0.230089630271937
144094,-0.0170493554464391
144095,0.0269613816532369
144096,0.171101797316014
144097,-0.126011786867542
144098,-0.205574536055934
144099,-0.383339276835545
144100,-0.358865203922134
144101,-0.397691389980512
144102,-0.222418053372098
144103,-0.220598886751581
144104,-0.313183380759053
144105,-0.707226936080172
144106,-0.562543744720924
144107,-0.521799425988661
144108,-0.338186114503256
144109,-0.0738176518784271
144110,-0.340456610084297
144111,-0.912182876930265
144112,-0.772314454888113
144113,-0.483485909395568
144114,-0.269038551080298
144115,-0.0997680068581412
144116,-0.231584674696205
144117,-0.918757285277219
144118,-0.630354959970778
144119,-0.51329192935702
144120,-0.274316606649955
144121,-0.0984535412128114
144122,-0.192034216483726
144123,-0.857645048595201
144124,-0.878907535609139
144125,-0.472590128935874
144126,-0.235975460804318
144127,-0.0298913991866304
144128,-0.0992268695151561
144129,-0.827631552767318
144130,-1.15059729218259
144131,-0.578165978191478
144132,-0.144634643423397
144133,0.00673248921155476
144134,0.0412774726318307
144135,-0.620175724787037
144136,-1.03855724078188
144137,-0.430655318187575
144138,-0.0134447953659929
144139,0.0453168825156617
144140,0.00530333713556088
144141,-0.594220816072508
144142,-0.988508657867955
144143,-0.40468770799558
144144,0.063505604687635
144145,1.1742595306712
144146,0.874995873183614
144147,0.138643863397823
144148,-0.0191586952431485
144149,0.179473425100405
144150,0.839792603516778
144151,9.78178265520962
144152,2.40401923507126
144153,0.835366191330663
144154,0.926242729616523
144155,1.22278974550164
144156,2.38090698536776
144157,7.94312328541542
144158,1.31010529780495
144159,0.740158697487753
144160,0.513023329967712
144161,0.776019634044632
144162,1.21347544926242
144163,7.36999264107786
144164,0.949633392705822
144165,0.697200621482915
144166,-0.00205384236106253
144167,0.103208219737211
144168,0.901006985097783
144169,2.76964189295379
144170,0.586600469362984
144171,0.36990274374596
144172,-0.373380265601863
144173,-0.357960396207246
144174,0.537565466774325
144175,1.21742084817253
144176,0.371672674433749
144177,0.222225865095867
144178,-0.553026385492632
144179,-0.503705614495124
144180,0.366720168923932
144181,1.07786496570668
144182,0.215482249861979
144183,0.149871347884856
144184,-0.604824383840222
144185,-0.68869699026694
144186,-0.129129636569073
144187,0.835427751903438
144188,0.109101418506451
144189,0.00200818730229885
144190,-0.761731153233744
144191,-0.703249245016326
144192,-0.186575444429407
144193,0.66929946586986
144194,-0.0778807457842671
144195,-0.180475025647059
144196,-0.828000403128366
144197,-0.817926276188125
144198,-0.135374351385716
144199,0.524410771737577
144200,-0.0770557488039324
144201,-0.328117457143977
144202,-0.819797172699428
144203,-0.93555256149978
144204,-0.10639917728556
144205,0.535838257093029
144206,-0.0529434537713477
144207,-0.318799386620314
144208,-0.795412298941788
144209,-0.697853404335669
144210,-0.087060965418895
144211,0.590254362170205
144212,-0.0601370734839371
144213,-0.262879819027982
144214,-0.604360365222781
144215,-0.672397652323347
144216,-0.0495189071308187
144217,0.607235991625484
144218,-0.00882369146357131
144219,-0.200336886456208
144220,-0.378502626350651
144221,-0.657578612928452
144222,-0.0827201139865654
144223,0.692967938544882
144224,0.0299684153186514
144225,-0.154571220741838
144226,-0.33084224775563
144227,-0.821625888953388
144228,-0.172071497876082
144229,0.896869076239019
144230,0.241113084736934
144231,0.133314873058754
144232,-0.106774541699391
144233,-0.453650924553605
144234,-0.0352541604491739
144235,0.711670796321309
144236,0.106892801181495
144237,0.0495101908174288
144238,-0.0210271087049056
144239,-0.502270888519216
144240,-0.047600791137962
144241,-0.346078442914419
144242,-0.342609018558655
144243,-0.315086631391645
144244,-0.437799728789998
144245,-0.508404802662574
144246,-0.518283097889913
144247,-0.830556771111322
144248,-0.49412131241871
144249,-0.68539130329826
144250,-0.783534932961079
144251,-1.17218263402425
144252,-0.757565212624563
144253,-0.428345240210055
144254,-0.301982726044565
144255,-0.858080918905665
144256,-1.01340471670749
144257,-1.33010368440977
144258,-0.514751144277953
144259,-0.428711277235669
144260,-0.278757756157077
144261,-0.844632521145735
144262,-1.34156945438809
144263,-1.16696381287216
144264,-0.390133962943224
144265,-0.328458981409772
144266,-0.149954784563485
144267,-0.612718996233936
144268,-1.40282318950979
144269,-0.755741900373895
144270,-0.331622535884265
144271,-0.331515211198624
144272,-0.233080433731472
144273,-0.535846424442073
144274,-1.14003952550269
144275,-0.593176721355375
144276,-0.387738872113256
144277,-0.220411527218326
144278,-0.430532753274977
144279,-0.434056699592298
144280,-0.885939358337435
144281,-0.443369406235603
144282,-0.353973063803392
144283,-0.0575547955965022
144284,-0.471080715448134
144285,-0.295580435021829
144286,-0.460388494852261
144287,-0.354589011703544
144288,-0.436302685998834
144289,0.852636013585283
144290,0.21803301947786
144291,0.125108169181869
144292,0.152539185889927
144293,0.117083566815183
144294,0.180651675594127
144295,6.23687605302391
144296,1.39813066637647
144297,0.753810686182817
144298,0.846478644620266
144299,0.968979664080599
144300,1.44491876249316
144301,1.95907484229084
144302,0.368488887540553
144303,0.465055252470813
144304,0.64152419685861
144305,0.510642742705509
144306,0.338784417218922
144307,1.02758351292534
144308,-0.178546063262617
144309,0.355544650009913
144310,0.348284977553345
144311,0.30207633059245
144312,-0.246816037571803
144313,0.658221956856716
144314,-0.566007234774304
144315,0.214962451073697
144316,-0.50485791130804
144317,-0.0439582085199667
144318,-0.557129118015703
144319,0.451566350624861
144320,-0.529421959795968
144321,0.069630496920178
144322,-0.566747105813187
144323,-1.05410754757796
144324,-0.867176068883494
144325,0.249073154052129
144326,-1.06350710965302
144327,-0.0403906942959041
144328,-0.524426765338872
144329,-0.941880688012531
144330,-0.835623592222591
144331,0.129980871512574
144332,-1.13148914535207
144333,-0.126755957045635
144334,-0.291825088093973
144335,-0.947428454088526
144336,-0.888135766791231
144337,0.19826116996826
144338,-1.0174769739852
144339,-0.180699384932931
144340,-0.372819010276294
144341,-0.892012122734616
144342,-1.1633588203089
144343,0.180023210811443
144344,-1.29818155320289
144345,-0.310755623684033
144346,-0.329692613974794
144347,-0.897787324178541
144348,-1.25355667918168
144349,0.175915377444082
144350,-1.29826704197981
144351,-0.198933360493434
144352,-0.252491285167969
144353,-0.746846797325175
144354,-1.20925471648844
144355,0.182602898542052
144356,-0.874564844169022
144357,-0.126609521858148
144358,-0.164476553019599
144359,-0.726880585959048
144360,-1.0487784305254
144361,0.293355840391128
144362,-0.745758896186215
144363,-0.0628637321363342
144364,-0.175215134220525
144365,-0.391339704203162
144366,-0.660034479153446
144367,0.367962908427879
144368,-0.160284281257656
144369,-0.0401634821624958
144370,-0.126421226361593
144371,-0.329382338680935
144372,-0.333441634760244
144373,0.658888099313181
144374,0.0791911904651199
144375,0.137585470746321
144376,0.113824830792869
144377,-0.203414487645367
144378,-0.147173364111619
144379,0.592465296325203
144380,0.270570552564455
144381,0.12085279373487
144382,0.00477207376805943
144383,-0.227804820469789
144384,-0.0750982015319523
144385,-0.352354399592859
144386,-0.0724734371598799
144387,-0.323601819679171
144388,-0.344068224508091
144389,-0.434507393682466
144390,-0.132345161636155
144391,-0.619499857260284
144392,-0.19805596037409
144393,-0.669545649219703
144394,-0.825059502013097
144395,-0.766437993046532
144396,-0.151407580523152
144397,-0.374204182467499
144398,-0.12148197309276
144399,-0.783061273460626
144400,-1.26513134537862
144401,-0.547075719143966
144402,-0.0900484392295919
144403,-0.196518981614592
144404,0.0475803108506661
144405,-0.666239344252646
144406,-0.982568523007982
144407,-0.561945162750441
144408,-0.0188313935588032
144409,0.0194552856266664
144410,0.14313635176379
144411,-0.359698251016831
144412,-0.477826461387439
144413,-0.360366320650228
144414,0.146525474723876
144415,0.0319927484876213
144416,0.18070684621983
144417,-0.267237984554065
144418,-0.441233673917445
144419,-0.259170376843609
144420,0.132394051191994
144421,-0.127508261485955
144422,0.0969149676235996
144423,-0.384488560544466
144424,-0.436264261023543
144425,-0.238114782230273
144426,-0.0118941318877565
144427,-0.000423769427829426
144428,0.105933143003854
144429,-0.348934095656855
144430,-0.28156569328374
144431,-0.190163198231367
144432,0.142250116475543
144433,0.769713161217597
144434,0.769759403758252
144435,0.237795117829231
144436,0.206657537594829
144437,0.257966117475872
144438,0.7212242290494
144439,4.9977527778714
144440,1.72295638573647
144441,1.02451212120096
144442,1.03594503658144
144443,1.23288524181068
144444,1.8654042112548
144445,2.00651581449017
144446,0.548678865917838
144447,0.401263713449211
144448,0.447862865935962
144449,0.560960480519498
144450,0.641730568888041
144451,1.07262445423275
144452,0.343700388592892
144453,0.330882059469007
144454,0.284775952110184
144455,0.199883455906455
144456,0.437586575101162
144457,0.594821485098726
144458,-0.105060528838345
144459,0.116552727644811
144460,-0.694525716210067
144461,0.232253868493892
144462,0.100746029133288
144463,0.288019702602353
144464,-0.288997759259758
144465,0.0273121824563751
144466,-0.883228994122744
144467,-0.659872982034189
144468,-0.406245816440013
144469,0.156698419350782
144470,-0.81222166743705
144471,0.0433760204342354
144472,-0.831337113270937
144473,-1.13702176744929
144474,-0.935442420267651
144475,0.0948639403501835
144476,-1.07379960934212
144477,-0.0546487027519539
144478,-0.448296233321493
144479,-1.08571643384306
144480,-1.08589471340252
144481,-0.0998354241691118
144482,-0.974769591253582
144483,-0.332924359679065
144484,-0.295516488761511
144485,-0.87819276109797
144486,-1.66671560006147
144487,-0.184367302416249
144488,-1.80340729730068
144489,-0.383656877513187
144490,-0.389571637547815
144491,-1.01673036420658
144492,-1.68967019967776
144493,-0.167742792597977
144494,-1.58138230292938
144495,-0.407790443152351
144496,-0.26461646761211
144497,-0.667861949304456
144498,-1.65885476993056
144499,-0.202414443985368
144500,-1.19267755395852
144501,-0.439667522484435
144502,-0.174272075814683
144503,-0.600773601648133
144504,-1.53154894565861
144505,-0.126341316351864
144506,-0.825335216896421
144507,-0.299654604156131
144508,-0.0825531363079765
144509,-0.345262438027277
144510,-1.4662938906016
144511,0.0788526751404194
144512,-0.470078739989216
144513,-0.183174042873636
144514,-0.0739406305603806
144515,-0.233709031063926
144516,-1.39299092199506
144517,0.212169658400573
144518,-0.740769026861406
144519,-0.000782044019587898
144520,0.0338679308863956
144521,-0.0529238407815819
144522,-1.08118338578664
144523,0.120374124313505
144524,-0.659389798142841
144525,-0.0420961836503427
144526,-0.0122857808658853
144527,-0.0268023144410047
144528,-0.734330648574712
144529,-0.942469862908737
144530,-1.27198327697568
144531,-0.628418805285578
144532,-0.546735325639183
144533,-0.568380474707973
144534,-1.42995888780537
144535,-0.883289149519883
144536,-1.92947792310957
144537,-0.963444762844253
144538,-0.972078985106451
144539,-0.757323492399509
144540,-1.94322372779931
144541,-0.644858314329062
144542,-1.61146510850432
144543,-0.959960840286416
144544,-1.0199935678722
144545,-0.867383458805855
144546,-1.73964380881936
144547,-0.531121047834235
144548,-1.01126114971658
144549,-0.766008078677464
144550,-0.869125951372048
144551,-0.757099316439884
144552,-1.15956104806968
144553,-0.398412959115787
144554,-0.780982539337762
144555,-0.712862565447418
144556,-0.709961630159257
144557,-0.498038191715577
144558,-0.846453890321768
144559,-0.371186823025293
144560,-0.711397116601013
144561,-0.471966825392134
144562,-0.472985496318671
144563,-0.359688923152039
144564,-0.723178039284935
144565,-0.162584536569986
144566,-0.730837894768602
144567,-0.409765386333204
144568,-0.368148619536374
144569,-0.180877563486278
144570,-0.6203903062992
144571,0.174275255300866
144572,-0.320005849527208
144573,-0.213351206280518
144574,-0.218248199560416
144575,-0.0776982356600631
144576,-0.408795873396079
144577,0.906460630436218
144578,0.698595401298167
144579,0.547319573825403
144580,0.469942215507837
144581,0.514798661138841
144582,0.539236662414708
144583,4.85910505182136
144584,2.36146933060437
144585,1.8215961188681
144586,1.70044136334613
144587,1.9120148337565
144588,1.82556431154462
144589,2.87079721583659
144590,0.905208080537766
144591,0.670531375474126
144592,0.771208735737663
144593,0.982499835968876
144594,1.4079420014606
144595,1.39879075844122
144596,0.429659186107706
144597,0.406532651364305
144598,0.458237142931625
144599,0.360952743708743
144600,0.483070497413921
144601,1.20131138215866
144602,0.259452730182072
144603,0.332460749065179
144604,-0.303849909191965
144605,0.349200849415236
144606,0.343304479067685
144607,0.82071795230064
144608,0.269589038747537
144609,0.180672723358107
144610,-0.373474640680919
144611,-0.159799564146713
144612,0.316451336071054
144613,0.724305136281218
144614,0.0488319524191946
144615,0.0947109322737954
144616,-0.312028998128709
144617,-0.445465980748186
144618,0.26498254841475
144619,0.775533417321914
144620,0.213914797194598
144621,0.0194344243005272
144622,-0.164233447064725
144623,-0.415933951602485
144624,0.386952917967246
144625,0.914662352483405
144626,0.0569688712893652
144627,0.165089175608518
144628,-0.0950735257908373
144629,-0.139227778551026
144630,0.0605442588847854
144631,0.933510400621468
144632,0.0872949370432524
144633,0.0357933159695183
144634,-0.121611192641589
144635,-0.101864176686249
144636,0.160255810637714
144637,1.00582845489308
144638,0.102570091398466
144639,-0.0693511771656606
144640,-0.00151811174392883
144641,-0.0454025975867859
144642,0.190503644831532
144643,1.09945523219231
144644,0.224559216011002
144645,0.00491853883956404
144646,-0.0678580467336471
144647,-0.0168180033982921
144648,0.180709290681943
144649,1.26186054798094
144650,0.21665251848857
144651,0.0705523806186065
144652,-0.103612266034076
144653,0.0116725840063129
144654,0.134054984981532
144655,2.77338981596587
144656,0.302962835594795
144657,0.121097381435739
144658,0.0147215864667279
144659,0.0827822646146063
144660,0.337483091999345
144661,3.44811590605914
144662,0.513528221826771
144663,0.247521436819888
144664,0.255032072148688
144665,0.274932992970616
144666,0.482835454038561
144667,1.32610233565111
144668,0.325230247150562
144669,0.173189388937648
144670,0.245644327272392
144671,0.193537323069183
144672,0.369659034157884
144673,0.0321880768624554
144674,-0.157241410270289
144675,-0.299265980735727
144676,-0.200658593094148
144677,-0.246748818170891
144678,-0.178998982368418
144679,-0.26398146915071
144680,-0.116662280160174
144681,-0.464203214582839
144682,-0.312310389897879
144683,-0.254163337683438
144684,-0.168627516738882
144685,-0.433600429213608
144686,-0.085324967878916
144687,-0.372752894189165
144688,-0.303575813317207
144689,-0.201318517220391
144690,-0.0947178399545011
144691,-0.354665231227137
144692,0.0318366529442806
144693,-0.134428250693911
144694,-0.208696416903756
144695,-0.0327649943991549
144696,0.0454719634695689
144697,-0.323597006551898
144698,0.00622910966152623
144699,0.0834305215544378
144700,0.120821276379292
144701,0.238953589721558
144702,0.00310389850532359
144703,-0.0129937809981799
144704,0.153739664143818
144705,0.234966523421397
144706,0.320872552807765
144707,0.471467046473588
144708,0.212929362708573
144709,0.0829086683269803
144710,0.239597944874527
144711,0.280973814959553
144712,0.406501222086238
144713,0.516124511809573
144714,0.215524004882661
144715,0.392028722423335
144716,0.425240703302648
144717,0.459833093046905
144718,0.516368500198122
144719,0.680751132273647
144720,0.427836972483902
144721,2.10652634325304
144722,1.5085024219235
144723,1.31804759787144
144724,1.42561452206549
144725,1.52464443483096
144726,1.59767133360362
144727,15.1443664811416
144728,4.25575784931978
144729,3.61741356728007
144730,3.60518235289896
144731,3.69216958361413
144732,4.46321093119397
144733,16.6383453780594
144734,3.03128041525463
144735,1.65597244910895
144736,1.61572658360738
144737,1.84591083726488
144738,3.42237608202181
144739,13.7296106426748
144740,1.98066978583352
144741,1.21772261681878
144742,0.409857297648739
144743,0.950149786752385
144744,2.20884546743227
144745,11.0929140836212
144746,1.28049399767164
144747,0.788211560166541
144748,0.177611910709488
144749,0.242947177593638
144750,1.35472130256141
144751,7.61318195157136
144752,1.00266366846391
144753,0.649009988341856
144754,0.0666408248703813
144755,0.218843963565708
144756,0.992537623397006
144757,4.49914872835274
144758,0.385370571043151
144759,0.416127845337203
144760,-0.04180504410671
144761,-0.017148948277923
144762,0.659878786143214
144763,3.50818251975262
144764,0.246999489957472
144765,0.287200004393251
144766,-0.124998976904722
144767,-0.192033646686539
144768,0.360531306977184
144769,2.47999165700948
144770,0.227353291166796
144771,0.188151668419825
144772,-0.264818645619035
144773,-0.227186346248208
144774,0.267796726103362
144775,2.61830538635073
144776,0.13288340315377
144777,0.0438043094592045
144778,-0.193617975626206
144779,-0.314651265938621
144780,0.193719306259159
144781,2.24579183359487
144782,0.17281935259359
144783,0.13705805959574
144784,-0.320917661616843
144785,-0.182340651907095
144786,0.196790785174262
144787,1.47794667930369
144788,0.202166034355764
144789,0.127465166675199
144790,-0.120677395732414
144791,-0.247493464281193
144792,0.257195788318718
144793,1.58275578640715
144794,0.288113404403661
144795,0.134926675805796
144796,-0.141607467738636
144797,-0.215027825164081
144798,0.335925856165949
144799,2.302016548297
144800,0.279897676644774
144801,0.133838109119392
144802,-0.100830247013316
144803,-0.0114539517542164
144804,0.297230536221907
144805,1.13297308245264
144806,0.46388469869796
144807,0.364135361703429
144808,0.214195933140024
144809,0.283720447982014
144810,0.359973108122424
144811,0.899969173918829
144812,0.317131012132096
144813,0.302357600557388
144814,0.215363502295922
144815,0.241101614663083
144816,0.207779724897478
144817,-0.15774102260885
144818,-0.0259425613372781
144819,0.059640499922237
144820,-0.0562711694287136
144821,0.00692764321995254
144822,-0.139774568984281
144823,-0.667211226338021
144824,-0.569730352448439
144825,-0.277681354388691
144826,-0.419314401882432
144827,-0.202276789107235
144828,-0.215273795866933
144829,-0.967262153355436
144830,-0.350535408950337
144831,-0.273047037891645
144832,-0.507502331174047
144833,-0.130615242095183
144834,-0.262775551146639
144835,-1.07139625498446
144836,-0.221202324776472
144837,-0.258925022324534
144838,-0.607115450355026
144839,-0.144484704853277
144840,-0.2157278027177
144841,-0.983245334086219
144842,-0.236087033975733
144843,-0.23024765569528
144844,-0.613561710758765
144845,-0.0959179326155089
144846,-0.154480901901398
144847,-0.803157047009879
144848,-0.263860293708547
144849,-0.396044787458168
144850,-0.688800577617931
144851,-0.091116311738775
144852,-0.26080769419435
144853,-0.500196893819068
144854,-0.242865090913992
144855,-0.318301270050692
144856,-0.790940987745505
144857,-0.109570455868706
144858,-0.302434264175938
144859,-0.303160577368362
144860,-0.461360458651743
144861,-0.582329240095275
144862,-0.747517317456395
144863,-0.223677837902878
144864,-0.453923561080568
144865,0.80510753629939
144866,0.0502452339380966
144867,0.230846820364395
144868,-0.332426039677289
144869,0.150573798336754
144870,0.119355557933849
144871,6.25535564250708
144872,1.09970385482196
144873,0.836560286506698
144874,0.330659771870863
144875,0.840419872755736
144876,1.28934318504733
144877,6.75791502182465
144878,0.996061971644414
144879,0.726253513601557
144880,-0.342513327396185
144881,0.92763560175683
144882,1.16201549853436
144883,4.94663116558865
144884,0.748258017977882
144885,0.428780648060384
144886,-0.489204801403185
144887,-0.546647747342756
144888,0.77989785950617
144889,4.46482147673562
144890,0.61810084131337
144891,0.437656474151711
144892,-0.553517617992312
144893,-0.831060072382494
144894,0.475008655517173
144895,4.73277635832724
144896,0.431250597223093
144897,0.370018454874673
144898,-0.580929661128132
144899,-0.846530637231028
144900,0.0615150112855356
144901,3.06682311732975
144902,0.303965545867195
144903,0.273280894734845
144904,-0.600308042190666
144905,-0.883645210750973
144906,0.00217831864020155
144907,2.66084885705492
144908,-0.090087145549379
144909,0.140749203610667
144910,-0.581083831701934
144911,-0.666043983861198
144912,-0.00478917748155133
144913,2.47539170930179
144914,-0.464805790380117
144915,0.0819686893814468
144916,-0.343935260640803
144917,-0.556993508188806
144918,-0.021703698770743
144919,2.1854091380605
144920,-0.159936810785314
144921,-0.000590186027095501
144922,-0.374875719090045
144923,-0.459211922576362
144924,-0.249136775879319
144925,2.01956609977265
144926,-0.467748830666965
144927,0.0100781646250829
144928,-0.397915232707
144929,-0.564193486299342
144930,-0.439489844334117
144931,2.68211788298964
144932,-0.318414140309098
144933,0.11642772255677
144934,-0.255981212350211
144935,-0.447923626100762
144936,-0.424454059396893
144937,2.93534957672178
144938,-0.115779787482571
144939,0.131844236684105
144940,-0.151334329434645
144941,-0.476709206011285
144942,-0.343160374058169
144943,3.44829650793859
144944,-0.0297707881060845
144945,0.240938126568597
144946,-0.0365942632212081
144947,-0.0486627688660485
144948,-0.0907051846314397
144949,4.14545075482376
144950,0.13325044398515
144951,0.437404027563789
144952,0.284807456944559
144953,0.230963812438064
144954,0.232207947614186
144955,3.68780740987652
144956,0.129027960275313
144957,0.438003318877895
144958,0.127551680480059
144959,0.198695425061841
144960,0.262181684702003
144961,0.519632040357514
144962,0.000251524361019032
144963,0.215945214954389
144964,-0.0424271559609682
144965,0.0970132839813549
144966,0.055571674415347
144967,0.459620494570541
144968,0.0376247537816593
144969,0.0892663756265023
144970,-0.44300648147351
144971,-0.081798865812198
144972,0.086976646139109
144973,0.412786671221293
144974,0.0957143808805198
144975,-0.120523444010774
144976,-0.747915241498212
144977,-0.0388050035823978
144978,0.295369197634714
144979,0.589225187760614
144980,0.218375768195542
144981,-0.210941413568209
144982,-0.411354270682134
144983,0.0339443437488384
144984,0.259088686693649
144985,0.664569195678739
144986,0.372845715502308
144987,0.00354351104939331
144988,-0.195976861981482
144989,0.116730961339874
144990,0.364861197015393
144991,0.80681386486512
144992,0.589972512132837
144993,0.250537074949516
144994,-0.0213038930144264
144995,0.217982671952869
144996,0.464686459267613
144997,0.985515210617789
144998,0.868618001475811
144999,0.469274790576821
145000,0.19538839057243
145001,0.389410982191796
145002,0.722205610519609
145003,1.31596492950701
145004,1.04612582910458
145005,0.685229519416594
145006,0.450872742792241
145007,0.586159419921447
145008,1.03087276089612
145009,2.86618102974219
145010,2.76241871457838
145011,1.21309030281553
145012,1.05858201125153
145013,1.34267425595808
145014,2.71883375007027
145015,13.2457978376961
145016,4.40687624648963
145017,2.2092490482216
145018,2.16392366165906
145019,2.43065652987982
145020,4.37339291615888
145021,15.7246159190012
145022,2.38488634647434
145023,1.60001182233786
145024,0.432622473975301
145025,1.76346306773816
145026,1.99580445582203
145027,11.4876694535469
145028,1.6000531505921
145029,1.15989671591633
145030,0.123292014922331
145031,0.571675468163562
145032,1.46965926733492
145033,4.43078512588271
145034,1.26304798455091
145035,0.942939688694879
145036,0.0283602836322778
145037,-0.147042306038032
145038,1.18434822210913
145039,4.43665171357919
145040,0.771885747207144
145041,0.583917616875001
145042,-0.0441651285934626
145043,-0.38910278702756
145044,0.645477710498184
145045,2.26358343832972
145046,0.327459863258308
145047,0.399091830574423
145048,-0.113815890381818
145049,-0.463754731927966
145050,0.276402431970982
145051,1.37347548920153
145052,0.321707660641445
145053,0.285320152097252
145054,-0.144128221678078
145055,-0.474053974636318
145056,0.19697252398293
145057,1.24749898992219
145058,-0.0107531455956273
145059,0.254314123118628
145060,-0.100789994120533
145061,-0.0451583939327849
145062,-0.0560029496925262
145063,1.23347168502708
145064,0.0082356507909109
145065,0.188029461802402
145066,0.0177363085106199
145067,-0.0280611454330682
145068,-0.0751386107405486
145069,1.51199839462492
145070,0.245597354403905
145071,0.189256763536821
145072,-0.0682169945158586
145073,-0.10861959625808
145074,-0.162317423098426
145075,1.63030290441452
145076,0.293557442174994
145077,0.22007777298667
145078,-0.0604635032954509
145079,-0.00940219893824502
145080,0.00105077284128817
145081,2.04644891058836
145082,0.438912040633227
145083,0.246444080113565
145084,0.0456640516825513
145085,0.0912639762829374
145086,0.470783410665634
145087,2.18497240559848
145088,0.551195419952397
145089,0.312161380014597
145090,0.0630972437231597
145091,0.123014320964322
145092,0.677109230824874
145093,2.61892069566343
145094,0.860248068747648
145095,0.623174352698151
145096,0.38061764870498
145097,0.374441174667503
145098,0.84015079254105
145099,2.61867601529384
145100,0.875691701562145
145101,0.566183340009429
145102,0.299114300487491
145103,0.3267423780591
145104,0.845921939667602
145105,1.65045353515902
145106,0.57461049734156
145107,0.349207878993073
145108,-0.03973857396592
145109,0.0127053829211801
145110,0.558503563756423
145111,0.939557071992474
145112,0.564396943046153
145113,0.240695861000596
145114,-0.72351750315633
145115,-0.240485047211811
145116,0.528524583251075
145117,0.615961324732448
145118,0.395294276460138
145119,0.145859308233221
145120,-1.04327589645766
145121,-0.246304836309323
145122,0.458625067531266
145123,0.600799067555012
145124,0.39108581489337
145125,0.136727276977187
145126,-1.06702445758714
145127,-0.345871690305552
145128,0.291616752381346
145129,0.810861733181829
145130,0.374332940154778
145131,0.209711940958012
145132,-1.19132750322609
145133,-0.338889335330937
145134,0.323632263624294
145135,1.01956089158122
145136,0.551066921741145
145137,0.282723842293315
145138,-1.08238997727957
145139,0.0317851867780659
145140,0.556953697171976
145141,1.08240712481402
145142,0.7144435551056
145143,0.487482944589347
145144,-0.951654461737092
145145,0.168445419143437
145146,0.755312374267571
145147,1.69917541630112
145148,0.870019365758311
145149,0.547323194357798
145150,-0.828859744224882
145151,0.178989903984866
145152,0.881135652506659
145153,3.96349840118323
145154,1.26627533250893
145155,0.818719357011236
145156,-0.525073644186544
145157,0.100678471551132
145158,1.24415786704448
145159,5.3946275116542
145160,2.35871914110048
145161,1.30940932385834
145162,0.269595486200471
145163,0.619583784626228
145164,1.9125458441059
145165,6.77240869590391
145166,0.831096416753463
145167,1.05692762056077
145168,0.20025764417691
145169,0.753415764643463
145170,1.3253430760859
145171,6.58841491079921
145172,1.04018656955948
145173,0.992061704844835
145174,-0.169133716145865
145175,-0.0446520473051402
145176,1.77436892192616
145177,6.30103588520966
145178,1.1646011804224
145179,0.729690354698816
145180,-0.530656630874105
145181,-0.345432349351887
145182,1.22705002675993
145183,3.69382550036504
145184,1.05463574852521
145185,0.617263671074535
145186,-0.404621307437407
145187,-0.522885197446873
145188,1.02510126998118
145189,3.06084038245455
145190,0.754538910665222
145191,0.434056791876131
145192,-0.551010965251533
145193,-0.742905529734174
145194,0.711427258739581
145195,4.18949532547541
145196,0.605206892628813
145197,0.348481719521867
145198,-0.669201083428147
145199,-0.642889352599963
145200,0.475525222272715
145201,1.07310599100929
145202,0.55378503283745
145203,0.380601772235774
145204,-0.364214566622496
145205,-0.29323841810326
145206,0.42711631507877
145207,1.65705176806211
145208,0.439804266105355
145209,0.296329416647729
145210,-0.274776188418257
145211,-0.267579778797566
145212,0.464658605827291
145213,1.43234516404762
145214,0.508629715273906
145215,0.310297165117386
145216,-0.177608430897328
145217,-0.266902723813574
145218,0.222719692108994
145219,0.980895346460437
145220,0.413066830385711
145221,0.200779843681318
145222,-0.243962492663229
145223,-0.149891585129868
145224,0.321455832507743
145225,1.0853273709311
145226,0.306828842372941
145227,0.271163236068815
145228,-0.0199419991601392
145229,-0.159540751115969
145230,0.212878917686009
145231,1.5950297547234
145232,-0.103027335518976
145233,0.334051952985525
145234,0.0748514654816827
145235,0.0595533032626773
145236,0.312319627862277
145237,1.31639010852063
145238,0.269616280768721
145239,0.502407326743137
145240,0.224514888648605
145241,0.198556983360521
145242,0.491683794311379
145243,1.1791392019822
145244,0.191705184202814
145245,0.477297101987482
145246,0.202606842310187
145247,0.23236008950159
145248,0.356910870154071
145249,1.40731398774523
145250,0.0531378413122179
145251,0.319371685168861
145252,0.0858515797934457
145253,0.175088217204432
145254,0.117631945926489
145255,1.11736340686279
145256,0.0681717599714422
145257,0.265291173619782
145258,-0.337774842949453
145259,-0.158854344476408
145260,0.210321828593799
145261,0.950610169303839
145262,-0.043441041662573
145263,0.0790489070482546
145264,-1.16473853769507
145265,-0.590852628596002
145266,-0.0365186731625376
145267,0.337715060419724
145268,-0.213566694975953
145269,-0.140407776022773
145270,-1.43296747270684
145271,-1.03014247227608
145272,-0.225970564822764
145273,0.6965045089144
145274,-0.0640044250340961
145275,-0.166181006012866
145276,-1.81404886643725
145277,-0.988077495800424
145278,0.0382725601963935
145279,0.498020173797216
145280,0.0613786477942468
145281,0.0866421297850823
145282,-1.37274913648974
145283,-0.55851136271777
145284,0.0948162171021932
145285,0.657616739808134
145286,0.0931265215027163
145287,0.349804443334942
145288,-0.925038084809
145289,-0.0807773820812984
145290,-0.224232318272603
145291,0.74486823516086
145292,-0.021237139875162
145293,0.39908288093603
145294,-0.709968844882764
145295,0.0332676985208312
145296,0.205539033427223
145297,1.63615044400586
145298,0.301523100498949
145299,0.368476470886745
145300,-0.486433010709863
145301,0.151659032851902
145302,0.220324624134972
145303,3.46235162758566
145304,0.649599217328212
145305,0.839828666776769
145306,0.197782314198659
145307,0.658649580768972
145308,0.722587134701928
145309,3.81202607005364
145310,0.968770199733838
145311,0.910342177372151
145312,0.204335096542319
145313,0.661611011161862
145314,1.04143868882408
145315,1.95303645688933
145316,0.768854409586973
145317,0.669020042325134
145318,-0.132560410809287
145319,0.475275640916551
145320,0.660078389517284
145321,5.22089632508922
145322,0.595651667268959
145323,0.521213109615581
145324,-0.0212380768156781
145325,-0.052778772464105
145326,0.613133404757975
145327,7.02767511464649
145328,0.473495452480258
145329,0.469397414874707
145330,0.0299355983588114
145331,0.000324482961186279
145332,0.317343734465408
145333,4.92527533529465
145334,0.371237800040329
145335,0.143874101505481
145336,-0.0140113720301717
145337,0.169365881412494
145338,0.29687915215226
145339,4.42136446151478
145340,0.154790376331994
145341,0.096017704200687
145342,-0.039374957059574
145343,0.0937407376601791
145344,0.263407466067073
145345,1.32268833670451
145346,0.0664728428671099
145347,0.254798534696221
145348,0.161881967807965
145349,0.0341574764014614
145350,0.104445415974352
145351,0.893898328613754
145352,-0.241624546198604
145353,0.215430758291057
145354,0.0421750263471033
145355,-0.378953660347188
145356,-0.117422321688795
145357,0.889136720484507
145358,-0.416761455554522
145359,0.130530761161179
145360,-0.205753925077942
145361,-0.266296014792769
145362,-0.346606742577488
145363,0.680683919792593
145364,-0.274607495466019
145365,0.0537995504293105
145366,-0.425004726932065
145367,-0.201668884716371
145368,-0.265779662340692
145369,0.734006442533284
145370,-0.388113673974689
145371,-0.0149307705634626
145372,-0.128629270618793
145373,-0.0191700322056506
145374,-0.456457399334823
145375,0.941531039660396
145376,-0.186749551294745
145377,0.144848480530801
145378,0.0254736232375054
145379,0.121917976826964
145380,-0.342469554198551
145381,1.3195083690459
145382,0.0861785450471493
145383,0.490674052425961
145384,0.410362427302019
145385,0.359608650985512
145386,0.0561488158411831
145387,0.793049149319852
145388,0.0604788363352311
145389,0.413849793075611
145390,0.519502330456999
145391,0.273956679294288
145392,0.0952458543489585
145393,-0.215292381338489
145394,-0.204291805340871
145395,0.0107835179534923
145396,0.047921761396857
145397,0.00553815702582021
145398,-0.0905578019439034
145399,-0.740093313990195
145400,-0.399853906870758
145401,-0.180978927828174
145402,-0.357838554241971
145403,-0.107067244012366
145404,-0.20350639441664
145405,-0.797707855632192
145406,-0.215574795917605
145407,-0.185375632896564
145408,-0.172113480831869
145409,-0.0368349931889572
145410,-0.141810630435185
145411,-0.867912764458155
145412,0.00161158462463617
145413,-0.0146954742694408
145414,0.0624441245486757
145415,0.165882908372687
145416,-0.0427121613182979
145417,-0.707743006255916
145418,0.08462639813732
145419,0.122544855153844
145420,0.289630520195645
145421,0.349786955132319
145422,0.0808717014107927
145423,-0.596077006775643
145424,0.31138358440529
145425,0.281308746392655
145426,0.49323142213501
145427,0.476125623322778
145428,0.350432808604662
145429,-0.254685329009427
145430,0.367227174195908
145431,0.325351942563057
145432,0.504492619350518
145433,0.496658940373332
145434,0.348648575159543
145435,0.194197588864761
145436,0.507159015252738
145437,0.562825124873227
145438,0.665955146459789
145439,0.742502016608403
145440,0.569535266649795
145441,1.81634910344459
145442,1.22960059297622
145443,1.33840767764192
145444,1.47102645348675
145445,1.38020779891649
145446,1.31134372290158
145447,7.84998739796877
145448,1.56874518607757
145449,4.19021490719748
145450,3.59868097928054
145451,4.44880282130986
145452,2.83364898691524
145453,13.6014501786322
145454,1.25693225510811
145455,2.42381179156747
145456,3.05565077278292
145457,3.32941577219069
145458,1.19436902605552
145459,12.0078625811805
145460,1.11156972252309
145461,1.99187549974777
145462,2.60821454172792
145463,2.63800829955107
145464,1.01721735747874
145465,11.6829794385593
145466,1.03222411468233
145467,1.42896658197945
145468,0.956225212387171
145469,1.5051557708146
145470,0.902006543422131
145471,13.7047761703353
145472,0.725535837388155
145473,1.2018836236296
145474,0.738331215035504
145475,1.20093936178982
145476,0.693424341490541
145477,13.9741968341586
145478,0.689358033832686
145479,0.96237378963066
145480,0.736802747107923
145481,1.00609149955164
145482,0.604120955578681
145483,11.6719105497363
145484,0.542090643131564
145485,0.741204281380658
145486,0.604405739283419
145487,0.541467769870388
145488,0.501476303531713
145489,9.99184412327667
145490,0.553604180484399
145491,0.804251416332817
145492,0.493702920207483
145493,0.435793604038055
145494,0.528051041464784
145495,8.15619255004776
145496,0.467436914304811
145497,0.662036630217742
145498,0.467748861863798
145499,0.425616092546296
145500,0.465864644178423
145501,5.92303225112801
145502,0.38057152586354
145503,0.633562783844632
145504,0.453202108174347
145505,0.3845501982458
145506,0.392321010709782
145507,2.48416009460136
145508,0.273526222906642
145509,0.539936016313102
145510,0.408523613416589
145511,0.361867855356272
145512,0.212821461163018
145513,3.07773980623503
145514,0.287464115821319
145515,0.485578558899249
145516,0.38238486232078
145517,0.401983392112896
145518,0.248674090909831
145519,4.35551246159813
145520,0.41026888286167
145521,0.455139407470933
145522,0.510027336362986
145523,0.536825313922531
145524,0.338776492863628
145525,4.12159026538415
145526,0.395763263751415
145527,0.343795345958818
145528,0.588287553927212
145529,0.640821540697938
145530,0.408783266153014
145531,2.35982875118834
145532,0.439573610119976
145533,0.407169291309193
145534,0.52819471458343
145535,0.537571581068877
145536,0.435336179403253
145537,0.507793441911736
145538,0.164165117509485
145539,-0.0903726531819474
145540,0.187330355595496
145541,0.197064258791577
145542,0.182914154835805
145543,0.149169785080281
145544,-0.0798700586549622
145545,-0.358788691278118
145546,0.0483540190740744
145547,0.111472102868189
145548,-0.0532277451419026
145549,-0.0659669791033679
145550,-0.0414392832863396
145551,-0.385806494127932
145552,0.151053688011662
145553,0.209375141851956
145554,0.0023260315474502
145555,0.0460298579686588
145556,0.0203331991946561
145557,-0.363576380034382
145558,0.302671276054076
145559,0.269312186954647
145560,0.0166119001360914
145561,0.103388637441867
145562,0.0100818017423122
145563,-0.51957905753839
145564,0.212232543492927
145565,0.2120996774484
145566,-0.00612854482603029
145567,0.159636783622637
145568,0.0631508319380089
145569,-0.328554986660563
145570,0.3402548012567
145571,0.189774750060225
145572,0.0110205242629962
145573,0.172423574842635
145574,0.0587166902060748
145575,-0.275162817103409
145576,0.37291540866346
145577,0.262975828155534
145578,0.199480534515527
145579,0.140986616348509
145580,0.210214921226646
145581,-0.101992102627627
145582,0.360351906864424
145583,0.359890585366461
145584,0.331025504445239
145585,1.1736959732831
145586,1.06764736527614
145587,0.481579313454766
145588,0.939552327862964
145589,0.829929865697073
145590,1.04480351973144
145591,5.84391635816984
145592,2.66875186523822
145593,1.74106798159392
145594,2.21221102859323
145595,2.11580928579219
145596,2.70372727464769
145597,8.08359757040788
145598,1.75034161462987
145599,1.13898297834903
145600,1.0371898398789
145601,0.397330619792604
145602,1.83336342580182
145603,5.70448827584451
145604,1.46366423600467
145605,0.835862847234476
145606,-0.528737771391198
145607,-0.0393697613782406
145608,1.47813586614977
145609,3.83498173113743
145610,0.973754937181851
145611,0.539838920426073
145612,-0.308035931093736
145613,0.0271388826217585
145614,0.890879429451868
145615,2.78801019295546
145616,0.934153949233429
145617,0.512767236042698
145618,0.0527444142714806
145619,0.205972813443227
145620,0.916759511435591
145621,2.42159636009916
145622,0.748789163748683
145623,0.457112041829965
145624,0.421840285440251
145625,0.288994955306356
145626,0.725471724190158
145627,2.02387053455849
145628,0.597904534370377
145629,0.398052877344586
145630,-0.0265424537373007
145631,0.143794813725894
145632,0.612786835534981
145633,2.36727632902516
145634,0.611898165699252
145635,0.37861750009071
145636,0.402578351079566
145637,0.401296809596954
145638,0.715893529038858
145639,2.34429151369889
145640,0.619358513729986
145641,0.436801403338955
145642,0.371288147530684
145643,0.405032081985579
145644,0.70093561274075
145645,2.59869024397341
145646,0.626586380619335
145647,0.359209297541752
145648,0.371223329436494
145649,0.352665372032363
145650,0.675673114804528
145651,3.09177070588623
145652,0.746482072677901
145653,0.326083222849199
145654,0.356905762838874
145655,0.327065831249272
145656,0.682977824838187
145657,2.66493766122809
145658,0.634409005941039
145659,0.282639240555456
145660,0.334421156008626
145661,0.382465383729617
145662,0.650921556131201
145663,2.41015657131327
145664,0.62444798287299
145665,0.255047981231544
145666,0.347354663480341
145667,0.325823377616434
145668,0.643863194011636
145669,1.32730063629956
145670,0.486406027118357
145671,0.223867711628455
145672,0.398065219927205
145673,0.307932485203115
145674,0.554599220063336
145675,0.737752568035598
145676,0.412942379163851
145677,0.201182565444414
145678,0.31153120420047
145679,0.241673517002858
145680,0.392327607238745
145681,0.046179261763183
145682,0.0740675089898025
145683,-0.117040055399538
145684,0.0058825671429594
145685,0.0389984548551328
145686,-0.0217631350206049
145687,-0.101690591479646
145688,-0.108989491374641
145689,-0.364736716943671
145690,-0.2855528949528
145691,-0.1647098932782
145692,-0.22230470424409
145693,-0.269816420244592
145694,-0.208114715365606
145695,-0.204592110036765
145696,-0.258902755040347
145697,-0.103270251496394
145698,-0.244057465981293
145699,-0.227972135380671
145700,-0.27131723396115
145701,-0.248467370902044
145702,-0.247278033573232
145703,-0.123303753462088
145704,-0.286044109176064
145705,-0.182814571179454
145706,-0.295066442026868
145707,-0.147322774877108
145708,-0.250763815484321
145709,-0.117029908865698
145710,-0.30441971200807
145711,-0.0987584711354029
145712,-0.094438696570609
145713,-0.15163169318575
145714,-0.192168961189508
145715,-0.135825018389812
145716,-0.161900391970251
145717,-0.000733782929753808
145718,-0.0596730379994203
145719,-0.0414450940637312
145720,-0.149810325655508
145721,-0.0603485095072132
145722,-0.114306728472162
145723,0.325849056763905
145724,-0.132597801416327
145725,0.195383985762554
145726,0.066881298512269
145727,0.00744934231532728
145728,-0.0585957607207281
145729,0.63525450407037
145730,0.343042045659959
145731,0.557947636408046
145732,0.388736064379639
145733,0.272601782254931
145734,0.298832376380186
145735,1.01144328822415
145736,1.02110133625769
145737,0.999687087703831
145738,0.683064598710409
145739,0.516576306697294
145740,1.17420814486003
145741,1.09176139539348
145742,1.45277473262952
145743,0.815780200386063
145744,0.564442759352617
145745,-0.0480244863380202
145746,1.39668623679584
145747,1.04225279579952
145748,1.40263620469864
145749,0.717516578892265
145750,0.0735563849919505
145751,0.0326626136837787
145752,1.21044403731525
145753,0.93354255703784
145754,1.02942457752348
145755,0.63150903357798
145756,-0.431585658513005
145757,0.084650119497448
145758,1.12059074910345
145759,1.36517217959962
145760,0.92687043449383
145761,0.485822435378203
145762,-0.524631493721206
145763,0.0031474696734627
145764,0.786343144177939
145765,1.65002105580562
145766,0.540398296292699
145767,0.477752487276997
145768,-0.397021614185982
145769,-0.430875366667673
145770,0.564774060945045
145771,2.38510779456408
145772,0.610625156322375
145773,0.461380370559853
145774,-0.387421629438634
145775,-0.565022228905216
145776,0.686538697957993
145777,0.663764785987831
145778,0.298411191282993
145779,0.140811900372573
145780,-0.960655763320998
145781,-1.0747441171476
145782,0.373090670810405
145783,2.10517626889987
145784,0.316557716160326
145785,0.077441971690529
145786,-1.12986483018348
145787,-1.45358878047294
145788,0.396481147089603
145789,2.01478552435034
145790,0.434061406072163
145791,0.04515619702892
145792,-1.37215770743448
145793,-1.58759949365224
145794,0.313582750671984
145795,2.05820350287885
145796,0.373499008671592
145797,0.0381032345325001
145798,-1.57561486757591
145799,-1.60164588844931
145800,0.382969669885868
145801,1.92966303669145
145802,0.401042344507765
145803,0.110313574222778
145804,-1.3032843449008
145805,-1.1765084236819
145806,0.449725689799726
145807,0.878950940579859
145808,0.579485988575183
145809,0.161687604389852
145810,-0.924110387441527
145811,-0.723885316999577
145812,0.56823754938482
145813,0.998374179980879
145814,0.718722497384965
145815,0.280374406701932
145816,-0.303983268783226
145817,-0.159195392960232
145818,0.712602816155328
145819,0.653252304267058
145820,0.63664746978925
145821,0.323162084905407
145822,-0.276751409418208
145823,-0.00606847049036356
145824,0.69942343962923
145825,-0.0938604077285724
145826,0.274367471171473
145827,0.00968011750328034
145828,-0.607560729925933
145829,-0.757657974668805
145830,0.33950871081454
145831,-0.0963527342100479
145832,0.115184384709314
145833,-0.27639902734498
145834,-1.61257186883754
145835,-1.16730184981063
145836,0.0766875235504347
145837,-0.326082572691032
145838,-0.0604388781736858
145839,-0.557024941882398
145840,-1.94181317791505
145841,-1.04409104876389
145842,-0.0855238682356631
145843,-0.266791199748946
145844,-0.11517376963034
145845,-0.463184744320281
145846,-1.89142402399962
145847,-0.415984736945079
145848,-0.127321167146041
145849,-0.537859036728359
145850,-0.287931083970804
145851,-0.360119532209685
145852,-1.04939073224733
145853,-0.00714497152835565
145854,-0.29672734935427
145855,-0.783764491747709
145856,-0.325209861653991
145857,-0.344968448436517
145858,-0.286878731514961
145859,0.370066049096303
145860,-0.431888186958793
145861,-0.845528358334501
145862,-0.432198682975967
145863,-0.120736306822017
145864,0.289716700923516
145865,0.52899271425512
145866,-0.0893245637321692
145867,-0.514932554604998
145868,-0.275148621727073
145869,0.130072699879898
145870,0.587893993747115
145871,0.729298795543991
145872,0.11764257848114
145873,0.501449900288956
145874,0.176817424414408
145875,0.644482757111193
145876,1.11990947968044
145877,1.20795005884444
145878,0.508410074288883
145879,4.21040283419067
145880,1.06908430611995
145881,1.98798431583511
145882,2.16143843080435
145883,2.39773436676639
145884,1.18975276588388
145885,8.57628222483068
145886,1.50810559411683
145887,1.7098672666082
145888,1.56105523219818
145889,1.76250022585616
145890,1.39084424827033
145891,11.1167898826839
145892,0.784605667597084
145893,1.34821449719307
145894,1.2932451394294
145895,1.28406239311178
145896,1.26800882128483
145897,9.85470393461523
145898,0.692709783246818
145899,1.28106633702825
145900,0.999516290811411
145901,0.98553757563123
145902,0.882613969826474
145903,10.2905173316543
145904,1.14686514739533
145905,1.39365314283799
145906,0.645995851122842
145907,0.894883525472855
145908,1.1375640919823
145909,7.69549833536631
145910,1.20482668749931
145911,1.09828401062881
145912,0.514327677687631
145913,0.802926749458537
145914,1.35126798421754
145915,6.3086175631766
145916,0.787517854485029
145917,0.650475468863323
145918,0.4284674818396
145919,0.569116605226682
145920,0.986375645531373
145921,2.07354229761255
145922,0.511974957253323
145923,0.624025027557369
145924,0.447192223892872
145925,0.556517708037108
145926,0.699700250428744
145927,2.33433082902467
145928,0.592616888852177
145929,0.643991562335167
145930,0.479421412475609
145931,0.559025832324661
145932,0.76251350270993
145933,1.9981222079165
145934,0.637997294843086
145935,0.619208480816837
145936,0.424014354424293
145937,0.523882472568665
145938,0.796168604026057
145939,2.14312820910081
145940,0.664361543956719
145941,0.633823879035707
145942,0.436491555990095
145943,0.530693842186815
145944,0.814108077820736
145945,2.31822363706698
145946,0.881511772675972
145947,0.70703186262003
145948,0.468983240293822
145949,0.562090202790569
145950,0.971316601810904
145951,4.05196140831478
145952,1.13638480321751
145953,0.799720198505005
145954,0.609945782226025
145955,0.673335851760239
145956,1.13466248340713
145957,7.69597890425947
145958,1.29551684806262
145959,1.02160358881651
145960,0.957580053757658
145961,0.920825609249639
145962,1.35350818622772
145963,5.97018876726819
145964,1.1761076474731
145965,0.921607576024257
145966,0.951189287471244
145967,0.946516348203222
145968,1.20298736065417
145969,0.37763271295206
145970,0.264793789666336
145971,0.170358923007212
145972,0.219585303787749
145973,0.209258949071938
145974,0.269284076082674
145975,0.0474772530479107
145976,0.0498100030181649
145977,-0.0259123521033589
145978,0.0214817309273485
145979,0.072658903322059
145980,0.0164696548467863
145981,-0.07178574915081
145982,-0.0204379442359007
145983,-0.116431596636185
145984,-0.00736178693961389
145985,-0.000773684582633192
145986,-0.0576649129569113
145987,-0.0149650874469133
145988,-0.068109805832043
145989,-0.156328120908946
145990,0.012287522718995
145991,0.0585949008371364
145992,-0.085491842420705
145993,-0.129052442460607
145994,-0.313643234520739
145995,-0.161331536817994
145996,0.0792462907658511
145997,0.164647763641769
145998,-0.417280765682625
145999,-0.214520736706819
146000,-0.784006308094415
146001,-0.204587624958111
146002,0.0880419039735964
146003,0.143329625372968
146004,-0.584760889503245
146005,-0.23656631783162
146006,-1.04921376876974
146007,-0.219563259623392
146008,0.0880763976345031
146009,0.175940906645403
146010,-0.826616040916502
146011,-0.226184920238636
146012,-1.20150949545072
146013,-0.196524756312822
146014,0.139944812090838
146015,0.149547193823579
146016,-1.02592108959893
146017,0.751936821335267
146018,-0.294640741236511
146019,0.571198909884821
146020,0.706866250867653
146021,0.656175178737161
146022,-0.280922969108951
146023,6.45297054324558
146024,0.570899023772837
146025,1.82950675865322
146026,1.56051885297263
146027,1.49218169484728
146028,0.561338224311492
146029,4.59331833569018
146030,0.513776254108599
146031,0.818580642072521
146032,0.78753966114625
146033,0.802236318661776
146034,0.581632750240767
146035,1.43904400117586
146036,0.304667231494196
146037,0.340564142238318
146038,0.35075027670039
146039,0.506168785634526
146040,0.131816080572705
146041,1.64123806042284
146042,0.293503859874497
146043,0.11685336977896
146044,-0.177240038696787
146045,-0.31383826247614
146046,-0.0844267583326777
146047,0.899308006447817
146048,0.110592618681437
146049,0.073051854337392
146050,-0.0749658173735709
146051,-0.482773376453159
146052,-0.389527203197919
146053,0.942419180722999
146054,-0.0494887860852181
146055,-0.0230232097498885
146056,0.16975076590977
146057,-0.185746131388007
146058,-0.421403764349158
146059,0.646310245135067
146060,-0.383284783962494
146061,-0.124150076462583
146062,0.167376281853012
146063,-0.729144500301761
146064,-0.562305177133239
146065,0.361021179721807
146066,-0.528397680151285
146067,-0.110612993423024
146068,0.238828671613233
146069,0.0847495312177446
146070,-0.739860683425939
146071,0.504788158203566
146072,-0.3652642681109
146073,-0.221587261239521
146074,0.230956022442568
146075,0.127983533168344
146076,-0.591902354274093
146077,0.46807039848917
146078,-0.246586532519801
146079,-0.187875590598472
146080,0.217593308324319
146081,0.226970847183025
146082,-0.369172249932282
146083,0.46763137753783
146084,0.0182819785159695
146085,-0.366561437942752
146086,0.155858593525167
146087,0.18972327922327
146088,-0.253233456169218
146089,0.701816888926747
146090,0.233636040293088
146091,-0.396516394823531
146092,0.217511319717359
146093,0.143267736512655
146094,0.0920159479116841
146095,1.12496126313452
146096,0.451988518454954
146097,-0.382805403135944
146098,0.270360115887419
146099,0.203928238531914
146100,0.303608232978359
146101,1.95328434289269
146102,0.836564852141766
146103,-0.109475114825737
146104,0.246918730562674
146105,0.351910574312288
146106,0.753727066652056
146107,1.89555662949209
146108,0.745819263482083
146109,-0.205680545582639
146110,-0.773504793694485
146111,-0.683320659218095
146112,0.70161831076887
146113,0.141591082340819
146114,0.0715933825596931
146115,-0.829159275313443
146116,-1.37414838202595
146117,-1.44711396846218
146118,0.0372491007931535
146119,-0.557597583866576
146120,-0.253928987538376
146121,-1.46321727725812
146122,-1.19475661152502
146123,-1.7356616340106
146124,-0.28826881095688
146125,-0.477067156437619
146126,-0.268242476377131
146127,-1.37812631215456
146128,-1.46094069997839
146129,-2.30116612058324
146130,-0.279767909235556
146131,-0.34583194218794
146132,-0.266752690951197
146133,-1.02693137296619
146134,-1.27218965922031
146135,-1.25390365708178
146136,-0.27643927198521
146137,-0.4015932970992
146138,-0.322720495003894
146139,-0.852778993510106
146140,-1.39407912804462
146141,-0.527397774513812
146142,-0.300996232132077
146143,-0.410258035585281
146144,-0.39372281265948
146145,-0.778830857903322
146146,-0.47213091049653
146147,-0.391080401032419
146148,-0.402893215095126
146149,-0.493213757844586
146150,-0.515700081937309
146151,-0.85539077943415
146152,-0.680263790267935
146153,-0.350825379926949
146154,-0.469923792183819
146155,-0.453423094890219
146156,-0.504314782190941
146157,-0.591229850779752
146158,-0.49264598715683
146159,-0.27902758650319
146160,-0.482543292665822
146161,0.74827930957319
146162,0.54872350471013
146163,0.297263038460281
146164,0.597170893111735
146165,0.496196239357341
146166,0.514193374963302
146167,8.23727025440676
146168,2.24406275773427
146169,1.52664271578971
146170,2.20276957341089
146171,2.24660297330844
146172,2.28057696970903
146173,9.61358130241576
146174,1.16903613957304
146175,1.00231795069833
146176,1.19591802470734
146177,1.38785582299274
146178,1.56691605128823
146179,7.13703096327957
146180,1.02149950967741
146181,0.630615775328578
146182,0.979470401989141
146183,1.12258861868016
146184,1.28548212435484
146185,3.16023995987927
146186,0.688264407621439
146187,0.522590245151472
146188,0.822184230526767
146189,0.859943172954044
146190,0.873559876150958
146191,2.12163535024245
146192,0.137487968046269
146193,0.324101186233546
146194,0.620398742727524
146195,0.592847370370017
146196,0.214656884061976
146197,0.885027276289531
146198,-0.185159896257474
146199,0.239379499183185
146200,0.604630099836442
146201,0.535242380683472
146202,-0.0711457237365897
146203,0.50801473683644
146204,-0.198928467279435
146205,0.23214881483285
146206,0.517437190336699
146207,0.437939725961139
146208,-0.146603540434251
146209,0.827189414742168
146210,-0.0896684636840971
146211,0.146410235336871
146212,0.39118598845172
146213,0.343188909134716
146214,-0.0488315192401985
146215,0.745829039451907
146216,0.0352251598107938
146217,0.116393235602349
146218,0.330761826756079
146219,0.301588250430911
146220,-0.0142367123019588
146221,0.659934233309101
146222,0.221566540158739
146223,0.190288491960495
146224,0.180660799597148
146225,0.2971591788449
146226,0.101833471090369
146227,0.855635962181768
146228,0.554293239186802
146229,0.285504810362934
146230,0.280947066159473
146231,0.308269365199051
146232,0.513964843390943
146233,0.61082800622294
146234,0.664625800625903
146235,0.303865518871398
146236,0.360876084206293
146237,0.387911992746088
146238,0.614163719559823
146239,0.795160532700254
146240,0.802438378899604
146241,0.369067943832544
146242,0.489178792665328
146243,0.360079344806709
146244,0.72393188069832
146245,1.03034810961242
146246,0.930030919688798
146247,0.542162879419154
146248,0.736534367235396
146249,0.583247229146557
146250,0.810729795056398
146251,0.603312655787786
146252,0.825527779934163
146253,0.495585914346831
146254,0.697961862993067
146255,0.632101705647709
146256,0.732541067122175
146257,-0.138141826857876
146258,0.139339316863098
146259,-0.0172763731626202
146260,0.21874418128823
146261,0.199917059256377
146262,0.138152518885634
146263,-0.596029499904931
146264,-0.114339673760967
146265,-0.214770128731516
146266,-0.0157612968665862
146267,0.02878413067473
146268,-0.154925508711697
146269,-0.42704637736215
146270,-0.229271738655239
146271,-0.171589306663683
146272,0.030953737234301
146273,0.0601203844243145
146274,-0.244254659208729
146275,-0.314175602017863
146276,-0.369985025379708
146277,-0.29945798644472
146278,-0.076331014766929
146279,-0.0271540366568999
146280,-0.328291290147403
146281,-0.312509218115554
146282,-0.314194059610016
146283,-0.227621715452466
146284,-0.123695091256283
146285,-0.0735391750318956
146286,-0.310951500503554
146287,-0.422550721003117
146288,-0.42980516862048
146289,-0.293551007573027
146290,-0.258555154008477
146291,-0.174645692934977
146292,-0.422257472715002
146293,-0.412368914822567
146294,-0.46562637916903
146295,-0.295282985804752
146296,-0.265033162281256
146297,-0.220544580441943
146298,-0.457664973614591
146299,-0.27794059045149
146300,-0.44546913314234
146301,-0.285439716363072
146302,-0.187510936305187
146303,-0.175426612702583
146304,-0.412999601565359
146305,0.730887104461002
146306,0.471207496205898
146307,0.471461172138137
146308,0.53996610596913
146309,0.519013242027904
146310,0.465195761821789
146311,2.88972937216283
146312,1.38859942028694
146313,1.28170355848496
146314,1.17412507105518
146315,1.20623664098449
146316,1.49893125473011
146317,2.27360552727277
146318,0.774798094313923
146319,0.856637513702418
146320,0.886115864735686
146321,0.792312291463388
146322,0.901140915593662
146323,0.941632832286824
146324,0.551905991010891
146325,0.615294133477746
146326,0.654815300786643
146327,0.660835534827229
146328,0.655325921266118
146329,0.300699311215216
146330,0.0939551645552373
146331,0.358877846642128
146332,0.320017411033972
146333,0.438310769639268
146334,0.124971115965789
146335,0.192290318738475
146336,0.0169495935809987
146337,0.400111684731239
146338,0.268266050015813
146339,0.358201585988808
146340,-0.0399235622035617
146341,0.178906849604724
146342,0.0220003714167476
146343,0.319896282823746
146344,0.174235866713915
146345,0.198375838558683
146346,-0.162688340385126
146347,0.120928590712326
146348,-0.0617724846512997
146349,0.208360610371708
146350,0.154225666098655
146351,0.181786461988698
146352,-0.0899433399332519
146353,0.120520179852512
146354,-0.0697899840340808
146355,0.104149589603859
146356,0.105138785817654
146357,0.0371328968791244
146358,-0.281531799777469
146359,0.0956295233907974
146360,0.0335852656417223
146361,0.102011649276286
146362,0.0447279486956094
146363,-0.063674570922259
146364,-0.349760469795885
146365,0.10965757883588
146366,-0.0725311789630372
146367,0.0357417651611998
146368,0.0425631678171802
146369,-0.232304304430747
146370,-0.60179719439826
146371,0.12075331753934
146372,-0.0296481216806768
146373,0.0583124911578834
146374,0.0154804275622679
146375,-0.194081640565617
146376,-0.406018482694455
146377,0.111381137857148
146378,-0.0955072427230345
146379,0.0350442164175451
146380,-0.00339850061466385
146381,-0.119526521489811
146382,-0.270787625805932
146383,0.0975764629658058
146384,-0.234342503301722
146385,-0.10436128926011
146386,0.0442922915396921
146387,-0.10796885039477
146388,-0.345315861447797
146389,-0.0116475615453213
146390,-0.157649026815939
146391,-0.0900697480140892
146392,0.0948271713368247
146393,0.00758091884179138
146394,-0.127864029142941
146395,-0.19958083707768
146396,-0.220390052155164
146397,-0.166200238221793
146398,0.0269697456428059
146399,0.124136182821503
146400,-0.0458579615711921
146401,-0.600125255470755
146402,-0.285287854720461
146403,-0.251938908522411
146404,-0.16054021183838
146405,-0.141000460053518
146406,-0.102595556385976
146407,-0.954748827533605
146408,-0.58860326004347
146409,-0.427190395995055
146410,-0.363088631833271
146411,-0.352282744774152
146412,-0.663121014100441
146413,-1.26033950109819
146414,-1.03354385202648
146415,-0.600336088159776
146416,-0.443824235111033
146417,-0.689564105426682
146418,-1.14547990390704
146419,-1.35959411852698
146420,-1.5705586740107
146421,-0.646129442205113
146422,-0.551278973831769
146423,-0.662926781141785
146424,-1.35018682370514
146425,-1.23450341993303
146426,-1.45161974997177
146427,-0.591136776466115
146428,-0.564358752685972
146429,-0.725163332686397
146430,-1.15931515405353
146431,-1.18831043141845
146432,-1.16125935989211
146433,-0.575830568768214
146434,-0.640725567755935
146435,-0.773310635339358
146436,-1.45992358325903
146437,-1.28196357692592
146438,-1.46524946250195
146439,-0.519438754962236
146440,-0.664553384911885
146441,-0.775661193036976
146442,-1.74062001776369
146443,-1.13874217657415
146444,-1.98082858572944
146445,-0.516804342589113
146446,-0.57362270957339
146447,-0.788307648515717
146448,-1.93845172607339
146449,-0.741152672062271
146450,-1.79905305508998
146451,-0.418441275272014
146452,-0.626283577399368
146453,-0.618495540634865
146454,-1.83364125229103
146455,-0.326603098741091
146456,-1.44385558197508
146457,-0.0138342621472194
146458,-0.393897356361034
146459,-0.396985359283561
146460,-1.60883050644488
146461,-0.0308347064228952
146462,-1.47070613618614
146463,0.00893109405231159
146464,-0.244365503732313
146465,-0.576987032188709
146466,-1.44394359511065
146467,-0.0772256258981973
146468,-1.79870854493482
146469,-0.0294844543817088
146470,-0.267063617157567
146471,-0.771570607938585
146472,-1.61210131515137
146473,-0.0452283247606464
146474,-1.87595241743767
146475,-0.171693623756741
146476,-0.232466744667767
146477,-1.04728601894878
146478,-1.76051491628218
146479,-0.191904389957537
146480,-1.94900957207494
146481,-0.352321598577684
146482,-0.401191298125699
146483,-1.12828804361298
146484,-1.8253397912308
146485,-0.198489283243076
146486,-1.58618710347172
146487,-0.276519238867935
146488,-0.544169176060211
146489,-0.491319176665448
146490,-1.73573287121089
146491,-0.293612195298657
146492,-1.72934535123859
146493,-0.331394804908586
146494,-0.734425416967083
146495,-0.894267215099809
146496,-1.57041241339571
146497,-0.200352726514445
146498,-2.32814188291025
146499,-0.496593421112613
146500,-1.17063117002288
146501,-1.40749011833572
146502,-2.16080612880367
146503,-0.252016885469
146504,-2.34829387160849
146505,-0.266273266668039
146506,-1.29238479060865
146507,-1.18383280302019
146508,-2.16254786253239
146509,-0.343446867086981
146510,-2.29507705443601
146511,-0.239378548569291
146512,-1.12790580336716
146513,-1.04629404960789
146514,-2.17485585615195
146515,-0.324810894936467
146516,-2.16190180601346
146517,-0.250804409496878
146518,-0.98256067524487
146519,-1.14075934621861
146520,-2.12745488439118
146521,-0.273302263590799
146522,-1.99732080246792
146523,-0.217628508182047
146524,-0.964144344263863
146525,-1.06008381343097
146526,-1.96080018149951
146527,-0.26470596861691
146528,-1.91637278452878
146529,-0.123488645014085
146530,-0.958861338658812
146531,-1.24217537338194
146532,-2.02506577760216
146533,-0.083740892806881
146534,-1.6314590428739
146535,-0.0396323717655528
146536,-0.737534216962548
146537,-1.48967042865146
146538,-1.7263509777821
146539,-0.0475055263817991
146540,-1.56219831085434
146541,0.0405044112466376
146542,-0.73338598568057
146543,-0.864489070060258
146544,-1.43996421489764
146545,-0.170213756065254
146546,-1.3971942665655
146547,-0.114234055327062
146548,-0.839698887253902
146549,-1.03255876054893
146550,-0.926307971603253
146551,-0.513028676179172
146552,-1.42737696415641
146553,-0.247048154239026
146554,-1.65425249324889
146555,-1.46504113775611
146556,-1.5526703124198
146557,-0.647262679993963
146558,-0.753522798113565
146559,-0.469281127672904
146560,-1.42988695948081
146561,-1.08650326368887
146562,-1.1658753640913
146563,-0.441919267592396
146564,-0.471902663445437
146565,-0.434341504018161
146566,-1.25783608619928
146567,-0.779512833418986
146568,-0.550983376131355
146569,-0.369512284745599
146570,-0.632722507727633
146571,-0.547522979615541
146572,-1.3510835695466
146573,-0.542561189843143
146574,-0.51513111655229
146575,-0.333548555062623
146576,-1.17188826367402
146577,-0.604280581053286
146578,-1.24216276312697
146579,-0.307810505084241
146580,-0.74670458288546
146581,-0.250944917293075
146582,-1.3395181327271
146583,-0.428826384756543
146584,-0.841176172951194
146585,-0.209329099059085
146586,-1.3532072289738
146587,-0.187212467287258
146588,-1.37617555502105
146589,-0.218355951317327
146590,-0.639641439195007
146591,-0.118751343591577
146592,-1.39054884411004
146593,0.369848250777887
146594,-1.13838841125544
146595,0.0287118957819922
146596,-0.216098664638676
146597,0.26298617711843
146598,-1.12443716459618
146599,2.36343514462065
146600,-0.841562766960761
146601,0.362035563672496
146602,0.168874818083929
146603,0.573478119161982
146604,-0.887630875718377
146605,2.29878659337979
146606,-0.998949963772058
146607,0.246622377340593
146608,0.0685315699682518
146609,0.291262492023908
146610,-0.990828960692256
146611,2.17194187029331
146612,-1.23541742500808
146613,0.0612219733221946
146614,-0.107779667619276
146615,0.293275676924833
146616,-1.1974660934451
146617,1.96870674367782
146618,-1.38051044331833
146619,0.0448701510824243
146620,-0.306404665651069
146621,-0.117778552732221
146622,-1.32058728433559
146623,0.273903000183999
146624,-1.31629035272067
146625,-0.0311272213222126
146626,-0.124987460849074
146627,-0.238553301328717
146628,-1.28590420436228
146629,0.133823322064702
146630,-1.34971402419806
146631,-0.0314658012819901
146632,0.0168904776616178
146633,-0.12079725855629
146634,-1.31673717456021
146635,0.16799639052719
146636,-1.13494136001695
146637,-0.113698232150857
146638,0.0792317681795404
146639,-0.17227622292811
146640,-1.19128270447438
146641,0.344341872199816
146642,-0.723180225543673
146643,0.0865645897613399
146644,0.00172046283356061
146645,-0.0884683876683793
146646,-0.523073926291315
146647,0.321786305867364
146648,-0.435138996975164
146649,0.183144680731371
146650,0.0701946404666462
146651,0.037357453088248
146652,-0.724520937663246
146653,0.577091934588763
146654,-0.468866942473641
146655,-0.20258218528619
146656,0.189149605279267
146657,0.163255506942658
146658,-0.620152159023841
146659,0.548997762529019
146660,-0.213233562229445
146661,-0.330692566389399
146662,0.206592259993477
146663,0.226868644172978
146664,-0.405040200841259
146665,1.06072121850503
146666,-0.101810057707567
146667,-0.402915212048976
146668,0.252523110521986
146669,0.295879872382092
146670,-0.227076125557994
146671,1.01200764358693
146672,0.0399185968528848
146673,-0.370602066348686
146674,0.266476525156415
146675,0.302879882147321
146676,-0.133013734816605
146677,1.06461913623714
146678,0.353308776828091
146679,-0.359418039974764
146680,0.480553468917717
146681,0.38317730930164
146682,0.235871085968118
146683,0.929190700175606
146684,0.363390467007443
146685,-0.468052395514614
146686,0.406134048342399
146687,0.255855732117302
146688,0.231599552763324
146689,0.766119063914988
146690,0.240555355624228
146691,-0.56301535926471
146692,-0.83269222935879
146693,-0.732966953394176
146694,0.00721848368248314
146695,0.705386161743967
146696,0.142616726413608
146697,-0.449248294643447
146698,-1.20471918162699
146699,-0.659445026872927
146700,0.0376424380024201
146701,0.691607694244188
146702,0.236064929199327
146703,-0.499607882962467
146704,-1.18252957422192
146705,-0.33322143671355
146706,0.198385595291118
146707,0.504886574121885
146708,0.224355291122888
146709,-0.486658389585747
146710,-0.294642408936817
146711,-0.0188787928406363
146712,0.266977713599524
146713,0.672515916524193
146714,0.305747339139472
146715,-0.461730629802993
146716,-0.183748708451177
146717,-0.0100729113023123
146718,0.292864069363421
146719,0.889559639269273
146720,0.40199186583048
146721,-0.210669885576464
146722,-0.608425485790903
146723,-0.00922948093946236
146724,0.418404409942658
146725,0.923791717617339
146726,0.52490259626191
146727,-0.345178051265232
146728,-0.373817224783475
146729,-0.0461905647210015
146730,0.503952494480704
146731,1.28265088000657
146732,0.749592199554317
146733,0.00317172370462822
146734,0.0141879878427862
146735,0.0813073821364098
146736,0.774175668096592
146737,2.42162266864809
146738,1.09935563732244
146739,0.272137023528782
146740,0.0110188748945499
146741,0.385248677477032
146742,1.17703551067175
146743,4.81965253817796
146744,1.78908185345301
146745,0.468745032608377
146746,0.12767322129523
146747,0.530690826763722
146748,1.83106159796898
146749,8.0249052724051
146750,1.65033522815658
146751,0.654303653446918
146752,0.751237348747414
146753,0.9225298032735
146754,1.61300250320975
146755,7.42516452541366
146756,1.55839614765875
146757,0.709751224167609
146758,0.797291641257083
146759,0.920418899483561
146760,1.5325355058882
146761,8.1908084052613
146762,1.27220773753156
146763,0.658265008495958
146764,0.828115297121231
146765,0.855676715665607
146766,1.28962587406012
146767,7.94677392761603
146768,1.34498963034715
146769,0.637868566002321
146770,0.886235286842728
146771,0.902066529226265
146772,1.34778148811179
146773,8.50350336476023
146774,1.20301916489419
146775,0.72684179426222
146776,0.633443165815722
146777,0.784261770002162
146778,1.08924471897751
