"id","target"
133627,51.5945167541504
133629,37.4130783081055
133630,39.9575958251953
133631,35.730037689209
133633,34.5601348876953
133634,47.1484565734863
133635,36.2415580749512
133637,302.351287841797
133638,233.5322265625
133639,38.5961494445801
133641,35.3914642333984
133642,302.244506835938
133643,260.201873779297
133645,303.771362304688
133646,254.381317138672
133647,253.204833984375
133649,250.657897949219
133650,305.169158935547
133651,58.130069732666
133653,40.4105339050293
133654,43.0111808776855
133655,39.5128631591797
133657,34.1009292602539
133658,33.9513206481934
133659,63.8667373657227
133661,43.6115226745605
133662,49.5709686279297
133663,43.5481262207031
133665,43.3583869934082
133666,35.4450912475586
133667,62.4085540771484
133669,41.6533164978027
133670,47.9752922058105
133671,43.7101516723633
133673,43.5085334777832
133674,35.5779838562012
133675,64.891731262207
133677,44.9001007080078
133678,45.3245468139648
133679,44.0416984558105
133681,46.8079223632812
133682,41.852367401123
133683,53.2616004943848
133685,38.704517364502
133686,40.5768089294434
133687,40.0584602355957
133689,39.0017852783203
133690,32.9387054443359
133691,33.8734703063965
133693,34.0030059814453
133694,41.9005928039551
133695,41.4751586914062
133697,36.9857940673828
133698,36.4340133666992
133699,30.2102489471436
133701,27.8148746490479
133702,34.2267646789551
133703,34.6533317565918
133705,34.3951225280762
133706,27.767053604126
133707,31.7121715545654
133709,27.1923770904541
133710,34.9920463562012
133711,33.1269226074219
133713,27.3096160888672
133714,27.1247749328613
133715,27.9091243743896
133717,26.4937343597412
133718,25.8427925109863
133719,33.7932090759277
133721,27.398458480835
133722,25.5547180175781
133723,29.3692493438721
133725,28.2466602325439
133726,31.1067371368408
133727,30.2339744567871
133729,29.708833694458
133730,26.6249160766602
133731,28.2975540161133
133733,27.7324562072754
133734,28.0512390136719
133735,30.327880859375
133737,30.6619110107422
133738,26.77317237854
133739,27.6669445037842
133741,26.9506340026855
133742,31.1830215454102
133743,30.6828269958496
133745,27.5478992462158
133746,26.5429801940918
133747,29.5384063720703
133749,27.6087608337402
133750,28.850305557251
133751,29.02317237854
133753,30.3530292510986
133754,26.98805809021
133755,30.3136959075928
133757,30.0469493865967
133758,30.0427093505859
133759,32.6589202880859
133761,32.6176376342773
133762,29.4954528808594
133763,38.4048004150391
133765,36.9732398986816
133766,46.2586250305176
133767,42.3295249938965
133769,40.6160545349121
133770,36.6528472900391
133771,45.7538261413574
133773,40.8073272705078
133774,42.4706726074219
133775,55.2645111083984
133777,43.2689971923828
133778,41.5725555419922
133779,58.7542572021484
133781,57.1077079772949
133782,60.9291572570801
133783,55.0197334289551
133785,53.8645706176758
133786,45.3419723510742
133787,63.9533309936523
133789,58.7968673706055
133790,51.8678207397461
133791,47.1319580078125
133793,51.6048889160156
133794,58.2412223815918
133795,59.0354652404785
133797,45.689826965332
133798,45.5831031799316
133799,37.6951065063477
133801,45.9656867980957
133802,40.5973815917969
133803,48.5340843200684
133805,42.3279876708984
133806,38.4247245788574
133807,36.8534202575684
133809,45.7244033813477
133810,43.0999336242676
133811,51.0248985290527
133813,43.7113914489746
133814,39.1750526428223
133815,37.4706802368164
133817,40.2994728088379
133818,48.5923843383789
133819,57.6800270080566
133820,42.371898651123
133821,38.4860076904297
133822,38.6072006225586
133823,39.5750350952148
133824,38.681224822998
133825,56.2476272583008
133826,46.1996231079102
133827,39.5212516784668
133828,38.0673904418945
133829,35.6246643066406
133830,41.6369171142578
133831,46.0501441955566
133832,36.5170860290527
133833,29.4071197509766
133834,35.6476135253906
133835,33.360725402832
133836,35.4643669128418
133837,46.4237174987793
133838,35.9895858764648
133839,33.2842636108398
133840,34.1459579467773
133841,32.8760528564453
133842,30.1226768493652
133843,53.4432907104492
133844,30.5690822601318
133845,34.5
133846,34.0503883361816
133847,35.1356048583984
133848,30.4260711669922
133849,55.6734504699707
133850,30.187105178833
133851,35.5812721252441
133852,35.8975448608398
133853,35.6268005371094
133854,29.9723453521729
133855,314.118896484375
133856,43.4375419616699
133857,364.941925048828
133858,324.981201171875
133859,306.42041015625
133860,43.4645805358887
133861,305.969604492188
133862,371.053344726562
133863,332.127166748047
133864,322.275085449219
133865,289.589874267578
133866,348.071136474609
133867,33.5908546447754
133868,27.7664642333984
133869,31.0010890960693
133870,30.8141956329346
133871,33.5260276794434
133872,27.4880352020264
133873,26.7547569274902
133874,26.1649971008301
133875,26.046745300293
133876,27.5868434906006
133877,27.227575302124
133878,24.9866313934326
133879,26.2285499572754
133880,25.4690017700195
133881,26.0891094207764
133882,29.7727813720703
133883,26.4288864135742
133884,25.5115127563477
133885,27.2452068328857
133886,25.5380954742432
133887,26.5947761535645
133888,26.9301815032959
133889,26.7349243164062
133890,26.3853530883789
133891,27.0980815887451
133892,25.5648136138916
133893,27.309720993042
133894,27.9617500305176
133895,30.7057800292969
133896,25.5404682159424
133897,29.8277263641357
133898,26.4732532501221
133899,26.4626712799072
133900,27.4774589538574
133901,33.4831047058105
133902,26.4812183380127
133903,36.1863861083984
133904,28.3621025085449
133905,26.977933883667
133906,28.1197204589844
133907,29.6013126373291
133908,26.8210620880127
133909,31.8173198699951
133910,28.6033058166504
133911,28.5949153900146
133912,33.6695137023926
133913,33.612117767334
133914,27.4719619750977
133915,31.6563320159912
133916,31.5164451599121
133917,31.0885467529297
133918,35.252368927002
133919,41.3241882324219
133920,30.172269821167
133921,41.3962440490723
133922,34.1638679504395
133923,31.3230438232422
133924,45.7651290893555
133925,47.480712890625
133926,32.4565162658691
133927,48.2779006958008
133928,34.4967269897461
133929,40.5241470336914
133930,42.5060501098633
133931,42.6440773010254
133932,38.0261573791504
133933,106.414337158203
133934,57.2020568847656
133935,43.5772399902344
133936,58.8847122192383
133937,48.9049987792969
133938,55.2035331726074
133939,348.851379394531
133940,55.9407653808594
133941,56.5674514770508
133942,329.648834228516
133943,348.439422607422
133944,390.374084472656
133945,265.202880859375
133946,51.0763359069824
133947,49.0167350769043
133948,47.5232810974121
133949,49.8827095031738
133950,49.7104454040527
133951,56.5921096801758
133952,44.7895431518555
133953,48.3461761474609
133954,46.9797515869141
133955,44.5292778015137
133956,44.1420707702637
133957,55.134635925293
133958,45.2566757202148
133959,37.6170425415039
133960,43.0815887451172
133961,310.001220703125
133962,41.4728050231934
133963,50.5725402832031
133964,44.7671394348145
133965,36.4861679077148
133966,31.5805492401123
133967,39.4284019470215
133968,45.6533660888672
133969,49.1464653015137
133970,41.0224418640137
133971,37.428394317627
133972,32.6973648071289
133973,31.4450759887695
133974,44.6594772338867
133975,43.3911666870117
133976,263.318634033203
133977,37.903205871582
133978,223.678604125977
133979,37.0993270874023
133980,40.2538909912109
133981,40.1902618408203
133982,35.4678802490234
133983,35.346508026123
133984,29.2290649414062
133985,34.9783744812012
133986,36.0558280944824
133987,40.1235389709473
133988,30.4560070037842
133989,35.0926742553711
133990,34.8889312744141
133991,35.0132675170898
133992,30.5085926055908
133993,48.7528991699219
133994,33.566967010498
133995,39.5637550354004
133996,37.7551460266113
133997,32.0260963439941
133998,32.6448135375977
133999,317.844818115234
134000,344.820495605469
134001,346.371002197266
134002,284.360260009766
134003,298.694152832031
134004,368.06591796875
134005,291.873138427734
134006,330.324523925781
134007,263.100158691406
134008,37.8813552856445
134009,36.4500885009766
134010,333.161804199219
134011,28.7855834960938
134012,26.5036296844482
134013,27.4659633636475
134014,27.3189830780029
134015,27.4641590118408
134016,26.420524597168
134017,29.1166229248047
134018,27.0007610321045
134019,26.2652492523193
134020,25.8091831207275
134021,26.3838748931885
134022,26.5715484619141
134023,27.6077518463135
134024,30.3041248321533
134025,31.0191192626953
134026,28.4531021118164
134027,28.4650573730469
134028,28.0449600219727
134029,29.0821189880371
134030,31.1992015838623
134031,27.5661430358887
134032,31.5772247314453
134033,31.4823684692383
134034,31.0242862701416
134035,28.3768119812012
134036,28.8953304290771
134037,29.2920722961426
134038,31.3511962890625
134039,29.2726497650146
134040,28.8065395355225
134041,33.0355949401855
134042,30.6442108154297
134043,30.6847648620605
134044,27.192174911499
134045,29.9579830169678
134046,30.661657333374
134047,35.0201263427734
134048,32.5417747497559
134049,32.0810127258301
134050,27.6380405426025
134051,29.137809753418
134052,32.6741905212402
134053,34.6129913330078
134054,31.1478786468506
134055,29.0126152038574
134056,28.5970039367676
134057,32.0957374572754
134058,31.0815410614014
134059,39.9832077026367
134060,34.2745132446289
134061,33.7431793212891
134062,33.2934913635254
134063,30.095703125
134064,34.6487617492676
134065,48.1124458312988
134066,37.2210159301758
134067,37.5761909484863
134068,42.5892219543457
134069,36.7641296386719
134070,36.5158805847168
134071,64.0194473266602
134072,44.6593475341797
134073,41.641056060791
134074,52.2147674560547
134075,40.7366752624512
134076,43.5349655151367
134077,85.4835662841797
134078,73.3210296630859
134079,102.406318664551
134080,65.0146789550781
134081,66.7523727416992
134082,76.7780609130859
134083,103.347198486328
134084,360.096771240234
134085,349.201690673828
134086,349.848968505859
134087,360.689056396484
134088,361.452545166016
134089,51.4972648620605
134090,32.9586563110352
134091,34.2638969421387
134092,35.9841995239258
134093,54.1426620483398
134094,43.3268165588379
134095,41.418041229248
134096,29.5189933776855
134097,29.7657699584961
134098,30.7755851745605
134099,31.7178497314453
134100,26.9741954803467
134101,39.2145690917969
134102,27.2315921783447
134103,28.7906055450439
134104,27.1941528320312
134105,25.0486583709717
134106,26.8743438720703
134107,37.8478507995605
134108,21.0587291717529
134109,25.0924816131592
134110,25.3804378509521
134111,23.6520843505859
134112,21.9013023376465
134113,36.2089958190918
134114,23.6494903564453
134115,25.8052082061768
134116,25.3129062652588
134117,22.7032051086426
134118,23.2099189758301
134119,35.304630279541
134120,21.8246097564697
134121,28.0531940460205
134122,26.0461959838867
134123,24.7366485595703
134124,23.0842590332031
134125,35.6135520935059
134126,22.6517372131348
134127,28.6710186004639
134128,28.9999485015869
134129,26.1900577545166
134130,23.5628070831299
134131,33.2343101501465
134132,20.9554100036621
134133,25.1071529388428
134134,24.8755702972412
134135,25.3249664306641
134136,22.1590328216553
134137,39.3766250610352
134138,25.1042098999023
134139,29.465482711792
134140,29.5919189453125
134141,29.3694534301758
134142,26.1315631866455
134143,39.4990882873535
134144,24.4472465515137
134145,29.7051067352295
134146,32.308177947998
134147,31.2603397369385
134148,26.6761589050293
134149,43.7673454284668
134150,30.3058414459229
134151,30.9040470123291
134152,32.4520072937012
134153,30.7085762023926
134154,33.1742897033691
134155,27.9914951324463
134156,23.7726955413818
134157,25.9613914489746
134158,26.0516605377197
134159,25.1899509429932
134160,23.8636360168457
134161,24.7926025390625
134162,22.2650241851807
134163,23.5046863555908
134164,24.6371974945068
134165,24.5931072235107
134166,21.7180252075195
134167,24.7500762939453
134168,21.8253269195557
134169,24.9080238342285
134170,25.0466804504395
134171,26.2308254241943
134172,19.5900211334229
134173,25.5134582519531
134174,23.2491092681885
134175,25.8811073303223
134176,27.3154258728027
134177,26.1105346679688
134178,20.4349632263184
134179,27.6274967193604
134180,28.2111015319824
134181,27.9876270294189
134182,26.0114154815674
134183,26.3390579223633
134184,27.3281478881836
134185,32.4833297729492
134186,29.9419097900391
134187,27.2787685394287
134188,27.6442966461182
134189,27.3468341827393
134190,30.9140930175781
134191,33.5450172424316
134192,32.1223754882812
134193,27.4203262329102
134194,28.471284866333
134195,27.6719379425049
134196,30.1683216094971
134197,37.5617294311523
134198,34.5237808227539
134199,33.5894813537598
134200,28.6201343536377
134201,32.5029182434082
134202,33.5639381408691
134203,39.5730514526367
134204,47.4237251281738
134205,35.0444641113281
134206,37.1332855224609
134207,35.1257362365723
134208,59.4667778015137
134209,43.7541923522949
134210,68.7940979003906
134211,34.3431396484375
134212,35.5068435668945
134213,33.5167007446289
134214,70.3230133056641
134215,61.0226287841797
134216,41.305004119873
134217,38.619457244873
134218,36.7144088745117
134219,39.012279510498
134220,44.470329284668
134221,106.294937133789
134222,67.1196136474609
134223,55.8075065612793
134224,54.2668914794922
134225,53.4120330810547
134226,68.2732925415039
134227,235.057342529297
134228,277.303924560547
134229,35.8691787719727
134230,46.7327423095703
134231,49.9661865234375
134232,264.432037353516
134233,34.6647605895996
134234,25.8970832824707
134235,24.1817684173584
134236,17.6596755981445
134237,29.0094738006592
134238,25.5403785705566
134239,32.095832824707
134240,20.9492988586426
134241,22.8190097808838
134242,18.6035346984863
134243,17.1843318939209
134244,22.5156097412109
134245,31.5855751037598
134246,19.6807346343994
134247,22.4054927825928
134248,17.1871814727783
134249,19.0029792785645
134250,18.34787940979
134251,31.5742835998535
134252,18.6836242675781
134253,23.1459083557129
134254,17.5010833740234
134255,17.9910316467285
134256,18.6922435760498
134257,32.1657829284668
134258,17.7299537658691
134259,22.5436973571777
134260,18.107292175293
134261,17.8674964904785
134262,18.386848449707
134263,29.5886421203613
134264,16.58740234375
134265,22.9906215667725
134266,22.1103916168213
134267,17.6083393096924
134268,16.9010543823242
134269,32.4623718261719
134270,16.8005027770996
134271,23.2550926208496
134272,23.2561302185059
134273,21.6352787017822
134274,16.597993850708
134275,33.0393333435059
134276,18.272029876709
134277,22.9791889190674
134278,24.0182914733887
134279,23.2008304595947
134280,17.7154273986816
134281,37.773380279541
134282,18.584192276001
134283,23.7973670959473
134284,24.7050609588623
134285,23.7268962860107
134286,17.8829612731934
134287,34.9259757995605
134288,19.7016296386719
134289,24.1222629547119
134290,24.9301700592041
134291,23.2703456878662
134292,20.2568168640137
134293,41.3473815917969
134294,25.7250499725342
134295,27.3571834564209
134296,27.9944877624512
134297,26.8345394134521
134298,26.1666316986084
134299,38.9120979309082
134300,24.694881439209
134301,28.1435546875
134302,24.9381504058838
134303,24.5697174072266
134304,26.1938514709473
134305,34.5299034118652
134306,24.407413482666
134307,25.4928512573242
134308,25.7313404083252
134309,25.4339122772217
134310,23.3757724761963
134311,27.4746417999268
134312,19.2575588226318
134313,24.1147842407227
134314,25.3241691589355
134315,25.1735401153564
134316,19.1014652252197
134317,23.6359329223633
134318,19.3293113708496
134319,24.957893371582
134320,25.9662971496582
134321,25.834400177002
134322,19.4742317199707
134323,33.9765701293945
134324,21.2572917938232
134325,26.2318496704102
134326,26.5767822265625
134327,26.3542556762695
134328,21.038948059082
134329,32.2366714477539
134330,22.7776679992676
134331,27.3801651000977
134332,27.9280376434326
134333,27.425874710083
134334,24.1901016235352
134335,34.2765998840332
134336,25.7842121124268
134337,28.3167114257812
134338,28.9974060058594
134339,28.3131217956543
134340,26.375617980957
134341,32.7842140197754
134342,23.7401275634766
134343,30.4866313934326
134344,31.0027465820312
134345,30.8385963439941
134346,28.6332416534424
134347,41.9570121765137
134348,27.7947959899902
134349,37.5173225402832
134350,37.7352523803711
134351,43.443286895752
134352,32.9992790222168
134353,37.5442848205566
134354,33.1293144226074
134355,33.7203330993652
134356,35.0256080627441
134357,33.9676513671875
134358,25.9972953796387
134359,93.2688293457031
134360,34.3126220703125
134361,32.0444259643555
134362,40.8326568603516
134363,36.3607864379883
134364,77.0761566162109
134365,227.854827880859
134366,187.234313964844
134367,50.809154510498
134368,66.1830825805664
134369,72.0546264648438
134370,58.1424674987793
134371,248.891998291016
134372,62.4792327880859
134373,209.732940673828
134374,196.692535400391
134375,56.5984306335449
134376,57.2222518920898
134377,70.9089813232422
134378,34.0588684082031
134379,30.0649662017822
134380,27.1534671783447
134381,28.4778137207031
134382,33.8555526733398
134383,43.2814102172852
134384,30.2232437133789
134385,29.7649116516113
134386,26.7162303924561
134387,27.1629619598389
134388,30.0579090118408
134389,43.0234794616699
134390,28.4317760467529
134391,28.4311275482178
134392,25.095573425293
134393,24.0742092132568
134394,30.086030960083
134395,74.0957107543945
134396,65.9888534545898
134397,64.0469818115234
134398,61.2259368896484
134399,91.0327835083008
134400,65.9888534545898
134401,75.6767807006836
134402,73.3346481323242
134403,67.4872665405273
134404,65.1015014648438
134405,100.195556640625
134406,69.5077743530273
134407,101.164703369141
134408,113.480522155762
134409,94.244758605957
134410,92.7861175537109
134411,94.1800842285156
134412,113.088409423828
134413,111.147804260254
134414,120.352638244629
134415,100.960556030273
134416,99.6582336425781
134417,100.195556640625
134418,119.960525512695
134419,105.224708557129
134420,114.039619445801
134421,94.5610198974609
134422,93.2586975097656
134423,449.924713134766
134424,113.647506713867
134425,432.959503173828
134426,443.724334716797
134427,446.993316650391
134428,446.086242675781
134429,445.883819580078
134430,436.940277099609
134431,441.345489501953
134432,452.309875488281
134433,460.306549072266
134434,459.399444580078
134435,459.197052001953
134436,445.525848388672
134437,91.3457717895508
134438,86.7618942260742
134439,86.6425399780273
134440,85.337532043457
134441,86.9421539306641
134442,105.75212097168
134443,85.5667190551758
134444,88.6685028076172
134445,87.5877532958984
134446,86.1264343261719
134447,88.4018859863281
134448,104.81664276123
134449,76.207878112793
134450,80.4159240722656
134451,79.3351898193359
134452,77.9444732666016
134453,80.1493148803711
134454,80.4159240722656
134455,50.6184043884277
134456,54.5021286010742
134457,53.4218826293945
134458,52.5711097717285
134459,54.849723815918
134460,54.5021286010742
134461,79.1518783569336
134462,85.4555969238281
134463,84.3856887817383
134464,83.2661743164062
134465,91.4864883422852
134466,85.2688751220703
134467,82.6640777587891
134468,89.8763580322266
134469,88.7670822143555
134470,87.8867111206055
134471,96.0520401000977
134472,89.6896362304688
134473,80.6537551879883
134474,88.8852386474609
134475,87.7759628295898
134476,86.8955917358398
134477,88.638069152832
134478,88.6985168457031
134479,55.4152526855469
134480,64.9714279174805
134481,64.139045715332
134482,63.2586898803711
134483,77.6232528686523
134484,64.9714279174805
134485,83.8259811401367
134486,93.7122116088867
134487,92.528923034668
134488,91.7225646972656
134489,93.1321716308594
134490,93.5254898071289
134491,61.3732070922852
134492,66.5025863647461
134493,66.7249069213867
134494,65.9364166259766
134495,75.552978515625
134496,66.5025863647461
134497,55.8442077636719
134498,64.8489608764648
134499,65.2626190185547
134500,63.8885536193848
134501,64.2653732299805
134502,64.8489608764648
134503,93.0756454467773
134504,101.594657897949
134505,102.230537414551
134506,100.634223937988
134507,102.295806884766
134508,101.594657897949
134509,96.5186080932617
134510,100.25373840332
134511,100.889610290527
134512,99.0432281494141
134513,102.353302001953
134514,100.25373840332
134515,440.600250244141
134516,460.688232421875
134517,465.879486083984
134518,465.303192138672
134519,465.208587646484
134520,460.688232421875
134521,440.337371826172
134522,451.116027832031
134523,455.390106201172
134524,454.992218017578
134525,454.719207763672
134526,451.116027832031
134527,445.145843505859
134528,455.924530029297
134529,460.198577880859
134530,459.800689697266
134531,459.527709960938
134532,455.924530029297
134533,442.319793701172
134534,453.098449707031
134535,457.372528076172
134536,456.974639892578
134537,456.701629638672
134538,453.098449707031
134539,45.5100173950195
134540,42.3614196777344
134541,36.6042938232422
134542,34.8076210021973
134543,31.5047721862793
134544,43.1952705383301
134545,39.9539947509766
134546,29.7866458892822
134547,34.1132698059082
134548,27.7802124023438
134549,27.551197052002
134550,30.1278877258301
134551,39.5095977783203
134552,27.5469341278076
134553,29.1003761291504
134554,27.2948951721191
134555,28.270866394043
134556,27.8712139129639
134557,48.8744239807129
134558,27.378345489502
134559,28.6621627807617
134560,28.1195869445801
134561,28.8145751953125
134562,29.6729507446289
134563,44.4677886962891
134564,28.0105113983154
134565,26.3452320098877
134566,28.6618785858154
134567,28.2389297485352
134568,28.4379863739014
134569,46.494140625
134570,29.7133922576904
134571,28.2693920135498
134572,32.8885192871094
134573,32.305980682373
134574,29.7522144317627
134575,47.8116798400879
134576,34.2724723815918
134577,32.3092079162598
134578,32.8493270874023
134579,33.0581359863281
134580,38.6972045898438
134581,42.5039978027344
134582,32.1916198730469
134583,28.4585037231445
134584,28.7535800933838
134585,31.7554321289062
134586,32.843994140625
134587,66.9423828125
134588,76.7862396240234
134589,77.5259780883789
134590,76.6876525878906
134591,86.9820785522461
134592,76.7862396240234
134593,63.5711669921875
134594,63.1146965026855
134595,63.5214691162109
134596,62.849666595459
134597,74.7087554931641
134598,63.1146965026855
134599,51.733829498291
134600,50.4249839782715
134601,50.6786346435547
134602,49.9058036804199
134603,51.3939743041992
134604,50.4249839782715
134605,60.6336822509766
134606,62.1156959533691
134607,62.5224990844727
134608,61.7368659973145
134609,63.2747802734375
134610,62.1156959533691
134611,69.2751235961914
134612,72.8521347045898
134613,73.8088760375977
134614,72.8379516601562
134615,74.4598770141602
134616,72.8521347045898
134617,73.2419586181641
134618,79.8206253051758
134619,80.5725860595703
134620,79.9628143310547
134621,81.5511627197266
134622,79.8206253051758
134623,48.0758018493652
134624,52.5630683898926
134625,53.3150329589844
134626,52.6307563781738
134627,54.0508346557617
134628,52.5630683898926
134629,49.8024787902832
134630,54.6696090698242
134631,55.3475646972656
134632,54.6480827331543
134633,56.0681571960449
134634,54.6696090698242
134635,52.7265663146973
134636,61.9022216796875
134637,62.6287498474121
134638,61.960376739502
134639,91.0029525756836
134640,61.9022216796875
134641,83.0008926391602
134642,92.3247604370117
134643,93.0512771606445
134644,92.3829040527344
134645,91.9366455078125
134646,92.3247604370117
134647,62.1383514404297
134648,71.2506256103516
134649,73.5972747802734
134650,71.3087768554688
134651,71.1953887939453
134652,71.2506256103516
134653,82.2283172607422
134654,93.2774887084961
134655,94.6420822143555
134656,93.2639694213867
134657,95.9079284667969
134658,93.2774887084961
134659,87.1393508911133
134660,97.3494033813477
134661,98.713996887207
134662,97.3358840942383
134663,476.869079589844
134664,97.3494033813477
134665,91.9309310913086
134666,95.8729400634766
134667,96.7589721679688
134668,95.7670440673828
134669,97.0537490844727
134670,95.8729400634766
134671,65.6789093017578
134672,66.6517333984375
134673,68.476692199707
134674,66.5458374023438
134675,100.899108886719
134676,66.6517333984375
134677,98.5645904541016
134678,101.137153625488
134679,102.007415771484
134680,101.031257629395
134681,101.08610534668
134682,101.137153625488
134683,77.8457260131836
134684,72.7542953491211
134685,73.6685180664062
134686,71.9008941650391
134687,482.102142333984
134688,72.7542953491211
134689,69.5790481567383
134690,68.4441299438477
134691,68.6973571777344
134692,68.1738433837891
134693,94.8608245849609
134694,68.4441299438477
134695,65.9085083007812
134696,57.1240425109863
134697,57.5425453186035
134698,56.622615814209
134699,56.2833862304688
134700,57.1240425109863
134701,69.8186721801758
134702,65.2405548095703
134703,65.7379302978516
134704,64.840202331543
134705,64.6446762084961
134706,65.2405548095703
134707,64.6088943481445
134708,61.6818580627441
134709,62.1792411804199
134710,61.3338165283203
134711,79.1616134643555
134712,61.6818580627441
134713,64.1894149780273
134714,62.5577163696289
134715,62.8503074645996
134716,62.2813377380371
134717,80.0261154174805
134718,62.5577163696289
134719,57.963924407959
134720,57.8658790588379
134721,58.1584701538086
134722,57.5002784729004
134723,75.4096832275391
134724,57.8658790588379
134725,55.7471885681152
134726,49.1751747131348
134727,49.2688598632812
134728,48.7454071044922
134729,48.2132759094238
134730,49.1751747131348
134731,55.1941528320312
134732,52.1680679321289
134733,52.8857345581055
134734,51.5219268798828
134735,64.2600860595703
134736,52.1680679321289
134737,41.0764465332031
134738,38.9111709594727
134739,39.9654350280762
134740,38.3696365356445
134741,39.6763877868652
134742,38.9111709594727
134743,33.9370384216309
134744,33.8728675842285
134745,34.6705894470215
134746,33.3313255310059
134747,38.7688102722168
134748,33.8728675842285
134749,33.8422470092773
134750,33.778076171875
134751,34.575798034668
134752,33.2365341186523
134753,38.6740188598633
134754,33.778076171875
134755,35.1520042419434
134756,35.0386505126953
134757,35.8363761901855
134758,34.4971199035645
134759,39.9345932006836
134760,35.0386505126953
134761,38.2673454284668
134762,39.3253860473633
134763,39.6500968933105
134764,38.8062057495117
134765,52.3343696594238
134766,39.3253860473633
134767,37.5825347900391
134768,38.9790115356445
134769,39.2326583862305
134770,38.4598274230957
134771,52.3318138122559
134772,38.9790115356445
134773,43.8647766113281
134774,47.4980010986328
134775,48.3519248962402
134776,47.1776237487793
134777,55.9914627075195
134778,47.4980010986328
134779,44.2405052185059
134780,47.4538307189941
134781,48.3365783691406
134782,47.5615882873535
134783,57.0092582702637
134784,47.4538307189941
134785,54.5015640258789
134786,60.0623626708984
134787,60.7403182983398
134788,60.2224197387695
134789,68.354736328125
134790,60.0623626708984
134791,73.3253936767578
134792,85.614616394043
134793,86.5654525756836
134794,85.6727676391602
134795,103.225074768066
134796,85.614616394043
134797,64.8538360595703
134798,68.2413558959961
134799,69.7230911254883
134800,68.2278442382812
134801,84.5064315795898
134802,68.2413558959961
134803,62.8026275634766
134804,68.8331298828125
134805,71.1053085327148
134806,68.5799713134766
134807,97.1911087036133
134808,68.8331298828125
134809,55.1761283874512
134810,53.6865539550781
134811,56.5826835632324
134812,53.1344947814941
134813,77.399787902832
134814,53.6865539550781
134815,54.664306640625
134816,51.7994041442871
134817,54.6210289001465
134818,51.0624923706055
134819,78.3749694824219
134820,51.7994041442871
134821,43.0505332946777
134822,40.3098106384277
134823,42.1434783935547
134824,39.1781387329102
134825,62.2021636962891
134826,40.3098106384277
134827,22.7512912750244
134828,19.3166923522949
134829,24.3403491973877
134830,24.694486618042
134831,25.0628051757812
134832,20.325267791748
134833,21.9205322265625
134834,21.5206089019775
134835,24.3332748413086
134836,24.7033863067627
134837,24.4162540435791
134838,20.5481929779053
134839,32.2918968200684
134840,25.1420822143555
134841,27.9278430938721
134842,23.9561748504639
134843,25.0855083465576
134844,25.1420822143555
134845,32.6953735351562
134846,25.7608947753906
134847,28.378734588623
134848,24.635929107666
134849,24.9295101165771
134850,25.7608947753906
134851,34.8154220581055
134852,29.2683486938477
134853,31.7721519470215
134854,28.1595840454102
134855,34.3202476501465
134856,29.2683486938477
134857,37.4621353149414
134858,32.8749122619629
134859,34.7270469665527
134860,31.8541584014893
134861,54.092342376709
134862,32.8749122619629
134863,46.9206581115723
134864,49.0645713806152
134865,50.0093193054199
134866,48.5554046630859
134867,74.4221572875977
134868,49.0645713806152
134869,44.7064743041992
134870,40.6533050537109
134871,41.1903533935547
134872,40.1219367980957
134873,47.9259338378906
134874,40.6533050537109
134875,34.2535247802734
134876,32.6927757263184
134877,33.8180999755859
134878,32.2035446166992
134879,33.6225967407227
134880,32.6927757263184
134881,32.1905288696289
134882,33.0155563354492
134883,34.0883369445801
134884,32.1486015319824
134885,38.4390487670898
134886,33.0155563354492
134887,31.3517684936523
134888,32.0183258056641
134889,33.2902183532715
134890,30.8487396240234
134891,37.5053253173828
134892,32.0183258056641
134893,31.559986114502
134894,32.4626579284668
134895,33.5004005432129
134896,31.4334316253662
134897,37.9013710021973
134898,32.4626579284668
134899,33.7642936706543
134900,33.9543075561523
134901,34.5466041564941
134902,32.6658401489258
134903,38.8860931396484
134904,33.9543075561523
134905,33.9504890441895
134906,34.074390411377
134907,34.7660255432129
134908,33.5328636169434
134909,38.7029418945312
134910,34.074390411377
134911,34.7632865905762
134912,34.9249877929688
134913,35.6166152954102
134914,34.3834533691406
134915,39.9804420471191
134916,34.9249877929688
134917,33.3419799804688
134918,31.4778785705566
134919,32.4231185913086
134920,30.9363384246826
134921,32.4229316711426
134922,31.4778785705566
134923,33.0838394165039
134924,31.264181137085
134925,32.2094039916992
134926,30.72265625
134927,32.2092247009277
134928,31.264181137085
134929,45.9881858825684
134930,50.8583793640137
134931,51.4671974182129
134932,50.2848968505859
134933,61.8826942443848
134934,50.8583793640137
134935,69.9624328613281
134936,75.4558334350586
134937,77.5493698120117
134938,75.3020629882812
134939,103.996170043945
134940,75.4558334350586
134941,59.7518577575684
134942,64.9391021728516
134943,67.893180847168
134944,64.4956207275391
134945,90.8087921142578
134946,64.9391021728516
134947,75.0175247192383
134948,78.2193756103516
134949,80.5587768554688
134950,77.7596740722656
134951,76.9796295166016
134952,78.2193756103516
134953,45.0154266357422
134954,44.8914527893066
134955,48.1459655761719
134956,44.2188987731934
134957,67.4634780883789
134958,44.8914527893066
134959,44.484806060791
134960,43.4346733093262
134961,46.6748924255371
134962,42.7466888427734
134963,65.5189437866211
134964,43.4346733093262
134965,42.5782432556152
134966,39.858829498291
134967,41.5982933044434
134968,38.7760772705078
134969,48.6876449584961
134970,39.858829498291
134971,29.9976654052734
134972,20.0627918243408
134973,24.7696151733398
134974,25.8249950408936
134975,25.047534942627
134976,18.8616008758545
134977,27.037223815918
134978,19.1619815826416
134979,23.8809814453125
134980,24.1869335174561
134981,23.8863391876221
134982,17.3773345947266
134983,20.2673511505127
134984,18.8464908599854
134985,24.1667499542236
134986,24.3216800689697
134987,24.3885135650635
134988,17.2033138275146
134989,20.5508289337158
134990,17.7264232635498
134991,24.1237030029297
134992,24.2346115112305
134993,24.2928161621094
134994,15.2023468017578
134995,22.0956020355225
134996,20.4566802978516
134997,24.4933795928955
134998,24.467472076416
134999,24.7244892120361
135000,20.5963249206543
135001,26.1545867919922
135002,22.0918617248535
135003,25.1697120666504
135004,25.1149387359619
135005,25.2629718780518
135006,21.5317115783691
135007,25.6793251037598
135008,24.6578159332275
135009,25.4140586853027
135010,25.2658824920654
135011,25.3722438812256
135012,23.9830932617188
135013,27.2788715362549
135014,27.1611404418945
135015,26.4049949645996
135016,26.2591152191162
135017,26.598539352417
135018,25.9755992889404
135019,20.3244686126709
135020,25.387939453125
135021,24.7899990081787
135022,24.3110580444336
135023,24.8093566894531
135024,25.2112636566162
135025,18.0328559875488
135026,22.3046226501465
135027,23.9797534942627
135028,23.4591121673584
135029,23.9215469360352
135030,22.4685955047607
135031,16.0269565582275
135032,22.8872756958008
135033,24.4438285827637
135034,25.2862644195557
135035,24.7641124725342
135036,21.9425945281982
135037,15.5889539718628
135038,24.5663185119629
135039,24.7103633880615
135040,24.6021308898926
135041,25.3975372314453
135042,24.2035179138184
135043,18.881498336792
135044,25.7179508209229
135045,25.8894348144531
135046,25.8547134399414
135047,26.2871837615967
135048,25.3160610198975
135049,18.6915016174316
135050,27.8014755249023
135051,26.66015625
135052,26.1337814331055
135053,26.2433223724365
135054,26.1446857452393
135055,17.9358310699463
135056,25.7982082366943
135057,26.7622222900391
135058,28.3852577209473
135059,26.5278873443604
135060,25.7982082366943
135061,17.6282291412354
135062,26.3770942687988
135063,27.0372791290283
135064,26.4104557037354
135065,26.8244857788086
135066,25.6986770629883
135067,18.3937129974365
135068,23.6104202270508
135069,28.1339778900146
135070,24.2930488586426
135071,27.5665225982666
135072,25.0542449951172
135073,20.1597843170166
135074,24.8749694824219
135075,30.467456817627
135076,20.3358631134033
135077,25.4882659912109
135078,25.4528694152832
135079,24.1399726867676
135080,28.2514953613281
135081,34.1570625305176
135082,25.8832893371582
135083,25.8389682769775
135084,27.514928817749
135085,35.3198852539062
135086,37.3414726257324
135087,38.9233894348145
135088,29.9389400482178
135089,31.4802627563477
135090,35.4397048950195
135091,33.7859306335449
135092,35.4527320861816
135093,33.1926918029785
135094,30.8655185699463
135095,28.3782558441162
135096,34.4643096923828
135097,27.3823165893555
135098,23.1486835479736
135099,24.6495780944824
135100,26.7572460174561
135101,25.498987197876
135102,23.5672073364258
135103,27.3762130737305
135104,21.628360748291
135105,24.208667755127
135106,24.7868175506592
135107,24.1879940032959
135108,21.8119621276855
135109,25.6689777374268
135110,21.0656051635742
135111,24.2604274749756
135112,26.0498237609863
135113,24.7682323455811
135114,22.6206836700439
135115,29.8545265197754
135116,19.3756580352783
135117,24.3439140319824
135118,25.6291427612305
135119,25.5318508148193
135120,17.8119411468506
135121,30.5952129364014
135122,19.6552486419678
135123,24.86350440979
135124,25.9764728546143
135125,26.2186584472656
135126,18.5099639892578
135127,27.50563621521
135128,18.0495300292969
135129,23.8252716064453
135130,24.1553955078125
135131,23.7257995605469
135132,16.7934913635254
135133,27.1563091278076
135134,19.1513576507568
135135,23.8771572113037
135136,23.81369972229
135137,23.8940582275391
135138,18.7995681762695
135139,29.6527061462402
135140,21.6202583312988
135141,24.4469699859619
135142,24.2284507751465
135143,24.3129863739014
135144,21.6434497833252
135145,32.4434242248535
135146,24.2915344238281
135147,24.7411289215088
135148,24.5470638275146
135149,24.593147277832
135150,23.601188659668
135151,34.0881233215332
135152,27.348669052124
135153,25.6511421203613
135154,25.6208152770996
135155,25.7677822113037
135156,26.7101058959961
135157,32.4658584594727
135158,27.1391735076904
135159,26.2585144042969
135160,27.1970863342285
135161,26.279239654541
135162,27.4626178741455
135163,25.085657119751
135164,24.3090229034424
135165,24.6546821594238
135166,24.4186344146729
135167,24.3966674804688
135168,24.1990394592285
135169,24.4462585449219
135170,23.1509399414062
135171,24.0968647003174
135172,23.7677021026611
135173,24.7994575500488
135174,23.2189846038818
135175,23.089635848999
135176,22.3668231964111
135177,25.0796756744385
135178,25.3477325439453
135179,25.2137889862061
135180,22.4294681549072
135181,19.438455581665
135182,24.0285968780518
135183,25.5575351715088
135184,25.1128749847412
135185,25.1922817230225
135186,23.9733982086182
135187,20.2691841125488
135188,25.4847774505615
135189,26.7656993865967
135190,26.698091506958
135191,26.5891094207764
135192,25.4553165435791
135193,22.1226634979248
135194,25.5568466186523
135195,26.0032634735107
135196,26.2611770629883
135197,27.7459831237793
135198,25.6407318115234
135199,20.9166412353516
135200,24.9848403930664
135201,26.1537246704102
135202,26.1934700012207
135203,26.1745796203613
135204,25.7040309906006
135205,20.6792945861816
135206,25.0430202484131
135207,26.5677700042725
135208,26.5019264221191
135209,26.2277793884277
135210,25.8202972412109
135211,19.148609161377
135212,27.3590393066406
135213,26.3329410552979
135214,16.954517364502
135215,28.5137710571289
135216,27.1655673980713
135217,22.9691829681396
135218,28.1879348754883
135219,27.957124710083
135220,29.617015838623
135221,29.1129245758057
135222,29.6729946136475
135223,25.6191062927246
135224,32.0169105529785
135225,28.109130859375
135226,27.6284465789795
135227,31.743782043457
135228,29.3963222503662
135229,42.270076751709
135230,41.1194686889648
135231,36.9533958435059
135232,50.9694976806641
135233,47.8373107910156
135234,41.0668716430664
135235,35.0169563293457
135236,30.4500770568848
135237,31.0816783905029
135238,26.8248310089111
135239,28.9338359832764
135240,30.7855281829834
135241,32.0232849121094
135242,22.8773365020752
135243,26.0075378417969
135244,22.7062435150146
135245,22.0347099304199
135246,25.3198986053467
135247,30.5685291290283
135248,22.1294364929199
135249,25.0636119842529
135250,24.2011966705322
135251,21.3125133514404
135252,22.7279415130615
135253,31.814603805542
135254,22.0081634521484
135255,24.6238651275635
135256,23.7968482971191
135257,22.9732513427734
135258,22.2506046295166
135259,51.5808563232422
135260,41.5916938781738
135261,24.9194850921631
135262,24.715726852417
135263,24.2976856231689
135264,41.5916938781738
135265,50.1639862060547
135266,39.6951637268066
135267,25.6183090209961
135268,25.5568580627441
135269,24.3510627746582
135270,39.6951637268066
135271,57.6044960021973
135272,46.8363227844238
135273,26.0677089691162
135274,26.5941047668457
135275,26.2597599029541
135276,46.8363227844238
135277,54.3859558105469
135278,36.0042037963867
135279,33.1584243774414
135280,28.7598438262939
135281,26.3658142089844
135282,36.0042037963867
135283,50.955150604248
135284,39.0864448547363
135285,24.7827930450439
135286,24.8312320709229
135287,24.7804622650146
135288,39.0864448547363
135289,65.5099411010742
135290,54.2723655700684
135291,29.9078845977783
135292,30.3759136199951
135293,31.9007301330566
135294,54.2723655700684
135295,65.9305877685547
135296,57.7550315856934
135297,27.1855564117432
135298,28.9708518981934
135299,28.9578437805176
135300,57.7550315856934
135301,88.9632568359375
135302,86.8377075195312
135303,29.3329563140869
135304,28.7997379302979
135305,29.667387008667
135306,86.8377075195312
135307,54.3761596679688
135308,51.1472434997559
135309,25.249044418335
135310,26.0727443695068
135311,24.5396633148193
135312,51.1472434997559
135313,37.3503913879395
135314,35.499397277832
135315,24.0462799072266
135316,23.7904491424561
135317,23.8950099945068
135318,35.499397277832
135319,36.0878105163574
135320,35.6332969665527
135321,24.2945404052734
135322,25.1358051300049
135323,25.1977195739746
135324,35.6332969665527
135325,41.987232208252
135326,39.9219245910645
135327,25.0552577972412
135328,24.9699840545654
135329,25.2739143371582
135330,39.9219245910645
135331,39.6945610046387
135332,36.5932350158691
135333,24.8765087127686
135334,25.6010627746582
135335,25.2934055328369
135336,36.5932350158691
135337,42.2687835693359
135338,47.6638107299805
135339,24.7962741851807
135340,25.7727584838867
135341,25.450626373291
135342,47.6638107299805
135343,44.1766929626465
135344,43.3910064697266
135345,25.0104713439941
135346,25.0868129730225
135347,25.3266334533691
135348,43.3910064697266
135349,41.4792137145996
135350,42.0146942138672
135351,19.9243984222412
135352,25.6026496887207
135353,26.0302028656006
135354,42.0146942138672
135355,41.9267463684082
135356,40.6206283569336
135357,24.6149845123291
135358,27.379602432251
135359,28.3948402404785
135360,40.6206283569336
135361,44.620662689209
135362,43.9715232849121
135363,25.8593635559082
135364,28.3050498962402
135365,29.2449016571045
135366,43.9715232849121
135367,46.5395774841309
135368,42.4538955688477
135369,23.5520286560059
135370,22.7298488616943
135371,23.4276428222656
135372,42.4538955688477
135373,57.3071250915527
135374,50.3907279968262
135375,26.800500869751
135376,25.5118980407715
135377,26.5564765930176
135378,50.3907279968262
135379,54.3623809814453
135380,50.7431945800781
135381,26.2066688537598
135382,29.771297454834
135383,25.7841682434082
135384,50.7431945800781
135385,56.0162467956543
135386,51.2393608093262
135387,24.9503402709961
135388,24.8622550964355
135389,21.7508373260498
135390,51.2393608093262
135391,51.337818145752
135392,45.8982772827148
135393,24.9039535522461
135394,24.2784404754639
135395,21.6629180908203
135396,45.8982772827148
135397,50.1976013183594
135398,44.3393440246582
135399,24.4744071960449
135400,24.7415962219238
135401,24.5663623809814
135402,44.3393440246582
135403,25.547477722168
135404,21.5406074523926
135405,24.5898895263672
135406,23.2457618713379
135407,21.3295440673828
135408,21.6195774078369
135409,25.2412643432617
135410,21.0113506317139
135411,24.5202255249023
135412,24.0762138366699
135413,22.5259971618652
135414,21.426965713501
135415,23.7458744049072
135416,20.2469043731689
135417,24.5261859893799
135418,24.8419513702393
135419,24.8119697570801
135420,19.8052463531494
135421,24.7484874725342
135422,20.7117347717285
135423,24.9556999206543
135424,24.6187763214111
135425,24.589334487915
135426,21.9961948394775
135427,23.401403427124
135428,22.5613784790039
135429,23.9010181427002
135430,24.3415241241455
135431,23.7980537414551
135432,23.3017997741699
135433,22.0703639984131
135434,23.7478637695312
135435,24.3857173919678
135436,24.8535614013672
135437,24.7784938812256
135438,23.8137607574463
135439,25.6584072113037
135440,24.2175025939941
135441,24.9044933319092
135442,25.0399837493896
135443,25.0692272186279
135444,24.0179233551025
135445,26.3626937866211
135446,25.1632595062256
135447,25.4843101501465
135448,25.5736885070801
135449,25.8633365631104
135450,25.1209754943848
135451,26.763692855835
135452,24.4007720947266
135453,25.3581562042236
135454,26.4131450653076
135455,24.7637405395508
135456,23.9834880828857
135457,19.7491207122803
135458,21.118106842041
135459,22.7712535858154
135460,23.3534202575684
135461,22.8893718719482
135462,20.8099765777588
135463,16.8136329650879
135464,20.178861618042
135465,23.8055076599121
135466,23.4472675323486
135467,23.0820426940918
135468,20.1826438903809
135469,16.3733730316162
135470,21.3697357177734
135471,23.7225112915039
135472,25.218017578125
135473,24.1691074371338
135474,21.1245288848877
135475,15.7471914291382
135476,19.8328838348389
135477,23.4350910186768
135478,24.661111831665
135479,23.7125816345215
135480,19.9316864013672
135481,16.2040576934814
135482,19.7068271636963
135483,23.0004634857178
135484,26.3064632415771
135485,24.5989532470703
135486,19.2612419128418
135487,18.6378631591797
135488,20.6235580444336
135489,24.3520946502686
135490,16.1580371856689
135491,27.4917221069336
135492,20.4090919494629
135493,20.5950698852539
135494,20.9838218688965
135495,22.7496604919434
135496,25.2279720306396
135497,25.818510055542
135498,21.1129341125488
135499,23.0852890014648
135500,22.218111038208
135501,25.1132297515869
135502,26.1957416534424
135503,28.3771228790283
135504,21.0222644805908
135505,22.4284343719482
135506,20.3998641967773
135507,25.5782279968262
135508,29.4584445953369
135509,30.0804328918457
135510,20.667573928833
135511,24.3759288787842
135512,23.8504962921143
135513,24.2901458740234
135514,31.5239849090576
135515,20.0362682342529
135516,24.0421333312988
135517,35.0248718261719
135518,26.5160999298096
135519,26.358268737793
135520,33.5319709777832
135521,35.5941772460938
135522,32.9783668518066
135523,28.4254245758057
135524,26.527042388916
135525,25.1634120941162
135526,29.5616207122803
135527,25.0619468688965
135528,24.1912288665771
135529,28.1455898284912
135530,23.9760456085205
135531,24.3262176513672
135532,26.7993793487549
135533,25.3691310882568
135534,23.5832824707031
135535,30.1000461578369
135536,21.5748653411865
135537,24.1442623138428
135538,24.9555072784424
135539,22.8039226531982
135540,21.838830947876
135541,26.4585609436035
135542,22.1771984100342
135543,24.2059211730957
135544,24.6916122436523
135545,23.9518508911133
135546,21.9063758850098
135547,32.3175506591797
135548,20.453031539917
135549,24.4570903778076
135550,24.6774463653564
135551,23.8522510528564
135552,20.0913047790527
135553,30.9821605682373
135554,20.7849006652832
135555,24.1632518768311
135556,24.4670715332031
135557,24.1779747009277
135558,21.6427726745605
135559,33.0959854125977
135560,22.81711769104
135561,26.6203231811523
135562,26.3786373138428
135563,24.8401145935059
135564,25.7031593322754
135565,29.6960544586182
135566,24.5239734649658
135567,24.7125968933105
135568,24.5350494384766
135569,24.4376926422119
135570,24.2314949035645
135571,32.5941581726074
135572,27.6318378448486
135573,25.5443115234375
135574,24.6871356964111
135575,24.7614498138428
135576,25.8998413085938
135577,37.0344581604004
135578,26.4805736541748
135579,24.8841342926025
135580,24.7264251708984
135581,24.5467071533203
135582,26.1533393859863
135583,46.7330093383789
135584,27.2246208190918
135585,25.5037097930908
135586,25.0502681732178
135587,24.7549514770508
135588,27.0637969970703
135589,39.3082542419434
135590,25.5601997375488
135591,25.44553565979
135592,25.5822849273682
135593,25.419620513916
135594,25.5559043884277
135595,31.2236957550049
135596,244.345962524414
135597,25.8557739257812
135598,25.6714630126953
135599,26.1484966278076
135600,29.5802955627441
135601,21.7811126708984
135602,26.5707759857178
135603,22.8592891693115
135604,23.2475891113281
135605,22.9590282440186
135606,22.6913681030273
135607,18.8205013275146
135608,27.7690887451172
135609,23.602123260498
135610,22.8699359893799
135611,21.7220630645752
135612,22.5246524810791
135613,18.4791965484619
135614,25.1581382751465
135615,24.6746273040771
135616,24.2172660827637
135617,23.1321849822998
135618,24.5230865478516
135619,17.6819305419922
135620,25.4932079315186
135621,25.5669174194336
135622,24.8311100006104
135623,23.9219799041748
135624,25.1722393035889
135625,20.1164360046387
135626,26.3839988708496
135627,25.6765155792236
135628,25.4427051544189
135629,25.5105152130127
135630,26.2722816467285
135631,25.3565063476562
135632,27.8936195373535
135633,26.1538372039795
135634,27.0770568847656
135635,25.9363899230957
135636,30.0608425140381
135637,27.1279220581055
135638,28.9321250915527
135639,27.5499038696289
135640,27.0527687072754
135641,27.0737781524658
135642,26.8054504394531
135643,31.4311561584473
135644,29.6022624969482
135645,29.6691131591797
135646,29.8384323120117
135647,30.0005378723145
135648,26.2851238250732
135649,37.2874984741211
135650,38.1000900268555
135651,31.8254413604736
135652,32.9002075195312
135653,33.2266807556152
135654,26.5376472473145
135655,39.1227035522461
135656,36.5864562988281
135657,33.7111587524414
135658,40.5135345458984
135659,34.3697776794434
135660,41.2881164550781
135661,44.5650215148926
135662,42.2963905334473
135663,39.4292640686035
135664,32.7009925842285
135665,36.013500213623
135666,254.423141479492
135667,57.351505279541
135668,46.4169998168945
135669,34.8529281616211
135670,33.1151161193848
135671,32.391471862793
135672,42.6653594970703
135673,71.165397644043
135674,41.1133995056152
135675,33.8944969177246
135676,28.982120513916
135677,31.5662708282471
135678,42.3394737243652
135679,57.28466796875
135680,37.968391418457
135681,31.0286769866943
135682,31.9802398681641
135683,28.7473964691162
135684,39.2546844482422
135685,43.12548828125
135686,34.4043922424316
135687,28.7998123168945
135688,27.6382141113281
135689,26.787410736084
135690,35.4200134277344
135691,35.5001983642578
135692,28.0653419494629
135693,28.2309036254883
135694,28.2511806488037
135695,26.8805675506592
135696,27.2528247833252
135697,35.1134910583496
135698,27.0420112609863
135699,27.6332511901855
135700,27.9510135650635
135701,26.9417095184326
135702,26.9268054962158
135703,35.6754913330078
135704,31.245361328125
135705,32.8199310302734
135706,30.9154167175293
135707,27.5910682678223
135708,27.5469398498535
135709,32.210693359375
135710,26.1552982330322
135711,25.4249000549316
135712,25.979097366333
135713,25.654670715332
135714,25.9384574890137
135715,38.5532455444336
135716,27.193058013916
135717,25.544361114502
135718,26.8739166259766
135719,26.7478160858154
135720,26.2647037506104
135721,46.9298629760742
135722,38.4378128051758
135723,241.649780273438
135724,242.158050537109
135725,239.707397460938
135726,257.854675292969
135727,36.1639671325684
135728,36.9874000549316
135729,33.8347015380859
135730,34.3583755493164
135731,37.9615745544434
135732,34.664192199707
135733,40.6472663879395
135734,37.140022277832
135735,33.7010765075684
135736,34.3708190917969
135737,33.202995300293
135738,38.5949516296387
135739,27.3595886230469
135740,27.1038475036621
135741,25.7988567352295
135742,25.6271190643311
135743,26.2859897613525
135744,26.713342666626
135745,23.1509208679199
135746,25.1389923095703
135747,25.0792064666748
135748,25.7770709991455
135749,25.4647655487061
135750,24.2929630279541
135751,20.8676586151123
135752,25.9615802764893
135753,25.5400142669678
135754,25.9303741455078
135755,26.688419342041
135756,24.6757526397705
135757,19.9671516418457
135758,27.8269138336182
135759,26.118444442749
135760,25.61647605896
135761,26.2868480682373
135762,26.1051120758057
135763,23.3393974304199
135764,26.2898044586182
135765,27.6207904815674
135766,25.5455894470215
135767,26.2948207855225
135768,26.1897602081299
135769,24.9804420471191
135770,27.5646266937256
135771,27.5545539855957
135772,26.8931064605713
135773,27.199893951416
135774,27.6425075531006
135775,26.6029205322266
135776,28.2890281677246
135777,27.0059242248535
135778,27.2553424835205
135779,28.2729530334473
135780,28.3729686737061
135781,26.7540416717529
135782,32.4355201721191
135783,28.9947471618652
135784,35.0001220703125
135785,32.7246780395508
135786,32.885082244873
135787,25.662181854248
135788,31.6458282470703
135789,30.3631973266602
135790,31.2449398040771
135791,31.1776485443115
135792,31.9008865356445
135793,31.0884628295898
135794,35.2472076416016
135795,29.2358856201172
135796,32.7596855163574
135797,37.0959815979004
135798,36.5909652709961
135799,39.0675811767578
135800,37.5991516113281
135801,33.959156036377
135802,29.0411033630371
135803,34.2044219970703
135804,41.0922164916992
135805,44.9172897338867
135806,44.6717376708984
135807,42.4767189025879
135808,33.7607650756836
135809,40.7277908325195
135810,43.422435760498
135811,39.0578689575195
135812,35.4644737243652
135813,35.9512214660645
135814,34.1018562316895
135815,32.2416687011719
135816,35.6832618713379
135817,38.6785049438477
135818,32.7717819213867
135819,32.5886077880859
135820,32.7179641723633
135821,31.6360015869141
135822,30.2869071960449
135823,38.0506744384766
135824,29.8058052062988
135825,30.4679298400879
135826,30.2223510742188
135827,30.4506549835205
135828,29.8099212646484
135829,37.955493927002
135830,28.1087741851807
135831,28.8116111755371
135832,29.0837593078613
135833,28.7383575439453
135834,28.0972061157227
135835,36.7607650756836
135836,28.8699569702148
135837,28.3764934539795
135838,28.8788299560547
135839,32.0357398986816
135840,27.3881664276123
135841,37.2050323486328
135842,27.2113590240479
135843,30.0988025665283
135844,29.4893836975098
135845,27.6047992706299
135846,26.7662754058838
135847,39.2107620239258
135848,26.9801368713379
135849,30.6188545227051
135850,31.670482635498
135851,30.7600383758545
135852,26.9428596496582
135853,34.405834197998
135854,25.8762702941895
135855,25.9025382995605
135856,27.2901153564453
135857,26.0699481964111
135858,25.3605556488037
135859,35.2027816772461
135860,26.0069808959961
135861,26.1747932434082
135862,27.176383972168
135863,25.7743301391602
135864,25.2418270111084
135865,35.4810943603516
135866,24.8897495269775
135867,25.8014678955078
135868,26.0111598968506
135869,26.4210319519043
135870,25.9395484924316
135871,46.0522041320801
135872,37.1601982116699
135873,37.9312705993652
135874,35.3299980163574
135875,35.7613792419434
135876,37.469310760498
135877,45.8577537536621
135878,39.7670860290527
135879,34.0860366821289
135880,34.6093864440918
135881,34.6477813720703
135882,346.161926269531
135883,29.0754776000977
135884,25.8405075073242
135885,25.2465515136719
135886,25.3616256713867
135887,25.3715934753418
135888,25.8373908996582
135889,26.3299713134766
135890,24.357120513916
135891,24.2156524658203
135892,24.3631229400635
135893,24.2299842834473
135894,23.845178604126
135895,25.602746963501
135896,24.2883071899414
135897,24.8365936279297
135898,24.9103450775146
135899,24.9556903839111
135900,24.1402111053467
135901,24.7214794158936
135902,25.0339336395264
135903,25.216194152832
135904,24.9847755432129
135905,24.8209667205811
135906,25.2936935424805
135907,25.3598442077637
135908,26.3936729431152
135909,25.6567516326904
135910,25.6052417755127
135911,25.8107719421387
135912,26.2441310882568
135913,25.9555721282959
135914,26.9778213500977
135915,25.591667175293
135916,26.6877479553223
135917,26.6029262542725
135918,27.2921981811523
135919,27.3761253356934
135920,28.2209453582764
135921,26.9194831848145
135922,26.7995529174805
135923,27.4001941680908
135924,28.2700252532959
135925,28.6845455169678
135926,29.1330375671387
135927,30.3565635681152
135928,28.2352142333984
135929,29.8241329193115
135930,31.5267906188965
135931,28.7831325531006
135932,31.7966861724854
135933,27.7855854034424
135934,31.0519256591797
135935,31.0494327545166
135936,32.2337341308594
135937,32.220043182373
135938,34.8067855834961
135939,24.6136684417725
135940,33.8980522155762
135941,34.3693618774414
135942,36.3251190185547
135943,43.6348037719727
135944,36.5384140014648
135945,36.1404304504395
135946,37.7611274719238
135947,37.3155975341797
135948,39.2096290588379
135949,67.540657043457
135950,49.0807304382324
135951,42.5781288146973
135952,42.4917106628418
135953,55.0706176757812
135954,45.9897727966309
135955,46.7735137939453
135956,37.4469223022461
135957,37.5805625915527
135958,38.3586387634277
135959,37.219367980957
135960,37.0818901062012
135961,49.0445823669434
135962,33.119213104248
135963,33.0567932128906
135964,32.1934242248535
135965,34.4800338745117
135966,33.9967803955078
135967,43.6213645935059
135968,33.5359649658203
135969,31.7752799987793
135970,31.0484504699707
135971,29.7229404449463
135972,30.6854572296143
135973,43.1827239990234
135974,29.7901191711426
135975,29.9487743377686
135976,29.4344654083252
135977,29.0052738189697
135978,29.6982402801514
135979,40.2354049682617
135980,27.5959129333496
135981,28.7153339385986
135982,27.6588020324707
135983,27.4352531433105
135984,28.1465606689453
135985,39.4432411193848
135986,25.3017158508301
135987,31.3350162506104
135988,27.7581176757812
135989,27.3928680419922
135990,26.0661869049072
135991,39.7256698608398
135992,26.4768009185791
135993,30.5169143676758
135994,29.7159061431885
135995,30.4960498809814
135996,27.0901374816895
135997,37.938835144043
135998,23.863302230835
135999,25.7676334381104
136000,25.9160614013672
136001,25.1808052062988
136002,23.9146842956543
136003,36.4765663146973
136004,23.5453433990479
136005,25.8054389953613
136006,25.9939937591553
136007,25.2434844970703
136008,24.2117080688477
136009,38.7868614196777
136010,25.2247829437256
136011,26.1800842285156
136012,26.2937107086182
136013,26.3291625976562
136014,25.7560329437256
136015,39.9733238220215
136016,29.710018157959
136017,31.6629047393799
136018,28.4204978942871
136019,32.1522827148438
136020,29.7927646636963
136021,47.8828315734863
136022,33.5342979431152
136023,33.126636505127
136024,32.8720703125
136025,34.344409942627
136026,35.2461128234863
136027,31.1326808929443
136028,25.7565174102783
136029,26.5996284484863
136030,25.5609493255615
136031,25.5529632568359
136032,26.5776290893555
136033,26.2506828308105
136034,23.9890747070312
136035,25.4625663757324
136036,25.1106243133545
136037,24.7721748352051
136038,23.8022022247314
136039,26.8571662902832
136040,22.85325050354
136041,25.4698734283447
136042,25.3170490264893
136043,25.5242938995361
136044,23.7588596343994
136045,26.2028388977051
136046,22.8620738983154
136047,26.1664772033691
136048,25.6252365112305
136049,25.9301471710205
136050,23.7870750427246
136051,23.9314022064209
136052,23.8328247070312
136053,25.4188823699951
136054,25.4428634643555
136055,25.7458896636963
136056,23.5931797027588
136057,26.6539669036865
136058,25.6281433105469
136059,26.6734390258789
136060,27.2659225463867
136061,26.6427001953125
136062,26.3746585845947
136063,26.4710025787354
136064,29.3682460784912
136065,26.4626560211182
136066,30.4762687683105
136067,24.9335479736328
136068,28.7407970428467
136069,24.7270774841309
136070,29.5430202484131
136071,28.3699722290039
136072,29.3388366699219
136073,33.2708587646484
136074,29.2662334442139
136075,24.6511859893799
136076,31.7144622802734
136077,30.8512954711914
136078,31.3177852630615
136079,31.6017055511475
136080,32.5850219726562
136081,31.8102378845215
136082,36.0502166748047
136083,33.9093627929688
136084,34.6552047729492
136085,32.3431930541992
136086,31.7800674438477
136087,36.9808921813965
136088,38.0164527893066
136089,33.3386344909668
136090,40.4274520874023
136091,37.9849586486816
136092,39.4196090698242
136093,69.172607421875
136094,49.6559219360352
136095,46.4955558776855
136096,49.0396347045898
136097,59.6500701904297
136098,44.6602897644043
136099,42.4261054992676
136100,35.6495018005371
136101,34.863468170166
136102,31.4863452911377
136103,34.0874252319336
136104,37.5769691467285
136105,37.7684097290039
136106,33.2435722351074
136107,32.1850090026855
136108,32.6751937866211
136109,32.5810966491699
136110,31.8005027770996
136111,40.73876953125
136112,30.5250968933105
136113,31.3240737915039
136114,28.1560153961182
136115,29.4453468322754
136116,28.0094604492188
136117,40.644947052002
136118,27.8453502655029
136119,28.4242706298828
136120,29.1821727752686
136121,29.159839630127
136122,28.776704788208
136123,37.2517623901367
136124,25.6506309509277
136125,26.9074649810791
136126,26.5195560455322
136127,27.6849708557129
136128,25.3027667999268
136129,38.9685554504395
136130,29.8321571350098
136131,27.4193649291992
136132,29.3118667602539
136133,29.6242637634277
136134,28.5273475646973
136135,38.7597694396973
136136,30.2449111938477
136137,29.1079769134521
136138,29.3907699584961
136139,29.289945602417
136140,29.8968105316162
136141,34.976863861084
136142,25.105525970459
136143,25.9285926818848
136144,25.955415725708
136145,25.771312713623
136146,25.8459320068359
136147,33.716064453125
136148,26.2194042205811
136149,26.1384315490723
136150,25.6532726287842
136151,25.5279216766357
136152,25.6847629547119
136153,36.2277603149414
136154,26.9227542877197
136155,27.2378520965576
136156,25.9025230407715
136157,25.7736129760742
136158,27.1393299102783
136159,36.9566307067871
136160,39.6105766296387
136161,33.15234375
136162,31.5047245025635
136163,31.3391094207764
136164,37.5759773254395
136165,48.5589981079102
136166,40.3563690185547
136167,34.8782577514648
136168,34.7150955200195
136169,278.150299072266
136170,276.357269287109
136171,28.5659084320068
136172,28.3534450531006
136173,28.8858985900879
136174,26.0193481445312
136175,29.280101776123
136176,28.5331020355225
136177,26.7858428955078
136178,24.9887065887451
136179,24.6737766265869
136180,24.8248291015625
136181,24.9566211700439
136182,25.3066844940186
136183,22.3823051452637
136184,25.9947948455811
136185,25.64186668396
136186,26.0170650482178
136187,25.5985736846924
136188,26.2085781097412
136189,21.1584529876709
136190,26.1867961883545
136191,25.5292186737061
136192,25.9401340484619
136193,25.7853126525879
136194,26.3225879669189
136195,21.5036678314209
136196,26.2573013305664
136197,25.7063541412354
136198,25.6379470825195
136199,25.9376354217529
136200,26.7406826019287
136201,26.1485767364502
136202,27.6253681182861
136203,26.8794898986816
136204,26.9417190551758
136205,27.2592277526855
136206,27.9522743225098
136207,22.8768463134766
136208,27.9613475799561
136209,28.6656646728516
136210,27.0216217041016
136211,30.240047454834
136212,29.8052825927734
136213,24.3472919464111
136214,30.772331237793
136215,32.611385345459
136216,28.2858142852783
136217,31.4687747955322
136218,29.6271095275879
136219,29.4535903930664
136220,38.2962341308594
136221,35.915714263916
136222,34.4424591064453
136223,31.7270832061768
136224,32.3533363342285
136225,33.8959007263184
136226,40.9945831298828
136227,35.1549949645996
136228,38.5329170227051
136229,35.087963104248
136230,38.2145843505859
136231,44.3289070129395
136232,43.0790863037109
136233,36.6221618652344
136234,38.328182220459
136235,41.7913131713867
136236,44.8005142211914
136237,52.2679557800293
136238,54.3344688415527
136239,44.0336303710938
136240,56.949836730957
136241,37.0008544921875
136242,71.8607864379883
136243,47.1911811828613
136244,57.6610946655273
136245,36.1664352416992
136246,49.8666191101074
136247,43.5187492370605
136248,35.2049102783203
136249,46.1000480651855
136250,41.9896621704102
136251,33.8689880371094
136252,40.2335624694824
136253,38.8818321228027
136254,36.485279083252
136255,47.051441192627
136256,29.466760635376
136257,31.9088916778564
136258,32.1342811584473
136259,29.8375244140625
136260,33.1259422302246
136261,42.8922576904297
136262,36.6444969177246
136263,29.9906253814697
136264,35.8814926147461
136265,29.9871158599854
136266,26.2504711151123
136267,42.3619155883789
136268,42.2354850769043
136269,33.6725463867188
136270,28.419849395752
136271,32.0660781860352
136272,35.9773330688477
136273,50.8622398376465
136274,36.6064872741699
136275,32.3641815185547
136276,34.6875343322754
136277,36.7910118103027
136278,32.1929664611816
136279,47.8628387451172
136280,39.4086112976074
136281,33.1633987426758
136282,34.355712890625
136283,36.4628410339355
136284,38.3173637390137
136285,43.9849090576172
136286,29.8853549957275
136287,29.1529178619385
136288,28.84596824646
136289,29.1482753753662
136290,28.9828872680664
136291,43.863826751709
136292,28.4794158935547
136293,29.3004016876221
136294,29.0986022949219
136295,29.5078010559082
136296,28.4388980865479
136297,45.0929374694824
136298,30.7273826599121
136299,29.3199806213379
136300,29.342924118042
136301,34.0501098632812
136302,30.6045513153076
136303,52.9982948303223
136304,38.2451095581055
136305,289.746765136719
136306,304.043304443359
136307,306.376556396484
136308,37.9172782897949
136309,55.9951515197754
136310,35.3717842102051
136311,257.501525878906
136312,36.1678085327148
136313,282.787872314453
136314,273.477935791016
136315,28.359561920166
136316,28.3792877197266
136317,25.6823329925537
136318,25.2551460266113
136319,25.8157997131348
136320,25.8425216674805
136321,27.4171199798584
136322,25.2261505126953
136323,26.3688125610352
136324,26.3081150054932
136325,26.1381511688232
136326,25.2063694000244
136327,26.8789596557617
136328,25.0747489929199
136329,26.4015960693359
136330,27.4603080749512
136331,25.2767715454102
136332,26.0213184356689
136333,25.5265960693359
136334,28.4118995666504
136335,29.4771747589111
136336,26.7773818969727
136337,27.155969619751
136338,26.5551261901855
136339,27.2606792449951
136340,28.5083961486816
136341,28.7946243286133
136342,28.229585647583
136343,26.656213760376
136344,27.8255596160889
136345,28.6765670776367
136346,27.5478229522705
136347,26.9324150085449
136348,26.9450607299805
136349,26.8416118621826
136350,27.7775497436523
136351,27.7625179290771
136352,32.6822929382324
136353,27.2629146575928
136354,30.7603816986084
136355,27.5968990325928
136356,28.0617046356201
136357,27.4687442779541
136358,28.864143371582
136359,28.5526180267334
136360,28.1480770111084
136361,28.6655178070068
136362,29.5741767883301
136363,27.7365188598633
136364,32.2945137023926
136365,30.8489665985107
136366,35.2490921020508
136367,34.5973243713379
136368,32.3519248962402
136369,30.6808319091797
136370,36.3506011962891
136371,34.9122085571289
136372,38.2170829772949
136373,38.3245277404785
136374,34.679027557373
136375,40.010871887207
136376,37.9527015686035
136377,39.3796768188477
136378,42.0008506774902
136379,41.9034385681152
136380,38.9570007324219
136381,57.3931503295898
136382,48.0916900634766
136383,48.4111938476562
136384,42.8425636291504
136385,46.4722023010254
136386,50.4347114562988
136387,42.5152282714844
136388,38.183277130127
136389,32.2845726013184
136390,32.6508178710938
136391,34.3287467956543
136392,36.012279510498
136393,43.8154106140137
136394,31.5181369781494
136395,30.4637031555176
136396,29.9306983947754
136397,32.4706230163574
136398,30.1192474365234
136399,37.5312690734863
136400,22.8635234832764
136401,28.4234066009521
136402,28.6716461181641
136403,28.2002620697021
136404,24.6504974365234
136405,36.7197036743164
136406,22.0822696685791
136407,27.4958190917969
136408,26.6191558837891
136409,26.244327545166
136410,21.353645324707
136411,36.8058166503906
136412,27.9343852996826
136413,27.3206806182861
136414,27.5810413360596
136415,27.4372825622559
136416,26.2420806884766
136417,38.738582611084
136418,24.8404731750488
136419,26.8500804901123
136420,27.5541744232178
136421,27.4950523376465
136422,25.9208221435547
136423,37.089183807373
136424,25.3178482055664
136425,26.8238353729248
136426,27.2285346984863
136427,27.1667881011963
136428,23.4628849029541
136429,37.491340637207
136430,23.4492111206055
136431,38.5787544250488
136432,33.9022331237793
136433,38.6771812438965
136434,24.6646385192871
136435,38.5803718566895
136436,21.6298999786377
136437,25.4630870819092
136438,24.9550800323486
136439,24.9250984191895
136440,23.1259365081787
136441,34.2827644348145
136442,22.4933834075928
136443,25.5331935882568
136444,25.6004085540771
136445,25.6350936889648
136446,23.1548728942871
136447,37.3577575683594
136448,23.6648006439209
136449,25.0681190490723
136450,25.9671459197998
136451,25.9881210327148
136452,24.1001110076904
136453,37.8199691772461
136454,26.7923412322998
136455,26.5998516082764
136456,26.2431697845459
136457,26.6802845001221
136458,25.8004989624023
136459,32.0296173095703
136460,24.9491176605225
136461,25.1066856384277
136462,25.9008026123047
136463,26.0488204956055
136464,24.6545314788818
136465,30.1757507324219
136466,24.0303859710693
136467,24.5352325439453
136468,24.6692142486572
136469,24.6974048614502
136470,23.2168674468994
136471,26.3399505615234
136472,23.2579936981201
136473,24.8101768493652
136474,24.9480285644531
136475,25.0553855895996
136476,22.2851276397705
136477,25.5797519683838
136478,21.7938861846924
136479,24.926685333252
136480,25.3616428375244
136481,25.4559154510498
136482,22.1413898468018
136483,29.7837524414062
136484,23.1683940887451
136485,27.4523773193359
136486,25.41552734375
136487,25.6432476043701
136488,24.1077327728271
136489,29.2593212127686
136490,24.7910842895508
136491,26.3296318054199
136492,25.9929904937744
136493,25.8475914001465
136494,24.9055061340332
136495,25.9712924957275
136496,25.4814949035645
136497,29.3067646026611
136498,29.3702030181885
136499,29.7924919128418
136500,29.635950088501
136501,30.2058620452881
136502,26.3726387023926
136503,28.0063991546631
136504,27.7928104400635
136505,27.7222518920898
136506,26.3985843658447
136507,27.9379386901855
136508,27.5118942260742
136509,29.9333038330078
136510,29.9515609741211
136511,30.1242237091064
136512,23.2526187896729
136513,31.4691562652588
136514,29.3444805145264
136515,33.4607238769531
136516,32.9809455871582
136517,33.1700859069824
136518,28.0604248046875
136519,42.7927894592285
136520,34.9135971069336
136521,31.3864822387695
136522,39.5849533081055
136523,41.0022354125977
136524,28.3676795959473
136525,46.5939064025879
136526,41.3302841186523
136527,35.2847366333008
136528,38.5647468566895
136529,42.5214729309082
136530,38.7501487731934
136531,40.7918281555176
136532,35.8004112243652
136533,32.1295127868652
136534,31.5297203063965
136535,30.997932434082
136536,27.4851856231689
136537,39.1533737182617
136538,24.406494140625
136539,27.0250835418701
136540,26.3048477172852
136541,24.41259765625
136542,23.1785736083984
136543,30.7803173065186
136544,22.1398792266846
136545,23.9395027160645
136546,23.7742443084717
136547,22.0069522857666
136548,21.9414730072021
136549,30.1105346679688
136550,19.1725063323975
136551,23.759033203125
136552,21.9239196777344
136553,20.5507411956787
136554,18.9397392272949
136555,31.1449584960938
136556,21.3045959472656
136557,25.3093338012695
136558,24.7127704620361
136559,23.794921875
136560,19.9194107055664
136561,30.9412231445312
136562,18.93918800354
136563,24.2748374938965
136564,24.2142353057861
136565,24.0682601928711
136566,18.6040058135986
136567,33.5351715087891
136568,21.2375946044922
136569,25.7188358306885
136570,26.0852203369141
136571,25.4731540679932
136572,19.631908416748
136573,30.6623306274414
136574,17.8515701293945
136575,24.8116931915283
136576,24.9432888031006
136577,24.3537311553955
136578,21.6565952301025
136579,31.0009651184082
136580,20.792688369751
136581,24.6585483551025
136582,24.5817756652832
136583,24.5288219451904
136584,22.597038269043
136585,30.8598098754883
136586,22.744779586792
136587,24.9275798797607
136588,24.814079284668
136589,24.7029075622559
136590,22.3772830963135
136591,30.6080169677734
136592,19.1676921844482
136593,24.9082717895508
136594,24.9252986907959
136595,24.7228813171387
136596,26.1179275512695
136597,32.4771308898926
136598,20.5816555023193
136599,25.3870887756348
136600,25.9561176300049
136601,25.2055358886719
136602,24.3330783843994
136603,27.0422878265381
136604,20.9859848022461
136605,25.0312614440918
136606,25.4136714935303
136607,25.297758102417
136608,23.3217506408691
136609,22.6066246032715
136610,23.5145359039307
136611,24.6050071716309
136612,23.4420070648193
136613,23.3505840301514
136614,23.1091060638428
136615,20.9134731292725
136616,24.7059764862061
136617,23.8107509613037
136618,23.7158069610596
136619,23.4305877685547
136620,25.5885772705078
136621,22.4194984436035
136622,21.2020568847656
136623,24.395637512207
136624,24.2989692687988
136625,23.8045024871826
136626,22.9452953338623
136627,23.7799053192139
136628,20.7542953491211
136629,25.5412158966064
136630,25.2720737457275
136631,25.243091583252
136632,22.1983909606934
136633,27.3536071777344
136634,24.3631992340088
136635,27.4255676269531
136636,27.7800884246826
136637,27.8474903106689
136638,23.9003162384033
136639,29.1470890045166
136640,25.5930042266846
136641,29.6742668151855
136642,31.6035079956055
136643,29.7640724182129
136644,25.6256866455078
136645,32.0958938598633
136646,30.2486133575439
136647,29.2106952667236
136648,30.6226329803467
136649,31.1600685119629
136650,29.8857841491699
136651,33.8245429992676
136652,29.7227325439453
136653,34.6725311279297
136654,34.57666015625
136655,33.5693283081055
136656,32.8887977600098
136657,35.9480476379395
136658,37.2261009216309
136659,37.3220176696777
136660,34.6613845825195
136661,37.6095390319824
136662,37.3947219848633
136663,38.9173011779785
136664,40.3645782470703
136665,38.0793190002441
136666,39.022819519043
136667,41.6071014404297
136668,45.3620796203613
136669,46.3773384094238
136670,35.6593818664551
136671,34.7888259887695
136672,43.3614234924316
136673,44.5990371704102
136674,39.9792442321777
136675,37.4640083312988
136676,29.8512935638428
136677,28.8949089050293
136678,25.2703285217285
136679,32.9451866149902
136680,31.6741161346436
136681,31.2821025848389
136682,25.4214477539062
136683,24.3692512512207
136684,23.8909225463867
136685,22.8614025115967
136686,28.2919540405273
136687,30.4097156524658
136688,25.2265701293945
136689,23.4310302734375
136690,22.0327415466309
136691,23.3993186950684
136692,23.9865455627441
136693,31.5596294403076
136694,24.9028549194336
136695,23.2293186187744
136696,21.3220634460449
136697,21.5196075439453
136698,24.0314540863037
136699,29.5016059875488
136700,26.1503086090088
136701,24.7576007843018
136702,23.2220211029053
136703,21.8545475006104
136704,26.1047306060791
136705,30.0388298034668
136706,25.3624668121338
136707,24.6354751586914
136708,24.3080883026123
136709,23.5679512023926
136710,24.7605381011963
136711,32.3195343017578
136712,25.3129711151123
136713,24.6714458465576
136714,24.7754402160645
136715,24.5690250396729
136716,21.9635906219482
136717,29.8449802398682
136718,26.4233169555664
136719,25.3965282440186
136720,24.6927833557129
136721,24.331262588501
136722,22.8900947570801
136723,31.1815776824951
136724,26.3917579650879
136725,25.3966045379639
136726,24.752140045166
136727,24.1737842559814
136728,21.5877628326416
136729,33.8541221618652
136730,29.736722946167
136731,26.5960788726807
136732,26.5197143554688
136733,25.4720230102539
136734,22.6459560394287
136735,33.1217155456543
136736,30.5977191925049
136737,27.1429004669189
136738,26.9085540771484
136739,26.039514541626
136740,25.4796180725098
136741,32.9352645874023
136742,31.7750682830811
136743,28.0476341247559
136744,27.9880886077881
136745,27.8848438262939
136746,27.389289855957
136747,26.1461715698242
136748,29.0291137695312
136749,25.4089870452881
136750,26.332763671875
136751,25.8799953460693
136752,25.9442348480225
136753,25.0052318572998
136754,25.4331874847412
136755,25.1495666503906
136756,24.5346908569336
136757,24.853666305542
136758,24.1513977050781
136759,22.4922008514404
136760,24.6450500488281
136761,25.4790859222412
136762,25.135534286499
136763,25.4132823944092
136764,22.8677711486816
136765,24.8567924499512
136766,25.9833469390869
136767,26.3196926116943
136768,25.713399887085
136769,25.8931579589844
136770,25.7330532073975
136771,28.6752490997314
136772,30.6018524169922
136773,27.4336357116699
136774,29.8041687011719
136775,28.2873973846436
136776,31.2405700683594
136777,28.3546714782715
136778,30.2677345275879
136779,28.2869510650635
136780,31.1598320007324
136781,29.7326984405518
136782,31.6829013824463
136783,30.6435260772705
136784,33.517635345459
136785,28.117073059082
136786,30.9875793457031
136787,27.9837417602539
136788,34.6575813293457
136789,28.9413242340088
136790,34.5991973876953
136791,30.5051536560059
136792,32.813159942627
136793,30.4644298553467
136794,35.0540924072266
136795,31.8338146209717
136796,32.759521484375
136797,31.139310836792
136798,31.0193367004395
136799,30.9940967559814
136800,34.0013618469238
136801,42.8962898254395
136802,33.7457542419434
136803,33.7973365783691
136804,33.7149124145508
136805,33.3535995483398
136806,33.9703521728516
136807,51.0329742431641
136808,41.9067001342773
136809,43.0129852294922
136810,43.3188743591309
136811,41.9965667724609
136812,49.8432846069336
136813,62.8436737060547
136814,50.3330459594727
136815,45.9898147583008
136816,44.8246841430664
136817,52.3754081726074
136818,49.1100158691406
136819,34.1787948608398
136820,26.1999645233154
136821,26.3577632904053
136822,30.5651817321777
136823,31.6251773834229
136824,24.9414653778076
136825,29.9058475494385
136826,21.805103302002
136827,24.3914413452148
136828,18.2921371459961
136829,18.4848651885986
136830,21.5368309020996
136831,30.8206634521484
136832,19.7291145324707
136833,23.3476257324219
136834,15.7718963623047
136835,20.0286426544189
136836,18.7067642211914
136837,30.8306007385254
136838,23.6018142700195
136839,22.7678298950195
136840,18.0718688964844
136841,18.466121673584
136842,17.4729957580566
136843,29.9756145477295
136844,16.6011848449707
136845,23.2544727325439
136846,17.9866142272949
136847,18.3645133972168
136848,15.7933187484741
136849,29.6021289825439
136850,14.9108123779297
136851,22.9994449615479
136852,21.6857357025146
136853,18.586088180542
136854,13.9224433898926
136855,29.9599456787109
136856,17.5672473907471
136857,23.5393848419189
136858,22.3854141235352
136859,18.7070999145508
136860,16.9090213775635
136861,29.5199127197266
136862,21.4010009765625
136863,24.1651973724365
136864,22.9244995117188
136865,19.5682735443115
136866,20.8068656921387
136867,28.8079433441162
136868,18.6645088195801
136869,24.0903720855713
136870,23.4362945556641
136871,21.3510494232178
136872,19.7171192169189
136873,29.3609237670898
136874,18.8123455047607
136875,24.2596988677979
136876,23.6765785217285
136877,21.8781147003174
136878,19.7397003173828
136879,29.5207023620605
136880,22.3275527954102
136881,24.8543281555176
136882,24.7566013336182
136883,22.8555431365967
136884,19.0440864562988
136885,31.8402366638184
136886,24.4423942565918
136887,26.3955821990967
136888,25.7293014526367
136889,24.4279174804688
136890,23.3080196380615
136891,25.980110168457
136892,22.4652156829834
136893,25.1930522918701
136894,23.9382915496826
136895,22.197416305542
136896,23.6373252868652
136897,23.0416564941406
136898,19.4560203552246
136899,22.8608264923096
136900,21.5852565765381
136901,22.0285415649414
136902,23.6643943786621
136903,21.0950336456299
136904,21.707181930542
136905,21.7046127319336
136906,19.7841358184814
136907,20.8964309692383
136908,19.8529071807861
136909,22.3018054962158
136910,25.7049789428711
136911,24.6590423583984
136912,20.2720146179199
136913,21.7076072692871
136914,24.9762096405029
136915,20.9567337036133
136916,25.6137065887451
136917,25.4554138183594
136918,23.5458869934082
136919,24.1533374786377
136920,25.5657558441162
136921,27.2212467193604
136922,28.8059902191162
136923,27.0360202789307
136924,26.1040802001953
136925,26.007152557373
136926,31.7277507781982
136927,28.6388721466064
136928,31.71875
136929,27.72802734375
136930,25.8998603820801
136931,26.4513645172119
136932,33.1059494018555
136933,32.5008087158203
136934,33.7067832946777
136935,29.0539321899414
136936,29.4209461212158
136937,27.7605018615723
136938,34.509693145752
136939,37.3195343017578
136940,31.9031772613525
136941,31.528829574585
136942,30.7645053863525
136943,30.7192096710205
136944,36.9552917480469
136945,40.3882064819336
136946,35.8181533813477
136947,34.5970840454102
136948,34.0196189880371
136949,33.4507598876953
136950,35.4782524108887
136951,246.991714477539
136952,297.105682373047
136953,284.000518798828
136954,292.811248779297
136955,269.186828613281
136956,279.771453857422
136957,327.490356445312
136958,69.2172775268555
136959,49.9144020080566
136960,57.2272071838379
136961,62.6829147338867
136962,121.669357299805
136963,39.2353286743164
136964,32.3461380004883
136965,30.7137222290039
136966,31.9161643981934
136967,27.1754627227783
136968,31.395435333252
136969,50.1653518676758
136970,29.6352977752686
136971,28.187593460083
136972,25.0633983612061
136973,21.4750595092773
136974,27.6848888397217
136975,44.5541954040527
136976,28.1191558837891
136977,28.4838123321533
136978,23.2100620269775
136979,23.054235458374
136980,26.9943428039551
136981,36.5791053771973
136982,27.6393737792969
136983,28.1503505706787
136984,24.7141666412354
136985,22.3833847045898
136986,31.4081954956055
136987,34.037769317627
136988,27.6920223236084
136989,26.4809303283691
136990,19.4801597595215
136991,21.0523357391357
136992,24.8303604125977
136993,35.2630958557129
136994,23.3456077575684
136995,26.3692474365234
136996,24.186767578125
136997,22.8316421508789
136998,21.8667793273926
136999,36.5781364440918
137000,24.0497016906738
137001,27.1823177337646
137002,25.3385219573975
137003,23.7240905761719
137004,23.0072917938232
137005,39.0567588806152
137006,22.0034084320068
137007,26.7747383117676
137008,24.8245258331299
137009,23.7697105407715
137010,22.8482398986816
137011,44.2922325134277
137012,24.1374015808105
137013,27.106086730957
137014,26.1412010192871
137015,23.4589500427246
137016,29.3953723907471
137017,38.6393547058105
137018,34.1496887207031
137019,27.9353523254395
137020,26.7175788879395
137021,24.71728515625
137022,35.2801895141602
137023,35.8319244384766
137024,33.8005485534668
137025,28.7430362701416
137026,28.6548156738281
137027,25.7712879180908
137028,33.6478805541992
137029,41.5424880981445
137030,32.3553237915039
137031,31.7360706329346
137032,28.7432823181152
137033,25.9894771575928
137034,31.2187957763672
137035,49.9316444396973
137036,30.9626998901367
137037,27.101390838623
137038,27.3727855682373
137039,25.3781089782715
137040,32.9249992370605
137041,30.4025135040283
137042,26.2527637481689
137043,24.6031799316406
137044,24.0966625213623
137045,22.8190937042236
137046,29.8418617248535
137047,49.0335159301758
137048,22.0701789855957
137049,26.0663051605225
137050,24.5132427215576
137051,23.1538009643555
137052,22.4788799285889
137053,43.4345779418945
137054,23.6364459991455
137055,27.8031120300293
137056,25.8668403625488
137057,25.6983413696289
137058,23.0448322296143
137059,32.2872276306152
137060,22.7461376190186
137061,27.9553089141846
137062,25.9352970123291
137063,26.3123435974121
137064,23.1179599761963
137065,31.10986328125
137066,23.9654998779297
137067,30.1538276672363
137068,31.0087642669678
137069,31.5167064666748
137070,24.1107521057129
137071,33.8278465270996
137072,24.9552993774414
137073,32.2968559265137
137074,34.3478851318359
137075,34.847469329834
137076,27.5095767974854
137077,36.3310241699219
137078,23.8477725982666
137079,32.244068145752
137080,34.2915229797363
137081,34.5032043457031
137082,24.202766418457
137083,38.9670066833496
137084,26.4136428833008
137085,36.282398223877
137086,35.4012794494629
137087,36.7073554992676
137088,27.3816013336182
137089,40.3442802429199
137090,31.7928810119629
137091,38.0600852966309
137092,27.3911247253418
137093,36.6744003295898
137094,26.802453994751
137095,54.732292175293
137096,35.6925888061523
137097,56.5784912109375
137098,42.535758972168
137099,44.930419921875
137100,35.3290367126465
137101,73.806396484375
137102,41.4206161499023
137103,41.5553588867188
137104,48.7003021240234
137105,44.9514274597168
137106,41.2733497619629
137107,62.9073867797852
137108,48.6683006286621
137109,35.7586288452148
137110,50.1057281494141
137111,45.3900833129883
137112,47.4922485351562
137113,64.4828414916992
137114,42.9776153564453
137115,34.3983993530273
137116,37.4954452514648
137117,44.5354499816895
137118,36.6445045471191
137119,274.284423828125
137120,42.4841003417969
137121,31.4616775512695
137122,34.7056999206543
137123,35.8974876403809
137124,42.5992698669434
137125,248.706802368164
137126,44.8313140869141
137127,39.1725654602051
137128,34.7670249938965
137129,31.384147644043
137130,43.2369346618652
137131,78.8220443725586
137132,35.2380180358887
137133,197.426330566406
137134,35.1803321838379
137135,31.0841655731201
137136,34.0512313842773
137137,59.6884689331055
137138,40.8143539428711
137139,32.2590065002441
137140,33.3095550537109
137141,28.274881362915
137142,40.6811866760254
137143,42.2406806945801
137144,35.8773078918457
137145,28.332181930542
137146,31.2197284698486
137147,29.8932189941406
137148,35.2378730773926
137149,44.330436706543
137150,36.4907875061035
137151,29.3860874176025
137152,31.8814258575439
137153,30.796049118042
137154,32.1539573669434
137155,43.6044692993164
137156,30.9484195709229
137157,27.1276950836182
137158,27.6926498413086
137159,28.5698947906494
137160,31.1716957092285
137161,48.3395843505859
137162,29.1383476257324
137163,27.6975841522217
137164,29.2040824890137
137165,29.8275833129883
137166,30.8503246307373
137167,69.4830703735352
137168,42.1754570007324
137169,39.967586517334
137170,39.6379165649414
137171,40.9871215820312
137172,43.9920654296875
137173,65.6974563598633
137174,38.3275985717773
137175,237.148498535156
137176,255.417358398438
137177,250.282043457031
137178,39.3354187011719
137179,38.2832984924316
137180,29.2970542907715
137181,33.8736686706543
137182,33.6943664550781
137183,35.140438079834
137184,29.5223751068115
137185,27.8128700256348
137186,25.833080291748
137187,26.4107532501221
137188,25.7496471405029
137189,29.467845916748
137190,25.9474124908447
137191,28.0968647003174
137192,25.81689453125
137193,25.5334148406982
137194,28.393461227417
137195,22.2754039764404
137196,25.9946670532227
137197,27.5969543457031
137198,26.982479095459
137199,25.4010620117188
137200,25.4823036193848
137201,24.7905673980713
137202,27.0495910644531
137203,27.5548992156982
137204,27.9850234985352
137205,26.2178630828857
137206,26.2531585693359
137207,30.0755519866943
137208,26.5301284790039
137209,30.0290393829346
137210,30.8095149993896
137211,25.3855972290039
137212,26.1296463012695
137213,26.7380046844482
137214,29.7788677215576
137215,29.4334487915039
137216,37.0134925842285
137217,26.6637859344482
137218,27.5571765899658
137219,26.3915920257568
137220,32.3753204345703
137221,31.9928283691406
137222,32.5509071350098
137223,31.2005519866943
137224,27.7915210723877
137225,33.7821655273438
137226,33.4028053283691
137227,34.0191040039062
137228,43.4677886962891
137229,34.2831344604492
137230,33.4143981933594
137231,35.7645225524902
137232,43.5666046142578
137233,42.3694267272949
137234,50.0532264709473
137235,36.8735313415527
137236,27.9136371612549
137237,38.5321083068848
137238,50.4637832641602
137239,68.5141296386719
137240,78.2297744750977
137241,49.6246070861816
137242,38.7713203430176
137243,51.333324432373
137244,75.2248611450195
137245,102.302947998047
137246,112.58667755127
137247,53.5258674621582
137248,65.757568359375
137249,66.160530090332
137250,97.3041458129883
137251,225.152069091797
137252,272.075256347656
137253,48.6190910339355
137254,47.6448783874512
137255,48.3484954833984
137256,267.146575927734
137257,69.7490234375
137258,53.305362701416
137259,41.5811500549316
137260,46.1780433654785
137261,41.9169082641602
137262,52.1682167053223
137263,63.6359443664551
137264,47.9528656005859
137265,41.197811126709
137266,41.0788459777832
137267,39.1750564575195
137268,47.6369132995605
137269,52.9789619445801
137270,45.3445243835449
137271,199.670623779297
137272,39.6567001342773
137273,38.6691780090332
137274,45.153621673584
137275,57.7552032470703
137276,42.5991477966309
137277,38.3967094421387
137278,37.9157829284668
137279,36.0790596008301
137280,41.2887535095215
137281,47.0132102966309
137282,32.9975547790527
137283,32.2066116333008
137284,28.9876346588135
137285,29.0480518341064
137286,38.3448333740234
137287,43.3026962280273
137288,38.2828750610352
137289,32.0348052978516
137290,31.9462089538574
137291,28.5789756774902
137292,38.1859970092773
137293,44.6238975524902
137294,37.1482734680176
137295,31.609619140625
137296,30.885814666748
137297,28.109260559082
137298,36.9361305236816
137299,43.6619758605957
137300,37.6972618103027
137301,28.3623828887939
137302,27.9502372741699
137303,28.0841617584229
137304,37.7964248657227
137305,43.9550704956055
137306,41.9466285705566
137307,29.6496124267578
137308,28.4774417877197
137309,28.5628051757812
137310,39.7957916259766
137311,41.6355094909668
137312,42.4183120727539
137313,30.1903667449951
137314,28.8188800811768
137315,33.4923820495605
137316,39.6366271972656
137317,40.8913230895996
137318,38.9063606262207
137319,30.9851303100586
137320,32.9348983764648
137321,32.9147567749023
137322,38.9063606262207
137323,27.4295902252197
137324,27.665548324585
137325,25.9818058013916
137326,25.9256038665771
137327,26.6620216369629
137328,27.665548324585
137329,23.2100219726562
137330,23.2950420379639
137331,23.50657081604
137332,23.9431819915771
137333,24.044864654541
137334,23.2697925567627
137335,21.8254833221436
137336,23.5140914916992
137337,23.6588764190674
137338,25.1890239715576
137339,24.8611927032471
137340,23.1359157562256
137341,21.532413482666
137342,23.0871696472168
137343,23.5377006530762
137344,25.1573810577393
137345,25.7138633728027
137346,23.1627540588379
137347,23.3624973297119
137348,24.2602806091309
137349,24.8200969696045
137350,25.8156337738037
137351,25.5088157653809
137352,24.2602806091309
137353,26.169506072998
137354,26.5477066040039
137355,27.2781066894531
137356,26.8233203887939
137357,26.7020263671875
137358,26.5477066040039
137359,28.5349941253662
137360,27.8133506774902
137361,30.5710430145264
137362,26.8500690460205
137363,26.949239730835
137364,28.7374629974365
137365,29.5320510864258
137366,29.7965908050537
137367,29.0492839813232
137368,27.7429180145264
137369,28.2322025299072
137370,30.5437355041504
137371,32.8116149902344
137372,34.5508575439453
137373,35.0588569641113
137374,30.9101142883301
137375,30.3921546936035
137376,34.5358047485352
137377,44.5339469909668
137378,38.8342323303223
137379,40.028564453125
137380,36.2232131958008
137381,35.9101371765137
137382,41.4011344909668
137383,74.7551040649414
137384,54.6872863769531
137385,69.2481307983398
137386,51.2980270385742
137387,42.6949615478516
137388,48.2082290649414
137389,89.0548477172852
137390,108.857231140137
137391,87.4280471801758
137392,55.9447021484375
137393,61.0122604370117
137394,63.1622123718262
137395,54.8577117919922
137396,35.1230926513672
137397,39.6751098632812
137398,35.1615600585938
137399,35.4907379150391
137400,37.9477615356445
137401,49.8829383850098
137402,24.622673034668
137403,28.2288513183594
137404,27.8490715026855
137405,24.1808643341064
137406,24.896411895752
137407,42.524600982666
137408,22.1384868621826
137409,27.3469524383545
137410,22.4971656799316
137411,23.7800273895264
137412,22.2922973632812
137413,35.3814315795898
137414,23.5676536560059
137415,26.0654392242432
137416,24.4114761352539
137417,23.168924331665
137418,21.5105438232422
137419,35.1386375427246
137420,19.8966903686523
137421,25.7580871582031
137422,25.0170001983643
137423,22.5539207458496
137424,18.2634620666504
137425,30.5538463592529
137426,19.1840362548828
137427,24.41868019104
137428,24.1712608337402
137429,24.1132698059082
137430,18.4795246124268
137431,31.2236232757568
137432,20.5157737731934
137433,24.3349685668945
137434,24.707950592041
137435,24.4568634033203
137436,21.3980808258057
137437,34.3468933105469
137438,24.0983028411865
137439,24.8788566589355
137440,25.4557418823242
137441,24.4970550537109
137442,22.3249073028564
137443,35.3123512268066
137444,24.2178020477295
137445,24.9675445556641
137446,25.1975135803223
137447,24.7055797576904
137448,24.0139293670654
137449,34.8789939880371
137450,25.1712379455566
137451,25.3702392578125
137452,25.8463554382324
137453,25.8128089904785
137454,23.7092266082764
137455,35.8181190490723
137456,25.4470081329346
137457,25.0588836669922
137458,25.7403869628906
137459,25.7697372436523
137460,23.9171371459961
137461,36.792896270752
137462,29.5588207244873
137463,27.0160350799561
137464,27.1369724273682
137465,27.0864086151123
137466,28.9130859375
137467,29.9848785400391
137468,24.0980129241943
137469,24.2393665313721
137470,24.0964241027832
137471,23.9145984649658
137472,23.855978012085
137473,23.6383228302002
137474,22.8033542633057
137475,22.9112739562988
137476,24.0713863372803
137477,22.9825973510742
137478,22.5203018188477
137479,23.5179214477539
137480,21.8210887908936
137481,25.0039138793945
137482,24.2666130065918
137483,23.881441116333
137484,21.3998241424561
137485,23.9698371887207
137486,23.0352382659912
137487,23.9605045318604
137488,24.8044967651367
137489,24.4601306915283
137490,22.9925575256348
137491,25.4038467407227
137492,25.2854022979736
137493,26.2450466156006
137494,25.888744354248
137495,26.2498760223389
137496,25.1384983062744
137497,29.1460342407227
137498,27.1222743988037
137499,28.7626972198486
137500,26.9360523223877
137501,27.4848308563232
137502,27.1604785919189
137503,30.3391151428223
137504,29.5014553070068
137505,26.4970779418945
137506,27.0264167785645
137507,30.7527198791504
137508,29.7685031890869
137509,30.308931350708
137510,27.8019256591797
137511,27.4186458587646
137512,27.5120429992676
137513,27.1749496459961
137514,27.9275131225586
137515,31.5792446136475
137516,30.0828323364258
137517,30.9376525878906
137518,30.2897148132324
137519,30.50368309021
137520,30.7087993621826
137521,47.9160652160645
137522,35.9043922424316
137523,34.697078704834
137524,34.2479820251465
137525,34.3733520507812
137526,36.6586685180664
137527,67.5966186523438
137528,44.5619850158691
137529,43.618091583252
137530,43.8330078125
137531,43.1083755493164
137532,44.5223999023438
137533,71.7034454345703
137534,63.2647857666016
137535,40.1427192687988
137536,36.8391532897949
137537,46.0067329406738
137538,58.7354164123535
137539,54.4541130065918
137540,33.8832015991211
137541,34.2226295471191
137542,27.0522918701172
137543,31.1375923156738
137544,34.0616722106934
137545,46.5053749084473
137546,26.6528453826904
137547,29.1996021270752
137548,24.6951637268066
137549,25.0775318145752
137550,26.4734935760498
137551,44.5095634460449
137552,25.3297863006592
137553,28.6538734436035
137554,23.8752288818359
137555,25.378999710083
137556,26.3030452728271
137557,42.9130477905273
137558,25.4477710723877
137559,26.4406566619873
137560,25.6995906829834
137561,24.7206516265869
137562,26.6356410980225
137563,35.1912879943848
137564,23.7379131317139
137565,24.2256412506104
137566,24.5755767822266
137567,23.1182155609131
137568,22.5816516876221
137569,36.8675804138184
137570,25.3209648132324
137571,25.0876865386963
137572,24.9041137695312
137573,24.1916370391846
137574,23.4649353027344
137575,38.1254043579102
137576,26.3577423095703
137577,25.2633686065674
137578,25.3165302276611
137579,25.4443416595459
137580,23.3368377685547
137581,38.252799987793
137582,26.5853023529053
137583,26.0281295776367
137584,25.7578926086426
137585,25.8665809631348
137586,23.782434463501
137587,44.434398651123
137588,28.2014923095703
137589,28.1125144958496
137590,26.7792129516602
137591,27.2483177185059
137592,27.0643482208252
137593,42.3390121459961
137594,28.2130565643311
137595,27.2060108184814
137596,26.9258556365967
137597,26.9537010192871
137598,27.9550743103027
137599,40.8083076477051
137600,28.8753452301025
137601,27.3906955718994
137602,27.4181938171387
137603,26.9225254058838
137604,28.2919425964355
137605,41.2309608459473
137606,32.0372467041016
137607,27.0517044067383
137608,27.9282817840576
137609,27.7877788543701
137610,29.0493392944336
137611,33.1014976501465
137612,24.7304134368896
137613,24.7082386016846
137614,24.8129062652588
137615,24.5904388427734
137616,24.3564682006836
137617,23.143798828125
137618,23.6225242614746
137619,23.2058048248291
137620,22.550048828125
137621,23.0182189941406
137622,23.6301040649414
137623,24.2184429168701
137624,24.4414539337158
137625,23.1329174041748
137626,23.1728496551514
137627,22.8026466369629
137628,24.1724720001221
137629,23.651086807251
137630,24.5094356536865
137631,24.0103435516357
137632,23.785213470459
137633,23.953950881958
137634,23.8500213623047
137635,25.2397575378418
137636,24.4195995330811
137637,24.3260612487793
137638,24.5586318969727
137639,24.213436126709
137640,24.7190551757812
137641,25.6477890014648
137642,24.8221397399902
137643,24.8956298828125
137644,24.8106918334961
137645,24.685417175293
137646,25.1276435852051
137647,27.9025325775146
137648,26.1065311431885
137649,25.9911861419678
137650,25.5120372772217
137651,26.0956535339355
137652,26.0210266113281
137653,28.6239376068115
137654,27.1452083587646
137655,27.2833042144775
137656,27.2574119567871
137657,26.6643867492676
137658,27.1724987030029
137659,29.3217697143555
137660,30.1479110717773
137661,29.7681331634521
137662,29.6970329284668
137663,29.8003387451172
137664,29.9009647369385
137665,37.7499847412109
137666,38.6834754943848
137667,34.8207740783691
137668,34.9507102966309
137669,34.8770523071289
137670,35.1813430786133
137671,60.1484909057617
137672,43.0132942199707
137673,43.961597442627
137674,41.1297454833984
137675,41.4875335693359
137676,45.7782936096191
137677,61.6327743530273
137678,53.7772369384766
137679,43.4926834106445
137680,45.9133033752441
137681,43.3004150390625
137682,44.9043006896973
137683,50.3437843322754
137684,32.9064636230469
137685,30.6391716003418
137686,27.3076782226562
137687,31.6237812042236
137688,33.0862503051758
137689,47.8772048950195
137690,31.2445755004883
137691,32.7495231628418
137692,26.0562858581543
137693,30.6484451293945
137694,31.0093822479248
137695,44.3517456054688
137696,31.4891319274902
137697,31.1404151916504
137698,27.7528553009033
137699,29.0001125335693
137700,29.0557079315186
137701,43.0029678344727
137702,29.284496307373
137703,27.9769439697266
137704,28.0950469970703
137705,26.196310043335
137706,29.9528789520264
137707,42.2783355712891
137708,24.211935043335
137709,25.2271823883057
137710,25.3940773010254
137711,24.9910564422607
137712,24.0623569488525
137713,42.5620231628418
137714,23.7139625549316
137715,25.7797584533691
137716,25.4252986907959
137717,25.0994129180908
137718,23.4599571228027
137719,44.3345184326172
137720,24.7738780975342
137721,25.6711578369141
137722,25.6812648773193
137723,25.6070919036865
137724,23.7458114624023
137725,42.5010871887207
137726,28.5853939056396
137727,26.8568744659424
137728,26.8445682525635
137729,27.2118434906006
137730,25.6027679443359
137731,47.5409622192383
137732,32.629768371582
137733,27.211181640625
137734,29.8693618774414
137735,27.3910121917725
137736,28.6039714813232
137737,44.9502258300781
137738,34.0846252441406
137739,28.3486099243164
137740,30.8056392669678
137741,30.3805332183838
137742,33.6337280273438
137743,45.8598747253418
137744,31.0108909606934
137745,29.4757766723633
137746,32.6549377441406
137747,29.1197700500488
137748,36.9936752319336
137749,46.0056381225586
137750,31.9043674468994
137751,30.1196823120117
137752,29.8720035552979
137753,29.9212627410889
137754,32.3192520141602
137755,35.6843910217285
137756,27.6884422302246
137757,26.788459777832
137758,27.0280303955078
137759,26.53489112854
137760,28.3163623809814
137761,31.1731777191162
137762,25.2007827758789
137763,24.8910655975342
137764,25.1402378082275
137765,25.0934200286865
137766,25.2358684539795
137767,28.0711307525635
137768,25.3969020843506
137769,25.1100234985352
137770,25.2413902282715
137771,28.8839588165283
137772,25.3589572906494
137773,26.6553840637207
137774,24.8413696289062
137775,24.7635612487793
137776,25.0486297607422
137777,24.7627220153809
137778,24.858715057373
137779,27.0694179534912
137780,25.5034923553467
137781,25.323938369751
137782,25.2561550140381
137783,25.4858798980713
137784,25.4727840423584
137785,29.4144115447998
137786,26.3444061279297
137787,26.244083404541
137788,25.9666347503662
137789,26.4557132720947
137790,26.5923862457275
137791,30.2508678436279
137792,27.0243606567383
137793,26.7763042449951
137794,26.5045032501221
137795,26.6855487823486
137796,26.8748378753662
137797,32.1996116638184
137798,28.9400520324707
137799,28.9628562927246
137800,28.8710784912109
137801,28.7208518981934
137802,29.0939025878906
137803,34.9544944763184
137804,32.7850952148438
137805,32.398380279541
137806,31.990894317627
137807,32.9814033508301
137808,32.5568504333496
137809,47.0619430541992
137810,39.1146926879883
137811,39.3659400939941
137812,39.0701789855957
137813,37.1530952453613
137814,38.6294403076172
137815,65.9606170654297
137816,49.2165374755859
137817,48.5452499389648
137818,48.5592880249023
137819,48.057014465332
137820,48.0085258483887
137821,348.890808105469
137822,59.9482421875
137823,57.4619483947754
137824,53.0166130065918
137825,56.1187858581543
137826,58.1009330749512
137827,60.0768547058105
137828,46.240062713623
137829,54.5786552429199
137830,53.8355293273926
137831,47.248420715332
137832,47.047966003418
137833,62.3894004821777
137834,40.2642631530762
137835,43.6215896606445
137836,41.3131942749023
137837,42.1491317749023
137838,46.6016540527344
137839,53.5976219177246
137840,32.003490447998
137841,39.8920974731445
137842,30.7152786254883
137843,35.9948997497559
137844,34.3496513366699
137845,56.7703857421875
137846,34.2001342773438
137847,38.8355751037598
137848,38.950080871582
137849,37.0609283447266
137850,36.4851150512695
137851,231.706207275391
137852,41.3222618103027
137853,233.126815795898
137854,248.060241699219
137855,36.5659484863281
137856,226.833618164062
137857,44.0126113891602
137858,29.4049644470215
137859,29.5633411407471
137860,28.9186305999756
137861,29.1206207275391
137862,27.9825878143311
137863,47.1257476806641
137864,30.6018657684326
137865,29.0106525421143
137866,29.0355472564697
137867,28.8682918548584
137868,28.0187110900879
137869,54.0855598449707
137870,31.4447631835938
137871,33.3247871398926
137872,28.9077816009521
137873,29.0032691955566
137874,31.0358409881592
137875,55.5850486755371
137876,32.1564178466797
137877,31.9887809753418
137878,28.8653869628906
137879,33.3129501342773
137880,32.1103210449219
137881,51.8944969177246
137882,30.7943496704102
137883,28.9121341705322
137884,27.4194583892822
137885,28.4549617767334
137886,30.2443943023682
137887,51.3294677734375
137888,31.3458862304688
137889,29.7136306762695
137890,27.795352935791
137891,28.9711990356445
137892,32.416187286377
137893,53.6957054138184
137894,31.9306316375732
137895,29.6985015869141
137896,28.3604049682617
137897,28.8857135772705
137898,32.5434837341309
137899,52.72412109375
137900,38.0458183288574
137901,35.0127220153809
137902,38.1192855834961
137903,37.9498138427734
137904,38.2048301696777
137905,29.3118019104004
137906,26.1409587860107
137907,25.928524017334
137908,25.3582496643066
137909,25.5711860656738
137910,26.8279094696045
137911,25.1434764862061
137912,25.477954864502
137913,24.9393424987793
137914,24.5152225494385
137915,25.5505695343018
137916,25.438793182373
137917,24.6395568847656
137918,25.336446762085
137919,25.3565940856934
137920,24.679780960083
137921,25.5049285888672
137922,25.2972850799561
137923,27.1615161895752
137924,26.432523727417
137925,27.2405529022217
137926,25.9065017700195
137927,26.0354957580566
137928,26.3337116241455
137929,30.0161285400391
137930,28.0058650970459
137931,27.4221229553223
137932,27.8531818389893
137933,29.0347442626953
137934,27.9780044555664
137935,31.7070446014404
137936,31.8629970550537
137937,27.0931720733643
137938,26.771017074585
137939,26.8369026184082
137940,27.263032913208
137941,34.9667167663574
137942,32.2016754150391
137943,33.6930236816406
137944,27.966438293457
137945,27.8840885162354
137946,28.3352756500244
137947,40.6333503723145
137948,32.7126884460449
137949,38.1242065429688
137950,33.2981491088867
137951,36.6391639709473
137952,34.797607421875
137953,49.5197372436523
137954,38.5684051513672
137955,41.2293891906738
137956,36.9043388366699
137957,36.6982269287109
137958,38.5551071166992
137959,66.1302337646484
137960,45.9601135253906
137961,48.164493560791
137962,45.0210113525391
137963,45.4037666320801
137964,48.4129486083984
137965,92.8559188842773
137966,58.4242973327637
137967,62.1311111450195
137968,63.5183715820312
137969,50.4254913330078
137970,55.7747688293457
137971,74.9398040771484
137972,42.8489265441895
137973,45.829833984375
137974,50.1495933532715
137975,54.2125854492188
137976,47.244010925293
137977,56.0125427246094
137978,32.1747093200684
137979,40.533576965332
137980,33.7267913818359
137981,48.274600982666
137982,34.799259185791
137983,44.9108505249023
137984,26.7701320648193
137985,31.42116355896
137986,30.2446613311768
137987,30.2535629272461
137988,32.2285232543945
137989,43.782901763916
137990,26.9778537750244
137991,28.2566909790039
137992,28.4824333190918
137993,26.5699424743652
137994,26.7712173461914
137995,52.3032875061035
137996,31.9845352172852
137997,28.0085067749023
137998,33.6810188293457
137999,28.2078552246094
138000,28.2972965240479
138001,42.3380012512207
138002,26.3230895996094
138003,27.4395790100098
138004,26.2740173339844
138005,25.5249843597412
138006,25.741771697998
138007,38.7221527099609
138008,24.9312896728516
138009,25.6222991943359
138010,26.1990013122559
138011,26.1358871459961
138012,24.2703399658203
138013,36.8423881530762
138014,26.4749031066895
138015,26.7703037261963
138016,26.1476383209229
138017,26.4773006439209
138018,25.5874919891357
138019,37.3494567871094
138020,26.5586547851562
138021,26.7274284362793
138022,26.374231338501
138023,26.3932857513428
138024,25.7602939605713
138025,42.876407623291
138026,28.682315826416
138027,28.4630489349365
138028,27.4282512664795
138029,27.5794944763184
138030,28.1376247406006
138031,43.9666442871094
138032,30.7029724121094
138033,30.2303943634033
138034,28.7372093200684
138035,32.7886123657227
138036,31.2665615081787
138037,42.2331581115723
138038,31.1353511810303
138039,30.2435531616211
138040,28.9235897064209
138041,31.4917469024658
138042,31.7347774505615
138043,32.6351890563965
138044,26.7782726287842
138045,26.3097362518311
138046,25.885778427124
138047,25.952844619751
138048,26.9756546020508
138049,23.3327484130859
138050,22.7247905731201
138051,23.7614555358887
138052,23.5191211700439
138053,23.4335823059082
138054,23.4694938659668
138055,21.7215614318848
138056,22.5187244415283
138057,22.7083950042725
138058,23.9281044006348
138059,22.8858203887939
138060,22.3438034057617
138061,23.1156349182129
138062,23.557056427002
138063,23.4198818206787
138064,24.6485290527344
138065,23.9862861633301
138066,23.2515277862549
138067,26.4340667724609
138068,26.1641502380371
138069,25.7701168060303
138070,26.396068572998
138071,26.6031150817871
138072,26.1540355682373
138073,28.1599521636963
138074,28.8841457366943
138075,27.420467376709
138076,26.7294826507568
138077,27.9582328796387
138078,29.0393238067627
138079,31.7835998535156
138080,30.8221454620361
138081,28.636173248291
138082,27.6527309417725
138083,27.7370777130127
138084,32.1239280700684
138085,33.461856842041
138086,34.8274040222168
138087,31.1790924072266
138088,32.1397590637207
138089,35.6410751342773
138090,40.9018516540527
138091,36.4449234008789
138092,37.1539421081543
138093,37.1697006225586
138094,33.0571632385254
138095,37.702751159668
138096,37.3275909423828
138097,42.0301895141602
138098,39.5024642944336
138099,39.2548065185547
138100,39.0909423828125
138101,39.3631629943848
138102,39.373966217041
138103,105.165306091309
138104,49.9712677001953
138105,52.2066421508789
138106,49.5427131652832
138107,49.8571166992188
138108,49.7954864501953
138109,522.220275878906
138110,50.2111968994141
138111,56.5427131652832
138112,48.6426239013672
138113,48.8180236816406
138114,51.4384574890137
138115,66.2201309204102
138116,32.1543807983398
138117,46.6456260681152
138118,39.1034317016602
138119,41.6117820739746
138120,30.8143405914307
138121,45.7733345031738
138122,25.2562026977539
138123,34.7872505187988
138124,29.5272827148438
138125,42.0395774841309
138126,25.8897399902344
138127,37.8212280273438
138128,23.5683746337891
138129,30.753210067749
138130,25.6410942077637
138131,25.9172039031982
138132,22.7893009185791
138133,37.9809684753418
138134,22.1170234680176
138135,27.309944152832
138136,28.3904647827148
138137,25.0856685638428
138138,21.8908576965332
138139,40.533447265625
138140,23.4664726257324
138141,26.6713619232178
138142,25.0397911071777
138143,24.0513134002686
138144,22.0303916931152
138145,37.0274085998535
138146,26.2585506439209
138147,28.3657894134521
138148,28.580982208252
138149,25.980489730835
138150,21.8983421325684
138151,32.847339630127
138152,24.2534294128418
138153,24.8803768157959
138154,24.8979244232178
138155,24.2120227813721
138156,23.0893650054932
138157,33.6660079956055
138158,24.6279907226562
138159,25.4755268096924
138160,25.6641979217529
138161,25.0531005859375
138162,22.730785369873
138163,35.7666625976562
138164,26.3045520782471
138165,25.9642753601074
138166,25.8327312469482
138167,26.3533172607422
138168,24.8148365020752
138169,41.7517280578613
138170,26.8943729400635
138171,26.7002029418945
138172,26.0195064544678
138173,26.2322158813477
138174,26.1563186645508
138175,42.3073844909668
138176,29.7111186981201
138177,28.6626453399658
138178,28.4620113372803
138179,28.412036895752
138180,27.555305480957
138181,41.741512298584
138182,29.7395496368408
138183,31.2181758880615
138184,28.5244579315186
138185,31.2253704071045
138186,29.6347465515137
138187,33.1265449523926
138188,27.1596775054932
138189,26.409969329834
138190,25.9555606842041
138191,27.1883296966553
138192,25.4278240203857
138193,23.173282623291
138194,22.6631774902344
138195,23.5767917633057
138196,23.4293003082275
138197,23.3719825744629
138198,22.6959991455078
138199,24.6714687347412
138200,23.013692855835
138201,24.835521697998
138202,24.6011085510254
138203,24.8064765930176
138204,23.0606136322021
138205,24.3044414520264
138206,24.3288097381592
138207,25.1173667907715
138208,24.9774341583252
138209,25.0986175537109
138210,24.3288097381592
138211,27.6325263977051
138212,26.3615837097168
138213,27.5041275024414
138214,27.7343311309814
138215,26.8270072937012
138216,26.3777236938477
138217,30.8120613098145
138218,27.0386581420898
138219,26.944637298584
138220,26.5099353790283
138221,29.6073474884033
138222,27.3180847167969
138223,33.7658767700195
138224,28.6330051422119
138225,28.1542110443115
138226,28.1262264251709
138227,28.5619583129883
138228,28.6677989959717
138229,30.0504398345947
138230,29.1709594726562
138231,29.4439430236816
138232,29.4535140991211
138233,29.3142566680908
138234,29.5208225250244
138235,34.1717987060547
138236,32.4263496398926
138237,32.7504425048828
138238,32.4940795898438
138239,33.1939086914062
138240,32.5710830688477
138241,38.8744316101074
138242,35.3176498413086
138243,36.4977607727051
138244,34.471492767334
138245,36.02294921875
138246,34.5447273254395
138247,49.2375068664551
138248,38.4489555358887
138249,43.9572143554688
138250,43.478515625
138251,43.2390556335449
138252,41.7988433837891
138253,48.7019653320312
138254,40.1079978942871
138255,40.6939888000488
138256,38.5359191894531
138257,44.2623596191406
138258,40.674144744873
138259,44.5289535522461
138260,29.3697643280029
138261,35.7685623168945
138262,33.7653312683105
138263,33.9040031433105
138264,32.2141647338867
138265,40.3396148681641
138266,24.3235855102539
138267,32.355640411377
138268,29.4230308532715
138269,30.8099880218506
138270,25.1079368591309
138271,42.3992691040039
138272,22.7088279724121
138273,30.6482696533203
138274,27.8582134246826
138275,27.5817623138428
138276,22.9113483428955
138277,39.2569541931152
138278,24.061897277832
138279,28.2627906799316
138280,28.501802444458
138281,26.7087211608887
138282,22.983678817749
138283,43.0674629211426
138284,22.4890480041504
138285,27.2267684936523
138286,27.6591548919678
138287,25.5886268615723
138288,21.6369533538818
138289,38.0031661987305
138290,23.8064517974854
138291,26.5215530395508
138292,27.9366645812988
138293,24.8279056549072
138294,21.7942714691162
138295,36.6226348876953
138296,24.5679683685303
138297,24.989372253418
138298,25.1258888244629
138299,25.1613731384277
138300,22.7662105560303
138301,42.4107055664062
138302,25.2381954193115
138303,25.8887214660645
138304,25.1924304962158
138305,25.8551654815674
138306,24.0694561004639
138307,45.9590072631836
138308,25.6997299194336
138309,26.5185489654541
138310,26.032772064209
138311,26.5326690673828
138312,25.4506359100342
138313,49.5208587646484
138314,30.3842601776123
138315,27.6846084594727
138316,30.7814235687256
138317,30.7967128753662
138318,28.8517112731934
138319,49.9121780395508
138320,31.1048450469971
138321,28.6780986785889
138322,33.0802917480469
138323,31.4560260772705
138324,30.6007518768311
138325,213.241180419922
138326,237.308776855469
138327,277.58154296875
138328,306.072387695312
138329,294.118469238281
138330,258.960083007812
138331,48.774227142334
138332,27.3171787261963
138333,26.5092658996582
138334,27.2475242614746
138335,26.5017204284668
138336,27.6373538970947
138337,23.8059520721436
138338,23.6621437072754
138339,23.8303546905518
138340,23.5765171051025
138341,23.6388320922852
138342,23.6726016998291
138343,25.8056240081787
138344,24.4517097473145
138345,26.1565780639648
138346,25.0380744934082
138347,24.7915306091309
138348,24.1884136199951
138349,24.8974361419678
138350,25.1922016143799
138351,25.1012878417969
138352,24.8308887481689
138353,25.1706371307373
138354,25.1546878814697
138355,28.3007965087891
138356,26.4202766418457
138357,25.8017597198486
138358,25.7097969055176
138359,25.9048252105713
138360,26.0965251922607
138361,29.3041362762451
138362,26.8249206542969
138363,25.9927711486816
138364,26.2351875305176
138365,26.0353164672852
138366,26.8804149627686
138367,31.1324596405029
138368,27.8246364593506
138369,27.197437286377
138370,29.4723606109619
138371,30.5387554168701
138372,27.8246364593506
138373,32.3647499084473
138374,29.3813915252686
138375,29.1297435760498
138376,30.2405376434326
138377,29.1659107208252
138378,30.6961250305176
138379,37.1136169433594
138380,35.7904205322266
138381,30.4788017272949
138382,33.1255149841309
138383,31.8190155029297
138384,35.7680015563965
138385,37.6712646484375
138386,32.5156707763672
138387,34.6619491577148
138388,36.1428718566895
138389,36.1315689086914
138390,31.4850063323975
138391,50.8135032653809
138392,36.2277526855469
138393,38.2370681762695
138394,29.7530918121338
138395,29.2683773040771
138396,35.7310104370117
138397,68.4177169799805
138398,38.6142501831055
138399,35.0674362182617
138400,46.5474433898926
138401,44.5577774047852
138402,39.6208038330078
138403,47.5923728942871
138404,26.0387725830078
138405,31.0168075561523
138406,29.6110095977783
138407,27.5827198028564
138408,27.5570411682129
138409,41.7683029174805
138410,23.9475212097168
138411,35.6604270935059
138412,31.2455921173096
138413,29.9953212738037
138414,23.1521377563477
138415,35.3405303955078
138416,21.8309783935547
138417,28.7933177947998
138418,24.9780769348145
138419,25.6576862335205
138420,21.6903057098389
138421,36.874683380127
138422,21.6025314331055
138423,27.4497928619385
138424,25.0943660736084
138425,25.2841892242432
138426,19.5332107543945
138427,30.2219867706299
138428,19.8467445373535
138429,25.1410675048828
138430,25.5510215759277
138431,25.1823043823242
138432,20.4021701812744
138433,30.2393264770508
138434,20.6371803283691
138435,25.9717674255371
138436,25.7615184783936
138437,24.9989433288574
138438,19.5877437591553
138439,28.8762493133545
138440,20.8033313751221
138441,24.3486404418945
138442,24.2332305908203
138443,24.285041809082
138444,19.4404163360596
138445,31.2475833892822
138446,20.6938648223877
138447,24.891487121582
138448,24.8076152801514
138449,24.7961101531982
138450,20.3500347137451
138451,34.1762390136719
138452,22.9651565551758
138453,24.9523220062256
138454,24.6403388977051
138455,24.9152030944824
138456,22.6738147735596
138457,36.4459915161133
138458,23.9468059539795
138459,24.9712352752686
138460,24.7722091674805
138461,25.094596862793
138462,23.5894985198975
138463,38.3363914489746
138464,24.4679698944092
138465,25.1538867950439
138466,25.0479202270508
138467,25.2568321228027
138468,24.1941432952881
138469,39.4670066833496
138470,26.598201751709
138471,26.7614898681641
138472,26.1538257598877
138473,26.6645126342773
138474,26.3559532165527
138475,28.6407985687256
138476,23.7564544677734
138477,23.9513359069824
138478,23.8883113861084
138479,23.9290180206299
138480,23.7177581787109
138481,18.8259906768799
138482,21.0414352416992
138483,22.6963443756104
138484,22.1932525634766
138485,22.2016105651855
138486,19.3756294250488
138487,20.1968955993652
138488,20.5225448608398
138489,22.2301654815674
138490,23.1982479095459
138491,22.5371570587158
138492,20.2220668792725
138493,16.7467956542969
138494,20.9854259490967
138495,23.0280075073242
138496,23.7330951690674
138497,23.691686630249
138498,20.922945022583
138499,14.9110431671143
138500,21.98708152771
138501,23.1519966125488
138502,24.6131782531738
138503,24.3167591094971
138504,22.1284980773926
138505,15.0725536346436
138506,22.8125419616699
138507,24.3522281646729
138508,24.437744140625
138509,25.3227729797363
138510,22.4413414001465
138511,15.2648983001709
138512,21.6174621582031
138513,23.9172973632812
138514,24.9493618011475
138515,25.2168560028076
138516,22.5138626098633
138517,15.0804300308228
138518,20.5112285614014
138519,23.7199821472168
138520,24.588171005249
138521,25.2453155517578
138522,21.4101581573486
138523,15.7982740402222
138524,20.9431858062744
138525,25.6279621124268
138526,24.5300521850586
138527,24.8262062072754
138528,20.96022605896
138529,17.4281616210938
138530,22.8098163604736
138531,29.7837371826172
138532,26.9410305023193
138533,28.8651351928711
138534,22.8902149200439
138535,30.6558971405029
138536,26.4040451049805
138537,39.1954689025879
138538,25.8272190093994
138539,24.522741317749
138540,23.8372802734375
138541,33.2627639770508
138542,26.1968059539795
138543,36.2671394348145
138544,24.3492641448975
138545,26.5590953826904
138546,25.3380241394043
138547,29.864860534668
138548,23.5440788269043
138549,28.4516754150391
138550,23.6610679626465
138551,20.3692073822021
138552,22.897388458252
138553,29.0029735565186
138554,20.5986633300781
138555,25.0060901641846
138556,24.46213722229
138557,20.895809173584
138558,21.7256259918213
138559,28.3624248504639
138560,18.3460159301758
138561,24.8779735565186
138562,23.320442199707
138563,22.4287776947021
138564,19.1768169403076
138565,27.3503341674805
138566,18.1754684448242
138567,24.556812286377
138568,24.402473449707
138569,24.2436904907227
138570,17.2794055938721
138571,28.9611587524414
138572,15.6473016738892
138573,23.9682483673096
138574,22.9647731781006
138575,21.5084457397461
138576,14.3294773101807
138577,26.1329765319824
138578,15.7407598495483
138579,22.9805526733398
138580,23.6162891387939
138581,22.5114860534668
138582,14.4314031600952
138583,26.0678100585938
138584,14.9762363433838
138585,22.9126453399658
138586,23.5641899108887
138587,22.8825340270996
138588,14.4212827682495
138589,26.0408992767334
138590,16.2539939880371
138591,23.2033348083496
138592,23.6307964324951
138593,23.8648891448975
138594,14.6732778549194
138595,25.8052711486816
138596,17.2334613800049
138597,23.8125743865967
138598,23.604471206665
138599,23.9899425506592
138600,15.4434747695923
138601,25.8821868896484
138602,18.3247890472412
138603,23.7039737701416
138604,23.5620059967041
138605,23.9423027038574
138606,18.0364322662354
138607,26.267505645752
138608,18.5998592376709
138609,23.6493549346924
138610,23.3519077301025
138611,23.5750045776367
138612,18.3602409362793
138613,27.6011199951172
138614,18.9709701538086
138615,24.2637805938721
138616,23.9519691467285
138617,23.9519691467285
138618,18.6589584350586
138619,21.0784378051758
138620,17.6001377105713
138621,23.0102386474609
138622,22.8214511871338
138623,22.879545211792
138624,16.9879188537598
138625,13.8594121932983
138626,12.6939716339111
138627,21.0780467987061
138628,21.6149463653564
138629,21.5866355895996
138630,10.6495351791382
138631,13.9230823516846
138632,9.3620433807373
138633,21.2477893829346
138634,22.1908664703369
138635,22.0765838623047
138636,8.64478492736816
138637,13.1610479354858
138638,8.83137989044189
138639,21.793025970459
138640,23.7126636505127
138641,23.7093181610107
138642,8.49534702301025
138643,13.3255701065063
138644,11.839035987854
138645,22.6017112731934
138646,25.9482650756836
138647,25.7262687683105
138648,11.854022026062
138649,19.2804718017578
138650,14.2402019500732
138651,25.191930770874
138652,26.1880531311035
138653,26.2085742950439
138654,13.5493001937866
138655,21.9760303497314
138656,16.2419338226318
138657,25.8114395141602
138658,27.1117477416992
138659,26.358699798584
138660,16.0885372161865
138661,23.4604473114014
138662,16.3612823486328
138663,26.1481018066406
138664,27.1997909545898
138665,26.350191116333
138666,16.9127368927002
138667,24.1401996612549
138668,17.5111331939697
138669,27.3938293457031
138670,26.8720169067383
138671,27.664478302002
138672,17.5111331939697
138673,29.4966888427734
138674,20.9409637451172
138675,32.5724792480469
138676,32.1072654724121
138677,32.1064910888672
138678,20.7738456726074
138679,42.5485610961914
138680,23.7242183685303
138681,37.9644432067871
138682,38.0623397827148
138683,38.1174087524414
138684,23.8760433197021
138685,43.0003890991211
138686,29.9892406463623
138687,44.8059577941895
138688,38.0618782043457
138689,38.5623397827148
138690,30.2587585449219
138691,32.834545135498
138692,22.0093955993652
138693,28.2149295806885
138694,20.9874019622803
138695,28.410961151123
138696,22.1569423675537
138697,32.6788291931152
138698,20.3612232208252
138699,28.1746578216553
138700,20.510217666626
138701,23.8928279876709
138702,20.937047958374
138703,34.6184120178223
138704,19.5447120666504
138705,24.86940574646
138706,21.2553615570068
138707,20.9497680664062
138708,19.3420238494873
138709,33.6600761413574
138710,17.7877178192139
138711,24.4459247589111
138712,24.398458480835
138713,20.0122051239014
138714,17.6611824035645
138715,30.0111865997314
138716,18.1790657043457
138717,24.6727523803711
138718,22.2004795074463
138719,23.0088806152344
138720,16.7013626098633
138721,28.0004539489746
138722,18.2166194915771
138723,23.9856128692627
138724,23.4242000579834
138725,22.2390766143799
138726,16.3982734680176
138727,28.5697975158691
138728,19.3720302581787
138729,24.0151023864746
138730,23.9190635681152
138731,22.4511833190918
138732,17.3807163238525
138733,30.0845241546631
138734,22.0856189727783
138735,24.6418590545654
138736,25.0836963653564
138737,23.6711254119873
138738,19.4938182830811
138739,31.4989528656006
138740,24.1533718109131
138741,24.7487163543701
138742,24.8083553314209
138743,24.1599597930908
138744,21.3742713928223
138745,33.9796295166016
138746,26.0889930725098
138747,25.4674224853516
138748,25.9569034576416
138749,24.9825496673584
138750,24.8206787109375
138751,36.6772270202637
138752,27.5916423797607
138753,25.8405227661133
138754,26.2971115112305
138755,25.7328987121582
138756,27.5541954040527
138757,42.9343681335449
138758,42.2590408325195
138759,34.8153877258301
138760,33.590576171875
138761,34.0421142578125
138762,41.3516578674316
138763,31.7190284729004
138764,26.7790794372559
138765,25.3962936401367
138766,26.2415504455566
138767,26.3912410736084
138768,26.7438488006592
138769,23.5746879577637
138770,24.6057739257812
138771,24.5824813842773
138772,23.7641048431396
138773,23.893138885498
138774,24.6483535766602
138775,24.1499767303467
138776,22.4604549407959
138777,24.6008129119873
138778,24.2706432342529
138779,24.3858852386475
138780,22.2991104125977
138781,23.1226844787598
138782,23.4878215789795
138783,24.8696041107178
138784,25.10378074646
138785,24.4677886962891
138786,23.0494861602783
138787,24.9265384674072
138788,24.8690738677979
138789,25.3472499847412
138790,25.5914611816406
138791,25.2853336334229
138792,24.7184600830078
138793,25.4857387542725
138794,26.5943775177002
138795,25.9306697845459
138796,26.5717182159424
138797,26.4061622619629
138798,26.5320110321045
138799,27.6200580596924
138800,27.0943756103516
138801,26.5675678253174
138802,26.4373683929443
138803,26.4886989593506
138804,27.0200386047363
138805,29.5561714172363
138806,29.6942672729492
138807,30.8759860992432
138808,29.3055591583252
138809,29.230640411377
138810,29.6601943969727
138811,29.8735027313232
138812,31.9826278686523
138813,31.6607666015625
138814,32.2831954956055
138815,34.2225914001465
138816,32.0528717041016
138817,37.0636177062988
138818,39.6938285827637
138819,37.751636505127
138820,45.7785491943359
138821,40.6959609985352
138822,39.5026435852051
138823,63.6831817626953
138824,51.6655235290527
138825,48.357105255127
138826,53.4653244018555
138827,58.9818878173828
138828,41.4991874694824
138829,60.7604637145996
138830,51.3515815734863
138831,42.178409576416
138832,51.1979484558105
138833,47.9026908874512
138834,61.7601737976074
138835,42.7253189086914
138836,36.9919853210449
138837,37.7439460754395
138838,32.7270698547363
138839,33.3217315673828
138840,39.5698165893555
138841,41.0542182922363
138842,32.0988159179688
138843,35.2244873046875
138844,27.1358757019043
138845,27.5481414794922
138846,32.7527160644531
138847,42.2057495117188
138848,28.6207656860352
138849,35.9536247253418
138850,29.7581806182861
138851,25.1358757019043
138852,27.8940010070801
138853,41.9272651672363
138854,28.9599380493164
138855,32.4137954711914
138856,28.1139621734619
138857,26.5666122436523
138858,26.5050716400146
138859,38.144645690918
138860,26.7995338439941
138861,27.561544418335
138862,26.4160919189453
138863,25.123556137085
138864,26.4356670379639
138865,38.0311393737793
138866,29.2554111480713
138867,27.0358581542969
138868,27.5155639648438
138869,26.1047477722168
138870,26.7283325195312
138871,36.1112098693848
138872,27.8015727996826
138873,25.5877552032471
138874,25.616626739502
138875,23.8181648254395
138876,23.7548408508301
138877,37.2709274291992
138878,26.7499294281006
138879,25.8923931121826
138880,26.0765724182129
138881,25.665958404541
138882,24.383731842041
138883,39.4113082885742
138884,23.3737602233887
138885,26.8273735046387
138886,26.2332897186279
138887,26.6968231201172
138888,28.4942035675049
138889,43.8532485961914
138890,25.8992462158203
138891,28.1658821105957
138892,27.5011653900146
138893,28.268856048584
138894,26.6877536773682
138895,44.5296974182129
138896,28.0632762908936
138897,34.9189987182617
138898,34.7644538879395
138899,34.9444618225098
138900,29.299560546875
138901,50.7049140930176
138902,30.260799407959
138903,35.457706451416
138904,35.924186706543
138905,33.6303291320801
138906,31.4399337768555
138907,33.1426124572754
138908,23.9853363037109
138909,31.7641792297363
138910,28.1496524810791
138911,28.0832996368408
138912,22.2959938049316
138913,27.1544227600098
138914,18.8321113586426
138915,24.8403263092041
138916,26.5734539031982
138917,24.7312335968018
138918,19.1811580657959
138919,28.2421283721924
138920,21.155460357666
138921,24.9052619934082
138922,25.5887050628662
138923,24.569694519043
138924,20.8572559356689
138925,29.4588527679443
138926,24.252836227417
138927,25.5379371643066
138928,24.0896072387695
138929,25.4125061035156
138930,24.2021598815918
138931,27.3389320373535
138932,25.211109161377
138933,25.9147052764893
138934,26.2066669464111
138935,26.3330020904541
138936,25.2890796661377
138937,26.6911945343018
138938,26.8329811096191
138939,27.7532272338867
138940,27.7319965362549
138941,28.7240238189697
138942,27.2826671600342
138943,26.271125793457
138944,28.14919090271
138945,28.5493698120117
138946,28.4898052215576
138947,31.8406867980957
138948,28.5029125213623
138949,27.565393447876
138950,29.8651466369629
138951,32.9696044921875
138952,35.5390319824219
138953,30.207592010498
138954,30.038013458252
138955,26.4833202362061
138956,36.2876129150391
138957,32.6152954101562
138958,33.2206878662109
138959,37.5656585693359
138960,32.9511070251465
138961,38.3360939025879
138962,38.7574615478516
138963,40.0039939880371
138964,39.9595069885254
138965,42.3500785827637
138966,38.6905822753906
138967,58.4152297973633
138968,53.0548858642578
138969,104.047714233398
138970,48.5667533874512
138971,57.3833999633789
138972,47.1729698181152
138973,60.8938827514648
138974,55.0302124023438
138975,50.191593170166
138976,34.0377388000488
138977,40.1288261413574
138978,49.0259284973145
138979,59.2135467529297
138980,41.0581321716309
138981,41.1590881347656
138982,32.1793785095215
138983,33.8937873840332
138984,41.1213188171387
138985,47.2494583129883
138986,35.0522003173828
138987,40.821361541748
138988,32.5486793518066
138989,32.6144065856934
138990,36.1250190734863
138991,51.6342926025391
138992,28.3898544311523
138993,36.5399932861328
138994,28.9333972930908
138995,30.9620780944824
138996,32.6670875549316
138997,41.4383087158203
138998,28.1617908477783
138999,30.4570236206055
139000,29.2840404510498
139001,31.4074649810791
139002,29.0584506988525
139003,44.4235496520996
139004,27.9584369659424
139005,34.2760047912598
139006,29.4464244842529
139007,30.0932312011719
139008,27.7427501678467
139009,46.5524826049805
139010,25.1557331085205
139011,33.012809753418
139012,30.0151996612549
139013,33.2458572387695
139014,24.640962600708
139015,57.7674407958984
139016,28.3670463562012
139017,34.8616790771484
139018,36.4743995666504
139019,35.4292335510254
139020,27.2043704986572
139021,48.0198059082031
139022,26.4417343139648
139023,29.2362518310547
139024,28.528226852417
139025,28.5704040527344
139026,26.1864356994629
139027,48.7060661315918
139028,26.3423652648926
139029,29.2546844482422
139030,29.0016956329346
139031,29.2841358184814
139032,26.2960109710693
139033,43.7287559509277
139034,26.227897644043
139035,29.373405456543
139036,27.5777969360352
139037,28.5272521972656
139038,25.8803386688232
139039,49.3171615600586
139040,33.1059074401855
139041,37.9491004943848
139042,37.5586853027344
139043,36.6144638061523
139044,32.9154357910156
139045,46.5906829833984
139046,37.6401290893555
139047,36.101245880127
139048,36.0620193481445
139049,36.1335716247559
139050,35.936580657959
139051,34.2218475341797
139052,29.6936740875244
139053,31.5885143280029
139054,28.2977466583252
139055,28.3311939239502
139056,30.2299327850342
139057,29.4450550079346
139058,25.9240074157715
139059,25.6009063720703
139060,26.5659694671631
139061,26.9255657196045
139062,25.6855754852295
139063,28.1573009490967
139064,25.7992858886719
139065,25.5446033477783
139066,24.6423492431641
139067,25.9981575012207
139068,25.5230255126953
139069,26.8617153167725
139070,26.3286247253418
139071,25.6454219818115
139072,25.8160953521729
139073,26.6947154998779
139074,26.3526992797852
139075,29.608268737793
139076,26.6850528717041
139077,27.7618961334229
139078,25.896785736084
139079,25.4749450683594
139080,26.8766307830811
139081,27.5464038848877
139082,27.2925548553467
139083,26.4742164611816
139084,28.7554454803467
139085,26.0229682922363
139086,26.6325588226318
139087,31.5052604675293
139088,31.7933597564697
139089,28.2637996673584
139090,32.4525451660156
139091,30.6910037994385
139092,29.4040775299072
139093,35.8425483703613
139094,31.2170143127441
139095,31.6308059692383
139096,29.344202041626
139097,29.2649765014648
139098,29.9044036865234
139099,34.2895088195801
139100,34.8575630187988
139101,38.7146224975586
139102,29.4253749847412
139103,30.6970195770264
139104,35.5813674926758
139105,39.4626655578613
139106,39.5093460083008
139107,39.8533821105957
139108,28.9435443878174
139109,28.737154006958
139110,40.5458984375
139111,60.1197395324707
139112,57.6050872802734
139113,49.6713600158691
139114,50.1436195373535
139115,45.4262924194336
139116,59.7461128234863
139117,65.7598876953125
139118,62.4354286193848
139119,66.4753265380859
139120,47.1539764404297
139121,53.4940376281738
139122,63.0028305053711
139123,50.7521858215332
139124,48.1818923950195
139125,42.4506378173828
139126,44.124080657959
139127,44.7711563110352
139128,45.717601776123
139129,41.9657211303711
139130,48.8229179382324
139131,36.8643989562988
139132,36.2311477661133
139133,37.051628112793
139134,38.9237327575684
139135,39.6904640197754
139136,43.8860969543457
139137,36.7231178283691
139138,32.4554595947266
139139,37.7605667114258
139140,44.3352279663086
139141,39.7147483825684
139142,35.9821662902832
139143,33.0465354919434
139144,30.0403156280518
139145,35.8217010498047
139146,36.7124557495117
139147,42.6322288513184
139148,34.2864799499512
139149,33.2551689147949
139150,34.7335510253906
139151,34.0390243530273
139152,34.2864799499512
139153,41.4662399291992
139154,29.6044692993164
139155,31.9304809570312
139156,31.6168422698975
139157,33.0723533630371
139158,30.4556407928467
139159,50.062427520752
139160,32.6828880310059
139161,37.6130905151367
139162,37.7408218383789
139163,34.2664985656738
139164,32.6620597839355
139165,38.2535400390625
139166,27.1054344177246
139167,26.7688388824463
139168,26.1957015991211
139169,26.1957015991211
139170,26.3571109771729
139171,41.0639343261719
139172,26.9772109985352
139173,26.2157955169678
139174,26.2358112335205
139175,26.2902965545654
139176,26.318811416626
139177,47.2241096496582
139178,30.6950798034668
139179,29.0039081573486
139180,28.2573261260986
139181,28.30837059021
139182,30.3946304321289
139183,58.0406913757324
139184,37.8919334411621
139185,34.8565139770508
139186,34.9074516296387
139187,34.2410469055176
139188,37.6622467041016
139189,57.283203125
139190,39.8326721191406
139191,34.6035308837891
139192,35.8180122375488
139193,35.821704864502
139194,39.6774139404297
139195,40.1920127868652
139196,33.0574264526367
139197,25.8977279663086
139198,27.3399848937988
139199,27.3832740783691
139200,33.4677352905273
139201,23.8633575439453
139202,24.4607467651367
139203,22.8210716247559
139204,24.6560440063477
139205,24.4411544799805
139206,24.4367084503174
139207,24.1817779541016
139208,24.3885326385498
139209,23.8116111755371
139210,24.5181083679199
139211,24.5943431854248
139212,24.0888290405273
139213,24.5114116668701
139214,24.9295291900635
139215,24.9070301055908
139216,24.5532169342041
139217,24.9779949188232
139218,24.9519443511963
139219,25.5073909759521
139220,26.3084678649902
139221,24.7369651794434
139222,25.847864151001
139223,26.4418773651123
139224,26.0952186584473
139225,28.6276245117188
139226,26.3210315704346
139227,24.7596588134766
139228,25.76145362854
139229,26.7080860137939
139230,26.3536949157715
139231,29.0867786407471
139232,26.6372680664062
139233,24.6558990478516
139234,25.9384479522705
139235,26.0270709991455
139236,26.5439949035645
139237,27.1654624938965
139238,26.965482711792
139239,25.0989151000977
139240,26.8284816741943
139241,26.8658180236816
139242,26.965482711792
139243,28.8135375976562
139244,29.396203994751
139245,27.9430274963379
139246,26.1394023895264
139247,28.8887557983398
139248,29.1524868011475
139249,35.2481651306152
139250,38.5403022766113
139251,31.1615333557129
139252,31.9532279968262
139253,34.3652381896973
139254,35.2381019592285
139255,48.0867156982422
139256,44.2901344299316
139257,40.5454483032227
139258,45.9846839904785
139259,51.3115577697754
139260,44.2063865661621
139261,50.4536323547363
139262,47.4472427368164
139263,47.148681640625
139264,52.019458770752
139265,51.0077362060547
139266,47.3647232055664
139267,46.3093948364258
139268,36.4859237670898
139269,45.8125762939453
139270,34.8308639526367
139271,33.6553535461426
139272,36.7346496582031
139273,46.7796783447266
139274,32.6160163879395
139275,34.2397384643555
139276,30.5243110656738
139277,31.1237277984619
139278,35.8245658874512
139279,45.5042572021484
139280,30.7295207977295
139281,31.7543125152588
139282,30.1973628997803
139283,28.7292861938477
139284,32.2695350646973
139285,41.3326187133789
139286,25.886833190918
139287,32.5215682983398
139288,28.3246269226074
139289,26.3874492645264
139290,25.4684906005859
139291,46.4212989807129
139292,25.7828598022461
139293,30.1925029754639
139294,28.2533226013184
139295,28.2341117858887
139296,23.4902324676514
139297,40.0537261962891
139298,27.1278419494629
139299,29.9092960357666
139300,29.2769584655762
139301,29.8696193695068
139302,24.4333248138428
139303,37.6712493896484
139304,24.7833118438721
139305,25.3947010040283
139306,25.6743278503418
139307,25.3681621551514
139308,23.8671970367432
139309,34.826286315918
139310,25.3342094421387
139311,25.386905670166
139312,25.3504886627197
139313,25.3504886627197
139314,24.6854343414307
139315,34.1340522766113
139316,26.0495338439941
139317,26.0985927581787
139318,26.0678539276123
139319,26.2014427185059
139320,25.1153354644775
139321,34.8008460998535
139322,26.0047264099121
139323,26.092601776123
139324,26.4979686737061
139325,26.2143802642822
139326,25.9208431243896
139327,34.8481903076172
139328,26.5659980773926
139329,26.2154598236084
139330,26.2058448791504
139331,26.1313438415527
139332,26.2311477661133
139333,44.8982467651367
139334,36.5898399353027
139335,31.6824588775635
139336,32.5454483032227
139337,33.5514602661133
139338,34.7246208190918
139339,31.7599315643311
139340,28.0050849914551
139341,25.6217403411865
139342,26.3112926483154
139343,30.4272556304932
139344,26.2010116577148
139345,23.2629203796387
139346,23.6141662597656
139347,23.2566623687744
139348,23.4848232269287
139349,23.6690216064453
139350,23.1938629150391
139351,23.7393989562988
139352,22.487003326416
139353,23.5407810211182
139354,23.6813697814941
139355,24.6439380645752
139356,22.2413005828857
139357,23.5415229797363
139358,22.9057083129883
139359,24.3249378204346
139360,23.8047657012939
139361,24.180871963501
139362,22.6485576629639
139363,25.2771263122559
139364,25.0020160675049
139365,24.8101768493652
139366,24.9783840179443
139367,25.5127487182617
139368,25.0728645324707
139369,25.0113430023193
139370,25.6350898742676
139371,25.3592205047607
139372,25.319185256958
139373,26.8696002960205
139374,25.8061389923096
139375,26.3332424163818
139376,26.6067943572998
139377,26.2088890075684
139378,26.1092586517334
139379,26.4204750061035
139380,26.2398662567139
139381,27.2171611785889
139382,27.4763870239258
139383,27.1506423950195
139384,27.2755298614502
139385,31.3102111816406
139386,28.0549468994141
139387,28.7085647583008
139388,30.1730403900146
139389,29.9662418365479
139390,29.4134082794189
139391,32.6409645080566
139392,30.2423629760742
139393,36.2467575073242
139394,36.1161651611328
139395,36.379940032959
139396,36.793212890625
139397,25.0678176879883
139398,36.2765769958496
139399,61.7096099853516
139400,48.9130706787109
139401,52.7795486450195
139402,46.7344779968262
139403,35.3317604064941
139404,48.766185760498
139405,64.7217102050781
139406,52.5366439819336
139407,57.4793319702148
139408,260.937683105469
139409,300.715087890625
139410,50.7246131896973
139411,49.4474601745605
139412,35.3905982971191
139413,46.0191802978516
139414,36.5754165649414
139415,43.1669692993164
139416,34.3654861450195
139417,58.8035316467285
139418,28.5819759368896
139419,34.8964958190918
139420,34.3705177307129
139421,33.6660537719727
139422,31.6892509460449
139423,46.8757171630859
139424,31.0521793365479
139425,36.3490371704102
139426,31.639497756958
139427,31.2371883392334
139428,31.9387893676758
139429,49.2626113891602
139430,27.7920761108398
139431,29.1972312927246
139432,31.7862586975098
139433,28.3482933044434
139434,26.5428066253662
139435,55.2600135803223
139436,26.0770931243896
139437,33.5693740844727
139438,29.0066051483154
139439,32.3655471801758
139440,25.8200378417969
139441,38.451000213623
139442,23.2160091400146
139443,26.8574371337891
139444,27.6732730865479
139445,27.8305492401123
139446,22.9756526947021
139447,38.390193939209
139448,23.6985950469971
139449,26.4374561309814
139450,27.5953941345215
139451,25.3244667053223
139452,22.2274742126465
139453,42.6853828430176
139454,23.7178916931152
139455,26.4237079620361
139456,25.5463275909424
139457,26.1884059906006
139458,23.7026615142822
139459,41.9233627319336
139460,26.1428985595703
139461,26.5543785095215
139462,29.0861434936523
139463,26.2244205474854
139464,24.1439380645752
139465,40.9996681213379
139466,26.4817733764648
139467,26.6016387939453
139468,27.8817005157471
139469,26.2498683929443
139470,25.0556507110596
139471,39.036808013916
139472,26.8636360168457
139473,26.5498027801514
139474,27.5689220428467
139475,26.3942050933838
139476,25.220531463623
139477,42.4053001403809
139478,27.5146636962891
139479,27.8628406524658
139480,29.7792549133301
139481,27.8086471557617
139482,26.8092784881592
139483,29.890417098999
139484,25.1370410919189
139485,24.8680305480957
139486,26.6060199737549
139487,24.555046081543
139488,24.6961803436279
139489,22.9804935455322
139490,22.5423431396484
139491,23.570951461792
139492,23.7520847320557
139493,23.5674304962158
139494,21.4071445465088
139495,22.1156520843506
139496,21.1322174072266
139497,23.5666122436523
139498,23.6400318145752
139499,23.7331981658936
139500,20.7579174041748
139501,18.6537399291992
139502,22.2044315338135
139503,23.0656185150146
139504,24.7385921478271
139505,24.6757431030273
139506,21.5521831512451
139507,19.4432468414307
139508,22.7586078643799
139509,23.4037971496582
139510,25.080997467041
139511,24.1917781829834
139512,22.6476745605469
139513,17.81422996521
139514,22.9573364257812
139515,23.5356979370117
139516,25.0761642456055
139517,25.7006092071533
139518,23.0445938110352
139519,17.6768951416016
139520,22.8317222595215
139521,24.6676902770996
139522,26.0734214782715
139523,25.5640449523926
139524,23.3777084350586
139525,16.9644775390625
139526,21.6241054534912
139527,24.4708919525146
139528,25.1176853179932
139529,24.6352844238281
139530,20.8354721069336
139531,17.8670196533203
139532,21.1256942749023
139533,26.2742309570312
139534,26.2514839172363
139535,26.1803722381592
139536,21.2407703399658
139537,23.0049343109131
139538,26.0946197509766
139539,32.7479057312012
139540,31.4123592376709
139541,31.6414432525635
139542,23.5730876922607
139543,41.8106346130371
139544,28.477876663208
139545,42.5389595031738
139546,39.9380989074707
139547,40.0311546325684
139548,30.2009162902832
139549,41.0185966491699
139550,29.879322052002
139551,48.7355537414551
139552,45.1246376037598
139553,45.4696083068848
139554,33.9821166992188
139555,32.6217269897461
139556,23.7957801818848
139557,27.758321762085
139558,37.047004699707
139559,37.0236282348633
139560,23.097225189209
139561,30.0331192016602
139562,21.2858753204346
139563,24.1318340301514
139564,31.3125534057617
139565,25.8570613861084
139566,20.4842948913574
139567,27.6552867889404
139568,19.6996040344238
139569,23.8263969421387
139570,22.2610645294189
139571,22.631031036377
139572,19.4422817230225
139573,26.3142166137695
139574,18.2188320159912
139575,23.2142200469971
139576,22.0106868743896
139577,21.9333820343018
139578,17.4119987487793
139579,25.5665740966797
139580,15.3866119384766
139581,21.4005088806152
139582,23.2464828491211
139583,19.8385925292969
139584,14.6960430145264
139585,24.6471347808838
139586,15.0348882675171
139587,21.6054935455322
139588,22.8901882171631
139589,16.9929428100586
139590,15.5751209259033
139591,24.520751953125
139592,14.1736841201782
139593,21.4627647399902
139594,22.9977836608887
139595,20.1924018859863
139596,14.1311502456665
139597,25.217716217041
139598,15.9588298797607
139599,21.9149017333984
139600,23.1678619384766
139601,21.8994750976562
139602,15.5340452194214
139603,24.9789867401123
139604,16.7679824829102
139605,22.3388805389404
139606,23.125150680542
139607,22.2725582122803
139608,17.5946445465088
139609,24.8121471405029
139610,16.7829284667969
139611,22.5851821899414
139612,23.1894588470459
139613,22.3374938964844
139614,17.6121559143066
139615,25.0604515075684
139616,19.376615524292
139617,22.9269580841064
139618,23.4500312805176
139619,22.7024154663086
139620,20.0578956604004
139621,25.8538608551025
139622,20.8743629455566
139623,23.4013385772705
139624,23.8535137176514
139625,22.9530010223389
139626,22.0001449584961
139627,18.4346294403076
139628,22.3851871490479
139629,21.9919013977051
139630,22.2416477203369
139631,21.2403411865234
139632,21.7540092468262
139633,14.7387647628784
139634,19.2664070129395
139635,19.2011680603027
139636,18.9079723358154
139637,17.9347610473633
139638,17.7316646575928
139639,11.9796142578125
139640,13.1206617355347
139641,19.1691074371338
139642,19.0950527191162
139643,17.7439975738525
139644,13.5657644271851
139645,12.2280445098877
139646,9.72454929351807
139647,19.0130462646484
139648,20.1800918579102
139649,18.4778079986572
139650,9.64552974700928
139651,14.6870307922363
139652,11.7970132827759
139653,20.3347225189209
139654,21.4931983947754
139655,21.2244701385498
139656,11.6997938156128
139657,17.7586879730225
139658,15.7912321090698
139659,21.6397533416748
139660,22.7560710906982
139661,22.2527027130127
139662,15.8173723220825
139663,20.4701175689697
139664,18.9385261535645
139665,22.5553073883057
139666,23.396556854248
139667,22.8411598205566
139668,17.8970699310303
139669,23.2448139190674
139670,19.4151992797852
139671,23.2407531738281
139672,24.2116508483887
139673,23.3396530151367
139674,18.978364944458
139675,22.9603633880615
139676,21.383487701416
139677,24.4571495056152
139678,24.7446403503418
139679,25.0871868133545
139680,20.461088180542
139681,46.3267974853516
139682,28.3805408477783
139683,29.0882415771484
139684,31.2839012145996
139685,30.7079429626465
139686,26.0186138153076
139687,241.175415039062
139688,50.410758972168
139689,33.2061462402344
139690,38.2828598022461
139691,37.3730697631836
139692,43.7012710571289
139693,64.0250473022461
139694,46.4388542175293
139695,28.7866840362549
139696,35.2581176757812
139697,34.2948684692383
139698,32.6981048583984
139699,62.2074851989746
139700,35.4681587219238
139701,25.043529510498
139702,32.7003479003906
139703,29.6842079162598
139704,28.2738857269287
139705,49.5858573913574
139706,30.1795310974121
139707,24.1889781951904
139708,25.8661880493164
139709,26.2143592834473
139710,30.6842575073242
139711,39.4842376708984
139712,26.9544372558594
139713,23.0291519165039
139714,24.5724296569824
139715,21.8221321105957
139716,31.325496673584
139717,35.2660980224609
139718,26.3945941925049
139719,22.2914695739746
139720,20.6822986602783
139721,19.3621253967285
139722,26.8096370697021
139723,30.7743835449219
139724,18.8541603088379
139725,22.1265068054199
139726,22.0637741088867
139727,18.8650779724121
139728,17.583667755127
139729,29.2583560943604
139730,17.0674877166748
139731,22.8784027099609
139732,22.4869232177734
139733,18.8200702667236
139734,18.7989482879639
139735,29.9465656280518
139736,16.3290901184082
139737,22.8415622711182
139738,23.300121307373
139739,21.0684337615967
139740,18.1145896911621
139741,37.0226860046387
139742,17.993766784668
139743,23.1745529174805
139744,24.0803699493408
139745,22.1896629333496
139746,23.0275096893311
139747,35.1624641418457
139748,20.4168243408203
139749,24.0397338867188
139750,24.263858795166
139751,21.5274906158447
139752,21.849588394165
139753,35.1669273376465
139754,23.156587600708
139755,25.273796081543
139756,25.3945789337158
139757,23.27512550354
139758,23.4419250488281
139759,37.3660926818848
139760,25.3804340362549
139761,25.7873420715332
139762,25.6443061828613
139763,24.9833545684814
139764,27.8486785888672
139765,36.3856925964355
139766,28.9415111541748
139767,26.636812210083
139768,26.4858112335205
139769,26.1087226867676
139770,30.4129085540771
139771,32.6799736022949
139772,27.76393699646
139773,26.7891063690186
139774,27.2904796600342
139775,27.2067279815674
139776,29.2288303375244
139777,24.0219058990479
139778,24.8420543670654
139779,24.1883010864258
139780,23.9854297637939
139781,23.5883140563965
139782,24.8215637207031
139783,23.5824527740479
139784,24.2887763977051
139785,25.7564105987549
139786,23.4285278320312
139787,22.8821830749512
139788,24.4536170959473
139789,30.2825927734375
139790,24.8379459381104
139791,24.7475547790527
139792,24.0201873779297
139793,23.1070938110352
139794,26.5280456542969
139795,33.7005157470703
139796,25.6569595336914
139797,25.385871887207
139798,24.7574481964111
139799,24.4036235809326
139800,25.2839088439941
139801,38.4074020385742
139802,28.6202850341797
139803,25.8754425048828
139804,25.6704158782959
139805,25.7982368469238
139806,28.2248630523682
139807,33.043571472168
139808,31.324197769165
139809,26.5894508361816
139810,26.1664791107178
139811,25.7013740539551
139812,31.1855182647705
139813,33.978874206543
139814,36.094066619873
139815,26.8931217193604
139816,26.5692310333252
139817,25.427074432373
139818,29.9950981140137
139819,36.3785820007324
139820,29.5219249725342
139821,28.7902355194092
139822,28.5395050048828
139823,27.7241535186768
139824,29.9001522064209
139825,45.267162322998
139826,38.617805480957
139827,26.5269184112549
139828,32.4517059326172
139829,33.5879211425781
139830,34.8429794311523
139831,48.071849822998
139832,46.5065383911133
139833,40.2064018249512
139834,39.9185371398926
139835,39.5170516967773
139836,47.1901512145996
139837,46.1105918884277
139838,337.299896240234
139839,36.3574638366699
139840,39.5785140991211
139841,50.624683380127
139842,60.9524459838867
139843,38.2050132751465
139844,36.7787704467773
139845,33.2439613342285
139846,33.6409912109375
139847,29.2887535095215
139848,37.5240440368652
139849,36.7402305603027
139850,34.8140182495117
139851,26.8403434753418
139852,28.4224128723145
139853,22.3018264770508
139854,30.8018951416016
139855,31.2074337005615
139856,28.7841873168945
139857,24.3274002075195
139858,24.9411964416504
139859,19.3259124755859
139860,31.8136596679688
139861,29.806526184082
139862,26.5612697601318
139863,23.9473056793213
139864,23.2726135253906
139865,22.5081100463867
139866,26.423620223999
139867,28.5864162445068
139868,24.0272827148438
139869,22.7331275939941
139870,23.6551475524902
139871,19.6380825042725
139872,19.8254432678223
139873,27.2759037017822
139874,22.179895401001
139875,23.8744449615479
139876,24.5381965637207
139877,23.3885250091553
139878,19.7647037506104
139879,28.1609706878662
139880,23.2639293670654
139881,23.9863452911377
139882,24.4669742584229
139883,23.5293502807617
139884,20.5767040252686
139885,30.4067363739014
139886,24.5188732147217
139887,24.5628108978271
139888,24.7426147460938
139889,24.4211311340332
139890,20.8481121063232
139891,30.8707904815674
139892,24.9594249725342
139893,25.2388954162598
139894,25.0167751312256
139895,24.7866058349609
139896,21.6011409759521
139897,31.8389835357666
139898,25.9711074829102
139899,25.8619403839111
139900,25.4767055511475
139901,25.4467239379883
139902,23.7634792327881
139903,31.8458633422852
139904,26.1307125091553
139905,26.2891330718994
139906,25.8303070068359
139907,26.2095508575439
139908,25.2636413574219
139909,32.3135032653809
139910,27.2878036499023
139911,27.7485084533691
139912,27.4155902862549
139913,27.9610061645508
139914,26.8119049072266
139915,27.9374465942383
139916,28.091588973999
139917,25.5650291442871
139918,28.6312828063965
139919,26.994945526123
139920,26.2012958526611
139921,21.5440635681152
139922,23.4213485717773
139923,23.7253150939941
139924,23.9167881011963
139925,24.4046077728271
139926,23.1091423034668
139927,19.2772159576416
139928,21.9133701324463
139929,22.6656455993652
139930,24.4112567901611
139931,24.5042591094971
139932,22.0624752044678
139933,18.6780643463135
139934,22.0958805084229
139935,23.1421985626221
139936,24.7460708618164
139937,24.7613925933838
139938,22.406810760498
139939,17.7566795349121
139940,23.2665615081787
139941,24.2888946533203
139942,24.9674549102783
139943,24.4988861083984
139944,23.3456535339355
139945,17.6036109924316
139946,23.4978923797607
139947,25.0571956634521
139948,25.7334079742432
139949,26.2955589294434
139950,23.851167678833
139951,17.5717658996582
139952,25.0452117919922
139953,25.7056789398193
139954,28.5060234069824
139955,26.2452259063721
139956,25.1385726928711
139957,18.2696495056152
139958,26.2034225463867
139959,26.4246768951416
139960,27.5541191101074
139961,26.8481750488281
139962,26.1622676849365
139963,18.4137096405029
139964,27.2725315093994
139965,28.5475616455078
139966,28.5761814117432
139967,28.4122791290283
139968,27.3411655426025
139969,23.5946636199951
139970,31.4601268768311
139971,34.0834617614746
139972,37.2208251953125
139973,33.5309677124023
139974,32.6267585754395
139975,47.8826103210449
139976,44.5897789001465
139977,46.7689971923828
139978,51.0141220092773
139979,46.7904930114746
139980,44.5897789001465
139981,46.2485389709473
139982,41.2204666137695
139983,45.3724937438965
139984,48.5650215148926
139985,36.212345123291
139986,41.0328826904297
139987,41.981258392334
139988,38.6490631103516
139989,32.7129211425781
139990,35.3647346496582
139991,31.5673923492432
139992,35.8848190307617
139993,38.6781234741211
139994,27.7278518676758
139995,31.7536659240723
139996,30.6811046600342
139997,30.608907699585
139998,30.6543884277344
139999,36.8921966552734
140000,23.622615814209
140001,27.4483165740967
140002,26.9768943786621
140003,26.8356189727783
140004,23.6876182556152
140005,36.1074485778809
140006,22.541296005249
140007,26.3823738098145
140008,24.9216747283936
140009,25.639575958252
140010,22.0869998931885
140011,38.2882270812988
140012,23.8822498321533
140013,26.7290630340576
140014,24.8990039825439
140015,21.3638343811035
140016,25.5547485351562
140017,34.0611572265625
140018,21.9761695861816
140019,24.880708694458
140020,24.7064037322998
140021,23.9459247589111
140022,21.5905532836914
140023,37.058162689209
140024,22.9083423614502
140025,25.0218162536621
140026,25.0734806060791
140027,24.2673664093018
140028,22.4420166015625
140029,40.232048034668
140030,25.220775604248
140031,25.6917362213135
140032,25.2742652893066
140033,24.8618927001953
140034,24.3176383972168
140035,38.0462837219238
140036,26.1828460693359
140037,25.8889617919922
140038,26.1748085021973
140039,26.1788311004639
140040,25.2838592529297
140041,45.7085037231445
140042,28.6602172851562
140043,28.0388298034668
140044,27.9286403656006
140045,27.2377738952637
140046,27.4098110198975
140047,47.600658416748
140048,29.6504364013672
140049,30.796215057373
140050,28.2222709655762
140051,28.4805145263672
140052,32.9934463500977
140053,46.891918182373
140054,31.0540885925293
140055,32.3293762207031
140056,29.9082050323486
140057,29.4784564971924
140058,31.1523952484131
140059,37.213191986084
140060,282.711303710938
140061,38.3069763183594
140062,34.5984840393066
140063,30.7411556243896
140064,273.669219970703
140065,23.9329948425293
140066,23.4378395080566
140067,23.8381671905518
140068,23.5841369628906
140069,23.8600559234619
140070,23.297550201416
140071,22.1788482666016
140072,23.9938888549805
140073,25.2514991760254
140074,23.9525356292725
140075,24.989559173584
140076,23.0326061248779
140077,18.48512840271
140078,23.2290210723877
140079,23.9130783081055
140080,24.0793933868408
140081,24.3251972198486
140082,23.0895309448242
140083,18.3312034606934
140084,23.8008556365967
140085,24.3436546325684
140086,24.0205993652344
140087,24.3554801940918
140088,23.5418014526367
140089,21.2213592529297
140090,25.0816688537598
140091,25.354793548584
140092,25.1592540740967
140093,25.4736499786377
140094,25.0064849853516
140095,23.1092147827148
140096,27.0512523651123
140097,26.581958770752
140098,26.5223789215088
140099,26.4361228942871
140100,26.6346797943115
140101,22.0383815765381
140102,27.9171810150146
140103,27.1779613494873
140104,30.3493194580078
140105,27.9782600402832
140106,28.4288330078125
140107,23.0054550170898
140108,28.8349304199219
140109,30.6689224243164
140110,32.1045341491699
140111,31.8631134033203
140112,30.790714263916
140113,27.6357879638672
140114,31.5085048675537
140115,37.359676361084
140116,38.0267868041992
140117,33.4378051757812
140118,30.937442779541
140119,50.5566368103027
140120,38.7455291748047
140121,50.5595283508301
140122,43.5901947021484
140123,45.8794059753418
140124,38.2448997497559
140125,47.1681632995605
140126,36.642219543457
140127,46.8497047424316
140128,49.1469955444336
140129,45.6695213317871
140130,37.8425598144531
140131,43.2109336853027
140132,25.1439189910889
140133,30.625602722168
140134,36.9656753540039
140135,37.7041168212891
140136,30.4814910888672
140137,37.8231315612793
140138,21.7068042755127
140139,24.9967975616455
140140,21.8703899383545
140141,23.5116310119629
140142,22.7341175079346
140143,33.7098236083984
140144,20.7694511413574
140145,24.3918323516846
140146,22.6828689575195
140147,21.527042388916
140148,21.2995014190674
140149,33.4583168029785
140150,19.1565532684326
140151,24.369987487793
140152,23.731632232666
140153,21.7104225158691
140154,19.9995365142822
140155,32.1125030517578
140156,19.3401489257812
140157,23.6124420166016
140158,22.8920135498047
140159,19.1467990875244
140160,18.0561256408691
140161,33.7752685546875
140162,19.2224388122559
140163,23.7487106323242
140164,23.6020889282227
140165,19.333309173584
140166,18.3888206481934
140167,33.6667785644531
140168,19.355339050293
140169,23.7227897644043
140170,24.1085224151611
140171,20.7270164489746
140172,18.683572769165
140173,38.576286315918
140174,23.027193069458
140175,24.3935680389404
140176,24.4732723236084
140177,23.4653930664062
140178,20.3069725036621
140179,36.0388336181641
140180,24.0529804229736
140181,24.3833503723145
140182,24.6631164550781
140183,24.2954864501953
140184,22.409273147583
140185,34.818302154541
140186,25.190486907959
140187,25.1153736114502
140188,25.758825302124
140189,25.4521865844727
140190,23.9633140563965
140191,35.0533714294434
140192,25.9973697662354
140193,25.7529220581055
140194,25.8310623168945
140195,26.1733226776123
140196,25.0478973388672
140197,35.2176246643066
140198,27.9240589141846
140199,26.1964817047119
140200,27.4999217987061
140201,27.1084823608398
140202,26.4047832489014
140203,25.7428359985352
140204,25.631628036499
140205,24.8673648834229
140206,24.9131278991699
140207,25.0440120697021
140208,24.4466190338135
140209,18.3822250366211
140210,21.8241367340088
140211,22.5226135253906
140212,22.4184112548828
140213,21.9732265472412
140214,20.9129943847656
140215,16.808874130249
140216,19.9320106506348
140217,22.7296047210693
140218,22.5040378570557
140219,22.1763134002686
140220,20.0427875518799
140221,14.813325881958
140222,20.1775684356689
140223,23.5522632598877
140224,23.0802764892578
140225,22.8375797271729
140226,20.1272754669189
140227,13.1979341506958
140228,20.3006839752197
140229,22.6469383239746
140230,23.4025554656982
140231,23.595874786377
140232,19.4660739898682
140233,15.779803276062
140234,20.9297962188721
140235,23.0038299560547
140236,24.6857089996338
140237,24.0228824615479
140238,20.4719219207764
140239,14.1661930084229
140240,20.5967979431152
140241,23.8246059417725
140242,25.4545974731445
140243,24.7848014831543
140244,21.6561145782471
140245,15.1937732696533
140246,21.2330627441406
140247,24.3307437896729
140248,25.6545639038086
140249,26.0226764678955
140250,22.9235038757324
140251,16.4923667907715
140252,22.9514656066895
140253,26.5649147033691
140254,26.1662101745605
140255,26.8210391998291
140256,23.1677227020264
140257,23.9040298461914
140258,23.0115299224854
140259,30.9138889312744
140260,30.8824520111084
140261,31.4698429107666
140262,22.8861522674561
140263,37.2332572937012
140264,32.2986831665039
140265,38.0549049377441
140266,35.3895301818848
140267,36.7877655029297
140268,30.8272590637207
140269,34.2628326416016
140270,28.3587474822998
140271,30.0053863525391
140272,37.4265441894531
140273,34.0213012695312
140274,24.7617835998535
140275,31.981632232666
140276,21.21728515625
140277,25.6137237548828
140278,27.2836399078369
140279,32.7678718566895
140280,23.1555709838867
140281,33.3017768859863
140282,20.6360530853271
140283,23.7416534423828
140284,19.0732841491699
140285,21.1159572601318
140286,18.6834697723389
140287,28.9152984619141
140288,18.3403778076172
140289,23.4837551116943
140290,19.9216289520264
140291,19.5811500549316
140292,16.246732711792
140293,30.4744739532471
140294,16.0099925994873
140295,24.2509422302246
140296,19.7523193359375
140297,18.5708312988281
140298,14.8452520370483
140299,27.9421463012695
140300,17.2715892791748
140301,22.1094875335693
140302,19.5404090881348
140303,17.5777950286865
140304,13.8830242156982
140305,27.1044464111328
140306,18.2382030487061
140307,23.1345062255859
140308,22.4252185821533
140309,21.9720001220703
140310,15.1697874069214
140311,27.8456325531006
140312,18.6265621185303
140313,23.7201499938965
140314,23.4535350799561
140315,22.5687351226807
140316,15.3200235366821
140317,27.4553203582764
140318,19.0063629150391
140319,23.7163333892822
140320,23.7232799530029
140321,22.723518371582
140322,17.9399185180664
140323,28.3126125335693
140324,20.4156684875488
140325,23.9420928955078
140326,24.045597076416
140327,23.487268447876
140328,18.1877708435059
140329,31.9322299957275
140330,23.0092315673828
140331,25.0431575775146
140332,25.1102466583252
140333,24.8237152099609
140334,20.4471225738525
140335,34.8819694519043
140336,24.0609836578369
140337,25.7708911895752
140338,25.6603775024414
140339,25.8285102844238
140340,24.4936904907227
140341,36.4330749511719
140342,27.4459838867188
140343,27.4443016052246
140344,27.3609828948975
140345,27.2092113494873
140346,26.1070251464844
140347,36.2477569580078
140348,27.7280330657959
140349,28.0160846710205
140350,26.9256553649902
140351,26.6829795837402
140352,26.0263614654541
140353,28.0385112762451
140354,22.3496799468994
140355,25.395450592041
140356,23.7842178344727
140357,23.4252262115479
140358,20.0145530700684
140359,26.6513996124268
140360,17.779483795166
140361,23.8953895568848
140362,23.2688865661621
140363,23.1255302429199
140364,17.4287776947021
140365,24.9282817840576
140366,18.1172924041748
140367,24.3540592193604
140368,24.0038471221924
140369,23.6893405914307
140370,17.9420490264893
140371,26.3474655151367
140372,23.75315284729
140373,25.8515586853027
140374,25.0530471801758
140375,25.0217971801758
140376,23.060848236084
140377,32.6692161560059
140378,27.0004806518555
140379,27.7831935882568
140380,27.659294128418
140381,26.1818695068359
140382,26.9803562164307
140383,32.2929000854492
140384,27.0814914703369
140385,26.7111320495605
140386,26.6313896179199
140387,26.7676963806152
140388,28.7257614135742
140389,36.0318183898926
140390,29.3530540466309
140391,27.485050201416
140392,28.7065086364746
140393,27.2787113189697
140394,30.0922374725342
140395,35.2741928100586
140396,28.4077758789062
140397,29.5254402160645
140398,29.4063720703125
140399,29.487476348877
140400,28.2672519683838
140401,48.4156341552734
140402,34.8266181945801
140403,35.5798492431641
140404,35.3881416320801
140405,35.1657867431641
140406,33.9980659484863
140407,66.4024276733398
140408,52.4893341064453
140409,46.0701713562012
140410,48.2145309448242
140411,49.4106903076172
140412,51.7570419311523
140413,52.4125900268555
140414,42.6535034179688
140415,42.6544303894043
140416,41.5818939208984
140417,48.2408599853516
140418,47.0616416931152
140419,44.4025344848633
140420,33.2959518432617
140421,27.6543350219727
140422,36.0228691101074
140423,34.74755859375
140424,31.8911323547363
140425,35.1014556884766
140426,23.3737850189209
140427,24.771089553833
140428,24.2187652587891
140429,26.9906368255615
140430,22.1298656463623
140431,33.0068283081055
140432,21.8837375640869
140433,24.3997631072998
140434,17.45947265625
140435,19.0799312591553
140436,21.0834903717041
140437,32.3496513366699
140438,19.3768444061279
140439,23.3812160491943
140440,16.9653949737549
140441,18.5174217224121
140442,17.5894412994385
140443,36.9970207214355
140444,16.5841808319092
140445,24.5964775085449
140446,22.2850131988525
140447,19.3072662353516
140448,16.8629474639893
140449,32.5247840881348
140450,19.09055519104
140451,24.6129093170166
140452,24.5284786224365
140453,19.6008682250977
140454,18.7058296203613
140455,29.1394195556641
140456,18.772216796875
140457,24.1442050933838
140458,24.0745391845703
140459,20.2251834869385
140460,17.4382362365723
140461,30.9207725524902
140462,17.6575012207031
140463,24.3288516998291
140464,23.7786464691162
140465,21.0291175842285
140466,16.3070068359375
140467,29.8264255523682
140468,16.3401355743408
140469,24.0829296112061
140470,23.8371810913086
140471,22.1236667633057
140472,16.0049495697021
140473,37.8110733032227
140474,17.2027683258057
140475,25.0638427734375
140476,25.0139026641846
140477,23.5873279571533
140478,17.1532192230225
140479,35.4461135864258
140480,21.3493595123291
140481,25.0212268829346
140482,24.9797992706299
140483,24.0453472137451
140484,18.609504699707
140485,47.8130989074707
140486,23.811056137085
140487,26.0017318725586
140488,26.0051288604736
140489,25.7300453186035
140490,22.2012596130371
140491,40.4484252929688
140492,16.171293258667
140493,26.4767551422119
140494,25.6614475250244
140495,25.6166877746582
140496,17.4380779266357
140497,32.5906639099121
140498,17.9080467224121
140499,24.2909526824951
140500,24.0897789001465
140501,24.2413883209229
140502,19.1332702636719
140503,32.6073417663574
140504,25.6559143066406
140505,22.1403999328613
140506,23.6176776885986
140507,23.9391860961914
140508,26.7994174957275
140509,24.6072902679443
140510,22.4883823394775
140511,23.5789775848389
140512,23.9078769683838
140513,23.9319286346436
140514,25.0270366668701
140515,18.2739391326904
140516,23.9547595977783
140517,24.3897018432617
140518,25.1351222991943
140519,24.549747467041
140520,23.4108943939209
140521,14.7754335403442
140522,24.1199073791504
140523,24.8769989013672
140524,26.0239276885986
140525,25.886173248291
140526,24.6582126617432
140527,17.6794109344482
140528,26.3198833465576
140529,25.5608749389648
140530,27.1188201904297
140531,26.8566913604736
140532,24.1069259643555
140533,15.9912433624268
140534,24.902250289917
140535,26.0082225799561
140536,27.9567260742188
140537,26.7686519622803
140538,27.2222862243652
140539,21.5842914581299
140540,27.6195964813232
140541,26.8045845031738
140542,28.8107452392578
140543,28.3370170593262
140544,29.0417976379395
140545,36.9278869628906
140546,32.6480293273926
140547,31.5849075317383
140548,34.0414047241211
140549,33.2546424865723
140550,32.5722160339355
140551,71.0077133178711
140552,41.367317199707
140553,47.4942741394043
140554,46.127269744873
140555,45.8327026367188
140556,45.5942077636719
140557,78.7648315429688
140558,47.217529296875
140559,51.1100540161133
140560,47.6725044250488
140561,50.1904792785645
140562,41.9031944274902
140563,66.2121810913086
140564,34.1234931945801
140565,36.5488700866699
140566,41.1964378356934
140567,37.6446266174316
140568,34.1698722839355
140569,70.6021881103516
140570,27.716588973999
140571,29.3907146453857
140572,33.492504119873
140573,33.7236671447754
140574,28.369010925293
140575,64.5446853637695
140576,27.8678741455078
140577,26.4313945770264
140578,27.5021057128906
140579,30.3899078369141
140580,27.5162410736084
140581,48.4709663391113
140582,16.8414859771729
140583,24.0514221191406
140584,25.0887050628662
140585,22.807918548584
140586,24.9477767944336
140587,43.9673652648926
140588,14.8296728134155
140589,23.5901412963867
140590,25.9709091186523
140591,23.532886505127
140592,14.99183177948
140593,31.3727607727051
140594,16.330738067627
140595,22.9679183959961
140596,23.9830570220947
140597,23.6502017974854
140598,14.8097190856934
140599,31.236515045166
140600,15.3716535568237
140601,23.282112121582
140602,23.8812065124512
140603,23.9530849456787
140604,14.9175395965576
140605,29.0917053222656
140606,18.7465076446533
140607,23.7691841125488
140608,23.874080657959
140609,24.0144500732422
140610,16.8448657989502
140611,28.8628711700439
140612,21.7147254943848
140613,24.488525390625
140614,24.6233215332031
140615,24.702033996582
140616,19.7052001953125
140617,30.6224899291992
140618,23.1416149139404
140619,24.4781551361084
140620,24.8718147277832
140621,25.4828968048096
140622,21.5388984680176
140623,38.102180480957
140624,27.4501419067383
140625,23.5003833770752
140626,26.6893424987793
140627,26.6249523162842
140628,25.7230930328369
140629,42.359806060791
140630,29.6212959289551
140631,19.4262886047363
140632,28.3556118011475
140633,27.9344348907471
140634,27.9079475402832
140635,30.0938739776611
140636,26.1280632019043
140637,17.8748569488525
140638,25.2039337158203
140639,25.1476249694824
140640,26.4998264312744
140641,18.6343231201172
140642,25.9628448486328
140643,15.0082597732544
140644,25.491979598999
140645,23.5773277282715
140646,23.6710662841797
140647,19.071741104126
140648,23.9052085876465
140649,12.7114486694336
140650,23.2518501281738
140651,19.8207740783691
140652,22.5182285308838
140653,21.3646717071533
140654,22.7580051422119
140655,12.3142366409302
140656,19.4677791595459
140657,16.2133808135986
140658,22.2399005889893
140659,23.3722476959229
140660,21.7194881439209
140661,12.9653348922729
140662,19.1068859100342
140663,18.1992683410645
140664,21.8018665313721
140665,23.7246932983398
140666,22.4811878204346
140667,12.7979831695557
140668,22.0943584442139
140669,22.2301235198975
140670,22.4811878204346
140671,23.4486351013184
140672,22.4246368408203
140673,15.4873390197754
140674,25.2218589782715
140675,24.1692142486572
140676,23.0814361572266
140677,23.3959770202637
140678,21.6519737243652
140679,18.1238689422607
140680,26.2957000732422
140681,26.4458351135254
140682,22.1140594482422
140683,21.1948108673096
140684,20.4113464355469
140685,19.9744987487793
140686,25.4460926055908
140687,25.2068939208984
140688,20.6764755249023
140689,28.7217788696289
140690,24.6226825714111
140691,25.1877498626709
140692,28.9288749694824
140693,27.630880355835
140694,24.6226825714111
140695,53.6420631408691
140696,33.8405418395996
140697,36.7003555297852
140698,36.6122817993164
140699,36.3852424621582
140700,33.9656715393066
140701,56.5897102355957
140702,37.6046752929688
140703,34.1030464172363
140704,37.2054634094238
140705,40.723331451416
140706,36.343879699707
140707,42.6756401062012
140708,26.3676166534424
140709,25.1778926849365
140710,18.3598022460938
140711,22.6670055389404
140712,26.0089340209961
140713,31.8780879974365
140714,20.4636917114258
140715,22.392126083374
140716,18.0845756530762
140717,17.7779197692871
140718,19.16086769104
140719,32.237964630127
140720,16.9475002288818
140721,22.2144088745117
140722,20.3679046630859
140723,19.8669185638428
140724,17.5331916809082
140725,23.7606105804443
140726,15.1081895828247
140727,20.8764705657959
140728,21.3781604766846
140729,18.5214538574219
140730,13.2537202835083
140731,22.948709487915
140732,12.6976289749146
140733,23.827974319458
140734,21.2878303527832
140735,20.75634765625
140736,11.677906036377
140737,20.9578514099121
140738,9.11216831207275
140739,23.7939758300781
140740,23.5038223266602
140741,22.3417224884033
140742,9.13830471038818
140743,20.7164440155029
140744,8.13163280487061
140745,23.670747756958
140746,23.2149543762207
140747,23.7771854400635
140748,9.00708484649658
140749,20.9794387817383
140750,8.51609992980957
140751,23.4160308837891
140752,22.8844566345215
140753,23.4321613311768
140754,8.39165210723877
140755,21.0593318939209
140756,8.04155921936035
140757,23.6793937683105
140758,22.80348777771
140759,23.3351497650146
140760,7.41556262969971
140761,22.4614944458008
140762,9.31064510345459
140763,24.2736835479736
140764,23.5542984008789
140765,23.1657600402832
140766,9.20265960693359
140767,23.1518821716309
140768,11.9330596923828
140769,23.9757499694824
140770,23.6563415527344
140771,23.8470935821533
140772,11.7566423416138
140773,23.5328369140625
140774,11.4665193557739
140775,24.9443893432617
140776,24.3709392547607
140777,24.7109298706055
140778,11.6691751480103
140779,20.0112018585205
140780,11.1285619735718
140781,24.7432117462158
140782,24.2533016204834
140783,24.5998859405518
140784,11.8309745788574
140785,11.6985330581665
140786,8.27071380615234
140787,20.0022106170654
140788,20.12646484375
140789,18.8782558441162
140790,8.1948823928833
140791,11.833514213562
140792,7.76885080337524
140793,20.1648406982422
140794,20.2185935974121
140795,18.4021148681641
140796,7.40085935592651
140797,11.5421438217163
140798,7.75581789016724
140799,19.174654006958
140800,19.9950523376465
140801,19.3986740112305
140802,7.72290754318237
140803,14.5570602416992
140804,8.35847282409668
140805,19.4849605560303
140806,20.9027442932129
140807,20.8277797698975
140808,7.99736404418945
140809,16.0408153533936
140810,9.19800090789795
140811,20.6957626342773
140812,22.2229671478271
140813,22.1790790557861
140814,8.16986560821533
140815,18.0149269104004
140816,10.1115865707397
140817,20.9934158325195
140818,23.7913970947266
140819,23.7313251495361
140820,9.60033702850342
140821,19.0781879425049
140822,15.534366607666
140823,21.5822582244873
140824,23.5942649841309
140825,24.5096893310547
140826,12.6331481933594
140827,18.202169418335
140828,18.2387771606445
140829,22.7207870483398
140830,24.1809253692627
140831,24.9764137268066
140832,15.6558322906494
140833,23.5401611328125
140834,26.6856212615967
140835,25.460880279541
140836,28.5268077850342
140837,28.2824153900146
140838,19.66965675354
140839,53.8994064331055
140840,31.1000785827637
140841,33.3442344665527
140842,37.2509765625
140843,39.3127098083496
140844,56.9665832519531
140845,76.1932983398438
140846,30.8144702911377
140847,32.9899139404297
140848,40.0610084533691
140849,44.146183013916
140850,39.3847846984863
140851,59.4996795654297
140852,19.6139907836914
140853,23.8988513946533
140854,30.2038459777832
140855,28.1876945495605
140856,19.6139907836914
140857,54.3979530334473
140858,18.9313869476318
140859,22.8200168609619
140860,25.5117588043213
140861,23.8785533905029
140862,18.6295948028564
140863,34.2194480895996
140864,17.5436363220215
140865,20.3059272766113
140866,22.6128616333008
140867,21.7421741485596
140868,17.5641746520996
140869,29.1880722045898
140870,16.108377456665
140871,20.0794906616211
140872,19.0560894012451
140873,19.1641635894775
140874,15.7775239944458
140875,37.4968605041504
140876,17.2933940887451
140877,20.6449146270752
140878,17.7598457336426
140879,14.5700311660767
140880,15.8462247848511
140881,31.5806217193604
140882,15.8419914245605
140883,20.8706073760986
140884,21.0757293701172
140885,14.5765743255615
140886,14.9003067016602
140887,50.3371505737305
140888,18.7210521697998
140889,21.8852653503418
140890,20.4881381988525
140891,13.4399995803833
140892,16.4736576080322
140893,27.7197742462158
140894,19.8871440887451
140895,22.2969703674316
140896,21.5490741729736
140897,19.8703899383545
140898,18.258430480957
140899,26.7760772705078
140900,22.4454669952393
140901,22.9005718231201
140902,23.23366355896
140903,20.1662902832031
140904,18.8989696502686
140905,27.9977893829346
140906,23.6448726654053
140907,23.5283164978027
140908,23.4921722412109
140909,19.0016536712646
140910,22.5894412994385
140911,28.207820892334
140912,23.6552696228027
140913,24.0620365142822
140914,23.2874546051025
140915,19.4321346282959
140916,23.9326820373535
140917,35.338508605957
140918,27.8511753082275
140919,26.9915637969971
140920,26.7894687652588
140921,26.5591983795166
140922,25.6114158630371
140923,27.4766654968262
140924,24.6538467407227
140925,25.7837295532227
140926,27.6661415100098
140927,25.426908493042
140928,24.6435508728027
140929,16.5078067779541
140930,20.8993492126465
140931,22.6896381378174
140932,22.0230979919434
140933,22.0472507476807
140934,20.9747714996338
140935,13.9424896240234
140936,21.1015090942383
140937,23.1570587158203
140938,21.9232692718506
140939,22.4615001678467
140940,20.9134960174561
140941,15.3022031784058
140942,21.0017471313477
140943,23.5952377319336
140944,23.4236297607422
140945,23.4847583770752
140946,20.8239841461182
140947,17.2505168914795
140948,21.1943550109863
140949,25.0198974609375
140950,24.5624732971191
140951,25.0132102966309
140952,20.9070625305176
140953,19.7450218200684
140954,23.6541690826416
140955,25.7374858856201
140956,26.4316577911377
140957,26.3525447845459
140958,21.6854877471924
140959,24.4629440307617
140960,29.5333518981934
140961,26.0572452545166
140962,30.8496761322021
140963,29.819787979126
140964,29.7174472808838
140965,26.656421661377
140966,28.9548377990723
140967,26.845724105835
140968,27.5670146942139
140969,29.8261070251465
140970,29.5034847259521
140971,33.8076629638672
140972,34.1934432983398
140973,29.0659942626953
140974,29.7707405090332
140975,30.4996948242188
140976,35.229305267334
140977,50.2536392211914
140978,55.8686332702637
140979,37.5436096191406
140980,37.5925941467285
140981,40.2310905456543
140982,53.633602142334
140983,77.7054061889648
140984,98.594123840332
140985,52.9087562561035
140986,58.4409370422363
140987,59.8914375305176
140988,108.864044189453
140989,73.9209442138672
140990,105.23575592041
140991,49.5336265563965
140992,360.362243652344
140993,58.4740447998047
140994,372.283416748047
140995,80.7156524658203
140996,74.6184234619141
140997,42.5142097473145
140998,36.466968536377
140999,48.6124725341797
141000,74.779655456543
141001,63.8035278320312
141002,45.4602355957031
141003,30.3291454315186
141004,35.1153144836426
141005,36.3211517333984
141006,72.5456161499023
141007,57.8518562316895
141008,33.119213104248
141009,23.5361633300781
141010,28.3166942596436
141011,28.4018974304199
141012,35.0310478210449
141013,64.1950759887695
141014,30.5104084014893
141015,24.2125949859619
141016,30.3067169189453
141017,27.7575492858887
141018,29.8599815368652
141019,44.2234687805176
141020,26.1357669830322
141021,22.6100769042969
141022,24.9560794830322
141023,22.8545188903809
141024,26.0249214172363
141025,42.1194343566895
141026,25.4550495147705
141027,20.9807949066162
141028,25.9552345275879
141029,24.6321277618408
141030,25.9526042938232
141031,38.0617141723633
141032,25.2480335235596
141033,22.736837387085
141034,25.7613868713379
141035,24.5705490112305
141036,24.6292476654053
141037,38.0909652709961
141038,24.5188903808594
141039,21.5650634765625
141040,25.806957244873
141041,24.8297863006592
141042,24.0837917327881
141043,36.1278610229492
141044,24.1640529632568
141045,22.0265941619873
141046,25.3168716430664
141047,25.4065799713135
141048,23.9915027618408
141049,35.4776878356934
141050,24.4028930664062
141051,22.3235378265381
141052,25.0238590240479
141053,25.6139450073242
141054,24.1120700836182
141055,37.6019554138184
141056,24.9427318572998
141057,23.033935546875
141058,26.1290702819824
141059,26.0064563751221
141060,23.7084369659424
141061,33.9273567199707
141062,26.2371482849121
141063,23.3770446777344
141064,26.5562114715576
141065,25.9732666015625
141066,25.1300067901611
141067,26.5893516540527
141068,24.7982540130615
141069,23.9573783874512
141070,24.2848472595215
141071,24.4607715606689
141072,23.5563068389893
141073,19.4544277191162
141074,20.7490215301514
141075,19.8578338623047
141076,22.6193733215332
141077,22.6909313201904
141078,20.0060062408447
141079,18.6199741363525
141080,19.2640266418457
141081,20.3263816833496
141082,23.0839500427246
141083,22.428279876709
141084,18.1172695159912
141085,14.2734537124634
141086,16.9173488616943
141087,19.9495601654053
141088,23.5231647491455
141089,23.0116672515869
141090,16.7546157836914
141091,16.1124286651611
141092,17.4420490264893
141093,20.8349056243896
141094,23.9324016571045
141095,23.7433166503906
141096,17.3851623535156
141097,16.9929256439209
141098,18.394552230835
141099,21.8968105316162
141100,24.9238109588623
141101,22.9621200561523
141102,18.9297008514404
141103,20.9147109985352
141104,19.9514789581299
141105,22.9283199310303
141106,23.4665374755859
141107,23.7574157714844
141108,20.4446926116943
141109,23.5891723632812
141110,21.8912868499756
141111,25.3833656311035
141112,25.0989818572998
141113,25.2551136016846
141114,21.6541175842285
141115,25.4712066650391
141116,23.4317607879639
141117,25.2077484130859
141118,25.8191833496094
141119,25.8070030212402
141120,23.036304473877
141121,35.0338287353516
141122,32.838249206543
141123,32.1694145202637
141124,32.582633972168
141125,31.8727779388428
141126,32.5561408996582
141127,52.6162528991699
141128,63.1594696044922
141129,48.2656211853027
141130,47.3560447692871
141131,47.1309547424316
141132,46.1714515686035
141133,55.3378639221191
141134,41.0808410644531
141135,36.5925750732422
141136,43.4292869567871
141137,46.8019943237305
141138,40.7767753601074
141139,33.8072242736816
141140,25.4421539306641
141141,30.4539890289307
141142,28.3546352386475
141143,23.4424171447754
141144,27.8519840240479
141145,29.0369148254395
141146,20.8784046173096
141147,25.594783782959
141148,23.2662830352783
141149,20.9696578979492
141150,19.440731048584
141151,25.6693916320801
141152,17.7015075683594
141153,23.3307991027832
141154,22.3656101226807
141155,19.2066631317139
141156,17.7023315429688
141157,25.3107585906982
141158,19.5410938262939
141159,23.4288768768311
141160,21.4163036346436
141161,21.1916427612305
141162,17.7618293762207
141163,27.3483257293701
141164,20.1515235900879
141165,23.4930763244629
141166,22.3843746185303
141167,20.170238494873
141168,19.4924087524414
141169,28.4046192169189
141170,19.8188171386719
141171,23.3803558349609
141172,23.318868637085
141173,21.9682178497314
141174,18.6465454101562
141175,29.0589866638184
141176,20.6858901977539
141177,23.9870052337646
141178,23.8117847442627
141179,23.2748031616211
141180,18.1729640960693
141181,29.1768703460693
141182,24.8034839630127
141183,24.1933689117432
141184,24.0388336181641
141185,23.3573226928711
141186,19.8673400878906
141187,30.930835723877
141188,26.1959495544434
141189,24.7313899993896
141190,24.8771266937256
141191,23.7731437683105
141192,24.4263591766357
141193,31.2090644836426
141194,27.0021152496338
141195,25.2950077056885
141196,25.4268741607666
141197,24.808629989624
141198,25.7334861755371
141199,32.1775131225586
141200,26.1098899841309
141201,25.7562103271484
141202,25.5801277160645
141203,25.5135288238525
141204,27.0926189422607
141205,34.432544708252
141206,30.8128681182861
141207,27.0414371490479
141208,26.4995098114014
141209,27.0564079284668
141210,30.5401363372803
141211,32.1330337524414
141212,28.8860511779785
141213,28.7134056091309
141214,26.5966110229492
141215,26.2739486694336
141216,26.2675476074219
141217,25.8479328155518
141218,25.3955097198486
141219,24.8133125305176
141220,24.5781593322754
141221,23.9483623504639
141222,24.1700420379639
141223,20.1774349212646
141224,24.1393356323242
141225,24.2474002838135
141226,24.1543560028076
141227,23.9520969390869
141228,24.1820850372314
141229,18.6782321929932
141230,22.6114349365234
141231,23.6577816009521
141232,23.9257984161377
141233,23.558277130127
141234,22.4101829528809
141235,19.1514015197754
141236,23.6857166290283
141237,24.6767997741699
141238,24.5893287658691
141239,24.2164249420166
141240,22.9976959228516
141241,19.0221786499023
141242,25.028980255127
141243,24.8120918273926
141244,25.1719169616699
141245,24.751802444458
141246,24.5188694000244
141247,17.3981475830078
141248,24.8963146209717
141249,25.193660736084
141250,24.9156532287598
141251,24.759162902832
141252,24.9894466400146
141253,18.4771213531494
141254,27.8229751586914
141255,26.0961990356445
141256,25.703182220459
141257,25.1407852172852
141258,26.348575592041
141259,21.6000804901123
141260,30.1633110046387
141261,28.4103698730469
141262,27.9513397216797
141263,27.9020462036133
141264,31.0506954193115
141265,26.9440631866455
141266,35.3202857971191
141267,32.2383575439453
141268,32.6035499572754
141269,32.6030883789062
141270,35.0828018188477
141271,39.4716987609863
141272,44.4430503845215
141273,40.8020057678223
141274,47.9359245300293
141275,42.4548301696777
141276,47.4110870361328
141277,42.2897644042969
141278,42.0903549194336
141279,29.9905281066895
141280,23.0600986480713
141281,31.4400768280029
141282,43.185791015625
141283,30.8671035766602
141284,34.0627517700195
141285,26.598316192627
141286,19.0637226104736
141287,23.3158645629883
141288,28.0582389831543
141289,30.7818031311035
141290,27.9030666351318
141291,25.0172996520996
141292,22.5106048583984
141293,19.6439018249512
141294,26.5029354095459
141295,30.627950668335
141296,29.0189399719238
141297,24.0070495605469
141298,18.9437122344971
141299,18.3430194854736
141300,22.1712379455566
141301,28.9625549316406
141302,25.3004455566406
141303,23.5687847137451
141304,21.0818691253662
141305,19.6875114440918
141306,20.9069175720215
141307,27.3246173858643
141308,14.7620162963867
141309,22.6858043670654
141310,22.602165222168
141311,18.4783344268799
141312,14.7074089050293
141313,27.7773933410645
141314,17.2982654571533
141315,23.1887969970703
141316,21.6707935333252
141317,19.1353912353516
141318,17.2681922912598
141319,35.5371513366699
141320,18.3070068359375
141321,23.2752361297607
141322,23.827220916748
141323,21.2529563903809
141324,15.4508619308472
141325,40.8205490112305
141326,24.7302989959717
141327,23.5648746490479
141328,23.9836750030518
141329,22.879695892334
141330,19.7127208709717
141331,29.624174118042
141332,17.0263214111328
141333,23.750316619873
141334,23.9435482025146
141335,23.3337478637695
141336,25.6447868347168
141337,28.2768859863281
141338,15.6295223236084
141339,23.6291999816895
141340,23.8906784057617
141341,22.8131828308105
141342,15.4817399978638
141343,27.6141834259033
141344,14.8874197006226
141345,23.8423366546631
141346,24.227201461792
141347,23.3213901519775
141348,15.9852828979492
141349,29.4231796264648
141350,25.7473049163818
141351,24.3986549377441
141352,24.8131656646729
141353,24.0606746673584
141354,19.3419284820557
141355,26.7034378051758
141356,25.1191349029541
141357,24.0167846679688
141358,23.7843837738037
141359,23.175802230835
141360,17.4524593353271
141361,25.6109752655029
141362,26.0738525390625
141363,24.6762084960938
141364,22.7819976806641
141365,22.6103324890137
141366,26.1430702209473
141367,26.1015167236328
141368,23.7091903686523
141369,23.2443046569824
141370,21.3191223144531
141371,20.3440742492676
141372,25.1994171142578
141373,17.2269992828369
141374,23.6020393371582
141375,22.2486915588379
141376,19.9901504516602
141377,18.939453125
141378,23.7078838348389
141379,17.1961803436279
141380,22.3238487243652
141381,22.2044811248779
141382,20.1697177886963
141383,20.8329200744629
141384,21.0760097503662
141385,17.581018447876
141386,21.0761585235596
141387,22.957218170166
141388,21.133321762085
141389,20.0612277984619
141390,23.1597900390625
141391,14.8859252929688
141392,23.2188549041748
141393,23.7627086639404
141394,21.584680557251
141395,22.3497619628906
141396,24.4177875518799
141397,17.852710723877
141398,24.8372840881348
141399,22.5943031311035
141400,23.6339950561523
141401,23.0504722595215
141402,24.9756317138672
141403,25.7657375335693
141404,28.4711608886719
141405,21.2774200439453
141406,25.9371166229248
141407,26.3549861907959
141408,29.3954200744629
141409,44.4192810058594
141410,33.3681945800781
141411,23.8544063568115
141412,27.8281326293945
141413,27.7268409729004
141414,36.0205307006836
141415,222.482330322266
141416,31.8267936706543
141417,27.0648174285889
141418,29.629222869873
141419,25.8138465881348
141420,44.9260444641113
141421,202.187438964844
141422,35.4258003234863
141423,28.9448204040527
141424,32.6349258422852
141425,30.4679832458496
141426,28.4328861236572
141427,50.12109375
141428,26.1787662506104
141429,21.6730194091797
141430,25.8011150360107
141431,28.2791938781738
141432,27.542387008667
141433,60.9999198913574
141434,22.3972320556641
141435,25.0713806152344
141436,17.9327068328857
141437,23.2260322570801
141438,22.5589199066162
141439,52.6492538452148
141440,32.484790802002
141441,24.4361057281494
141442,18.2041053771973
141443,18.2872734069824
141444,28.9446907043457
141445,54.9503593444824
141446,31.5936737060547
141447,24.3082256317139
141448,16.9225578308105
141449,17.3243808746338
141450,31.7074413299561
141451,47.0872001647949
141452,21.0177268981934
141453,23.6998481750488
141454,17.0441627502441
141455,14.2033958435059
141456,24.7207145690918
141457,46.0654373168945
141458,26.6026973724365
141459,24.9072895050049
141460,15.7562923431396
141461,14.7248382568359
141462,26.9326000213623
141463,42.5502395629883
141464,23.5897560119629
141465,25.1992855072021
141466,17.9270458221436
141467,14.5599575042725
141468,26.1200675964355
141469,40.1062278747559
141470,28.0785961151123
141471,26.4603710174561
141472,15.9044246673584
141473,16.2902050018311
141474,27.540885925293
141475,42.885368347168
141476,27.9873428344727
141477,20.3558025360107
141478,18.9051513671875
141479,17.4049034118652
141480,28.3043880462646
141481,59.0310897827148
141482,28.2768077850342
141483,22.5491046905518
141484,20.3378295898438
141485,18.0366096496582
141486,29.8072662353516
141487,60.740837097168
141488,28.4185523986816
141489,25.5067005157471
141490,19.428409576416
141491,17.6459693908691
141492,31.7711620330811
141493,48.8757247924805
141494,30.3761024475098
141495,27.9607048034668
141496,21.0732021331787
141497,28.7350540161133
141498,33.2504577636719
141499,43.9101905822754
141500,25.9540901184082
141501,28.519702911377
141502,28.8219356536865
141503,25.5357151031494
141504,29.3094844818115
141505,31.8201332092285
141506,28.7082576751709
141507,23.8472518920898
141508,23.1594944000244
141509,19.3619976043701
141510,26.372522354126
141511,27.6583099365234
141512,26.0288372039795
141513,23.249849319458
141514,17.7088069915771
141515,18.6137161254883
141516,26.7674007415771
141517,24.7132453918457
141518,20.6463794708252
141519,20.425708770752
141520,14.3969783782959
141521,19.5932312011719
141522,22.7059841156006
141523,24.9181785583496
141524,21.546142578125
141525,19.4184894561768
141526,19.3247470855713
141527,23.9333190917969
141528,24.1570510864258
141529,27.6583652496338
141530,23.277660369873
141531,19.4997901916504
141532,23.0147686004639
141533,26.7525177001953
141534,23.9963550567627
141535,29.9466457366943
141536,27.3714275360107
141537,20.0088901519775
141538,29.149133682251
141539,27.379997253418
141540,28.8766345977783
141541,31.2935447692871
141542,29.0221786499023
141543,26.4234523773193
141544,31.3032913208008
141545,26.2370262145996
141546,29.1916942596436
141547,32.8491630554199
141548,31.6931056976318
141549,27.3961429595947
141550,32.6548194885254
141551,31.3011226654053
141552,34.5520210266113
141553,38.4381980895996
141554,43.7538719177246
141555,33.8966407775879
141556,43.0017738342285
141557,36.8088874816895
141558,45.0712242126465
141559,205.374176025391
141560,60.0290908813477
141561,47.6138114929199
141562,57.3017387390137
141563,58.9718971252441
141564,61.2304458618164
141565,233.861389160156
141566,257.402496337891
141567,44.3589477539062
141568,250.525207519531
141569,248.795776367188
141570,225.295059204102
141571,192.535507202148
141572,221.033493041992
141573,44.3872909545898
141574,50.8779296875
141575,54.1875648498535
141576,52.9661674499512
141577,211.40007019043
141578,234.150543212891
141579,173.405975341797
141580,179.333023071289
141581,259.378540039062
141582,210.294219970703
141583,91.1809387207031
141584,41.0592613220215
141585,29.6482620239258
141586,26.9070129394531
141587,34.9208793640137
141588,41.6779747009277
141589,84.9867095947266
141590,33.2843017578125
141591,29.76881980896
141592,28.0060081481934
141593,26.9920349121094
141594,39.0653533935547
141595,86.8307647705078
141596,33.046070098877
141597,30.2764263153076
141598,30.6826477050781
141599,33.3228149414062
141600,42.8161125183105
141601,75.8157119750977
141602,38.0918312072754
141603,30.2436618804932
141604,34.0228233337402
141605,32.6668586730957
141606,41.7979049682617
141607,78.2834701538086
141608,41.3835945129395
141609,29.5727882385254
141610,35.1402244567871
141611,29.7103805541992
141612,35.4944458007812
141613,75.555778503418
141614,39.4113082885742
141615,30.1767616271973
141616,34.6945991516113
141617,28.5088806152344
141618,40.5741310119629
141619,66.5627822875977
141620,38.6792678833008
141621,29.8009090423584
141622,31.9836959838867
141623,27.8655834197998
141624,36.0674819946289
141625,69.8580703735352
141626,34.650806427002
141627,29.3710556030273
141628,28.3133773803711
141629,27.7772693634033
141630,36.0315589904785
141631,77.2466125488281
141632,34.1820945739746
141633,35.0436935424805
141634,28.3806304931641
141635,28.3296165466309
141636,37.3406753540039
141637,282.476226806641
141638,33.9638671875
141639,34.6510543823242
141640,33.5733032226562
141641,33.1739768981934
141642,35.5633239746094
141643,60.0591926574707
141644,28.6502475738525
141645,31.4355583190918
141646,27.9758758544922
141647,28.4664440155029
141648,31.5321865081787
141649,27.6950378417969
141650,23.9483737945557
141651,24.4737186431885
141652,24.1234569549561
141653,24.1843700408936
141654,23.9177207946777
141655,30.976978302002
141656,24.1109580993652
141657,35.5629425048828
141658,28.841287612915
141659,313.525848388672
141660,22.96946144104
141661,24.9371089935303
141662,22.3364276885986
141663,24.6379642486572
141664,25.1923065185547
141665,25.3072872161865
141666,22.8034858703613
141667,24.6289367675781
141668,23.9844799041748
141669,24.6802558898926
141670,24.8510913848877
141671,25.1017379760742
141672,23.7330207824707
141673,27.571662902832
141674,24.030590057373
141675,25.2505645751953
141676,24.6489334106445
141677,25.6976261138916
141678,24.2974815368652
141679,30.1751937866211
141680,26.2535552978516
141681,27.1027297973633
141682,25.5511131286621
141683,26.1180534362793
141684,26.3021850585938
141685,25.7250080108643
141686,26.7576103210449
141687,26.8102741241455
141688,27.8234977722168
141689,26.026969909668
141690,26.3282890319824
141691,28.6499252319336
141692,28.4818935394287
141693,32.1800804138184
141694,30.0126762390137
141695,27.6466827392578
141696,28.8440284729004
141697,41.4355239868164
141698,35.3832855224609
141699,40.0519943237305
141700,40.1530876159668
141701,38.518196105957
141702,38.2734565734863
141703,82.2658538818359
141704,54.4831123352051
141705,59.0354804992676
141706,53.8596687316895
141707,52.6332206726074
141708,57.2432632446289
141709,262.389038085938
141710,55.1923370361328
141711,350.057830810547
141712,57.0484771728516
141713,60.6487655639648
141714,52.8646926879883
141715,76.5597076416016
141716,42.7505340576172
141717,49.5830574035645
141718,48.3359756469727
141719,53.7741432189941
141720,39.6684646606445
141721,64.5732421875
141722,32.7805328369141
141723,36.7020149230957
141724,28.165168762207
141725,41.0927391052246
141726,31.9745750427246
141727,49.0918197631836
141728,26.9123783111572
141729,27.8107566833496
141730,24.9971122741699
141731,22.0487270355225
141732,26.2407054901123
141733,43.0067520141602
141734,26.7462940216064
141735,25.4467468261719
141736,24.80224609375
141737,21.2091827392578
141738,25.9906978607178
141739,39.4635848999023
141740,26.0286884307861
141741,25.5383815765381
141742,24.9183616638184
141743,22.5613899230957
141744,25.2756328582764
141745,37.4111938476562
141746,25.9794063568115
141747,25.3514347076416
141748,24.7703666687012
141749,22.2100086212158
141750,25.2974586486816
141751,35.7068099975586
141752,26.0855255126953
141753,24.8265533447266
141754,25.3150119781494
141755,23.5793266296387
141756,26.4824104309082
141757,38.4202690124512
141758,26.5601348876953
141759,25.1366004943848
141760,25.2763690948486
141761,23.7756233215332
141762,26.4884052276611
141763,41.4497833251953
141764,28.6237964630127
141765,25.8673667907715
141766,26.4333610534668
141767,26.0217704772949
141768,28.2294387817383
141769,42.5891075134277
141770,28.0528697967529
141771,26.1002063751221
141772,26.8348560333252
141773,26.3471565246582
141774,27.3882827758789
141775,47.1901664733887
141776,28.2633838653564
141777,28.5161037445068
141778,27.6351127624512
141779,27.2895393371582
141780,27.7464447021484
141781,56.0074462890625
141782,29.2438373565674
141783,30.2121810913086
141784,32.6499137878418
141785,30.8095245361328
141786,29.2638912200928
141787,46.4229011535645
141788,28.4959659576416
141789,29.3157844543457
141790,27.9433727264404
141791,28.1206073760986
141792,28.133544921875
141793,27.7432880401611
141794,24.6146717071533
141795,24.4715881347656
141796,23.6123199462891
141797,23.4600582122803
141798,24.3030948638916
141799,25.7772655487061
141800,23.1016483306885
141801,23.099250793457
141802,24.1293430328369
141803,22.3290328979492
141804,23.6808853149414
141805,24.071382522583
141806,24.337718963623
141807,23.2344017028809
141808,24.4226856231689
141809,24.8229084014893
141810,24.2570190429688
141811,23.7494564056396
141812,25.3908500671387
141813,23.6009349822998
141814,25.7986278533936
141815,26.2040977478027
141816,24.8289241790771
141817,24.7828598022461
141818,25.4552040100098
141819,24.0717639923096
141820,27.1913452148438
141821,26.5367794036865
141822,25.4524974822998
141823,24.4565753936768
141824,24.9645118713379
141825,25.194881439209
141826,29.1981220245361
141827,28.077428817749
141828,25.9663944244385
141829,24.4715061187744
141830,24.4240779876709
141831,25.4355068206787
141832,27.7944869995117
141833,28.6730270385742
141834,24.8114185333252
141835,25.802806854248
141836,26.1811809539795
141837,26.57102394104
141838,27.2242069244385
141839,27.3979454040527
141840,26.1403656005859
141841,49.827938079834
141842,33.6865196228027
141843,33.9001007080078
141844,34.2553749084473
141845,32.9573516845703
141846,34.6842079162598
141847,99.2563858032227
141848,44.7349967956543
141849,43.0595550537109
141850,44.7876625061035
141851,45.2441787719727
141852,47.1738510131836
141853,86.4564590454102
141854,43.0084915161133
141855,45.8803291320801
141856,46.3560256958008
141857,49.2408447265625
141858,54.2417831420898
141859,68.2765731811523
141860,32.9417953491211
141861,29.0293750762939
141862,35.2234840393066
141863,39.8805046081543
141864,34.3779754638672
141865,62.1788597106934
141866,24.9682178497314
141867,24.3284530639648
141868,26.1237506866455
141869,28.2513065338135
141870,22.5781478881836
141871,48.019416809082
141872,24.3689861297607
141873,23.9178447723389
141874,21.209924697876
141875,20.7089805603027
141876,24.4334526062012
141877,33.4248390197754
141878,23.9720420837402
141879,22.743616104126
141880,18.8708534240723
141881,18.1868152618408
141882,21.8602161407471
141883,34.5392379760742
141884,21.8365783691406
141885,21.0606861114502
141886,22.5950012207031
141887,16.0338859558105
141888,21.2628993988037
141889,32.3414421081543
141890,24.6561889648438
141891,22.8215312957764
141892,20.115327835083
141893,16.7274570465088
141894,23.7037925720215
141895,37.8717727661133
141896,25.0447864532471
141897,22.5052757263184
141898,21.9783477783203
141899,16.2194118499756
141900,25.3390731811523
141901,38.3242568969727
141902,25.4390106201172
141903,23.1418285369873
141904,23.5420398712158
141905,18.4821605682373
141906,25.6168251037598
141907,38.1267852783203
141908,25.6510486602783
141909,23.3440246582031
141910,23.1846656799316
141911,20.5058994293213
141912,26.5879421234131
141913,45.4771308898926
141914,24.1939258575439
141915,22.8550682067871
141916,23.7921199798584
141917,20.4546966552734
141918,24.7994613647461
141919,42.6089210510254
141920,21.499303817749
141921,23.3013801574707
141922,23.8628578186035
141923,22.4863014221191
141924,23.690637588501
141925,38.4915199279785
141926,20.6189727783203
141927,24.4871101379395
141928,24.2385025024414
141929,22.9829330444336
141930,20.4105625152588
141931,37.7923774719238
141932,19.2966327667236
141933,24.456298828125
141934,22.8164710998535
141935,22.9854373931885
141936,16.4391555786133
141937,13.9251480102539
141938,16.4421730041504
141939,19.3574962615967
141940,19.247428894043
141941,20.1637229919434
141942,11.3552551269531
141943,13.1968631744385
141944,12.6182565689087
141945,15.9829120635986
141946,19.6153144836426
141947,19.885856628418
141948,12.089376449585
141949,13.0652389526367
141950,11.4972887039185
141951,16.5310745239258
141952,21.2683601379395
141953,20.3927593231201
141954,10.5947370529175
141955,11.1124429702759
141956,9.37022304534912
141957,18.7828559875488
141958,22.0478839874268
141959,21.7782459259033
141960,8.61505222320557
141961,11.2910146713257
141962,6.17832183837891
141963,21.5335559844971
141964,23.129035949707
141965,23.6622867584229
141966,7.09431838989258
141967,11.1793775558472
141968,6.83937931060791
141969,22.7694091796875
141970,23.7075119018555
141971,24.2185535430908
141972,6.90271472930908
141973,12.6156044006348
141974,9.63574695587158
141975,23.5706367492676
141976,23.913911819458
141977,24.8543796539307
141978,9.69691276550293
141979,11.85915184021
141980,15.3403692245483
141981,24.658727645874
141982,25.0385456085205
141983,25.9364242553711
141984,13.5358972549438
141985,14.78977394104
141986,13.9660425186157
141987,26.7952671051025
141988,26.8220844268799
141989,27.5303974151611
141990,14.8193120956421
141991,27.6784915924072
141992,20.3310604095459
141993,31.7497577667236
141994,30.5531749725342
141995,31.4866123199463
141996,22.374698638916
141997,34.7522125244141
141998,21.341215133667
141999,31.3657207489014
142000,30.3085880279541
142001,29.8821620941162
142002,25.8041515350342
142003,31.5323123931885
142004,23.9126720428467
142005,18.0743370056152
142006,26.2346992492676
142007,26.9870281219482
142008,25.7501239776611
142009,31.4658241271973
142010,22.6545925140381
142011,17.7425136566162
142012,21.0203380584717
142013,22.1038990020752
142014,23.2774467468262
142015,31.0901336669922
142016,20.8513088226318
142017,17.5714912414551
142018,24.3712539672852
142019,18.8013286590576
142020,22.4563407897949
142021,26.0809097290039
142022,22.5427417755127
142023,16.9214248657227
142024,22.3979606628418
142025,21.306568145752
142026,23.2515468597412
142027,23.2491188049316
142028,14.9859991073608
142029,15.5324535369873
142030,6.80255508422852
142031,6.12385416030884
142032,11.6937580108643
142033,21.7862071990967
142034,9.94889545440674
142035,15.2997255325317
142036,9.73438549041748
142037,5.77910232543945
142038,10.2729520797729
142039,22.7827377319336
142040,9.76477813720703
142041,15.4548511505127
142042,6.5768141746521
142043,9.32474803924561
142044,9.66019248962402
142045,22.8784370422363
142046,9.40622711181641
142047,15.6830835342407
142048,7.25762939453125
142049,15.2671089172363
142050,9.6069393157959
142051,21.349889755249
142052,7.9667763710022
142053,15.7778930664062
142054,9.30827236175537
142055,5.05986785888672
142056,8.56176471710205
142057,21.3997859954834
142058,7.70008325576782
142059,17.2950305938721
142060,8.99038600921631
142061,16.2926845550537
142062,8.70020294189453
142063,23.7571811676025
142064,11.1311798095703
142065,21.2165203094482
142066,13.9280223846436
142067,14.9970626831055
142068,11.1787195205688
142069,21.0690402984619
142070,11.0062055587769
142071,21.724292755127
142072,18.8598728179932
142073,14.4966630935669
142074,11.428092956543
142075,15.5262660980225
142076,8.28640460968018
142077,16.7136421203613
142078,13.1327133178711
142079,11.5974998474121
142080,8.75634765625
142081,11.130841255188
142082,7.01989698410034
142083,12.3469171524048
142084,13.4463720321655
142085,10.1538019180298
142086,6.87593030929565
142087,8.43732261657715
142088,5.89228343963623
142089,10.9180841445923
142090,6.88151168823242
142091,7.10354995727539
142092,5.95299625396729
142093,8.1860294342041
142094,5.77102136611938
142095,10.3204898834229
142096,6.56452178955078
142097,5.58673667907715
142098,5.77102136611938
142099,7.44556522369385
142100,5.99137926101685
142101,10.3604307174683
142102,5.96569490432739
142103,5.36448097229004
142104,5.99137926101685
142105,8.50170135498047
142106,7.31483888626099
142107,10.254753112793
142108,5.93986654281616
142109,5.82811737060547
142110,7.35567140579224
142111,8.87590217590332
142112,7.81466150283813
142113,9.85491275787354
142114,6.8013916015625
142115,5.75392580032349
142116,7.81466150283813
142117,9.26173782348633
142118,7.79191732406616
142119,9.7597770690918
142120,6.54564714431763
142121,6.91754531860352
142122,7.79191732406616
142123,9.39146041870117
142124,7.91072273254395
142125,9.47369861602783
142126,6.62243604660034
142127,6.29892730712891
142128,7.87694263458252
142129,11.6722116470337
142130,9.23719024658203
142131,11.2602767944336
142132,7.47220325469971
142133,7.02045154571533
142134,9.23805999755859
142135,41.0624542236328
142136,20.3469524383545
142137,20.5055675506592
142138,18.0881862640381
142139,15.6120662689209
142140,20.2702751159668
142141,68.3417358398438
142142,41.3216018676758
142143,30.4570331573486
142144,29.8405513763428
142145,29.437183380127
142146,36.0524253845215
142147,65.6515960693359
142148,31.1741580963135
142149,28.73659324646
142150,28.3407897949219
142151,28.4132175445557
142152,32.2103500366211
142153,65.6075286865234
142154,28.6720905303955
142155,25.5548362731934
142156,23.887113571167
142157,25.0225009918213
142158,29.4451160430908
142159,67.8990173339844
142160,30.2491493225098
142161,24.8331031799316
142162,24.2679786682129
142163,27.4358787536621
142164,29.9890308380127
142165,63.3591575622559
142166,27.9713172912598
142167,24.5150508880615
142168,26.7073249816895
142169,30.9213562011719
142170,28.4986572265625
142171,76.5117263793945
142172,29.8386783599854
142173,26.2144947052002
142174,30.3651237487793
142175,30.0724678039551
142176,29.6340923309326
142177,82.4335174560547
142178,31.8262023925781
142179,27.7138442993164
142180,30.2727336883545
142181,30.6880855560303
142182,30.3781394958496
142183,70.8753890991211
142184,29.9082012176514
142185,27.1135921478271
142186,29.6814785003662
142187,30.003231048584
142188,29.8626289367676
142189,75.043815612793
142190,29.5998306274414
142191,26.7803440093994
142192,30.122257232666
142193,30.7357769012451
142194,29.5182399749756
142195,72.9226760864258
142196,30.0595588684082
142197,27.2528095245361
142198,36.4797668457031
142199,31.4718494415283
142200,31.4131984710693
142201,70.0878143310547
142202,31.7365341186523
142203,28.929407119751
142204,40.6131706237793
142205,39.772647857666
142206,31.7126903533936
142207,67.4966735839844
142208,34.8468894958496
142209,30.8744373321533
142210,44.5107688903809
142211,44.5749092102051
142212,35.0181617736816
142213,79.2326507568359
142214,50.8207740783691
142215,43.6703414916992
142216,279.9697265625
142217,295.687103271484
142218,51.0098190307617
142219,44.7237281799316
142220,31.1584320068359
142221,25.0812072753906
142222,38.6030502319336
142223,32.0560455322266
142224,32.1162986755371
142225,23.8972396850586
142226,23.7466411590576
142227,22.594747543335
142228,23.2017879486084
142229,23.2954502105713
142230,23.6858558654785
142231,20.903018951416
142232,21.4682731628418
142233,20.6199684143066
142234,21.8199996948242
142235,21.7955150604248
142236,21.3758487701416
142237,21.797758102417
142238,21.8717727661133
142239,20.8551559448242
142240,22.5443019866943
142241,23.1021900177002
142242,21.7234497070312
142243,20.9085445404053
142244,24.0778369903564
142245,22.3348579406738
142246,29.5003795623779
142247,29.5429439544678
142248,24.1703624725342
142249,20.5320281982422
142250,23.9684219360352
142251,21.901195526123
142252,24.7798156738281
142253,24.999605178833
142254,23.9684219360352
142255,23.8644771575928
142256,30.0384769439697
142257,22.9888000488281
142258,29.8552722930908
142259,29.7351779937744
142260,29.7628269195557
142261,22.5184211730957
142262,25.5181884765625
142263,21.8322639465332
142264,24.722318649292
142265,26.025707244873
142266,24.5613307952881
142267,22.2549057006836
142268,25.7881469726562
142269,22.8488349914551
142270,24.7862529754639
142271,25.4843692779541
142272,25.2510871887207
142273,31.9315147399902
142274,34.2792167663574
142275,36.1948394775391
142276,36.2901573181152
142277,36.856201171875
142278,34.2792167663574
142279,57.8459701538086
142280,54.7174034118652
142281,56.2108497619629
142282,95.2921981811523
142283,107.284996032715
142284,51.0894508361816
142285,63.8670310974121
142286,68.7646179199219
142287,292.892242431641
142288,299.127349853516
142289,298.629180908203
142290,68.7694473266602
142291,55.7446823120117
142292,46.5144653320312
142293,70.2663955688477
142294,70.2477416992188
142295,78.5319976806641
142296,55.6922721862793
142297,46.308708190918
142298,30.2983264923096
142299,35.0630264282227
142300,33.3349685668945
142301,35.1792259216309
142302,31.4049854278564
142303,37.7619857788086
142304,28.3447265625
142305,27.4852161407471
142306,28.3724060058594
142307,28.3977165222168
142308,27.493143081665
142309,34.2588043212891
142310,24.5764636993408
142311,26.1552410125732
142312,26.9391212463379
142313,26.2629299163818
142314,22.9207763671875
142315,44.7445831298828
142316,29.0527801513672
142317,28.3245067596436
142318,28.0352783203125
142319,26.3166980743408
142320,28.2244892120361
142321,44.7835884094238
142322,29.707649230957
142323,28.66086769104
142324,25.7902774810791
142325,25.6508884429932
142326,28.5950222015381
142327,56.3303642272949
142328,27.4538478851318
142329,35.7998352050781
142330,34.946361541748
142331,30.7072563171387
142332,28.3642253875732
142333,61.0210609436035
142334,29.0382556915283
142335,31.5488433837891
142336,30.257942199707
142337,29.695951461792
142338,28.0930786132812
142339,66.6525497436523
142340,31.3843307495117
142341,31.9326572418213
142342,31.5231914520264
142343,28.6057357788086
142344,29.8136749267578
142345,69.4123229980469
142346,39.1234245300293
142347,32.742244720459
142348,38.7134056091309
142349,31.4106845855713
142350,31.5744800567627
142351,69.1512069702148
142352,36.1685905456543
142353,35.640251159668
142354,42.5755653381348
142355,34.2753982543945
142356,34.9452476501465
142357,64.053352355957
142358,43.6096038818359
142359,43.2641716003418
142360,43.2099342346191
142361,43.750129699707
142362,43.0411338806152
142363,40.0655288696289
142364,30.8520374298096
142365,30.4429359436035
142366,30.445182800293
142367,31.2277450561523
142368,31.1885795593262
142369,21.7416210174561
142370,24.8471584320068
142371,24.691722869873
142372,23.5180149078369
142373,24.9230651855469
142374,24.3943672180176
142375,19.7250804901123
142376,24.7871055603027
142377,24.7546691894531
142378,24.9313716888428
142379,24.4726371765137
142380,24.2858085632324
142381,19.3220443725586
142382,20.8334350585938
142383,20.7334175109863
142384,20.8017158508301
142385,20.8825130462646
142386,20.8133583068848
142387,19.0952053070068
142388,21.2124309539795
142389,20.7443294525146
142390,20.6580619812012
142391,21.0825710296631
142392,21.0133094787598
142393,17.871753692627
142394,20.6101131439209
142395,20.4503993988037
142396,20.4953575134277
142397,20.9089889526367
142398,20.9595165252686
142399,17.5605792999268
142400,20.3644676208496
142401,20.4494476318359
142402,20.361701965332
142403,20.7956638336182
142404,20.2093849182129
142405,17.6475162506104
142406,20.132230758667
142407,22.6221218109131
142408,20.2230644226074
142409,20.64866065979
142410,20.2472438812256
142411,21.3724994659424
142412,21.7582492828369
142413,31.9826602935791
142414,24.0531139373779
142415,25.7471599578857
142416,21.8043518066406
142417,27.048059463501
142418,26.1789703369141
142419,26.5666427612305
142420,26.5634422302246
142421,26.6520462036133
142422,26.20823097229
142423,46.1597862243652
142424,53.305290222168
142425,45.4152641296387
142426,38.2993049621582
142427,37.6671142578125
142428,37.1425247192383
142429,38.8253974914551
142430,32.6481018066406
142431,31.3369960784912
142432,31.5662269592285
142433,31.31711769104
142434,31.8996868133545
142435,30.6011905670166
142436,26.7153968811035
142437,25.849630355835
142438,26.4183654785156
142439,26.183895111084
142440,26.5793075561523
142441,27.7460308074951
142442,23.0074520111084
142443,22.7716121673584
142444,24.3651027679443
142445,24.339635848999
142446,23.3372554779053
142447,26.7246398925781
142448,18.1178226470947
142449,21.3359565734863
142450,16.5390529632568
142451,23.4106521606445
142452,19.2305850982666
142453,25.759916305542
142454,21.7885494232178
142455,21.9035797119141
142456,17.4274940490723
142457,15.4739027023315
142458,16.7500972747803
142459,25.1808567047119
142460,21.6582202911377
142461,21.3934097290039
142462,18.4650650024414
142463,13.9460248947144
142464,15.0064821243286
142465,24.8990325927734
142466,22.2407913208008
142467,21.8134651184082
142468,20.6878509521484
142469,16.5134944915771
142470,15.9985466003418
142471,25.2838230133057
142472,23.2899723052979
142473,22.744213104248
142474,21.0334491729736
142475,16.9486064910889
142476,23.8969459533691
142477,25.4510822296143
142478,24.3673648834229
142479,23.2327575683594
142480,22.1442165374756
142481,17.4491329193115
142482,24.1429824829102
142483,27.0523662567139
142484,24.6085624694824
142485,24.2738170623779
142486,23.20849609375
142487,20.9958362579346
142488,23.9300842285156
142489,29.1324596405029
142490,24.3367214202881
142491,24.7055912017822
142492,23.9196949005127
142493,22.1537265777588
142494,25.0577621459961
142495,34.7782211303711
142496,22.38623046875
142497,26.7545166015625
142498,24.7756004333496
142499,23.1617851257324
142500,25.5627250671387
142501,42.4677238464355
142502,23.5327453613281
142503,26.4325523376465
142504,26.3260841369629
142505,24.2934551239014
142506,22.7216968536377
142507,44.7244148254395
142508,22.3433036804199
142509,25.9878559112549
142510,25.3314208984375
142511,25.5484676361084
142512,22.8984298706055
142513,23.0306510925293
142514,19.3061275482178
142515,21.345064163208
142516,21.5466442108154
142517,21.3157386779785
142518,18.3648986816406
142519,17.4944744110107
142520,14.0576343536377
142521,20.9668235778809
142522,18.6177997589111
142523,18.7407970428467
142524,14.6560611724854
142525,13.1150274276733
142526,13.5195617675781
142527,20.5279426574707
142528,16.9685115814209
142529,16.4077835083008
142530,12.1296844482422
142531,11.1054372787476
142532,13.4058332443237
142533,20.7134056091309
142534,16.0733985900879
142535,14.9231758117676
142536,12.0282697677612
142537,11.0884914398193
142538,14.5632772445679
142539,21.6685390472412
142540,18.1593685150146
142541,16.9220962524414
142542,14.2272033691406
142543,12.4761800765991
142544,15.5970325469971
142545,21.7441215515137
142546,18.6263847351074
142547,19.3056182861328
142548,15.3896293640137
142549,12.406210899353
142550,16.0894756317139
142551,22.1931629180908
142552,21.6606941223145
142553,20.3084583282471
142554,15.9422273635864
142555,12.4788122177124
142556,18.5087299346924
142557,22.5184955596924
142558,22.4558143615723
142559,22.4065589904785
142560,18.0285263061523
142561,21.2678871154785
142562,28.5380268096924
142563,30.2184543609619
142564,30.4030113220215
142565,30.7134876251221
142566,27.599609375
142567,48.1206130981445
142568,40.3066177368164
142569,38.3514518737793
142570,39.7089004516602
142571,40.1008071899414
142572,37.5063591003418
142573,55.1880722045898
142574,39.2947578430176
142575,34.5820465087891
142576,44.401309967041
142577,38.8016738891602
142578,39.1652145385742
142579,57.5757026672363
142580,34.5181732177734
142581,28.1539211273193
142582,27.8805484771729
142583,29.6199359893799
142584,34.763126373291
142585,57.287769317627
142586,29.5851402282715
142587,24.0475387573242
142588,21.1891021728516
142589,21.1234855651855
142590,30.1300315856934
142591,60.1091461181641
142592,29.3214855194092
142593,22.4368476867676
142594,20.2209281921387
142595,19.8704147338867
142596,28.6174621582031
142597,56.8592185974121
142598,28.2218971252441
142599,20.0351028442383
142600,20.14621925354
142601,25.0999488830566
142602,27.3095397949219
142603,77.9568939208984
142604,29.7032527923584
142605,23.0261497497559
142606,23.7104053497314
142607,18.5468559265137
142608,28.475887298584
142609,76.7124786376953
142610,29.616828918457
142611,24.2454605102539
142612,13.2060928344727
142613,14.3983383178711
142614,28.2162952423096
142621,69.490852355957
142622,28.945104598999
142623,26.9672946929932
142624,17.6685371398926
142625,20.4506320953369
142626,28.5661888122559
142627,69.2809600830078
142628,28.9502239227295
142629,25.869161605835
142630,16.7308483123779
142631,24.014612197876
142632,29.3663158416748
142633,70.8756942749023
142634,29.3747482299805
142635,26.1426677703857
142636,24.9765720367432
142637,26.7864322662354
142638,30.0409679412842
142639,64.8051147460938
142640,28.8723449707031
142641,25.257495880127
142642,24.5299682617188
142643,26.1775894165039
142644,29.3639640808105
142645,60.1854972839355
142646,29.52516746521
142647,24.2769031524658
142648,26.3388042449951
142649,26.9358062744141
142650,29.8655128479004
142651,45.6061401367188
142652,27.1091575622559
142653,25.357271194458
142654,22.4657230377197
142655,24.940746307373
142656,27.65553855896
142657,19.7714920043945
142658,20.0064296722412
142659,17.2046051025391
142660,18.1643257141113
142661,19.581371307373
142662,20.0201683044434
142663,18.8457374572754
142664,17.2180213928223
142665,15.8926620483398
142666,18.9236145019531
142667,18.2120532989502
142668,17.5778102874756
142669,19.6481056213379
142670,18.4114971160889
142671,15.6862525939941
142672,18.0444145202637
142673,18.0700454711914
142674,17.8086128234863
142675,17.2329692840576
142676,16.3900604248047
142677,18.0668163299561
142678,18.2454395294189
142679,18.1731109619141
142680,15.9719085693359
142681,17.5652389526367
142682,16.6810188293457
142683,18.188138961792
142684,18.5064868927002
142685,18.4111213684082
142686,16.3209953308105
142687,16.8050365447998
142688,16.5462512969971
142689,19.118616104126
142690,18.9206695556641
142691,18.8424949645996
142692,16.1555824279785
142693,16.3300724029541
142694,16.5039939880371
142695,18.6328201293945
142696,18.3467617034912
142697,18.4601535797119
142698,16.2933883666992
142699,16.1507892608643
142700,16.4829177856445
142701,17.9824733734131
142702,17.733268737793
142703,17.9238052368164
142704,16.1063995361328
142705,20.0181560516357
142706,20.4325180053711
142707,21.8161869049072
142708,21.6961574554443
142709,21.4747619628906
142710,20.4233703613281
142711,45.214469909668
142712,35.3806762695312
142713,36.4249992370605
142714,36.6685104370117
142715,36.6645889282227
142716,35.502498626709
142717,49.368782043457
142718,31.4018249511719
142719,41.8856010437012
142720,37.9570388793945
142721,37.7050399780273
142722,31.4018249511719
142723,31.2548332214355
142724,24.6010780334473
142725,27.9793834686279
142726,27.7946739196777
142727,28.0885829925537
142728,25.734317779541
142729,25.5033016204834
142730,19.9790592193604
142731,25.5932369232178
142732,25.4317150115967
142733,25.3690872192383
142734,19.6899833679199
142735,23.015287399292
142736,17.5689144134521
142737,24.1103401184082
142738,24.1057777404785
142739,23.7746810913086
142740,17.2335605621338
142741,22.1853771209717
142742,16.6114101409912
142743,23.7268905639648
142744,22.7733764648438
142745,22.3396472930908
142746,15.9153919219971
142747,32.4080810546875
142748,23.0023803710938
142749,25.0431613922119
142750,20.451530456543
142751,22.990909576416
142752,23.0023803710938
142753,19.6606559753418
142754,12.3054761886597
142755,22.0893096923828
142756,20.188627243042
142757,17.6035556793213
142758,10.5505466461182
142759,20.2618980407715
142760,14.3465280532837
142761,22.6454772949219
142762,22.7194194793701
142763,20.5439205169678
142764,12.1434669494629
142765,21.2076644897461
142766,15.0749797821045
142767,22.8634490966797
142768,23.0249366760254
142769,22.1403121948242
142770,13.9268503189087
142771,21.7677116394043
142772,15.6040086746216
142773,23.2226638793945
142774,23.1080055236816
142775,22.9118156433105
142776,14.6597118377686
142777,23.2106151580811
142778,18.1955261230469
142779,23.3292179107666
142780,23.1585102081299
142781,22.6788158416748
142782,18.0321960449219
142783,23.7591648101807
142784,18.5446357727051
142785,23.4663162231445
142786,23.516881942749
142787,23.4049835205078
142788,18.161283493042
142789,30.6570224761963
142790,21.5247077941895
142791,26.1291999816895
142792,24.829496383667
142793,25.7510452270508
142794,21.173267364502
142795,22.1951465606689
142796,20.8648738861084
142797,24.9211826324463
142798,23.9794025421143
142799,23.876070022583
142800,21.2663955688477
142801,15.0905284881592
142802,18.7679595947266
142803,19.5516242980957
142804,20.2900009155273
142805,19.9044380187988
142806,18.2975158691406
142807,13.6909589767456
142808,16.7434539794922
142809,19.0384464263916
142810,19.4331932067871
142811,18.8961181640625
142812,17.2732925415039
142813,18.0252590179443
142814,17.9529342651367
142815,23.6528205871582
142816,23.1474514007568
142817,23.0712203979492
142818,18.0333614349365
142819,18.1000347137451
142820,19.538703918457
142821,23.5476989746094
142822,22.7978267669678
142823,23.4868564605713
142824,19.8032379150391
142825,17.4673919677734
142826,18.8552532196045
142827,22.98561668396
142828,22.2607822418213
142829,22.549783706665
142830,18.5629653930664
142831,17.4019908905029
142832,17.4468040466309
142833,22.3931217193604
142834,22.2038230895996
142835,23.0914478302002
142836,17.2796401977539
142837,18.8981761932373
142838,17.5883522033691
142839,23.1694374084473
142840,23.9742107391357
142841,23.9306564331055
142842,18.2494258880615
142843,16.3718128204346
142844,16.4256572723389
142845,21.1133441925049
142846,21.4822235107422
142847,21.6721706390381
142848,16.2222995758057
142849,19.4164905548096
142850,19.3724193572998
142851,25.0264759063721
142852,24.6920204162598
142853,24.7188034057617
142854,18.745189666748
142855,34.7571296691895
142856,27.7098979949951
142857,34.4813079833984
142858,35.6137351989746
142859,35.4149017333984
142860,26.3019771575928
142861,29.1197757720947
142862,23.5966377258301
142863,29.7152500152588
142864,30.1109657287598
142865,29.5946197509766
142866,22.2317905426025
142867,24.7700042724609
142868,17.2716846466064
142869,25.6407680511475
142870,26.8808536529541
142871,26.0984477996826
142872,16.2677230834961
142873,22.538761138916
142874,13.0688848495483
142875,22.6291179656982
142876,18.0848178863525
142877,17.7041912078857
142878,12.2402334213257
142879,21.8823661804199
142880,12.2182168960571
142881,22.0931835174561
142882,17.1354808807373
142883,15.2160768508911
142884,10.7958383560181
142885,21.5632705688477
142886,11.1732063293457
142887,21.2502784729004
142888,18.551155090332
142889,13.9268388748169
142890,9.1690502166748
142891,14.0687608718872
142892,8.4111156463623
142893,21.4445877075195
142894,20.3349876403809
142895,13.0799903869629
142896,7.46492481231689
142897,20.6779022216797
142898,10.0065107345581
142899,19.9352378845215
142900,18.7440986633301
142901,13.7821264266968
142902,9.95886898040771
142903,21.0789012908936
142904,12.1736707687378
142905,20.5505523681641
142906,19.4705715179443
142907,15.1748723983765
142908,11.8570804595947
142909,20.6078968048096
142910,10.6542558670044
142911,20.8026924133301
142912,19.296838760376
142913,16.1205768585205
142914,12.4225549697876
142915,20.9636154174805
142916,12.3496150970459
142917,21.2095928192139
142918,20.1378135681152
142919,17.5879573822021
142920,12.9812364578247
142921,21.1068954467773
142922,12.920090675354
142923,21.757905960083
142924,21.6356163024902
142925,19.7102565765381
142926,14.1746501922607
142927,21.6232089996338
142928,15.3709135055542
142929,23.2330894470215
142930,22.8352146148682
142931,21.7486324310303
142932,17.7432746887207
142933,25.505500793457
142934,21.5062446594238
142935,23.9995765686035
142936,23.9311676025391
142937,23.6612129211426
142938,22.2965469360352
142939,19.7989139556885
142940,19.4674110412598
142941,23.4066200256348
142942,23.4748592376709
142943,22.9085178375244
142944,19.4550647735596
142945,12.1367330551147
142946,15.2001113891602
142947,16.5333461761475
142948,16.5002479553223
142949,16.0096321105957
142950,12.4983854293823
142951,11.2793922424316
142952,13.7963848114014
142953,16.034574508667
142954,15.9401836395264
142955,15.2428216934204
142956,12.7300109863281
142957,10.9522571563721
142958,11.9389295578003
142959,16.0195178985596
142960,16.0312213897705
142961,15.4889802932739
142962,10.8776798248291
142963,11.6324796676636
142964,11.4182605743408
142965,16.0567150115967
142966,15.9033422470093
142967,15.5345344543457
142968,11.098708152771
142969,11.9811811447144
142970,11.7154741287231
142971,16.1453952789307
142972,17.7113018035889
142973,16.5755310058594
142974,11.1477508544922
142975,13.0720529556274
142976,10.5222682952881
142977,17.5636348724365
142978,18.1247501373291
142979,17.6662578582764
142980,10.6340503692627
142981,13.5467329025269
142982,9.81830787658691
142983,17.2146167755127
142984,18.335277557373
142985,17.996395111084
142986,10.5250587463379
142987,13.7083034515381
142988,8.6787166595459
142989,17.3146114349365
142990,17.7433967590332
142991,17.9903354644775
142992,10.6290788650513
142993,18.9296550750732
142994,12.9103088378906
142995,21.6462841033936
142996,22.6106777191162
142997,22.0064277648926
142998,13.6643180847168
142999,34.1105117797852
143000,22.4111976623535
143001,31.0987701416016
143002,31.3510913848877
143003,30.8744354248047
143004,20.4866161346436
143005,28.4988594055176
143006,22.8526668548584
143007,27.9001712799072
143008,27.3143463134766
143009,28.0959930419922
143010,20.139720916748
143011,24.0671997070312
143012,15.2066793441772
143013,25.1885318756104
143014,23.3010406494141
143015,25.4802665710449
143016,13.7583227157593
143017,22.7242069244385
143018,11.2877578735352
143019,23.0107955932617
143020,20.5948028564453
143021,19.8789958953857
143022,10.9747142791748
143023,21.4477806091309
143024,11.3649616241455
143025,21.7255516052246
143026,19.9115123748779
143027,20.3517990112305
143028,11.1006650924683
143029,21.6236248016357
143030,10.1507844924927
143031,20.4483299255371
143032,18.299015045166
143033,18.7044048309326
143034,9.81956481933594
143035,20.1629962921143
143036,9.44263172149658
143037,19.3736438751221
143038,20.3012218475342
143039,13.4457807540894
143040,8.52284336090088
143041,20.5657539367676
143042,9.24594974517822
143043,17.5866622924805
143044,19.8066864013672
143045,14.3622961044312
143046,8.01118183135986
143047,19.621976852417
143048,9.03304672241211
143049,18.5691375732422
143050,20.6189937591553
143051,15.2041816711426
143052,7.34925174713135
143053,20.9892063140869
143054,11.0915594100952
143055,19.8978614807129
143056,21.6708850860596
143057,17.7722396850586
143058,9.15894794464111
143059,20.7090187072754
143060,14.1584692001343
143061,20.0567150115967
143062,22.258960723877
143063,20.7338066101074
143064,10.7229814529419
143065,22.1318511962891
143066,14.1141700744629
143067,20.9906482696533
143068,23.1048431396484
143069,22.4843235015869
143070,15.8920459747314
143071,27.0097332000732
143072,16.9779968261719
143073,22.1306343078613
143074,23.4426422119141
143075,23.3164768218994
143076,14.6549406051636
143077,28.1146907806396
143078,19.0769863128662
143079,22.3737106323242
143080,23.9364566802979
143081,23.8318462371826
143082,14.8369226455688
143083,27.7459106445312
143084,18.3468780517578
143085,22.7994709014893
143086,23.745641708374
143087,24.1881484985352
143088,20.0567855834961
143089,19.0095539093018
143090,16.8835544586182
143091,19.7429790496826
143092,20.4179515838623
143093,20.7553081512451
143094,14.7138223648071
143095,19.6023387908936
143096,19.0280227661133
143097,18.8741550445557
143098,20.1920909881592
143099,19.0606708526611
143100,18.1995582580566
143101,21.1844692230225
143102,20.2095336914062
143103,20.1648826599121
143104,20.4348602294922
143105,18.3675956726074
143106,18.560962677002
143107,22.4762897491455
143108,22.7930030822754
143109,22.6514377593994
143110,22.7170715332031
143111,20.8642044067383
143112,23.8742866516113
143113,22.6847915649414
143114,21.3454265594482
143115,22.7887134552002
143116,22.8467655181885
143117,22.5596294403076
143118,23.2816009521484
143119,23.8080024719238
143120,22.1230354309082
143121,23.5478019714355
143122,22.8727703094482
143123,23.5473232269287
143124,24.6149673461914
143125,23.0040149688721
143126,22.6197109222412
143127,23.5608520507812
143128,23.8673572540283
143129,23.7352027893066
143130,23.6209259033203
143131,23.8935089111328
143132,22.545431137085
143133,24.9760799407959
143134,24.6400165557861
143135,24.4688587188721
143136,24.6103897094727
143137,41.5739631652832
143138,31.5201091766357
143139,34.5257911682129
143140,33.04931640625
143141,34.2288055419922
143142,33.3551177978516
143143,85.3279800415039
143144,55.1731300354004
143145,62.0972366333008
143146,59.8737678527832
143147,60.5012359619141
143148,55.8503761291504
143149,104.596893310547
143150,35.2302589416504
143151,47.3455009460449
143152,39.8044548034668
143153,49.1762046813965
143154,32.201774597168
143155,76.1268081665039
143156,31.0777626037598
143157,30.9036464691162
143158,36.9359169006348
143159,36.8577041625977
143160,27.3278560638428
143161,75.3306503295898
143162,22.4054489135742
143163,25.5262451171875
143164,34.4846839904785
143165,34.4139976501465
143166,23.6627616882324
143167,44.8886528015137
143168,22.0689849853516
143169,25.6444435119629
143170,22.5952110290527
143171,21.7540340423584
143172,21.4281921386719
143173,33.4923629760742
143174,20.9612522125244
143175,23.1434669494629
143176,19.7340812683105
143177,20.1099605560303
143178,20.87717628479
143179,38.4362831115723
143180,20.9841194152832
143181,23.5853099822998
143182,22.0997581481934
143183,20.312931060791
143184,22.3345127105713
143185,41.7842178344727
143186,25.5977401733398
143187,23.75026512146
143188,26.0897464752197
143189,21.1315860748291
143190,25.0923480987549
143191,45.3895454406738
143192,28.631139755249
143193,24.9218730926514
143194,27.0585346221924
143195,23.8813323974609
143196,28.0873908996582
143197,47.0503997802734
143198,29.7165088653564
143199,25.8981666564941
143200,27.235258102417
143201,24.7159061431885
143202,28.5570449829102
143203,56.2795677185059
143204,33.8858451843262
143205,25.8128414154053
143206,29.3522319793701
143207,26.6168594360352
143208,33.8493309020996
143209,68.5218200683594
143210,30.2991027832031
143211,25.7862339019775
143212,27.682674407959
143213,27.0072765350342
143214,30.8977584838867
143215,67.5866394042969
143216,32.3135604858398
143217,29.8264255523682
143218,28.6051006317139
143219,27.3788814544678
143220,31.9603786468506
143221,66.6803588867188
143222,40.6468849182129
143223,30.2593650817871
143224,30.5158596038818
143225,29.4477615356445
143226,39.9963340759277
143227,63.4139633178711
143228,31.4425010681152
143229,29.4167785644531
143230,28.2757148742676
143231,26.9768180847168
143232,31.2760047912598
143233,27.3228168487549
143234,23.9817485809326
143235,23.7250442504883
143236,23.5743846893311
143237,23.3372268676758
143238,23.6139583587646
143239,24.0137405395508
143240,24.2631454467773
143241,22.1776065826416
143242,22.0352020263672
143243,21.2325992584229
143244,24.0642566680908
143245,23.8406944274902
143246,24.0711879730225
143247,22.3085403442383
143248,22.7261981964111
143249,22.0140972137451
143250,24.1371955871582
143251,23.5078830718994
143252,23.5551681518555
143253,23.2679405212402
143254,22.7146892547607
143255,22.1715984344482
143256,23.7191696166992
143257,22.553050994873
143258,22.6117935180664
143259,23.3569526672363
143260,23.1349239349365
143261,22.9664287567139
143262,22.3778667449951
143263,21.2188701629639
143264,20.9756546020508
143265,22.9411277770996
143266,22.7348136901855
143267,22.2249546051025
143268,20.9718475341797
143269,21.1461486816406
143270,19.6586055755615
143271,22.3881244659424
143272,22.4500293731689
143273,21.8328456878662
143274,19.4925594329834
143275,20.3752994537354
143276,18.5898284912109
143277,22.9382152557373
143278,22.9883861541748
143279,22.1194820404053
143280,18.6287307739258
143281,26.1630172729492
143282,20.7965545654297
143283,27.207555770874
143284,26.4298877716064
143285,26.0876121520996
143286,21.4014358520508
143287,60.3243789672852
143288,31.9332904815674
143289,40.6778602600098
143290,35.4168281555176
143291,37.4828567504883
143292,30.760763168335
143293,50.212776184082
143294,25.3166828155518
143295,29.8413124084473
143296,31.1445598602295
143297,30.7471179962158
143298,27.5821514129639
143299,31.9031200408936
143300,20.0060958862305
143301,24.7863311767578
143302,28.7698040008545
143303,28.8743705749512
143304,21.4234848022461
143305,27.461181640625
143306,16.8230228424072
143307,22.5717105865479
143308,26.0058002471924
143309,25.7218933105469
143310,17.7688541412354
143311,29.9889240264893
143312,15.468692779541
143313,21.6354923248291
143314,18.3437881469727
143315,19.5473556518555
143316,16.88161277771
143317,25.822208404541
143318,14.8688592910767
143319,20.9752769470215
143320,18.6270389556885
143321,16.5579929351807
143322,14.5628519058228
143323,24.0427894592285
143324,15.0962200164795
143325,20.9150905609131
143326,20.9456939697266
143327,14.7137775421143
143328,12.8568658828735
143329,28.9764957427979
143330,21.1315727233887
143331,20.5137748718262
143332,21.6000347137451
143333,17.5656280517578
143334,20.924840927124
143335,32.7489395141602
143336,19.1368827819824
143337,20.7981948852539
143338,20.5464286804199
143339,18.7883548736572
143340,22.0527954101562
143341,41.2815093994141
143342,15.1488275527954
143343,20.5642757415771
143344,22.1982116699219
143345,18.4339408874512
143346,23.4195880889893
143347,43.7207489013672
143348,16.2418308258057
143349,21.0227146148682
143350,22.0047798156738
143351,18.7600364685059
143352,22.2503814697266
143353,44.4747505187988
143354,15.2969551086426
143355,21.013204574585
143356,22.7834873199463
143357,19.160831451416
143358,21.3632736206055
143359,35.663932800293
143360,15.4752616882324
143361,21.515453338623
143362,23.4464149475098
143363,21.5061836242676
143364,18.7969608306885
143365,31.9065532684326
143366,16.1758594512939
143367,22.9344463348389
143368,25.3059787750244
143369,23.4440040588379
143370,17.6194171905518
143371,27.9705410003662
143372,17.7292747497559
143373,22.5427360534668
143374,25.3164978027344
143375,23.8588218688965
143376,18.3525581359863
143377,19.8388004302979
143378,15.923508644104
143379,19.9163093566895
143380,21.5231952667236
143381,20.4094543457031
143382,16.2096118927002
143383,18.2044105529785
143384,13.3326807022095
143385,15.7029323577881
143386,21.8742160797119
143387,19.3344535827637
143388,13.3644399642944
143389,17.1120109558105
143390,15.1074352264404
143391,16.3331661224365
143392,21.3914813995361
143393,18.6457195281982
143394,13.7764167785645
143395,18.8896465301514
143396,16.7523994445801
143397,18.2479248046875
143398,21.8870277404785
143399,20.1903514862061
143400,16.2453899383545
143401,19.1394901275635
143402,17.3532066345215
143403,20.0183124542236
143404,22.6852493286133
143405,22.3255310058594
143406,17.5773468017578
143407,21.3300952911377
143408,18.612491607666
143409,21.6814079284668
143410,23.0618495941162
143411,22.9807071685791
143412,18.1303043365479
143413,22.7076568603516
143414,21.6746921539307
143415,22.3040771484375
143416,25.2763023376465
143417,23.8001728057861
143418,20.8787899017334
143419,27.0279102325439
143420,27.0824527740479
143421,25.2991142272949
143422,27.8329677581787
143423,26.5759372711182
143424,25.5385704040527
143425,40.7015991210938
143426,43.4376945495605
143427,36.2778396606445
143428,36.7737236022949
143429,36.2683067321777
143430,43.6636772155762
143431,66.9246673583984
143432,68.5479354858398
143433,60.5748710632324
143434,63.2953300476074
143435,61.8361549377441
143436,67.983772277832
143437,84.1651382446289
143438,54.4498596191406
143439,49.1538276672363
143440,50.9433555603027
143441,48.8579216003418
143442,59.1107177734375
143443,63.9627494812012
143444,41.2197265625
143445,31.5669612884521
143446,37.3986701965332
143447,37.850399017334
143448,43.1521224975586
143449,65.1253662109375
143450,40.3054847717285
143451,31.2440719604492
143452,30.270357131958
143453,38.0177230834961
143454,48.6540832519531
143455,61.9097099304199
143456,44.2143058776855
143457,29.4159049987793
143458,28.2842254638672
143459,29.624532699585
143460,46.7777519226074
143461,55.5365715026855
143462,27.5556411743164
143463,25.1688804626465
143464,23.931453704834
143465,21.3571376800537
143466,27.5130653381348
143467,54.0300064086914
143468,26.8867702484131
143469,24.3416996002197
143470,25.2792701721191
143471,21.8782691955566
143472,26.941349029541
143473,47.1467819213867
143474,26.8846035003662
143475,27.3144340515137
143476,26.746129989624
143477,23.8817958831787
143478,27.2518692016602
143479,48.787467956543
143480,27.0353336334229
143481,26.277322769165
143482,26.2094440460205
143483,25.3291606903076
143484,28.7845439910889
143485,47.5366630554199
143486,26.6386642456055
143487,26.0643539428711
143488,25.9421348571777
143489,26.0722503662109
143490,26.7517776489258
143491,53.4905281066895
143492,26.9571228027344
143493,25.4948902130127
143494,26.0069007873535
143495,26.1232032775879
143496,26.7423496246338
143497,52.6023330688477
143498,37.8065872192383
143499,24.5363140106201
143500,26.841760635376
143501,26.9791927337646
143502,36.6818733215332
143503,50.1375122070312
143504,34.1757049560547
143505,23.9171772003174
143506,26.8195724487305
143507,26.876293182373
143508,37.409740447998
143509,44.0776596069336
143510,30.5487117767334
143511,25.2510662078857
143512,28.8470211029053
143513,27.7884426116943
143514,35.8779983520508
143515,37.330249786377
143516,28.9511852264404
143517,24.1170330047607
143518,26.9822254180908
143519,29.013256072998
143520,30.3480968475342
143521,22.9343891143799
143522,22.8598346710205
143523,20.6832675933838
143524,22.665319442749
143525,22.273193359375
143526,24.0375556945801
143527,17.362190246582
143528,21.2929515838623
143529,21.1608638763428
143530,22.044885635376
143531,22.0350570678711
143532,21.4864158630371
143533,17.9613342285156
143534,21.0792694091797
143535,22.9680957794189
143536,23.4641819000244
143537,23.2059650421143
143538,20.8412132263184
143539,19.7771091461182
143540,21.0205135345459
143541,22.8991966247559
143542,23.6916980743408
143543,23.6053028106689
143544,21.0558261871338
143545,21.7421264648438
143546,22.1116523742676
143547,23.7150650024414
143548,24.1749687194824
143549,24.1782455444336
143550,21.9202747344971
143551,21.7842235565186
143552,21.0716857910156
143553,24.0162105560303
143554,24.4360637664795
143555,24.1349430084229
143556,23.0768699645996
143557,21.7570476531982
143558,20.9224586486816
143559,22.6556854248047
143560,24.5740280151367
143561,25.2721748352051
143562,22.2282772064209
143563,21.8229236602783
143564,17.6585845947266
143565,22.71169090271
143566,24.647102355957
143567,25.5670719146729
143568,19.9670886993408
143569,30.1230182647705
143570,16.515661239624
143571,27.9502353668213
143572,27.7472496032715
143573,28.9053058624268
143574,17.5045013427734
143575,59.6960411071777
143576,22.5297584533691
143577,42.3620643615723
143578,41.4024353027344
143579,42.9373626708984
143580,21.3087539672852
143581,65.8499526977539
143582,19.9463920593262
143583,32.2980842590332
143584,31.1469650268555
143585,31.131462097168
143586,19.8162746429443
143587,54.2190895080566
143588,18.2998180389404
143589,28.9685153961182
143590,28.7951984405518
143591,29.1426696777344
143592,17.5198040008545
143593,29.9461498260498
143594,17.9517726898193
143595,26.58642578125
143596,26.2939071655273
143597,26.4339237213135
143598,16.1841144561768
143599,29.1946697235107
143600,17.6034393310547
143601,26.3508529663086
143602,26.3418121337891
143603,26.8205394744873
143604,16.2921276092529
143605,27.6358203887939
143606,18.6584873199463
143607,23.7695808410645
143608,23.2787761688232
143609,23.5931816101074
143610,16.3338413238525
143611,26.8675498962402
143612,18.831356048584
143613,23.6489715576172
143614,23.5180931091309
143615,23.444278717041
143616,18.8413143157959
143617,27.5073947906494
143618,17.6733283996582
143619,23.7924709320068
143620,23.7126197814941
143621,23.6383762359619
143622,16.2490367889404
143623,26.7730445861816
143624,16.3337898254395
143625,24.1633167266846
143626,23.719165802002
143627,23.2709712982178
143628,15.9787864685059
143629,27.2187156677246
143630,17.0931015014648
143631,23.3507480621338
143632,23.9703140258789
143633,23.6458473205566
143634,15.7544918060303
143635,26.7031345367432
143636,18.7056407928467
143637,19.0369110107422
143638,23.7969570159912
143639,23.5937824249268
143640,16.8137187957764
143641,26.4991970062256
143642,19.7065620422363
143643,17.4545574188232
143644,23.982852935791
143645,23.7005996704102
143646,16.7246379852295
143647,27.017749786377
143648,18.8367805480957
143649,16.6797885894775
143650,23.7414417266846
143651,23.2948989868164
143652,18.3000335693359
143653,25.7140731811523
143654,21.4703884124756
143655,16.1821899414062
143656,24.0542526245117
143657,16.3435344696045
143658,18.6084156036377
143659,21.7916107177734
143660,19.3922519683838
143661,14.9076137542725
143662,14.2135763168335
143663,17.0474910736084
143664,19.4155216217041
143665,11.4976415634155
143666,14.9872798919678
143667,11.6612930297852
143668,9.29941940307617
143669,5.97359848022461
143670,11.1355094909668
143671,9.52877616882324
143672,8.41430187225342
143673,10.1721429824829
143674,6.36136388778687
143675,7.21208524703979
143676,9.22010326385498
143677,8.68566226959229
143678,8.17153835296631
143679,9.12056350708008
143680,6.55459690093994
143681,9.58776378631592
143682,7.80024671554565
143683,8.95250225067139
143684,7.92336559295654
143685,9.1546745300293
143686,7.02530431747437
143687,9.67718982696533
143688,8.38401126861572
143689,9.97718143463135
143690,8.21541023254395
143691,8.98842334747314
143692,7.4689507484436
143693,11.5254039764404
143694,8.04207420349121
143695,11.2746114730835
143696,9.97805690765381
143697,9.39529323577881
143698,9.4686336517334
143699,12.2249002456665
143700,8.79652214050293
143701,12.1384706497192
143702,11.2274732589722
143703,8.92503833770752
143704,12.9132070541382
143705,11.9957971572876
143706,10.4541969299316
143707,12.7481441497803
143708,11.9078922271729
143709,9.06219863891602
143710,6.81593179702759
143711,13.5761461257935
143712,11.0018043518066
143713,17.3862819671631
143714,16.957727432251
143715,12.7130165100098
143716,15.5932321548462
143717,17.6036167144775
143718,16.039758682251
143719,42.8235816955566
143720,28.0617637634277
143721,21.6994953155518
143722,23.7033996582031
143723,29.7042179107666
143724,28.0832328796387
143725,58.2655448913574
143726,29.7828273773193
143727,24.8304462432861
143728,30.4589290618896
143729,31.6767673492432
143730,29.6770343780518
143731,59.8603248596191
143732,30.2825622558594
143733,24.9850635528564
143734,30.9968738555908
143735,31.1750164031982
143736,29.587574005127
143737,57.5110397338867
143738,27.7324695587158
143739,22.5108318328857
143740,28.4759712219238
143741,29.7922782897949
143742,26.997594833374
143743,47.0034103393555
143744,26.6513862609863
143745,23.1187191009521
143746,23.337833404541
143747,28.0197124481201
143748,28.0178604125977
143749,43.7094917297363
143750,27.6444644927979
143751,22.7454814910889
143752,20.5197696685791
143753,23.5523014068604
143754,27.9864521026611
143755,54.5958633422852
143756,27.9819755554199
143757,21.8377876281738
143758,16.9765586853027
143759,21.5048789978027
143760,28.1511917114258
143761,55.3553352355957
143762,29.0916728973389
143763,21.3935565948486
143764,18.4710140228271
143765,19.1218414306641
143766,29.0916728973389
143767,59.6462860107422
143768,29.3978900909424
143769,21.8547840118408
143770,16.7664756774902
143771,18.9587993621826
143772,30.2105751037598
143773,67.8197860717773
143774,32.4173278808594
143775,25.3032360076904
143776,23.4862098693848
143777,20.2799549102783
143778,30.6546230316162
143779,61.5012474060059
143780,34.8174476623535
143781,23.5209503173828
143782,27.2200241088867
143783,26.0741214752197
143784,34.8174476623535
143785,64.2711715698242
143786,35.4906997680664
143787,27.1655750274658
143788,30.8601856231689
143789,26.6706047058105
143790,35.2302017211914
143791,69.6639785766602
143792,50.6650695800781
143793,27.9535140991211
143794,42.3601913452148
143795,33.691707611084
143796,36.356330871582
143797,494.610382080078
143798,58.6044082641602
143799,35.8683624267578
143800,55.1140556335449
143801,55.5018310546875
143802,60.9070472717285
143803,76.6897125244141
143804,54.2834663391113
143805,33.0251922607422
143806,48.1696166992188
143807,52.3914413452148
143808,51.3174324035645
143809,27.6272945404053
143810,25.0717391967773
143811,20.0108699798584
143812,23.2939338684082
143813,23.9266967773438
143814,25.124116897583
143815,25.4095039367676
143816,22.5836963653564
143817,15.6103105545044
143818,19.6125583648682
143819,21.7677440643311
143820,22.5836963653564
143821,26.7014141082764
143822,22.7011222839355
143823,14.3425197601318
143824,20.1512336730957
143825,20.5756893157959
143826,22.539270401001
143827,25.3084812164307
143828,21.7629489898682
143829,15.5354223251343
143830,19.2780818939209
143831,19.8502330780029
143832,21.7629489898682
143833,24.3241443634033
143834,21.618501663208
143835,15.0707921981812
143836,18.8748073577881
143837,19.1467056274414
143838,21.5986022949219
143839,27.4729957580566
143840,25.3221321105957
143841,15.2096376419067
143842,19.5485324859619
143843,20.6909866333008
143844,26.0063629150391
143845,20.0809307098389
143846,19.9344425201416
143847,14.3996534347534
143848,18.4036407470703
143849,18.9724159240723
143850,19.9344425201416
143851,20.2268695831299
143852,20.4144096374512
143853,15.1027536392212
143854,18.9326324462891
143855,19.5279178619385
143856,20.4144096374512
143857,29.8065738677979
143858,25.5117301940918
143859,23.5264930725098
143860,25.5968284606934
143861,25.6777534484863
143862,25.5634174346924
143863,61.8989105224609
143864,42.1789016723633
143865,46.9223098754883
143866,44.2809371948242
143867,46.078670501709
143868,42.1789016723633
143869,57.3659362792969
143870,36.4726181030273
143871,35.8788833618164
143872,35.886589050293
143873,36.3777351379395
143874,36.2382125854492
143875,48.1879425048828
143876,27.8630619049072
143877,34.286449432373
143878,32.3809623718262
143879,32.4425354003906
143880,30.5571746826172
143881,29.7512340545654
143882,22.3383769989014
143883,29.1226844787598
143884,28.4287090301514
143885,28.6407127380371
143886,23.0094947814941
143887,20.332935333252
143888,20.0744705200195
143889,26.0194549560547
143890,25.4962406158447
143891,25.5685214996338
143892,18.8420391082764
143893,20.7018737792969
143894,17.9159469604492
143895,25.7010231018066
143896,25.1778621673584
143897,24.9055156707764
143898,16.2348880767822
143899,19.9516468048096
143900,16.4757080078125
143901,24.687032699585
143902,24.2613658905029
143903,23.7572727203369
143904,15.3745746612549
143905,19.2508068084717
143906,14.9612274169922
143907,23.9925937652588
143908,23.0798091888428
143909,20.0675354003906
143910,14.020848274231
143911,18.8912925720215
143912,14.5363359451294
143913,23.9314918518066
143914,23.5943202972412
143915,20.3574314117432
143916,13.3271675109863
143917,17.9067993164062
143918,13.5885515213013
143919,23.2263660430908
143920,23.8970241546631
143921,20.2464141845703
143922,12.822868347168
143923,18.1185150146484
143924,13.5885515213013
143925,23.5795097351074
143926,23.9612140655518
143927,21.6456661224365
143928,12.822868347168
143929,18.8572521209717
143930,14.1004199981689
143931,24.0751094818115
143932,24.1918067932129
143933,21.3799362182617
143934,13.072865486145
143935,19.5280857086182
143936,15.8323774337769
143937,25.2976493835449
143938,25.5794372558594
143939,23.5436019897461
143940,13.6056041717529
143941,21.6964626312256
143942,17.1430492401123
143943,26.4361629486084
143944,27.0671272277832
143945,26.4904651641846
143946,14.7639789581299
143947,21.6128921508789
143948,15.6985473632812
143949,26.231107711792
143950,26.631217956543
143951,26.5420093536377
143952,14.9347896575928
143953,13.7653903961182
143954,11.4679069519043
143955,20.3913726806641
143956,21.045991897583
143957,21.2063808441162
143958,10.9318895339966
143959,12.1930389404297
143960,9.67906951904297
143961,18.0740966796875
143962,18.9160346984863
143963,17.183277130127
143964,8.88913917541504
143965,11.7458000183105
143966,9.02886962890625
143967,15.7129821777344
143968,15.9063282012939
143969,14.7070369720459
143970,8.67596340179443
143971,11.5369672775269
143972,8.6552095413208
143973,14.3218631744385
143974,16.0540809631348
143975,14.4064512252808
143976,9.09763050079346
143977,11.3593339920044
143978,8.25046443939209
143979,13.046196937561
143980,13.7853326797485
143981,13.6769247055054
143982,8.56357383728027
143983,11.0922031402588
143984,7.84840488433838
143985,12.2859563827515
143986,13.7118701934814
143987,12.8347940444946
143988,8.11865711212158
143989,9.834228515625
143990,7.49265193939209
143991,12.5013084411621
143992,13.0863447189331
143993,12.9319486618042
143994,7.54592800140381
143995,9.57615756988525
143996,7.60600757598877
143997,11.5910224914551
143998,12.7064914703369
143999,11.9869937896729
144000,7.53366374969482
144001,9.72134876251221
144002,9.77821063995361
144003,14.1855125427246
144004,15.1953077316284
144005,13.8132696151733
144006,9.34096050262451
144007,22.5415821075439
144008,25.0028667449951
144009,23.9212913513184
144010,24.8066940307617
144011,21.3550605773926
144012,21.4111309051514
144013,24.3774337768555
144014,20.0274829864502
144015,24.7329578399658
144016,22.4305248260498
144017,21.3071403503418
144018,19.8878021240234
144019,21.8246250152588
144020,19.372501373291
144021,25.1425495147705
144022,16.8503818511963
144023,14.7446346282959
144024,15.9637470245361
144025,20.9638786315918
144026,14.8963994979858
144027,21.561222076416
144028,13.5656652450562
144029,12.568902015686
144030,14.3958053588867
144031,20.6386528015137
144032,12.6107330322266
144033,19.8230800628662
144034,12.7225685119629
144035,9.7077693939209
144036,11.6838893890381
144037,20.3150062561035
144038,13.066442489624
144039,19.3571357727051
144040,14.5258626937866
144041,9.29535007476807
144042,11.580958366394
144043,20.3720951080322
144044,14.3781394958496
144045,19.1850318908691
144046,15.344988822937
144047,9.59452629089355
144048,11.3291273117065
144049,21.9753818511963
144050,15.3336248397827
144051,19.4717388153076
144052,17.0185432434082
144053,10.6993818283081
144054,13.9505805969238
144055,22.2889537811279
144056,17.9771900177002
144057,20.3510189056396
144058,17.7425441741943
144059,11.9162511825562
144060,16.0587730407715
144061,22.8859310150146
144062,19.819034576416
144063,20.7362594604492
144064,18.0296459197998
144065,12.6007652282715
144066,18.4977035522461
144067,24.9954242706299
144068,23.5164947509766
144069,20.7911148071289
144070,20.067476272583
144071,14.1192893981934
144072,19.8514842987061
144073,33.7641716003418
144074,25.0136623382568
144075,22.0996589660645
144076,22.3154106140137
144077,18.1946258544922
144078,23.9006385803223
144079,41.3792839050293
144080,22.5095481872559
144081,22.494514465332
144082,22.8178310394287
144083,19.6292610168457
144084,25.1953468322754
144085,50.1596031188965
144086,23.8230972290039
144087,24.7980690002441
144088,23.6880130767822
144089,22.2724781036377
144090,25.8396396636963
144091,48.5331573486328
144092,25.3598117828369
144093,25.2769432067871
144094,24.2520122528076
144095,24.1337089538574
144096,25.5922412872314
144097,25.9689750671387
144098,23.0807228088379
144099,23.3913536071777
144100,22.3002891540527
144101,20.8607959747314
144102,23.096565246582
144103,23.0600662231445
144104,20.9583339691162
144105,17.5663356781006
144106,18.7660751342773
144107,19.9532108306885
144108,20.0403156280518
144109,23.4628276824951
144110,20.5001926422119
144111,15.7624187469482
144112,17.8376808166504
144113,20.5614356994629
144114,20.8608169555664
144115,23.7613639831543
144116,21.0198211669922
144117,14.8631505966187
144118,17.2784729003906
144119,19.6716327667236
144120,20.8874835968018
144121,24.5536556243896
144122,21.0164051055908
144123,15.2684545516968
144124,16.3163166046143
144125,20.271936416626
144126,21.0085411071777
144127,24.5687808990479
144128,21.9509830474854
144129,16.1879444122314
144130,16.3780250549316
144131,18.9122047424316
144132,22.1527061462402
144133,23.7887687683105
144134,23.598913192749
144135,18.6764278411865
144136,17.6724643707275
144137,19.6405868530273
144138,23.7718963623047
144139,23.372615814209
144140,24.2934513092041
144141,19.3213710784912
144142,18.4882278442383
144143,19.7889060974121
144144,24.4788608551025
144145,41.5206451416016
144146,47.0537796020508
144147,27.3456611633301
144148,30.0388069152832
144149,29.2180309295654
144150,52.0825042724609
144151,91.5311050415039
144152,45.723934173584
144153,31.0425643920898
144154,37.3115692138672
144155,37.8215751647949
144156,45.0019302368164
144157,60.6245574951172
144158,35.2935791015625
144159,27.932445526123
144160,30.274923324585
144161,31.3712120056152
144162,35.0561065673828
144163,65.2951126098633
144164,36.7251052856445
144165,29.7184009552002
144166,28.9153480529785
144167,28.970832824707
144168,34.8380928039551
144169,54.9896354675293
144170,33.9956665039062
144171,28.4894161224365
144172,24.5534057617188
144173,24.0582313537598
144174,31.6885318756104
144175,46.3022575378418
144176,30.1904602050781
144177,25.2848606109619
144178,19.3522109985352
144179,18.4305324554443
144180,26.6493034362793
144181,32.1533164978027
144182,25.0852527618408
144183,23.0452728271484
144184,16.3177223205566
144185,13.2485218048096
144186,21.7731151580811
144187,33.8397407531738
144188,24.3590717315674
144189,22.6429576873779
144190,17.7176189422607
144191,14.1155290603638
144192,22.892484664917
144193,28.2092475891113
144194,23.2834358215332
144195,20.571533203125
144196,16.0203514099121
144197,12.7445869445801
144198,22.8416728973389
144199,28.3456478118896
144200,23.2948474884033
144201,20.3587989807129
144202,15.9428653717041
144203,13.2520742416382
144204,23.1659278869629
144205,27.934850692749
144206,23.3538990020752
144207,20.3741149902344
144208,16.7945098876953
144209,15.7099685668945
144210,23.2379264831543
144211,28.4076709747314
144212,23.3681411743164
144213,20.6509704589844
144214,18.5875835418701
144215,16.7641353607178
144216,23.3569221496582
144217,32.8336296081543
144218,23.961763381958
144219,21.2437534332275
144220,21.105411529541
144221,16.7400970458984
144222,23.4716491699219
144223,34.9372863769531
144224,24.4135513305664
144225,21.5229148864746
144226,21.4315967559814
144227,15.1838026046753
144228,22.6495342254639
144229,35.5507469177246
144230,27.2949256896973
144231,23.4161930084229
144232,22.6507148742676
144233,17.5160846710205
144234,23.4756889343262
144235,35.2818260192871
144236,27.8286304473877
144237,24.3618240356445
144238,24.4104480743408
144239,18.2277145385742
144240,24.2371654510498
144241,22.0220565795898
144242,21.4353542327881
144243,21.3411254882812
144244,21.237455368042
144245,18.094747543335
144246,19.5839500427246
144247,19.9246654510498
144248,20.4751014709473
144249,19.1154270172119
144250,17.9976921081543
144251,14.4617547988892
144252,18.4978141784668
144253,20.9398994445801
144254,20.8957901000977
144255,15.6735353469849
144256,14.6406383514404
144257,11.8675174713135
144258,19.8020629882812
144259,20.3185501098633
144260,20.8994312286377
144261,15.8058023452759
144262,13.9257802963257
144263,13.6487226486206
144264,20.128547668457
144265,20.96875
144266,22.0068454742432
144267,18.2913131713867
144268,14.3015089035034
144269,15.2669553756714
144270,21.0345077514648
144271,20.6639614105225
144272,20.8474998474121
144273,18.9524326324463
144274,15.9602298736572
144275,16.4311771392822
144276,20.720645904541
144277,21.3031730651855
144278,20.3145942687988
144279,19.9559230804443
144280,17.5118618011475
144281,18.0358333587646
144282,19.686351776123
144283,22.9258117675781
144284,20.6931324005127
144285,21.6883907318115
144286,20.89377784729
144287,19.7288188934326
144288,20.5719261169434
144289,33.7021408081055
144290,25.9165897369385
144291,24.829008102417
144292,26.9647579193115
144293,24.7663440704346
144294,25.7216053009033
144295,60.4192008972168
144296,35.7782554626465
144297,26.599666595459
144298,37.0250968933105
144299,32.7336921691895
144300,34.9470024108887
144301,43.5510482788086
144302,29.4940605163574
144303,25.6870460510254
144304,34.6367568969727
144305,31.5716857910156
144306,26.817045211792
144307,32.2257423400879
144308,21.8506736755371
144309,24.1892108917236
144310,28.0400218963623
144311,26.9626960754395
144312,20.4351253509521
144313,29.6311531066895
144314,18.1335430145264
144315,22.1558265686035
144316,16.134838104248
144317,20.4374561309814
144318,16.8858623504639
144319,29.0014171600342
144320,19.054759979248
144321,21.8960819244385
144322,16.5182132720947
144323,12.0191144943237
144324,16.3165302276611
144325,24.880500793457
144326,13.9472322463989
144327,21.0447521209717
144328,16.5251026153564
144329,10.9520111083984
144330,13.2291202545166
144331,23.5829792022705
144332,14.0849256515503
144333,20.9045581817627
144334,19.525993347168
144335,12.7500982284546
144336,12.6937017440796
144337,24.216739654541
144338,16.1789703369141
144339,20.3523941040039
144340,19.618314743042
144341,12.7533721923828
144342,14.4147205352783
144343,24.0406246185303
144344,15.0887689590454
144345,20.1341991424561
144346,20.6533088684082
144347,12.9930486679077
144348,13.7133798599243
144349,24.5243625640869
144350,15.0424404144287
144351,20.9033756256104
144352,22.2824249267578
144353,15.0372362136841
144354,14.1920652389526
144355,24.414306640625
144356,16.1711292266846
144357,21.4822902679443
144358,22.6920509338379
144359,16.7627487182617
144360,14.3077745437622
144361,25.0559329986572
144362,15.1645317077637
144363,21.7624759674072
144364,22.6289196014404
144365,18.6036853790283
144366,17.1881561279297
144367,26.5577163696289
144368,20.2483043670654
144369,22.0570335388184
144370,22.7749862670898
144371,18.7323970794678
144372,19.3999404907227
144373,29.8068447113037
144374,23.6882972717285
144375,23.076286315918
144376,23.9077377319336
144377,18.947681427002
144378,19.810359954834
144379,34.4660835266113
144380,25.7541217803955
144381,24.3710975646973
144382,24.5467929840088
144383,20.2518062591553
144384,22.3126678466797
144385,23.4244956970215
144386,23.4070835113525
144387,22.6887035369873
144388,23.2233943939209
144389,20.539722442627
144390,21.3183250427246
144391,21.3488216400146
144392,21.2974128723145
144393,20.1850662231445
144394,18.4748191833496
144395,16.9679641723633
144396,21.3145904541016
144397,22.6393375396729
144398,21.6574039459229
144399,17.3154716491699
144400,14.869574546814
144401,15.5354413986206
144402,21.5869560241699
144403,22.3161582946777
144404,22.8783397674561
144405,18.6864719390869
144406,17.2624225616455
144407,16.5876216888428
144408,22.6396102905273
144409,23.2492904663086
144410,23.7802429199219
144411,21.8608512878418
144412,21.2059803009033
144413,19.7956218719482
144414,23.6604766845703
144415,22.9280548095703
144416,23.8937854766846
144417,23.0924415588379
144418,21.5104866027832
144419,20.7392559051514
144420,23.613260269165
144421,22.5802383422852
144422,23.3096656799316
144423,21.7116680145264
144424,21.5527744293213
144425,20.7458038330078
144426,23.1174736022949
144427,23.5398788452148
144428,23.5782451629639
144429,21.8527545928955
144430,22.7027225494385
144431,21.6898231506348
144432,23.3563804626465
144433,32.2849922180176
144434,29.6711883544922
144435,27.5725059509277
144436,28.0022792816162
144437,27.6469917297363
144438,29.7927589416504
144439,56.1281318664551
144440,43.8837776184082
144441,34.9957237243652
144442,35.3997383117676
144443,35.4304161071777
144444,44.6259155273438
144445,38.6252326965332
144446,33.037036895752
144447,25.8471031188965
144448,30.2523994445801
144449,31.1182651519775
144450,33.5850410461426
144451,30.8998832702637
144452,29.4533786773682
144453,23.9486808776855
144454,27.7133026123047
144455,26.2413272857666
144456,30.8589534759521
144457,29.8061122894287
144458,24.0573120117188
144459,22.3646049499512
144460,15.314793586731
144461,25.2918090820312
144462,26.6176719665527
144463,27.6600208282471
144464,22.3546772003174
144465,21.7727546691895
144466,15.2530031204224
144467,16.392110824585
144468,19.660795211792
144469,24.9008235931396
144470,16.5647563934326
144471,21.2539310455322
144472,15.3894681930542
144473,11.2059850692749
144474,15.6601314544678
144475,23.6074466705322
144476,14.9176797866821
144477,20.9362373352051
144478,17.137357711792
144479,11.4752063751221
144480,13.9957666397095
144481,21.2499389648438
144482,14.1183500289917
144483,18.4418926239014
144484,20.4315319061279
144485,13.6268644332886
144486,9.90607738494873
144487,21.1093883514404
144488,9.84449481964111
144489,18.3719310760498
144490,19.59130859375
144491,13.4699096679688
144492,8.39297962188721
144493,20.6639556884766
144494,10.1244955062866
144495,18.0777988433838
144496,20.9034862518311
144497,15.2520875930786
144498,8.83749961853027
144499,20.460485458374
144500,11.6884269714355
144501,17.9516201019287
144502,21.2199287414551
144503,16.4511680603027
144504,8.71872425079346
144505,21.1903972625732
144506,14.8164978027344
144507,19.4423961639404
144508,22.0669078826904
144509,18.6700496673584
144510,9.82783508300781
144511,21.8638172149658
144512,18.2894840240479
144513,20.7575016021729
144514,22.5456924438477
144515,20.4337558746338
144516,10.6219158172607
144517,23.0217895507812
144518,15.7066507339478
144519,22.5678043365479
144520,23.5713424682617
144521,22.1222229003906
144522,12.1337480545044
144523,25.3838787078857
144524,17.4876289367676
144525,23.1725406646729
144526,23.5630168914795
144527,22.4054660797119
144528,17.0757923126221
144529,16.8940525054932
144530,13.0240230560303
144531,17.9637355804443
144532,18.6622428894043
144533,17.7498092651367
144534,12.5197277069092
144535,15.1854677200317
144536,9.83981800079346
144537,16.27760887146
144538,16.7722644805908
144539,16.4448471069336
144540,9.49335765838623
144541,19.3414611816406
144542,10.8675727844238
144543,16.0388774871826
144544,16.1917972564697
144545,16.3154392242432
144546,10.5547122955322
144547,18.8536396026611
144548,13.981125831604
144549,17.9718704223633
144550,17.479341506958
144551,16.8747901916504
144552,13.3648405075073
144553,18.0337600708008
144554,15.2504243850708
144555,19.0835113525391
144556,19.6386013031006
144557,19.2150688171387
144558,14.8058080673218
144559,19.5461711883545
144560,16.6694087982178
144561,21.1401100158691
144562,21.7585067749023
144563,21.346378326416
144564,16.5782299041748
144565,20.6565456390381
144566,16.3686008453369
144567,21.5162200927734
144568,22.1426124572754
144569,22.1339015960693
144570,16.9790077209473
144571,27.2829265594482
144572,19.8139762878418
144573,22.7598609924316
144574,23.4456329345703
144575,23.1608963012695
144576,18.9345264434814
144577,40.5816307067871
144578,32.3501396179199
144579,31.5045528411865
144580,28.9609203338623
144581,28.669792175293
144582,28.6752967834473
144583,57.0477104187012
144584,48.6763305664062
144585,40.7031745910645
144586,38.0967750549316
144587,38.9030151367188
144588,44.091251373291
144589,47.7912178039551
144590,36.9048690795898
144591,30.1339454650879
144592,36.8903923034668
144593,36.8602333068848
144594,46.6834526062012
144595,42.3956146240234
144596,31.0763759613037
144597,25.4122905731201
144598,32.4320678710938
144599,29.0808925628662
144600,32.264778137207
144601,35.2557754516602
144602,24.2395515441895
144603,23.1744441986084
144604,19.6431999206543
144605,26.8655757904053
144606,25.290340423584
144607,31.147647857666
144608,25.0773582458496
144609,22.3470802307129
144610,18.8403987884521
144611,18.8736724853516
144612,25.2259635925293
144613,28.4051971435547
144614,22.5039081573486
144615,22.2758274078369
144616,21.16774559021
144617,17.6723480224609
144618,24.3701267242432
144619,28.6646060943604
144620,23.9189624786377
144621,22.4435214996338
144622,22.7945346832275
144623,18.0206718444824
144624,24.3200168609619
144625,34.3390197753906
144626,21.3408222198486
144627,22.7808151245117
144628,23.7587795257568
144629,19.5260257720947
144630,24.0682239532471
144631,34.9560203552246
144632,22.5440158843994
144633,22.712760925293
144634,24.0046920776367
144635,20.908145904541
144636,23.9342041015625
144637,35.8566551208496
144638,23.5520820617676
144639,22.0559406280518
144640,25.199728012085
144641,22.5210018157959
144642,24.8703746795654
144643,37.9699478149414
144644,24.0495948791504
144645,22.8873920440674
144646,24.799467086792
144647,22.5270767211914
144648,24.9699897766113
144649,38.2246055603027
144650,25.0540313720703
144651,23.543342590332
144652,25.2396678924561
144653,23.4890766143799
144654,26.2040691375732
144655,43.7292594909668
144656,27.7434158325195
144657,25.1496028900146
144658,26.3376445770264
144659,25.5857563018799
144660,29.0374946594238
144661,52.802661895752
144662,28.3349170684814
144663,26.3470478057861
144664,28.62624168396
144665,26.9450416564941
144666,28.8633308410645
144667,40.3701705932617
144668,29.3396644592285
144669,25.9239883422852
144670,26.7298240661621
144671,26.1554737091064
144672,30.6477870941162
144673,29.7596607208252
144674,22.2968463897705
144675,21.8352813720703
144676,22.5365791320801
144677,22.6006164550781
144678,22.1828861236572
144679,21.5035228729248
144680,22.0775375366211
144681,19.785249710083
144682,22.6148834228516
144683,21.9985237121582
144684,21.80344581604
144685,21.9330806732178
144686,22.3296775817871
144687,21.6867179870605
144688,23.275821685791
144689,22.5318298339844
144690,22.1795330047607
144691,22.8034420013428
144692,23.3960056304932
144693,23.6307239532471
144694,23.9585704803467
144695,23.9285106658936
144696,23.8513278961182
144697,24.075439453125
144698,25.9882965087891
144699,25.2230491638184
144700,25.1162567138672
144701,25.0443592071533
144702,26.1599159240723
144703,26.652811050415
144704,25.9706516265869
144705,26.1135959625244
144706,25.5018844604492
144707,25.3383731842041
144708,26.6187572479248
144709,29.2617835998535
144710,29.6737060546875
144711,26.8348045349121
144712,26.4125881195068
144713,26.0393123626709
144714,29.6927375793457
144715,32.6871070861816
144716,27.5119247436523
144717,27.130672454834
144718,27.2003040313721
144719,27.410041809082
144720,29.6920776367188
144721,46.6963081359863
144722,41.1956748962402
144723,37.6009864807129
144724,34.0807418823242
144725,34.3434753417969
144726,55.3724975585938
144727,86.4083633422852
144728,74.5757446289062
144729,55.0930633544922
144730,54.3227081298828
144731,52.5866241455078
144732,80.9613571166992
144733,83.6808700561523
144734,68.4851379394531
144735,45.5192756652832
144736,51.387134552002
144737,52.6605186462402
144738,73.4349975585938
144739,91.5038146972656
144740,60.2479705810547
144741,34.192554473877
144742,34.5317077636719
144743,36.2302589416504
144744,69.3603210449219
144745,78.6141052246094
144746,50.4526634216309
144747,31.1920948028564
144748,28.9662170410156
144749,31.0860233306885
144750,59.3615036010742
144751,79.9224014282227
144752,48.898983001709
144753,31.3191375732422
144754,28.6227779388428
144755,26.8934345245361
144756,59.7448616027832
144757,74.0287704467773
144758,31.8048686981201
144759,28.0768356323242
144760,25.7953186035156
144761,23.8874931335449
144762,51.512378692627
144763,62.3614273071289
144764,25.0867385864258
144765,23.2565402984619
144766,19.6888236999512
144767,16.3349475860596
144768,25.5839595794678
144769,48.5495796203613
144770,26.8812446594238
144771,23.5252780914307
144772,19.1122646331787
144773,18.0982303619385
144774,26.5185451507568
144775,51.5454177856445
144776,25.7024803161621
144777,22.9403495788574
144778,22.2635555267334
144779,18.7471675872803
144780,26.1201038360596
144781,52.5052719116211
144782,26.2968597412109
144783,23.3457202911377
144784,22.3118743896484
144785,19.5101909637451
144786,27.807731628418
144787,39.6872138977051
144788,26.3976078033447
144789,23.3148403167725
144790,23.240421295166
144791,19.7165641784668
144792,27.4490776062012
144793,40.5610313415527
144794,26.5291271209717
144795,23.9521160125732
144796,23.5550441741943
144797,20.4212112426758
144798,26.5306434631348
144799,50.9663429260254
144800,26.5269031524658
144801,24.0602741241455
144802,23.6947975158691
144803,22.6854095458984
144804,26.3968868255615
144805,35.1983680725098
144806,27.964376449585
144807,25.2524280548096
144808,25.3976669311523
144809,24.3225421905518
144810,27.5260715484619
144811,36.9486083984375
144812,27.5017642974854
144813,25.4965553283691
144814,25.5414371490479
144815,24.5453357696533
144816,27.2588577270508
144817,24.9637680053711
144818,26.1494274139404
144819,23.1800365447998
144820,24.231330871582
144821,23.5022430419922
144822,27.3549747467041
144823,20.6265754699707
144824,21.4326190948486
144825,20.3354759216309
144826,21.3823280334473
144827,22.4901542663574
144828,25.3163871765137
144829,18.7128314971924
144830,21.1004657745361
144831,20.1254043579102
144832,20.2043209075928
144833,22.8230056762695
144834,23.6833000183105
144835,14.3475475311279
144836,22.5513763427734
144837,20.2768859863281
144838,18.6796951293945
144839,22.9466857910156
144840,23.3194484710693
144841,16.0207214355469
144842,22.177547454834
144843,19.897346496582
144844,19.0356540679932
144845,22.8144989013672
144846,23.0212345123291
144847,18.7756824493408
144848,21.9198703765869
144849,20.7275009155273
144850,19.1510276794434
144851,21.987943649292
144852,21.2948055267334
144853,20.5829601287842
144854,20.8580455780029
144855,21.0497150421143
144856,19.1452865600586
144857,20.6098136901855
144858,20.7555522918701
144859,24.0049533843994
144860,19.7353019714355
144861,17.8612499237061
144862,19.1812343597412
144863,18.6015110015869
144864,20.0113201141357
144865,32.671989440918
144866,23.6407718658447
144867,21.5611705780029
144868,21.8293170928955
144869,21.6291637420654
144870,25.8593578338623
144871,67.8127746582031
144872,34.9452934265137
144873,27.5692443847656
144874,25.5853996276855
144875,26.7663269042969
144876,38.1603317260742
144877,68.9806900024414
144878,35.8987045288086
144879,25.9186000823975
144880,22.0975799560547
144881,31.683141708374
144882,45.5492782592773
144883,65.5790863037109
144884,32.7874526977539
144885,22.3444766998291
144886,16.3660182952881
144887,17.0747871398926
144888,33.5255126953125
144889,64.7558212280273
144890,31.6244659423828
144891,22.2546672821045
144892,15.8460903167725
144893,15.2858409881592
144894,28.5666160583496
144895,61.9123229980469
144896,31.1194496154785
144897,22.6320495605469
144898,13.1904611587524
144899,13.892053604126
144900,24.4802227020264
144901,54.916576385498
144902,27.3186721801758
144903,21.7126560211182
144904,11.98668384552
144905,11.476261138916
144906,21.3925666809082
144907,55.0683250427246
144908,23.3137626647949
144909,23.6108264923096
144910,15.8389043807983
144911,13.6318359375
144912,24.6815376281738
144913,49.6052474975586
144914,18.1982345581055
144915,22.5394706726074
144916,17.7586421966553
144917,14.0830173492432
144918,21.9750747680664
144919,48.2897186279297
144920,21.1456851959229
144921,22.5500831604004
144922,19.2659816741943
144923,16.5583553314209
144924,20.273868560791
144925,45.6225471496582
144926,18.5358753204346
144927,22.9859828948975
144928,19.6904621124268
144929,15.090723991394
144930,18.4879112243652
144931,56.3020362854004
144932,22.3841533660889
144933,23.7068347930908
144934,22.1128253936768
144935,16.6620483398438
144936,19.2443561553955
144937,61.2423324584961
144938,21.655387878418
144939,24.0032577514648
144940,23.1718807220459
144941,16.6255397796631
144942,21.2710304260254
144943,63.3215217590332
144944,23.2971973419189
144945,24.653205871582
144946,24.6263236999512
144947,20.7163848876953
144948,23.7767601013184
144949,65.7802505493164
144950,27.8593006134033
144951,27.5924530029297
144952,27.4720859527588
144953,25.6433849334717
144954,31.7333011627197
144955,60.4488372802734
144956,27.4657135009766
144957,28.1791610717773
144958,27.5437507629395
144959,26.0536632537842
144960,29.7658290863037
144961,29.4673366546631
144962,24.1462497711182
144963,25.2425556182861
144964,24.2042770385742
144965,24.0800838470459
144966,25.7565822601318
144967,30.4834003448486
144968,22.1385517120361
144969,21.9238433837891
144970,22.0082626342773
144971,22.2221775054932
144972,23.220043182373
144973,31.3770046234131
144974,23.9759292602539
144975,21.343713760376
144976,21.8616409301758
144977,23.6747646331787
144978,27.0702056884766
144979,32.2454566955566
144980,25.9875602722168
144981,23.7532920837402
144982,23.6157970428467
144983,24.6852378845215
144984,25.9150085449219
144985,29.6685981750488
144986,26.3048458099365
144987,26.2237606048584
144988,25.0787887573242
144989,25.7832164764404
144990,26.6535491943359
144991,33.3608512878418
144992,26.8078994750977
144993,26.7296295166016
144994,24.8824005126953
144995,25.5664482116699
144996,27.4699878692627
144997,38.8033409118652
144998,29.1152591705322
144999,27.8454647064209
145000,25.8378505706787
145001,27.3366680145264
145002,29.151180267334
145003,48.5879096984863
145004,66.0393447875977
145005,34.471851348877
145006,32.8732109069824
145007,31.9765529632568
145008,43.6649322509766
145009,60.2825317382812
145010,56.9620704650879
145011,39.1290397644043
145012,41.5472030639648
145013,40.3143157958984
145014,61.1422157287598
145015,99.9456100463867
145016,144.939987182617
145017,42.4350204467773
145018,48.7138900756836
145019,49.5099945068359
145020,113.805389404297
145021,84.6069793701172
145022,47.8609390258789
145023,40.9433937072754
145024,39.0845146179199
145025,50.0223846435547
145026,45.3381538391113
145027,79.3655242919922
145028,39.3246688842773
145029,36.2303428649902
145030,37.9649124145508
145031,38.4121589660645
145032,38.2996940612793
145033,54.2782325744629
145034,39.1628379821777
145035,32.2909965515137
145036,28.4813365936279
145037,28.0352058410645
145038,37.9450302124023
145039,51.3896369934082
145040,39.2452964782715
145041,30.9633560180664
145042,26.5699462890625
145043,25.1067771911621
145044,32.6025810241699
145045,44.6018180847168
145046,30.0227661132812
145047,26.0128879547119
145048,21.8492622375488
145049,21.1404933929443
145050,26.6538562774658
145051,39.2571220397949
145052,26.486234664917
145053,26.9861164093018
145054,22.0985298156738
145055,18.7928657531738
145056,28.417387008667
145057,34.5356826782227
145058,24.2554264068604
145059,25.053295135498
145060,20.8022518157959
145061,19.92160987854
145062,23.2800197601318
145063,33.4416770935059
145064,22.8808441162109
145065,24.0883560180664
145066,24.0096340179443
145067,19.8841667175293
145068,21.4114036560059
145069,37.6513252258301
145070,26.3612117767334
145071,24.6601467132568
145072,22.8212585449219
145073,19.6591281890869
145074,20.7051334381104
145075,37.9837036132812
145076,27.6752376556396
145077,26.3047790527344
145078,24.6928253173828
145079,21.2283020019531
145080,22.7145500183105
145081,36.1951332092285
145082,28.7779102325439
145083,25.7335548400879
145084,25.6084976196289
145085,23.3392219543457
145086,28.2680416107178
145087,42.9509201049805
145088,31.0759811401367
145089,26.6414356231689
145090,25.7402477264404
145091,24.775354385376
145092,30.6571102142334
145093,44.7923011779785
145094,38.8819618225098
145095,29.5310401916504
145096,28.8555393218994
145097,26.6284351348877
145098,39.3653984069824
145099,61.1355094909668
145100,272.974884033203
145101,33.6965103149414
145102,33.128303527832
145103,30.4488296508789
145104,237.886367797852
145105,42.3972320556641
145106,35.8627967834473
145107,27.5111865997314
145108,24.0195026397705
145109,21.9700222015381
145110,31.0083656311035
145111,33.6018714904785
145112,30.2183456420898
145113,26.1522579193115
145114,20.4711856842041
145115,19.423282623291
145116,30.3149070739746
145117,27.6751117706299
145118,26.849214553833
145119,24.9060497283936
145120,16.8717956542969
145121,17.5613079071045
145122,27.0518836975098
145123,34.4861297607422
145124,26.6784572601318
145125,23.7653560638428
145126,16.0301132202148
145127,16.7965297698975
145128,26.3244609832764
145129,30.4086475372314
145130,26.6471214294434
145131,24.8526077270508
145132,18.114782333374
145133,19.2344951629639
145134,26.5124225616455
145135,30.6154689788818
145136,28.1977195739746
145137,24.6402969360352
145138,15.9793119430542
145139,19.2654800415039
145140,28.5030612945557
145141,34.5665626525879
145142,32.7702484130859
145143,27.0002765655518
145144,19.6920204162598
145145,20.6581077575684
145146,29.1470470428467
145147,40.9944458007812
145148,30.7846584320068
145149,30.039680480957
145150,18.981258392334
145151,20.9504795074463
145152,30.6144523620605
145153,58.278003692627
145154,46.7447700500488
145155,33.5774993896484
145156,27.4448375701904
145157,28.3844261169434
145158,45.7824935913086
145159,216.225540161133
145160,257.732055664062
145161,36.6708145141602
145162,35.0085105895996
145163,34.480094909668
145164,52.1641311645508
145165,61.6494674682617
145166,32.9581184387207
145167,35.6925201416016
145168,34.3743553161621
145169,35.8708534240723
145170,41.1038856506348
145171,59.3061180114746
145172,37.0278549194336
145173,32.7090797424316
145174,29.9505138397217
145175,29.5622253417969
145176,48.8209457397461
145177,59.354419708252
145178,42.3597297668457
145179,28.1149482727051
145180,25.5920391082764
145181,25.5393371582031
145182,41.8667182922363
145183,52.5025024414062
145184,42.562858581543
145185,27.1362285614014
145186,24.8072986602783
145187,24.4475498199463
145188,41.2629356384277
145189,51.319751739502
145190,35.721118927002
145191,26.6458625793457
145192,21.3358211517334
145193,21.3653125762939
145194,40.6406211853027
145195,53.4261589050293
145196,35.3795166015625
145197,24.7424392700195
145198,18.3204479217529
145199,19.1982192993164
145200,31.0032691955566
145201,36.9845809936523
145202,28.2430725097656
145203,25.5390853881836
145204,16.2659301757812
145205,16.3130855560303
145206,27.6596851348877
145207,37.9413642883301
145208,28.8729438781738
145209,25.1963005065918
145210,17.8698196411133
145211,16.0549869537354
145212,27.5163326263428
145213,35.2071113586426
145214,28.7671165466309
145215,25.1513576507568
145216,18.9165153503418
145217,16.9609260559082
145218,24.0610466003418
145219,33.8061637878418
145220,28.6456508636475
145221,24.6530017852783
145222,19.8987731933594
145223,19.8556232452393
145224,26.1974945068359
145225,40.6525535583496
145226,26.2471523284912
145227,25.4675750732422
145228,23.6397266387939
145229,20.1443119049072
145230,25.2160949707031
145231,36.8902053833008
145232,20.9249649047852
145233,25.4124965667725
145234,24.3607597351074
145235,21.2521190643311
145236,25.2021503448486
145237,49.2668571472168
145238,27.2968807220459
145239,26.7555599212646
145240,25.3231811523438
145241,22.8772678375244
145242,28.8845710754395
145243,52.1600494384766
145244,26.2515239715576
145245,27.0183792114258
145246,25.3090038299561
145247,24.0444183349609
145248,27.8170604705811
145249,228.644683837891
145250,23.2574291229248
145251,27.5741138458252
145252,26.1902275085449
145253,23.9984970092773
145254,24.2379703521729
145255,48.6477203369141
145256,22.9046649932861
145257,23.606595993042
145258,20.7331619262695
145259,18.1839923858643
145260,25.2509651184082
145261,42.4573097229004
145262,22.3184356689453
145263,21.7100448608398
145264,14.4988584518433
145265,15.9840993881226
145266,22.5795707702637
145267,174.224822998047
145268,20.7779903411865
145269,18.2231998443604
145270,12.329665184021
145271,11.7423696517944
145272,18.9020690917969
145273,42.7370719909668
145274,22.0411396026611
145275,17.7850608825684
145276,11.3071451187134
145277,11.4945154190063
145278,23.901554107666
145279,41.8089485168457
145280,25.1309337615967
145281,21.2600288391113
145282,12.3761682510376
145283,13.0841484069824
145284,24.0774097442627
145285,29.4144306182861
145286,23.8043804168701
145287,26.3843269348145
145288,15.463339805603
145289,16.766242980957
145290,18.3071041107178
145291,33.9447212219238
145292,25.436861038208
145293,25.4536685943604
145294,19.3376064300537
145295,18.9046382904053
145296,27.2396087646484
145297,51.5404090881348
145298,31.5361156463623
145299,25.217155456543
145300,27.2621269226074
145301,25.3430690765381
145302,32.4557037353516
145303,58.0561332702637
145304,156.026519775391
145305,29.9476184844971
145306,32.5265426635742
145307,32.3420906066895
145308,159.85498046875
145309,59.3381767272949
145310,39.6902160644531
145311,29.8784313201904
145312,30.4405612945557
145313,33.275016784668
145314,41.3996162414551
145315,70.5322265625
145316,39.0515518188477
145317,29.7003574371338
145318,26.8126602172852
145319,31.3270301818848
145320,33.6359977722168
145321,75.8758087158203
145322,36.7161979675293
145323,27.0611972808838
145324,24.6877250671387
145325,23.796070098877
145326,35.0312614440918
145327,99.1312866210938
145328,36.5732345581055
145329,26.7883377075195
145330,24.9060287475586
145331,23.6604118347168
145332,32.1670188903809
145333,73.257453918457
145334,27.1993007659912
145335,21.474006652832
145336,21.0323867797852
145337,21.178955078125
145338,25.6178531646729
145339,78.486686706543
145340,24.5104827880859
145341,19.9138126373291
145342,20.0235252380371
145343,19.6928768157959
145344,26.5115985870361
145345,47.7857055664062
145346,25.4410762786865
145347,22.6742553710938
145348,24.3272132873535
145349,20.0450115203857
145350,25.0917587280273
145351,42.1216773986816
145352,21.9334106445312
145353,23.0811138153076
145354,23.4950656890869
145355,16.9554920196533
145356,22.0409622192383
145357,38.6089057922363
145358,20.0409851074219
145359,22.7679119110107
145360,19.7858390808105
145361,18.0593643188477
145362,20.4461097717285
145363,40.6657371520996
145364,20.8753032684326
145365,21.7998657226562
145366,16.8575572967529
145367,19.4926872253418
145368,21.4948635101318
145369,37.9181213378906
145370,19.4935894012451
145371,21.2214584350586
145372,20.9615936279297
145373,21.4307689666748
145374,19.3297443389893
145375,42.0887489318848
145376,21.6911849975586
145377,23.3523025512695
145378,23.8802814483643
145379,23.9397430419922
145380,20.5705413818359
145381,44.5052795410156
145382,23.695348739624
145383,26.8473930358887
145384,26.5983848571777
145385,26.6806716918945
145386,24.3625202178955
145387,40.0216026306152
145388,23.7640514373779
145389,27.3289241790771
145390,27.8539886474609
145391,26.9274082183838
145392,24.220157623291
145393,25.1064205169678
145394,21.586296081543
145395,24.4723606109619
145396,24.1903190612793
145397,24.4327144622803
145398,23.2121715545654
145399,25.7160339355469
145400,20.891716003418
145401,21.9246845245361
145402,22.2640419006348
145403,24.0711441040039
145404,22.9738178253174
145405,21.0462207794189
145406,21.914924621582
145407,22.2369537353516
145408,23.4589443206787
145409,23.6227912902832
145410,23.1600742340088
145411,20.7189159393311
145412,23.9806690216064
145413,24.8286113739014
145414,24.6620540618896
145415,24.8229103088379
145416,23.8620510101318
145417,20.5899887084961
145418,24.6042652130127
145419,24.9531764984131
145420,25.0042457580566
145421,25.1213111877441
145422,24.3095855712891
145423,23.6021575927734
145424,26.1923236846924
145425,26.5415134429932
145426,26.1528663635254
145427,26.5477046966553
145428,25.3768329620361
145429,27.5457305908203
145430,27.7029132843018
145431,27.0622062683105
145432,26.2176475524902
145433,28.5823402404785
145434,27.6840343475342
145435,31.5400066375732
145436,27.8001556396484
145437,29.6710243225098
145438,30.7779693603516
145439,29.9182796478271
145440,31.0231895446777
145441,36.2571601867676
145442,35.6718482971191
145443,35.3297424316406
145444,33.0677757263184
145445,34.530590057373
145446,35.637077331543
145447,63.1769676208496
145448,40.8766479492188
145449,60.6370849609375
145450,52.0767059326172
145451,57.4366111755371
145452,49.2627182006836
145453,84.4334487915039
145454,46.3434219360352
145455,53.7297248840332
145456,61.355167388916
145457,268.708740234375
145458,49.5899505615234
145459,76.7507095336914
145460,41.2578887939453
145461,45.4104995727539
145462,57.2775268554688
145463,259.0693359375
145464,44.1411552429199
145465,174.600799560547
145466,40.126522064209
145467,47.7474784851074
145468,37.9774208068848
145469,49.7458992004395
145470,161.875244140625
145471,160.59033203125
145472,37.1686897277832
145473,39.7374076843262
145474,35.1632232666016
145475,43.7110252380371
145476,40.1515846252441
145477,76.2388000488281
145478,29.1275062561035
145479,32.9332389831543
145480,30.1318988800049
145481,31.8646450042725
145482,29.0749702453613
145483,77.5496063232422
145484,31.0580902099609
145485,30.4557189941406
145486,28.5977611541748
145487,26.0563869476318
145488,31.9390029907227
145489,72.6775817871094
145490,29.7709159851074
145491,29.9396953582764
145492,28.3022365570068
145493,26.5554008483887
145494,28.6127777099609
145495,68.0950546264648
145496,32.7193222045898
145497,28.423957824707
145498,27.5689029693604
145499,26.493537902832
145500,27.9928512573242
145501,65.1899719238281
145502,28.2617168426514
145503,28.2051734924316
145504,27.9782600402832
145505,26.5464210510254
145506,28.4895267486572
145507,53.9467620849609
145508,27.3653221130371
145509,27.6063899993896
145510,27.6713104248047
145511,26.6248512268066
145512,27.8878746032715
145513,56.9259300231934
145514,32.753345489502
145515,27.2265605926514
145516,27.8915882110596
145517,27.4763221740723
145518,33.7690238952637
145519,65.5325546264648
145520,34.3418769836426
145521,27.298303604126
145522,28.6274890899658
145523,28.4295082092285
145524,33.3464012145996
145525,72.3151321411133
145526,35.3753890991211
145527,24.4701328277588
145528,28.9646949768066
145529,32.2309913635254
145530,35.3886947631836
145531,53.2122001647949
145532,30.0047245025635
145533,24.5134544372559
145534,28.0166778564453
145535,28.1253261566162
145536,30.0624694824219
145537,30.165506362915
145538,25.7323551177979
145539,20.0224952697754
145540,25.7567653656006
145541,25.664737701416
145542,25.8450508117676
145543,25.7676048278809
145544,24.1530876159668
145545,17.6920261383057
145546,29.1676559448242
145547,25.9849433898926
145548,24.3564872741699
145549,24.8403358459473
145550,23.8711528778076
145551,17.3906364440918
145552,25.1781177520752
145553,25.0979118347168
145554,23.7691307067871
145555,28.2708263397217
145556,24.4858016967773
145557,17.9675827026367
145558,26.0660266876221
145559,26.0678958892822
145560,24.1018810272217
145561,26.132251739502
145562,24.0922698974609
145563,17.155704498291
145564,25.0404186248779
145565,24.56174659729
145566,23.8778038024902
145567,25.2041435241699
145568,24.2394199371338
145569,19.8979911804199
145570,25.2895069122314
145571,25.4171962738037
145572,24.0628643035889
145573,25.4492721557617
145574,24.3828105926514
145575,20.6754493713379
145576,25.6440830230713
145577,25.2859859466553
145578,24.5047798156738
145579,24.9318885803223
145580,26.493688583374
145581,22.2970142364502
145582,26.190731048584
145583,25.9947700500488
145584,25.4571666717529
145585,30.6617565155029
145586,33.8318176269531
145587,28.2125968933105
145588,32.1050987243652
145589,31.8948097229004
145590,32.0349617004395
145591,61.5892295837402
145592,57.9832763671875
145593,43.8410911560059
145594,47.9034233093262
145595,52.6896858215332
145596,54.9302177429199
145597,68.0126876831055
145598,200.207168579102
145599,40.2533302307129
145600,42.1770057678223
145601,30.8152561187744
145602,191.721450805664
145603,63.9264831542969
145604,44.1255798339844
145605,32.6116180419922
145606,23.5566101074219
145607,26.7914047241211
145608,48.6176528930664
145609,59.638313293457
145610,34.8513641357422
145611,26.2894020080566
145612,19.430139541626
145613,21.7837181091309
145614,35.0451049804688
145615,51.9172401428223
145616,30.8860301971436
145617,23.6957187652588
145618,20.3021125793457
145619,20.4789295196533
145620,30.7592105865479
145621,50.0759086608887
145622,29.8291053771973
145623,22.6192588806152
145624,25.1535816192627
145625,21.8512802124023
145626,29.6598567962646
145627,50.6352500915527
145628,29.470703125
145629,22.8464946746826
145630,20.7561054229736
145631,21.5518112182617
145632,29.395923614502
145633,52.69189453125
145634,30.1057643890381
145635,22.913402557373
145636,26.5970993041992
145637,26.6205711364746
145638,29.8644180297852
145639,49.9801712036133
145640,30.212272644043
145641,21.9914245605469
145642,26.3518466949463
145643,26.0507907867432
145644,29.5947341918945
145645,59.1350135803223
145646,29.6206760406494
145647,23.2044620513916
145648,26.5161914825439
145649,26.1110095977783
145650,29.3070220947266
145651,61.4527435302734
145652,29.6625385284424
145653,21.4170532226562
145654,26.1274299621582
145655,25.569917678833
145656,29.6116199493408
145657,60.9608764648438
145658,29.618314743042
145659,21.7159957885742
145660,26.1521663665771
145661,26.5071849822998
145662,29.1855335235596
145663,58.848030090332
145664,29.9702339172363
145665,21.7658042907715
145666,26.1340923309326
145667,26.239200592041
145668,29.5489616394043
145669,48.7724189758301
145670,33.2459564208984
145671,22.3864307403564
145672,26.7676830291748
145673,25.9530391693115
145674,29.7541084289551
145675,38.331615447998
145676,28.5189361572266
145677,24.5071277618408
145678,26.2174072265625
145679,25.8669338226318
145680,28.4603080749512
145681,25.6050701141357
145682,25.0033473968506
145683,21.899881362915
145684,23.65016746521
145685,23.5784225463867
145686,24.5556774139404
145687,26.5067710876465
145688,23.0136756896973
145689,19.9507713317871
145690,21.6967220306396
145691,21.1252346038818
145692,22.4028720855713
145693,24.6394901275635
145694,22.2477588653564
145695,21.0017757415771
145696,21.379373550415
145697,21.8624935150146
145698,22.1144771575928
145699,23.4234657287598
145700,21.7076053619385
145701,20.0400047302246
145702,21.6550998687744
145703,20.8724689483643
145704,21.2472591400146
145705,24.8206100463867
145706,21.7505531311035
145707,22.2276363372803
145708,21.813081741333
145709,21.0716934204102
145710,21.4652690887451
145711,25.6679096221924
145712,22.6158504486084
145713,22.1242580413818
145714,21.6818447113037
145715,20.6747226715088
145716,22.1179695129395
145717,32.8760070800781
145718,23.1243858337402
145719,23.0965690612793
145720,21.778787612915
145721,21.1547908782959
145722,22.5151882171631
145723,28.5826396942139
145724,22.061653137207
145725,24.1209278106689
145726,23.3075389862061
145727,22.2604904174805
145728,23.8838653564453
145729,40.4057502746582
145730,29.0372657775879
145731,29.3209571838379
145732,28.4782867431641
145733,25.4328517913818
145734,26.9239234924316
145735,44.609317779541
145736,34.9780578613281
145737,35.470645904541
145738,34.1882247924805
145739,31.364444732666
145740,38.9137916564941
145741,55.7191009521484
145742,39.1824684143066
145743,32.5611839294434
145744,36.5944519042969
145745,22.3788967132568
145746,43.4028282165527
145747,52.843635559082
145748,43.3748970031738
145749,31.354923248291
145750,26.5936336517334
145751,21.5056400299072
145752,39.6047630310059
145753,49.270679473877
145754,204.851867675781
145755,31.4072647094727
145756,22.4219245910645
145757,24.3139743804932
145758,45.4483795166016
145759,59.8463897705078
145760,31.8208503723145
145761,26.3284549713135
145762,16.131814956665
145763,20.5468082427979
145764,31.5488052368164
145765,64.3201599121094
145766,30.2930126190186
145767,26.9701728820801
145768,16.1382923126221
145769,15.2338333129883
145770,30.1720962524414
145771,64.7621994018555
145772,28.6909923553467
145773,26.6395988464355
145774,16.1795215606689
145775,13.5208292007446
145776,29.7520656585693
145777,37.2922134399414
145778,26.1486644744873
145779,22.7871017456055
145780,12.7166872024536
145781,12.3111791610718
145782,26.4607486724854
145783,53.9745101928711
145784,26.1444854736328
145785,22.4719467163086
145786,12.4199304580688
145787,11.044189453125
145788,26.6253433227539
145789,50.2320137023926
145790,26.5749683380127
145791,23.1691703796387
145792,11.994610786438
145793,11.6995439529419
145794,26.449254989624
145795,59.8465957641602
145796,25.7227687835693
145797,23.0537242889404
145798,11.261269569397
145799,11.6193971633911
145800,25.9700145721436
145801,55.7639694213867
145802,26.2101516723633
145803,23.9608898162842
145804,13.2051115036011
145805,12.5917882919312
145806,26.8276062011719
145807,50.738353729248
145808,27.4632244110107
145809,24.2523097991943
145810,14.7152128219604
145811,13.190523147583
145812,27.47776222229
145813,50.4222831726074
145814,28.5777282714844
145815,24.251708984375
145816,20.660758972168
145817,17.3867740631104
145818,29.1370887756348
145819,41.4957313537598
145820,29.0520095825195
145821,25.0110836029053
145822,23.2599315643311
145823,22.8817024230957
145824,29.1956405639648
145825,27.6350917816162
145826,29.0015487670898
145827,22.4226722717285
145828,19.4038906097412
145829,14.5938577651978
145830,34.6099433898926
145831,27.9185581207275
145832,25.1507320404053
145833,18.0200099945068
145834,13.4126243591309
145835,12.3434057235718
145836,24.8898029327393
145837,26.357837677002
145838,23.9369716644287
145839,16.8913021087646
145840,12.1688814163208
145841,12.6440572738647
145842,24.1341361999512
145843,25.7839393615723
145844,23.0180988311768
145845,16.5029716491699
145846,13.7508506774902
145847,18.328462600708
145848,22.7123413085938
145849,23.227502822876
145850,21.4887866973877
145851,16.8671989440918
145852,19.7304401397705
145853,22.8827209472656
145854,22.2324466705322
145855,21.184009552002
145856,21.3877048492432
145857,17.8843193054199
145858,22.543529510498
145859,24.9339618682861
145860,21.5801391601562
145861,19.610803604126
145862,21.141300201416
145863,19.5801639556885
145864,26.6999092102051
145865,26.0788650512695
145866,24.8025588989258
145867,22.2354106903076
145868,22.4145545959473
145869,23.1678237915039
145870,27.0489921569824
145871,27.0748558044434
145872,26.2096366882324
145873,30.1692008972168
145874,25.6659545898438
145875,31.4815826416016
145876,30.0568866729736
145877,30.8017292022705
145878,27.4338073730469
145879,63.880443572998
145880,43.3822860717773
145881,54.1968765258789
145882,56.5113372802734
145883,57.8246688842773
145884,44.8782997131348
145885,213.466903686523
145886,245.59733581543
145887,52.241153717041
145888,52.1241607666016
145889,55.9330635070801
145890,231.849533081055
145891,229.989624023438
145892,41.513370513916
145893,44.6166648864746
145894,53.6592597961426
145895,50.0876350402832
145896,247.881469726562
145897,194.512100219727
145898,40.8720397949219
145899,47.0753974914551
145900,43.6155471801758
145901,46.7699356079102
145902,176.96208190918
145903,183.206878662109
145904,172.050491333008
145905,206.662216186523
145906,38.6889228820801
145907,43.470287322998
145908,163.483963012695
145909,79.1703262329102
145910,40.6359519958496
145911,33.157958984375
145912,28.4633483886719
145913,31.9255084991455
145914,41.4378471374512
145915,73.2385330200195
145916,38.542236328125
145917,28.948600769043
145918,27.1629276275635
145919,27.6640338897705
145920,38.8695602416992
145921,61.6535530090332
145922,29.8208122253418
145923,30.1429462432861
145924,29.810474395752
145925,29.4386348724365
145926,35.6552429199219
145927,64.4792938232422
145928,33.7239456176758
145929,28.8198204040527
145930,28.6611595153809
145931,28.4534511566162
145932,36.4668617248535
145933,64.603889465332
145934,34.2251358032227
145935,28.9330959320068
145936,28.4576663970947
145937,28.6519546508789
145938,36.9187927246094
145939,65.1021575927734
145940,30.7206287384033
145941,28.2313022613525
145942,28.2156715393066
145943,28.1250267028809
145944,31.3813800811768
145945,65.2962951660156
145946,31.9203052520752
145947,28.298059463501
145948,28.6121025085449
145949,28.6341342926025
145950,32.2103691101074
145951,75.406852722168
145952,42.4581184387207
145953,34.0110740661621
145954,32.9322509765625
145955,32.7525367736816
145956,42.3803672790527
145957,77.1983184814453
145958,43.8991470336914
145959,35.3443717956543
145960,35.3083419799805
145961,36.5600318908691
145962,45.3470497131348
145963,69.6877365112305
145964,45.6084861755371
145965,35.6534385681152
145966,34.578254699707
145967,35.105339050293
145968,43.8182487487793
145969,39.4199485778809
145970,28.6977405548096
145971,27.3269290924072
145972,26.4682655334473
145973,26.8330020904541
145974,28.354455947876
145975,31.1497077941895
145976,26.4848327636719
145977,25.3754386901855
145978,25.213924407959
145979,25.268611907959
145980,26.2674503326416
145981,30.4912796020508
145982,25.8677825927734
145983,24.6909027099609
145984,24.4978656768799
145985,24.6785049438477
145986,25.8534107208252
145987,28.2941360473633
145988,24.9247550964355
145989,24.0873947143555
145990,24.2373657226562
145991,24.5572700500488
145992,24.7052841186523
145993,24.8338623046875
145994,21.5263233184814
145995,23.6831817626953
145996,23.8048610687256
145997,24.1800575256348
145998,20.5209693908691
145999,26.1666431427002
146000,18.3896751403809
146001,23.9763450622559
146002,24.8628311157227
146003,24.9973335266113
146004,20.6454429626465
146005,24.510763168335
146006,15.8040761947632
146007,23.7322196960449
146008,24.9350051879883
146009,24.8742408752441
146010,16.9315567016602
146011,24.5104370117188
146012,15.4041452407837
146013,23.314661026001
146014,25.1358432769775
146015,24.4622287750244
146016,16.3783798217773
146017,38.5306663513184
146018,19.2138118743896
146019,29.4234714508057
146020,29.7515048980713
146021,29.0456256866455
146022,19.3917102813721
146023,77.6395874023438
146024,29.7769260406494
146025,39.7511596679688
146026,43.8254585266113
146027,38.0106964111328
146028,29.8193511962891
146029,64.0414505004883
146030,27.598180770874
146031,34.37890625
146032,37.8083267211914
146033,34.8229827880859
146034,29.2235832214355
146035,45.7881050109863
146036,25.8676357269287
146037,26.1601982116699
146038,28.2629222869873
146039,28.8793468475342
146040,23.1590461730957
146041,39.6191291809082
146042,25.0150604248047
146043,21.793664932251
146044,17.2712287902832
146045,16.0297508239746
146046,19.2948322296143
146047,35.4646110534668
146048,22.3309154510498
146049,21.1263427734375
146050,18.6795768737793
146051,13.3400411605835
146052,17.5646266937256
146053,30.3755531311035
146054,21.2432308197021
146055,20.3021984100342
146056,23.4495182037354
146057,19.0182247161865
146058,17.7813663482666
146059,28.0286636352539
146060,18.8705730438232
146061,20.284351348877
146062,23.9822120666504
146063,14.6210203170776
146064,16.7818298339844
146065,26.8291835784912
146066,16.9703426361084
146067,20.1179542541504
146068,23.9502639770508
146069,22.9443378448486
146070,16.0479183197021
146071,26.9493827819824
146072,18.1856880187988
146073,19.0252227783203
146074,24.1158866882324
146075,23.0726165771484
146076,16.1330413818359
146077,33.7452659606934
146078,19.6349029541016
146079,19.8126564025879
146080,24.6067047119141
146081,24.6041278839111
146082,17.766263961792
146083,29.2790355682373
146084,22.7318935394287
146085,18.6100559234619
146086,24.1884250640869
146087,24.4003372192383
146088,19.4318828582764
146089,36.1982841491699
146090,24.5285511016846
146091,19.0434856414795
146092,24.6553840637207
146093,23.4932117462158
146094,23.1525993347168
146095,41.7997283935547
146096,26.312068939209
146097,19.586597442627
146098,24.9688968658447
146099,23.3208866119385
146100,24.9993076324463
146101,52.9819297790527
146102,28.7827682495117
146103,19.8607158660889
146104,23.7835559844971
146105,21.7887401580811
146106,28.3276882171631
146107,50.6624412536621
146108,31.7472839355469
146109,21.6068572998047
146110,17.3707046508789
146111,16.5273933410645
146112,29.8257808685303
146113,28.0797290802002
146114,25.2189903259277
146115,17.3116054534912
146116,12.7718420028687
146117,13.4090538024902
146118,24.5946922302246
146119,23.3778953552246
146120,22.7109394073486
146121,14.4532289505005
146122,10.9722661972046
146123,11.1107406616211
146124,21.7618160247803
146125,23.429988861084
146126,21.7007598876953
146127,13.6246204376221
146128,11.028244972229
146129,10.5245656967163
146130,21.6223392486572
146131,32.2218170166016
146132,25.1906757354736
146133,13.3801603317261
146134,13.527946472168
146135,12.7138471603394
146136,27.35569190979
146137,24.0819416046143
146138,20.5512218475342
146139,15.7258205413818
146140,12.4161796569824
146141,18.8203620910645
146142,20.7491321563721
146143,24.06374168396
146144,20.4364719390869
146145,14.9792413711548
146146,18.9741706848145
146147,20.9831371307373
146148,20.406608581543
146149,23.056848526001
146150,20.321403503418
146151,15.5752687454224
146152,17.5898303985596
146153,21.4074363708496
146154,20.0984230041504
146155,23.0341148376465
146156,20.4981079101562
146157,19.129243850708
146158,20.2097702026367
146159,21.4513988494873
146160,20.7203540802002
146161,28.5890636444092
146162,29.1050796508789
146163,26.9779624938965
146164,28.2405090332031
146165,27.9826393127441
146166,28.7940273284912
146167,79.8506622314453
146168,51.2851333618164
146169,43.1055603027344
146170,52.8142929077148
146171,55.9860038757324
146172,48.7810173034668
146173,212.498275756836
146174,35.7021980285645
146175,34.1194877624512
146176,37.0022964477539
146177,46.6504440307617
146178,37.3703727722168
146179,76.5624923706055
146180,33.4622116088867
146181,29.5528144836426
146182,34.7037582397461
146183,36.8247261047363
146184,34.095027923584
146185,59.5153617858887
146186,31.8048305511475
146187,29.359167098999
146188,37.6171531677246
146189,37.4325866699219
146190,31.132251739502
146191,58.1158828735352
146192,28.1051635742188
146193,28.2128067016602
146194,37.5220680236816
146195,36.7418746948242
146196,28.2719192504883
146197,38.7763404846191
146198,23.1638317108154
146199,25.1359577178955
146200,26.4068946838379
146201,28.5096340179443
146202,24.6749515533447
146203,32.4383544921875
146204,22.8787002563477
146205,25.6183204650879
146206,25.9445819854736
146207,26.4964942932129
146208,22.458797454834
146209,42.365779876709
146210,24.6663398742676
146211,25.0551109313965
146212,26.8397560119629
146213,27.0033397674561
146214,23.8202648162842
146215,41.919605255127
146216,26.1730060577393
146217,24.2440376281738
146218,26.8307189941406
146219,27.1255683898926
146220,24.6281719207764
146221,34.4540786743164
146222,28.9691066741943
146223,25.260181427002
146224,25.8327178955078
146225,26.682954788208
146226,25.5002021789551
146227,42.1309928894043
146228,41.3344497680664
146229,29.6838512420654
146230,27.8136901855469
146231,26.758321762085
146232,35.5827827453613
146233,42.6945114135742
146234,45.8846244812012
146235,34.3988342285156
146236,28.0713386535645
146237,28.6198902130127
146238,40.140754699707
146239,45.2069358825684
146240,46.4031372070312
146241,29.11305809021
146242,27.9337329864502
146243,28.5656509399414
146244,39.450008392334
146245,45.2477874755859
146246,46.6375885009766
146247,30.2290744781494
146248,30.9283027648926
146249,29.2499580383301
146250,41.0132904052734
146251,44.5409469604492
146252,42.1191558837891
146253,32.5742797851562
146254,30.8830509185791
146255,30.3029804229736
146256,39.4535369873047
146257,23.5049343109131
146258,27.7699089050293
146259,24.0452156066895
146260,26.5149097442627
146261,26.3498458862305
146262,27.6424045562744
146263,22.9429950714111
146264,25.7026386260986
146265,23.4332427978516
146266,24.2827587127686
146267,25.7116432189941
146268,25.3635234832764
146269,24.4102745056152
146270,25.1179180145264
146271,24.6783237457275
146272,25.4082374572754
146273,25.6408500671387
146274,24.8233985900879
146275,24.2788772583008
146276,24.529333114624
146277,24.4656372070312
146278,26.360408782959
146279,25.4177207946777
146280,24.6543579101562
146281,22.5774269104004
146282,21.7132034301758
146283,22.1446647644043
146284,22.5643444061279
146285,22.5486888885498
146286,21.6844272613525
146287,20.3225326538086
146288,20.8652324676514
146289,21.5518226623535
146290,21.5382404327393
146291,21.6471309661865
146292,20.8326568603516
146293,20.0761470794678
146294,19.9218120574951
146295,21.0756168365479
146296,21.0407466888428
146297,21.0839939117432
146298,20.0026874542236
146299,20.8933410644531
146300,20.0611839294434
146301,21.119945526123
146302,21.1992931365967
146303,21.1001510620117
146304,20.0286083221436
146305,27.5740051269531
146306,26.996603012085
146307,27.1095180511475
146308,28.1451797485352
146309,27.3006229400635
146310,26.9010524749756
146311,49.2740325927734
146312,37.7534484863281
146313,37.5612144470215
146314,37.1003341674805
146315,36.2464447021484
146316,38.3515090942383
146317,51.7164535522461
146318,34.3720092773438
146319,33.8423042297363
146320,32.4882926940918
146321,31.948278427124
146322,33.2036094665527
146323,37.5604629516602
146324,30.4629192352295
146325,29.8011722564697
146326,29.7271728515625
146327,30.2944316864014
146328,30.3613014221191
146329,31.6798515319824
146330,26.7118988037109
146331,26.8225879669189
146332,26.4529933929443
146333,27.5326690673828
146334,26.040943145752
146335,28.6376132965088
146336,25.1547756195068
146337,26.5214405059814
146338,24.7643184661865
146339,24.8854331970215
146340,23.41188621521
146341,28.3145408630371
146342,25.4942665100098
146343,25.6667251586914
146344,23.7493572235107
146345,23.9279689788818
146346,21.5676441192627
146347,28.8815002441406
146348,25.2114791870117
146349,24.6877956390381
146350,23.5677013397217
146351,23.6891117095947
146352,23.2843132019043
146353,21.7956447601318
146354,23.2849655151367
146355,23.264741897583
146356,23.2070903778076
146357,22.803731918335
146358,19.4796199798584
146359,21.8840522766113
146360,23.8561305999756
146361,23.7875213623047
146362,22.8471374511719
146363,22.0172367095947
146364,19.1165523529053
146365,23.3397731781006
146366,23.2449951171875
146367,23.046558380127
146368,22.8321418762207
146369,19.9951286315918
146370,17.8296184539795
146371,23.0551910400391
146372,23.373607635498
146373,23.6585826873779
146374,22.689094543457
146375,20.7441215515137
146376,19.0867881774902
146377,21.7412700653076
146378,23.1421394348145
146379,23.2206497192383
146380,22.6419296264648
146381,21.7573051452637
146382,19.3163776397705
146383,23.1295623779297
146384,20.7936840057373
146385,21.3629550933838
146386,22.9144916534424
146387,21.4612789154053
146388,19.4543781280518
146389,28.9500617980957
146390,22.6695346832275
146391,21.9612274169922
146392,23.0434837341309
146393,22.5934677124023
146394,22.4418449401855
146395,21.5944194793701
146396,20.8256568908691
146397,22.2955551147461
146398,22.4987392425537
146399,23.1636047363281
146400,22.5607395172119
146401,15.8598623275757
146402,22.051025390625
146403,18.8382911682129
146404,20.3755187988281
146405,20.5268688201904
146406,22.0919551849365
146407,16.706075668335
146408,17.6280364990234
146409,16.8259944915771
146410,18.3298492431641
146411,18.6033992767334
146412,15.2113885879517
146413,10.5112867355347
146414,12.0905685424805
146415,15.6373138427734
146416,16.3856315612793
146417,13.3206224441528
146418,9.35398483276367
146419,9.43774509429932
146420,8.3934497833252
146421,13.9228372573853
146422,15.5108051300049
146423,12.4302854537964
146424,8.56487560272217
146425,9.42117786407471
146426,8.59831714630127
146427,13.8104219436646
146428,14.6321868896484
146429,10.1326484680176
146430,9.44076156616211
146431,10.5386943817139
146432,11.0002288818359
146433,13.0097980499268
146434,14.2902641296387
146435,9.70894145965576
146436,7.95799779891968
146437,10.6278877258301
146438,8.62657356262207
146439,14.848316192627
146440,13.4258146286011
146441,9.64091968536377
146442,7.04212045669556
146443,14.8681764602661
146444,6.7977876663208
146445,13.6187572479248
146446,13.2723817825317
146447,9.58052730560303
146448,6.48744201660156
146449,18.2321014404297
146450,7.01494550704956
146451,15.0205726623535
146452,12.8911390304565
146453,13.0563516616821
146454,6.808518409729
146455,22.2365283966064
146456,7.98322248458862
146457,20.4558563232422
146458,14.1275606155396
146459,12.6482591629028
146460,7.0724892616272
146461,23.8744163513184
146462,8.07596969604492
146463,20.0089988708496
146464,16.7793292999268
146465,12.5014743804932
146466,7.24826240539551
146467,27.2309055328369
146468,7.15529680252075
146469,18.9171142578125
146470,16.6987457275391
146471,10.6971321105957
146472,6.83011770248413
146473,25.782600402832
146474,7.28786087036133
146475,17.5625972747803
146476,17.0844707489014
146477,8.56350803375244
146478,6.76318216323853
146479,24.2577838897705
146480,6.58619165420532
146481,15.1028127670288
146482,15.1419677734375
146483,7.55775499343872
146484,6.27881813049316
146485,27.5386848449707
146486,6.34563255310059
146487,16.9201183319092
146488,12.7672843933105
146489,14.146842956543
146490,6.18720674514771
146491,16.4135303497314
146492,6.36988019943237
146493,17.0648155212402
146494,14.0143718719482
146495,10.6320495605469
146496,6.29854011535645
146497,28.6223602294922
146498,6.13055372238159
146499,14.659499168396
146500,10.3166999816895
146501,8.59578037261963
146502,6.10706472396851
146503,16.9616756439209
146504,6.13055372238159
146505,18.6311740875244
146506,10.102352142334
146507,9.43459320068359
146508,6.12012624740601
146509,17.7926292419434
146510,5.94725942611694
146511,18.5887298583984
146512,10.071252822876
146513,10.7657613754272
146514,5.87679100036621
146515,17.8287544250488
146516,6.23143291473389
146517,18.1844024658203
146518,13.3060483932495
146519,10.6198463439941
146520,5.84312295913696
146521,17.8129482269287
146522,6.34666204452515
146523,19.7120094299316
146524,13.5848474502563
146525,10.8469047546387
146526,6.10682964324951
146527,18.8160400390625
146528,6.4085545539856
146529,20.5444068908691
146530,12.7504959106445
146531,9.65171241760254
146532,6.17609786987305
146533,19.9842205047607
146534,6.97192859649658
146535,20.5440330505371
146536,14.4307537078857
146537,7.80831670761108
146538,6.51192045211792
146539,20.789176940918
146540,7.54749584197998
146541,21.8942623138428
146542,13.4710493087769
146543,10.9862842559814
146544,7.86844491958618
146545,21.6868515014648
146546,9.4938268661499
146547,21.6539783477783
146548,13.0350914001465
146549,8.51124286651611
146550,10.7471876144409
146551,16.2483139038086
146552,10.9328804016113
146553,19.1404228210449
146554,7.50118350982666
146555,8.20149040222168
146556,9.87046051025391
146557,14.2930746078491
146558,14.399115562439
146559,16.8336391448975
146560,7.8836932182312
146561,10.2449378967285
146562,11.1041574478149
146563,17.399299621582
146564,17.442834854126
146565,16.2145462036133
146566,8.88577651977539
146567,11.5629119873047
146568,16.0277652740479
146569,18.1363086700439
146570,15.8857707977295
146571,15.0668983459473
146572,8.90438365936279
146573,13.9813566207886
146574,16.8320484161377
146575,18.9962882995605
146576,11.5834903717041
146577,14.9837045669556
146578,11.5158138275146
146579,16.6957168579102
146580,14.8282880783081
146581,20.052267074585
146582,12.0440006256104
146583,17.6726531982422
146584,13.375205039978
146585,18.4109764099121
146586,12.0825157165527
146587,20.7213306427002
146588,12.6063604354858
146589,20.8817367553711
146590,16.4523334503174
146591,21.3333358764648
146592,12.536416053772
146593,26.0159854888916
146594,13.2535371780396
146595,22.3241653442383
146596,20.1587352752686
146597,24.0862560272217
146598,13.2896280288696
146599,48.8115081787109
146600,14.9556846618652
146601,24.9124946594238
146602,23.9242172241211
146603,26.6567859649658
146604,15.0734195709229
146605,61.8318557739258
146606,12.8520956039429
146607,23.5568370819092
146608,22.0918254852295
146609,26.6157608032227
146610,12.902232170105
146611,64.7627792358398
146612,11.2771072387695
146613,22.24827003479
146614,20.7206115722656
146615,26.4119682312012
146616,11.2680988311768
146617,55.2917709350586
146618,10.7902793884277
146619,21.8934059143066
146620,17.5842933654785
146621,20.0208072662354
146622,10.8361711502075
146623,22.8075942993164
146624,10.7902793884277
146625,20.5908107757568
146626,20.2875537872314
146627,17.3733177185059
146628,10.7902793884277
146629,22.1373653411865
146630,11.1559925079346
146631,20.8762588500977
146632,21.5794258117676
146633,19.3368091583252
146634,11.0100021362305
146635,22.8116703033447
146636,11.7573537826538
146637,20.5373344421387
146638,22.4899978637695
146639,19.2008285522461
146640,11.6657552719116
146641,23.1614723205566
146642,14.9958972930908
146643,22.7807121276855
146644,22.6530532836914
146645,20.7079372406006
146646,16.6044769287109
146647,23.9522609710693
146648,17.1621360778809
146649,23.5798168182373
146650,23.1872749328613
146651,22.0312900543213
146652,15.3036689758301
146653,26.3646564483643
146654,18.5062923431396
146655,18.9554615020752
146656,23.9358463287354
146657,23.6022567749023
146658,17.3432559967041
146659,25.6701583862305
146660,20.4116497039795
146661,18.7753810882568
146662,23.9901676177979
146663,23.9023838043213
146664,19.1876373291016
146665,30.5830326080322
146666,22.1304588317871
146667,18.2838249206543
146668,23.9059600830078
146669,24.0907001495361
146670,19.4306793212891
146671,30.2988739013672
146672,22.856201171875
146673,18.7826709747314
146674,24.1896553039551
146675,24.3649368286133
146676,20.671407699585
146677,33.6588935852051
146678,25.7580623626709
146679,19.7280139923096
146680,25.643180847168
146681,24.7102966308594
146682,24.1725196838379
146683,39.4326400756836
146684,25.6168594360352
146685,18.8350105285645
146686,27.4866504669189
146687,24.2865180969238
146688,25.506872177124
146689,40.1851348876953
146690,25.7769775390625
146691,17.7903575897217
146692,14.8557195663452
146693,13.421462059021
146694,24.2580471038818
146695,31.3030490875244
146696,22.9060688018799
146697,17.8294372558594
146698,13.3049478530884
146699,14.4988842010498
146700,22.4792060852051
146701,33.2059593200684
146702,25.4262313842773
146703,17.7095966339111
146704,14.4790153503418
146705,19.5755672454834
146706,25.3466091156006
146707,29.1188335418701
146708,25.1848945617676
146709,17.6121120452881
146710,21.9393730163574
146711,25.2159900665283
146712,25.6264514923096
146713,28.8841648101807
146714,26.6951389312744
146715,16.7509784698486
146716,23.3254909515381
146717,23.7779331207275
146718,26.6951389312744
146719,30.5901947021484
146720,26.5361461639404
146721,17.5063037872314
146722,19.491268157959
146723,25.6720523834229
146724,26.5361461639404
146725,28.3576278686523
146726,28.9607849121094
146727,17.327335357666
146728,22.8165397644043
146729,24.9989757537842
146730,29.4915752410889
146731,30.5774955749512
146732,33.8039245605469
146733,18.9124355316162
146734,27.2080249786377
146735,27.2431488037109
146736,33.2547874450684
146737,45.4124336242676
146738,37.0323677062988
146739,24.9164218902588
146740,27.2009048461914
146741,32.4445037841797
146742,37.1740036010742
146743,183.026306152344
146744,48.7797317504883
146745,35.9893264770508
146746,34.3609008789062
146747,58.3787231445312
146748,46.6962547302246
146749,70.8655242919922
146750,35.7216949462891
146751,30.0779972076416
146752,33.7113037109375
146753,35.0465698242188
146754,35.2104721069336
146755,72.9994735717773
146756,35.7654914855957
146757,29.731912612915
146758,34.9246406555176
146759,35.3379707336426
146760,35.5157890319824
146761,71.474365234375
146762,33.7572250366211
146763,26.6710109710693
146764,35.0615043640137
146765,34.3747177124023
146766,33.7572250366211
146767,69.0263824462891
146768,33.4533920288086
146769,27.0543670654297
146770,35.7299652099609
146771,35.1643333435059
146772,33.3219375610352
146773,72.1955337524414
146774,32.7038879394531
146775,27.3103446960449
146776,33.5522193908691
146777,33.7506065368652
146778,32.6310958862305
