"id","target"
133627,33.9092578351231
133629,33.9092578351231
133630,33.9092578351231
133631,33.9092578351231
133633,33.9092578351231
133634,33.9092578351231
133635,33.9092578351231
133637,33.9092578351231
133638,33.9092578351231
133639,33.9092578351231
133641,33.9092578351231
133642,33.9092578351231
133643,33.9092578351231
133645,33.9092578351231
133646,33.9092578351231
133647,33.9092578351231
133649,33.9092578351231
133650,33.9092578351231
133651,33.9092578351231
133653,33.9092578351231
133654,33.9092578351231
133655,33.9092578351231
133657,33.9092578351231
133658,33.9092578351231
133659,33.9092578351231
133661,33.9092578351231
133662,33.9092578351231
133663,33.9092578351231
133665,33.9092578351231
133666,33.9092578351231
133667,33.9092578351231
133669,33.9092578351231
133670,33.9092578351231
133671,33.9092578351231
133673,33.9092578351231
133674,33.9092578351231
133675,33.9092578351231
133677,33.9092578351231
133678,33.9092578351231
133679,33.9092578351231
133681,33.9092578351231
133682,33.9092578351231
133683,33.9092578351231
133685,33.9092578351231
133686,33.9092578351231
133687,33.9092578351231
133689,33.9092578351231
133690,33.9092578351231
133691,33.9092578351231
133693,33.9092578351231
133694,33.9092578351231
133695,33.9092578351231
133697,33.9092578351231
133698,33.9092578351231
133699,33.9092578351231
133701,33.9092578351231
133702,33.9092578351231
133703,33.9092578351231
133705,33.9092578351231
133706,33.9092578351231
133707,33.9092578351231
133709,33.9092578351231
133710,33.9092578351231
133711,33.9092578351231
133713,33.9092578351231
133714,33.9092578351231
133715,33.9092578351231
133717,33.9092578351231
133718,33.9092578351231
133719,33.9092578351231
133721,33.9092578351231
133722,33.9092578351231
133723,33.9092578351231
133725,33.9092578351231
133726,33.9092578351231
133727,33.9092578351231
133729,33.9092578351231
133730,33.9092578351231
133731,33.9092578351231
133733,33.9092578351231
133734,33.9092578351231
133735,33.9092578351231
133737,33.9092578351231
133738,33.9092578351231
133739,33.9092578351231
133741,33.9092578351231
133742,33.9092578351231
133743,33.9092578351231
133745,33.9092578351231
133746,33.9092578351231
133747,33.9092578351231
133749,33.9092578351231
133750,33.9092578351231
133751,33.9092578351231
133753,33.9092578351231
133754,33.9092578351231
133755,33.9092578351231
133757,33.9092578351231
133758,33.9092578351231
133759,33.9092578351231
133761,33.9092578351231
133762,33.9092578351231
133763,33.9092578351231
133765,33.9092578351231
133766,33.9092578351231
133767,33.9092578351231
133769,33.9092578351231
133770,33.9092578351231
133771,33.9092578351231
133773,33.9092578351231
133774,33.9092578351231
133775,33.9092578351231
133777,33.9092578351231
133778,33.9092578351231
133779,33.9092578351231
133781,33.9092578351231
133782,33.9092578351231
133783,33.9092578351231
133785,33.9092578351231
133786,33.9092578351231
133787,33.9092578351231
133789,33.9092578351231
133790,33.9092578351231
133791,33.9092578351231
133793,33.9092578351231
133794,33.9092578351231
133795,33.9092578351231
133797,33.9092578351231
133798,33.9092578351231
133799,33.9092578351231
133801,33.9092578351231
133802,33.9092578351231
133803,33.9092578351231
133805,33.9092578351231
133806,33.9092578351231
133807,33.9092578351231
133809,33.9092578351231
133810,33.9092578351231
133811,33.9092578351231
133813,33.9092578351231
133814,33.9092578351231
133815,33.9092578351231
133817,33.9092578351231
133818,33.9092578351231
133819,33.9092578351231
133820,33.9092578351231
133821,33.9092578351231
133822,33.9092578351231
133823,33.9092578351231
133824,33.9092578351231
133825,33.9092578351231
133826,33.9092578351231
133827,33.9092578351231
133828,33.9092578351231
133829,33.9092578351231
133830,33.9092578351231
133831,33.9092578351231
133832,33.9092578351231
133833,33.9092578351231
133834,33.9092578351231
133835,33.9092578351231
133836,33.9092578351231
133837,33.9092578351231
133838,33.9092578351231
133839,33.9092578351231
133840,33.9092578351231
133841,33.9092578351231
133842,33.9092578351231
133843,33.9092578351231
133844,33.9092578351231
133845,33.9092578351231
133846,33.9092578351231
133847,33.9092578351231
133848,33.9092578351231
133849,33.9092578351231
133850,33.9092578351231
133851,33.9092578351231
133852,33.9092578351231
133853,33.9092578351231
133854,33.9092578351231
133855,33.9092578351231
133856,33.9092578351231
133857,33.9092578351231
133858,33.9092578351231
133859,33.9092578351231
133860,33.9092578351231
133861,33.9092578351231
133862,33.9092578351231
133863,33.9092578351231
133864,33.9092578351231
133865,33.9092578351231
133866,33.9092578351231
133867,33.9092578351231
133868,33.9092578351231
133869,33.9092578351231
133870,33.9092578351231
133871,33.9092578351231
133872,33.9092578351231
133873,33.9092578351231
133874,33.9092578351231
133875,33.9092578351231
133876,33.9092578351231
133877,33.9092578351231
133878,33.9092578351231
133879,33.9092578351231
133880,33.9092578351231
133881,33.9092578351231
133882,33.9092578351231
133883,33.9092578351231
133884,33.9092578351231
133885,33.9092578351231
133886,33.9092578351231
133887,33.9092578351231
133888,33.9092578351231
133889,33.9092578351231
133890,33.9092578351231
133891,33.9092578351231
133892,33.9092578351231
133893,33.9092578351231
133894,33.9092578351231
133895,33.9092578351231
133896,33.9092578351231
133897,33.9092578351231
133898,33.9092578351231
133899,33.9092578351231
133900,33.9092578351231
133901,33.9092578351231
133902,33.9092578351231
133903,33.9092578351231
133904,33.9092578351231
133905,33.9092578351231
133906,33.9092578351231
133907,33.9092578351231
133908,33.9092578351231
133909,33.9092578351231
133910,33.9092578351231
133911,33.9092578351231
133912,33.9092578351231
133913,33.9092578351231
133914,33.9092578351231
133915,33.9092578351231
133916,33.9092578351231
133917,33.9092578351231
133918,33.9092578351231
133919,33.9092578351231
133920,33.9092578351231
133921,33.9092578351231
133922,33.9092578351231
133923,33.9092578351231
133924,33.9092578351231
133925,33.9092578351231
133926,33.9092578351231
133927,33.9092578351231
133928,33.9092578351231
133929,33.9092578351231
133930,33.9092578351231
133931,33.9092578351231
133932,33.9092578351231
133933,33.9092578351231
133934,33.9092578351231
133935,33.9092578351231
133936,33.9092578351231
133937,33.9092578351231
133938,33.9092578351231
133939,33.9092578351231
133940,33.9092578351231
133941,33.9092578351231
133942,33.9092578351231
133943,33.9092578351231
133944,33.9092578351231
133945,33.9092578351231
133946,33.9092578351231
133947,33.9092578351231
133948,33.9092578351231
133949,33.9092578351231
133950,33.9092578351231
133951,33.9092578351231
133952,33.9092578351231
133953,33.9092578351231
133954,33.9092578351231
133955,33.9092578351231
133956,33.9092578351231
133957,33.9092578351231
133958,33.9092578351231
133959,33.9092578351231
133960,33.9092578351231
133961,33.9092578351231
133962,33.9092578351231
133963,33.9092578351231
133964,33.9092578351231
133965,33.9092578351231
133966,33.9092578351231
133967,33.9092578351231
133968,33.9092578351231
133969,33.9092578351231
133970,33.9092578351231
133971,33.9092578351231
133972,33.9092578351231
133973,33.9092578351231
133974,33.9092578351231
133975,33.9092578351231
133976,33.9092578351231
133977,33.9092578351231
133978,33.9092578351231
133979,33.9092578351231
133980,33.9092578351231
133981,33.9092578351231
133982,33.9092578351231
133983,33.9092578351231
133984,33.9092578351231
133985,33.9092578351231
133986,33.9092578351231
133987,33.9092578351231
133988,33.9092578351231
133989,33.9092578351231
133990,33.9092578351231
133991,33.9092578351231
133992,33.9092578351231
133993,33.9092578351231
133994,33.9092578351231
133995,33.9092578351231
133996,33.9092578351231
133997,33.9092578351231
133998,33.9092578351231
133999,33.9092578351231
134000,33.9092578351231
134001,33.9092578351231
134002,33.9092578351231
134003,33.9092578351231
134004,33.9092578351231
134005,33.9092578351231
134006,33.9092578351231
134007,33.9092578351231
134008,33.9092578351231
134009,33.9092578351231
134010,33.9092578351231
134011,33.9092578351231
134012,33.9092578351231
134013,33.9092578351231
134014,33.9092578351231
134015,33.9092578351231
134016,33.9092578351231
134017,33.9092578351231
134018,33.9092578351231
134019,33.9092578351231
134020,33.9092578351231
134021,33.9092578351231
134022,33.9092578351231
134023,33.9092578351231
134024,33.9092578351231
134025,33.9092578351231
134026,33.9092578351231
134027,33.9092578351231
134028,33.9092578351231
134029,33.9092578351231
134030,33.9092578351231
134031,33.9092578351231
134032,33.9092578351231
134033,33.9092578351231
134034,33.9092578351231
134035,33.9092578351231
134036,33.9092578351231
134037,33.9092578351231
134038,33.9092578351231
134039,33.9092578351231
134040,33.9092578351231
134041,33.9092578351231
134042,33.9092578351231
134043,33.9092578351231
134044,33.9092578351231
134045,33.9092578351231
134046,33.9092578351231
134047,33.9092578351231
134048,33.9092578351231
134049,33.9092578351231
134050,33.9092578351231
134051,33.9092578351231
134052,33.9092578351231
134053,33.9092578351231
134054,33.9092578351231
134055,33.9092578351231
134056,33.9092578351231
134057,33.9092578351231
134058,33.9092578351231
134059,33.9092578351231
134060,33.9092578351231
134061,33.9092578351231
134062,33.9092578351231
134063,33.9092578351231
134064,33.9092578351231
134065,33.9092578351231
134066,33.9092578351231
134067,33.9092578351231
134068,33.9092578351231
134069,33.9092578351231
134070,33.9092578351231
134071,33.9092578351231
134072,33.9092578351231
134073,33.9092578351231
134074,33.9092578351231
134075,33.9092578351231
134076,33.9092578351231
134077,33.9092578351231
134078,33.9092578351231
134079,33.9092578351231
134080,33.9092578351231
134081,33.9092578351231
134082,33.9092578351231
134083,33.9092578351231
134084,33.9092578351231
134085,33.9092578351231
134086,33.9092578351231
134087,33.9092578351231
134088,33.9092578351231
134089,33.9092578351231
134090,33.9092578351231
134091,33.9092578351231
134092,33.9092578351231
134093,33.9092578351231
134094,33.9092578351231
134095,33.9092578351231
134096,33.9092578351231
134097,33.9092578351231
134098,33.9092578351231
134099,33.9092578351231
134100,33.9092578351231
134101,33.9092578351231
134102,33.9092578351231
134103,33.9092578351231
134104,33.9092578351231
134105,33.9092578351231
134106,33.9092578351231
134107,33.9092578351231
134108,33.9092578351231
134109,33.9092578351231
134110,33.9092578351231
134111,33.9092578351231
134112,33.9092578351231
134113,33.9092578351231
134114,33.9092578351231
134115,33.9092578351231
134116,33.9092578351231
134117,33.9092578351231
134118,33.9092578351231
134119,33.9092578351231
134120,33.9092578351231
134121,33.9092578351231
134122,33.9092578351231
134123,33.9092578351231
134124,33.9092578351231
134125,33.9092578351231
134126,33.9092578351231
134127,33.9092578351231
134128,33.9092578351231
134129,33.9092578351231
134130,33.9092578351231
134131,33.9092578351231
134132,33.9092578351231
134133,33.9092578351231
134134,33.9092578351231
134135,33.9092578351231
134136,33.9092578351231
134137,33.9092578351231
134138,33.9092578351231
134139,33.9092578351231
134140,33.9092578351231
134141,33.9092578351231
134142,33.9092578351231
134143,33.9092578351231
134144,33.9092578351231
134145,33.9092578351231
134146,33.9092578351231
134147,33.9092578351231
134148,33.9092578351231
134149,33.9092578351231
134150,33.9092578351231
134151,33.9092578351231
134152,33.9092578351231
134153,33.9092578351231
134154,33.9092578351231
134155,33.9092578351231
134156,33.9092578351231
134157,33.9092578351231
134158,33.9092578351231
134159,33.9092578351231
134160,33.9092578351231
134161,33.9092578351231
134162,33.9092578351231
134163,33.9092578351231
134164,33.9092578351231
134165,33.9092578351231
134166,33.9092578351231
134167,33.9092578351231
134168,33.9092578351231
134169,33.9092578351231
134170,33.9092578351231
134171,33.9092578351231
134172,33.9092578351231
134173,33.9092578351231
134174,33.9092578351231
134175,33.9092578351231
134176,33.9092578351231
134177,33.9092578351231
134178,33.9092578351231
134179,33.9092578351231
134180,33.9092578351231
134181,33.9092578351231
134182,33.9092578351231
134183,33.9092578351231
134184,33.9092578351231
134185,33.9092578351231
134186,33.9092578351231
134187,33.9092578351231
134188,33.9092578351231
134189,33.9092578351231
134190,33.9092578351231
134191,33.9092578351231
134192,33.9092578351231
134193,33.9092578351231
134194,33.9092578351231
134195,33.9092578351231
134196,33.9092578351231
134197,33.9092578351231
134198,33.9092578351231
134199,33.9092578351231
134200,33.9092578351231
134201,33.9092578351231
134202,33.9092578351231
134203,33.9092578351231
134204,33.9092578351231
134205,33.9092578351231
134206,33.9092578351231
134207,33.9092578351231
134208,33.9092578351231
134209,33.9092578351231
134210,33.9092578351231
134211,33.9092578351231
134212,33.9092578351231
134213,33.9092578351231
134214,33.9092578351231
134215,33.9092578351231
134216,33.9092578351231
134217,33.9092578351231
134218,33.9092578351231
134219,33.9092578351231
134220,33.9092578351231
134221,33.9092578351231
134222,33.9092578351231
134223,33.9092578351231
134224,33.9092578351231
134225,33.9092578351231
134226,33.9092578351231
134227,33.9092578351231
134228,33.9092578351231
134229,33.9092578351231
134230,33.9092578351231
134231,33.9092578351231
134232,33.9092578351231
134233,33.9092578351231
134234,33.9092578351231
134235,33.9092578351231
134236,33.9092578351231
134237,33.9092578351231
134238,33.9092578351231
134239,33.9092578351231
134240,33.9092578351231
134241,33.9092578351231
134242,33.9092578351231
134243,33.9092578351231
134244,33.9092578351231
134245,33.9092578351231
134246,33.9092578351231
134247,33.9092578351231
134248,33.9092578351231
134249,33.9092578351231
134250,33.9092578351231
134251,33.9092578351231
134252,33.9092578351231
134253,33.9092578351231
134254,33.9092578351231
134255,33.9092578351231
134256,33.9092578351231
134257,33.9092578351231
134258,33.9092578351231
134259,33.9092578351231
134260,33.9092578351231
134261,33.9092578351231
134262,33.9092578351231
134263,33.9092578351231
134264,33.9092578351231
134265,33.9092578351231
134266,33.9092578351231
134267,33.9092578351231
134268,33.9092578351231
134269,33.9092578351231
134270,33.9092578351231
134271,33.9092578351231
134272,33.9092578351231
134273,33.9092578351231
134274,33.9092578351231
134275,33.9092578351231
134276,33.9092578351231
134277,33.9092578351231
134278,33.9092578351231
134279,33.9092578351231
134280,33.9092578351231
134281,33.9092578351231
134282,33.9092578351231
134283,33.9092578351231
134284,33.9092578351231
134285,33.9092578351231
134286,33.9092578351231
134287,33.9092578351231
134288,33.9092578351231
134289,33.9092578351231
134290,33.9092578351231
134291,33.9092578351231
134292,33.9092578351231
134293,33.9092578351231
134294,33.9092578351231
134295,33.9092578351231
134296,33.9092578351231
134297,33.9092578351231
134298,33.9092578351231
134299,33.9092578351231
134300,33.9092578351231
134301,33.9092578351231
134302,33.9092578351231
134303,33.9092578351231
134304,33.9092578351231
134305,33.9092578351231
134306,33.9092578351231
134307,33.9092578351231
134308,33.9092578351231
134309,33.9092578351231
134310,33.9092578351231
134311,33.9092578351231
134312,33.9092578351231
134313,33.9092578351231
134314,33.9092578351231
134315,33.9092578351231
134316,33.9092578351231
134317,33.9092578351231
134318,33.9092578351231
134319,33.9092578351231
134320,33.9092578351231
134321,33.9092578351231
134322,33.9092578351231
134323,33.9092578351231
134324,33.9092578351231
134325,33.9092578351231
134326,33.9092578351231
134327,33.9092578351231
134328,33.9092578351231
134329,33.9092578351231
134330,33.9092578351231
134331,33.9092578351231
134332,33.9092578351231
134333,33.9092578351231
134334,33.9092578351231
134335,33.9092578351231
134336,33.9092578351231
134337,33.9092578351231
134338,33.9092578351231
134339,33.9092578351231
134340,33.9092578351231
134341,33.9092578351231
134342,33.9092578351231
134343,33.9092578351231
134344,33.9092578351231
134345,33.9092578351231
134346,33.9092578351231
134347,33.9092578351231
134348,33.9092578351231
134349,33.9092578351231
134350,33.9092578351231
134351,33.9092578351231
134352,33.9092578351231
134353,33.9092578351231
134354,33.9092578351231
134355,33.9092578351231
134356,33.9092578351231
134357,33.9092578351231
134358,33.9092578351231
134359,33.9092578351231
134360,33.9092578351231
134361,33.9092578351231
134362,33.9092578351231
134363,33.9092578351231
134364,33.9092578351231
134365,33.9092578351231
134366,33.9092578351231
134367,33.9092578351231
134368,33.9092578351231
134369,33.9092578351231
134370,33.9092578351231
134371,33.9092578351231
134372,33.9092578351231
134373,33.9092578351231
134374,33.9092578351231
134375,33.9092578351231
134376,33.9092578351231
134377,33.9092578351231
134378,33.9092578351231
134379,33.9092578351231
134380,33.9092578351231
134381,33.9092578351231
134382,33.9092578351231
134383,33.9092578351231
134384,33.9092578351231
134385,33.9092578351231
134386,33.9092578351231
134387,33.9092578351231
134388,33.9092578351231
134389,33.9092578351231
134390,33.9092578351231
134391,33.9092578351231
134392,33.9092578351231
134393,33.9092578351231
134394,33.9092578351231
134395,33.9092578351231
134396,33.9092578351231
134397,33.9092578351231
134398,33.9092578351231
134399,33.9092578351231
134400,33.9092578351231
134401,33.9092578351231
134402,33.9092578351231
134403,33.9092578351231
134404,33.9092578351231
134405,33.9092578351231
134406,33.9092578351231
134407,33.9092578351231
134408,33.9092578351231
134409,33.9092578351231
134410,33.9092578351231
134411,33.9092578351231
134412,33.9092578351231
134413,33.9092578351231
134414,33.9092578351231
134415,33.9092578351231
134416,33.9092578351231
134417,33.9092578351231
134418,33.9092578351231
134419,33.9092578351231
134420,33.9092578351231
134421,33.9092578351231
134422,33.9092578351231
134423,33.9092578351231
134424,33.9092578351231
134425,33.9092578351231
134426,33.9092578351231
134427,33.9092578351231
134428,33.9092578351231
134429,33.9092578351231
134430,33.9092578351231
134431,33.9092578351231
134432,33.9092578351231
134433,33.9092578351231
134434,33.9092578351231
134435,33.9092578351231
134436,33.9092578351231
134437,33.9092578351231
134438,33.9092578351231
134439,33.9092578351231
134440,33.9092578351231
134441,33.9092578351231
134442,33.9092578351231
134443,33.9092578351231
134444,33.9092578351231
134445,33.9092578351231
134446,33.9092578351231
134447,33.9092578351231
134448,33.9092578351231
134449,33.9092578351231
134450,33.9092578351231
134451,33.9092578351231
134452,33.9092578351231
134453,33.9092578351231
134454,33.9092578351231
134455,33.9092578351231
134456,33.9092578351231
134457,33.9092578351231
134458,33.9092578351231
134459,33.9092578351231
134460,33.9092578351231
134461,33.9092578351231
134462,33.9092578351231
134463,33.9092578351231
134464,33.9092578351231
134465,33.9092578351231
134466,33.9092578351231
134467,33.9092578351231
134468,33.9092578351231
134469,33.9092578351231
134470,33.9092578351231
134471,33.9092578351231
134472,33.9092578351231
134473,33.9092578351231
134474,33.9092578351231
134475,33.9092578351231
134476,33.9092578351231
134477,33.9092578351231
134478,33.9092578351231
134479,33.9092578351231
134480,33.9092578351231
134481,33.9092578351231
134482,33.9092578351231
134483,33.9092578351231
134484,33.9092578351231
134485,33.9092578351231
134486,33.9092578351231
134487,33.9092578351231
134488,33.9092578351231
134489,33.9092578351231
134490,33.9092578351231
134491,33.9092578351231
134492,33.9092578351231
134493,33.9092578351231
134494,33.9092578351231
134495,33.9092578351231
134496,33.9092578351231
134497,33.9092578351231
134498,33.9092578351231
134499,33.9092578351231
134500,33.9092578351231
134501,33.9092578351231
134502,33.9092578351231
134503,33.9092578351231
134504,33.9092578351231
134505,33.9092578351231
134506,33.9092578351231
134507,33.9092578351231
134508,33.9092578351231
134509,33.9092578351231
134510,33.9092578351231
134511,33.9092578351231
134512,33.9092578351231
134513,33.9092578351231
134514,33.9092578351231
134515,33.9092578351231
134516,33.9092578351231
134517,33.9092578351231
134518,33.9092578351231
134519,33.9092578351231
134520,33.9092578351231
134521,33.9092578351231
134522,33.9092578351231
134523,33.9092578351231
134524,33.9092578351231
134525,33.9092578351231
134526,33.9092578351231
134527,33.9092578351231
134528,33.9092578351231
134529,33.9092578351231
134530,33.9092578351231
134531,33.9092578351231
134532,33.9092578351231
134533,33.9092578351231
134534,33.9092578351231
134535,33.9092578351231
134536,33.9092578351231
134537,33.9092578351231
134538,33.9092578351231
134539,33.9092578351231
134540,33.9092578351231
134541,33.9092578351231
134542,33.9092578351231
134543,33.9092578351231
134544,33.9092578351231
134545,33.9092578351231
134546,33.9092578351231
134547,33.9092578351231
134548,33.9092578351231
134549,33.9092578351231
134550,33.9092578351231
134551,33.9092578351231
134552,33.9092578351231
134553,33.9092578351231
134554,33.9092578351231
134555,33.9092578351231
134556,33.9092578351231
134557,33.9092578351231
134558,33.9092578351231
134559,33.9092578351231
134560,33.9092578351231
134561,33.9092578351231
134562,33.9092578351231
134563,33.9092578351231
134564,33.9092578351231
134565,33.9092578351231
134566,33.9092578351231
134567,33.9092578351231
134568,33.9092578351231
134569,33.9092578351231
134570,33.9092578351231
134571,33.9092578351231
134572,33.9092578351231
134573,33.9092578351231
134574,33.9092578351231
134575,33.9092578351231
134576,33.9092578351231
134577,33.9092578351231
134578,33.9092578351231
134579,33.9092578351231
134580,33.9092578351231
134581,33.9092578351231
134582,33.9092578351231
134583,33.9092578351231
134584,33.9092578351231
134585,33.9092578351231
134586,33.9092578351231
134587,33.9092578351231
134588,33.9092578351231
134589,33.9092578351231
134590,33.9092578351231
134591,33.9092578351231
134592,33.9092578351231
134593,33.9092578351231
134594,33.9092578351231
134595,33.9092578351231
134596,33.9092578351231
134597,33.9092578351231
134598,33.9092578351231
134599,33.9092578351231
134600,33.9092578351231
134601,33.9092578351231
134602,33.9092578351231
134603,33.9092578351231
134604,33.9092578351231
134605,33.9092578351231
134606,33.9092578351231
134607,33.9092578351231
134608,33.9092578351231
134609,33.9092578351231
134610,33.9092578351231
134611,33.9092578351231
134612,33.9092578351231
134613,33.9092578351231
134614,33.9092578351231
134615,33.9092578351231
134616,33.9092578351231
134617,33.9092578351231
134618,33.9092578351231
134619,33.9092578351231
134620,33.9092578351231
134621,33.9092578351231
134622,33.9092578351231
134623,33.9092578351231
134624,33.9092578351231
134625,33.9092578351231
134626,33.9092578351231
134627,33.9092578351231
134628,33.9092578351231
134629,33.9092578351231
134630,33.9092578351231
134631,33.9092578351231
134632,33.9092578351231
134633,33.9092578351231
134634,33.9092578351231
134635,33.9092578351231
134636,33.9092578351231
134637,33.9092578351231
134638,33.9092578351231
134639,33.9092578351231
134640,33.9092578351231
134641,33.9092578351231
134642,33.9092578351231
134643,33.9092578351231
134644,33.9092578351231
134645,33.9092578351231
134646,33.9092578351231
134647,33.9092578351231
134648,33.9092578351231
134649,33.9092578351231
134650,33.9092578351231
134651,33.9092578351231
134652,33.9092578351231
134653,33.9092578351231
134654,33.9092578351231
134655,33.9092578351231
134656,33.9092578351231
134657,33.9092578351231
134658,33.9092578351231
134659,33.9092578351231
134660,33.9092578351231
134661,33.9092578351231
134662,33.9092578351231
134663,33.9092578351231
134664,33.9092578351231
134665,33.9092578351231
134666,33.9092578351231
134667,33.9092578351231
134668,33.9092578351231
134669,33.9092578351231
134670,33.9092578351231
134671,33.9092578351231
134672,33.9092578351231
134673,33.9092578351231
134674,33.9092578351231
134675,33.9092578351231
134676,33.9092578351231
134677,33.9092578351231
134678,33.9092578351231
134679,33.9092578351231
134680,33.9092578351231
134681,33.9092578351231
134682,33.9092578351231
134683,33.9092578351231
134684,33.9092578351231
134685,33.9092578351231
134686,33.9092578351231
134687,33.9092578351231
134688,33.9092578351231
134689,33.9092578351231
134690,33.9092578351231
134691,33.9092578351231
134692,33.9092578351231
134693,33.9092578351231
134694,33.9092578351231
134695,33.9092578351231
134696,33.9092578351231
134697,33.9092578351231
134698,33.9092578351231
134699,33.9092578351231
134700,33.9092578351231
134701,33.9092578351231
134702,33.9092578351231
134703,33.9092578351231
134704,33.9092578351231
134705,33.9092578351231
134706,33.9092578351231
134707,33.9092578351231
134708,33.9092578351231
134709,33.9092578351231
134710,33.9092578351231
134711,33.9092578351231
134712,33.9092578351231
134713,33.9092578351231
134714,33.9092578351231
134715,33.9092578351231
134716,33.9092578351231
134717,33.9092578351231
134718,33.9092578351231
134719,33.9092578351231
134720,33.9092578351231
134721,33.9092578351231
134722,33.9092578351231
134723,33.9092578351231
134724,33.9092578351231
134725,33.9092578351231
134726,33.9092578351231
134727,33.9092578351231
134728,33.9092578351231
134729,33.9092578351231
134730,33.9092578351231
134731,33.9092578351231
134732,33.9092578351231
134733,33.9092578351231
134734,33.9092578351231
134735,33.9092578351231
134736,33.9092578351231
134737,33.9092578351231
134738,33.9092578351231
134739,33.9092578351231
134740,33.9092578351231
134741,33.9092578351231
134742,33.9092578351231
134743,33.9092578351231
134744,33.9092578351231
134745,33.9092578351231
134746,33.9092578351231
134747,33.9092578351231
134748,33.9092578351231
134749,33.9092578351231
134750,33.9092578351231
134751,33.9092578351231
134752,33.9092578351231
134753,33.9092578351231
134754,33.9092578351231
134755,33.9092578351231
134756,33.9092578351231
134757,33.9092578351231
134758,33.9092578351231
134759,33.9092578351231
134760,33.9092578351231
134761,33.9092578351231
134762,33.9092578351231
134763,33.9092578351231
134764,33.9092578351231
134765,33.9092578351231
134766,33.9092578351231
134767,33.9092578351231
134768,33.9092578351231
134769,33.9092578351231
134770,33.9092578351231
134771,33.9092578351231
134772,33.9092578351231
134773,33.9092578351231
134774,33.9092578351231
134775,33.9092578351231
134776,33.9092578351231
134777,33.9092578351231
134778,33.9092578351231
134779,33.9092578351231
134780,33.9092578351231
134781,33.9092578351231
134782,33.9092578351231
134783,33.9092578351231
134784,33.9092578351231
134785,33.9092578351231
134786,33.9092578351231
134787,33.9092578351231
134788,33.9092578351231
134789,33.9092578351231
134790,33.9092578351231
134791,33.9092578351231
134792,33.9092578351231
134793,33.9092578351231
134794,33.9092578351231
134795,33.9092578351231
134796,33.9092578351231
134797,33.9092578351231
134798,33.9092578351231
134799,33.9092578351231
134800,33.9092578351231
134801,33.9092578351231
134802,33.9092578351231
134803,33.9092578351231
134804,33.9092578351231
134805,33.9092578351231
134806,33.9092578351231
134807,33.9092578351231
134808,33.9092578351231
134809,33.9092578351231
134810,33.9092578351231
134811,33.9092578351231
134812,33.9092578351231
134813,33.9092578351231
134814,33.9092578351231
134815,33.9092578351231
134816,33.9092578351231
134817,33.9092578351231
134818,33.9092578351231
134819,33.9092578351231
134820,33.9092578351231
134821,33.9092578351231
134822,33.9092578351231
134823,33.9092578351231
134824,33.9092578351231
134825,33.9092578351231
134826,33.9092578351231
134827,33.9092578351231
134828,33.9092578351231
134829,33.9092578351231
134830,33.9092578351231
134831,33.9092578351231
134832,33.9092578351231
134833,33.9092578351231
134834,33.9092578351231
134835,33.9092578351231
134836,33.9092578351231
134837,33.9092578351231
134838,33.9092578351231
134839,33.9092578351231
134840,33.9092578351231
134841,33.9092578351231
134842,33.9092578351231
134843,33.9092578351231
134844,33.9092578351231
134845,33.9092578351231
134846,33.9092578351231
134847,33.9092578351231
134848,33.9092578351231
134849,33.9092578351231
134850,33.9092578351231
134851,33.9092578351231
134852,33.9092578351231
134853,33.9092578351231
134854,33.9092578351231
134855,33.9092578351231
134856,33.9092578351231
134857,33.9092578351231
134858,33.9092578351231
134859,33.9092578351231
134860,33.9092578351231
134861,33.9092578351231
134862,33.9092578351231
134863,33.9092578351231
134864,33.9092578351231
134865,33.9092578351231
134866,33.9092578351231
134867,33.9092578351231
134868,33.9092578351231
134869,33.9092578351231
134870,33.9092578351231
134871,33.9092578351231
134872,33.9092578351231
134873,33.9092578351231
134874,33.9092578351231
134875,33.9092578351231
134876,33.9092578351231
134877,33.9092578351231
134878,33.9092578351231
134879,33.9092578351231
134880,33.9092578351231
134881,33.9092578351231
134882,33.9092578351231
134883,33.9092578351231
134884,33.9092578351231
134885,33.9092578351231
134886,33.9092578351231
134887,33.9092578351231
134888,33.9092578351231
134889,33.9092578351231
134890,33.9092578351231
134891,33.9092578351231
134892,33.9092578351231
134893,33.9092578351231
134894,33.9092578351231
134895,33.9092578351231
134896,33.9092578351231
134897,33.9092578351231
134898,33.9092578351231
134899,33.9092578351231
134900,33.9092578351231
134901,33.9092578351231
134902,33.9092578351231
134903,33.9092578351231
134904,33.9092578351231
134905,33.9092578351231
134906,33.9092578351231
134907,33.9092578351231
134908,33.9092578351231
134909,33.9092578351231
134910,33.9092578351231
134911,33.9092578351231
134912,33.9092578351231
134913,33.9092578351231
134914,33.9092578351231
134915,33.9092578351231
134916,33.9092578351231
134917,33.9092578351231
134918,33.9092578351231
134919,33.9092578351231
134920,33.9092578351231
134921,33.9092578351231
134922,33.9092578351231
134923,33.9092578351231
134924,33.9092578351231
134925,33.9092578351231
134926,33.9092578351231
134927,33.9092578351231
134928,33.9092578351231
134929,33.9092578351231
134930,33.9092578351231
134931,33.9092578351231
134932,33.9092578351231
134933,33.9092578351231
134934,33.9092578351231
134935,33.9092578351231
134936,33.9092578351231
134937,33.9092578351231
134938,33.9092578351231
134939,33.9092578351231
134940,33.9092578351231
134941,33.9092578351231
134942,33.9092578351231
134943,33.9092578351231
134944,33.9092578351231
134945,33.9092578351231
134946,33.9092578351231
134947,33.9092578351231
134948,33.9092578351231
134949,33.9092578351231
134950,33.9092578351231
134951,33.9092578351231
134952,33.9092578351231
134953,33.9092578351231
134954,33.9092578351231
134955,33.9092578351231
134956,33.9092578351231
134957,33.9092578351231
134958,33.9092578351231
134959,33.9092578351231
134960,33.9092578351231
134961,33.9092578351231
134962,33.9092578351231
134963,33.9092578351231
134964,33.9092578351231
134965,33.9092578351231
134966,33.9092578351231
134967,33.9092578351231
134968,33.9092578351231
134969,33.9092578351231
134970,33.9092578351231
134971,33.9092578351231
134972,33.9092578351231
134973,33.9092578351231
134974,33.9092578351231
134975,33.9092578351231
134976,33.9092578351231
134977,33.9092578351231
134978,33.9092578351231
134979,33.9092578351231
134980,33.9092578351231
134981,33.9092578351231
134982,33.9092578351231
134983,33.9092578351231
134984,33.9092578351231
134985,33.9092578351231
134986,33.9092578351231
134987,33.9092578351231
134988,33.9092578351231
134989,33.9092578351231
134990,33.9092578351231
134991,33.9092578351231
134992,33.9092578351231
134993,33.9092578351231
134994,33.9092578351231
134995,33.9092578351231
134996,33.9092578351231
134997,33.9092578351231
134998,33.9092578351231
134999,33.9092578351231
135000,33.9092578351231
135001,33.9092578351231
135002,33.9092578351231
135003,33.9092578351231
135004,33.9092578351231
135005,33.9092578351231
135006,33.9092578351231
135007,33.9092578351231
135008,33.9092578351231
135009,33.9092578351231
135010,33.9092578351231
135011,33.9092578351231
135012,33.9092578351231
135013,33.9092578351231
135014,33.9092578351231
135015,33.9092578351231
135016,33.9092578351231
135017,33.9092578351231
135018,33.9092578351231
135019,33.9092578351231
135020,33.9092578351231
135021,33.9092578351231
135022,33.9092578351231
135023,33.9092578351231
135024,33.9092578351231
135025,33.9092578351231
135026,33.9092578351231
135027,33.9092578351231
135028,33.9092578351231
135029,33.9092578351231
135030,33.9092578351231
135031,33.9092578351231
135032,33.9092578351231
135033,33.9092578351231
135034,33.9092578351231
135035,33.9092578351231
135036,33.9092578351231
135037,33.9092578351231
135038,33.9092578351231
135039,33.9092578351231
135040,33.9092578351231
135041,33.9092578351231
135042,33.9092578351231
135043,33.9092578351231
135044,33.9092578351231
135045,33.9092578351231
135046,33.9092578351231
135047,33.9092578351231
135048,33.9092578351231
135049,33.9092578351231
135050,33.9092578351231
135051,33.9092578351231
135052,33.9092578351231
135053,33.9092578351231
135054,33.9092578351231
135055,33.9092578351231
135056,33.9092578351231
135057,33.9092578351231
135058,33.9092578351231
135059,33.9092578351231
135060,33.9092578351231
135061,33.9092578351231
135062,33.9092578351231
135063,33.9092578351231
135064,33.9092578351231
135065,33.9092578351231
135066,33.9092578351231
135067,33.9092578351231
135068,33.9092578351231
135069,33.9092578351231
135070,33.9092578351231
135071,33.9092578351231
135072,33.9092578351231
135073,33.9092578351231
135074,33.9092578351231
135075,33.9092578351231
135076,33.9092578351231
135077,33.9092578351231
135078,33.9092578351231
135079,33.9092578351231
135080,33.9092578351231
135081,33.9092578351231
135082,33.9092578351231
135083,33.9092578351231
135084,33.9092578351231
135085,33.9092578351231
135086,33.9092578351231
135087,33.9092578351231
135088,33.9092578351231
135089,33.9092578351231
135090,33.9092578351231
135091,33.9092578351231
135092,33.9092578351231
135093,33.9092578351231
135094,33.9092578351231
135095,33.9092578351231
135096,33.9092578351231
135097,33.9092578351231
135098,33.9092578351231
135099,33.9092578351231
135100,33.9092578351231
135101,33.9092578351231
135102,33.9092578351231
135103,33.9092578351231
135104,33.9092578351231
135105,33.9092578351231
135106,33.9092578351231
135107,33.9092578351231
135108,33.9092578351231
135109,33.9092578351231
135110,33.9092578351231
135111,33.9092578351231
135112,33.9092578351231
135113,33.9092578351231
135114,33.9092578351231
135115,33.9092578351231
135116,33.9092578351231
135117,33.9092578351231
135118,33.9092578351231
135119,33.9092578351231
135120,33.9092578351231
135121,33.9092578351231
135122,33.9092578351231
135123,33.9092578351231
135124,33.9092578351231
135125,33.9092578351231
135126,33.9092578351231
135127,33.9092578351231
135128,33.9092578351231
135129,33.9092578351231
135130,33.9092578351231
135131,33.9092578351231
135132,33.9092578351231
135133,33.9092578351231
135134,33.9092578351231
135135,33.9092578351231
135136,33.9092578351231
135137,33.9092578351231
135138,33.9092578351231
135139,33.9092578351231
135140,33.9092578351231
135141,33.9092578351231
135142,33.9092578351231
135143,33.9092578351231
135144,33.9092578351231
135145,33.9092578351231
135146,33.9092578351231
135147,33.9092578351231
135148,33.9092578351231
135149,33.9092578351231
135150,33.9092578351231
135151,33.9092578351231
135152,33.9092578351231
135153,33.9092578351231
135154,33.9092578351231
135155,33.9092578351231
135156,33.9092578351231
135157,33.9092578351231
135158,33.9092578351231
135159,33.9092578351231
135160,33.9092578351231
135161,33.9092578351231
135162,33.9092578351231
135163,33.9092578351231
135164,33.9092578351231
135165,33.9092578351231
135166,33.9092578351231
135167,33.9092578351231
135168,33.9092578351231
135169,33.9092578351231
135170,33.9092578351231
135171,33.9092578351231
135172,33.9092578351231
135173,33.9092578351231
135174,33.9092578351231
135175,33.9092578351231
135176,33.9092578351231
135177,33.9092578351231
135178,33.9092578351231
135179,33.9092578351231
135180,33.9092578351231
135181,33.9092578351231
135182,33.9092578351231
135183,33.9092578351231
135184,33.9092578351231
135185,33.9092578351231
135186,33.9092578351231
135187,33.9092578351231
135188,33.9092578351231
135189,33.9092578351231
135190,33.9092578351231
135191,33.9092578351231
135192,33.9092578351231
135193,33.9092578351231
135194,33.9092578351231
135195,33.9092578351231
135196,33.9092578351231
135197,33.9092578351231
135198,33.9092578351231
135199,33.9092578351231
135200,33.9092578351231
135201,33.9092578351231
135202,33.9092578351231
135203,33.9092578351231
135204,33.9092578351231
135205,33.9092578351231
135206,33.9092578351231
135207,33.9092578351231
135208,33.9092578351231
135209,33.9092578351231
135210,33.9092578351231
135211,33.9092578351231
135212,33.9092578351231
135213,33.9092578351231
135214,33.9092578351231
135215,33.9092578351231
135216,33.9092578351231
135217,33.9092578351231
135218,33.9092578351231
135219,33.9092578351231
135220,33.9092578351231
135221,33.9092578351231
135222,33.9092578351231
135223,33.9092578351231
135224,33.9092578351231
135225,33.9092578351231
135226,33.9092578351231
135227,33.9092578351231
135228,33.9092578351231
135229,33.9092578351231
135230,33.9092578351231
135231,33.9092578351231
135232,33.9092578351231
135233,33.9092578351231
135234,33.9092578351231
135235,33.9092578351231
135236,33.9092578351231
135237,33.9092578351231
135238,33.9092578351231
135239,33.9092578351231
135240,33.9092578351231
135241,33.9092578351231
135242,33.9092578351231
135243,33.9092578351231
135244,33.9092578351231
135245,33.9092578351231
135246,33.9092578351231
135247,33.9092578351231
135248,33.9092578351231
135249,33.9092578351231
135250,33.9092578351231
135251,33.9092578351231
135252,33.9092578351231
135253,33.9092578351231
135254,33.9092578351231
135255,33.9092578351231
135256,33.9092578351231
135257,33.9092578351231
135258,33.9092578351231
135259,33.9092578351231
135260,33.9092578351231
135261,33.9092578351231
135262,33.9092578351231
135263,33.9092578351231
135264,33.9092578351231
135265,33.9092578351231
135266,33.9092578351231
135267,33.9092578351231
135268,33.9092578351231
135269,33.9092578351231
135270,33.9092578351231
135271,33.9092578351231
135272,33.9092578351231
135273,33.9092578351231
135274,33.9092578351231
135275,33.9092578351231
135276,33.9092578351231
135277,33.9092578351231
135278,33.9092578351231
135279,33.9092578351231
135280,33.9092578351231
135281,33.9092578351231
135282,33.9092578351231
135283,33.9092578351231
135284,33.9092578351231
135285,33.9092578351231
135286,33.9092578351231
135287,33.9092578351231
135288,33.9092578351231
135289,33.9092578351231
135290,33.9092578351231
135291,33.9092578351231
135292,33.9092578351231
135293,33.9092578351231
135294,33.9092578351231
135295,33.9092578351231
135296,33.9092578351231
135297,33.9092578351231
135298,33.9092578351231
135299,33.9092578351231
135300,33.9092578351231
135301,33.9092578351231
135302,33.9092578351231
135303,33.9092578351231
135304,33.9092578351231
135305,33.9092578351231
135306,33.9092578351231
135307,33.9092578351231
135308,33.9092578351231
135309,33.9092578351231
135310,33.9092578351231
135311,33.9092578351231
135312,33.9092578351231
135313,33.9092578351231
135314,33.9092578351231
135315,33.9092578351231
135316,33.9092578351231
135317,33.9092578351231
135318,33.9092578351231
135319,33.9092578351231
135320,33.9092578351231
135321,33.9092578351231
135322,33.9092578351231
135323,33.9092578351231
135324,33.9092578351231
135325,33.9092578351231
135326,33.9092578351231
135327,33.9092578351231
135328,33.9092578351231
135329,33.9092578351231
135330,33.9092578351231
135331,33.9092578351231
135332,33.9092578351231
135333,33.9092578351231
135334,33.9092578351231
135335,33.9092578351231
135336,33.9092578351231
135337,33.9092578351231
135338,33.9092578351231
135339,33.9092578351231
135340,33.9092578351231
135341,33.9092578351231
135342,33.9092578351231
135343,33.9092578351231
135344,33.9092578351231
135345,33.9092578351231
135346,33.9092578351231
135347,33.9092578351231
135348,33.9092578351231
135349,33.9092578351231
135350,33.9092578351231
135351,33.9092578351231
135352,33.9092578351231
135353,33.9092578351231
135354,33.9092578351231
135355,33.9092578351231
135356,33.9092578351231
135357,33.9092578351231
135358,33.9092578351231
135359,33.9092578351231
135360,33.9092578351231
135361,33.9092578351231
135362,33.9092578351231
135363,33.9092578351231
135364,33.9092578351231
135365,33.9092578351231
135366,33.9092578351231
135367,33.9092578351231
135368,33.9092578351231
135369,33.9092578351231
135370,33.9092578351231
135371,33.9092578351231
135372,33.9092578351231
135373,33.9092578351231
135374,33.9092578351231
135375,33.9092578351231
135376,33.9092578351231
135377,33.9092578351231
135378,33.9092578351231
135379,33.9092578351231
135380,33.9092578351231
135381,33.9092578351231
135382,33.9092578351231
135383,33.9092578351231
135384,33.9092578351231
135385,33.9092578351231
135386,33.9092578351231
135387,33.9092578351231
135388,33.9092578351231
135389,33.9092578351231
135390,33.9092578351231
135391,33.9092578351231
135392,33.9092578351231
135393,33.9092578351231
135394,33.9092578351231
135395,33.9092578351231
135396,33.9092578351231
135397,33.9092578351231
135398,33.9092578351231
135399,33.9092578351231
135400,33.9092578351231
135401,33.9092578351231
135402,33.9092578351231
135403,33.9092578351231
135404,33.9092578351231
135405,33.9092578351231
135406,33.9092578351231
135407,33.9092578351231
135408,33.9092578351231
135409,33.9092578351231
135410,33.9092578351231
135411,33.9092578351231
135412,33.9092578351231
135413,33.9092578351231
135414,33.9092578351231
135415,33.9092578351231
135416,33.9092578351231
135417,33.9092578351231
135418,33.9092578351231
135419,33.9092578351231
135420,33.9092578351231
135421,33.9092578351231
135422,33.9092578351231
135423,33.9092578351231
135424,33.9092578351231
135425,33.9092578351231
135426,33.9092578351231
135427,33.9092578351231
135428,33.9092578351231
135429,33.9092578351231
135430,33.9092578351231
135431,33.9092578351231
135432,33.9092578351231
135433,33.9092578351231
135434,33.9092578351231
135435,33.9092578351231
135436,33.9092578351231
135437,33.9092578351231
135438,33.9092578351231
135439,33.9092578351231
135440,33.9092578351231
135441,33.9092578351231
135442,33.9092578351231
135443,33.9092578351231
135444,33.9092578351231
135445,33.9092578351231
135446,33.9092578351231
135447,33.9092578351231
135448,33.9092578351231
135449,33.9092578351231
135450,33.9092578351231
135451,33.9092578351231
135452,33.9092578351231
135453,33.9092578351231
135454,33.9092578351231
135455,33.9092578351231
135456,33.9092578351231
135457,33.9092578351231
135458,33.9092578351231
135459,33.9092578351231
135460,33.9092578351231
135461,33.9092578351231
135462,33.9092578351231
135463,33.9092578351231
135464,33.9092578351231
135465,33.9092578351231
135466,33.9092578351231
135467,33.9092578351231
135468,33.9092578351231
135469,33.9092578351231
135470,33.9092578351231
135471,33.9092578351231
135472,33.9092578351231
135473,33.9092578351231
135474,33.9092578351231
135475,33.9092578351231
135476,33.9092578351231
135477,33.9092578351231
135478,33.9092578351231
135479,33.9092578351231
135480,33.9092578351231
135481,33.9092578351231
135482,33.9092578351231
135483,33.9092578351231
135484,33.9092578351231
135485,33.9092578351231
135486,33.9092578351231
135487,33.9092578351231
135488,33.9092578351231
135489,33.9092578351231
135490,33.9092578351231
135491,33.9092578351231
135492,33.9092578351231
135493,33.9092578351231
135494,33.9092578351231
135495,33.9092578351231
135496,33.9092578351231
135497,33.9092578351231
135498,33.9092578351231
135499,33.9092578351231
135500,33.9092578351231
135501,33.9092578351231
135502,33.9092578351231
135503,33.9092578351231
135504,33.9092578351231
135505,33.9092578351231
135506,33.9092578351231
135507,33.9092578351231
135508,33.9092578351231
135509,33.9092578351231
135510,33.9092578351231
135511,33.9092578351231
135512,33.9092578351231
135513,33.9092578351231
135514,33.9092578351231
135515,33.9092578351231
135516,33.9092578351231
135517,33.9092578351231
135518,33.9092578351231
135519,33.9092578351231
135520,33.9092578351231
135521,33.9092578351231
135522,33.9092578351231
135523,33.9092578351231
135524,33.9092578351231
135525,33.9092578351231
135526,33.9092578351231
135527,33.9092578351231
135528,33.9092578351231
135529,33.9092578351231
135530,33.9092578351231
135531,33.9092578351231
135532,33.9092578351231
135533,33.9092578351231
135534,33.9092578351231
135535,33.9092578351231
135536,33.9092578351231
135537,33.9092578351231
135538,33.9092578351231
135539,33.9092578351231
135540,33.9092578351231
135541,33.9092578351231
135542,33.9092578351231
135543,33.9092578351231
135544,33.9092578351231
135545,33.9092578351231
135546,33.9092578351231
135547,33.9092578351231
135548,33.9092578351231
135549,33.9092578351231
135550,33.9092578351231
135551,33.9092578351231
135552,33.9092578351231
135553,33.9092578351231
135554,33.9092578351231
135555,33.9092578351231
135556,33.9092578351231
135557,33.9092578351231
135558,33.9092578351231
135559,33.9092578351231
135560,33.9092578351231
135561,33.9092578351231
135562,33.9092578351231
135563,33.9092578351231
135564,33.9092578351231
135565,33.9092578351231
135566,33.9092578351231
135567,33.9092578351231
135568,33.9092578351231
135569,33.9092578351231
135570,33.9092578351231
135571,33.9092578351231
135572,33.9092578351231
135573,33.9092578351231
135574,33.9092578351231
135575,33.9092578351231
135576,33.9092578351231
135577,33.9092578351231
135578,33.9092578351231
135579,33.9092578351231
135580,33.9092578351231
135581,33.9092578351231
135582,33.9092578351231
135583,33.9092578351231
135584,33.9092578351231
135585,33.9092578351231
135586,33.9092578351231
135587,33.9092578351231
135588,33.9092578351231
135589,33.9092578351231
135590,33.9092578351231
135591,33.9092578351231
135592,33.9092578351231
135593,33.9092578351231
135594,33.9092578351231
135595,33.9092578351231
135596,33.9092578351231
135597,33.9092578351231
135598,33.9092578351231
135599,33.9092578351231
135600,33.9092578351231
135601,33.9092578351231
135602,33.9092578351231
135603,33.9092578351231
135604,33.9092578351231
135605,33.9092578351231
135606,33.9092578351231
135607,33.9092578351231
135608,33.9092578351231
135609,33.9092578351231
135610,33.9092578351231
135611,33.9092578351231
135612,33.9092578351231
135613,33.9092578351231
135614,33.9092578351231
135615,33.9092578351231
135616,33.9092578351231
135617,33.9092578351231
135618,33.9092578351231
135619,33.9092578351231
135620,33.9092578351231
135621,33.9092578351231
135622,33.9092578351231
135623,33.9092578351231
135624,33.9092578351231
135625,33.9092578351231
135626,33.9092578351231
135627,33.9092578351231
135628,33.9092578351231
135629,33.9092578351231
135630,33.9092578351231
135631,33.9092578351231
135632,33.9092578351231
135633,33.9092578351231
135634,33.9092578351231
135635,33.9092578351231
135636,33.9092578351231
135637,33.9092578351231
135638,33.9092578351231
135639,33.9092578351231
135640,33.9092578351231
135641,33.9092578351231
135642,33.9092578351231
135643,33.9092578351231
135644,33.9092578351231
135645,33.9092578351231
135646,33.9092578351231
135647,33.9092578351231
135648,33.9092578351231
135649,33.9092578351231
135650,33.9092578351231
135651,33.9092578351231
135652,33.9092578351231
135653,33.9092578351231
135654,33.9092578351231
135655,33.9092578351231
135656,33.9092578351231
135657,33.9092578351231
135658,33.9092578351231
135659,33.9092578351231
135660,33.9092578351231
135661,33.9092578351231
135662,33.9092578351231
135663,33.9092578351231
135664,33.9092578351231
135665,33.9092578351231
135666,33.9092578351231
135667,33.9092578351231
135668,33.9092578351231
135669,33.9092578351231
135670,33.9092578351231
135671,33.9092578351231
135672,33.9092578351231
135673,33.9092578351231
135674,33.9092578351231
135675,33.9092578351231
135676,33.9092578351231
135677,33.9092578351231
135678,33.9092578351231
135679,33.9092578351231
135680,33.9092578351231
135681,33.9092578351231
135682,33.9092578351231
135683,33.9092578351231
135684,33.9092578351231
135685,33.9092578351231
135686,33.9092578351231
135687,33.9092578351231
135688,33.9092578351231
135689,33.9092578351231
135690,33.9092578351231
135691,33.9092578351231
135692,33.9092578351231
135693,33.9092578351231
135694,33.9092578351231
135695,33.9092578351231
135696,33.9092578351231
135697,33.9092578351231
135698,33.9092578351231
135699,33.9092578351231
135700,33.9092578351231
135701,33.9092578351231
135702,33.9092578351231
135703,33.9092578351231
135704,33.9092578351231
135705,33.9092578351231
135706,33.9092578351231
135707,33.9092578351231
135708,33.9092578351231
135709,33.9092578351231
135710,33.9092578351231
135711,33.9092578351231
135712,33.9092578351231
135713,33.9092578351231
135714,33.9092578351231
135715,33.9092578351231
135716,33.9092578351231
135717,33.9092578351231
135718,33.9092578351231
135719,33.9092578351231
135720,33.9092578351231
135721,33.9092578351231
135722,33.9092578351231
135723,33.9092578351231
135724,33.9092578351231
135725,33.9092578351231
135726,33.9092578351231
135727,33.9092578351231
135728,33.9092578351231
135729,33.9092578351231
135730,33.9092578351231
135731,33.9092578351231
135732,33.9092578351231
135733,33.9092578351231
135734,33.9092578351231
135735,33.9092578351231
135736,33.9092578351231
135737,33.9092578351231
135738,33.9092578351231
135739,33.9092578351231
135740,33.9092578351231
135741,33.9092578351231
135742,33.9092578351231
135743,33.9092578351231
135744,33.9092578351231
135745,33.9092578351231
135746,33.9092578351231
135747,33.9092578351231
135748,33.9092578351231
135749,33.9092578351231
135750,33.9092578351231
135751,33.9092578351231
135752,33.9092578351231
135753,33.9092578351231
135754,33.9092578351231
135755,33.9092578351231
135756,33.9092578351231
135757,33.9092578351231
135758,33.9092578351231
135759,33.9092578351231
135760,33.9092578351231
135761,33.9092578351231
135762,33.9092578351231
135763,33.9092578351231
135764,33.9092578351231
135765,33.9092578351231
135766,33.9092578351231
135767,33.9092578351231
135768,33.9092578351231
135769,33.9092578351231
135770,33.9092578351231
135771,33.9092578351231
135772,33.9092578351231
135773,33.9092578351231
135774,33.9092578351231
135775,33.9092578351231
135776,33.9092578351231
135777,33.9092578351231
135778,33.9092578351231
135779,33.9092578351231
135780,33.9092578351231
135781,33.9092578351231
135782,33.9092578351231
135783,33.9092578351231
135784,33.9092578351231
135785,33.9092578351231
135786,33.9092578351231
135787,33.9092578351231
135788,33.9092578351231
135789,33.9092578351231
135790,33.9092578351231
135791,33.9092578351231
135792,33.9092578351231
135793,33.9092578351231
135794,33.9092578351231
135795,33.9092578351231
135796,33.9092578351231
135797,33.9092578351231
135798,33.9092578351231
135799,33.9092578351231
135800,33.9092578351231
135801,33.9092578351231
135802,33.9092578351231
135803,33.9092578351231
135804,33.9092578351231
135805,33.9092578351231
135806,33.9092578351231
135807,33.9092578351231
135808,33.9092578351231
135809,33.9092578351231
135810,33.9092578351231
135811,33.9092578351231
135812,33.9092578351231
135813,33.9092578351231
135814,33.9092578351231
135815,33.9092578351231
135816,33.9092578351231
135817,33.9092578351231
135818,33.9092578351231
135819,33.9092578351231
135820,33.9092578351231
135821,33.9092578351231
135822,33.9092578351231
135823,33.9092578351231
135824,33.9092578351231
135825,33.9092578351231
135826,33.9092578351231
135827,33.9092578351231
135828,33.9092578351231
135829,33.9092578351231
135830,33.9092578351231
135831,33.9092578351231
135832,33.9092578351231
135833,33.9092578351231
135834,33.9092578351231
135835,33.9092578351231
135836,33.9092578351231
135837,33.9092578351231
135838,33.9092578351231
135839,33.9092578351231
135840,33.9092578351231
135841,33.9092578351231
135842,33.9092578351231
135843,33.9092578351231
135844,33.9092578351231
135845,33.9092578351231
135846,33.9092578351231
135847,33.9092578351231
135848,33.9092578351231
135849,33.9092578351231
135850,33.9092578351231
135851,33.9092578351231
135852,33.9092578351231
135853,33.9092578351231
135854,33.9092578351231
135855,33.9092578351231
135856,33.9092578351231
135857,33.9092578351231
135858,33.9092578351231
135859,33.9092578351231
135860,33.9092578351231
135861,33.9092578351231
135862,33.9092578351231
135863,33.9092578351231
135864,33.9092578351231
135865,33.9092578351231
135866,33.9092578351231
135867,33.9092578351231
135868,33.9092578351231
135869,33.9092578351231
135870,33.9092578351231
135871,33.9092578351231
135872,33.9092578351231
135873,33.9092578351231
135874,33.9092578351231
135875,33.9092578351231
135876,33.9092578351231
135877,33.9092578351231
135878,33.9092578351231
135879,33.9092578351231
135880,33.9092578351231
135881,33.9092578351231
135882,33.9092578351231
135883,33.9092578351231
135884,33.9092578351231
135885,33.9092578351231
135886,33.9092578351231
135887,33.9092578351231
135888,33.9092578351231
135889,33.9092578351231
135890,33.9092578351231
135891,33.9092578351231
135892,33.9092578351231
135893,33.9092578351231
135894,33.9092578351231
135895,33.9092578351231
135896,33.9092578351231
135897,33.9092578351231
135898,33.9092578351231
135899,33.9092578351231
135900,33.9092578351231
135901,33.9092578351231
135902,33.9092578351231
135903,33.9092578351231
135904,33.9092578351231
135905,33.9092578351231
135906,33.9092578351231
135907,33.9092578351231
135908,33.9092578351231
135909,33.9092578351231
135910,33.9092578351231
135911,33.9092578351231
135912,33.9092578351231
135913,33.9092578351231
135914,33.9092578351231
135915,33.9092578351231
135916,33.9092578351231
135917,33.9092578351231
135918,33.9092578351231
135919,33.9092578351231
135920,33.9092578351231
135921,33.9092578351231
135922,33.9092578351231
135923,33.9092578351231
135924,33.9092578351231
135925,33.9092578351231
135926,33.9092578351231
135927,33.9092578351231
135928,33.9092578351231
135929,33.9092578351231
135930,33.9092578351231
135931,33.9092578351231
135932,33.9092578351231
135933,33.9092578351231
135934,33.9092578351231
135935,33.9092578351231
135936,33.9092578351231
135937,33.9092578351231
135938,33.9092578351231
135939,33.9092578351231
135940,33.9092578351231
135941,33.9092578351231
135942,33.9092578351231
135943,33.9092578351231
135944,33.9092578351231
135945,33.9092578351231
135946,33.9092578351231
135947,33.9092578351231
135948,33.9092578351231
135949,33.9092578351231
135950,33.9092578351231
135951,33.9092578351231
135952,33.9092578351231
135953,33.9092578351231
135954,33.9092578351231
135955,33.9092578351231
135956,33.9092578351231
135957,33.9092578351231
135958,33.9092578351231
135959,33.9092578351231
135960,33.9092578351231
135961,33.9092578351231
135962,33.9092578351231
135963,33.9092578351231
135964,33.9092578351231
135965,33.9092578351231
135966,33.9092578351231
135967,33.9092578351231
135968,33.9092578351231
135969,33.9092578351231
135970,33.9092578351231
135971,33.9092578351231
135972,33.9092578351231
135973,33.9092578351231
135974,33.9092578351231
135975,33.9092578351231
135976,33.9092578351231
135977,33.9092578351231
135978,33.9092578351231
135979,33.9092578351231
135980,33.9092578351231
135981,33.9092578351231
135982,33.9092578351231
135983,33.9092578351231
135984,33.9092578351231
135985,33.9092578351231
135986,33.9092578351231
135987,33.9092578351231
135988,33.9092578351231
135989,33.9092578351231
135990,33.9092578351231
135991,33.9092578351231
135992,33.9092578351231
135993,33.9092578351231
135994,33.9092578351231
135995,33.9092578351231
135996,33.9092578351231
135997,33.9092578351231
135998,33.9092578351231
135999,33.9092578351231
136000,33.9092578351231
136001,33.9092578351231
136002,33.9092578351231
136003,33.9092578351231
136004,33.9092578351231
136005,33.9092578351231
136006,33.9092578351231
136007,33.9092578351231
136008,33.9092578351231
136009,33.9092578351231
136010,33.9092578351231
136011,33.9092578351231
136012,33.9092578351231
136013,33.9092578351231
136014,33.9092578351231
136015,33.9092578351231
136016,33.9092578351231
136017,33.9092578351231
136018,33.9092578351231
136019,33.9092578351231
136020,33.9092578351231
136021,33.9092578351231
136022,33.9092578351231
136023,33.9092578351231
136024,33.9092578351231
136025,33.9092578351231
136026,33.9092578351231
136027,33.9092578351231
136028,33.9092578351231
136029,33.9092578351231
136030,33.9092578351231
136031,33.9092578351231
136032,33.9092578351231
136033,33.9092578351231
136034,33.9092578351231
136035,33.9092578351231
136036,33.9092578351231
136037,33.9092578351231
136038,33.9092578351231
136039,33.9092578351231
136040,33.9092578351231
136041,33.9092578351231
136042,33.9092578351231
136043,33.9092578351231
136044,33.9092578351231
136045,33.9092578351231
136046,33.9092578351231
136047,33.9092578351231
136048,33.9092578351231
136049,33.9092578351231
136050,33.9092578351231
136051,33.9092578351231
136052,33.9092578351231
136053,33.9092578351231
136054,33.9092578351231
136055,33.9092578351231
136056,33.9092578351231
136057,33.9092578351231
136058,33.9092578351231
136059,33.9092578351231
136060,33.9092578351231
136061,33.9092578351231
136062,33.9092578351231
136063,33.9092578351231
136064,33.9092578351231
136065,33.9092578351231
136066,33.9092578351231
136067,33.9092578351231
136068,33.9092578351231
136069,33.9092578351231
136070,33.9092578351231
136071,33.9092578351231
136072,33.9092578351231
136073,33.9092578351231
136074,33.9092578351231
136075,33.9092578351231
136076,33.9092578351231
136077,33.9092578351231
136078,33.9092578351231
136079,33.9092578351231
136080,33.9092578351231
136081,33.9092578351231
136082,33.9092578351231
136083,33.9092578351231
136084,33.9092578351231
136085,33.9092578351231
136086,33.9092578351231
136087,33.9092578351231
136088,33.9092578351231
136089,33.9092578351231
136090,33.9092578351231
136091,33.9092578351231
136092,33.9092578351231
136093,33.9092578351231
136094,33.9092578351231
136095,33.9092578351231
136096,33.9092578351231
136097,33.9092578351231
136098,33.9092578351231
136099,33.9092578351231
136100,33.9092578351231
136101,33.9092578351231
136102,33.9092578351231
136103,33.9092578351231
136104,33.9092578351231
136105,33.9092578351231
136106,33.9092578351231
136107,33.9092578351231
136108,33.9092578351231
136109,33.9092578351231
136110,33.9092578351231
136111,33.9092578351231
136112,33.9092578351231
136113,33.9092578351231
136114,33.9092578351231
136115,33.9092578351231
136116,33.9092578351231
136117,33.9092578351231
136118,33.9092578351231
136119,33.9092578351231
136120,33.9092578351231
136121,33.9092578351231
136122,33.9092578351231
136123,33.9092578351231
136124,33.9092578351231
136125,33.9092578351231
136126,33.9092578351231
136127,33.9092578351231
136128,33.9092578351231
136129,33.9092578351231
136130,33.9092578351231
136131,33.9092578351231
136132,33.9092578351231
136133,33.9092578351231
136134,33.9092578351231
136135,33.9092578351231
136136,33.9092578351231
136137,33.9092578351231
136138,33.9092578351231
136139,33.9092578351231
136140,33.9092578351231
136141,33.9092578351231
136142,33.9092578351231
136143,33.9092578351231
136144,33.9092578351231
136145,33.9092578351231
136146,33.9092578351231
136147,33.9092578351231
136148,33.9092578351231
136149,33.9092578351231
136150,33.9092578351231
136151,33.9092578351231
136152,33.9092578351231
136153,33.9092578351231
136154,33.9092578351231
136155,33.9092578351231
136156,33.9092578351231
136157,33.9092578351231
136158,33.9092578351231
136159,33.9092578351231
136160,33.9092578351231
136161,33.9092578351231
136162,33.9092578351231
136163,33.9092578351231
136164,33.9092578351231
136165,33.9092578351231
136166,33.9092578351231
136167,33.9092578351231
136168,33.9092578351231
136169,33.9092578351231
136170,33.9092578351231
136171,33.9092578351231
136172,33.9092578351231
136173,33.9092578351231
136174,33.9092578351231
136175,33.9092578351231
136176,33.9092578351231
136177,33.9092578351231
136178,33.9092578351231
136179,33.9092578351231
136180,33.9092578351231
136181,33.9092578351231
136182,33.9092578351231
136183,33.9092578351231
136184,33.9092578351231
136185,33.9092578351231
136186,33.9092578351231
136187,33.9092578351231
136188,33.9092578351231
136189,33.9092578351231
136190,33.9092578351231
136191,33.9092578351231
136192,33.9092578351231
136193,33.9092578351231
136194,33.9092578351231
136195,33.9092578351231
136196,33.9092578351231
136197,33.9092578351231
136198,33.9092578351231
136199,33.9092578351231
136200,33.9092578351231
136201,33.9092578351231
136202,33.9092578351231
136203,33.9092578351231
136204,33.9092578351231
136205,33.9092578351231
136206,33.9092578351231
136207,33.9092578351231
136208,33.9092578351231
136209,33.9092578351231
136210,33.9092578351231
136211,33.9092578351231
136212,33.9092578351231
136213,33.9092578351231
136214,33.9092578351231
136215,33.9092578351231
136216,33.9092578351231
136217,33.9092578351231
136218,33.9092578351231
136219,33.9092578351231
136220,33.9092578351231
136221,33.9092578351231
136222,33.9092578351231
136223,33.9092578351231
136224,33.9092578351231
136225,33.9092578351231
136226,33.9092578351231
136227,33.9092578351231
136228,33.9092578351231
136229,33.9092578351231
136230,33.9092578351231
136231,33.9092578351231
136232,33.9092578351231
136233,33.9092578351231
136234,33.9092578351231
136235,33.9092578351231
136236,33.9092578351231
136237,33.9092578351231
136238,33.9092578351231
136239,33.9092578351231
136240,33.9092578351231
136241,33.9092578351231
136242,33.9092578351231
136243,33.9092578351231
136244,33.9092578351231
136245,33.9092578351231
136246,33.9092578351231
136247,33.9092578351231
136248,33.9092578351231
136249,33.9092578351231
136250,33.9092578351231
136251,33.9092578351231
136252,33.9092578351231
136253,33.9092578351231
136254,33.9092578351231
136255,33.9092578351231
136256,33.9092578351231
136257,33.9092578351231
136258,33.9092578351231
136259,33.9092578351231
136260,33.9092578351231
136261,33.9092578351231
136262,33.9092578351231
136263,33.9092578351231
136264,33.9092578351231
136265,33.9092578351231
136266,33.9092578351231
136267,33.9092578351231
136268,33.9092578351231
136269,33.9092578351231
136270,33.9092578351231
136271,33.9092578351231
136272,33.9092578351231
136273,33.9092578351231
136274,33.9092578351231
136275,33.9092578351231
136276,33.9092578351231
136277,33.9092578351231
136278,33.9092578351231
136279,33.9092578351231
136280,33.9092578351231
136281,33.9092578351231
136282,33.9092578351231
136283,33.9092578351231
136284,33.9092578351231
136285,33.9092578351231
136286,33.9092578351231
136287,33.9092578351231
136288,33.9092578351231
136289,33.9092578351231
136290,33.9092578351231
136291,33.9092578351231
136292,33.9092578351231
136293,33.9092578351231
136294,33.9092578351231
136295,33.9092578351231
136296,33.9092578351231
136297,33.9092578351231
136298,33.9092578351231
136299,33.9092578351231
136300,33.9092578351231
136301,33.9092578351231
136302,33.9092578351231
136303,33.9092578351231
136304,33.9092578351231
136305,33.9092578351231
136306,33.9092578351231
136307,33.9092578351231
136308,33.9092578351231
136309,33.9092578351231
136310,33.9092578351231
136311,33.9092578351231
136312,33.9092578351231
136313,33.9092578351231
136314,33.9092578351231
136315,33.9092578351231
136316,33.9092578351231
136317,33.9092578351231
136318,33.9092578351231
136319,33.9092578351231
136320,33.9092578351231
136321,33.9092578351231
136322,33.9092578351231
136323,33.9092578351231
136324,33.9092578351231
136325,33.9092578351231
136326,33.9092578351231
136327,33.9092578351231
136328,33.9092578351231
136329,33.9092578351231
136330,33.9092578351231
136331,33.9092578351231
136332,33.9092578351231
136333,33.9092578351231
136334,33.9092578351231
136335,33.9092578351231
136336,33.9092578351231
136337,33.9092578351231
136338,33.9092578351231
136339,33.9092578351231
136340,33.9092578351231
136341,33.9092578351231
136342,33.9092578351231
136343,33.9092578351231
136344,33.9092578351231
136345,33.9092578351231
136346,33.9092578351231
136347,33.9092578351231
136348,33.9092578351231
136349,33.9092578351231
136350,33.9092578351231
136351,33.9092578351231
136352,33.9092578351231
136353,33.9092578351231
136354,33.9092578351231
136355,33.9092578351231
136356,33.9092578351231
136357,33.9092578351231
136358,33.9092578351231
136359,33.9092578351231
136360,33.9092578351231
136361,33.9092578351231
136362,33.9092578351231
136363,33.9092578351231
136364,33.9092578351231
136365,33.9092578351231
136366,33.9092578351231
136367,33.9092578351231
136368,33.9092578351231
136369,33.9092578351231
136370,33.9092578351231
136371,33.9092578351231
136372,33.9092578351231
136373,33.9092578351231
136374,33.9092578351231
136375,33.9092578351231
136376,33.9092578351231
136377,33.9092578351231
136378,33.9092578351231
136379,33.9092578351231
136380,33.9092578351231
136381,33.9092578351231
136382,33.9092578351231
136383,33.9092578351231
136384,33.9092578351231
136385,33.9092578351231
136386,33.9092578351231
136387,33.9092578351231
136388,33.9092578351231
136389,33.9092578351231
136390,33.9092578351231
136391,33.9092578351231
136392,33.9092578351231
136393,33.9092578351231
136394,33.9092578351231
136395,33.9092578351231
136396,33.9092578351231
136397,33.9092578351231
136398,33.9092578351231
136399,33.9092578351231
136400,33.9092578351231
136401,33.9092578351231
136402,33.9092578351231
136403,33.9092578351231
136404,33.9092578351231
136405,33.9092578351231
136406,33.9092578351231
136407,33.9092578351231
136408,33.9092578351231
136409,33.9092578351231
136410,33.9092578351231
136411,33.9092578351231
136412,33.9092578351231
136413,33.9092578351231
136414,33.9092578351231
136415,33.9092578351231
136416,33.9092578351231
136417,33.9092578351231
136418,33.9092578351231
136419,33.9092578351231
136420,33.9092578351231
136421,33.9092578351231
136422,33.9092578351231
136423,33.9092578351231
136424,33.9092578351231
136425,33.9092578351231
136426,33.9092578351231
136427,33.9092578351231
136428,33.9092578351231
136429,33.9092578351231
136430,33.9092578351231
136431,33.9092578351231
136432,33.9092578351231
136433,33.9092578351231
136434,33.9092578351231
136435,33.9092578351231
136436,33.9092578351231
136437,33.9092578351231
136438,33.9092578351231
136439,33.9092578351231
136440,33.9092578351231
136441,33.9092578351231
136442,33.9092578351231
136443,33.9092578351231
136444,33.9092578351231
136445,33.9092578351231
136446,33.9092578351231
136447,33.9092578351231
136448,33.9092578351231
136449,33.9092578351231
136450,33.9092578351231
136451,33.9092578351231
136452,33.9092578351231
136453,33.9092578351231
136454,33.9092578351231
136455,33.9092578351231
136456,33.9092578351231
136457,33.9092578351231
136458,33.9092578351231
136459,33.9092578351231
136460,33.9092578351231
136461,33.9092578351231
136462,33.9092578351231
136463,33.9092578351231
136464,33.9092578351231
136465,33.9092578351231
136466,33.9092578351231
136467,33.9092578351231
136468,33.9092578351231
136469,33.9092578351231
136470,33.9092578351231
136471,33.9092578351231
136472,33.9092578351231
136473,33.9092578351231
136474,33.9092578351231
136475,33.9092578351231
136476,33.9092578351231
136477,33.9092578351231
136478,33.9092578351231
136479,33.9092578351231
136480,33.9092578351231
136481,33.9092578351231
136482,33.9092578351231
136483,33.9092578351231
136484,33.9092578351231
136485,33.9092578351231
136486,33.9092578351231
136487,33.9092578351231
136488,33.9092578351231
136489,33.9092578351231
136490,33.9092578351231
136491,33.9092578351231
136492,33.9092578351231
136493,33.9092578351231
136494,33.9092578351231
136495,33.9092578351231
136496,33.9092578351231
136497,33.9092578351231
136498,33.9092578351231
136499,33.9092578351231
136500,33.9092578351231
136501,33.9092578351231
136502,33.9092578351231
136503,33.9092578351231
136504,33.9092578351231
136505,33.9092578351231
136506,33.9092578351231
136507,33.9092578351231
136508,33.9092578351231
136509,33.9092578351231
136510,33.9092578351231
136511,33.9092578351231
136512,33.9092578351231
136513,33.9092578351231
136514,33.9092578351231
136515,33.9092578351231
136516,33.9092578351231
136517,33.9092578351231
136518,33.9092578351231
136519,33.9092578351231
136520,33.9092578351231
136521,33.9092578351231
136522,33.9092578351231
136523,33.9092578351231
136524,33.9092578351231
136525,33.9092578351231
136526,33.9092578351231
136527,33.9092578351231
136528,33.9092578351231
136529,33.9092578351231
136530,33.9092578351231
136531,33.9092578351231
136532,33.9092578351231
136533,33.9092578351231
136534,33.9092578351231
136535,33.9092578351231
136536,33.9092578351231
136537,33.9092578351231
136538,33.9092578351231
136539,33.9092578351231
136540,33.9092578351231
136541,33.9092578351231
136542,33.9092578351231
136543,33.9092578351231
136544,33.9092578351231
136545,33.9092578351231
136546,33.9092578351231
136547,33.9092578351231
136548,33.9092578351231
136549,33.9092578351231
136550,33.9092578351231
136551,33.9092578351231
136552,33.9092578351231
136553,33.9092578351231
136554,33.9092578351231
136555,33.9092578351231
136556,33.9092578351231
136557,33.9092578351231
136558,33.9092578351231
136559,33.9092578351231
136560,33.9092578351231
136561,33.9092578351231
136562,33.9092578351231
136563,33.9092578351231
136564,33.9092578351231
136565,33.9092578351231
136566,33.9092578351231
136567,33.9092578351231
136568,33.9092578351231
136569,33.9092578351231
136570,33.9092578351231
136571,33.9092578351231
136572,33.9092578351231
136573,33.9092578351231
136574,33.9092578351231
136575,33.9092578351231
136576,33.9092578351231
136577,33.9092578351231
136578,33.9092578351231
136579,33.9092578351231
136580,33.9092578351231
136581,33.9092578351231
136582,33.9092578351231
136583,33.9092578351231
136584,33.9092578351231
136585,33.9092578351231
136586,33.9092578351231
136587,33.9092578351231
136588,33.9092578351231
136589,33.9092578351231
136590,33.9092578351231
136591,33.9092578351231
136592,33.9092578351231
136593,33.9092578351231
136594,33.9092578351231
136595,33.9092578351231
136596,33.9092578351231
136597,33.9092578351231
136598,33.9092578351231
136599,33.9092578351231
136600,33.9092578351231
136601,33.9092578351231
136602,33.9092578351231
136603,33.9092578351231
136604,33.9092578351231
136605,33.9092578351231
136606,33.9092578351231
136607,33.9092578351231
136608,33.9092578351231
136609,33.9092578351231
136610,33.9092578351231
136611,33.9092578351231
136612,33.9092578351231
136613,33.9092578351231
136614,33.9092578351231
136615,33.9092578351231
136616,33.9092578351231
136617,33.9092578351231
136618,33.9092578351231
136619,33.9092578351231
136620,33.9092578351231
136621,33.9092578351231
136622,33.9092578351231
136623,33.9092578351231
136624,33.9092578351231
136625,33.9092578351231
136626,33.9092578351231
136627,33.9092578351231
136628,33.9092578351231
136629,33.9092578351231
136630,33.9092578351231
136631,33.9092578351231
136632,33.9092578351231
136633,33.9092578351231
136634,33.9092578351231
136635,33.9092578351231
136636,33.9092578351231
136637,33.9092578351231
136638,33.9092578351231
136639,33.9092578351231
136640,33.9092578351231
136641,33.9092578351231
136642,33.9092578351231
136643,33.9092578351231
136644,33.9092578351231
136645,33.9092578351231
136646,33.9092578351231
136647,33.9092578351231
136648,33.9092578351231
136649,33.9092578351231
136650,33.9092578351231
136651,33.9092578351231
136652,33.9092578351231
136653,33.9092578351231
136654,33.9092578351231
136655,33.9092578351231
136656,33.9092578351231
136657,33.9092578351231
136658,33.9092578351231
136659,33.9092578351231
136660,33.9092578351231
136661,33.9092578351231
136662,33.9092578351231
136663,33.9092578351231
136664,33.9092578351231
136665,33.9092578351231
136666,33.9092578351231
136667,33.9092578351231
136668,33.9092578351231
136669,33.9092578351231
136670,33.9092578351231
136671,33.9092578351231
136672,33.9092578351231
136673,33.9092578351231
136674,33.9092578351231
136675,33.9092578351231
136676,33.9092578351231
136677,33.9092578351231
136678,33.9092578351231
136679,33.9092578351231
136680,33.9092578351231
136681,33.9092578351231
136682,33.9092578351231
136683,33.9092578351231
136684,33.9092578351231
136685,33.9092578351231
136686,33.9092578351231
136687,33.9092578351231
136688,33.9092578351231
136689,33.9092578351231
136690,33.9092578351231
136691,33.9092578351231
136692,33.9092578351231
136693,33.9092578351231
136694,33.9092578351231
136695,33.9092578351231
136696,33.9092578351231
136697,33.9092578351231
136698,33.9092578351231
136699,33.9092578351231
136700,33.9092578351231
136701,33.9092578351231
136702,33.9092578351231
136703,33.9092578351231
136704,33.9092578351231
136705,33.9092578351231
136706,33.9092578351231
136707,33.9092578351231
136708,33.9092578351231
136709,33.9092578351231
136710,33.9092578351231
136711,33.9092578351231
136712,33.9092578351231
136713,33.9092578351231
136714,33.9092578351231
136715,33.9092578351231
136716,33.9092578351231
136717,33.9092578351231
136718,33.9092578351231
136719,33.9092578351231
136720,33.9092578351231
136721,33.9092578351231
136722,33.9092578351231
136723,33.9092578351231
136724,33.9092578351231
136725,33.9092578351231
136726,33.9092578351231
136727,33.9092578351231
136728,33.9092578351231
136729,33.9092578351231
136730,33.9092578351231
136731,33.9092578351231
136732,33.9092578351231
136733,33.9092578351231
136734,33.9092578351231
136735,33.9092578351231
136736,33.9092578351231
136737,33.9092578351231
136738,33.9092578351231
136739,33.9092578351231
136740,33.9092578351231
136741,33.9092578351231
136742,33.9092578351231
136743,33.9092578351231
136744,33.9092578351231
136745,33.9092578351231
136746,33.9092578351231
136747,33.9092578351231
136748,33.9092578351231
136749,33.9092578351231
136750,33.9092578351231
136751,33.9092578351231
136752,33.9092578351231
136753,33.9092578351231
136754,33.9092578351231
136755,33.9092578351231
136756,33.9092578351231
136757,33.9092578351231
136758,33.9092578351231
136759,33.9092578351231
136760,33.9092578351231
136761,33.9092578351231
136762,33.9092578351231
136763,33.9092578351231
136764,33.9092578351231
136765,33.9092578351231
136766,33.9092578351231
136767,33.9092578351231
136768,33.9092578351231
136769,33.9092578351231
136770,33.9092578351231
136771,33.9092578351231
136772,33.9092578351231
136773,33.9092578351231
136774,33.9092578351231
136775,33.9092578351231
136776,33.9092578351231
136777,33.9092578351231
136778,33.9092578351231
136779,33.9092578351231
136780,33.9092578351231
136781,33.9092578351231
136782,33.9092578351231
136783,33.9092578351231
136784,33.9092578351231
136785,33.9092578351231
136786,33.9092578351231
136787,33.9092578351231
136788,33.9092578351231
136789,33.9092578351231
136790,33.9092578351231
136791,33.9092578351231
136792,33.9092578351231
136793,33.9092578351231
136794,33.9092578351231
136795,33.9092578351231
136796,33.9092578351231
136797,33.9092578351231
136798,33.9092578351231
136799,33.9092578351231
136800,33.9092578351231
136801,33.9092578351231
136802,33.9092578351231
136803,33.9092578351231
136804,33.9092578351231
136805,33.9092578351231
136806,33.9092578351231
136807,33.9092578351231
136808,33.9092578351231
136809,33.9092578351231
136810,33.9092578351231
136811,33.9092578351231
136812,33.9092578351231
136813,33.9092578351231
136814,33.9092578351231
136815,33.9092578351231
136816,33.9092578351231
136817,33.9092578351231
136818,33.9092578351231
136819,33.9092578351231
136820,33.9092578351231
136821,33.9092578351231
136822,33.9092578351231
136823,33.9092578351231
136824,33.9092578351231
136825,33.9092578351231
136826,33.9092578351231
136827,33.9092578351231
136828,33.9092578351231
136829,33.9092578351231
136830,33.9092578351231
136831,33.9092578351231
136832,33.9092578351231
136833,33.9092578351231
136834,33.9092578351231
136835,33.9092578351231
136836,33.9092578351231
136837,33.9092578351231
136838,33.9092578351231
136839,33.9092578351231
136840,33.9092578351231
136841,33.9092578351231
136842,33.9092578351231
136843,33.9092578351231
136844,33.9092578351231
136845,33.9092578351231
136846,33.9092578351231
136847,33.9092578351231
136848,33.9092578351231
136849,33.9092578351231
136850,33.9092578351231
136851,33.9092578351231
136852,33.9092578351231
136853,33.9092578351231
136854,33.9092578351231
136855,33.9092578351231
136856,33.9092578351231
136857,33.9092578351231
136858,33.9092578351231
136859,33.9092578351231
136860,33.9092578351231
136861,33.9092578351231
136862,33.9092578351231
136863,33.9092578351231
136864,33.9092578351231
136865,33.9092578351231
136866,33.9092578351231
136867,33.9092578351231
136868,33.9092578351231
136869,33.9092578351231
136870,33.9092578351231
136871,33.9092578351231
136872,33.9092578351231
136873,33.9092578351231
136874,33.9092578351231
136875,33.9092578351231
136876,33.9092578351231
136877,33.9092578351231
136878,33.9092578351231
136879,33.9092578351231
136880,33.9092578351231
136881,33.9092578351231
136882,33.9092578351231
136883,33.9092578351231
136884,33.9092578351231
136885,33.9092578351231
136886,33.9092578351231
136887,33.9092578351231
136888,33.9092578351231
136889,33.9092578351231
136890,33.9092578351231
136891,33.9092578351231
136892,33.9092578351231
136893,33.9092578351231
136894,33.9092578351231
136895,33.9092578351231
136896,33.9092578351231
136897,33.9092578351231
136898,33.9092578351231
136899,33.9092578351231
136900,33.9092578351231
136901,33.9092578351231
136902,33.9092578351231
136903,33.9092578351231
136904,33.9092578351231
136905,33.9092578351231
136906,33.9092578351231
136907,33.9092578351231
136908,33.9092578351231
136909,33.9092578351231
136910,33.9092578351231
136911,33.9092578351231
136912,33.9092578351231
136913,33.9092578351231
136914,33.9092578351231
136915,33.9092578351231
136916,33.9092578351231
136917,33.9092578351231
136918,33.9092578351231
136919,33.9092578351231
136920,33.9092578351231
136921,33.9092578351231
136922,33.9092578351231
136923,33.9092578351231
136924,33.9092578351231
136925,33.9092578351231
136926,33.9092578351231
136927,33.9092578351231
136928,33.9092578351231
136929,33.9092578351231
136930,33.9092578351231
136931,33.9092578351231
136932,33.9092578351231
136933,33.9092578351231
136934,33.9092578351231
136935,33.9092578351231
136936,33.9092578351231
136937,33.9092578351231
136938,33.9092578351231
136939,33.9092578351231
136940,33.9092578351231
136941,33.9092578351231
136942,33.9092578351231
136943,33.9092578351231
136944,33.9092578351231
136945,33.9092578351231
136946,33.9092578351231
136947,33.9092578351231
136948,33.9092578351231
136949,33.9092578351231
136950,33.9092578351231
136951,33.9092578351231
136952,33.9092578351231
136953,33.9092578351231
136954,33.9092578351231
136955,33.9092578351231
136956,33.9092578351231
136957,33.9092578351231
136958,33.9092578351231
136959,33.9092578351231
136960,33.9092578351231
136961,33.9092578351231
136962,33.9092578351231
136963,33.9092578351231
136964,33.9092578351231
136965,33.9092578351231
136966,33.9092578351231
136967,33.9092578351231
136968,33.9092578351231
136969,33.9092578351231
136970,33.9092578351231
136971,33.9092578351231
136972,33.9092578351231
136973,33.9092578351231
136974,33.9092578351231
136975,33.9092578351231
136976,33.9092578351231
136977,33.9092578351231
136978,33.9092578351231
136979,33.9092578351231
136980,33.9092578351231
136981,33.9092578351231
136982,33.9092578351231
136983,33.9092578351231
136984,33.9092578351231
136985,33.9092578351231
136986,33.9092578351231
136987,33.9092578351231
136988,33.9092578351231
136989,33.9092578351231
136990,33.9092578351231
136991,33.9092578351231
136992,33.9092578351231
136993,33.9092578351231
136994,33.9092578351231
136995,33.9092578351231
136996,33.9092578351231
136997,33.9092578351231
136998,33.9092578351231
136999,33.9092578351231
137000,33.9092578351231
137001,33.9092578351231
137002,33.9092578351231
137003,33.9092578351231
137004,33.9092578351231
137005,33.9092578351231
137006,33.9092578351231
137007,33.9092578351231
137008,33.9092578351231
137009,33.9092578351231
137010,33.9092578351231
137011,33.9092578351231
137012,33.9092578351231
137013,33.9092578351231
137014,33.9092578351231
137015,33.9092578351231
137016,33.9092578351231
137017,33.9092578351231
137018,33.9092578351231
137019,33.9092578351231
137020,33.9092578351231
137021,33.9092578351231
137022,33.9092578351231
137023,33.9092578351231
137024,33.9092578351231
137025,33.9092578351231
137026,33.9092578351231
137027,33.9092578351231
137028,33.9092578351231
137029,33.9092578351231
137030,33.9092578351231
137031,33.9092578351231
137032,33.9092578351231
137033,33.9092578351231
137034,33.9092578351231
137035,33.9092578351231
137036,33.9092578351231
137037,33.9092578351231
137038,33.9092578351231
137039,33.9092578351231
137040,33.9092578351231
137041,33.9092578351231
137042,33.9092578351231
137043,33.9092578351231
137044,33.9092578351231
137045,33.9092578351231
137046,33.9092578351231
137047,33.9092578351231
137048,33.9092578351231
137049,33.9092578351231
137050,33.9092578351231
137051,33.9092578351231
137052,33.9092578351231
137053,33.9092578351231
137054,33.9092578351231
137055,33.9092578351231
137056,33.9092578351231
137057,33.9092578351231
137058,33.9092578351231
137059,33.9092578351231
137060,33.9092578351231
137061,33.9092578351231
137062,33.9092578351231
137063,33.9092578351231
137064,33.9092578351231
137065,33.9092578351231
137066,33.9092578351231
137067,33.9092578351231
137068,33.9092578351231
137069,33.9092578351231
137070,33.9092578351231
137071,33.9092578351231
137072,33.9092578351231
137073,33.9092578351231
137074,33.9092578351231
137075,33.9092578351231
137076,33.9092578351231
137077,33.9092578351231
137078,33.9092578351231
137079,33.9092578351231
137080,33.9092578351231
137081,33.9092578351231
137082,33.9092578351231
137083,33.9092578351231
137084,33.9092578351231
137085,33.9092578351231
137086,33.9092578351231
137087,33.9092578351231
137088,33.9092578351231
137089,33.9092578351231
137090,33.9092578351231
137091,33.9092578351231
137092,33.9092578351231
137093,33.9092578351231
137094,33.9092578351231
137095,33.9092578351231
137096,33.9092578351231
137097,33.9092578351231
137098,33.9092578351231
137099,33.9092578351231
137100,33.9092578351231
137101,33.9092578351231
137102,33.9092578351231
137103,33.9092578351231
137104,33.9092578351231
137105,33.9092578351231
137106,33.9092578351231
137107,33.9092578351231
137108,33.9092578351231
137109,33.9092578351231
137110,33.9092578351231
137111,33.9092578351231
137112,33.9092578351231
137113,33.9092578351231
137114,33.9092578351231
137115,33.9092578351231
137116,33.9092578351231
137117,33.9092578351231
137118,33.9092578351231
137119,33.9092578351231
137120,33.9092578351231
137121,33.9092578351231
137122,33.9092578351231
137123,33.9092578351231
137124,33.9092578351231
137125,33.9092578351231
137126,33.9092578351231
137127,33.9092578351231
137128,33.9092578351231
137129,33.9092578351231
137130,33.9092578351231
137131,33.9092578351231
137132,33.9092578351231
137133,33.9092578351231
137134,33.9092578351231
137135,33.9092578351231
137136,33.9092578351231
137137,33.9092578351231
137138,33.9092578351231
137139,33.9092578351231
137140,33.9092578351231
137141,33.9092578351231
137142,33.9092578351231
137143,33.9092578351231
137144,33.9092578351231
137145,33.9092578351231
137146,33.9092578351231
137147,33.9092578351231
137148,33.9092578351231
137149,33.9092578351231
137150,33.9092578351231
137151,33.9092578351231
137152,33.9092578351231
137153,33.9092578351231
137154,33.9092578351231
137155,33.9092578351231
137156,33.9092578351231
137157,33.9092578351231
137158,33.9092578351231
137159,33.9092578351231
137160,33.9092578351231
137161,33.9092578351231
137162,33.9092578351231
137163,33.9092578351231
137164,33.9092578351231
137165,33.9092578351231
137166,33.9092578351231
137167,33.9092578351231
137168,33.9092578351231
137169,33.9092578351231
137170,33.9092578351231
137171,33.9092578351231
137172,33.9092578351231
137173,33.9092578351231
137174,33.9092578351231
137175,33.9092578351231
137176,33.9092578351231
137177,33.9092578351231
137178,33.9092578351231
137179,33.9092578351231
137180,33.9092578351231
137181,33.9092578351231
137182,33.9092578351231
137183,33.9092578351231
137184,33.9092578351231
137185,33.9092578351231
137186,33.9092578351231
137187,33.9092578351231
137188,33.9092578351231
137189,33.9092578351231
137190,33.9092578351231
137191,33.9092578351231
137192,33.9092578351231
137193,33.9092578351231
137194,33.9092578351231
137195,33.9092578351231
137196,33.9092578351231
137197,33.9092578351231
137198,33.9092578351231
137199,33.9092578351231
137200,33.9092578351231
137201,33.9092578351231
137202,33.9092578351231
137203,33.9092578351231
137204,33.9092578351231
137205,33.9092578351231
137206,33.9092578351231
137207,33.9092578351231
137208,33.9092578351231
137209,33.9092578351231
137210,33.9092578351231
137211,33.9092578351231
137212,33.9092578351231
137213,33.9092578351231
137214,33.9092578351231
137215,33.9092578351231
137216,33.9092578351231
137217,33.9092578351231
137218,33.9092578351231
137219,33.9092578351231
137220,33.9092578351231
137221,33.9092578351231
137222,33.9092578351231
137223,33.9092578351231
137224,33.9092578351231
137225,33.9092578351231
137226,33.9092578351231
137227,33.9092578351231
137228,33.9092578351231
137229,33.9092578351231
137230,33.9092578351231
137231,33.9092578351231
137232,33.9092578351231
137233,33.9092578351231
137234,33.9092578351231
137235,33.9092578351231
137236,33.9092578351231
137237,33.9092578351231
137238,33.9092578351231
137239,33.9092578351231
137240,33.9092578351231
137241,33.9092578351231
137242,33.9092578351231
137243,33.9092578351231
137244,33.9092578351231
137245,33.9092578351231
137246,33.9092578351231
137247,33.9092578351231
137248,33.9092578351231
137249,33.9092578351231
137250,33.9092578351231
137251,33.9092578351231
137252,33.9092578351231
137253,33.9092578351231
137254,33.9092578351231
137255,33.9092578351231
137256,33.9092578351231
137257,33.9092578351231
137258,33.9092578351231
137259,33.9092578351231
137260,33.9092578351231
137261,33.9092578351231
137262,33.9092578351231
137263,33.9092578351231
137264,33.9092578351231
137265,33.9092578351231
137266,33.9092578351231
137267,33.9092578351231
137268,33.9092578351231
137269,33.9092578351231
137270,33.9092578351231
137271,33.9092578351231
137272,33.9092578351231
137273,33.9092578351231
137274,33.9092578351231
137275,33.9092578351231
137276,33.9092578351231
137277,33.9092578351231
137278,33.9092578351231
137279,33.9092578351231
137280,33.9092578351231
137281,33.9092578351231
137282,33.9092578351231
137283,33.9092578351231
137284,33.9092578351231
137285,33.9092578351231
137286,33.9092578351231
137287,33.9092578351231
137288,33.9092578351231
137289,33.9092578351231
137290,33.9092578351231
137291,33.9092578351231
137292,33.9092578351231
137293,33.9092578351231
137294,33.9092578351231
137295,33.9092578351231
137296,33.9092578351231
137297,33.9092578351231
137298,33.9092578351231
137299,33.9092578351231
137300,33.9092578351231
137301,33.9092578351231
137302,33.9092578351231
137303,33.9092578351231
137304,33.9092578351231
137305,33.9092578351231
137306,33.9092578351231
137307,33.9092578351231
137308,33.9092578351231
137309,33.9092578351231
137310,33.9092578351231
137311,33.9092578351231
137312,33.9092578351231
137313,33.9092578351231
137314,33.9092578351231
137315,33.9092578351231
137316,33.9092578351231
137317,33.9092578351231
137318,33.9092578351231
137319,33.9092578351231
137320,33.9092578351231
137321,33.9092578351231
137322,33.9092578351231
137323,33.9092578351231
137324,33.9092578351231
137325,33.9092578351231
137326,33.9092578351231
137327,33.9092578351231
137328,33.9092578351231
137329,33.9092578351231
137330,33.9092578351231
137331,33.9092578351231
137332,33.9092578351231
137333,33.9092578351231
137334,33.9092578351231
137335,33.9092578351231
137336,33.9092578351231
137337,33.9092578351231
137338,33.9092578351231
137339,33.9092578351231
137340,33.9092578351231
137341,33.9092578351231
137342,33.9092578351231
137343,33.9092578351231
137344,33.9092578351231
137345,33.9092578351231
137346,33.9092578351231
137347,33.9092578351231
137348,33.9092578351231
137349,33.9092578351231
137350,33.9092578351231
137351,33.9092578351231
137352,33.9092578351231
137353,33.9092578351231
137354,33.9092578351231
137355,33.9092578351231
137356,33.9092578351231
137357,33.9092578351231
137358,33.9092578351231
137359,33.9092578351231
137360,33.9092578351231
137361,33.9092578351231
137362,33.9092578351231
137363,33.9092578351231
137364,33.9092578351231
137365,33.9092578351231
137366,33.9092578351231
137367,33.9092578351231
137368,33.9092578351231
137369,33.9092578351231
137370,33.9092578351231
137371,33.9092578351231
137372,33.9092578351231
137373,33.9092578351231
137374,33.9092578351231
137375,33.9092578351231
137376,33.9092578351231
137377,33.9092578351231
137378,33.9092578351231
137379,33.9092578351231
137380,33.9092578351231
137381,33.9092578351231
137382,33.9092578351231
137383,33.9092578351231
137384,33.9092578351231
137385,33.9092578351231
137386,33.9092578351231
137387,33.9092578351231
137388,33.9092578351231
137389,33.9092578351231
137390,33.9092578351231
137391,33.9092578351231
137392,33.9092578351231
137393,33.9092578351231
137394,33.9092578351231
137395,33.9092578351231
137396,33.9092578351231
137397,33.9092578351231
137398,33.9092578351231
137399,33.9092578351231
137400,33.9092578351231
137401,33.9092578351231
137402,33.9092578351231
137403,33.9092578351231
137404,33.9092578351231
137405,33.9092578351231
137406,33.9092578351231
137407,33.9092578351231
137408,33.9092578351231
137409,33.9092578351231
137410,33.9092578351231
137411,33.9092578351231
137412,33.9092578351231
137413,33.9092578351231
137414,33.9092578351231
137415,33.9092578351231
137416,33.9092578351231
137417,33.9092578351231
137418,33.9092578351231
137419,33.9092578351231
137420,33.9092578351231
137421,33.9092578351231
137422,33.9092578351231
137423,33.9092578351231
137424,33.9092578351231
137425,33.9092578351231
137426,33.9092578351231
137427,33.9092578351231
137428,33.9092578351231
137429,33.9092578351231
137430,33.9092578351231
137431,33.9092578351231
137432,33.9092578351231
137433,33.9092578351231
137434,33.9092578351231
137435,33.9092578351231
137436,33.9092578351231
137437,33.9092578351231
137438,33.9092578351231
137439,33.9092578351231
137440,33.9092578351231
137441,33.9092578351231
137442,33.9092578351231
137443,33.9092578351231
137444,33.9092578351231
137445,33.9092578351231
137446,33.9092578351231
137447,33.9092578351231
137448,33.9092578351231
137449,33.9092578351231
137450,33.9092578351231
137451,33.9092578351231
137452,33.9092578351231
137453,33.9092578351231
137454,33.9092578351231
137455,33.9092578351231
137456,33.9092578351231
137457,33.9092578351231
137458,33.9092578351231
137459,33.9092578351231
137460,33.9092578351231
137461,33.9092578351231
137462,33.9092578351231
137463,33.9092578351231
137464,33.9092578351231
137465,33.9092578351231
137466,33.9092578351231
137467,33.9092578351231
137468,33.9092578351231
137469,33.9092578351231
137470,33.9092578351231
137471,33.9092578351231
137472,33.9092578351231
137473,33.9092578351231
137474,33.9092578351231
137475,33.9092578351231
137476,33.9092578351231
137477,33.9092578351231
137478,33.9092578351231
137479,33.9092578351231
137480,33.9092578351231
137481,33.9092578351231
137482,33.9092578351231
137483,33.9092578351231
137484,33.9092578351231
137485,33.9092578351231
137486,33.9092578351231
137487,33.9092578351231
137488,33.9092578351231
137489,33.9092578351231
137490,33.9092578351231
137491,33.9092578351231
137492,33.9092578351231
137493,33.9092578351231
137494,33.9092578351231
137495,33.9092578351231
137496,33.9092578351231
137497,33.9092578351231
137498,33.9092578351231
137499,33.9092578351231
137500,33.9092578351231
137501,33.9092578351231
137502,33.9092578351231
137503,33.9092578351231
137504,33.9092578351231
137505,33.9092578351231
137506,33.9092578351231
137507,33.9092578351231
137508,33.9092578351231
137509,33.9092578351231
137510,33.9092578351231
137511,33.9092578351231
137512,33.9092578351231
137513,33.9092578351231
137514,33.9092578351231
137515,33.9092578351231
137516,33.9092578351231
137517,33.9092578351231
137518,33.9092578351231
137519,33.9092578351231
137520,33.9092578351231
137521,33.9092578351231
137522,33.9092578351231
137523,33.9092578351231
137524,33.9092578351231
137525,33.9092578351231
137526,33.9092578351231
137527,33.9092578351231
137528,33.9092578351231
137529,33.9092578351231
137530,33.9092578351231
137531,33.9092578351231
137532,33.9092578351231
137533,33.9092578351231
137534,33.9092578351231
137535,33.9092578351231
137536,33.9092578351231
137537,33.9092578351231
137538,33.9092578351231
137539,33.9092578351231
137540,33.9092578351231
137541,33.9092578351231
137542,33.9092578351231
137543,33.9092578351231
137544,33.9092578351231
137545,33.9092578351231
137546,33.9092578351231
137547,33.9092578351231
137548,33.9092578351231
137549,33.9092578351231
137550,33.9092578351231
137551,33.9092578351231
137552,33.9092578351231
137553,33.9092578351231
137554,33.9092578351231
137555,33.9092578351231
137556,33.9092578351231
137557,33.9092578351231
137558,33.9092578351231
137559,33.9092578351231
137560,33.9092578351231
137561,33.9092578351231
137562,33.9092578351231
137563,33.9092578351231
137564,33.9092578351231
137565,33.9092578351231
137566,33.9092578351231
137567,33.9092578351231
137568,33.9092578351231
137569,33.9092578351231
137570,33.9092578351231
137571,33.9092578351231
137572,33.9092578351231
137573,33.9092578351231
137574,33.9092578351231
137575,33.9092578351231
137576,33.9092578351231
137577,33.9092578351231
137578,33.9092578351231
137579,33.9092578351231
137580,33.9092578351231
137581,33.9092578351231
137582,33.9092578351231
137583,33.9092578351231
137584,33.9092578351231
137585,33.9092578351231
137586,33.9092578351231
137587,33.9092578351231
137588,33.9092578351231
137589,33.9092578351231
137590,33.9092578351231
137591,33.9092578351231
137592,33.9092578351231
137593,33.9092578351231
137594,33.9092578351231
137595,33.9092578351231
137596,33.9092578351231
137597,33.9092578351231
137598,33.9092578351231
137599,33.9092578351231
137600,33.9092578351231
137601,33.9092578351231
137602,33.9092578351231
137603,33.9092578351231
137604,33.9092578351231
137605,33.9092578351231
137606,33.9092578351231
137607,33.9092578351231
137608,33.9092578351231
137609,33.9092578351231
137610,33.9092578351231
137611,33.9092578351231
137612,33.9092578351231
137613,33.9092578351231
137614,33.9092578351231
137615,33.9092578351231
137616,33.9092578351231
137617,33.9092578351231
137618,33.9092578351231
137619,33.9092578351231
137620,33.9092578351231
137621,33.9092578351231
137622,33.9092578351231
137623,33.9092578351231
137624,33.9092578351231
137625,33.9092578351231
137626,33.9092578351231
137627,33.9092578351231
137628,33.9092578351231
137629,33.9092578351231
137630,33.9092578351231
137631,33.9092578351231
137632,33.9092578351231
137633,33.9092578351231
137634,33.9092578351231
137635,33.9092578351231
137636,33.9092578351231
137637,33.9092578351231
137638,33.9092578351231
137639,33.9092578351231
137640,33.9092578351231
137641,33.9092578351231
137642,33.9092578351231
137643,33.9092578351231
137644,33.9092578351231
137645,33.9092578351231
137646,33.9092578351231
137647,33.9092578351231
137648,33.9092578351231
137649,33.9092578351231
137650,33.9092578351231
137651,33.9092578351231
137652,33.9092578351231
137653,33.9092578351231
137654,33.9092578351231
137655,33.9092578351231
137656,33.9092578351231
137657,33.9092578351231
137658,33.9092578351231
137659,33.9092578351231
137660,33.9092578351231
137661,33.9092578351231
137662,33.9092578351231
137663,33.9092578351231
137664,33.9092578351231
137665,33.9092578351231
137666,33.9092578351231
137667,33.9092578351231
137668,33.9092578351231
137669,33.9092578351231
137670,33.9092578351231
137671,33.9092578351231
137672,33.9092578351231
137673,33.9092578351231
137674,33.9092578351231
137675,33.9092578351231
137676,33.9092578351231
137677,33.9092578351231
137678,33.9092578351231
137679,33.9092578351231
137680,33.9092578351231
137681,33.9092578351231
137682,33.9092578351231
137683,33.9092578351231
137684,33.9092578351231
137685,33.9092578351231
137686,33.9092578351231
137687,33.9092578351231
137688,33.9092578351231
137689,33.9092578351231
137690,33.9092578351231
137691,33.9092578351231
137692,33.9092578351231
137693,33.9092578351231
137694,33.9092578351231
137695,33.9092578351231
137696,33.9092578351231
137697,33.9092578351231
137698,33.9092578351231
137699,33.9092578351231
137700,33.9092578351231
137701,33.9092578351231
137702,33.9092578351231
137703,33.9092578351231
137704,33.9092578351231
137705,33.9092578351231
137706,33.9092578351231
137707,33.9092578351231
137708,33.9092578351231
137709,33.9092578351231
137710,33.9092578351231
137711,33.9092578351231
137712,33.9092578351231
137713,33.9092578351231
137714,33.9092578351231
137715,33.9092578351231
137716,33.9092578351231
137717,33.9092578351231
137718,33.9092578351231
137719,33.9092578351231
137720,33.9092578351231
137721,33.9092578351231
137722,33.9092578351231
137723,33.9092578351231
137724,33.9092578351231
137725,33.9092578351231
137726,33.9092578351231
137727,33.9092578351231
137728,33.9092578351231
137729,33.9092578351231
137730,33.9092578351231
137731,33.9092578351231
137732,33.9092578351231
137733,33.9092578351231
137734,33.9092578351231
137735,33.9092578351231
137736,33.9092578351231
137737,33.9092578351231
137738,33.9092578351231
137739,33.9092578351231
137740,33.9092578351231
137741,33.9092578351231
137742,33.9092578351231
137743,33.9092578351231
137744,33.9092578351231
137745,33.9092578351231
137746,33.9092578351231
137747,33.9092578351231
137748,33.9092578351231
137749,33.9092578351231
137750,33.9092578351231
137751,33.9092578351231
137752,33.9092578351231
137753,33.9092578351231
137754,33.9092578351231
137755,33.9092578351231
137756,33.9092578351231
137757,33.9092578351231
137758,33.9092578351231
137759,33.9092578351231
137760,33.9092578351231
137761,33.9092578351231
137762,33.9092578351231
137763,33.9092578351231
137764,33.9092578351231
137765,33.9092578351231
137766,33.9092578351231
137767,33.9092578351231
137768,33.9092578351231
137769,33.9092578351231
137770,33.9092578351231
137771,33.9092578351231
137772,33.9092578351231
137773,33.9092578351231
137774,33.9092578351231
137775,33.9092578351231
137776,33.9092578351231
137777,33.9092578351231
137778,33.9092578351231
137779,33.9092578351231
137780,33.9092578351231
137781,33.9092578351231
137782,33.9092578351231
137783,33.9092578351231
137784,33.9092578351231
137785,33.9092578351231
137786,33.9092578351231
137787,33.9092578351231
137788,33.9092578351231
137789,33.9092578351231
137790,33.9092578351231
137791,33.9092578351231
137792,33.9092578351231
137793,33.9092578351231
137794,33.9092578351231
137795,33.9092578351231
137796,33.9092578351231
137797,33.9092578351231
137798,33.9092578351231
137799,33.9092578351231
137800,33.9092578351231
137801,33.9092578351231
137802,33.9092578351231
137803,33.9092578351231
137804,33.9092578351231
137805,33.9092578351231
137806,33.9092578351231
137807,33.9092578351231
137808,33.9092578351231
137809,33.9092578351231
137810,33.9092578351231
137811,33.9092578351231
137812,33.9092578351231
137813,33.9092578351231
137814,33.9092578351231
137815,33.9092578351231
137816,33.9092578351231
137817,33.9092578351231
137818,33.9092578351231
137819,33.9092578351231
137820,33.9092578351231
137821,33.9092578351231
137822,33.9092578351231
137823,33.9092578351231
137824,33.9092578351231
137825,33.9092578351231
137826,33.9092578351231
137827,33.9092578351231
137828,33.9092578351231
137829,33.9092578351231
137830,33.9092578351231
137831,33.9092578351231
137832,33.9092578351231
137833,33.9092578351231
137834,33.9092578351231
137835,33.9092578351231
137836,33.9092578351231
137837,33.9092578351231
137838,33.9092578351231
137839,33.9092578351231
137840,33.9092578351231
137841,33.9092578351231
137842,33.9092578351231
137843,33.9092578351231
137844,33.9092578351231
137845,33.9092578351231
137846,33.9092578351231
137847,33.9092578351231
137848,33.9092578351231
137849,33.9092578351231
137850,33.9092578351231
137851,33.9092578351231
137852,33.9092578351231
137853,33.9092578351231
137854,33.9092578351231
137855,33.9092578351231
137856,33.9092578351231
137857,33.9092578351231
137858,33.9092578351231
137859,33.9092578351231
137860,33.9092578351231
137861,33.9092578351231
137862,33.9092578351231
137863,33.9092578351231
137864,33.9092578351231
137865,33.9092578351231
137866,33.9092578351231
137867,33.9092578351231
137868,33.9092578351231
137869,33.9092578351231
137870,33.9092578351231
137871,33.9092578351231
137872,33.9092578351231
137873,33.9092578351231
137874,33.9092578351231
137875,33.9092578351231
137876,33.9092578351231
137877,33.9092578351231
137878,33.9092578351231
137879,33.9092578351231
137880,33.9092578351231
137881,33.9092578351231
137882,33.9092578351231
137883,33.9092578351231
137884,33.9092578351231
137885,33.9092578351231
137886,33.9092578351231
137887,33.9092578351231
137888,33.9092578351231
137889,33.9092578351231
137890,33.9092578351231
137891,33.9092578351231
137892,33.9092578351231
137893,33.9092578351231
137894,33.9092578351231
137895,33.9092578351231
137896,33.9092578351231
137897,33.9092578351231
137898,33.9092578351231
137899,33.9092578351231
137900,33.9092578351231
137901,33.9092578351231
137902,33.9092578351231
137903,33.9092578351231
137904,33.9092578351231
137905,33.9092578351231
137906,33.9092578351231
137907,33.9092578351231
137908,33.9092578351231
137909,33.9092578351231
137910,33.9092578351231
137911,33.9092578351231
137912,33.9092578351231
137913,33.9092578351231
137914,33.9092578351231
137915,33.9092578351231
137916,33.9092578351231
137917,33.9092578351231
137918,33.9092578351231
137919,33.9092578351231
137920,33.9092578351231
137921,33.9092578351231
137922,33.9092578351231
137923,33.9092578351231
137924,33.9092578351231
137925,33.9092578351231
137926,33.9092578351231
137927,33.9092578351231
137928,33.9092578351231
137929,33.9092578351231
137930,33.9092578351231
137931,33.9092578351231
137932,33.9092578351231
137933,33.9092578351231
137934,33.9092578351231
137935,33.9092578351231
137936,33.9092578351231
137937,33.9092578351231
137938,33.9092578351231
137939,33.9092578351231
137940,33.9092578351231
137941,33.9092578351231
137942,33.9092578351231
137943,33.9092578351231
137944,33.9092578351231
137945,33.9092578351231
137946,33.9092578351231
137947,33.9092578351231
137948,33.9092578351231
137949,33.9092578351231
137950,33.9092578351231
137951,33.9092578351231
137952,33.9092578351231
137953,33.9092578351231
137954,33.9092578351231
137955,33.9092578351231
137956,33.9092578351231
137957,33.9092578351231
137958,33.9092578351231
137959,33.9092578351231
137960,33.9092578351231
137961,33.9092578351231
137962,33.9092578351231
137963,33.9092578351231
137964,33.9092578351231
137965,33.9092578351231
137966,33.9092578351231
137967,33.9092578351231
137968,33.9092578351231
137969,33.9092578351231
137970,33.9092578351231
137971,33.9092578351231
137972,33.9092578351231
137973,33.9092578351231
137974,33.9092578351231
137975,33.9092578351231
137976,33.9092578351231
137977,33.9092578351231
137978,33.9092578351231
137979,33.9092578351231
137980,33.9092578351231
137981,33.9092578351231
137982,33.9092578351231
137983,33.9092578351231
137984,33.9092578351231
137985,33.9092578351231
137986,33.9092578351231
137987,33.9092578351231
137988,33.9092578351231
137989,33.9092578351231
137990,33.9092578351231
137991,33.9092578351231
137992,33.9092578351231
137993,33.9092578351231
137994,33.9092578351231
137995,33.9092578351231
137996,33.9092578351231
137997,33.9092578351231
137998,33.9092578351231
137999,33.9092578351231
138000,33.9092578351231
138001,33.9092578351231
138002,33.9092578351231
138003,33.9092578351231
138004,33.9092578351231
138005,33.9092578351231
138006,33.9092578351231
138007,33.9092578351231
138008,33.9092578351231
138009,33.9092578351231
138010,33.9092578351231
138011,33.9092578351231
138012,33.9092578351231
138013,33.9092578351231
138014,33.9092578351231
138015,33.9092578351231
138016,33.9092578351231
138017,33.9092578351231
138018,33.9092578351231
138019,33.9092578351231
138020,33.9092578351231
138021,33.9092578351231
138022,33.9092578351231
138023,33.9092578351231
138024,33.9092578351231
138025,33.9092578351231
138026,33.9092578351231
138027,33.9092578351231
138028,33.9092578351231
138029,33.9092578351231
138030,33.9092578351231
138031,33.9092578351231
138032,33.9092578351231
138033,33.9092578351231
138034,33.9092578351231
138035,33.9092578351231
138036,33.9092578351231
138037,33.9092578351231
138038,33.9092578351231
138039,33.9092578351231
138040,33.9092578351231
138041,33.9092578351231
138042,33.9092578351231
138043,33.9092578351231
138044,33.9092578351231
138045,33.9092578351231
138046,33.9092578351231
138047,33.9092578351231
138048,33.9092578351231
138049,33.9092578351231
138050,33.9092578351231
138051,33.9092578351231
138052,33.9092578351231
138053,33.9092578351231
138054,33.9092578351231
138055,33.9092578351231
138056,33.9092578351231
138057,33.9092578351231
138058,33.9092578351231
138059,33.9092578351231
138060,33.9092578351231
138061,33.9092578351231
138062,33.9092578351231
138063,33.9092578351231
138064,33.9092578351231
138065,33.9092578351231
138066,33.9092578351231
138067,33.9092578351231
138068,33.9092578351231
138069,33.9092578351231
138070,33.9092578351231
138071,33.9092578351231
138072,33.9092578351231
138073,33.9092578351231
138074,33.9092578351231
138075,33.9092578351231
138076,33.9092578351231
138077,33.9092578351231
138078,33.9092578351231
138079,33.9092578351231
138080,33.9092578351231
138081,33.9092578351231
138082,33.9092578351231
138083,33.9092578351231
138084,33.9092578351231
138085,33.9092578351231
138086,33.9092578351231
138087,33.9092578351231
138088,33.9092578351231
138089,33.9092578351231
138090,33.9092578351231
138091,33.9092578351231
138092,33.9092578351231
138093,33.9092578351231
138094,33.9092578351231
138095,33.9092578351231
138096,33.9092578351231
138097,33.9092578351231
138098,33.9092578351231
138099,33.9092578351231
138100,33.9092578351231
138101,33.9092578351231
138102,33.9092578351231
138103,33.9092578351231
138104,33.9092578351231
138105,33.9092578351231
138106,33.9092578351231
138107,33.9092578351231
138108,33.9092578351231
138109,33.9092578351231
138110,33.9092578351231
138111,33.9092578351231
138112,33.9092578351231
138113,33.9092578351231
138114,33.9092578351231
138115,33.9092578351231
138116,33.9092578351231
138117,33.9092578351231
138118,33.9092578351231
138119,33.9092578351231
138120,33.9092578351231
138121,33.9092578351231
138122,33.9092578351231
138123,33.9092578351231
138124,33.9092578351231
138125,33.9092578351231
138126,33.9092578351231
138127,33.9092578351231
138128,33.9092578351231
138129,33.9092578351231
138130,33.9092578351231
138131,33.9092578351231
138132,33.9092578351231
138133,33.9092578351231
138134,33.9092578351231
138135,33.9092578351231
138136,33.9092578351231
138137,33.9092578351231
138138,33.9092578351231
138139,33.9092578351231
138140,33.9092578351231
138141,33.9092578351231
138142,33.9092578351231
138143,33.9092578351231
138144,33.9092578351231
138145,33.9092578351231
138146,33.9092578351231
138147,33.9092578351231
138148,33.9092578351231
138149,33.9092578351231
138150,33.9092578351231
138151,33.9092578351231
138152,33.9092578351231
138153,33.9092578351231
138154,33.9092578351231
138155,33.9092578351231
138156,33.9092578351231
138157,33.9092578351231
138158,33.9092578351231
138159,33.9092578351231
138160,33.9092578351231
138161,33.9092578351231
138162,33.9092578351231
138163,33.9092578351231
138164,33.9092578351231
138165,33.9092578351231
138166,33.9092578351231
138167,33.9092578351231
138168,33.9092578351231
138169,33.9092578351231
138170,33.9092578351231
138171,33.9092578351231
138172,33.9092578351231
138173,33.9092578351231
138174,33.9092578351231
138175,33.9092578351231
138176,33.9092578351231
138177,33.9092578351231
138178,33.9092578351231
138179,33.9092578351231
138180,33.9092578351231
138181,33.9092578351231
138182,33.9092578351231
138183,33.9092578351231
138184,33.9092578351231
138185,33.9092578351231
138186,33.9092578351231
138187,33.9092578351231
138188,33.9092578351231
138189,33.9092578351231
138190,33.9092578351231
138191,33.9092578351231
138192,33.9092578351231
138193,33.9092578351231
138194,33.9092578351231
138195,33.9092578351231
138196,33.9092578351231
138197,33.9092578351231
138198,33.9092578351231
138199,33.9092578351231
138200,33.9092578351231
138201,33.9092578351231
138202,33.9092578351231
138203,33.9092578351231
138204,33.9092578351231
138205,33.9092578351231
138206,33.9092578351231
138207,33.9092578351231
138208,33.9092578351231
138209,33.9092578351231
138210,33.9092578351231
138211,33.9092578351231
138212,33.9092578351231
138213,33.9092578351231
138214,33.9092578351231
138215,33.9092578351231
138216,33.9092578351231
138217,33.9092578351231
138218,33.9092578351231
138219,33.9092578351231
138220,33.9092578351231
138221,33.9092578351231
138222,33.9092578351231
138223,33.9092578351231
138224,33.9092578351231
138225,33.9092578351231
138226,33.9092578351231
138227,33.9092578351231
138228,33.9092578351231
138229,33.9092578351231
138230,33.9092578351231
138231,33.9092578351231
138232,33.9092578351231
138233,33.9092578351231
138234,33.9092578351231
138235,33.9092578351231
138236,33.9092578351231
138237,33.9092578351231
138238,33.9092578351231
138239,33.9092578351231
138240,33.9092578351231
138241,33.9092578351231
138242,33.9092578351231
138243,33.9092578351231
138244,33.9092578351231
138245,33.9092578351231
138246,33.9092578351231
138247,33.9092578351231
138248,33.9092578351231
138249,33.9092578351231
138250,33.9092578351231
138251,33.9092578351231
138252,33.9092578351231
138253,33.9092578351231
138254,33.9092578351231
138255,33.9092578351231
138256,33.9092578351231
138257,33.9092578351231
138258,33.9092578351231
138259,33.9092578351231
138260,33.9092578351231
138261,33.9092578351231
138262,33.9092578351231
138263,33.9092578351231
138264,33.9092578351231
138265,33.9092578351231
138266,33.9092578351231
138267,33.9092578351231
138268,33.9092578351231
138269,33.9092578351231
138270,33.9092578351231
138271,33.9092578351231
138272,33.9092578351231
138273,33.9092578351231
138274,33.9092578351231
138275,33.9092578351231
138276,33.9092578351231
138277,33.9092578351231
138278,33.9092578351231
138279,33.9092578351231
138280,33.9092578351231
138281,33.9092578351231
138282,33.9092578351231
138283,33.9092578351231
138284,33.9092578351231
138285,33.9092578351231
138286,33.9092578351231
138287,33.9092578351231
138288,33.9092578351231
138289,33.9092578351231
138290,33.9092578351231
138291,33.9092578351231
138292,33.9092578351231
138293,33.9092578351231
138294,33.9092578351231
138295,33.9092578351231
138296,33.9092578351231
138297,33.9092578351231
138298,33.9092578351231
138299,33.9092578351231
138300,33.9092578351231
138301,33.9092578351231
138302,33.9092578351231
138303,33.9092578351231
138304,33.9092578351231
138305,33.9092578351231
138306,33.9092578351231
138307,33.9092578351231
138308,33.9092578351231
138309,33.9092578351231
138310,33.9092578351231
138311,33.9092578351231
138312,33.9092578351231
138313,33.9092578351231
138314,33.9092578351231
138315,33.9092578351231
138316,33.9092578351231
138317,33.9092578351231
138318,33.9092578351231
138319,33.9092578351231
138320,33.9092578351231
138321,33.9092578351231
138322,33.9092578351231
138323,33.9092578351231
138324,33.9092578351231
138325,33.9092578351231
138326,33.9092578351231
138327,33.9092578351231
138328,33.9092578351231
138329,33.9092578351231
138330,33.9092578351231
138331,33.9092578351231
138332,33.9092578351231
138333,33.9092578351231
138334,33.9092578351231
138335,33.9092578351231
138336,33.9092578351231
138337,33.9092578351231
138338,33.9092578351231
138339,33.9092578351231
138340,33.9092578351231
138341,33.9092578351231
138342,33.9092578351231
138343,33.9092578351231
138344,33.9092578351231
138345,33.9092578351231
138346,33.9092578351231
138347,33.9092578351231
138348,33.9092578351231
138349,33.9092578351231
138350,33.9092578351231
138351,33.9092578351231
138352,33.9092578351231
138353,33.9092578351231
138354,33.9092578351231
138355,33.9092578351231
138356,33.9092578351231
138357,33.9092578351231
138358,33.9092578351231
138359,33.9092578351231
138360,33.9092578351231
138361,33.9092578351231
138362,33.9092578351231
138363,33.9092578351231
138364,33.9092578351231
138365,33.9092578351231
138366,33.9092578351231
138367,33.9092578351231
138368,33.9092578351231
138369,33.9092578351231
138370,33.9092578351231
138371,33.9092578351231
138372,33.9092578351231
138373,33.9092578351231
138374,33.9092578351231
138375,33.9092578351231
138376,33.9092578351231
138377,33.9092578351231
138378,33.9092578351231
138379,33.9092578351231
138380,33.9092578351231
138381,33.9092578351231
138382,33.9092578351231
138383,33.9092578351231
138384,33.9092578351231
138385,33.9092578351231
138386,33.9092578351231
138387,33.9092578351231
138388,33.9092578351231
138389,33.9092578351231
138390,33.9092578351231
138391,33.9092578351231
138392,33.9092578351231
138393,33.9092578351231
138394,33.9092578351231
138395,33.9092578351231
138396,33.9092578351231
138397,33.9092578351231
138398,33.9092578351231
138399,33.9092578351231
138400,33.9092578351231
138401,33.9092578351231
138402,33.9092578351231
138403,33.9092578351231
138404,33.9092578351231
138405,33.9092578351231
138406,33.9092578351231
138407,33.9092578351231
138408,33.9092578351231
138409,33.9092578351231
138410,33.9092578351231
138411,33.9092578351231
138412,33.9092578351231
138413,33.9092578351231
138414,33.9092578351231
138415,33.9092578351231
138416,33.9092578351231
138417,33.9092578351231
138418,33.9092578351231
138419,33.9092578351231
138420,33.9092578351231
138421,33.9092578351231
138422,33.9092578351231
138423,33.9092578351231
138424,33.9092578351231
138425,33.9092578351231
138426,33.9092578351231
138427,33.9092578351231
138428,33.9092578351231
138429,33.9092578351231
138430,33.9092578351231
138431,33.9092578351231
138432,33.9092578351231
138433,33.9092578351231
138434,33.9092578351231
138435,33.9092578351231
138436,33.9092578351231
138437,33.9092578351231
138438,33.9092578351231
138439,33.9092578351231
138440,33.9092578351231
138441,33.9092578351231
138442,33.9092578351231
138443,33.9092578351231
138444,33.9092578351231
138445,33.9092578351231
138446,33.9092578351231
138447,33.9092578351231
138448,33.9092578351231
138449,33.9092578351231
138450,33.9092578351231
138451,33.9092578351231
138452,33.9092578351231
138453,33.9092578351231
138454,33.9092578351231
138455,33.9092578351231
138456,33.9092578351231
138457,33.9092578351231
138458,33.9092578351231
138459,33.9092578351231
138460,33.9092578351231
138461,33.9092578351231
138462,33.9092578351231
138463,33.9092578351231
138464,33.9092578351231
138465,33.9092578351231
138466,33.9092578351231
138467,33.9092578351231
138468,33.9092578351231
138469,33.9092578351231
138470,33.9092578351231
138471,33.9092578351231
138472,33.9092578351231
138473,33.9092578351231
138474,33.9092578351231
138475,33.9092578351231
138476,33.9092578351231
138477,33.9092578351231
138478,33.9092578351231
138479,33.9092578351231
138480,33.9092578351231
138481,33.9092578351231
138482,33.9092578351231
138483,33.9092578351231
138484,33.9092578351231
138485,33.9092578351231
138486,33.9092578351231
138487,33.9092578351231
138488,33.9092578351231
138489,33.9092578351231
138490,33.9092578351231
138491,33.9092578351231
138492,33.9092578351231
138493,33.9092578351231
138494,33.9092578351231
138495,33.9092578351231
138496,33.9092578351231
138497,33.9092578351231
138498,33.9092578351231
138499,33.9092578351231
138500,33.9092578351231
138501,33.9092578351231
138502,33.9092578351231
138503,33.9092578351231
138504,33.9092578351231
138505,33.9092578351231
138506,33.9092578351231
138507,33.9092578351231
138508,33.9092578351231
138509,33.9092578351231
138510,33.9092578351231
138511,33.9092578351231
138512,33.9092578351231
138513,33.9092578351231
138514,33.9092578351231
138515,33.9092578351231
138516,33.9092578351231
138517,33.9092578351231
138518,33.9092578351231
138519,33.9092578351231
138520,33.9092578351231
138521,33.9092578351231
138522,33.9092578351231
138523,33.9092578351231
138524,33.9092578351231
138525,33.9092578351231
138526,33.9092578351231
138527,33.9092578351231
138528,33.9092578351231
138529,33.9092578351231
138530,33.9092578351231
138531,33.9092578351231
138532,33.9092578351231
138533,33.9092578351231
138534,33.9092578351231
138535,33.9092578351231
138536,33.9092578351231
138537,33.9092578351231
138538,33.9092578351231
138539,33.9092578351231
138540,33.9092578351231
138541,33.9092578351231
138542,33.9092578351231
138543,33.9092578351231
138544,33.9092578351231
138545,33.9092578351231
138546,33.9092578351231
138547,33.9092578351231
138548,33.9092578351231
138549,33.9092578351231
138550,33.9092578351231
138551,33.9092578351231
138552,33.9092578351231
138553,33.9092578351231
138554,33.9092578351231
138555,33.9092578351231
138556,33.9092578351231
138557,33.9092578351231
138558,33.9092578351231
138559,33.9092578351231
138560,33.9092578351231
138561,33.9092578351231
138562,33.9092578351231
138563,33.9092578351231
138564,33.9092578351231
138565,33.9092578351231
138566,33.9092578351231
138567,33.9092578351231
138568,33.9092578351231
138569,33.9092578351231
138570,33.9092578351231
138571,33.9092578351231
138572,33.9092578351231
138573,33.9092578351231
138574,33.9092578351231
138575,33.9092578351231
138576,33.9092578351231
138577,33.9092578351231
138578,33.9092578351231
138579,33.9092578351231
138580,33.9092578351231
138581,33.9092578351231
138582,33.9092578351231
138583,33.9092578351231
138584,33.9092578351231
138585,33.9092578351231
138586,33.9092578351231
138587,33.9092578351231
138588,33.9092578351231
138589,33.9092578351231
138590,33.9092578351231
138591,33.9092578351231
138592,33.9092578351231
138593,33.9092578351231
138594,33.9092578351231
138595,33.9092578351231
138596,33.9092578351231
138597,33.9092578351231
138598,33.9092578351231
138599,33.9092578351231
138600,33.9092578351231
138601,33.9092578351231
138602,33.9092578351231
138603,33.9092578351231
138604,33.9092578351231
138605,33.9092578351231
138606,33.9092578351231
138607,33.9092578351231
138608,33.9092578351231
138609,33.9092578351231
138610,33.9092578351231
138611,33.9092578351231
138612,33.9092578351231
138613,33.9092578351231
138614,33.9092578351231
138615,33.9092578351231
138616,33.9092578351231
138617,33.9092578351231
138618,33.9092578351231
138619,33.9092578351231
138620,33.9092578351231
138621,33.9092578351231
138622,33.9092578351231
138623,33.9092578351231
138624,33.9092578351231
138625,33.9092578351231
138626,33.9092578351231
138627,33.9092578351231
138628,33.9092578351231
138629,33.9092578351231
138630,33.9092578351231
138631,33.9092578351231
138632,33.9092578351231
138633,33.9092578351231
138634,33.9092578351231
138635,33.9092578351231
138636,33.9092578351231
138637,33.9092578351231
138638,33.9092578351231
138639,33.9092578351231
138640,33.9092578351231
138641,33.9092578351231
138642,33.9092578351231
138643,33.9092578351231
138644,33.9092578351231
138645,33.9092578351231
138646,33.9092578351231
138647,33.9092578351231
138648,33.9092578351231
138649,33.9092578351231
138650,33.9092578351231
138651,33.9092578351231
138652,33.9092578351231
138653,33.9092578351231
138654,33.9092578351231
138655,33.9092578351231
138656,33.9092578351231
138657,33.9092578351231
138658,33.9092578351231
138659,33.9092578351231
138660,33.9092578351231
138661,33.9092578351231
138662,33.9092578351231
138663,33.9092578351231
138664,33.9092578351231
138665,33.9092578351231
138666,33.9092578351231
138667,33.9092578351231
138668,33.9092578351231
138669,33.9092578351231
138670,33.9092578351231
138671,33.9092578351231
138672,33.9092578351231
138673,33.9092578351231
138674,33.9092578351231
138675,33.9092578351231
138676,33.9092578351231
138677,33.9092578351231
138678,33.9092578351231
138679,33.9092578351231
138680,33.9092578351231
138681,33.9092578351231
138682,33.9092578351231
138683,33.9092578351231
138684,33.9092578351231
138685,33.9092578351231
138686,33.9092578351231
138687,33.9092578351231
138688,33.9092578351231
138689,33.9092578351231
138690,33.9092578351231
138691,33.9092578351231
138692,33.9092578351231
138693,33.9092578351231
138694,33.9092578351231
138695,33.9092578351231
138696,33.9092578351231
138697,33.9092578351231
138698,33.9092578351231
138699,33.9092578351231
138700,33.9092578351231
138701,33.9092578351231
138702,33.9092578351231
138703,33.9092578351231
138704,33.9092578351231
138705,33.9092578351231
138706,33.9092578351231
138707,33.9092578351231
138708,33.9092578351231
138709,33.9092578351231
138710,33.9092578351231
138711,33.9092578351231
138712,33.9092578351231
138713,33.9092578351231
138714,33.9092578351231
138715,33.9092578351231
138716,33.9092578351231
138717,33.9092578351231
138718,33.9092578351231
138719,33.9092578351231
138720,33.9092578351231
138721,33.9092578351231
138722,33.9092578351231
138723,33.9092578351231
138724,33.9092578351231
138725,33.9092578351231
138726,33.9092578351231
138727,33.9092578351231
138728,33.9092578351231
138729,33.9092578351231
138730,33.9092578351231
138731,33.9092578351231
138732,33.9092578351231
138733,33.9092578351231
138734,33.9092578351231
138735,33.9092578351231
138736,33.9092578351231
138737,33.9092578351231
138738,33.9092578351231
138739,33.9092578351231
138740,33.9092578351231
138741,33.9092578351231
138742,33.9092578351231
138743,33.9092578351231
138744,33.9092578351231
138745,33.9092578351231
138746,33.9092578351231
138747,33.9092578351231
138748,33.9092578351231
138749,33.9092578351231
138750,33.9092578351231
138751,33.9092578351231
138752,33.9092578351231
138753,33.9092578351231
138754,33.9092578351231
138755,33.9092578351231
138756,33.9092578351231
138757,33.9092578351231
138758,33.9092578351231
138759,33.9092578351231
138760,33.9092578351231
138761,33.9092578351231
138762,33.9092578351231
138763,33.9092578351231
138764,33.9092578351231
138765,33.9092578351231
138766,33.9092578351231
138767,33.9092578351231
138768,33.9092578351231
138769,33.9092578351231
138770,33.9092578351231
138771,33.9092578351231
138772,33.9092578351231
138773,33.9092578351231
138774,33.9092578351231
138775,33.9092578351231
138776,33.9092578351231
138777,33.9092578351231
138778,33.9092578351231
138779,33.9092578351231
138780,33.9092578351231
138781,33.9092578351231
138782,33.9092578351231
138783,33.9092578351231
138784,33.9092578351231
138785,33.9092578351231
138786,33.9092578351231
138787,33.9092578351231
138788,33.9092578351231
138789,33.9092578351231
138790,33.9092578351231
138791,33.9092578351231
138792,33.9092578351231
138793,33.9092578351231
138794,33.9092578351231
138795,33.9092578351231
138796,33.9092578351231
138797,33.9092578351231
138798,33.9092578351231
138799,33.9092578351231
138800,33.9092578351231
138801,33.9092578351231
138802,33.9092578351231
138803,33.9092578351231
138804,33.9092578351231
138805,33.9092578351231
138806,33.9092578351231
138807,33.9092578351231
138808,33.9092578351231
138809,33.9092578351231
138810,33.9092578351231
138811,33.9092578351231
138812,33.9092578351231
138813,33.9092578351231
138814,33.9092578351231
138815,33.9092578351231
138816,33.9092578351231
138817,33.9092578351231
138818,33.9092578351231
138819,33.9092578351231
138820,33.9092578351231
138821,33.9092578351231
138822,33.9092578351231
138823,33.9092578351231
138824,33.9092578351231
138825,33.9092578351231
138826,33.9092578351231
138827,33.9092578351231
138828,33.9092578351231
138829,33.9092578351231
138830,33.9092578351231
138831,33.9092578351231
138832,33.9092578351231
138833,33.9092578351231
138834,33.9092578351231
138835,33.9092578351231
138836,33.9092578351231
138837,33.9092578351231
138838,33.9092578351231
138839,33.9092578351231
138840,33.9092578351231
138841,33.9092578351231
138842,33.9092578351231
138843,33.9092578351231
138844,33.9092578351231
138845,33.9092578351231
138846,33.9092578351231
138847,33.9092578351231
138848,33.9092578351231
138849,33.9092578351231
138850,33.9092578351231
138851,33.9092578351231
138852,33.9092578351231
138853,33.9092578351231
138854,33.9092578351231
138855,33.9092578351231
138856,33.9092578351231
138857,33.9092578351231
138858,33.9092578351231
138859,33.9092578351231
138860,33.9092578351231
138861,33.9092578351231
138862,33.9092578351231
138863,33.9092578351231
138864,33.9092578351231
138865,33.9092578351231
138866,33.9092578351231
138867,33.9092578351231
138868,33.9092578351231
138869,33.9092578351231
138870,33.9092578351231
138871,33.9092578351231
138872,33.9092578351231
138873,33.9092578351231
138874,33.9092578351231
138875,33.9092578351231
138876,33.9092578351231
138877,33.9092578351231
138878,33.9092578351231
138879,33.9092578351231
138880,33.9092578351231
138881,33.9092578351231
138882,33.9092578351231
138883,33.9092578351231
138884,33.9092578351231
138885,33.9092578351231
138886,33.9092578351231
138887,33.9092578351231
138888,33.9092578351231
138889,33.9092578351231
138890,33.9092578351231
138891,33.9092578351231
138892,33.9092578351231
138893,33.9092578351231
138894,33.9092578351231
138895,33.9092578351231
138896,33.9092578351231
138897,33.9092578351231
138898,33.9092578351231
138899,33.9092578351231
138900,33.9092578351231
138901,33.9092578351231
138902,33.9092578351231
138903,33.9092578351231
138904,33.9092578351231
138905,33.9092578351231
138906,33.9092578351231
138907,33.9092578351231
138908,33.9092578351231
138909,33.9092578351231
138910,33.9092578351231
138911,33.9092578351231
138912,33.9092578351231
138913,33.9092578351231
138914,33.9092578351231
138915,33.9092578351231
138916,33.9092578351231
138917,33.9092578351231
138918,33.9092578351231
138919,33.9092578351231
138920,33.9092578351231
138921,33.9092578351231
138922,33.9092578351231
138923,33.9092578351231
138924,33.9092578351231
138925,33.9092578351231
138926,33.9092578351231
138927,33.9092578351231
138928,33.9092578351231
138929,33.9092578351231
138930,33.9092578351231
138931,33.9092578351231
138932,33.9092578351231
138933,33.9092578351231
138934,33.9092578351231
138935,33.9092578351231
138936,33.9092578351231
138937,33.9092578351231
138938,33.9092578351231
138939,33.9092578351231
138940,33.9092578351231
138941,33.9092578351231
138942,33.9092578351231
138943,33.9092578351231
138944,33.9092578351231
138945,33.9092578351231
138946,33.9092578351231
138947,33.9092578351231
138948,33.9092578351231
138949,33.9092578351231
138950,33.9092578351231
138951,33.9092578351231
138952,33.9092578351231
138953,33.9092578351231
138954,33.9092578351231
138955,33.9092578351231
138956,33.9092578351231
138957,33.9092578351231
138958,33.9092578351231
138959,33.9092578351231
138960,33.9092578351231
138961,33.9092578351231
138962,33.9092578351231
138963,33.9092578351231
138964,33.9092578351231
138965,33.9092578351231
138966,33.9092578351231
138967,33.9092578351231
138968,33.9092578351231
138969,33.9092578351231
138970,33.9092578351231
138971,33.9092578351231
138972,33.9092578351231
138973,33.9092578351231
138974,33.9092578351231
138975,33.9092578351231
138976,33.9092578351231
138977,33.9092578351231
138978,33.9092578351231
138979,33.9092578351231
138980,33.9092578351231
138981,33.9092578351231
138982,33.9092578351231
138983,33.9092578351231
138984,33.9092578351231
138985,33.9092578351231
138986,33.9092578351231
138987,33.9092578351231
138988,33.9092578351231
138989,33.9092578351231
138990,33.9092578351231
138991,33.9092578351231
138992,33.9092578351231
138993,33.9092578351231
138994,33.9092578351231
138995,33.9092578351231
138996,33.9092578351231
138997,33.9092578351231
138998,33.9092578351231
138999,33.9092578351231
139000,33.9092578351231
139001,33.9092578351231
139002,33.9092578351231
139003,33.9092578351231
139004,33.9092578351231
139005,33.9092578351231
139006,33.9092578351231
139007,33.9092578351231
139008,33.9092578351231
139009,33.9092578351231
139010,33.9092578351231
139011,33.9092578351231
139012,33.9092578351231
139013,33.9092578351231
139014,33.9092578351231
139015,33.9092578351231
139016,33.9092578351231
139017,33.9092578351231
139018,33.9092578351231
139019,33.9092578351231
139020,33.9092578351231
139021,33.9092578351231
139022,33.9092578351231
139023,33.9092578351231
139024,33.9092578351231
139025,33.9092578351231
139026,33.9092578351231
139027,33.9092578351231
139028,33.9092578351231
139029,33.9092578351231
139030,33.9092578351231
139031,33.9092578351231
139032,33.9092578351231
139033,33.9092578351231
139034,33.9092578351231
139035,33.9092578351231
139036,33.9092578351231
139037,33.9092578351231
139038,33.9092578351231
139039,33.9092578351231
139040,33.9092578351231
139041,33.9092578351231
139042,33.9092578351231
139043,33.9092578351231
139044,33.9092578351231
139045,33.9092578351231
139046,33.9092578351231
139047,33.9092578351231
139048,33.9092578351231
139049,33.9092578351231
139050,33.9092578351231
139051,33.9092578351231
139052,33.9092578351231
139053,33.9092578351231
139054,33.9092578351231
139055,33.9092578351231
139056,33.9092578351231
139057,33.9092578351231
139058,33.9092578351231
139059,33.9092578351231
139060,33.9092578351231
139061,33.9092578351231
139062,33.9092578351231
139063,33.9092578351231
139064,33.9092578351231
139065,33.9092578351231
139066,33.9092578351231
139067,33.9092578351231
139068,33.9092578351231
139069,33.9092578351231
139070,33.9092578351231
139071,33.9092578351231
139072,33.9092578351231
139073,33.9092578351231
139074,33.9092578351231
139075,33.9092578351231
139076,33.9092578351231
139077,33.9092578351231
139078,33.9092578351231
139079,33.9092578351231
139080,33.9092578351231
139081,33.9092578351231
139082,33.9092578351231
139083,33.9092578351231
139084,33.9092578351231
139085,33.9092578351231
139086,33.9092578351231
139087,33.9092578351231
139088,33.9092578351231
139089,33.9092578351231
139090,33.9092578351231
139091,33.9092578351231
139092,33.9092578351231
139093,33.9092578351231
139094,33.9092578351231
139095,33.9092578351231
139096,33.9092578351231
139097,33.9092578351231
139098,33.9092578351231
139099,33.9092578351231
139100,33.9092578351231
139101,33.9092578351231
139102,33.9092578351231
139103,33.9092578351231
139104,33.9092578351231
139105,33.9092578351231
139106,33.9092578351231
139107,33.9092578351231
139108,33.9092578351231
139109,33.9092578351231
139110,33.9092578351231
139111,33.9092578351231
139112,33.9092578351231
139113,33.9092578351231
139114,33.9092578351231
139115,33.9092578351231
139116,33.9092578351231
139117,33.9092578351231
139118,33.9092578351231
139119,33.9092578351231
139120,33.9092578351231
139121,33.9092578351231
139122,33.9092578351231
139123,33.9092578351231
139124,33.9092578351231
139125,33.9092578351231
139126,33.9092578351231
139127,33.9092578351231
139128,33.9092578351231
139129,33.9092578351231
139130,33.9092578351231
139131,33.9092578351231
139132,33.9092578351231
139133,33.9092578351231
139134,33.9092578351231
139135,33.9092578351231
139136,33.9092578351231
139137,33.9092578351231
139138,33.9092578351231
139139,33.9092578351231
139140,33.9092578351231
139141,33.9092578351231
139142,33.9092578351231
139143,33.9092578351231
139144,33.9092578351231
139145,33.9092578351231
139146,33.9092578351231
139147,33.9092578351231
139148,33.9092578351231
139149,33.9092578351231
139150,33.9092578351231
139151,33.9092578351231
139152,33.9092578351231
139153,33.9092578351231
139154,33.9092578351231
139155,33.9092578351231
139156,33.9092578351231
139157,33.9092578351231
139158,33.9092578351231
139159,33.9092578351231
139160,33.9092578351231
139161,33.9092578351231
139162,33.9092578351231
139163,33.9092578351231
139164,33.9092578351231
139165,33.9092578351231
139166,33.9092578351231
139167,33.9092578351231
139168,33.9092578351231
139169,33.9092578351231
139170,33.9092578351231
139171,33.9092578351231
139172,33.9092578351231
139173,33.9092578351231
139174,33.9092578351231
139175,33.9092578351231
139176,33.9092578351231
139177,33.9092578351231
139178,33.9092578351231
139179,33.9092578351231
139180,33.9092578351231
139181,33.9092578351231
139182,33.9092578351231
139183,33.9092578351231
139184,33.9092578351231
139185,33.9092578351231
139186,33.9092578351231
139187,33.9092578351231
139188,33.9092578351231
139189,33.9092578351231
139190,33.9092578351231
139191,33.9092578351231
139192,33.9092578351231
139193,33.9092578351231
139194,33.9092578351231
139195,33.9092578351231
139196,33.9092578351231
139197,33.9092578351231
139198,33.9092578351231
139199,33.9092578351231
139200,33.9092578351231
139201,33.9092578351231
139202,33.9092578351231
139203,33.9092578351231
139204,33.9092578351231
139205,33.9092578351231
139206,33.9092578351231
139207,33.9092578351231
139208,33.9092578351231
139209,33.9092578351231
139210,33.9092578351231
139211,33.9092578351231
139212,33.9092578351231
139213,33.9092578351231
139214,33.9092578351231
139215,33.9092578351231
139216,33.9092578351231
139217,33.9092578351231
139218,33.9092578351231
139219,33.9092578351231
139220,33.9092578351231
139221,33.9092578351231
139222,33.9092578351231
139223,33.9092578351231
139224,33.9092578351231
139225,33.9092578351231
139226,33.9092578351231
139227,33.9092578351231
139228,33.9092578351231
139229,33.9092578351231
139230,33.9092578351231
139231,33.9092578351231
139232,33.9092578351231
139233,33.9092578351231
139234,33.9092578351231
139235,33.9092578351231
139236,33.9092578351231
139237,33.9092578351231
139238,33.9092578351231
139239,33.9092578351231
139240,33.9092578351231
139241,33.9092578351231
139242,33.9092578351231
139243,33.9092578351231
139244,33.9092578351231
139245,33.9092578351231
139246,33.9092578351231
139247,33.9092578351231
139248,33.9092578351231
139249,33.9092578351231
139250,33.9092578351231
139251,33.9092578351231
139252,33.9092578351231
139253,33.9092578351231
139254,33.9092578351231
139255,33.9092578351231
139256,33.9092578351231
139257,33.9092578351231
139258,33.9092578351231
139259,33.9092578351231
139260,33.9092578351231
139261,33.9092578351231
139262,33.9092578351231
139263,33.9092578351231
139264,33.9092578351231
139265,33.9092578351231
139266,33.9092578351231
139267,33.9092578351231
139268,33.9092578351231
139269,33.9092578351231
139270,33.9092578351231
139271,33.9092578351231
139272,33.9092578351231
139273,33.9092578351231
139274,33.9092578351231
139275,33.9092578351231
139276,33.9092578351231
139277,33.9092578351231
139278,33.9092578351231
139279,33.9092578351231
139280,33.9092578351231
139281,33.9092578351231
139282,33.9092578351231
139283,33.9092578351231
139284,33.9092578351231
139285,33.9092578351231
139286,33.9092578351231
139287,33.9092578351231
139288,33.9092578351231
139289,33.9092578351231
139290,33.9092578351231
139291,33.9092578351231
139292,33.9092578351231
139293,33.9092578351231
139294,33.9092578351231
139295,33.9092578351231
139296,33.9092578351231
139297,33.9092578351231
139298,33.9092578351231
139299,33.9092578351231
139300,33.9092578351231
139301,33.9092578351231
139302,33.9092578351231
139303,33.9092578351231
139304,33.9092578351231
139305,33.9092578351231
139306,33.9092578351231
139307,33.9092578351231
139308,33.9092578351231
139309,33.9092578351231
139310,33.9092578351231
139311,33.9092578351231
139312,33.9092578351231
139313,33.9092578351231
139314,33.9092578351231
139315,33.9092578351231
139316,33.9092578351231
139317,33.9092578351231
139318,33.9092578351231
139319,33.9092578351231
139320,33.9092578351231
139321,33.9092578351231
139322,33.9092578351231
139323,33.9092578351231
139324,33.9092578351231
139325,33.9092578351231
139326,33.9092578351231
139327,33.9092578351231
139328,33.9092578351231
139329,33.9092578351231
139330,33.9092578351231
139331,33.9092578351231
139332,33.9092578351231
139333,33.9092578351231
139334,33.9092578351231
139335,33.9092578351231
139336,33.9092578351231
139337,33.9092578351231
139338,33.9092578351231
139339,33.9092578351231
139340,33.9092578351231
139341,33.9092578351231
139342,33.9092578351231
139343,33.9092578351231
139344,33.9092578351231
139345,33.9092578351231
139346,33.9092578351231
139347,33.9092578351231
139348,33.9092578351231
139349,33.9092578351231
139350,33.9092578351231
139351,33.9092578351231
139352,33.9092578351231
139353,33.9092578351231
139354,33.9092578351231
139355,33.9092578351231
139356,33.9092578351231
139357,33.9092578351231
139358,33.9092578351231
139359,33.9092578351231
139360,33.9092578351231
139361,33.9092578351231
139362,33.9092578351231
139363,33.9092578351231
139364,33.9092578351231
139365,33.9092578351231
139366,33.9092578351231
139367,33.9092578351231
139368,33.9092578351231
139369,33.9092578351231
139370,33.9092578351231
139371,33.9092578351231
139372,33.9092578351231
139373,33.9092578351231
139374,33.9092578351231
139375,33.9092578351231
139376,33.9092578351231
139377,33.9092578351231
139378,33.9092578351231
139379,33.9092578351231
139380,33.9092578351231
139381,33.9092578351231
139382,33.9092578351231
139383,33.9092578351231
139384,33.9092578351231
139385,33.9092578351231
139386,33.9092578351231
139387,33.9092578351231
139388,33.9092578351231
139389,33.9092578351231
139390,33.9092578351231
139391,33.9092578351231
139392,33.9092578351231
139393,33.9092578351231
139394,33.9092578351231
139395,33.9092578351231
139396,33.9092578351231
139397,33.9092578351231
139398,33.9092578351231
139399,33.9092578351231
139400,33.9092578351231
139401,33.9092578351231
139402,33.9092578351231
139403,33.9092578351231
139404,33.9092578351231
139405,33.9092578351231
139406,33.9092578351231
139407,33.9092578351231
139408,33.9092578351231
139409,33.9092578351231
139410,33.9092578351231
139411,33.9092578351231
139412,33.9092578351231
139413,33.9092578351231
139414,33.9092578351231
139415,33.9092578351231
139416,33.9092578351231
139417,33.9092578351231
139418,33.9092578351231
139419,33.9092578351231
139420,33.9092578351231
139421,33.9092578351231
139422,33.9092578351231
139423,33.9092578351231
139424,33.9092578351231
139425,33.9092578351231
139426,33.9092578351231
139427,33.9092578351231
139428,33.9092578351231
139429,33.9092578351231
139430,33.9092578351231
139431,33.9092578351231
139432,33.9092578351231
139433,33.9092578351231
139434,33.9092578351231
139435,33.9092578351231
139436,33.9092578351231
139437,33.9092578351231
139438,33.9092578351231
139439,33.9092578351231
139440,33.9092578351231
139441,33.9092578351231
139442,33.9092578351231
139443,33.9092578351231
139444,33.9092578351231
139445,33.9092578351231
139446,33.9092578351231
139447,33.9092578351231
139448,33.9092578351231
139449,33.9092578351231
139450,33.9092578351231
139451,33.9092578351231
139452,33.9092578351231
139453,33.9092578351231
139454,33.9092578351231
139455,33.9092578351231
139456,33.9092578351231
139457,33.9092578351231
139458,33.9092578351231
139459,33.9092578351231
139460,33.9092578351231
139461,33.9092578351231
139462,33.9092578351231
139463,33.9092578351231
139464,33.9092578351231
139465,33.9092578351231
139466,33.9092578351231
139467,33.9092578351231
139468,33.9092578351231
139469,33.9092578351231
139470,33.9092578351231
139471,33.9092578351231
139472,33.9092578351231
139473,33.9092578351231
139474,33.9092578351231
139475,33.9092578351231
139476,33.9092578351231
139477,33.9092578351231
139478,33.9092578351231
139479,33.9092578351231
139480,33.9092578351231
139481,33.9092578351231
139482,33.9092578351231
139483,33.9092578351231
139484,33.9092578351231
139485,33.9092578351231
139486,33.9092578351231
139487,33.9092578351231
139488,33.9092578351231
139489,33.9092578351231
139490,33.9092578351231
139491,33.9092578351231
139492,33.9092578351231
139493,33.9092578351231
139494,33.9092578351231
139495,33.9092578351231
139496,33.9092578351231
139497,33.9092578351231
139498,33.9092578351231
139499,33.9092578351231
139500,33.9092578351231
139501,33.9092578351231
139502,33.9092578351231
139503,33.9092578351231
139504,33.9092578351231
139505,33.9092578351231
139506,33.9092578351231
139507,33.9092578351231
139508,33.9092578351231
139509,33.9092578351231
139510,33.9092578351231
139511,33.9092578351231
139512,33.9092578351231
139513,33.9092578351231
139514,33.9092578351231
139515,33.9092578351231
139516,33.9092578351231
139517,33.9092578351231
139518,33.9092578351231
139519,33.9092578351231
139520,33.9092578351231
139521,33.9092578351231
139522,33.9092578351231
139523,33.9092578351231
139524,33.9092578351231
139525,33.9092578351231
139526,33.9092578351231
139527,33.9092578351231
139528,33.9092578351231
139529,33.9092578351231
139530,33.9092578351231
139531,33.9092578351231
139532,33.9092578351231
139533,33.9092578351231
139534,33.9092578351231
139535,33.9092578351231
139536,33.9092578351231
139537,33.9092578351231
139538,33.9092578351231
139539,33.9092578351231
139540,33.9092578351231
139541,33.9092578351231
139542,33.9092578351231
139543,33.9092578351231
139544,33.9092578351231
139545,33.9092578351231
139546,33.9092578351231
139547,33.9092578351231
139548,33.9092578351231
139549,33.9092578351231
139550,33.9092578351231
139551,33.9092578351231
139552,33.9092578351231
139553,33.9092578351231
139554,33.9092578351231
139555,33.9092578351231
139556,33.9092578351231
139557,33.9092578351231
139558,33.9092578351231
139559,33.9092578351231
139560,33.9092578351231
139561,33.9092578351231
139562,33.9092578351231
139563,33.9092578351231
139564,33.9092578351231
139565,33.9092578351231
139566,33.9092578351231
139567,33.9092578351231
139568,33.9092578351231
139569,33.9092578351231
139570,33.9092578351231
139571,33.9092578351231
139572,33.9092578351231
139573,33.9092578351231
139574,33.9092578351231
139575,33.9092578351231
139576,33.9092578351231
139577,33.9092578351231
139578,33.9092578351231
139579,33.9092578351231
139580,33.9092578351231
139581,33.9092578351231
139582,33.9092578351231
139583,33.9092578351231
139584,33.9092578351231
139585,33.9092578351231
139586,33.9092578351231
139587,33.9092578351231
139588,33.9092578351231
139589,33.9092578351231
139590,33.9092578351231
139591,33.9092578351231
139592,33.9092578351231
139593,33.9092578351231
139594,33.9092578351231
139595,33.9092578351231
139596,33.9092578351231
139597,33.9092578351231
139598,33.9092578351231
139599,33.9092578351231
139600,33.9092578351231
139601,33.9092578351231
139602,33.9092578351231
139603,33.9092578351231
139604,33.9092578351231
139605,33.9092578351231
139606,33.9092578351231
139607,33.9092578351231
139608,33.9092578351231
139609,33.9092578351231
139610,33.9092578351231
139611,33.9092578351231
139612,33.9092578351231
139613,33.9092578351231
139614,33.9092578351231
139615,33.9092578351231
139616,33.9092578351231
139617,33.9092578351231
139618,33.9092578351231
139619,33.9092578351231
139620,33.9092578351231
139621,33.9092578351231
139622,33.9092578351231
139623,33.9092578351231
139624,33.9092578351231
139625,33.9092578351231
139626,33.9092578351231
139627,33.9092578351231
139628,33.9092578351231
139629,33.9092578351231
139630,33.9092578351231
139631,33.9092578351231
139632,33.9092578351231
139633,33.9092578351231
139634,33.9092578351231
139635,33.9092578351231
139636,33.9092578351231
139637,33.9092578351231
139638,33.9092578351231
139639,33.9092578351231
139640,33.9092578351231
139641,33.9092578351231
139642,33.9092578351231
139643,33.9092578351231
139644,33.9092578351231
139645,33.9092578351231
139646,33.9092578351231
139647,33.9092578351231
139648,33.9092578351231
139649,33.9092578351231
139650,33.9092578351231
139651,33.9092578351231
139652,33.9092578351231
139653,33.9092578351231
139654,33.9092578351231
139655,33.9092578351231
139656,33.9092578351231
139657,33.9092578351231
139658,33.9092578351231
139659,33.9092578351231
139660,33.9092578351231
139661,33.9092578351231
139662,33.9092578351231
139663,33.9092578351231
139664,33.9092578351231
139665,33.9092578351231
139666,33.9092578351231
139667,33.9092578351231
139668,33.9092578351231
139669,33.9092578351231
139670,33.9092578351231
139671,33.9092578351231
139672,33.9092578351231
139673,33.9092578351231
139674,33.9092578351231
139675,33.9092578351231
139676,33.9092578351231
139677,33.9092578351231
139678,33.9092578351231
139679,33.9092578351231
139680,33.9092578351231
139681,33.9092578351231
139682,33.9092578351231
139683,33.9092578351231
139684,33.9092578351231
139685,33.9092578351231
139686,33.9092578351231
139687,33.9092578351231
139688,33.9092578351231
139689,33.9092578351231
139690,33.9092578351231
139691,33.9092578351231
139692,33.9092578351231
139693,33.9092578351231
139694,33.9092578351231
139695,33.9092578351231
139696,33.9092578351231
139697,33.9092578351231
139698,33.9092578351231
139699,33.9092578351231
139700,33.9092578351231
139701,33.9092578351231
139702,33.9092578351231
139703,33.9092578351231
139704,33.9092578351231
139705,33.9092578351231
139706,33.9092578351231
139707,33.9092578351231
139708,33.9092578351231
139709,33.9092578351231
139710,33.9092578351231
139711,33.9092578351231
139712,33.9092578351231
139713,33.9092578351231
139714,33.9092578351231
139715,33.9092578351231
139716,33.9092578351231
139717,33.9092578351231
139718,33.9092578351231
139719,33.9092578351231
139720,33.9092578351231
139721,33.9092578351231
139722,33.9092578351231
139723,33.9092578351231
139724,33.9092578351231
139725,33.9092578351231
139726,33.9092578351231
139727,33.9092578351231
139728,33.9092578351231
139729,33.9092578351231
139730,33.9092578351231
139731,33.9092578351231
139732,33.9092578351231
139733,33.9092578351231
139734,33.9092578351231
139735,33.9092578351231
139736,33.9092578351231
139737,33.9092578351231
139738,33.9092578351231
139739,33.9092578351231
139740,33.9092578351231
139741,33.9092578351231
139742,33.9092578351231
139743,33.9092578351231
139744,33.9092578351231
139745,33.9092578351231
139746,33.9092578351231
139747,33.9092578351231
139748,33.9092578351231
139749,33.9092578351231
139750,33.9092578351231
139751,33.9092578351231
139752,33.9092578351231
139753,33.9092578351231
139754,33.9092578351231
139755,33.9092578351231
139756,33.9092578351231
139757,33.9092578351231
139758,33.9092578351231
139759,33.9092578351231
139760,33.9092578351231
139761,33.9092578351231
139762,33.9092578351231
139763,33.9092578351231
139764,33.9092578351231
139765,33.9092578351231
139766,33.9092578351231
139767,33.9092578351231
139768,33.9092578351231
139769,33.9092578351231
139770,33.9092578351231
139771,33.9092578351231
139772,33.9092578351231
139773,33.9092578351231
139774,33.9092578351231
139775,33.9092578351231
139776,33.9092578351231
139777,33.9092578351231
139778,33.9092578351231
139779,33.9092578351231
139780,33.9092578351231
139781,33.9092578351231
139782,33.9092578351231
139783,33.9092578351231
139784,33.9092578351231
139785,33.9092578351231
139786,33.9092578351231
139787,33.9092578351231
139788,33.9092578351231
139789,33.9092578351231
139790,33.9092578351231
139791,33.9092578351231
139792,33.9092578351231
139793,33.9092578351231
139794,33.9092578351231
139795,33.9092578351231
139796,33.9092578351231
139797,33.9092578351231
139798,33.9092578351231
139799,33.9092578351231
139800,33.9092578351231
139801,33.9092578351231
139802,33.9092578351231
139803,33.9092578351231
139804,33.9092578351231
139805,33.9092578351231
139806,33.9092578351231
139807,33.9092578351231
139808,33.9092578351231
139809,33.9092578351231
139810,33.9092578351231
139811,33.9092578351231
139812,33.9092578351231
139813,33.9092578351231
139814,33.9092578351231
139815,33.9092578351231
139816,33.9092578351231
139817,33.9092578351231
139818,33.9092578351231
139819,33.9092578351231
139820,33.9092578351231
139821,33.9092578351231
139822,33.9092578351231
139823,33.9092578351231
139824,33.9092578351231
139825,33.9092578351231
139826,33.9092578351231
139827,33.9092578351231
139828,33.9092578351231
139829,33.9092578351231
139830,33.9092578351231
139831,33.9092578351231
139832,33.9092578351231
139833,33.9092578351231
139834,33.9092578351231
139835,33.9092578351231
139836,33.9092578351231
139837,33.9092578351231
139838,33.9092578351231
139839,33.9092578351231
139840,33.9092578351231
139841,33.9092578351231
139842,33.9092578351231
139843,33.9092578351231
139844,33.9092578351231
139845,33.9092578351231
139846,33.9092578351231
139847,33.9092578351231
139848,33.9092578351231
139849,33.9092578351231
139850,33.9092578351231
139851,33.9092578351231
139852,33.9092578351231
139853,33.9092578351231
139854,33.9092578351231
139855,33.9092578351231
139856,33.9092578351231
139857,33.9092578351231
139858,33.9092578351231
139859,33.9092578351231
139860,33.9092578351231
139861,33.9092578351231
139862,33.9092578351231
139863,33.9092578351231
139864,33.9092578351231
139865,33.9092578351231
139866,33.9092578351231
139867,33.9092578351231
139868,33.9092578351231
139869,33.9092578351231
139870,33.9092578351231
139871,33.9092578351231
139872,33.9092578351231
139873,33.9092578351231
139874,33.9092578351231
139875,33.9092578351231
139876,33.9092578351231
139877,33.9092578351231
139878,33.9092578351231
139879,33.9092578351231
139880,33.9092578351231
139881,33.9092578351231
139882,33.9092578351231
139883,33.9092578351231
139884,33.9092578351231
139885,33.9092578351231
139886,33.9092578351231
139887,33.9092578351231
139888,33.9092578351231
139889,33.9092578351231
139890,33.9092578351231
139891,33.9092578351231
139892,33.9092578351231
139893,33.9092578351231
139894,33.9092578351231
139895,33.9092578351231
139896,33.9092578351231
139897,33.9092578351231
139898,33.9092578351231
139899,33.9092578351231
139900,33.9092578351231
139901,33.9092578351231
139902,33.9092578351231
139903,33.9092578351231
139904,33.9092578351231
139905,33.9092578351231
139906,33.9092578351231
139907,33.9092578351231
139908,33.9092578351231
139909,33.9092578351231
139910,33.9092578351231
139911,33.9092578351231
139912,33.9092578351231
139913,33.9092578351231
139914,33.9092578351231
139915,33.9092578351231
139916,33.9092578351231
139917,33.9092578351231
139918,33.9092578351231
139919,33.9092578351231
139920,33.9092578351231
139921,33.9092578351231
139922,33.9092578351231
139923,33.9092578351231
139924,33.9092578351231
139925,33.9092578351231
139926,33.9092578351231
139927,33.9092578351231
139928,33.9092578351231
139929,33.9092578351231
139930,33.9092578351231
139931,33.9092578351231
139932,33.9092578351231
139933,33.9092578351231
139934,33.9092578351231
139935,33.9092578351231
139936,33.9092578351231
139937,33.9092578351231
139938,33.9092578351231
139939,33.9092578351231
139940,33.9092578351231
139941,33.9092578351231
139942,33.9092578351231
139943,33.9092578351231
139944,33.9092578351231
139945,33.9092578351231
139946,33.9092578351231
139947,33.9092578351231
139948,33.9092578351231
139949,33.9092578351231
139950,33.9092578351231
139951,33.9092578351231
139952,33.9092578351231
139953,33.9092578351231
139954,33.9092578351231
139955,33.9092578351231
139956,33.9092578351231
139957,33.9092578351231
139958,33.9092578351231
139959,33.9092578351231
139960,33.9092578351231
139961,33.9092578351231
139962,33.9092578351231
139963,33.9092578351231
139964,33.9092578351231
139965,33.9092578351231
139966,33.9092578351231
139967,33.9092578351231
139968,33.9092578351231
139969,33.9092578351231
139970,33.9092578351231
139971,33.9092578351231
139972,33.9092578351231
139973,33.9092578351231
139974,33.9092578351231
139975,33.9092578351231
139976,33.9092578351231
139977,33.9092578351231
139978,33.9092578351231
139979,33.9092578351231
139980,33.9092578351231
139981,33.9092578351231
139982,33.9092578351231
139983,33.9092578351231
139984,33.9092578351231
139985,33.9092578351231
139986,33.9092578351231
139987,33.9092578351231
139988,33.9092578351231
139989,33.9092578351231
139990,33.9092578351231
139991,33.9092578351231
139992,33.9092578351231
139993,33.9092578351231
139994,33.9092578351231
139995,33.9092578351231
139996,33.9092578351231
139997,33.9092578351231
139998,33.9092578351231
139999,33.9092578351231
140000,33.9092578351231
140001,33.9092578351231
140002,33.9092578351231
140003,33.9092578351231
140004,33.9092578351231
140005,33.9092578351231
140006,33.9092578351231
140007,33.9092578351231
140008,33.9092578351231
140009,33.9092578351231
140010,33.9092578351231
140011,33.9092578351231
140012,33.9092578351231
140013,33.9092578351231
140014,33.9092578351231
140015,33.9092578351231
140016,33.9092578351231
140017,33.9092578351231
140018,33.9092578351231
140019,33.9092578351231
140020,33.9092578351231
140021,33.9092578351231
140022,33.9092578351231
140023,33.9092578351231
140024,33.9092578351231
140025,33.9092578351231
140026,33.9092578351231
140027,33.9092578351231
140028,33.9092578351231
140029,33.9092578351231
140030,33.9092578351231
140031,33.9092578351231
140032,33.9092578351231
140033,33.9092578351231
140034,33.9092578351231
140035,33.9092578351231
140036,33.9092578351231
140037,33.9092578351231
140038,33.9092578351231
140039,33.9092578351231
140040,33.9092578351231
140041,33.9092578351231
140042,33.9092578351231
140043,33.9092578351231
140044,33.9092578351231
140045,33.9092578351231
140046,33.9092578351231
140047,33.9092578351231
140048,33.9092578351231
140049,33.9092578351231
140050,33.9092578351231
140051,33.9092578351231
140052,33.9092578351231
140053,33.9092578351231
140054,33.9092578351231
140055,33.9092578351231
140056,33.9092578351231
140057,33.9092578351231
140058,33.9092578351231
140059,33.9092578351231
140060,33.9092578351231
140061,33.9092578351231
140062,33.9092578351231
140063,33.9092578351231
140064,33.9092578351231
140065,33.9092578351231
140066,33.9092578351231
140067,33.9092578351231
140068,33.9092578351231
140069,33.9092578351231
140070,33.9092578351231
140071,33.9092578351231
140072,33.9092578351231
140073,33.9092578351231
140074,33.9092578351231
140075,33.9092578351231
140076,33.9092578351231
140077,33.9092578351231
140078,33.9092578351231
140079,33.9092578351231
140080,33.9092578351231
140081,33.9092578351231
140082,33.9092578351231
140083,33.9092578351231
140084,33.9092578351231
140085,33.9092578351231
140086,33.9092578351231
140087,33.9092578351231
140088,33.9092578351231
140089,33.9092578351231
140090,33.9092578351231
140091,33.9092578351231
140092,33.9092578351231
140093,33.9092578351231
140094,33.9092578351231
140095,33.9092578351231
140096,33.9092578351231
140097,33.9092578351231
140098,33.9092578351231
140099,33.9092578351231
140100,33.9092578351231
140101,33.9092578351231
140102,33.9092578351231
140103,33.9092578351231
140104,33.9092578351231
140105,33.9092578351231
140106,33.9092578351231
140107,33.9092578351231
140108,33.9092578351231
140109,33.9092578351231
140110,33.9092578351231
140111,33.9092578351231
140112,33.9092578351231
140113,33.9092578351231
140114,33.9092578351231
140115,33.9092578351231
140116,33.9092578351231
140117,33.9092578351231
140118,33.9092578351231
140119,33.9092578351231
140120,33.9092578351231
140121,33.9092578351231
140122,33.9092578351231
140123,33.9092578351231
140124,33.9092578351231
140125,33.9092578351231
140126,33.9092578351231
140127,33.9092578351231
140128,33.9092578351231
140129,33.9092578351231
140130,33.9092578351231
140131,33.9092578351231
140132,33.9092578351231
140133,33.9092578351231
140134,33.9092578351231
140135,33.9092578351231
140136,33.9092578351231
140137,33.9092578351231
140138,33.9092578351231
140139,33.9092578351231
140140,33.9092578351231
140141,33.9092578351231
140142,33.9092578351231
140143,33.9092578351231
140144,33.9092578351231
140145,33.9092578351231
140146,33.9092578351231
140147,33.9092578351231
140148,33.9092578351231
140149,33.9092578351231
140150,33.9092578351231
140151,33.9092578351231
140152,33.9092578351231
140153,33.9092578351231
140154,33.9092578351231
140155,33.9092578351231
140156,33.9092578351231
140157,33.9092578351231
140158,33.9092578351231
140159,33.9092578351231
140160,33.9092578351231
140161,33.9092578351231
140162,33.9092578351231
140163,33.9092578351231
140164,33.9092578351231
140165,33.9092578351231
140166,33.9092578351231
140167,33.9092578351231
140168,33.9092578351231
140169,33.9092578351231
140170,33.9092578351231
140171,33.9092578351231
140172,33.9092578351231
140173,33.9092578351231
140174,33.9092578351231
140175,33.9092578351231
140176,33.9092578351231
140177,33.9092578351231
140178,33.9092578351231
140179,33.9092578351231
140180,33.9092578351231
140181,33.9092578351231
140182,33.9092578351231
140183,33.9092578351231
140184,33.9092578351231
140185,33.9092578351231
140186,33.9092578351231
140187,33.9092578351231
140188,33.9092578351231
140189,33.9092578351231
140190,33.9092578351231
140191,33.9092578351231
140192,33.9092578351231
140193,33.9092578351231
140194,33.9092578351231
140195,33.9092578351231
140196,33.9092578351231
140197,33.9092578351231
140198,33.9092578351231
140199,33.9092578351231
140200,33.9092578351231
140201,33.9092578351231
140202,33.9092578351231
140203,33.9092578351231
140204,33.9092578351231
140205,33.9092578351231
140206,33.9092578351231
140207,33.9092578351231
140208,33.9092578351231
140209,33.9092578351231
140210,33.9092578351231
140211,33.9092578351231
140212,33.9092578351231
140213,33.9092578351231
140214,33.9092578351231
140215,33.9092578351231
140216,33.9092578351231
140217,33.9092578351231
140218,33.9092578351231
140219,33.9092578351231
140220,33.9092578351231
140221,33.9092578351231
140222,33.9092578351231
140223,33.9092578351231
140224,33.9092578351231
140225,33.9092578351231
140226,33.9092578351231
140227,33.9092578351231
140228,33.9092578351231
140229,33.9092578351231
140230,33.9092578351231
140231,33.9092578351231
140232,33.9092578351231
140233,33.9092578351231
140234,33.9092578351231
140235,33.9092578351231
140236,33.9092578351231
140237,33.9092578351231
140238,33.9092578351231
140239,33.9092578351231
140240,33.9092578351231
140241,33.9092578351231
140242,33.9092578351231
140243,33.9092578351231
140244,33.9092578351231
140245,33.9092578351231
140246,33.9092578351231
140247,33.9092578351231
140248,33.9092578351231
140249,33.9092578351231
140250,33.9092578351231
140251,33.9092578351231
140252,33.9092578351231
140253,33.9092578351231
140254,33.9092578351231
140255,33.9092578351231
140256,33.9092578351231
140257,33.9092578351231
140258,33.9092578351231
140259,33.9092578351231
140260,33.9092578351231
140261,33.9092578351231
140262,33.9092578351231
140263,33.9092578351231
140264,33.9092578351231
140265,33.9092578351231
140266,33.9092578351231
140267,33.9092578351231
140268,33.9092578351231
140269,33.9092578351231
140270,33.9092578351231
140271,33.9092578351231
140272,33.9092578351231
140273,33.9092578351231
140274,33.9092578351231
140275,33.9092578351231
140276,33.9092578351231
140277,33.9092578351231
140278,33.9092578351231
140279,33.9092578351231
140280,33.9092578351231
140281,33.9092578351231
140282,33.9092578351231
140283,33.9092578351231
140284,33.9092578351231
140285,33.9092578351231
140286,33.9092578351231
140287,33.9092578351231
140288,33.9092578351231
140289,33.9092578351231
140290,33.9092578351231
140291,33.9092578351231
140292,33.9092578351231
140293,33.9092578351231
140294,33.9092578351231
140295,33.9092578351231
140296,33.9092578351231
140297,33.9092578351231
140298,33.9092578351231
140299,33.9092578351231
140300,33.9092578351231
140301,33.9092578351231
140302,33.9092578351231
140303,33.9092578351231
140304,33.9092578351231
140305,33.9092578351231
140306,33.9092578351231
140307,33.9092578351231
140308,33.9092578351231
140309,33.9092578351231
140310,33.9092578351231
140311,33.9092578351231
140312,33.9092578351231
140313,33.9092578351231
140314,33.9092578351231
140315,33.9092578351231
140316,33.9092578351231
140317,33.9092578351231
140318,33.9092578351231
140319,33.9092578351231
140320,33.9092578351231
140321,33.9092578351231
140322,33.9092578351231
140323,33.9092578351231
140324,33.9092578351231
140325,33.9092578351231
140326,33.9092578351231
140327,33.9092578351231
140328,33.9092578351231
140329,33.9092578351231
140330,33.9092578351231
140331,33.9092578351231
140332,33.9092578351231
140333,33.9092578351231
140334,33.9092578351231
140335,33.9092578351231
140336,33.9092578351231
140337,33.9092578351231
140338,33.9092578351231
140339,33.9092578351231
140340,33.9092578351231
140341,33.9092578351231
140342,33.9092578351231
140343,33.9092578351231
140344,33.9092578351231
140345,33.9092578351231
140346,33.9092578351231
140347,33.9092578351231
140348,33.9092578351231
140349,33.9092578351231
140350,33.9092578351231
140351,33.9092578351231
140352,33.9092578351231
140353,33.9092578351231
140354,33.9092578351231
140355,33.9092578351231
140356,33.9092578351231
140357,33.9092578351231
140358,33.9092578351231
140359,33.9092578351231
140360,33.9092578351231
140361,33.9092578351231
140362,33.9092578351231
140363,33.9092578351231
140364,33.9092578351231
140365,33.9092578351231
140366,33.9092578351231
140367,33.9092578351231
140368,33.9092578351231
140369,33.9092578351231
140370,33.9092578351231
140371,33.9092578351231
140372,33.9092578351231
140373,33.9092578351231
140374,33.9092578351231
140375,33.9092578351231
140376,33.9092578351231
140377,33.9092578351231
140378,33.9092578351231
140379,33.9092578351231
140380,33.9092578351231
140381,33.9092578351231
140382,33.9092578351231
140383,33.9092578351231
140384,33.9092578351231
140385,33.9092578351231
140386,33.9092578351231
140387,33.9092578351231
140388,33.9092578351231
140389,33.9092578351231
140390,33.9092578351231
140391,33.9092578351231
140392,33.9092578351231
140393,33.9092578351231
140394,33.9092578351231
140395,33.9092578351231
140396,33.9092578351231
140397,33.9092578351231
140398,33.9092578351231
140399,33.9092578351231
140400,33.9092578351231
140401,33.9092578351231
140402,33.9092578351231
140403,33.9092578351231
140404,33.9092578351231
140405,33.9092578351231
140406,33.9092578351231
140407,33.9092578351231
140408,33.9092578351231
140409,33.9092578351231
140410,33.9092578351231
140411,33.9092578351231
140412,33.9092578351231
140413,33.9092578351231
140414,33.9092578351231
140415,33.9092578351231
140416,33.9092578351231
140417,33.9092578351231
140418,33.9092578351231
140419,33.9092578351231
140420,33.9092578351231
140421,33.9092578351231
140422,33.9092578351231
140423,33.9092578351231
140424,33.9092578351231
140425,33.9092578351231
140426,33.9092578351231
140427,33.9092578351231
140428,33.9092578351231
140429,33.9092578351231
140430,33.9092578351231
140431,33.9092578351231
140432,33.9092578351231
140433,33.9092578351231
140434,33.9092578351231
140435,33.9092578351231
140436,33.9092578351231
140437,33.9092578351231
140438,33.9092578351231
140439,33.9092578351231
140440,33.9092578351231
140441,33.9092578351231
140442,33.9092578351231
140443,33.9092578351231
140444,33.9092578351231
140445,33.9092578351231
140446,33.9092578351231
140447,33.9092578351231
140448,33.9092578351231
140449,33.9092578351231
140450,33.9092578351231
140451,33.9092578351231
140452,33.9092578351231
140453,33.9092578351231
140454,33.9092578351231
140455,33.9092578351231
140456,33.9092578351231
140457,33.9092578351231
140458,33.9092578351231
140459,33.9092578351231
140460,33.9092578351231
140461,33.9092578351231
140462,33.9092578351231
140463,33.9092578351231
140464,33.9092578351231
140465,33.9092578351231
140466,33.9092578351231
140467,33.9092578351231
140468,33.9092578351231
140469,33.9092578351231
140470,33.9092578351231
140471,33.9092578351231
140472,33.9092578351231
140473,33.9092578351231
140474,33.9092578351231
140475,33.9092578351231
140476,33.9092578351231
140477,33.9092578351231
140478,33.9092578351231
140479,33.9092578351231
140480,33.9092578351231
140481,33.9092578351231
140482,33.9092578351231
140483,33.9092578351231
140484,33.9092578351231
140485,33.9092578351231
140486,33.9092578351231
140487,33.9092578351231
140488,33.9092578351231
140489,33.9092578351231
140490,33.9092578351231
140491,33.9092578351231
140492,33.9092578351231
140493,33.9092578351231
140494,33.9092578351231
140495,33.9092578351231
140496,33.9092578351231
140497,33.9092578351231
140498,33.9092578351231
140499,33.9092578351231
140500,33.9092578351231
140501,33.9092578351231
140502,33.9092578351231
140503,33.9092578351231
140504,33.9092578351231
140505,33.9092578351231
140506,33.9092578351231
140507,33.9092578351231
140508,33.9092578351231
140509,33.9092578351231
140510,33.9092578351231
140511,33.9092578351231
140512,33.9092578351231
140513,33.9092578351231
140514,33.9092578351231
140515,33.9092578351231
140516,33.9092578351231
140517,33.9092578351231
140518,33.9092578351231
140519,33.9092578351231
140520,33.9092578351231
140521,33.9092578351231
140522,33.9092578351231
140523,33.9092578351231
140524,33.9092578351231
140525,33.9092578351231
140526,33.9092578351231
140527,33.9092578351231
140528,33.9092578351231
140529,33.9092578351231
140530,33.9092578351231
140531,33.9092578351231
140532,33.9092578351231
140533,33.9092578351231
140534,33.9092578351231
140535,33.9092578351231
140536,33.9092578351231
140537,33.9092578351231
140538,33.9092578351231
140539,33.9092578351231
140540,33.9092578351231
140541,33.9092578351231
140542,33.9092578351231
140543,33.9092578351231
140544,33.9092578351231
140545,33.9092578351231
140546,33.9092578351231
140547,33.9092578351231
140548,33.9092578351231
140549,33.9092578351231
140550,33.9092578351231
140551,33.9092578351231
140552,33.9092578351231
140553,33.9092578351231
140554,33.9092578351231
140555,33.9092578351231
140556,33.9092578351231
140557,33.9092578351231
140558,33.9092578351231
140559,33.9092578351231
140560,33.9092578351231
140561,33.9092578351231
140562,33.9092578351231
140563,33.9092578351231
140564,33.9092578351231
140565,33.9092578351231
140566,33.9092578351231
140567,33.9092578351231
140568,33.9092578351231
140569,33.9092578351231
140570,33.9092578351231
140571,33.9092578351231
140572,33.9092578351231
140573,33.9092578351231
140574,33.9092578351231
140575,33.9092578351231
140576,33.9092578351231
140577,33.9092578351231
140578,33.9092578351231
140579,33.9092578351231
140580,33.9092578351231
140581,33.9092578351231
140582,33.9092578351231
140583,33.9092578351231
140584,33.9092578351231
140585,33.9092578351231
140586,33.9092578351231
140587,33.9092578351231
140588,33.9092578351231
140589,33.9092578351231
140590,33.9092578351231
140591,33.9092578351231
140592,33.9092578351231
140593,33.9092578351231
140594,33.9092578351231
140595,33.9092578351231
140596,33.9092578351231
140597,33.9092578351231
140598,33.9092578351231
140599,33.9092578351231
140600,33.9092578351231
140601,33.9092578351231
140602,33.9092578351231
140603,33.9092578351231
140604,33.9092578351231
140605,33.9092578351231
140606,33.9092578351231
140607,33.9092578351231
140608,33.9092578351231
140609,33.9092578351231
140610,33.9092578351231
140611,33.9092578351231
140612,33.9092578351231
140613,33.9092578351231
140614,33.9092578351231
140615,33.9092578351231
140616,33.9092578351231
140617,33.9092578351231
140618,33.9092578351231
140619,33.9092578351231
140620,33.9092578351231
140621,33.9092578351231
140622,33.9092578351231
140623,33.9092578351231
140624,33.9092578351231
140625,33.9092578351231
140626,33.9092578351231
140627,33.9092578351231
140628,33.9092578351231
140629,33.9092578351231
140630,33.9092578351231
140631,33.9092578351231
140632,33.9092578351231
140633,33.9092578351231
140634,33.9092578351231
140635,33.9092578351231
140636,33.9092578351231
140637,33.9092578351231
140638,33.9092578351231
140639,33.9092578351231
140640,33.9092578351231
140641,33.9092578351231
140642,33.9092578351231
140643,33.9092578351231
140644,33.9092578351231
140645,33.9092578351231
140646,33.9092578351231
140647,33.9092578351231
140648,33.9092578351231
140649,33.9092578351231
140650,33.9092578351231
140651,33.9092578351231
140652,33.9092578351231
140653,33.9092578351231
140654,33.9092578351231
140655,33.9092578351231
140656,33.9092578351231
140657,33.9092578351231
140658,33.9092578351231
140659,33.9092578351231
140660,33.9092578351231
140661,33.9092578351231
140662,33.9092578351231
140663,33.9092578351231
140664,33.9092578351231
140665,33.9092578351231
140666,33.9092578351231
140667,33.9092578351231
140668,33.9092578351231
140669,33.9092578351231
140670,33.9092578351231
140671,33.9092578351231
140672,33.9092578351231
140673,33.9092578351231
140674,33.9092578351231
140675,33.9092578351231
140676,33.9092578351231
140677,33.9092578351231
140678,33.9092578351231
140679,33.9092578351231
140680,33.9092578351231
140681,33.9092578351231
140682,33.9092578351231
140683,33.9092578351231
140684,33.9092578351231
140685,33.9092578351231
140686,33.9092578351231
140687,33.9092578351231
140688,33.9092578351231
140689,33.9092578351231
140690,33.9092578351231
140691,33.9092578351231
140692,33.9092578351231
140693,33.9092578351231
140694,33.9092578351231
140695,33.9092578351231
140696,33.9092578351231
140697,33.9092578351231
140698,33.9092578351231
140699,33.9092578351231
140700,33.9092578351231
140701,33.9092578351231
140702,33.9092578351231
140703,33.9092578351231
140704,33.9092578351231
140705,33.9092578351231
140706,33.9092578351231
140707,33.9092578351231
140708,33.9092578351231
140709,33.9092578351231
140710,33.9092578351231
140711,33.9092578351231
140712,33.9092578351231
140713,33.9092578351231
140714,33.9092578351231
140715,33.9092578351231
140716,33.9092578351231
140717,33.9092578351231
140718,33.9092578351231
140719,33.9092578351231
140720,33.9092578351231
140721,33.9092578351231
140722,33.9092578351231
140723,33.9092578351231
140724,33.9092578351231
140725,33.9092578351231
140726,33.9092578351231
140727,33.9092578351231
140728,33.9092578351231
140729,33.9092578351231
140730,33.9092578351231
140731,33.9092578351231
140732,33.9092578351231
140733,33.9092578351231
140734,33.9092578351231
140735,33.9092578351231
140736,33.9092578351231
140737,33.9092578351231
140738,33.9092578351231
140739,33.9092578351231
140740,33.9092578351231
140741,33.9092578351231
140742,33.9092578351231
140743,33.9092578351231
140744,33.9092578351231
140745,33.9092578351231
140746,33.9092578351231
140747,33.9092578351231
140748,33.9092578351231
140749,33.9092578351231
140750,33.9092578351231
140751,33.9092578351231
140752,33.9092578351231
140753,33.9092578351231
140754,33.9092578351231
140755,33.9092578351231
140756,33.9092578351231
140757,33.9092578351231
140758,33.9092578351231
140759,33.9092578351231
140760,33.9092578351231
140761,33.9092578351231
140762,33.9092578351231
140763,33.9092578351231
140764,33.9092578351231
140765,33.9092578351231
140766,33.9092578351231
140767,33.9092578351231
140768,33.9092578351231
140769,33.9092578351231
140770,33.9092578351231
140771,33.9092578351231
140772,33.9092578351231
140773,33.9092578351231
140774,33.9092578351231
140775,33.9092578351231
140776,33.9092578351231
140777,33.9092578351231
140778,33.9092578351231
140779,33.9092578351231
140780,33.9092578351231
140781,33.9092578351231
140782,33.9092578351231
140783,33.9092578351231
140784,33.9092578351231
140785,33.9092578351231
140786,33.9092578351231
140787,33.9092578351231
140788,33.9092578351231
140789,33.9092578351231
140790,33.9092578351231
140791,33.9092578351231
140792,33.9092578351231
140793,33.9092578351231
140794,33.9092578351231
140795,33.9092578351231
140796,33.9092578351231
140797,33.9092578351231
140798,33.9092578351231
140799,33.9092578351231
140800,33.9092578351231
140801,33.9092578351231
140802,33.9092578351231
140803,33.9092578351231
140804,33.9092578351231
140805,33.9092578351231
140806,33.9092578351231
140807,33.9092578351231
140808,33.9092578351231
140809,33.9092578351231
140810,33.9092578351231
140811,33.9092578351231
140812,33.9092578351231
140813,33.9092578351231
140814,33.9092578351231
140815,33.9092578351231
140816,33.9092578351231
140817,33.9092578351231
140818,33.9092578351231
140819,33.9092578351231
140820,33.9092578351231
140821,33.9092578351231
140822,33.9092578351231
140823,33.9092578351231
140824,33.9092578351231
140825,33.9092578351231
140826,33.9092578351231
140827,33.9092578351231
140828,33.9092578351231
140829,33.9092578351231
140830,33.9092578351231
140831,33.9092578351231
140832,33.9092578351231
140833,33.9092578351231
140834,33.9092578351231
140835,33.9092578351231
140836,33.9092578351231
140837,33.9092578351231
140838,33.9092578351231
140839,33.9092578351231
140840,33.9092578351231
140841,33.9092578351231
140842,33.9092578351231
140843,33.9092578351231
140844,33.9092578351231
140845,33.9092578351231
140846,33.9092578351231
140847,33.9092578351231
140848,33.9092578351231
140849,33.9092578351231
140850,33.9092578351231
140851,33.9092578351231
140852,33.9092578351231
140853,33.9092578351231
140854,33.9092578351231
140855,33.9092578351231
140856,33.9092578351231
140857,33.9092578351231
140858,33.9092578351231
140859,33.9092578351231
140860,33.9092578351231
140861,33.9092578351231
140862,33.9092578351231
140863,33.9092578351231
140864,33.9092578351231
140865,33.9092578351231
140866,33.9092578351231
140867,33.9092578351231
140868,33.9092578351231
140869,33.9092578351231
140870,33.9092578351231
140871,33.9092578351231
140872,33.9092578351231
140873,33.9092578351231
140874,33.9092578351231
140875,33.9092578351231
140876,33.9092578351231
140877,33.9092578351231
140878,33.9092578351231
140879,33.9092578351231
140880,33.9092578351231
140881,33.9092578351231
140882,33.9092578351231
140883,33.9092578351231
140884,33.9092578351231
140885,33.9092578351231
140886,33.9092578351231
140887,33.9092578351231
140888,33.9092578351231
140889,33.9092578351231
140890,33.9092578351231
140891,33.9092578351231
140892,33.9092578351231
140893,33.9092578351231
140894,33.9092578351231
140895,33.9092578351231
140896,33.9092578351231
140897,33.9092578351231
140898,33.9092578351231
140899,33.9092578351231
140900,33.9092578351231
140901,33.9092578351231
140902,33.9092578351231
140903,33.9092578351231
140904,33.9092578351231
140905,33.9092578351231
140906,33.9092578351231
140907,33.9092578351231
140908,33.9092578351231
140909,33.9092578351231
140910,33.9092578351231
140911,33.9092578351231
140912,33.9092578351231
140913,33.9092578351231
140914,33.9092578351231
140915,33.9092578351231
140916,33.9092578351231
140917,33.9092578351231
140918,33.9092578351231
140919,33.9092578351231
140920,33.9092578351231
140921,33.9092578351231
140922,33.9092578351231
140923,33.9092578351231
140924,33.9092578351231
140925,33.9092578351231
140926,33.9092578351231
140927,33.9092578351231
140928,33.9092578351231
140929,33.9092578351231
140930,33.9092578351231
140931,33.9092578351231
140932,33.9092578351231
140933,33.9092578351231
140934,33.9092578351231
140935,33.9092578351231
140936,33.9092578351231
140937,33.9092578351231
140938,33.9092578351231
140939,33.9092578351231
140940,33.9092578351231
140941,33.9092578351231
140942,33.9092578351231
140943,33.9092578351231
140944,33.9092578351231
140945,33.9092578351231
140946,33.9092578351231
140947,33.9092578351231
140948,33.9092578351231
140949,33.9092578351231
140950,33.9092578351231
140951,33.9092578351231
140952,33.9092578351231
140953,33.9092578351231
140954,33.9092578351231
140955,33.9092578351231
140956,33.9092578351231
140957,33.9092578351231
140958,33.9092578351231
140959,33.9092578351231
140960,33.9092578351231
140961,33.9092578351231
140962,33.9092578351231
140963,33.9092578351231
140964,33.9092578351231
140965,33.9092578351231
140966,33.9092578351231
140967,33.9092578351231
140968,33.9092578351231
140969,33.9092578351231
140970,33.9092578351231
140971,33.9092578351231
140972,33.9092578351231
140973,33.9092578351231
140974,33.9092578351231
140975,33.9092578351231
140976,33.9092578351231
140977,33.9092578351231
140978,33.9092578351231
140979,33.9092578351231
140980,33.9092578351231
140981,33.9092578351231
140982,33.9092578351231
140983,33.9092578351231
140984,33.9092578351231
140985,33.9092578351231
140986,33.9092578351231
140987,33.9092578351231
140988,33.9092578351231
140989,33.9092578351231
140990,33.9092578351231
140991,33.9092578351231
140992,33.9092578351231
140993,33.9092578351231
140994,33.9092578351231
140995,33.9092578351231
140996,33.9092578351231
140997,33.9092578351231
140998,33.9092578351231
140999,33.9092578351231
141000,33.9092578351231
141001,33.9092578351231
141002,33.9092578351231
141003,33.9092578351231
141004,33.9092578351231
141005,33.9092578351231
141006,33.9092578351231
141007,33.9092578351231
141008,33.9092578351231
141009,33.9092578351231
141010,33.9092578351231
141011,33.9092578351231
141012,33.9092578351231
141013,33.9092578351231
141014,33.9092578351231
141015,33.9092578351231
141016,33.9092578351231
141017,33.9092578351231
141018,33.9092578351231
141019,33.9092578351231
141020,33.9092578351231
141021,33.9092578351231
141022,33.9092578351231
141023,33.9092578351231
141024,33.9092578351231
141025,33.9092578351231
141026,33.9092578351231
141027,33.9092578351231
141028,33.9092578351231
141029,33.9092578351231
141030,33.9092578351231
141031,33.9092578351231
141032,33.9092578351231
141033,33.9092578351231
141034,33.9092578351231
141035,33.9092578351231
141036,33.9092578351231
141037,33.9092578351231
141038,33.9092578351231
141039,33.9092578351231
141040,33.9092578351231
141041,33.9092578351231
141042,33.9092578351231
141043,33.9092578351231
141044,33.9092578351231
141045,33.9092578351231
141046,33.9092578351231
141047,33.9092578351231
141048,33.9092578351231
141049,33.9092578351231
141050,33.9092578351231
141051,33.9092578351231
141052,33.9092578351231
141053,33.9092578351231
141054,33.9092578351231
141055,33.9092578351231
141056,33.9092578351231
141057,33.9092578351231
141058,33.9092578351231
141059,33.9092578351231
141060,33.9092578351231
141061,33.9092578351231
141062,33.9092578351231
141063,33.9092578351231
141064,33.9092578351231
141065,33.9092578351231
141066,33.9092578351231
141067,33.9092578351231
141068,33.9092578351231
141069,33.9092578351231
141070,33.9092578351231
141071,33.9092578351231
141072,33.9092578351231
141073,33.9092578351231
141074,33.9092578351231
141075,33.9092578351231
141076,33.9092578351231
141077,33.9092578351231
141078,33.9092578351231
141079,33.9092578351231
141080,33.9092578351231
141081,33.9092578351231
141082,33.9092578351231
141083,33.9092578351231
141084,33.9092578351231
141085,33.9092578351231
141086,33.9092578351231
141087,33.9092578351231
141088,33.9092578351231
141089,33.9092578351231
141090,33.9092578351231
141091,33.9092578351231
141092,33.9092578351231
141093,33.9092578351231
141094,33.9092578351231
141095,33.9092578351231
141096,33.9092578351231
141097,33.9092578351231
141098,33.9092578351231
141099,33.9092578351231
141100,33.9092578351231
141101,33.9092578351231
141102,33.9092578351231
141103,33.9092578351231
141104,33.9092578351231
141105,33.9092578351231
141106,33.9092578351231
141107,33.9092578351231
141108,33.9092578351231
141109,33.9092578351231
141110,33.9092578351231
141111,33.9092578351231
141112,33.9092578351231
141113,33.9092578351231
141114,33.9092578351231
141115,33.9092578351231
141116,33.9092578351231
141117,33.9092578351231
141118,33.9092578351231
141119,33.9092578351231
141120,33.9092578351231
141121,33.9092578351231
141122,33.9092578351231
141123,33.9092578351231
141124,33.9092578351231
141125,33.9092578351231
141126,33.9092578351231
141127,33.9092578351231
141128,33.9092578351231
141129,33.9092578351231
141130,33.9092578351231
141131,33.9092578351231
141132,33.9092578351231
141133,33.9092578351231
141134,33.9092578351231
141135,33.9092578351231
141136,33.9092578351231
141137,33.9092578351231
141138,33.9092578351231
141139,33.9092578351231
141140,33.9092578351231
141141,33.9092578351231
141142,33.9092578351231
141143,33.9092578351231
141144,33.9092578351231
141145,33.9092578351231
141146,33.9092578351231
141147,33.9092578351231
141148,33.9092578351231
141149,33.9092578351231
141150,33.9092578351231
141151,33.9092578351231
141152,33.9092578351231
141153,33.9092578351231
141154,33.9092578351231
141155,33.9092578351231
141156,33.9092578351231
141157,33.9092578351231
141158,33.9092578351231
141159,33.9092578351231
141160,33.9092578351231
141161,33.9092578351231
141162,33.9092578351231
141163,33.9092578351231
141164,33.9092578351231
141165,33.9092578351231
141166,33.9092578351231
141167,33.9092578351231
141168,33.9092578351231
141169,33.9092578351231
141170,33.9092578351231
141171,33.9092578351231
141172,33.9092578351231
141173,33.9092578351231
141174,33.9092578351231
141175,33.9092578351231
141176,33.9092578351231
141177,33.9092578351231
141178,33.9092578351231
141179,33.9092578351231
141180,33.9092578351231
141181,33.9092578351231
141182,33.9092578351231
141183,33.9092578351231
141184,33.9092578351231
141185,33.9092578351231
141186,33.9092578351231
141187,33.9092578351231
141188,33.9092578351231
141189,33.9092578351231
141190,33.9092578351231
141191,33.9092578351231
141192,33.9092578351231
141193,33.9092578351231
141194,33.9092578351231
141195,33.9092578351231
141196,33.9092578351231
141197,33.9092578351231
141198,33.9092578351231
141199,33.9092578351231
141200,33.9092578351231
141201,33.9092578351231
141202,33.9092578351231
141203,33.9092578351231
141204,33.9092578351231
141205,33.9092578351231
141206,33.9092578351231
141207,33.9092578351231
141208,33.9092578351231
141209,33.9092578351231
141210,33.9092578351231
141211,33.9092578351231
141212,33.9092578351231
141213,33.9092578351231
141214,33.9092578351231
141215,33.9092578351231
141216,33.9092578351231
141217,33.9092578351231
141218,33.9092578351231
141219,33.9092578351231
141220,33.9092578351231
141221,33.9092578351231
141222,33.9092578351231
141223,33.9092578351231
141224,33.9092578351231
141225,33.9092578351231
141226,33.9092578351231
141227,33.9092578351231
141228,33.9092578351231
141229,33.9092578351231
141230,33.9092578351231
141231,33.9092578351231
141232,33.9092578351231
141233,33.9092578351231
141234,33.9092578351231
141235,33.9092578351231
141236,33.9092578351231
141237,33.9092578351231
141238,33.9092578351231
141239,33.9092578351231
141240,33.9092578351231
141241,33.9092578351231
141242,33.9092578351231
141243,33.9092578351231
141244,33.9092578351231
141245,33.9092578351231
141246,33.9092578351231
141247,33.9092578351231
141248,33.9092578351231
141249,33.9092578351231
141250,33.9092578351231
141251,33.9092578351231
141252,33.9092578351231
141253,33.9092578351231
141254,33.9092578351231
141255,33.9092578351231
141256,33.9092578351231
141257,33.9092578351231
141258,33.9092578351231
141259,33.9092578351231
141260,33.9092578351231
141261,33.9092578351231
141262,33.9092578351231
141263,33.9092578351231
141264,33.9092578351231
141265,33.9092578351231
141266,33.9092578351231
141267,33.9092578351231
141268,33.9092578351231
141269,33.9092578351231
141270,33.9092578351231
141271,33.9092578351231
141272,33.9092578351231
141273,33.9092578351231
141274,33.9092578351231
141275,33.9092578351231
141276,33.9092578351231
141277,33.9092578351231
141278,33.9092578351231
141279,33.9092578351231
141280,33.9092578351231
141281,33.9092578351231
141282,33.9092578351231
141283,33.9092578351231
141284,33.9092578351231
141285,33.9092578351231
141286,33.9092578351231
141287,33.9092578351231
141288,33.9092578351231
141289,33.9092578351231
141290,33.9092578351231
141291,33.9092578351231
141292,33.9092578351231
141293,33.9092578351231
141294,33.9092578351231
141295,33.9092578351231
141296,33.9092578351231
141297,33.9092578351231
141298,33.9092578351231
141299,33.9092578351231
141300,33.9092578351231
141301,33.9092578351231
141302,33.9092578351231
141303,33.9092578351231
141304,33.9092578351231
141305,33.9092578351231
141306,33.9092578351231
141307,33.9092578351231
141308,33.9092578351231
141309,33.9092578351231
141310,33.9092578351231
141311,33.9092578351231
141312,33.9092578351231
141313,33.9092578351231
141314,33.9092578351231
141315,33.9092578351231
141316,33.9092578351231
141317,33.9092578351231
141318,33.9092578351231
141319,33.9092578351231
141320,33.9092578351231
141321,33.9092578351231
141322,33.9092578351231
141323,33.9092578351231
141324,33.9092578351231
141325,33.9092578351231
141326,33.9092578351231
141327,33.9092578351231
141328,33.9092578351231
141329,33.9092578351231
141330,33.9092578351231
141331,33.9092578351231
141332,33.9092578351231
141333,33.9092578351231
141334,33.9092578351231
141335,33.9092578351231
141336,33.9092578351231
141337,33.9092578351231
141338,33.9092578351231
141339,33.9092578351231
141340,33.9092578351231
141341,33.9092578351231
141342,33.9092578351231
141343,33.9092578351231
141344,33.9092578351231
141345,33.9092578351231
141346,33.9092578351231
141347,33.9092578351231
141348,33.9092578351231
141349,33.9092578351231
141350,33.9092578351231
141351,33.9092578351231
141352,33.9092578351231
141353,33.9092578351231
141354,33.9092578351231
141355,33.9092578351231
141356,33.9092578351231
141357,33.9092578351231
141358,33.9092578351231
141359,33.9092578351231
141360,33.9092578351231
141361,33.9092578351231
141362,33.9092578351231
141363,33.9092578351231
141364,33.9092578351231
141365,33.9092578351231
141366,33.9092578351231
141367,33.9092578351231
141368,33.9092578351231
141369,33.9092578351231
141370,33.9092578351231
141371,33.9092578351231
141372,33.9092578351231
141373,33.9092578351231
141374,33.9092578351231
141375,33.9092578351231
141376,33.9092578351231
141377,33.9092578351231
141378,33.9092578351231
141379,33.9092578351231
141380,33.9092578351231
141381,33.9092578351231
141382,33.9092578351231
141383,33.9092578351231
141384,33.9092578351231
141385,33.9092578351231
141386,33.9092578351231
141387,33.9092578351231
141388,33.9092578351231
141389,33.9092578351231
141390,33.9092578351231
141391,33.9092578351231
141392,33.9092578351231
141393,33.9092578351231
141394,33.9092578351231
141395,33.9092578351231
141396,33.9092578351231
141397,33.9092578351231
141398,33.9092578351231
141399,33.9092578351231
141400,33.9092578351231
141401,33.9092578351231
141402,33.9092578351231
141403,33.9092578351231
141404,33.9092578351231
141405,33.9092578351231
141406,33.9092578351231
141407,33.9092578351231
141408,33.9092578351231
141409,33.9092578351231
141410,33.9092578351231
141411,33.9092578351231
141412,33.9092578351231
141413,33.9092578351231
141414,33.9092578351231
141415,33.9092578351231
141416,33.9092578351231
141417,33.9092578351231
141418,33.9092578351231
141419,33.9092578351231
141420,33.9092578351231
141421,33.9092578351231
141422,33.9092578351231
141423,33.9092578351231
141424,33.9092578351231
141425,33.9092578351231
141426,33.9092578351231
141427,33.9092578351231
141428,33.9092578351231
141429,33.9092578351231
141430,33.9092578351231
141431,33.9092578351231
141432,33.9092578351231
141433,33.9092578351231
141434,33.9092578351231
141435,33.9092578351231
141436,33.9092578351231
141437,33.9092578351231
141438,33.9092578351231
141439,33.9092578351231
141440,33.9092578351231
141441,33.9092578351231
141442,33.9092578351231
141443,33.9092578351231
141444,33.9092578351231
141445,33.9092578351231
141446,33.9092578351231
141447,33.9092578351231
141448,33.9092578351231
141449,33.9092578351231
141450,33.9092578351231
141451,33.9092578351231
141452,33.9092578351231
141453,33.9092578351231
141454,33.9092578351231
141455,33.9092578351231
141456,33.9092578351231
141457,33.9092578351231
141458,33.9092578351231
141459,33.9092578351231
141460,33.9092578351231
141461,33.9092578351231
141462,33.9092578351231
141463,33.9092578351231
141464,33.9092578351231
141465,33.9092578351231
141466,33.9092578351231
141467,33.9092578351231
141468,33.9092578351231
141469,33.9092578351231
141470,33.9092578351231
141471,33.9092578351231
141472,33.9092578351231
141473,33.9092578351231
141474,33.9092578351231
141475,33.9092578351231
141476,33.9092578351231
141477,33.9092578351231
141478,33.9092578351231
141479,33.9092578351231
141480,33.9092578351231
141481,33.9092578351231
141482,33.9092578351231
141483,33.9092578351231
141484,33.9092578351231
141485,33.9092578351231
141486,33.9092578351231
141487,33.9092578351231
141488,33.9092578351231
141489,33.9092578351231
141490,33.9092578351231
141491,33.9092578351231
141492,33.9092578351231
141493,33.9092578351231
141494,33.9092578351231
141495,33.9092578351231
141496,33.9092578351231
141497,33.9092578351231
141498,33.9092578351231
141499,33.9092578351231
141500,33.9092578351231
141501,33.9092578351231
141502,33.9092578351231
141503,33.9092578351231
141504,33.9092578351231
141505,33.9092578351231
141506,33.9092578351231
141507,33.9092578351231
141508,33.9092578351231
141509,33.9092578351231
141510,33.9092578351231
141511,33.9092578351231
141512,33.9092578351231
141513,33.9092578351231
141514,33.9092578351231
141515,33.9092578351231
141516,33.9092578351231
141517,33.9092578351231
141518,33.9092578351231
141519,33.9092578351231
141520,33.9092578351231
141521,33.9092578351231
141522,33.9092578351231
141523,33.9092578351231
141524,33.9092578351231
141525,33.9092578351231
141526,33.9092578351231
141527,33.9092578351231
141528,33.9092578351231
141529,33.9092578351231
141530,33.9092578351231
141531,33.9092578351231
141532,33.9092578351231
141533,33.9092578351231
141534,33.9092578351231
141535,33.9092578351231
141536,33.9092578351231
141537,33.9092578351231
141538,33.9092578351231
141539,33.9092578351231
141540,33.9092578351231
141541,33.9092578351231
141542,33.9092578351231
141543,33.9092578351231
141544,33.9092578351231
141545,33.9092578351231
141546,33.9092578351231
141547,33.9092578351231
141548,33.9092578351231
141549,33.9092578351231
141550,33.9092578351231
141551,33.9092578351231
141552,33.9092578351231
141553,33.9092578351231
141554,33.9092578351231
141555,33.9092578351231
141556,33.9092578351231
141557,33.9092578351231
141558,33.9092578351231
141559,33.9092578351231
141560,33.9092578351231
141561,33.9092578351231
141562,33.9092578351231
141563,33.9092578351231
141564,33.9092578351231
141565,33.9092578351231
141566,33.9092578351231
141567,33.9092578351231
141568,33.9092578351231
141569,33.9092578351231
141570,33.9092578351231
141571,33.9092578351231
141572,33.9092578351231
141573,33.9092578351231
141574,33.9092578351231
141575,33.9092578351231
141576,33.9092578351231
141577,33.9092578351231
141578,33.9092578351231
141579,33.9092578351231
141580,33.9092578351231
141581,33.9092578351231
141582,33.9092578351231
141583,33.9092578351231
141584,33.9092578351231
141585,33.9092578351231
141586,33.9092578351231
141587,33.9092578351231
141588,33.9092578351231
141589,33.9092578351231
141590,33.9092578351231
141591,33.9092578351231
141592,33.9092578351231
141593,33.9092578351231
141594,33.9092578351231
141595,33.9092578351231
141596,33.9092578351231
141597,33.9092578351231
141598,33.9092578351231
141599,33.9092578351231
141600,33.9092578351231
141601,33.9092578351231
141602,33.9092578351231
141603,33.9092578351231
141604,33.9092578351231
141605,33.9092578351231
141606,33.9092578351231
141607,33.9092578351231
141608,33.9092578351231
141609,33.9092578351231
141610,33.9092578351231
141611,33.9092578351231
141612,33.9092578351231
141613,33.9092578351231
141614,33.9092578351231
141615,33.9092578351231
141616,33.9092578351231
141617,33.9092578351231
141618,33.9092578351231
141619,33.9092578351231
141620,33.9092578351231
141621,33.9092578351231
141622,33.9092578351231
141623,33.9092578351231
141624,33.9092578351231
141625,33.9092578351231
141626,33.9092578351231
141627,33.9092578351231
141628,33.9092578351231
141629,33.9092578351231
141630,33.9092578351231
141631,33.9092578351231
141632,33.9092578351231
141633,33.9092578351231
141634,33.9092578351231
141635,33.9092578351231
141636,33.9092578351231
141637,33.9092578351231
141638,33.9092578351231
141639,33.9092578351231
141640,33.9092578351231
141641,33.9092578351231
141642,33.9092578351231
141643,33.9092578351231
141644,33.9092578351231
141645,33.9092578351231
141646,33.9092578351231
141647,33.9092578351231
141648,33.9092578351231
141649,33.9092578351231
141650,33.9092578351231
141651,33.9092578351231
141652,33.9092578351231
141653,33.9092578351231
141654,33.9092578351231
141655,33.9092578351231
141656,33.9092578351231
141657,33.9092578351231
141658,33.9092578351231
141659,33.9092578351231
141660,33.9092578351231
141661,33.9092578351231
141662,33.9092578351231
141663,33.9092578351231
141664,33.9092578351231
141665,33.9092578351231
141666,33.9092578351231
141667,33.9092578351231
141668,33.9092578351231
141669,33.9092578351231
141670,33.9092578351231
141671,33.9092578351231
141672,33.9092578351231
141673,33.9092578351231
141674,33.9092578351231
141675,33.9092578351231
141676,33.9092578351231
141677,33.9092578351231
141678,33.9092578351231
141679,33.9092578351231
141680,33.9092578351231
141681,33.9092578351231
141682,33.9092578351231
141683,33.9092578351231
141684,33.9092578351231
141685,33.9092578351231
141686,33.9092578351231
141687,33.9092578351231
141688,33.9092578351231
141689,33.9092578351231
141690,33.9092578351231
141691,33.9092578351231
141692,33.9092578351231
141693,33.9092578351231
141694,33.9092578351231
141695,33.9092578351231
141696,33.9092578351231
141697,33.9092578351231
141698,33.9092578351231
141699,33.9092578351231
141700,33.9092578351231
141701,33.9092578351231
141702,33.9092578351231
141703,33.9092578351231
141704,33.9092578351231
141705,33.9092578351231
141706,33.9092578351231
141707,33.9092578351231
141708,33.9092578351231
141709,33.9092578351231
141710,33.9092578351231
141711,33.9092578351231
141712,33.9092578351231
141713,33.9092578351231
141714,33.9092578351231
141715,33.9092578351231
141716,33.9092578351231
141717,33.9092578351231
141718,33.9092578351231
141719,33.9092578351231
141720,33.9092578351231
141721,33.9092578351231
141722,33.9092578351231
141723,33.9092578351231
141724,33.9092578351231
141725,33.9092578351231
141726,33.9092578351231
141727,33.9092578351231
141728,33.9092578351231
141729,33.9092578351231
141730,33.9092578351231
141731,33.9092578351231
141732,33.9092578351231
141733,33.9092578351231
141734,33.9092578351231
141735,33.9092578351231
141736,33.9092578351231
141737,33.9092578351231
141738,33.9092578351231
141739,33.9092578351231
141740,33.9092578351231
141741,33.9092578351231
141742,33.9092578351231
141743,33.9092578351231
141744,33.9092578351231
141745,33.9092578351231
141746,33.9092578351231
141747,33.9092578351231
141748,33.9092578351231
141749,33.9092578351231
141750,33.9092578351231
141751,33.9092578351231
141752,33.9092578351231
141753,33.9092578351231
141754,33.9092578351231
141755,33.9092578351231
141756,33.9092578351231
141757,33.9092578351231
141758,33.9092578351231
141759,33.9092578351231
141760,33.9092578351231
141761,33.9092578351231
141762,33.9092578351231
141763,33.9092578351231
141764,33.9092578351231
141765,33.9092578351231
141766,33.9092578351231
141767,33.9092578351231
141768,33.9092578351231
141769,33.9092578351231
141770,33.9092578351231
141771,33.9092578351231
141772,33.9092578351231
141773,33.9092578351231
141774,33.9092578351231
141775,33.9092578351231
141776,33.9092578351231
141777,33.9092578351231
141778,33.9092578351231
141779,33.9092578351231
141780,33.9092578351231
141781,33.9092578351231
141782,33.9092578351231
141783,33.9092578351231
141784,33.9092578351231
141785,33.9092578351231
141786,33.9092578351231
141787,33.9092578351231
141788,33.9092578351231
141789,33.9092578351231
141790,33.9092578351231
141791,33.9092578351231
141792,33.9092578351231
141793,33.9092578351231
141794,33.9092578351231
141795,33.9092578351231
141796,33.9092578351231
141797,33.9092578351231
141798,33.9092578351231
141799,33.9092578351231
141800,33.9092578351231
141801,33.9092578351231
141802,33.9092578351231
141803,33.9092578351231
141804,33.9092578351231
141805,33.9092578351231
141806,33.9092578351231
141807,33.9092578351231
141808,33.9092578351231
141809,33.9092578351231
141810,33.9092578351231
141811,33.9092578351231
141812,33.9092578351231
141813,33.9092578351231
141814,33.9092578351231
141815,33.9092578351231
141816,33.9092578351231
141817,33.9092578351231
141818,33.9092578351231
141819,33.9092578351231
141820,33.9092578351231
141821,33.9092578351231
141822,33.9092578351231
141823,33.9092578351231
141824,33.9092578351231
141825,33.9092578351231
141826,33.9092578351231
141827,33.9092578351231
141828,33.9092578351231
141829,33.9092578351231
141830,33.9092578351231
141831,33.9092578351231
141832,33.9092578351231
141833,33.9092578351231
141834,33.9092578351231
141835,33.9092578351231
141836,33.9092578351231
141837,33.9092578351231
141838,33.9092578351231
141839,33.9092578351231
141840,33.9092578351231
141841,33.9092578351231
141842,33.9092578351231
141843,33.9092578351231
141844,33.9092578351231
141845,33.9092578351231
141846,33.9092578351231
141847,33.9092578351231
141848,33.9092578351231
141849,33.9092578351231
141850,33.9092578351231
141851,33.9092578351231
141852,33.9092578351231
141853,33.9092578351231
141854,33.9092578351231
141855,33.9092578351231
141856,33.9092578351231
141857,33.9092578351231
141858,33.9092578351231
141859,33.9092578351231
141860,33.9092578351231
141861,33.9092578351231
141862,33.9092578351231
141863,33.9092578351231
141864,33.9092578351231
141865,33.9092578351231
141866,33.9092578351231
141867,33.9092578351231
141868,33.9092578351231
141869,33.9092578351231
141870,33.9092578351231
141871,33.9092578351231
141872,33.9092578351231
141873,33.9092578351231
141874,33.9092578351231
141875,33.9092578351231
141876,33.9092578351231
141877,33.9092578351231
141878,33.9092578351231
141879,33.9092578351231
141880,33.9092578351231
141881,33.9092578351231
141882,33.9092578351231
141883,33.9092578351231
141884,33.9092578351231
141885,33.9092578351231
141886,33.9092578351231
141887,33.9092578351231
141888,33.9092578351231
141889,33.9092578351231
141890,33.9092578351231
141891,33.9092578351231
141892,33.9092578351231
141893,33.9092578351231
141894,33.9092578351231
141895,33.9092578351231
141896,33.9092578351231
141897,33.9092578351231
141898,33.9092578351231
141899,33.9092578351231
141900,33.9092578351231
141901,33.9092578351231
141902,33.9092578351231
141903,33.9092578351231
141904,33.9092578351231
141905,33.9092578351231
141906,33.9092578351231
141907,33.9092578351231
141908,33.9092578351231
141909,33.9092578351231
141910,33.9092578351231
141911,33.9092578351231
141912,33.9092578351231
141913,33.9092578351231
141914,33.9092578351231
141915,33.9092578351231
141916,33.9092578351231
141917,33.9092578351231
141918,33.9092578351231
141919,33.9092578351231
141920,33.9092578351231
141921,33.9092578351231
141922,33.9092578351231
141923,33.9092578351231
141924,33.9092578351231
141925,33.9092578351231
141926,33.9092578351231
141927,33.9092578351231
141928,33.9092578351231
141929,33.9092578351231
141930,33.9092578351231
141931,33.9092578351231
141932,33.9092578351231
141933,33.9092578351231
141934,33.9092578351231
141935,33.9092578351231
141936,33.9092578351231
141937,33.9092578351231
141938,33.9092578351231
141939,33.9092578351231
141940,33.9092578351231
141941,33.9092578351231
141942,33.9092578351231
141943,33.9092578351231
141944,33.9092578351231
141945,33.9092578351231
141946,33.9092578351231
141947,33.9092578351231
141948,33.9092578351231
141949,33.9092578351231
141950,33.9092578351231
141951,33.9092578351231
141952,33.9092578351231
141953,33.9092578351231
141954,33.9092578351231
141955,33.9092578351231
141956,33.9092578351231
141957,33.9092578351231
141958,33.9092578351231
141959,33.9092578351231
141960,33.9092578351231
141961,33.9092578351231
141962,33.9092578351231
141963,33.9092578351231
141964,33.9092578351231
141965,33.9092578351231
141966,33.9092578351231
141967,33.9092578351231
141968,33.9092578351231
141969,33.9092578351231
141970,33.9092578351231
141971,33.9092578351231
141972,33.9092578351231
141973,33.9092578351231
141974,33.9092578351231
141975,33.9092578351231
141976,33.9092578351231
141977,33.9092578351231
141978,33.9092578351231
141979,33.9092578351231
141980,33.9092578351231
141981,33.9092578351231
141982,33.9092578351231
141983,33.9092578351231
141984,33.9092578351231
141985,33.9092578351231
141986,33.9092578351231
141987,33.9092578351231
141988,33.9092578351231
141989,33.9092578351231
141990,33.9092578351231
141991,33.9092578351231
141992,33.9092578351231
141993,33.9092578351231
141994,33.9092578351231
141995,33.9092578351231
141996,33.9092578351231
141997,33.9092578351231
141998,33.9092578351231
141999,33.9092578351231
142000,33.9092578351231
142001,33.9092578351231
142002,33.9092578351231
142003,33.9092578351231
142004,33.9092578351231
142005,33.9092578351231
142006,33.9092578351231
142007,33.9092578351231
142008,33.9092578351231
142009,33.9092578351231
142010,33.9092578351231
142011,33.9092578351231
142012,33.9092578351231
142013,33.9092578351231
142014,33.9092578351231
142015,33.9092578351231
142016,33.9092578351231
142017,33.9092578351231
142018,33.9092578351231
142019,33.9092578351231
142020,33.9092578351231
142021,33.9092578351231
142022,33.9092578351231
142023,33.9092578351231
142024,33.9092578351231
142025,33.9092578351231
142026,33.9092578351231
142027,33.9092578351231
142028,33.9092578351231
142029,33.9092578351231
142030,33.9092578351231
142031,33.9092578351231
142032,33.9092578351231
142033,33.9092578351231
142034,33.9092578351231
142035,33.9092578351231
142036,33.9092578351231
142037,33.9092578351231
142038,33.9092578351231
142039,33.9092578351231
142040,33.9092578351231
142041,33.9092578351231
142042,33.9092578351231
142043,33.9092578351231
142044,33.9092578351231
142045,33.9092578351231
142046,33.9092578351231
142047,33.9092578351231
142048,33.9092578351231
142049,33.9092578351231
142050,33.9092578351231
142051,33.9092578351231
142052,33.9092578351231
142053,33.9092578351231
142054,33.9092578351231
142055,33.9092578351231
142056,33.9092578351231
142057,33.9092578351231
142058,33.9092578351231
142059,33.9092578351231
142060,33.9092578351231
142061,33.9092578351231
142062,33.9092578351231
142063,33.9092578351231
142064,33.9092578351231
142065,33.9092578351231
142066,33.9092578351231
142067,33.9092578351231
142068,33.9092578351231
142069,33.9092578351231
142070,33.9092578351231
142071,33.9092578351231
142072,33.9092578351231
142073,33.9092578351231
142074,33.9092578351231
142075,33.9092578351231
142076,33.9092578351231
142077,33.9092578351231
142078,33.9092578351231
142079,33.9092578351231
142080,33.9092578351231
142081,33.9092578351231
142082,33.9092578351231
142083,33.9092578351231
142084,33.9092578351231
142085,33.9092578351231
142086,33.9092578351231
142087,33.9092578351231
142088,33.9092578351231
142089,33.9092578351231
142090,33.9092578351231
142091,33.9092578351231
142092,33.9092578351231
142093,33.9092578351231
142094,33.9092578351231
142095,33.9092578351231
142096,33.9092578351231
142097,33.9092578351231
142098,33.9092578351231
142099,33.9092578351231
142100,33.9092578351231
142101,33.9092578351231
142102,33.9092578351231
142103,33.9092578351231
142104,33.9092578351231
142105,33.9092578351231
142106,33.9092578351231
142107,33.9092578351231
142108,33.9092578351231
142109,33.9092578351231
142110,33.9092578351231
142111,33.9092578351231
142112,33.9092578351231
142113,33.9092578351231
142114,33.9092578351231
142115,33.9092578351231
142116,33.9092578351231
142117,33.9092578351231
142118,33.9092578351231
142119,33.9092578351231
142120,33.9092578351231
142121,33.9092578351231
142122,33.9092578351231
142123,33.9092578351231
142124,33.9092578351231
142125,33.9092578351231
142126,33.9092578351231
142127,33.9092578351231
142128,33.9092578351231
142129,33.9092578351231
142130,33.9092578351231
142131,33.9092578351231
142132,33.9092578351231
142133,33.9092578351231
142134,33.9092578351231
142135,33.9092578351231
142136,33.9092578351231
142137,33.9092578351231
142138,33.9092578351231
142139,33.9092578351231
142140,33.9092578351231
142141,33.9092578351231
142142,33.9092578351231
142143,33.9092578351231
142144,33.9092578351231
142145,33.9092578351231
142146,33.9092578351231
142147,33.9092578351231
142148,33.9092578351231
142149,33.9092578351231
142150,33.9092578351231
142151,33.9092578351231
142152,33.9092578351231
142153,33.9092578351231
142154,33.9092578351231
142155,33.9092578351231
142156,33.9092578351231
142157,33.9092578351231
142158,33.9092578351231
142159,33.9092578351231
142160,33.9092578351231
142161,33.9092578351231
142162,33.9092578351231
142163,33.9092578351231
142164,33.9092578351231
142165,33.9092578351231
142166,33.9092578351231
142167,33.9092578351231
142168,33.9092578351231
142169,33.9092578351231
142170,33.9092578351231
142171,33.9092578351231
142172,33.9092578351231
142173,33.9092578351231
142174,33.9092578351231
142175,33.9092578351231
142176,33.9092578351231
142177,33.9092578351231
142178,33.9092578351231
142179,33.9092578351231
142180,33.9092578351231
142181,33.9092578351231
142182,33.9092578351231
142183,33.9092578351231
142184,33.9092578351231
142185,33.9092578351231
142186,33.9092578351231
142187,33.9092578351231
142188,33.9092578351231
142189,33.9092578351231
142190,33.9092578351231
142191,33.9092578351231
142192,33.9092578351231
142193,33.9092578351231
142194,33.9092578351231
142195,33.9092578351231
142196,33.9092578351231
142197,33.9092578351231
142198,33.9092578351231
142199,33.9092578351231
142200,33.9092578351231
142201,33.9092578351231
142202,33.9092578351231
142203,33.9092578351231
142204,33.9092578351231
142205,33.9092578351231
142206,33.9092578351231
142207,33.9092578351231
142208,33.9092578351231
142209,33.9092578351231
142210,33.9092578351231
142211,33.9092578351231
142212,33.9092578351231
142213,33.9092578351231
142214,33.9092578351231
142215,33.9092578351231
142216,33.9092578351231
142217,33.9092578351231
142218,33.9092578351231
142219,33.9092578351231
142220,33.9092578351231
142221,33.9092578351231
142222,33.9092578351231
142223,33.9092578351231
142224,33.9092578351231
142225,33.9092578351231
142226,33.9092578351231
142227,33.9092578351231
142228,33.9092578351231
142229,33.9092578351231
142230,33.9092578351231
142231,33.9092578351231
142232,33.9092578351231
142233,33.9092578351231
142234,33.9092578351231
142235,33.9092578351231
142236,33.9092578351231
142237,33.9092578351231
142238,33.9092578351231
142239,33.9092578351231
142240,33.9092578351231
142241,33.9092578351231
142242,33.9092578351231
142243,33.9092578351231
142244,33.9092578351231
142245,33.9092578351231
142246,33.9092578351231
142247,33.9092578351231
142248,33.9092578351231
142249,33.9092578351231
142250,33.9092578351231
142251,33.9092578351231
142252,33.9092578351231
142253,33.9092578351231
142254,33.9092578351231
142255,33.9092578351231
142256,33.9092578351231
142257,33.9092578351231
142258,33.9092578351231
142259,33.9092578351231
142260,33.9092578351231
142261,33.9092578351231
142262,33.9092578351231
142263,33.9092578351231
142264,33.9092578351231
142265,33.9092578351231
142266,33.9092578351231
142267,33.9092578351231
142268,33.9092578351231
142269,33.9092578351231
142270,33.9092578351231
142271,33.9092578351231
142272,33.9092578351231
142273,33.9092578351231
142274,33.9092578351231
142275,33.9092578351231
142276,33.9092578351231
142277,33.9092578351231
142278,33.9092578351231
142279,33.9092578351231
142280,33.9092578351231
142281,33.9092578351231
142282,33.9092578351231
142283,33.9092578351231
142284,33.9092578351231
142285,33.9092578351231
142286,33.9092578351231
142287,33.9092578351231
142288,33.9092578351231
142289,33.9092578351231
142290,33.9092578351231
142291,33.9092578351231
142292,33.9092578351231
142293,33.9092578351231
142294,33.9092578351231
142295,33.9092578351231
142296,33.9092578351231
142297,33.9092578351231
142298,33.9092578351231
142299,33.9092578351231
142300,33.9092578351231
142301,33.9092578351231
142302,33.9092578351231
142303,33.9092578351231
142304,33.9092578351231
142305,33.9092578351231
142306,33.9092578351231
142307,33.9092578351231
142308,33.9092578351231
142309,33.9092578351231
142310,33.9092578351231
142311,33.9092578351231
142312,33.9092578351231
142313,33.9092578351231
142314,33.9092578351231
142315,33.9092578351231
142316,33.9092578351231
142317,33.9092578351231
142318,33.9092578351231
142319,33.9092578351231
142320,33.9092578351231
142321,33.9092578351231
142322,33.9092578351231
142323,33.9092578351231
142324,33.9092578351231
142325,33.9092578351231
142326,33.9092578351231
142327,33.9092578351231
142328,33.9092578351231
142329,33.9092578351231
142330,33.9092578351231
142331,33.9092578351231
142332,33.9092578351231
142333,33.9092578351231
142334,33.9092578351231
142335,33.9092578351231
142336,33.9092578351231
142337,33.9092578351231
142338,33.9092578351231
142339,33.9092578351231
142340,33.9092578351231
142341,33.9092578351231
142342,33.9092578351231
142343,33.9092578351231
142344,33.9092578351231
142345,33.9092578351231
142346,33.9092578351231
142347,33.9092578351231
142348,33.9092578351231
142349,33.9092578351231
142350,33.9092578351231
142351,33.9092578351231
142352,33.9092578351231
142353,33.9092578351231
142354,33.9092578351231
142355,33.9092578351231
142356,33.9092578351231
142357,33.9092578351231
142358,33.9092578351231
142359,33.9092578351231
142360,33.9092578351231
142361,33.9092578351231
142362,33.9092578351231
142363,33.9092578351231
142364,33.9092578351231
142365,33.9092578351231
142366,33.9092578351231
142367,33.9092578351231
142368,33.9092578351231
142369,33.9092578351231
142370,33.9092578351231
142371,33.9092578351231
142372,33.9092578351231
142373,33.9092578351231
142374,33.9092578351231
142375,33.9092578351231
142376,33.9092578351231
142377,33.9092578351231
142378,33.9092578351231
142379,33.9092578351231
142380,33.9092578351231
142381,33.9092578351231
142382,33.9092578351231
142383,33.9092578351231
142384,33.9092578351231
142385,33.9092578351231
142386,33.9092578351231
142387,33.9092578351231
142388,33.9092578351231
142389,33.9092578351231
142390,33.9092578351231
142391,33.9092578351231
142392,33.9092578351231
142393,33.9092578351231
142394,33.9092578351231
142395,33.9092578351231
142396,33.9092578351231
142397,33.9092578351231
142398,33.9092578351231
142399,33.9092578351231
142400,33.9092578351231
142401,33.9092578351231
142402,33.9092578351231
142403,33.9092578351231
142404,33.9092578351231
142405,33.9092578351231
142406,33.9092578351231
142407,33.9092578351231
142408,33.9092578351231
142409,33.9092578351231
142410,33.9092578351231
142411,33.9092578351231
142412,33.9092578351231
142413,33.9092578351231
142414,33.9092578351231
142415,33.9092578351231
142416,33.9092578351231
142417,33.9092578351231
142418,33.9092578351231
142419,33.9092578351231
142420,33.9092578351231
142421,33.9092578351231
142422,33.9092578351231
142423,33.9092578351231
142424,33.9092578351231
142425,33.9092578351231
142426,33.9092578351231
142427,33.9092578351231
142428,33.9092578351231
142429,33.9092578351231
142430,33.9092578351231
142431,33.9092578351231
142432,33.9092578351231
142433,33.9092578351231
142434,33.9092578351231
142435,33.9092578351231
142436,33.9092578351231
142437,33.9092578351231
142438,33.9092578351231
142439,33.9092578351231
142440,33.9092578351231
142441,33.9092578351231
142442,33.9092578351231
142443,33.9092578351231
142444,33.9092578351231
142445,33.9092578351231
142446,33.9092578351231
142447,33.9092578351231
142448,33.9092578351231
142449,33.9092578351231
142450,33.9092578351231
142451,33.9092578351231
142452,33.9092578351231
142453,33.9092578351231
142454,33.9092578351231
142455,33.9092578351231
142456,33.9092578351231
142457,33.9092578351231
142458,33.9092578351231
142459,33.9092578351231
142460,33.9092578351231
142461,33.9092578351231
142462,33.9092578351231
142463,33.9092578351231
142464,33.9092578351231
142465,33.9092578351231
142466,33.9092578351231
142467,33.9092578351231
142468,33.9092578351231
142469,33.9092578351231
142470,33.9092578351231
142471,33.9092578351231
142472,33.9092578351231
142473,33.9092578351231
142474,33.9092578351231
142475,33.9092578351231
142476,33.9092578351231
142477,33.9092578351231
142478,33.9092578351231
142479,33.9092578351231
142480,33.9092578351231
142481,33.9092578351231
142482,33.9092578351231
142483,33.9092578351231
142484,33.9092578351231
142485,33.9092578351231
142486,33.9092578351231
142487,33.9092578351231
142488,33.9092578351231
142489,33.9092578351231
142490,33.9092578351231
142491,33.9092578351231
142492,33.9092578351231
142493,33.9092578351231
142494,33.9092578351231
142495,33.9092578351231
142496,33.9092578351231
142497,33.9092578351231
142498,33.9092578351231
142499,33.9092578351231
142500,33.9092578351231
142501,33.9092578351231
142502,33.9092578351231
142503,33.9092578351231
142504,33.9092578351231
142505,33.9092578351231
142506,33.9092578351231
142507,33.9092578351231
142508,33.9092578351231
142509,33.9092578351231
142510,33.9092578351231
142511,33.9092578351231
142512,33.9092578351231
142513,33.9092578351231
142514,33.9092578351231
142515,33.9092578351231
142516,33.9092578351231
142517,33.9092578351231
142518,33.9092578351231
142519,33.9092578351231
142520,33.9092578351231
142521,33.9092578351231
142522,33.9092578351231
142523,33.9092578351231
142524,33.9092578351231
142525,33.9092578351231
142526,33.9092578351231
142527,33.9092578351231
142528,33.9092578351231
142529,33.9092578351231
142530,33.9092578351231
142531,33.9092578351231
142532,33.9092578351231
142533,33.9092578351231
142534,33.9092578351231
142535,33.9092578351231
142536,33.9092578351231
142537,33.9092578351231
142538,33.9092578351231
142539,33.9092578351231
142540,33.9092578351231
142541,33.9092578351231
142542,33.9092578351231
142543,33.9092578351231
142544,33.9092578351231
142545,33.9092578351231
142546,33.9092578351231
142547,33.9092578351231
142548,33.9092578351231
142549,33.9092578351231
142550,33.9092578351231
142551,33.9092578351231
142552,33.9092578351231
142553,33.9092578351231
142554,33.9092578351231
142555,33.9092578351231
142556,33.9092578351231
142557,33.9092578351231
142558,33.9092578351231
142559,33.9092578351231
142560,33.9092578351231
142561,33.9092578351231
142562,33.9092578351231
142563,33.9092578351231
142564,33.9092578351231
142565,33.9092578351231
142566,33.9092578351231
142567,33.9092578351231
142568,33.9092578351231
142569,33.9092578351231
142570,33.9092578351231
142571,33.9092578351231
142572,33.9092578351231
142573,33.9092578351231
142574,33.9092578351231
142575,33.9092578351231
142576,33.9092578351231
142577,33.9092578351231
142578,33.9092578351231
142579,33.9092578351231
142580,33.9092578351231
142581,33.9092578351231
142582,33.9092578351231
142583,33.9092578351231
142584,33.9092578351231
142585,33.9092578351231
142586,33.9092578351231
142587,33.9092578351231
142588,33.9092578351231
142589,33.9092578351231
142590,33.9092578351231
142591,33.9092578351231
142592,33.9092578351231
142593,33.9092578351231
142594,33.9092578351231
142595,33.9092578351231
142596,33.9092578351231
142597,33.9092578351231
142598,33.9092578351231
142599,33.9092578351231
142600,33.9092578351231
142601,33.9092578351231
142602,33.9092578351231
142603,33.9092578351231
142604,33.9092578351231
142605,33.9092578351231
142606,33.9092578351231
142607,33.9092578351231
142608,33.9092578351231
142609,33.9092578351231
142610,33.9092578351231
142611,33.9092578351231
142612,33.9092578351231
142613,33.9092578351231
142614,33.9092578351231
142621,33.9092578351231
142622,33.9092578351231
142623,33.9092578351231
142624,33.9092578351231
142625,33.9092578351231
142626,33.9092578351231
142627,33.9092578351231
142628,33.9092578351231
142629,33.9092578351231
142630,33.9092578351231
142631,33.9092578351231
142632,33.9092578351231
142633,33.9092578351231
142634,33.9092578351231
142635,33.9092578351231
142636,33.9092578351231
142637,33.9092578351231
142638,33.9092578351231
142639,33.9092578351231
142640,33.9092578351231
142641,33.9092578351231
142642,33.9092578351231
142643,33.9092578351231
142644,33.9092578351231
142645,33.9092578351231
142646,33.9092578351231
142647,33.9092578351231
142648,33.9092578351231
142649,33.9092578351231
142650,33.9092578351231
142651,33.9092578351231
142652,33.9092578351231
142653,33.9092578351231
142654,33.9092578351231
142655,33.9092578351231
142656,33.9092578351231
142657,33.9092578351231
142658,33.9092578351231
142659,33.9092578351231
142660,33.9092578351231
142661,33.9092578351231
142662,33.9092578351231
142663,33.9092578351231
142664,33.9092578351231
142665,33.9092578351231
142666,33.9092578351231
142667,33.9092578351231
142668,33.9092578351231
142669,33.9092578351231
142670,33.9092578351231
142671,33.9092578351231
142672,33.9092578351231
142673,33.9092578351231
142674,33.9092578351231
142675,33.9092578351231
142676,33.9092578351231
142677,33.9092578351231
142678,33.9092578351231
142679,33.9092578351231
142680,33.9092578351231
142681,33.9092578351231
142682,33.9092578351231
142683,33.9092578351231
142684,33.9092578351231
142685,33.9092578351231
142686,33.9092578351231
142687,33.9092578351231
142688,33.9092578351231
142689,33.9092578351231
142690,33.9092578351231
142691,33.9092578351231
142692,33.9092578351231
142693,33.9092578351231
142694,33.9092578351231
142695,33.9092578351231
142696,33.9092578351231
142697,33.9092578351231
142698,33.9092578351231
142699,33.9092578351231
142700,33.9092578351231
142701,33.9092578351231
142702,33.9092578351231
142703,33.9092578351231
142704,33.9092578351231
142705,33.9092578351231
142706,33.9092578351231
142707,33.9092578351231
142708,33.9092578351231
142709,33.9092578351231
142710,33.9092578351231
142711,33.9092578351231
142712,33.9092578351231
142713,33.9092578351231
142714,33.9092578351231
142715,33.9092578351231
142716,33.9092578351231
142717,33.9092578351231
142718,33.9092578351231
142719,33.9092578351231
142720,33.9092578351231
142721,33.9092578351231
142722,33.9092578351231
142723,33.9092578351231
142724,33.9092578351231
142725,33.9092578351231
142726,33.9092578351231
142727,33.9092578351231
142728,33.9092578351231
142729,33.9092578351231
142730,33.9092578351231
142731,33.9092578351231
142732,33.9092578351231
142733,33.9092578351231
142734,33.9092578351231
142735,33.9092578351231
142736,33.9092578351231
142737,33.9092578351231
142738,33.9092578351231
142739,33.9092578351231
142740,33.9092578351231
142741,33.9092578351231
142742,33.9092578351231
142743,33.9092578351231
142744,33.9092578351231
142745,33.9092578351231
142746,33.9092578351231
142747,33.9092578351231
142748,33.9092578351231
142749,33.9092578351231
142750,33.9092578351231
142751,33.9092578351231
142752,33.9092578351231
142753,33.9092578351231
142754,33.9092578351231
142755,33.9092578351231
142756,33.9092578351231
142757,33.9092578351231
142758,33.9092578351231
142759,33.9092578351231
142760,33.9092578351231
142761,33.9092578351231
142762,33.9092578351231
142763,33.9092578351231
142764,33.9092578351231
142765,33.9092578351231
142766,33.9092578351231
142767,33.9092578351231
142768,33.9092578351231
142769,33.9092578351231
142770,33.9092578351231
142771,33.9092578351231
142772,33.9092578351231
142773,33.9092578351231
142774,33.9092578351231
142775,33.9092578351231
142776,33.9092578351231
142777,33.9092578351231
142778,33.9092578351231
142779,33.9092578351231
142780,33.9092578351231
142781,33.9092578351231
142782,33.9092578351231
142783,33.9092578351231
142784,33.9092578351231
142785,33.9092578351231
142786,33.9092578351231
142787,33.9092578351231
142788,33.9092578351231
142789,33.9092578351231
142790,33.9092578351231
142791,33.9092578351231
142792,33.9092578351231
142793,33.9092578351231
142794,33.9092578351231
142795,33.9092578351231
142796,33.9092578351231
142797,33.9092578351231
142798,33.9092578351231
142799,33.9092578351231
142800,33.9092578351231
142801,33.9092578351231
142802,33.9092578351231
142803,33.9092578351231
142804,33.9092578351231
142805,33.9092578351231
142806,33.9092578351231
142807,33.9092578351231
142808,33.9092578351231
142809,33.9092578351231
142810,33.9092578351231
142811,33.9092578351231
142812,33.9092578351231
142813,33.9092578351231
142814,33.9092578351231
142815,33.9092578351231
142816,33.9092578351231
142817,33.9092578351231
142818,33.9092578351231
142819,33.9092578351231
142820,33.9092578351231
142821,33.9092578351231
142822,33.9092578351231
142823,33.9092578351231
142824,33.9092578351231
142825,33.9092578351231
142826,33.9092578351231
142827,33.9092578351231
142828,33.9092578351231
142829,33.9092578351231
142830,33.9092578351231
142831,33.9092578351231
142832,33.9092578351231
142833,33.9092578351231
142834,33.9092578351231
142835,33.9092578351231
142836,33.9092578351231
142837,33.9092578351231
142838,33.9092578351231
142839,33.9092578351231
142840,33.9092578351231
142841,33.9092578351231
142842,33.9092578351231
142843,33.9092578351231
142844,33.9092578351231
142845,33.9092578351231
142846,33.9092578351231
142847,33.9092578351231
142848,33.9092578351231
142849,33.9092578351231
142850,33.9092578351231
142851,33.9092578351231
142852,33.9092578351231
142853,33.9092578351231
142854,33.9092578351231
142855,33.9092578351231
142856,33.9092578351231
142857,33.9092578351231
142858,33.9092578351231
142859,33.9092578351231
142860,33.9092578351231
142861,33.9092578351231
142862,33.9092578351231
142863,33.9092578351231
142864,33.9092578351231
142865,33.9092578351231
142866,33.9092578351231
142867,33.9092578351231
142868,33.9092578351231
142869,33.9092578351231
142870,33.9092578351231
142871,33.9092578351231
142872,33.9092578351231
142873,33.9092578351231
142874,33.9092578351231
142875,33.9092578351231
142876,33.9092578351231
142877,33.9092578351231
142878,33.9092578351231
142879,33.9092578351231
142880,33.9092578351231
142881,33.9092578351231
142882,33.9092578351231
142883,33.9092578351231
142884,33.9092578351231
142885,33.9092578351231
142886,33.9092578351231
142887,33.9092578351231
142888,33.9092578351231
142889,33.9092578351231
142890,33.9092578351231
142891,33.9092578351231
142892,33.9092578351231
142893,33.9092578351231
142894,33.9092578351231
142895,33.9092578351231
142896,33.9092578351231
142897,33.9092578351231
142898,33.9092578351231
142899,33.9092578351231
142900,33.9092578351231
142901,33.9092578351231
142902,33.9092578351231
142903,33.9092578351231
142904,33.9092578351231
142905,33.9092578351231
142906,33.9092578351231
142907,33.9092578351231
142908,33.9092578351231
142909,33.9092578351231
142910,33.9092578351231
142911,33.9092578351231
142912,33.9092578351231
142913,33.9092578351231
142914,33.9092578351231
142915,33.9092578351231
142916,33.9092578351231
142917,33.9092578351231
142918,33.9092578351231
142919,33.9092578351231
142920,33.9092578351231
142921,33.9092578351231
142922,33.9092578351231
142923,33.9092578351231
142924,33.9092578351231
142925,33.9092578351231
142926,33.9092578351231
142927,33.9092578351231
142928,33.9092578351231
142929,33.9092578351231
142930,33.9092578351231
142931,33.9092578351231
142932,33.9092578351231
142933,33.9092578351231
142934,33.9092578351231
142935,33.9092578351231
142936,33.9092578351231
142937,33.9092578351231
142938,33.9092578351231
142939,33.9092578351231
142940,33.9092578351231
142941,33.9092578351231
142942,33.9092578351231
142943,33.9092578351231
142944,33.9092578351231
142945,33.9092578351231
142946,33.9092578351231
142947,33.9092578351231
142948,33.9092578351231
142949,33.9092578351231
142950,33.9092578351231
142951,33.9092578351231
142952,33.9092578351231
142953,33.9092578351231
142954,33.9092578351231
142955,33.9092578351231
142956,33.9092578351231
142957,33.9092578351231
142958,33.9092578351231
142959,33.9092578351231
142960,33.9092578351231
142961,33.9092578351231
142962,33.9092578351231
142963,33.9092578351231
142964,33.9092578351231
142965,33.9092578351231
142966,33.9092578351231
142967,33.9092578351231
142968,33.9092578351231
142969,33.9092578351231
142970,33.9092578351231
142971,33.9092578351231
142972,33.9092578351231
142973,33.9092578351231
142974,33.9092578351231
142975,33.9092578351231
142976,33.9092578351231
142977,33.9092578351231
142978,33.9092578351231
142979,33.9092578351231
142980,33.9092578351231
142981,33.9092578351231
142982,33.9092578351231
142983,33.9092578351231
142984,33.9092578351231
142985,33.9092578351231
142986,33.9092578351231
142987,33.9092578351231
142988,33.9092578351231
142989,33.9092578351231
142990,33.9092578351231
142991,33.9092578351231
142992,33.9092578351231
142993,33.9092578351231
142994,33.9092578351231
142995,33.9092578351231
142996,33.9092578351231
142997,33.9092578351231
142998,33.9092578351231
142999,33.9092578351231
143000,33.9092578351231
143001,33.9092578351231
143002,33.9092578351231
143003,33.9092578351231
143004,33.9092578351231
143005,33.9092578351231
143006,33.9092578351231
143007,33.9092578351231
143008,33.9092578351231
143009,33.9092578351231
143010,33.9092578351231
143011,33.9092578351231
143012,33.9092578351231
143013,33.9092578351231
143014,33.9092578351231
143015,33.9092578351231
143016,33.9092578351231
143017,33.9092578351231
143018,33.9092578351231
143019,33.9092578351231
143020,33.9092578351231
143021,33.9092578351231
143022,33.9092578351231
143023,33.9092578351231
143024,33.9092578351231
143025,33.9092578351231
143026,33.9092578351231
143027,33.9092578351231
143028,33.9092578351231
143029,33.9092578351231
143030,33.9092578351231
143031,33.9092578351231
143032,33.9092578351231
143033,33.9092578351231
143034,33.9092578351231
143035,33.9092578351231
143036,33.9092578351231
143037,33.9092578351231
143038,33.9092578351231
143039,33.9092578351231
143040,33.9092578351231
143041,33.9092578351231
143042,33.9092578351231
143043,33.9092578351231
143044,33.9092578351231
143045,33.9092578351231
143046,33.9092578351231
143047,33.9092578351231
143048,33.9092578351231
143049,33.9092578351231
143050,33.9092578351231
143051,33.9092578351231
143052,33.9092578351231
143053,33.9092578351231
143054,33.9092578351231
143055,33.9092578351231
143056,33.9092578351231
143057,33.9092578351231
143058,33.9092578351231
143059,33.9092578351231
143060,33.9092578351231
143061,33.9092578351231
143062,33.9092578351231
143063,33.9092578351231
143064,33.9092578351231
143065,33.9092578351231
143066,33.9092578351231
143067,33.9092578351231
143068,33.9092578351231
143069,33.9092578351231
143070,33.9092578351231
143071,33.9092578351231
143072,33.9092578351231
143073,33.9092578351231
143074,33.9092578351231
143075,33.9092578351231
143076,33.9092578351231
143077,33.9092578351231
143078,33.9092578351231
143079,33.9092578351231
143080,33.9092578351231
143081,33.9092578351231
143082,33.9092578351231
143083,33.9092578351231
143084,33.9092578351231
143085,33.9092578351231
143086,33.9092578351231
143087,33.9092578351231
143088,33.9092578351231
143089,33.9092578351231
143090,33.9092578351231
143091,33.9092578351231
143092,33.9092578351231
143093,33.9092578351231
143094,33.9092578351231
143095,33.9092578351231
143096,33.9092578351231
143097,33.9092578351231
143098,33.9092578351231
143099,33.9092578351231
143100,33.9092578351231
143101,33.9092578351231
143102,33.9092578351231
143103,33.9092578351231
143104,33.9092578351231
143105,33.9092578351231
143106,33.9092578351231
143107,33.9092578351231
143108,33.9092578351231
143109,33.9092578351231
143110,33.9092578351231
143111,33.9092578351231
143112,33.9092578351231
143113,33.9092578351231
143114,33.9092578351231
143115,33.9092578351231
143116,33.9092578351231
143117,33.9092578351231
143118,33.9092578351231
143119,33.9092578351231
143120,33.9092578351231
143121,33.9092578351231
143122,33.9092578351231
143123,33.9092578351231
143124,33.9092578351231
143125,33.9092578351231
143126,33.9092578351231
143127,33.9092578351231
143128,33.9092578351231
143129,33.9092578351231
143130,33.9092578351231
143131,33.9092578351231
143132,33.9092578351231
143133,33.9092578351231
143134,33.9092578351231
143135,33.9092578351231
143136,33.9092578351231
143137,33.9092578351231
143138,33.9092578351231
143139,33.9092578351231
143140,33.9092578351231
143141,33.9092578351231
143142,33.9092578351231
143143,33.9092578351231
143144,33.9092578351231
143145,33.9092578351231
143146,33.9092578351231
143147,33.9092578351231
143148,33.9092578351231
143149,33.9092578351231
143150,33.9092578351231
143151,33.9092578351231
143152,33.9092578351231
143153,33.9092578351231
143154,33.9092578351231
143155,33.9092578351231
143156,33.9092578351231
143157,33.9092578351231
143158,33.9092578351231
143159,33.9092578351231
143160,33.9092578351231
143161,33.9092578351231
143162,33.9092578351231
143163,33.9092578351231
143164,33.9092578351231
143165,33.9092578351231
143166,33.9092578351231
143167,33.9092578351231
143168,33.9092578351231
143169,33.9092578351231
143170,33.9092578351231
143171,33.9092578351231
143172,33.9092578351231
143173,33.9092578351231
143174,33.9092578351231
143175,33.9092578351231
143176,33.9092578351231
143177,33.9092578351231
143178,33.9092578351231
143179,33.9092578351231
143180,33.9092578351231
143181,33.9092578351231
143182,33.9092578351231
143183,33.9092578351231
143184,33.9092578351231
143185,33.9092578351231
143186,33.9092578351231
143187,33.9092578351231
143188,33.9092578351231
143189,33.9092578351231
143190,33.9092578351231
143191,33.9092578351231
143192,33.9092578351231
143193,33.9092578351231
143194,33.9092578351231
143195,33.9092578351231
143196,33.9092578351231
143197,33.9092578351231
143198,33.9092578351231
143199,33.9092578351231
143200,33.9092578351231
143201,33.9092578351231
143202,33.9092578351231
143203,33.9092578351231
143204,33.9092578351231
143205,33.9092578351231
143206,33.9092578351231
143207,33.9092578351231
143208,33.9092578351231
143209,33.9092578351231
143210,33.9092578351231
143211,33.9092578351231
143212,33.9092578351231
143213,33.9092578351231
143214,33.9092578351231
143215,33.9092578351231
143216,33.9092578351231
143217,33.9092578351231
143218,33.9092578351231
143219,33.9092578351231
143220,33.9092578351231
143221,33.9092578351231
143222,33.9092578351231
143223,33.9092578351231
143224,33.9092578351231
143225,33.9092578351231
143226,33.9092578351231
143227,33.9092578351231
143228,33.9092578351231
143229,33.9092578351231
143230,33.9092578351231
143231,33.9092578351231
143232,33.9092578351231
143233,33.9092578351231
143234,33.9092578351231
143235,33.9092578351231
143236,33.9092578351231
143237,33.9092578351231
143238,33.9092578351231
143239,33.9092578351231
143240,33.9092578351231
143241,33.9092578351231
143242,33.9092578351231
143243,33.9092578351231
143244,33.9092578351231
143245,33.9092578351231
143246,33.9092578351231
143247,33.9092578351231
143248,33.9092578351231
143249,33.9092578351231
143250,33.9092578351231
143251,33.9092578351231
143252,33.9092578351231
143253,33.9092578351231
143254,33.9092578351231
143255,33.9092578351231
143256,33.9092578351231
143257,33.9092578351231
143258,33.9092578351231
143259,33.9092578351231
143260,33.9092578351231
143261,33.9092578351231
143262,33.9092578351231
143263,33.9092578351231
143264,33.9092578351231
143265,33.9092578351231
143266,33.9092578351231
143267,33.9092578351231
143268,33.9092578351231
143269,33.9092578351231
143270,33.9092578351231
143271,33.9092578351231
143272,33.9092578351231
143273,33.9092578351231
143274,33.9092578351231
143275,33.9092578351231
143276,33.9092578351231
143277,33.9092578351231
143278,33.9092578351231
143279,33.9092578351231
143280,33.9092578351231
143281,33.9092578351231
143282,33.9092578351231
143283,33.9092578351231
143284,33.9092578351231
143285,33.9092578351231
143286,33.9092578351231
143287,33.9092578351231
143288,33.9092578351231
143289,33.9092578351231
143290,33.9092578351231
143291,33.9092578351231
143292,33.9092578351231
143293,33.9092578351231
143294,33.9092578351231
143295,33.9092578351231
143296,33.9092578351231
143297,33.9092578351231
143298,33.9092578351231
143299,33.9092578351231
143300,33.9092578351231
143301,33.9092578351231
143302,33.9092578351231
143303,33.9092578351231
143304,33.9092578351231
143305,33.9092578351231
143306,33.9092578351231
143307,33.9092578351231
143308,33.9092578351231
143309,33.9092578351231
143310,33.9092578351231
143311,33.9092578351231
143312,33.9092578351231
143313,33.9092578351231
143314,33.9092578351231
143315,33.9092578351231
143316,33.9092578351231
143317,33.9092578351231
143318,33.9092578351231
143319,33.9092578351231
143320,33.9092578351231
143321,33.9092578351231
143322,33.9092578351231
143323,33.9092578351231
143324,33.9092578351231
143325,33.9092578351231
143326,33.9092578351231
143327,33.9092578351231
143328,33.9092578351231
143329,33.9092578351231
143330,33.9092578351231
143331,33.9092578351231
143332,33.9092578351231
143333,33.9092578351231
143334,33.9092578351231
143335,33.9092578351231
143336,33.9092578351231
143337,33.9092578351231
143338,33.9092578351231
143339,33.9092578351231
143340,33.9092578351231
143341,33.9092578351231
143342,33.9092578351231
143343,33.9092578351231
143344,33.9092578351231
143345,33.9092578351231
143346,33.9092578351231
143347,33.9092578351231
143348,33.9092578351231
143349,33.9092578351231
143350,33.9092578351231
143351,33.9092578351231
143352,33.9092578351231
143353,33.9092578351231
143354,33.9092578351231
143355,33.9092578351231
143356,33.9092578351231
143357,33.9092578351231
143358,33.9092578351231
143359,33.9092578351231
143360,33.9092578351231
143361,33.9092578351231
143362,33.9092578351231
143363,33.9092578351231
143364,33.9092578351231
143365,33.9092578351231
143366,33.9092578351231
143367,33.9092578351231
143368,33.9092578351231
143369,33.9092578351231
143370,33.9092578351231
143371,33.9092578351231
143372,33.9092578351231
143373,33.9092578351231
143374,33.9092578351231
143375,33.9092578351231
143376,33.9092578351231
143377,33.9092578351231
143378,33.9092578351231
143379,33.9092578351231
143380,33.9092578351231
143381,33.9092578351231
143382,33.9092578351231
143383,33.9092578351231
143384,33.9092578351231
143385,33.9092578351231
143386,33.9092578351231
143387,33.9092578351231
143388,33.9092578351231
143389,33.9092578351231
143390,33.9092578351231
143391,33.9092578351231
143392,33.9092578351231
143393,33.9092578351231
143394,33.9092578351231
143395,33.9092578351231
143396,33.9092578351231
143397,33.9092578351231
143398,33.9092578351231
143399,33.9092578351231
143400,33.9092578351231
143401,33.9092578351231
143402,33.9092578351231
143403,33.9092578351231
143404,33.9092578351231
143405,33.9092578351231
143406,33.9092578351231
143407,33.9092578351231
143408,33.9092578351231
143409,33.9092578351231
143410,33.9092578351231
143411,33.9092578351231
143412,33.9092578351231
143413,33.9092578351231
143414,33.9092578351231
143415,33.9092578351231
143416,33.9092578351231
143417,33.9092578351231
143418,33.9092578351231
143419,33.9092578351231
143420,33.9092578351231
143421,33.9092578351231
143422,33.9092578351231
143423,33.9092578351231
143424,33.9092578351231
143425,33.9092578351231
143426,33.9092578351231
143427,33.9092578351231
143428,33.9092578351231
143429,33.9092578351231
143430,33.9092578351231
143431,33.9092578351231
143432,33.9092578351231
143433,33.9092578351231
143434,33.9092578351231
143435,33.9092578351231
143436,33.9092578351231
143437,33.9092578351231
143438,33.9092578351231
143439,33.9092578351231
143440,33.9092578351231
143441,33.9092578351231
143442,33.9092578351231
143443,33.9092578351231
143444,33.9092578351231
143445,33.9092578351231
143446,33.9092578351231
143447,33.9092578351231
143448,33.9092578351231
143449,33.9092578351231
143450,33.9092578351231
143451,33.9092578351231
143452,33.9092578351231
143453,33.9092578351231
143454,33.9092578351231
143455,33.9092578351231
143456,33.9092578351231
143457,33.9092578351231
143458,33.9092578351231
143459,33.9092578351231
143460,33.9092578351231
143461,33.9092578351231
143462,33.9092578351231
143463,33.9092578351231
143464,33.9092578351231
143465,33.9092578351231
143466,33.9092578351231
143467,33.9092578351231
143468,33.9092578351231
143469,33.9092578351231
143470,33.9092578351231
143471,33.9092578351231
143472,33.9092578351231
143473,33.9092578351231
143474,33.9092578351231
143475,33.9092578351231
143476,33.9092578351231
143477,33.9092578351231
143478,33.9092578351231
143479,33.9092578351231
143480,33.9092578351231
143481,33.9092578351231
143482,33.9092578351231
143483,33.9092578351231
143484,33.9092578351231
143485,33.9092578351231
143486,33.9092578351231
143487,33.9092578351231
143488,33.9092578351231
143489,33.9092578351231
143490,33.9092578351231
143491,33.9092578351231
143492,33.9092578351231
143493,33.9092578351231
143494,33.9092578351231
143495,33.9092578351231
143496,33.9092578351231
143497,33.9092578351231
143498,33.9092578351231
143499,33.9092578351231
143500,33.9092578351231
143501,33.9092578351231
143502,33.9092578351231
143503,33.9092578351231
143504,33.9092578351231
143505,33.9092578351231
143506,33.9092578351231
143507,33.9092578351231
143508,33.9092578351231
143509,33.9092578351231
143510,33.9092578351231
143511,33.9092578351231
143512,33.9092578351231
143513,33.9092578351231
143514,33.9092578351231
143515,33.9092578351231
143516,33.9092578351231
143517,33.9092578351231
143518,33.9092578351231
143519,33.9092578351231
143520,33.9092578351231
143521,33.9092578351231
143522,33.9092578351231
143523,33.9092578351231
143524,33.9092578351231
143525,33.9092578351231
143526,33.9092578351231
143527,33.9092578351231
143528,33.9092578351231
143529,33.9092578351231
143530,33.9092578351231
143531,33.9092578351231
143532,33.9092578351231
143533,33.9092578351231
143534,33.9092578351231
143535,33.9092578351231
143536,33.9092578351231
143537,33.9092578351231
143538,33.9092578351231
143539,33.9092578351231
143540,33.9092578351231
143541,33.9092578351231
143542,33.9092578351231
143543,33.9092578351231
143544,33.9092578351231
143545,33.9092578351231
143546,33.9092578351231
143547,33.9092578351231
143548,33.9092578351231
143549,33.9092578351231
143550,33.9092578351231
143551,33.9092578351231
143552,33.9092578351231
143553,33.9092578351231
143554,33.9092578351231
143555,33.9092578351231
143556,33.9092578351231
143557,33.9092578351231
143558,33.9092578351231
143559,33.9092578351231
143560,33.9092578351231
143561,33.9092578351231
143562,33.9092578351231
143563,33.9092578351231
143564,33.9092578351231
143565,33.9092578351231
143566,33.9092578351231
143567,33.9092578351231
143568,33.9092578351231
143569,33.9092578351231
143570,33.9092578351231
143571,33.9092578351231
143572,33.9092578351231
143573,33.9092578351231
143574,33.9092578351231
143575,33.9092578351231
143576,33.9092578351231
143577,33.9092578351231
143578,33.9092578351231
143579,33.9092578351231
143580,33.9092578351231
143581,33.9092578351231
143582,33.9092578351231
143583,33.9092578351231
143584,33.9092578351231
143585,33.9092578351231
143586,33.9092578351231
143587,33.9092578351231
143588,33.9092578351231
143589,33.9092578351231
143590,33.9092578351231
143591,33.9092578351231
143592,33.9092578351231
143593,33.9092578351231
143594,33.9092578351231
143595,33.9092578351231
143596,33.9092578351231
143597,33.9092578351231
143598,33.9092578351231
143599,33.9092578351231
143600,33.9092578351231
143601,33.9092578351231
143602,33.9092578351231
143603,33.9092578351231
143604,33.9092578351231
143605,33.9092578351231
143606,33.9092578351231
143607,33.9092578351231
143608,33.9092578351231
143609,33.9092578351231
143610,33.9092578351231
143611,33.9092578351231
143612,33.9092578351231
143613,33.9092578351231
143614,33.9092578351231
143615,33.9092578351231
143616,33.9092578351231
143617,33.9092578351231
143618,33.9092578351231
143619,33.9092578351231
143620,33.9092578351231
143621,33.9092578351231
143622,33.9092578351231
143623,33.9092578351231
143624,33.9092578351231
143625,33.9092578351231
143626,33.9092578351231
143627,33.9092578351231
143628,33.9092578351231
143629,33.9092578351231
143630,33.9092578351231
143631,33.9092578351231
143632,33.9092578351231
143633,33.9092578351231
143634,33.9092578351231
143635,33.9092578351231
143636,33.9092578351231
143637,33.9092578351231
143638,33.9092578351231
143639,33.9092578351231
143640,33.9092578351231
143641,33.9092578351231
143642,33.9092578351231
143643,33.9092578351231
143644,33.9092578351231
143645,33.9092578351231
143646,33.9092578351231
143647,33.9092578351231
143648,33.9092578351231
143649,33.9092578351231
143650,33.9092578351231
143651,33.9092578351231
143652,33.9092578351231
143653,33.9092578351231
143654,33.9092578351231
143655,33.9092578351231
143656,33.9092578351231
143657,33.9092578351231
143658,33.9092578351231
143659,33.9092578351231
143660,33.9092578351231
143661,33.9092578351231
143662,33.9092578351231
143663,33.9092578351231
143664,33.9092578351231
143665,33.9092578351231
143666,33.9092578351231
143667,33.9092578351231
143668,33.9092578351231
143669,33.9092578351231
143670,33.9092578351231
143671,33.9092578351231
143672,33.9092578351231
143673,33.9092578351231
143674,33.9092578351231
143675,33.9092578351231
143676,33.9092578351231
143677,33.9092578351231
143678,33.9092578351231
143679,33.9092578351231
143680,33.9092578351231
143681,33.9092578351231
143682,33.9092578351231
143683,33.9092578351231
143684,33.9092578351231
143685,33.9092578351231
143686,33.9092578351231
143687,33.9092578351231
143688,33.9092578351231
143689,33.9092578351231
143690,33.9092578351231
143691,33.9092578351231
143692,33.9092578351231
143693,33.9092578351231
143694,33.9092578351231
143695,33.9092578351231
143696,33.9092578351231
143697,33.9092578351231
143698,33.9092578351231
143699,33.9092578351231
143700,33.9092578351231
143701,33.9092578351231
143702,33.9092578351231
143703,33.9092578351231
143704,33.9092578351231
143705,33.9092578351231
143706,33.9092578351231
143707,33.9092578351231
143708,33.9092578351231
143709,33.9092578351231
143710,33.9092578351231
143711,33.9092578351231
143712,33.9092578351231
143713,33.9092578351231
143714,33.9092578351231
143715,33.9092578351231
143716,33.9092578351231
143717,33.9092578351231
143718,33.9092578351231
143719,33.9092578351231
143720,33.9092578351231
143721,33.9092578351231
143722,33.9092578351231
143723,33.9092578351231
143724,33.9092578351231
143725,33.9092578351231
143726,33.9092578351231
143727,33.9092578351231
143728,33.9092578351231
143729,33.9092578351231
143730,33.9092578351231
143731,33.9092578351231
143732,33.9092578351231
143733,33.9092578351231
143734,33.9092578351231
143735,33.9092578351231
143736,33.9092578351231
143737,33.9092578351231
143738,33.9092578351231
143739,33.9092578351231
143740,33.9092578351231
143741,33.9092578351231
143742,33.9092578351231
143743,33.9092578351231
143744,33.9092578351231
143745,33.9092578351231
143746,33.9092578351231
143747,33.9092578351231
143748,33.9092578351231
143749,33.9092578351231
143750,33.9092578351231
143751,33.9092578351231
143752,33.9092578351231
143753,33.9092578351231
143754,33.9092578351231
143755,33.9092578351231
143756,33.9092578351231
143757,33.9092578351231
143758,33.9092578351231
143759,33.9092578351231
143760,33.9092578351231
143761,33.9092578351231
143762,33.9092578351231
143763,33.9092578351231
143764,33.9092578351231
143765,33.9092578351231
143766,33.9092578351231
143767,33.9092578351231
143768,33.9092578351231
143769,33.9092578351231
143770,33.9092578351231
143771,33.9092578351231
143772,33.9092578351231
143773,33.9092578351231
143774,33.9092578351231
143775,33.9092578351231
143776,33.9092578351231
143777,33.9092578351231
143778,33.9092578351231
143779,33.9092578351231
143780,33.9092578351231
143781,33.9092578351231
143782,33.9092578351231
143783,33.9092578351231
143784,33.9092578351231
143785,33.9092578351231
143786,33.9092578351231
143787,33.9092578351231
143788,33.9092578351231
143789,33.9092578351231
143790,33.9092578351231
143791,33.9092578351231
143792,33.9092578351231
143793,33.9092578351231
143794,33.9092578351231
143795,33.9092578351231
143796,33.9092578351231
143797,33.9092578351231
143798,33.9092578351231
143799,33.9092578351231
143800,33.9092578351231
143801,33.9092578351231
143802,33.9092578351231
143803,33.9092578351231
143804,33.9092578351231
143805,33.9092578351231
143806,33.9092578351231
143807,33.9092578351231
143808,33.9092578351231
143809,33.9092578351231
143810,33.9092578351231
143811,33.9092578351231
143812,33.9092578351231
143813,33.9092578351231
143814,33.9092578351231
143815,33.9092578351231
143816,33.9092578351231
143817,33.9092578351231
143818,33.9092578351231
143819,33.9092578351231
143820,33.9092578351231
143821,33.9092578351231
143822,33.9092578351231
143823,33.9092578351231
143824,33.9092578351231
143825,33.9092578351231
143826,33.9092578351231
143827,33.9092578351231
143828,33.9092578351231
143829,33.9092578351231
143830,33.9092578351231
143831,33.9092578351231
143832,33.9092578351231
143833,33.9092578351231
143834,33.9092578351231
143835,33.9092578351231
143836,33.9092578351231
143837,33.9092578351231
143838,33.9092578351231
143839,33.9092578351231
143840,33.9092578351231
143841,33.9092578351231
143842,33.9092578351231
143843,33.9092578351231
143844,33.9092578351231
143845,33.9092578351231
143846,33.9092578351231
143847,33.9092578351231
143848,33.9092578351231
143849,33.9092578351231
143850,33.9092578351231
143851,33.9092578351231
143852,33.9092578351231
143853,33.9092578351231
143854,33.9092578351231
143855,33.9092578351231
143856,33.9092578351231
143857,33.9092578351231
143858,33.9092578351231
143859,33.9092578351231
143860,33.9092578351231
143861,33.9092578351231
143862,33.9092578351231
143863,33.9092578351231
143864,33.9092578351231
143865,33.9092578351231
143866,33.9092578351231
143867,33.9092578351231
143868,33.9092578351231
143869,33.9092578351231
143870,33.9092578351231
143871,33.9092578351231
143872,33.9092578351231
143873,33.9092578351231
143874,33.9092578351231
143875,33.9092578351231
143876,33.9092578351231
143877,33.9092578351231
143878,33.9092578351231
143879,33.9092578351231
143880,33.9092578351231
143881,33.9092578351231
143882,33.9092578351231
143883,33.9092578351231
143884,33.9092578351231
143885,33.9092578351231
143886,33.9092578351231
143887,33.9092578351231
143888,33.9092578351231
143889,33.9092578351231
143890,33.9092578351231
143891,33.9092578351231
143892,33.9092578351231
143893,33.9092578351231
143894,33.9092578351231
143895,33.9092578351231
143896,33.9092578351231
143897,33.9092578351231
143898,33.9092578351231
143899,33.9092578351231
143900,33.9092578351231
143901,33.9092578351231
143902,33.9092578351231
143903,33.9092578351231
143904,33.9092578351231
143905,33.9092578351231
143906,33.9092578351231
143907,33.9092578351231
143908,33.9092578351231
143909,33.9092578351231
143910,33.9092578351231
143911,33.9092578351231
143912,33.9092578351231
143913,33.9092578351231
143914,33.9092578351231
143915,33.9092578351231
143916,33.9092578351231
143917,33.9092578351231
143918,33.9092578351231
143919,33.9092578351231
143920,33.9092578351231
143921,33.9092578351231
143922,33.9092578351231
143923,33.9092578351231
143924,33.9092578351231
143925,33.9092578351231
143926,33.9092578351231
143927,33.9092578351231
143928,33.9092578351231
143929,33.9092578351231
143930,33.9092578351231
143931,33.9092578351231
143932,33.9092578351231
143933,33.9092578351231
143934,33.9092578351231
143935,33.9092578351231
143936,33.9092578351231
143937,33.9092578351231
143938,33.9092578351231
143939,33.9092578351231
143940,33.9092578351231
143941,33.9092578351231
143942,33.9092578351231
143943,33.9092578351231
143944,33.9092578351231
143945,33.9092578351231
143946,33.9092578351231
143947,33.9092578351231
143948,33.9092578351231
143949,33.9092578351231
143950,33.9092578351231
143951,33.9092578351231
143952,33.9092578351231
143953,33.9092578351231
143954,33.9092578351231
143955,33.9092578351231
143956,33.9092578351231
143957,33.9092578351231
143958,33.9092578351231
143959,33.9092578351231
143960,33.9092578351231
143961,33.9092578351231
143962,33.9092578351231
143963,33.9092578351231
143964,33.9092578351231
143965,33.9092578351231
143966,33.9092578351231
143967,33.9092578351231
143968,33.9092578351231
143969,33.9092578351231
143970,33.9092578351231
143971,33.9092578351231
143972,33.9092578351231
143973,33.9092578351231
143974,33.9092578351231
143975,33.9092578351231
143976,33.9092578351231
143977,33.9092578351231
143978,33.9092578351231
143979,33.9092578351231
143980,33.9092578351231
143981,33.9092578351231
143982,33.9092578351231
143983,33.9092578351231
143984,33.9092578351231
143985,33.9092578351231
143986,33.9092578351231
143987,33.9092578351231
143988,33.9092578351231
143989,33.9092578351231
143990,33.9092578351231
143991,33.9092578351231
143992,33.9092578351231
143993,33.9092578351231
143994,33.9092578351231
143995,33.9092578351231
143996,33.9092578351231
143997,33.9092578351231
143998,33.9092578351231
143999,33.9092578351231
144000,33.9092578351231
144001,33.9092578351231
144002,33.9092578351231
144003,33.9092578351231
144004,33.9092578351231
144005,33.9092578351231
144006,33.9092578351231
144007,33.9092578351231
144008,33.9092578351231
144009,33.9092578351231
144010,33.9092578351231
144011,33.9092578351231
144012,33.9092578351231
144013,33.9092578351231
144014,33.9092578351231
144015,33.9092578351231
144016,33.9092578351231
144017,33.9092578351231
144018,33.9092578351231
144019,33.9092578351231
144020,33.9092578351231
144021,33.9092578351231
144022,33.9092578351231
144023,33.9092578351231
144024,33.9092578351231
144025,33.9092578351231
144026,33.9092578351231
144027,33.9092578351231
144028,33.9092578351231
144029,33.9092578351231
144030,33.9092578351231
144031,33.9092578351231
144032,33.9092578351231
144033,33.9092578351231
144034,33.9092578351231
144035,33.9092578351231
144036,33.9092578351231
144037,33.9092578351231
144038,33.9092578351231
144039,33.9092578351231
144040,33.9092578351231
144041,33.9092578351231
144042,33.9092578351231
144043,33.9092578351231
144044,33.9092578351231
144045,33.9092578351231
144046,33.9092578351231
144047,33.9092578351231
144048,33.9092578351231
144049,33.9092578351231
144050,33.9092578351231
144051,33.9092578351231
144052,33.9092578351231
144053,33.9092578351231
144054,33.9092578351231
144055,33.9092578351231
144056,33.9092578351231
144057,33.9092578351231
144058,33.9092578351231
144059,33.9092578351231
144060,33.9092578351231
144061,33.9092578351231
144062,33.9092578351231
144063,33.9092578351231
144064,33.9092578351231
144065,33.9092578351231
144066,33.9092578351231
144067,33.9092578351231
144068,33.9092578351231
144069,33.9092578351231
144070,33.9092578351231
144071,33.9092578351231
144072,33.9092578351231
144073,33.9092578351231
144074,33.9092578351231
144075,33.9092578351231
144076,33.9092578351231
144077,33.9092578351231
144078,33.9092578351231
144079,33.9092578351231
144080,33.9092578351231
144081,33.9092578351231
144082,33.9092578351231
144083,33.9092578351231
144084,33.9092578351231
144085,33.9092578351231
144086,33.9092578351231
144087,33.9092578351231
144088,33.9092578351231
144089,33.9092578351231
144090,33.9092578351231
144091,33.9092578351231
144092,33.9092578351231
144093,33.9092578351231
144094,33.9092578351231
144095,33.9092578351231
144096,33.9092578351231
144097,33.9092578351231
144098,33.9092578351231
144099,33.9092578351231
144100,33.9092578351231
144101,33.9092578351231
144102,33.9092578351231
144103,33.9092578351231
144104,33.9092578351231
144105,33.9092578351231
144106,33.9092578351231
144107,33.9092578351231
144108,33.9092578351231
144109,33.9092578351231
144110,33.9092578351231
144111,33.9092578351231
144112,33.9092578351231
144113,33.9092578351231
144114,33.9092578351231
144115,33.9092578351231
144116,33.9092578351231
144117,33.9092578351231
144118,33.9092578351231
144119,33.9092578351231
144120,33.9092578351231
144121,33.9092578351231
144122,33.9092578351231
144123,33.9092578351231
144124,33.9092578351231
144125,33.9092578351231
144126,33.9092578351231
144127,33.9092578351231
144128,33.9092578351231
144129,33.9092578351231
144130,33.9092578351231
144131,33.9092578351231
144132,33.9092578351231
144133,33.9092578351231
144134,33.9092578351231
144135,33.9092578351231
144136,33.9092578351231
144137,33.9092578351231
144138,33.9092578351231
144139,33.9092578351231
144140,33.9092578351231
144141,33.9092578351231
144142,33.9092578351231
144143,33.9092578351231
144144,33.9092578351231
144145,33.9092578351231
144146,33.9092578351231
144147,33.9092578351231
144148,33.9092578351231
144149,33.9092578351231
144150,33.9092578351231
144151,33.9092578351231
144152,33.9092578351231
144153,33.9092578351231
144154,33.9092578351231
144155,33.9092578351231
144156,33.9092578351231
144157,33.9092578351231
144158,33.9092578351231
144159,33.9092578351231
144160,33.9092578351231
144161,33.9092578351231
144162,33.9092578351231
144163,33.9092578351231
144164,33.9092578351231
144165,33.9092578351231
144166,33.9092578351231
144167,33.9092578351231
144168,33.9092578351231
144169,33.9092578351231
144170,33.9092578351231
144171,33.9092578351231
144172,33.9092578351231
144173,33.9092578351231
144174,33.9092578351231
144175,33.9092578351231
144176,33.9092578351231
144177,33.9092578351231
144178,33.9092578351231
144179,33.9092578351231
144180,33.9092578351231
144181,33.9092578351231
144182,33.9092578351231
144183,33.9092578351231
144184,33.9092578351231
144185,33.9092578351231
144186,33.9092578351231
144187,33.9092578351231
144188,33.9092578351231
144189,33.9092578351231
144190,33.9092578351231
144191,33.9092578351231
144192,33.9092578351231
144193,33.9092578351231
144194,33.9092578351231
144195,33.9092578351231
144196,33.9092578351231
144197,33.9092578351231
144198,33.9092578351231
144199,33.9092578351231
144200,33.9092578351231
144201,33.9092578351231
144202,33.9092578351231
144203,33.9092578351231
144204,33.9092578351231
144205,33.9092578351231
144206,33.9092578351231
144207,33.9092578351231
144208,33.9092578351231
144209,33.9092578351231
144210,33.9092578351231
144211,33.9092578351231
144212,33.9092578351231
144213,33.9092578351231
144214,33.9092578351231
144215,33.9092578351231
144216,33.9092578351231
144217,33.9092578351231
144218,33.9092578351231
144219,33.9092578351231
144220,33.9092578351231
144221,33.9092578351231
144222,33.9092578351231
144223,33.9092578351231
144224,33.9092578351231
144225,33.9092578351231
144226,33.9092578351231
144227,33.9092578351231
144228,33.9092578351231
144229,33.9092578351231
144230,33.9092578351231
144231,33.9092578351231
144232,33.9092578351231
144233,33.9092578351231
144234,33.9092578351231
144235,33.9092578351231
144236,33.9092578351231
144237,33.9092578351231
144238,33.9092578351231
144239,33.9092578351231
144240,33.9092578351231
144241,33.9092578351231
144242,33.9092578351231
144243,33.9092578351231
144244,33.9092578351231
144245,33.9092578351231
144246,33.9092578351231
144247,33.9092578351231
144248,33.9092578351231
144249,33.9092578351231
144250,33.9092578351231
144251,33.9092578351231
144252,33.9092578351231
144253,33.9092578351231
144254,33.9092578351231
144255,33.9092578351231
144256,33.9092578351231
144257,33.9092578351231
144258,33.9092578351231
144259,33.9092578351231
144260,33.9092578351231
144261,33.9092578351231
144262,33.9092578351231
144263,33.9092578351231
144264,33.9092578351231
144265,33.9092578351231
144266,33.9092578351231
144267,33.9092578351231
144268,33.9092578351231
144269,33.9092578351231
144270,33.9092578351231
144271,33.9092578351231
144272,33.9092578351231
144273,33.9092578351231
144274,33.9092578351231
144275,33.9092578351231
144276,33.9092578351231
144277,33.9092578351231
144278,33.9092578351231
144279,33.9092578351231
144280,33.9092578351231
144281,33.9092578351231
144282,33.9092578351231
144283,33.9092578351231
144284,33.9092578351231
144285,33.9092578351231
144286,33.9092578351231
144287,33.9092578351231
144288,33.9092578351231
144289,33.9092578351231
144290,33.9092578351231
144291,33.9092578351231
144292,33.9092578351231
144293,33.9092578351231
144294,33.9092578351231
144295,33.9092578351231
144296,33.9092578351231
144297,33.9092578351231
144298,33.9092578351231
144299,33.9092578351231
144300,33.9092578351231
144301,33.9092578351231
144302,33.9092578351231
144303,33.9092578351231
144304,33.9092578351231
144305,33.9092578351231
144306,33.9092578351231
144307,33.9092578351231
144308,33.9092578351231
144309,33.9092578351231
144310,33.9092578351231
144311,33.9092578351231
144312,33.9092578351231
144313,33.9092578351231
144314,33.9092578351231
144315,33.9092578351231
144316,33.9092578351231
144317,33.9092578351231
144318,33.9092578351231
144319,33.9092578351231
144320,33.9092578351231
144321,33.9092578351231
144322,33.9092578351231
144323,33.9092578351231
144324,33.9092578351231
144325,33.9092578351231
144326,33.9092578351231
144327,33.9092578351231
144328,33.9092578351231
144329,33.9092578351231
144330,33.9092578351231
144331,33.9092578351231
144332,33.9092578351231
144333,33.9092578351231
144334,33.9092578351231
144335,33.9092578351231
144336,33.9092578351231
144337,33.9092578351231
144338,33.9092578351231
144339,33.9092578351231
144340,33.9092578351231
144341,33.9092578351231
144342,33.9092578351231
144343,33.9092578351231
144344,33.9092578351231
144345,33.9092578351231
144346,33.9092578351231
144347,33.9092578351231
144348,33.9092578351231
144349,33.9092578351231
144350,33.9092578351231
144351,33.9092578351231
144352,33.9092578351231
144353,33.9092578351231
144354,33.9092578351231
144355,33.9092578351231
144356,33.9092578351231
144357,33.9092578351231
144358,33.9092578351231
144359,33.9092578351231
144360,33.9092578351231
144361,33.9092578351231
144362,33.9092578351231
144363,33.9092578351231
144364,33.9092578351231
144365,33.9092578351231
144366,33.9092578351231
144367,33.9092578351231
144368,33.9092578351231
144369,33.9092578351231
144370,33.9092578351231
144371,33.9092578351231
144372,33.9092578351231
144373,33.9092578351231
144374,33.9092578351231
144375,33.9092578351231
144376,33.9092578351231
144377,33.9092578351231
144378,33.9092578351231
144379,33.9092578351231
144380,33.9092578351231
144381,33.9092578351231
144382,33.9092578351231
144383,33.9092578351231
144384,33.9092578351231
144385,33.9092578351231
144386,33.9092578351231
144387,33.9092578351231
144388,33.9092578351231
144389,33.9092578351231
144390,33.9092578351231
144391,33.9092578351231
144392,33.9092578351231
144393,33.9092578351231
144394,33.9092578351231
144395,33.9092578351231
144396,33.9092578351231
144397,33.9092578351231
144398,33.9092578351231
144399,33.9092578351231
144400,33.9092578351231
144401,33.9092578351231
144402,33.9092578351231
144403,33.9092578351231
144404,33.9092578351231
144405,33.9092578351231
144406,33.9092578351231
144407,33.9092578351231
144408,33.9092578351231
144409,33.9092578351231
144410,33.9092578351231
144411,33.9092578351231
144412,33.9092578351231
144413,33.9092578351231
144414,33.9092578351231
144415,33.9092578351231
144416,33.9092578351231
144417,33.9092578351231
144418,33.9092578351231
144419,33.9092578351231
144420,33.9092578351231
144421,33.9092578351231
144422,33.9092578351231
144423,33.9092578351231
144424,33.9092578351231
144425,33.9092578351231
144426,33.9092578351231
144427,33.9092578351231
144428,33.9092578351231
144429,33.9092578351231
144430,33.9092578351231
144431,33.9092578351231
144432,33.9092578351231
144433,33.9092578351231
144434,33.9092578351231
144435,33.9092578351231
144436,33.9092578351231
144437,33.9092578351231
144438,33.9092578351231
144439,33.9092578351231
144440,33.9092578351231
144441,33.9092578351231
144442,33.9092578351231
144443,33.9092578351231
144444,33.9092578351231
144445,33.9092578351231
144446,33.9092578351231
144447,33.9092578351231
144448,33.9092578351231
144449,33.9092578351231
144450,33.9092578351231
144451,33.9092578351231
144452,33.9092578351231
144453,33.9092578351231
144454,33.9092578351231
144455,33.9092578351231
144456,33.9092578351231
144457,33.9092578351231
144458,33.9092578351231
144459,33.9092578351231
144460,33.9092578351231
144461,33.9092578351231
144462,33.9092578351231
144463,33.9092578351231
144464,33.9092578351231
144465,33.9092578351231
144466,33.9092578351231
144467,33.9092578351231
144468,33.9092578351231
144469,33.9092578351231
144470,33.9092578351231
144471,33.9092578351231
144472,33.9092578351231
144473,33.9092578351231
144474,33.9092578351231
144475,33.9092578351231
144476,33.9092578351231
144477,33.9092578351231
144478,33.9092578351231
144479,33.9092578351231
144480,33.9092578351231
144481,33.9092578351231
144482,33.9092578351231
144483,33.9092578351231
144484,33.9092578351231
144485,33.9092578351231
144486,33.9092578351231
144487,33.9092578351231
144488,33.9092578351231
144489,33.9092578351231
144490,33.9092578351231
144491,33.9092578351231
144492,33.9092578351231
144493,33.9092578351231
144494,33.9092578351231
144495,33.9092578351231
144496,33.9092578351231
144497,33.9092578351231
144498,33.9092578351231
144499,33.9092578351231
144500,33.9092578351231
144501,33.9092578351231
144502,33.9092578351231
144503,33.9092578351231
144504,33.9092578351231
144505,33.9092578351231
144506,33.9092578351231
144507,33.9092578351231
144508,33.9092578351231
144509,33.9092578351231
144510,33.9092578351231
144511,33.9092578351231
144512,33.9092578351231
144513,33.9092578351231
144514,33.9092578351231
144515,33.9092578351231
144516,33.9092578351231
144517,33.9092578351231
144518,33.9092578351231
144519,33.9092578351231
144520,33.9092578351231
144521,33.9092578351231
144522,33.9092578351231
144523,33.9092578351231
144524,33.9092578351231
144525,33.9092578351231
144526,33.9092578351231
144527,33.9092578351231
144528,33.9092578351231
144529,33.9092578351231
144530,33.9092578351231
144531,33.9092578351231
144532,33.9092578351231
144533,33.9092578351231
144534,33.9092578351231
144535,33.9092578351231
144536,33.9092578351231
144537,33.9092578351231
144538,33.9092578351231
144539,33.9092578351231
144540,33.9092578351231
144541,33.9092578351231
144542,33.9092578351231
144543,33.9092578351231
144544,33.9092578351231
144545,33.9092578351231
144546,33.9092578351231
144547,33.9092578351231
144548,33.9092578351231
144549,33.9092578351231
144550,33.9092578351231
144551,33.9092578351231
144552,33.9092578351231
144553,33.9092578351231
144554,33.9092578351231
144555,33.9092578351231
144556,33.9092578351231
144557,33.9092578351231
144558,33.9092578351231
144559,33.9092578351231
144560,33.9092578351231
144561,33.9092578351231
144562,33.9092578351231
144563,33.9092578351231
144564,33.9092578351231
144565,33.9092578351231
144566,33.9092578351231
144567,33.9092578351231
144568,33.9092578351231
144569,33.9092578351231
144570,33.9092578351231
144571,33.9092578351231
144572,33.9092578351231
144573,33.9092578351231
144574,33.9092578351231
144575,33.9092578351231
144576,33.9092578351231
144577,33.9092578351231
144578,33.9092578351231
144579,33.9092578351231
144580,33.9092578351231
144581,33.9092578351231
144582,33.9092578351231
144583,33.9092578351231
144584,33.9092578351231
144585,33.9092578351231
144586,33.9092578351231
144587,33.9092578351231
144588,33.9092578351231
144589,33.9092578351231
144590,33.9092578351231
144591,33.9092578351231
144592,33.9092578351231
144593,33.9092578351231
144594,33.9092578351231
144595,33.9092578351231
144596,33.9092578351231
144597,33.9092578351231
144598,33.9092578351231
144599,33.9092578351231
144600,33.9092578351231
144601,33.9092578351231
144602,33.9092578351231
144603,33.9092578351231
144604,33.9092578351231
144605,33.9092578351231
144606,33.9092578351231
144607,33.9092578351231
144608,33.9092578351231
144609,33.9092578351231
144610,33.9092578351231
144611,33.9092578351231
144612,33.9092578351231
144613,33.9092578351231
144614,33.9092578351231
144615,33.9092578351231
144616,33.9092578351231
144617,33.9092578351231
144618,33.9092578351231
144619,33.9092578351231
144620,33.9092578351231
144621,33.9092578351231
144622,33.9092578351231
144623,33.9092578351231
144624,33.9092578351231
144625,33.9092578351231
144626,33.9092578351231
144627,33.9092578351231
144628,33.9092578351231
144629,33.9092578351231
144630,33.9092578351231
144631,33.9092578351231
144632,33.9092578351231
144633,33.9092578351231
144634,33.9092578351231
144635,33.9092578351231
144636,33.9092578351231
144637,33.9092578351231
144638,33.9092578351231
144639,33.9092578351231
144640,33.9092578351231
144641,33.9092578351231
144642,33.9092578351231
144643,33.9092578351231
144644,33.9092578351231
144645,33.9092578351231
144646,33.9092578351231
144647,33.9092578351231
144648,33.9092578351231
144649,33.9092578351231
144650,33.9092578351231
144651,33.9092578351231
144652,33.9092578351231
144653,33.9092578351231
144654,33.9092578351231
144655,33.9092578351231
144656,33.9092578351231
144657,33.9092578351231
144658,33.9092578351231
144659,33.9092578351231
144660,33.9092578351231
144661,33.9092578351231
144662,33.9092578351231
144663,33.9092578351231
144664,33.9092578351231
144665,33.9092578351231
144666,33.9092578351231
144667,33.9092578351231
144668,33.9092578351231
144669,33.9092578351231
144670,33.9092578351231
144671,33.9092578351231
144672,33.9092578351231
144673,33.9092578351231
144674,33.9092578351231
144675,33.9092578351231
144676,33.9092578351231
144677,33.9092578351231
144678,33.9092578351231
144679,33.9092578351231
144680,33.9092578351231
144681,33.9092578351231
144682,33.9092578351231
144683,33.9092578351231
144684,33.9092578351231
144685,33.9092578351231
144686,33.9092578351231
144687,33.9092578351231
144688,33.9092578351231
144689,33.9092578351231
144690,33.9092578351231
144691,33.9092578351231
144692,33.9092578351231
144693,33.9092578351231
144694,33.9092578351231
144695,33.9092578351231
144696,33.9092578351231
144697,33.9092578351231
144698,33.9092578351231
144699,33.9092578351231
144700,33.9092578351231
144701,33.9092578351231
144702,33.9092578351231
144703,33.9092578351231
144704,33.9092578351231
144705,33.9092578351231
144706,33.9092578351231
144707,33.9092578351231
144708,33.9092578351231
144709,33.9092578351231
144710,33.9092578351231
144711,33.9092578351231
144712,33.9092578351231
144713,33.9092578351231
144714,33.9092578351231
144715,33.9092578351231
144716,33.9092578351231
144717,33.9092578351231
144718,33.9092578351231
144719,33.9092578351231
144720,33.9092578351231
144721,33.9092578351231
144722,33.9092578351231
144723,33.9092578351231
144724,33.9092578351231
144725,33.9092578351231
144726,33.9092578351231
144727,33.9092578351231
144728,33.9092578351231
144729,33.9092578351231
144730,33.9092578351231
144731,33.9092578351231
144732,33.9092578351231
144733,33.9092578351231
144734,33.9092578351231
144735,33.9092578351231
144736,33.9092578351231
144737,33.9092578351231
144738,33.9092578351231
144739,33.9092578351231
144740,33.9092578351231
144741,33.9092578351231
144742,33.9092578351231
144743,33.9092578351231
144744,33.9092578351231
144745,33.9092578351231
144746,33.9092578351231
144747,33.9092578351231
144748,33.9092578351231
144749,33.9092578351231
144750,33.9092578351231
144751,33.9092578351231
144752,33.9092578351231
144753,33.9092578351231
144754,33.9092578351231
144755,33.9092578351231
144756,33.9092578351231
144757,33.9092578351231
144758,33.9092578351231
144759,33.9092578351231
144760,33.9092578351231
144761,33.9092578351231
144762,33.9092578351231
144763,33.9092578351231
144764,33.9092578351231
144765,33.9092578351231
144766,33.9092578351231
144767,33.9092578351231
144768,33.9092578351231
144769,33.9092578351231
144770,33.9092578351231
144771,33.9092578351231
144772,33.9092578351231
144773,33.9092578351231
144774,33.9092578351231
144775,33.9092578351231
144776,33.9092578351231
144777,33.9092578351231
144778,33.9092578351231
144779,33.9092578351231
144780,33.9092578351231
144781,33.9092578351231
144782,33.9092578351231
144783,33.9092578351231
144784,33.9092578351231
144785,33.9092578351231
144786,33.9092578351231
144787,33.9092578351231
144788,33.9092578351231
144789,33.9092578351231
144790,33.9092578351231
144791,33.9092578351231
144792,33.9092578351231
144793,33.9092578351231
144794,33.9092578351231
144795,33.9092578351231
144796,33.9092578351231
144797,33.9092578351231
144798,33.9092578351231
144799,33.9092578351231
144800,33.9092578351231
144801,33.9092578351231
144802,33.9092578351231
144803,33.9092578351231
144804,33.9092578351231
144805,33.9092578351231
144806,33.9092578351231
144807,33.9092578351231
144808,33.9092578351231
144809,33.9092578351231
144810,33.9092578351231
144811,33.9092578351231
144812,33.9092578351231
144813,33.9092578351231
144814,33.9092578351231
144815,33.9092578351231
144816,33.9092578351231
144817,33.9092578351231
144818,33.9092578351231
144819,33.9092578351231
144820,33.9092578351231
144821,33.9092578351231
144822,33.9092578351231
144823,33.9092578351231
144824,33.9092578351231
144825,33.9092578351231
144826,33.9092578351231
144827,33.9092578351231
144828,33.9092578351231
144829,33.9092578351231
144830,33.9092578351231
144831,33.9092578351231
144832,33.9092578351231
144833,33.9092578351231
144834,33.9092578351231
144835,33.9092578351231
144836,33.9092578351231
144837,33.9092578351231
144838,33.9092578351231
144839,33.9092578351231
144840,33.9092578351231
144841,33.9092578351231
144842,33.9092578351231
144843,33.9092578351231
144844,33.9092578351231
144845,33.9092578351231
144846,33.9092578351231
144847,33.9092578351231
144848,33.9092578351231
144849,33.9092578351231
144850,33.9092578351231
144851,33.9092578351231
144852,33.9092578351231
144853,33.9092578351231
144854,33.9092578351231
144855,33.9092578351231
144856,33.9092578351231
144857,33.9092578351231
144858,33.9092578351231
144859,33.9092578351231
144860,33.9092578351231
144861,33.9092578351231
144862,33.9092578351231
144863,33.9092578351231
144864,33.9092578351231
144865,33.9092578351231
144866,33.9092578351231
144867,33.9092578351231
144868,33.9092578351231
144869,33.9092578351231
144870,33.9092578351231
144871,33.9092578351231
144872,33.9092578351231
144873,33.9092578351231
144874,33.9092578351231
144875,33.9092578351231
144876,33.9092578351231
144877,33.9092578351231
144878,33.9092578351231
144879,33.9092578351231
144880,33.9092578351231
144881,33.9092578351231
144882,33.9092578351231
144883,33.9092578351231
144884,33.9092578351231
144885,33.9092578351231
144886,33.9092578351231
144887,33.9092578351231
144888,33.9092578351231
144889,33.9092578351231
144890,33.9092578351231
144891,33.9092578351231
144892,33.9092578351231
144893,33.9092578351231
144894,33.9092578351231
144895,33.9092578351231
144896,33.9092578351231
144897,33.9092578351231
144898,33.9092578351231
144899,33.9092578351231
144900,33.9092578351231
144901,33.9092578351231
144902,33.9092578351231
144903,33.9092578351231
144904,33.9092578351231
144905,33.9092578351231
144906,33.9092578351231
144907,33.9092578351231
144908,33.9092578351231
144909,33.9092578351231
144910,33.9092578351231
144911,33.9092578351231
144912,33.9092578351231
144913,33.9092578351231
144914,33.9092578351231
144915,33.9092578351231
144916,33.9092578351231
144917,33.9092578351231
144918,33.9092578351231
144919,33.9092578351231
144920,33.9092578351231
144921,33.9092578351231
144922,33.9092578351231
144923,33.9092578351231
144924,33.9092578351231
144925,33.9092578351231
144926,33.9092578351231
144927,33.9092578351231
144928,33.9092578351231
144929,33.9092578351231
144930,33.9092578351231
144931,33.9092578351231
144932,33.9092578351231
144933,33.9092578351231
144934,33.9092578351231
144935,33.9092578351231
144936,33.9092578351231
144937,33.9092578351231
144938,33.9092578351231
144939,33.9092578351231
144940,33.9092578351231
144941,33.9092578351231
144942,33.9092578351231
144943,33.9092578351231
144944,33.9092578351231
144945,33.9092578351231
144946,33.9092578351231
144947,33.9092578351231
144948,33.9092578351231
144949,33.9092578351231
144950,33.9092578351231
144951,33.9092578351231
144952,33.9092578351231
144953,33.9092578351231
144954,33.9092578351231
144955,33.9092578351231
144956,33.9092578351231
144957,33.9092578351231
144958,33.9092578351231
144959,33.9092578351231
144960,33.9092578351231
144961,33.9092578351231
144962,33.9092578351231
144963,33.9092578351231
144964,33.9092578351231
144965,33.9092578351231
144966,33.9092578351231
144967,33.9092578351231
144968,33.9092578351231
144969,33.9092578351231
144970,33.9092578351231
144971,33.9092578351231
144972,33.9092578351231
144973,33.9092578351231
144974,33.9092578351231
144975,33.9092578351231
144976,33.9092578351231
144977,33.9092578351231
144978,33.9092578351231
144979,33.9092578351231
144980,33.9092578351231
144981,33.9092578351231
144982,33.9092578351231
144983,33.9092578351231
144984,33.9092578351231
144985,33.9092578351231
144986,33.9092578351231
144987,33.9092578351231
144988,33.9092578351231
144989,33.9092578351231
144990,33.9092578351231
144991,33.9092578351231
144992,33.9092578351231
144993,33.9092578351231
144994,33.9092578351231
144995,33.9092578351231
144996,33.9092578351231
144997,33.9092578351231
144998,33.9092578351231
144999,33.9092578351231
145000,33.9092578351231
145001,33.9092578351231
145002,33.9092578351231
145003,33.9092578351231
145004,33.9092578351231
145005,33.9092578351231
145006,33.9092578351231
145007,33.9092578351231
145008,33.9092578351231
145009,33.9092578351231
145010,33.9092578351231
145011,33.9092578351231
145012,33.9092578351231
145013,33.9092578351231
145014,33.9092578351231
145015,33.9092578351231
145016,33.9092578351231
145017,33.9092578351231
145018,33.9092578351231
145019,33.9092578351231
145020,33.9092578351231
145021,33.9092578351231
145022,33.9092578351231
145023,33.9092578351231
145024,33.9092578351231
145025,33.9092578351231
145026,33.9092578351231
145027,33.9092578351231
145028,33.9092578351231
145029,33.9092578351231
145030,33.9092578351231
145031,33.9092578351231
145032,33.9092578351231
145033,33.9092578351231
145034,33.9092578351231
145035,33.9092578351231
145036,33.9092578351231
145037,33.9092578351231
145038,33.9092578351231
145039,33.9092578351231
145040,33.9092578351231
145041,33.9092578351231
145042,33.9092578351231
145043,33.9092578351231
145044,33.9092578351231
145045,33.9092578351231
145046,33.9092578351231
145047,33.9092578351231
145048,33.9092578351231
145049,33.9092578351231
145050,33.9092578351231
145051,33.9092578351231
145052,33.9092578351231
145053,33.9092578351231
145054,33.9092578351231
145055,33.9092578351231
145056,33.9092578351231
145057,33.9092578351231
145058,33.9092578351231
145059,33.9092578351231
145060,33.9092578351231
145061,33.9092578351231
145062,33.9092578351231
145063,33.9092578351231
145064,33.9092578351231
145065,33.9092578351231
145066,33.9092578351231
145067,33.9092578351231
145068,33.9092578351231
145069,33.9092578351231
145070,33.9092578351231
145071,33.9092578351231
145072,33.9092578351231
145073,33.9092578351231
145074,33.9092578351231
145075,33.9092578351231
145076,33.9092578351231
145077,33.9092578351231
145078,33.9092578351231
145079,33.9092578351231
145080,33.9092578351231
145081,33.9092578351231
145082,33.9092578351231
145083,33.9092578351231
145084,33.9092578351231
145085,33.9092578351231
145086,33.9092578351231
145087,33.9092578351231
145088,33.9092578351231
145089,33.9092578351231
145090,33.9092578351231
145091,33.9092578351231
145092,33.9092578351231
145093,33.9092578351231
145094,33.9092578351231
145095,33.9092578351231
145096,33.9092578351231
145097,33.9092578351231
145098,33.9092578351231
145099,33.9092578351231
145100,33.9092578351231
145101,33.9092578351231
145102,33.9092578351231
145103,33.9092578351231
145104,33.9092578351231
145105,33.9092578351231
145106,33.9092578351231
145107,33.9092578351231
145108,33.9092578351231
145109,33.9092578351231
145110,33.9092578351231
145111,33.9092578351231
145112,33.9092578351231
145113,33.9092578351231
145114,33.9092578351231
145115,33.9092578351231
145116,33.9092578351231
145117,33.9092578351231
145118,33.9092578351231
145119,33.9092578351231
145120,33.9092578351231
145121,33.9092578351231
145122,33.9092578351231
145123,33.9092578351231
145124,33.9092578351231
145125,33.9092578351231
145126,33.9092578351231
145127,33.9092578351231
145128,33.9092578351231
145129,33.9092578351231
145130,33.9092578351231
145131,33.9092578351231
145132,33.9092578351231
145133,33.9092578351231
145134,33.9092578351231
145135,33.9092578351231
145136,33.9092578351231
145137,33.9092578351231
145138,33.9092578351231
145139,33.9092578351231
145140,33.9092578351231
145141,33.9092578351231
145142,33.9092578351231
145143,33.9092578351231
145144,33.9092578351231
145145,33.9092578351231
145146,33.9092578351231
145147,33.9092578351231
145148,33.9092578351231
145149,33.9092578351231
145150,33.9092578351231
145151,33.9092578351231
145152,33.9092578351231
145153,33.9092578351231
145154,33.9092578351231
145155,33.9092578351231
145156,33.9092578351231
145157,33.9092578351231
145158,33.9092578351231
145159,33.9092578351231
145160,33.9092578351231
145161,33.9092578351231
145162,33.9092578351231
145163,33.9092578351231
145164,33.9092578351231
145165,33.9092578351231
145166,33.9092578351231
145167,33.9092578351231
145168,33.9092578351231
145169,33.9092578351231
145170,33.9092578351231
145171,33.9092578351231
145172,33.9092578351231
145173,33.9092578351231
145174,33.9092578351231
145175,33.9092578351231
145176,33.9092578351231
145177,33.9092578351231
145178,33.9092578351231
145179,33.9092578351231
145180,33.9092578351231
145181,33.9092578351231
145182,33.9092578351231
145183,33.9092578351231
145184,33.9092578351231
145185,33.9092578351231
145186,33.9092578351231
145187,33.9092578351231
145188,33.9092578351231
145189,33.9092578351231
145190,33.9092578351231
145191,33.9092578351231
145192,33.9092578351231
145193,33.9092578351231
145194,33.9092578351231
145195,33.9092578351231
145196,33.9092578351231
145197,33.9092578351231
145198,33.9092578351231
145199,33.9092578351231
145200,33.9092578351231
145201,33.9092578351231
145202,33.9092578351231
145203,33.9092578351231
145204,33.9092578351231
145205,33.9092578351231
145206,33.9092578351231
145207,33.9092578351231
145208,33.9092578351231
145209,33.9092578351231
145210,33.9092578351231
145211,33.9092578351231
145212,33.9092578351231
145213,33.9092578351231
145214,33.9092578351231
145215,33.9092578351231
145216,33.9092578351231
145217,33.9092578351231
145218,33.9092578351231
145219,33.9092578351231
145220,33.9092578351231
145221,33.9092578351231
145222,33.9092578351231
145223,33.9092578351231
145224,33.9092578351231
145225,33.9092578351231
145226,33.9092578351231
145227,33.9092578351231
145228,33.9092578351231
145229,33.9092578351231
145230,33.9092578351231
145231,33.9092578351231
145232,33.9092578351231
145233,33.9092578351231
145234,33.9092578351231
145235,33.9092578351231
145236,33.9092578351231
145237,33.9092578351231
145238,33.9092578351231
145239,33.9092578351231
145240,33.9092578351231
145241,33.9092578351231
145242,33.9092578351231
145243,33.9092578351231
145244,33.9092578351231
145245,33.9092578351231
145246,33.9092578351231
145247,33.9092578351231
145248,33.9092578351231
145249,33.9092578351231
145250,33.9092578351231
145251,33.9092578351231
145252,33.9092578351231
145253,33.9092578351231
145254,33.9092578351231
145255,33.9092578351231
145256,33.9092578351231
145257,33.9092578351231
145258,33.9092578351231
145259,33.9092578351231
145260,33.9092578351231
145261,33.9092578351231
145262,33.9092578351231
145263,33.9092578351231
145264,33.9092578351231
145265,33.9092578351231
145266,33.9092578351231
145267,33.9092578351231
145268,33.9092578351231
145269,33.9092578351231
145270,33.9092578351231
145271,33.9092578351231
145272,33.9092578351231
145273,33.9092578351231
145274,33.9092578351231
145275,33.9092578351231
145276,33.9092578351231
145277,33.9092578351231
145278,33.9092578351231
145279,33.9092578351231
145280,33.9092578351231
145281,33.9092578351231
145282,33.9092578351231
145283,33.9092578351231
145284,33.9092578351231
145285,33.9092578351231
145286,33.9092578351231
145287,33.9092578351231
145288,33.9092578351231
145289,33.9092578351231
145290,33.9092578351231
145291,33.9092578351231
145292,33.9092578351231
145293,33.9092578351231
145294,33.9092578351231
145295,33.9092578351231
145296,33.9092578351231
145297,33.9092578351231
145298,33.9092578351231
145299,33.9092578351231
145300,33.9092578351231
145301,33.9092578351231
145302,33.9092578351231
145303,33.9092578351231
145304,33.9092578351231
145305,33.9092578351231
145306,33.9092578351231
145307,33.9092578351231
145308,33.9092578351231
145309,33.9092578351231
145310,33.9092578351231
145311,33.9092578351231
145312,33.9092578351231
145313,33.9092578351231
145314,33.9092578351231
145315,33.9092578351231
145316,33.9092578351231
145317,33.9092578351231
145318,33.9092578351231
145319,33.9092578351231
145320,33.9092578351231
145321,33.9092578351231
145322,33.9092578351231
145323,33.9092578351231
145324,33.9092578351231
145325,33.9092578351231
145326,33.9092578351231
145327,33.9092578351231
145328,33.9092578351231
145329,33.9092578351231
145330,33.9092578351231
145331,33.9092578351231
145332,33.9092578351231
145333,33.9092578351231
145334,33.9092578351231
145335,33.9092578351231
145336,33.9092578351231
145337,33.9092578351231
145338,33.9092578351231
145339,33.9092578351231
145340,33.9092578351231
145341,33.9092578351231
145342,33.9092578351231
145343,33.9092578351231
145344,33.9092578351231
145345,33.9092578351231
145346,33.9092578351231
145347,33.9092578351231
145348,33.9092578351231
145349,33.9092578351231
145350,33.9092578351231
145351,33.9092578351231
145352,33.9092578351231
145353,33.9092578351231
145354,33.9092578351231
145355,33.9092578351231
145356,33.9092578351231
145357,33.9092578351231
145358,33.9092578351231
145359,33.9092578351231
145360,33.9092578351231
145361,33.9092578351231
145362,33.9092578351231
145363,33.9092578351231
145364,33.9092578351231
145365,33.9092578351231
145366,33.9092578351231
145367,33.9092578351231
145368,33.9092578351231
145369,33.9092578351231
145370,33.9092578351231
145371,33.9092578351231
145372,33.9092578351231
145373,33.9092578351231
145374,33.9092578351231
145375,33.9092578351231
145376,33.9092578351231
145377,33.9092578351231
145378,33.9092578351231
145379,33.9092578351231
145380,33.9092578351231
145381,33.9092578351231
145382,33.9092578351231
145383,33.9092578351231
145384,33.9092578351231
145385,33.9092578351231
145386,33.9092578351231
145387,33.9092578351231
145388,33.9092578351231
145389,33.9092578351231
145390,33.9092578351231
145391,33.9092578351231
145392,33.9092578351231
145393,33.9092578351231
145394,33.9092578351231
145395,33.9092578351231
145396,33.9092578351231
145397,33.9092578351231
145398,33.9092578351231
145399,33.9092578351231
145400,33.9092578351231
145401,33.9092578351231
145402,33.9092578351231
145403,33.9092578351231
145404,33.9092578351231
145405,33.9092578351231
145406,33.9092578351231
145407,33.9092578351231
145408,33.9092578351231
145409,33.9092578351231
145410,33.9092578351231
145411,33.9092578351231
145412,33.9092578351231
145413,33.9092578351231
145414,33.9092578351231
145415,33.9092578351231
145416,33.9092578351231
145417,33.9092578351231
145418,33.9092578351231
145419,33.9092578351231
145420,33.9092578351231
145421,33.9092578351231
145422,33.9092578351231
145423,33.9092578351231
145424,33.9092578351231
145425,33.9092578351231
145426,33.9092578351231
145427,33.9092578351231
145428,33.9092578351231
145429,33.9092578351231
145430,33.9092578351231
145431,33.9092578351231
145432,33.9092578351231
145433,33.9092578351231
145434,33.9092578351231
145435,33.9092578351231
145436,33.9092578351231
145437,33.9092578351231
145438,33.9092578351231
145439,33.9092578351231
145440,33.9092578351231
145441,33.9092578351231
145442,33.9092578351231
145443,33.9092578351231
145444,33.9092578351231
145445,33.9092578351231
145446,33.9092578351231
145447,33.9092578351231
145448,33.9092578351231
145449,33.9092578351231
145450,33.9092578351231
145451,33.9092578351231
145452,33.9092578351231
145453,33.9092578351231
145454,33.9092578351231
145455,33.9092578351231
145456,33.9092578351231
145457,33.9092578351231
145458,33.9092578351231
145459,33.9092578351231
145460,33.9092578351231
145461,33.9092578351231
145462,33.9092578351231
145463,33.9092578351231
145464,33.9092578351231
145465,33.9092578351231
145466,33.9092578351231
145467,33.9092578351231
145468,33.9092578351231
145469,33.9092578351231
145470,33.9092578351231
145471,33.9092578351231
145472,33.9092578351231
145473,33.9092578351231
145474,33.9092578351231
145475,33.9092578351231
145476,33.9092578351231
145477,33.9092578351231
145478,33.9092578351231
145479,33.9092578351231
145480,33.9092578351231
145481,33.9092578351231
145482,33.9092578351231
145483,33.9092578351231
145484,33.9092578351231
145485,33.9092578351231
145486,33.9092578351231
145487,33.9092578351231
145488,33.9092578351231
145489,33.9092578351231
145490,33.9092578351231
145491,33.9092578351231
145492,33.9092578351231
145493,33.9092578351231
145494,33.9092578351231
145495,33.9092578351231
145496,33.9092578351231
145497,33.9092578351231
145498,33.9092578351231
145499,33.9092578351231
145500,33.9092578351231
145501,33.9092578351231
145502,33.9092578351231
145503,33.9092578351231
145504,33.9092578351231
145505,33.9092578351231
145506,33.9092578351231
145507,33.9092578351231
145508,33.9092578351231
145509,33.9092578351231
145510,33.9092578351231
145511,33.9092578351231
145512,33.9092578351231
145513,33.9092578351231
145514,33.9092578351231
145515,33.9092578351231
145516,33.9092578351231
145517,33.9092578351231
145518,33.9092578351231
145519,33.9092578351231
145520,33.9092578351231
145521,33.9092578351231
145522,33.9092578351231
145523,33.9092578351231
145524,33.9092578351231
145525,33.9092578351231
145526,33.9092578351231
145527,33.9092578351231
145528,33.9092578351231
145529,33.9092578351231
145530,33.9092578351231
145531,33.9092578351231
145532,33.9092578351231
145533,33.9092578351231
145534,33.9092578351231
145535,33.9092578351231
145536,33.9092578351231
145537,33.9092578351231
145538,33.9092578351231
145539,33.9092578351231
145540,33.9092578351231
145541,33.9092578351231
145542,33.9092578351231
145543,33.9092578351231
145544,33.9092578351231
145545,33.9092578351231
145546,33.9092578351231
145547,33.9092578351231
145548,33.9092578351231
145549,33.9092578351231
145550,33.9092578351231
145551,33.9092578351231
145552,33.9092578351231
145553,33.9092578351231
145554,33.9092578351231
145555,33.9092578351231
145556,33.9092578351231
145557,33.9092578351231
145558,33.9092578351231
145559,33.9092578351231
145560,33.9092578351231
145561,33.9092578351231
145562,33.9092578351231
145563,33.9092578351231
145564,33.9092578351231
145565,33.9092578351231
145566,33.9092578351231
145567,33.9092578351231
145568,33.9092578351231
145569,33.9092578351231
145570,33.9092578351231
145571,33.9092578351231
145572,33.9092578351231
145573,33.9092578351231
145574,33.9092578351231
145575,33.9092578351231
145576,33.9092578351231
145577,33.9092578351231
145578,33.9092578351231
145579,33.9092578351231
145580,33.9092578351231
145581,33.9092578351231
145582,33.9092578351231
145583,33.9092578351231
145584,33.9092578351231
145585,33.9092578351231
145586,33.9092578351231
145587,33.9092578351231
145588,33.9092578351231
145589,33.9092578351231
145590,33.9092578351231
145591,33.9092578351231
145592,33.9092578351231
145593,33.9092578351231
145594,33.9092578351231
145595,33.9092578351231
145596,33.9092578351231
145597,33.9092578351231
145598,33.9092578351231
145599,33.9092578351231
145600,33.9092578351231
145601,33.9092578351231
145602,33.9092578351231
145603,33.9092578351231
145604,33.9092578351231
145605,33.9092578351231
145606,33.9092578351231
145607,33.9092578351231
145608,33.9092578351231
145609,33.9092578351231
145610,33.9092578351231
145611,33.9092578351231
145612,33.9092578351231
145613,33.9092578351231
145614,33.9092578351231
145615,33.9092578351231
145616,33.9092578351231
145617,33.9092578351231
145618,33.9092578351231
145619,33.9092578351231
145620,33.9092578351231
145621,33.9092578351231
145622,33.9092578351231
145623,33.9092578351231
145624,33.9092578351231
145625,33.9092578351231
145626,33.9092578351231
145627,33.9092578351231
145628,33.9092578351231
145629,33.9092578351231
145630,33.9092578351231
145631,33.9092578351231
145632,33.9092578351231
145633,33.9092578351231
145634,33.9092578351231
145635,33.9092578351231
145636,33.9092578351231
145637,33.9092578351231
145638,33.9092578351231
145639,33.9092578351231
145640,33.9092578351231
145641,33.9092578351231
145642,33.9092578351231
145643,33.9092578351231
145644,33.9092578351231
145645,33.9092578351231
145646,33.9092578351231
145647,33.9092578351231
145648,33.9092578351231
145649,33.9092578351231
145650,33.9092578351231
145651,33.9092578351231
145652,33.9092578351231
145653,33.9092578351231
145654,33.9092578351231
145655,33.9092578351231
145656,33.9092578351231
145657,33.9092578351231
145658,33.9092578351231
145659,33.9092578351231
145660,33.9092578351231
145661,33.9092578351231
145662,33.9092578351231
145663,33.9092578351231
145664,33.9092578351231
145665,33.9092578351231
145666,33.9092578351231
145667,33.9092578351231
145668,33.9092578351231
145669,33.9092578351231
145670,33.9092578351231
145671,33.9092578351231
145672,33.9092578351231
145673,33.9092578351231
145674,33.9092578351231
145675,33.9092578351231
145676,33.9092578351231
145677,33.9092578351231
145678,33.9092578351231
145679,33.9092578351231
145680,33.9092578351231
145681,33.9092578351231
145682,33.9092578351231
145683,33.9092578351231
145684,33.9092578351231
145685,33.9092578351231
145686,33.9092578351231
145687,33.9092578351231
145688,33.9092578351231
145689,33.9092578351231
145690,33.9092578351231
145691,33.9092578351231
145692,33.9092578351231
145693,33.9092578351231
145694,33.9092578351231
145695,33.9092578351231
145696,33.9092578351231
145697,33.9092578351231
145698,33.9092578351231
145699,33.9092578351231
145700,33.9092578351231
145701,33.9092578351231
145702,33.9092578351231
145703,33.9092578351231
145704,33.9092578351231
145705,33.9092578351231
145706,33.9092578351231
145707,33.9092578351231
145708,33.9092578351231
145709,33.9092578351231
145710,33.9092578351231
145711,33.9092578351231
145712,33.9092578351231
145713,33.9092578351231
145714,33.9092578351231
145715,33.9092578351231
145716,33.9092578351231
145717,33.9092578351231
145718,33.9092578351231
145719,33.9092578351231
145720,33.9092578351231
145721,33.9092578351231
145722,33.9092578351231
145723,33.9092578351231
145724,33.9092578351231
145725,33.9092578351231
145726,33.9092578351231
145727,33.9092578351231
145728,33.9092578351231
145729,33.9092578351231
145730,33.9092578351231
145731,33.9092578351231
145732,33.9092578351231
145733,33.9092578351231
145734,33.9092578351231
145735,33.9092578351231
145736,33.9092578351231
145737,33.9092578351231
145738,33.9092578351231
145739,33.9092578351231
145740,33.9092578351231
145741,33.9092578351231
145742,33.9092578351231
145743,33.9092578351231
145744,33.9092578351231
145745,33.9092578351231
145746,33.9092578351231
145747,33.9092578351231
145748,33.9092578351231
145749,33.9092578351231
145750,33.9092578351231
145751,33.9092578351231
145752,33.9092578351231
145753,33.9092578351231
145754,33.9092578351231
145755,33.9092578351231
145756,33.9092578351231
145757,33.9092578351231
145758,33.9092578351231
145759,33.9092578351231
145760,33.9092578351231
145761,33.9092578351231
145762,33.9092578351231
145763,33.9092578351231
145764,33.9092578351231
145765,33.9092578351231
145766,33.9092578351231
145767,33.9092578351231
145768,33.9092578351231
145769,33.9092578351231
145770,33.9092578351231
145771,33.9092578351231
145772,33.9092578351231
145773,33.9092578351231
145774,33.9092578351231
145775,33.9092578351231
145776,33.9092578351231
145777,33.9092578351231
145778,33.9092578351231
145779,33.9092578351231
145780,33.9092578351231
145781,33.9092578351231
145782,33.9092578351231
145783,33.9092578351231
145784,33.9092578351231
145785,33.9092578351231
145786,33.9092578351231
145787,33.9092578351231
145788,33.9092578351231
145789,33.9092578351231
145790,33.9092578351231
145791,33.9092578351231
145792,33.9092578351231
145793,33.9092578351231
145794,33.9092578351231
145795,33.9092578351231
145796,33.9092578351231
145797,33.9092578351231
145798,33.9092578351231
145799,33.9092578351231
145800,33.9092578351231
145801,33.9092578351231
145802,33.9092578351231
145803,33.9092578351231
145804,33.9092578351231
145805,33.9092578351231
145806,33.9092578351231
145807,33.9092578351231
145808,33.9092578351231
145809,33.9092578351231
145810,33.9092578351231
145811,33.9092578351231
145812,33.9092578351231
145813,33.9092578351231
145814,33.9092578351231
145815,33.9092578351231
145816,33.9092578351231
145817,33.9092578351231
145818,33.9092578351231
145819,33.9092578351231
145820,33.9092578351231
145821,33.9092578351231
145822,33.9092578351231
145823,33.9092578351231
145824,33.9092578351231
145825,33.9092578351231
145826,33.9092578351231
145827,33.9092578351231
145828,33.9092578351231
145829,33.9092578351231
145830,33.9092578351231
145831,33.9092578351231
145832,33.9092578351231
145833,33.9092578351231
145834,33.9092578351231
145835,33.9092578351231
145836,33.9092578351231
145837,33.9092578351231
145838,33.9092578351231
145839,33.9092578351231
145840,33.9092578351231
145841,33.9092578351231
145842,33.9092578351231
145843,33.9092578351231
145844,33.9092578351231
145845,33.9092578351231
145846,33.9092578351231
145847,33.9092578351231
145848,33.9092578351231
145849,33.9092578351231
145850,33.9092578351231
145851,33.9092578351231
145852,33.9092578351231
145853,33.9092578351231
145854,33.9092578351231
145855,33.9092578351231
145856,33.9092578351231
145857,33.9092578351231
145858,33.9092578351231
145859,33.9092578351231
145860,33.9092578351231
145861,33.9092578351231
145862,33.9092578351231
145863,33.9092578351231
145864,33.9092578351231
145865,33.9092578351231
145866,33.9092578351231
145867,33.9092578351231
145868,33.9092578351231
145869,33.9092578351231
145870,33.9092578351231
145871,33.9092578351231
145872,33.9092578351231
145873,33.9092578351231
145874,33.9092578351231
145875,33.9092578351231
145876,33.9092578351231
145877,33.9092578351231
145878,33.9092578351231
145879,33.9092578351231
145880,33.9092578351231
145881,33.9092578351231
145882,33.9092578351231
145883,33.9092578351231
145884,33.9092578351231
145885,33.9092578351231
145886,33.9092578351231
145887,33.9092578351231
145888,33.9092578351231
145889,33.9092578351231
145890,33.9092578351231
145891,33.9092578351231
145892,33.9092578351231
145893,33.9092578351231
145894,33.9092578351231
145895,33.9092578351231
145896,33.9092578351231
145897,33.9092578351231
145898,33.9092578351231
145899,33.9092578351231
145900,33.9092578351231
145901,33.9092578351231
145902,33.9092578351231
145903,33.9092578351231
145904,33.9092578351231
145905,33.9092578351231
145906,33.9092578351231
145907,33.9092578351231
145908,33.9092578351231
145909,33.9092578351231
145910,33.9092578351231
145911,33.9092578351231
145912,33.9092578351231
145913,33.9092578351231
145914,33.9092578351231
145915,33.9092578351231
145916,33.9092578351231
145917,33.9092578351231
145918,33.9092578351231
145919,33.9092578351231
145920,33.9092578351231
145921,33.9092578351231
145922,33.9092578351231
145923,33.9092578351231
145924,33.9092578351231
145925,33.9092578351231
145926,33.9092578351231
145927,33.9092578351231
145928,33.9092578351231
145929,33.9092578351231
145930,33.9092578351231
145931,33.9092578351231
145932,33.9092578351231
145933,33.9092578351231
145934,33.9092578351231
145935,33.9092578351231
145936,33.9092578351231
145937,33.9092578351231
145938,33.9092578351231
145939,33.9092578351231
145940,33.9092578351231
145941,33.9092578351231
145942,33.9092578351231
145943,33.9092578351231
145944,33.9092578351231
145945,33.9092578351231
145946,33.9092578351231
145947,33.9092578351231
145948,33.9092578351231
145949,33.9092578351231
145950,33.9092578351231
145951,33.9092578351231
145952,33.9092578351231
145953,33.9092578351231
145954,33.9092578351231
145955,33.9092578351231
145956,33.9092578351231
145957,33.9092578351231
145958,33.9092578351231
145959,33.9092578351231
145960,33.9092578351231
145961,33.9092578351231
145962,33.9092578351231
145963,33.9092578351231
145964,33.9092578351231
145965,33.9092578351231
145966,33.9092578351231
145967,33.9092578351231
145968,33.9092578351231
145969,33.9092578351231
145970,33.9092578351231
145971,33.9092578351231
145972,33.9092578351231
145973,33.9092578351231
145974,33.9092578351231
145975,33.9092578351231
145976,33.9092578351231
145977,33.9092578351231
145978,33.9092578351231
145979,33.9092578351231
145980,33.9092578351231
145981,33.9092578351231
145982,33.9092578351231
145983,33.9092578351231
145984,33.9092578351231
145985,33.9092578351231
145986,33.9092578351231
145987,33.9092578351231
145988,33.9092578351231
145989,33.9092578351231
145990,33.9092578351231
145991,33.9092578351231
145992,33.9092578351231
145993,33.9092578351231
145994,33.9092578351231
145995,33.9092578351231
145996,33.9092578351231
145997,33.9092578351231
145998,33.9092578351231
145999,33.9092578351231
146000,33.9092578351231
146001,33.9092578351231
146002,33.9092578351231
146003,33.9092578351231
146004,33.9092578351231
146005,33.9092578351231
146006,33.9092578351231
146007,33.9092578351231
146008,33.9092578351231
146009,33.9092578351231
146010,33.9092578351231
146011,33.9092578351231
146012,33.9092578351231
146013,33.9092578351231
146014,33.9092578351231
146015,33.9092578351231
146016,33.9092578351231
146017,33.9092578351231
146018,33.9092578351231
146019,33.9092578351231
146020,33.9092578351231
146021,33.9092578351231
146022,33.9092578351231
146023,33.9092578351231
146024,33.9092578351231
146025,33.9092578351231
146026,33.9092578351231
146027,33.9092578351231
146028,33.9092578351231
146029,33.9092578351231
146030,33.9092578351231
146031,33.9092578351231
146032,33.9092578351231
146033,33.9092578351231
146034,33.9092578351231
146035,33.9092578351231
146036,33.9092578351231
146037,33.9092578351231
146038,33.9092578351231
146039,33.9092578351231
146040,33.9092578351231
146041,33.9092578351231
146042,33.9092578351231
146043,33.9092578351231
146044,33.9092578351231
146045,33.9092578351231
146046,33.9092578351231
146047,33.9092578351231
146048,33.9092578351231
146049,33.9092578351231
146050,33.9092578351231
146051,33.9092578351231
146052,33.9092578351231
146053,33.9092578351231
146054,33.9092578351231
146055,33.9092578351231
146056,33.9092578351231
146057,33.9092578351231
146058,33.9092578351231
146059,33.9092578351231
146060,33.9092578351231
146061,33.9092578351231
146062,33.9092578351231
146063,33.9092578351231
146064,33.9092578351231
146065,33.9092578351231
146066,33.9092578351231
146067,33.9092578351231
146068,33.9092578351231
146069,33.9092578351231
146070,33.9092578351231
146071,33.9092578351231
146072,33.9092578351231
146073,33.9092578351231
146074,33.9092578351231
146075,33.9092578351231
146076,33.9092578351231
146077,33.9092578351231
146078,33.9092578351231
146079,33.9092578351231
146080,33.9092578351231
146081,33.9092578351231
146082,33.9092578351231
146083,33.9092578351231
146084,33.9092578351231
146085,33.9092578351231
146086,33.9092578351231
146087,33.9092578351231
146088,33.9092578351231
146089,33.9092578351231
146090,33.9092578351231
146091,33.9092578351231
146092,33.9092578351231
146093,33.9092578351231
146094,33.9092578351231
146095,33.9092578351231
146096,33.9092578351231
146097,33.9092578351231
146098,33.9092578351231
146099,33.9092578351231
146100,33.9092578351231
146101,33.9092578351231
146102,33.9092578351231
146103,33.9092578351231
146104,33.9092578351231
146105,33.9092578351231
146106,33.9092578351231
146107,33.9092578351231
146108,33.9092578351231
146109,33.9092578351231
146110,33.9092578351231
146111,33.9092578351231
146112,33.9092578351231
146113,33.9092578351231
146114,33.9092578351231
146115,33.9092578351231
146116,33.9092578351231
146117,33.9092578351231
146118,33.9092578351231
146119,33.9092578351231
146120,33.9092578351231
146121,33.9092578351231
146122,33.9092578351231
146123,33.9092578351231
146124,33.9092578351231
146125,33.9092578351231
146126,33.9092578351231
146127,33.9092578351231
146128,33.9092578351231
146129,33.9092578351231
146130,33.9092578351231
146131,33.9092578351231
146132,33.9092578351231
146133,33.9092578351231
146134,33.9092578351231
146135,33.9092578351231
146136,33.9092578351231
146137,33.9092578351231
146138,33.9092578351231
146139,33.9092578351231
146140,33.9092578351231
146141,33.9092578351231
146142,33.9092578351231
146143,33.9092578351231
146144,33.9092578351231
146145,33.9092578351231
146146,33.9092578351231
146147,33.9092578351231
146148,33.9092578351231
146149,33.9092578351231
146150,33.9092578351231
146151,33.9092578351231
146152,33.9092578351231
146153,33.9092578351231
146154,33.9092578351231
146155,33.9092578351231
146156,33.9092578351231
146157,33.9092578351231
146158,33.9092578351231
146159,33.9092578351231
146160,33.9092578351231
146161,33.9092578351231
146162,33.9092578351231
146163,33.9092578351231
146164,33.9092578351231
146165,33.9092578351231
146166,33.9092578351231
146167,33.9092578351231
146168,33.9092578351231
146169,33.9092578351231
146170,33.9092578351231
146171,33.9092578351231
146172,33.9092578351231
146173,33.9092578351231
146174,33.9092578351231
146175,33.9092578351231
146176,33.9092578351231
146177,33.9092578351231
146178,33.9092578351231
146179,33.9092578351231
146180,33.9092578351231
146181,33.9092578351231
146182,33.9092578351231
146183,33.9092578351231
146184,33.9092578351231
146185,33.9092578351231
146186,33.9092578351231
146187,33.9092578351231
146188,33.9092578351231
146189,33.9092578351231
146190,33.9092578351231
146191,33.9092578351231
146192,33.9092578351231
146193,33.9092578351231
146194,33.9092578351231
146195,33.9092578351231
146196,33.9092578351231
146197,33.9092578351231
146198,33.9092578351231
146199,33.9092578351231
146200,33.9092578351231
146201,33.9092578351231
146202,33.9092578351231
146203,33.9092578351231
146204,33.9092578351231
146205,33.9092578351231
146206,33.9092578351231
146207,33.9092578351231
146208,33.9092578351231
146209,33.9092578351231
146210,33.9092578351231
146211,33.9092578351231
146212,33.9092578351231
146213,33.9092578351231
146214,33.9092578351231
146215,33.9092578351231
146216,33.9092578351231
146217,33.9092578351231
146218,33.9092578351231
146219,33.9092578351231
146220,33.9092578351231
146221,33.9092578351231
146222,33.9092578351231
146223,33.9092578351231
146224,33.9092578351231
146225,33.9092578351231
146226,33.9092578351231
146227,33.9092578351231
146228,33.9092578351231
146229,33.9092578351231
146230,33.9092578351231
146231,33.9092578351231
146232,33.9092578351231
146233,33.9092578351231
146234,33.9092578351231
146235,33.9092578351231
146236,33.9092578351231
146237,33.9092578351231
146238,33.9092578351231
146239,33.9092578351231
146240,33.9092578351231
146241,33.9092578351231
146242,33.9092578351231
146243,33.9092578351231
146244,33.9092578351231
146245,33.9092578351231
146246,33.9092578351231
146247,33.9092578351231
146248,33.9092578351231
146249,33.9092578351231
146250,33.9092578351231
146251,33.9092578351231
146252,33.9092578351231
146253,33.9092578351231
146254,33.9092578351231
146255,33.9092578351231
146256,33.9092578351231
146257,33.9092578351231
146258,33.9092578351231
146259,33.9092578351231
146260,33.9092578351231
146261,33.9092578351231
146262,33.9092578351231
146263,33.9092578351231
146264,33.9092578351231
146265,33.9092578351231
146266,33.9092578351231
146267,33.9092578351231
146268,33.9092578351231
146269,33.9092578351231
146270,33.9092578351231
146271,33.9092578351231
146272,33.9092578351231
146273,33.9092578351231
146274,33.9092578351231
146275,33.9092578351231
146276,33.9092578351231
146277,33.9092578351231
146278,33.9092578351231
146279,33.9092578351231
146280,33.9092578351231
146281,33.9092578351231
146282,33.9092578351231
146283,33.9092578351231
146284,33.9092578351231
146285,33.9092578351231
146286,33.9092578351231
146287,33.9092578351231
146288,33.9092578351231
146289,33.9092578351231
146290,33.9092578351231
146291,33.9092578351231
146292,33.9092578351231
146293,33.9092578351231
146294,33.9092578351231
146295,33.9092578351231
146296,33.9092578351231
146297,33.9092578351231
146298,33.9092578351231
146299,33.9092578351231
146300,33.9092578351231
146301,33.9092578351231
146302,33.9092578351231
146303,33.9092578351231
146304,33.9092578351231
146305,33.9092578351231
146306,33.9092578351231
146307,33.9092578351231
146308,33.9092578351231
146309,33.9092578351231
146310,33.9092578351231
146311,33.9092578351231
146312,33.9092578351231
146313,33.9092578351231
146314,33.9092578351231
146315,33.9092578351231
146316,33.9092578351231
146317,33.9092578351231
146318,33.9092578351231
146319,33.9092578351231
146320,33.9092578351231
146321,33.9092578351231
146322,33.9092578351231
146323,33.9092578351231
146324,33.9092578351231
146325,33.9092578351231
146326,33.9092578351231
146327,33.9092578351231
146328,33.9092578351231
146329,33.9092578351231
146330,33.9092578351231
146331,33.9092578351231
146332,33.9092578351231
146333,33.9092578351231
146334,33.9092578351231
146335,33.9092578351231
146336,33.9092578351231
146337,33.9092578351231
146338,33.9092578351231
146339,33.9092578351231
146340,33.9092578351231
146341,33.9092578351231
146342,33.9092578351231
146343,33.9092578351231
146344,33.9092578351231
146345,33.9092578351231
146346,33.9092578351231
146347,33.9092578351231
146348,33.9092578351231
146349,33.9092578351231
146350,33.9092578351231
146351,33.9092578351231
146352,33.9092578351231
146353,33.9092578351231
146354,33.9092578351231
146355,33.9092578351231
146356,33.9092578351231
146357,33.9092578351231
146358,33.9092578351231
146359,33.9092578351231
146360,33.9092578351231
146361,33.9092578351231
146362,33.9092578351231
146363,33.9092578351231
146364,33.9092578351231
146365,33.9092578351231
146366,33.9092578351231
146367,33.9092578351231
146368,33.9092578351231
146369,33.9092578351231
146370,33.9092578351231
146371,33.9092578351231
146372,33.9092578351231
146373,33.9092578351231
146374,33.9092578351231
146375,33.9092578351231
146376,33.9092578351231
146377,33.9092578351231
146378,33.9092578351231
146379,33.9092578351231
146380,33.9092578351231
146381,33.9092578351231
146382,33.9092578351231
146383,33.9092578351231
146384,33.9092578351231
146385,33.9092578351231
146386,33.9092578351231
146387,33.9092578351231
146388,33.9092578351231
146389,33.9092578351231
146390,33.9092578351231
146391,33.9092578351231
146392,33.9092578351231
146393,33.9092578351231
146394,33.9092578351231
146395,33.9092578351231
146396,33.9092578351231
146397,33.9092578351231
146398,33.9092578351231
146399,33.9092578351231
146400,33.9092578351231
146401,33.9092578351231
146402,33.9092578351231
146403,33.9092578351231
146404,33.9092578351231
146405,33.9092578351231
146406,33.9092578351231
146407,33.9092578351231
146408,33.9092578351231
146409,33.9092578351231
146410,33.9092578351231
146411,33.9092578351231
146412,33.9092578351231
146413,33.9092578351231
146414,33.9092578351231
146415,33.9092578351231
146416,33.9092578351231
146417,33.9092578351231
146418,33.9092578351231
146419,33.9092578351231
146420,33.9092578351231
146421,33.9092578351231
146422,33.9092578351231
146423,33.9092578351231
146424,33.9092578351231
146425,33.9092578351231
146426,33.9092578351231
146427,33.9092578351231
146428,33.9092578351231
146429,33.9092578351231
146430,33.9092578351231
146431,33.9092578351231
146432,33.9092578351231
146433,33.9092578351231
146434,33.9092578351231
146435,33.9092578351231
146436,33.9092578351231
146437,33.9092578351231
146438,33.9092578351231
146439,33.9092578351231
146440,33.9092578351231
146441,33.9092578351231
146442,33.9092578351231
146443,33.9092578351231
146444,33.9092578351231
146445,33.9092578351231
146446,33.9092578351231
146447,33.9092578351231
146448,33.9092578351231
146449,33.9092578351231
146450,33.9092578351231
146451,33.9092578351231
146452,33.9092578351231
146453,33.9092578351231
146454,33.9092578351231
146455,33.9092578351231
146456,33.9092578351231
146457,33.9092578351231
146458,33.9092578351231
146459,33.9092578351231
146460,33.9092578351231
146461,33.9092578351231
146462,33.9092578351231
146463,33.9092578351231
146464,33.9092578351231
146465,33.9092578351231
146466,33.9092578351231
146467,33.9092578351231
146468,33.9092578351231
146469,33.9092578351231
146470,33.9092578351231
146471,33.9092578351231
146472,33.9092578351231
146473,33.9092578351231
146474,33.9092578351231
146475,33.9092578351231
146476,33.9092578351231
146477,33.9092578351231
146478,33.9092578351231
146479,33.9092578351231
146480,33.9092578351231
146481,33.9092578351231
146482,33.9092578351231
146483,33.9092578351231
146484,33.9092578351231
146485,33.9092578351231
146486,33.9092578351231
146487,33.9092578351231
146488,33.9092578351231
146489,33.9092578351231
146490,33.9092578351231
146491,33.9092578351231
146492,33.9092578351231
146493,33.9092578351231
146494,33.9092578351231
146495,33.9092578351231
146496,33.9092578351231
146497,33.9092578351231
146498,33.9092578351231
146499,33.9092578351231
146500,33.9092578351231
146501,33.9092578351231
146502,33.9092578351231
146503,33.9092578351231
146504,33.9092578351231
146505,33.9092578351231
146506,33.9092578351231
146507,33.9092578351231
146508,33.9092578351231
146509,33.9092578351231
146510,33.9092578351231
146511,33.9092578351231
146512,33.9092578351231
146513,33.9092578351231
146514,33.9092578351231
146515,33.9092578351231
146516,33.9092578351231
146517,33.9092578351231
146518,33.9092578351231
146519,33.9092578351231
146520,33.9092578351231
146521,33.9092578351231
146522,33.9092578351231
146523,33.9092578351231
146524,33.9092578351231
146525,33.9092578351231
146526,33.9092578351231
146527,33.9092578351231
146528,33.9092578351231
146529,33.9092578351231
146530,33.9092578351231
146531,33.9092578351231
146532,33.9092578351231
146533,33.9092578351231
146534,33.9092578351231
146535,33.9092578351231
146536,33.9092578351231
146537,33.9092578351231
146538,33.9092578351231
146539,33.9092578351231
146540,33.9092578351231
146541,33.9092578351231
146542,33.9092578351231
146543,33.9092578351231
146544,33.9092578351231
146545,33.9092578351231
146546,33.9092578351231
146547,33.9092578351231
146548,33.9092578351231
146549,33.9092578351231
146550,33.9092578351231
146551,33.9092578351231
146552,33.9092578351231
146553,33.9092578351231
146554,33.9092578351231
146555,33.9092578351231
146556,33.9092578351231
146557,33.9092578351231
146558,33.9092578351231
146559,33.9092578351231
146560,33.9092578351231
146561,33.9092578351231
146562,33.9092578351231
146563,33.9092578351231
146564,33.9092578351231
146565,33.9092578351231
146566,33.9092578351231
146567,33.9092578351231
146568,33.9092578351231
146569,33.9092578351231
146570,33.9092578351231
146571,33.9092578351231
146572,33.9092578351231
146573,33.9092578351231
146574,33.9092578351231
146575,33.9092578351231
146576,33.9092578351231
146577,33.9092578351231
146578,33.9092578351231
146579,33.9092578351231
146580,33.9092578351231
146581,33.9092578351231
146582,33.9092578351231
146583,33.9092578351231
146584,33.9092578351231
146585,33.9092578351231
146586,33.9092578351231
146587,33.9092578351231
146588,33.9092578351231
146589,33.9092578351231
146590,33.9092578351231
146591,33.9092578351231
146592,33.9092578351231
146593,33.9092578351231
146594,33.9092578351231
146595,33.9092578351231
146596,33.9092578351231
146597,33.9092578351231
146598,33.9092578351231
146599,33.9092578351231
146600,33.9092578351231
146601,33.9092578351231
146602,33.9092578351231
146603,33.9092578351231
146604,33.9092578351231
146605,33.9092578351231
146606,33.9092578351231
146607,33.9092578351231
146608,33.9092578351231
146609,33.9092578351231
146610,33.9092578351231
146611,33.9092578351231
146612,33.9092578351231
146613,33.9092578351231
146614,33.9092578351231
146615,33.9092578351231
146616,33.9092578351231
146617,33.9092578351231
146618,33.9092578351231
146619,33.9092578351231
146620,33.9092578351231
146621,33.9092578351231
146622,33.9092578351231
146623,33.9092578351231
146624,33.9092578351231
146625,33.9092578351231
146626,33.9092578351231
146627,33.9092578351231
146628,33.9092578351231
146629,33.9092578351231
146630,33.9092578351231
146631,33.9092578351231
146632,33.9092578351231
146633,33.9092578351231
146634,33.9092578351231
146635,33.9092578351231
146636,33.9092578351231
146637,33.9092578351231
146638,33.9092578351231
146639,33.9092578351231
146640,33.9092578351231
146641,33.9092578351231
146642,33.9092578351231
146643,33.9092578351231
146644,33.9092578351231
146645,33.9092578351231
146646,33.9092578351231
146647,33.9092578351231
146648,33.9092578351231
146649,33.9092578351231
146650,33.9092578351231
146651,33.9092578351231
146652,33.9092578351231
146653,33.9092578351231
146654,33.9092578351231
146655,33.9092578351231
146656,33.9092578351231
146657,33.9092578351231
146658,33.9092578351231
146659,33.9092578351231
146660,33.9092578351231
146661,33.9092578351231
146662,33.9092578351231
146663,33.9092578351231
146664,33.9092578351231
146665,33.9092578351231
146666,33.9092578351231
146667,33.9092578351231
146668,33.9092578351231
146669,33.9092578351231
146670,33.9092578351231
146671,33.9092578351231
146672,33.9092578351231
146673,33.9092578351231
146674,33.9092578351231
146675,33.9092578351231
146676,33.9092578351231
146677,33.9092578351231
146678,33.9092578351231
146679,33.9092578351231
146680,33.9092578351231
146681,33.9092578351231
146682,33.9092578351231
146683,33.9092578351231
146684,33.9092578351231
146685,33.9092578351231
146686,33.9092578351231
146687,33.9092578351231
146688,33.9092578351231
146689,33.9092578351231
146690,33.9092578351231
146691,33.9092578351231
146692,33.9092578351231
146693,33.9092578351231
146694,33.9092578351231
146695,33.9092578351231
146696,33.9092578351231
146697,33.9092578351231
146698,33.9092578351231
146699,33.9092578351231
146700,33.9092578351231
146701,33.9092578351231
146702,33.9092578351231
146703,33.9092578351231
146704,33.9092578351231
146705,33.9092578351231
146706,33.9092578351231
146707,33.9092578351231
146708,33.9092578351231
146709,33.9092578351231
146710,33.9092578351231
146711,33.9092578351231
146712,33.9092578351231
146713,33.9092578351231
146714,33.9092578351231
146715,33.9092578351231
146716,33.9092578351231
146717,33.9092578351231
146718,33.9092578351231
146719,33.9092578351231
146720,33.9092578351231
146721,33.9092578351231
146722,33.9092578351231
146723,33.9092578351231
146724,33.9092578351231
146725,33.9092578351231
146726,33.9092578351231
146727,33.9092578351231
146728,33.9092578351231
146729,33.9092578351231
146730,33.9092578351231
146731,33.9092578351231
146732,33.9092578351231
146733,33.9092578351231
146734,33.9092578351231
146735,33.9092578351231
146736,33.9092578351231
146737,33.9092578351231
146738,33.9092578351231
146739,33.9092578351231
146740,33.9092578351231
146741,33.9092578351231
146742,33.9092578351231
146743,33.9092578351231
146744,33.9092578351231
146745,33.9092578351231
146746,33.9092578351231
146747,33.9092578351231
146748,33.9092578351231
146749,33.9092578351231
146750,33.9092578351231
146751,33.9092578351231
146752,33.9092578351231
146753,33.9092578351231
146754,33.9092578351231
146755,33.9092578351231
146756,33.9092578351231
146757,33.9092578351231
146758,33.9092578351231
146759,33.9092578351231
146760,33.9092578351231
146761,33.9092578351231
146762,33.9092578351231
146763,33.9092578351231
146764,33.9092578351231
146765,33.9092578351231
146766,33.9092578351231
146767,33.9092578351231
146768,33.9092578351231
146769,33.9092578351231
146770,33.9092578351231
146771,33.9092578351231
146772,33.9092578351231
146773,33.9092578351231
146774,33.9092578351231
146775,33.9092578351231
146776,33.9092578351231
146777,33.9092578351231
146778,33.9092578351231
