"id","target"
133627,77.5594463688281
133629,33.0475883812171
133630,37.9163459361754
133631,32.4695678434081
133633,30.2431306591025
133634,42.4685216689966
133635,25.49281506234
133637,28.0083092336694
133638,28.6511213678426
133639,23.7044873443385
133641,23.5005012074956
133642,28.421677527676
133643,48.5281617037915
133645,28.5220514980276
133646,28.4602741556241
133647,25.6480506887877
133649,25.5841434854266
133650,27.6445938467872
133651,48.8342622616088
133653,28.8956875289811
133654,28.4021255263818
133655,28.3333968290566
133657,27.036293266004
133658,28.6691133182955
133659,49.5239261600573
133661,28.2362472517459
133662,28.066746606858
133663,28.1762672480063
133665,28.0718731321737
133666,28.3806622455029
133667,49.0376877866187
133669,28.5712688236449
133670,28.3204150259028
133671,28.3755114217849
133673,28.4369916501845
133674,28.6727677012244
133675,49.7880338576796
133677,28.7056397052299
133678,28.4453560724274
133679,28.7307775536741
133681,28.6897592814424
133682,28.5880664794756
133683,45.0457979361824
133685,27.6129159431181
133686,26.7668015482809
133687,27.2036462696961
133689,26.9338315164705
133690,27.6407338548351
133691,29.0702405244845
133693,24.6348426309882
133694,23.9029898966461
133695,24.4856876954492
133697,24.5451474452962
133698,25.6672451595187
133699,25.0148900584526
133701,23.0125867159918
133702,22.8041262040555
133703,23.1525438743147
133705,23.7472355792748
133706,22.9771352402731
133707,21.7259485145969
133709,20.7765396858201
133710,21.3396843330794
133711,22.9131944576613
133713,24.0427297949053
133714,20.5738560270607
133715,21.8639685237674
133717,20.8761153712154
133718,22.5629867775571
133719,16.0643178301484
133721,25.5900385450395
133722,20.6614760411426
133723,24.7249959808664
133725,23.9743065074419
133726,23.8837152270528
133727,27.991006912728
133729,28.5687068840395
133730,23.2700144734664
133731,25.1336540045778
133733,24.1940672268002
133734,24.9512068662908
133735,32.0580891455464
133737,29.5843177108081
133738,24.0770730658679
133739,24.6904132101288
133741,25.3468623098239
133742,27.0364899734159
133743,33.3856464714176
133745,30.9293137301886
133746,24.5809368805446
133747,25.6744280118337
133749,27.4845605413081
133750,29.8970691370312
133751,31.013797451757
133753,34.0075576198249
133754,26.2484208902679
133755,27.7290592045065
133757,30.9022773493821
133758,30.1462320549619
133759,36.0248178565879
133761,38.7761587824578
133762,29.9656085447519
133763,38.766706051908
133765,33.4132868835846
133766,37.6581874303432
133767,39.0849298697568
133769,37.0446098636989
133770,32.4899778790008
133771,44.2286206379969
133773,41.401080189379
133774,47.1746628945568
133775,48.3443692480233
133777,44.4333903409005
133778,41.7691676721398
133779,72.357987871015
133781,65.2961362044171
133782,50.6319428706278
133783,61.5787117067079
133785,53.9693541821446
133786,51.8422946382826
133787,109.170158558012
133789,63.4576682423922
133790,72.9432348506669
133791,38.0485279487754
133793,61.9571186186988
133794,55.3032490735053
133795,57.9801536309582
133797,30.2853931974342
133798,39.1470136699125
133799,27.4023151691674
133801,37.320886590493
133802,30.7834474635369
133803,41.4215080546394
133805,27.5416766611263
133806,31.0252830698244
133807,28.4237139776752
133809,32.9750347777835
133810,27.8089068013962
133811,42.3125825324826
133813,26.0641916673703
133814,29.8497508060274
133815,29.9305552466753
133817,29.3409109198158
133818,26.6356717624415
133819,41.8676055526286
133820,28.4534383990624
133821,29.3522143907513
133822,27.0680166430202
133823,29.5837996150008
133824,27.3099294346985
133825,38.0890245427742
133826,27.0276375285827
133827,27.0954112284478
133828,26.3738972471536
133829,25.7393574772991
133830,26.1482845747156
133831,37.0591959942181
133832,25.7242435440688
133833,25.998080204522
133834,25.9062378656947
133835,25.3753920618928
133836,25.1879047266339
133837,37.4349420369165
133838,25.5508320319765
133839,25.1556121726571
133840,25.3613650316548
133841,25.0942197926386
133842,24.7707048701072
133843,42.53797199137
133844,25.7787027346023
133845,25.3316065134426
133846,25.5526769393929
133847,25.5322515280981
133848,25.6122883096498
133849,43.743885697069
133850,26.5959145090861
133851,26.3669996988509
133852,26.5787184859939
133853,26.3461395880644
133854,26.64312263307
133855,47.4281733463077
133856,30.2566858935819
133857,29.7319988899621
133858,30.1206044132996
133859,29.7932254383152
133860,29.8889946157007
133861,43.3987276970712
133862,29.2496356495704
133863,28.0128931441691
133864,28.9534873655911
133865,28.4452332435003
133866,29.1828592083371
133867,25.9301577322043
133868,22.5997835557722
133869,21.9110458458041
133870,22.4493834236212
133871,22.9763117171731
133872,22.6872678992999
133873,19.7103745927565
133874,18.6592768789817
133875,18.4882311580967
133876,19.3978230300804
133877,20.8416477935078
133878,18.6043353559459
133879,19.3328759876672
133880,18.7690624773048
133881,18.7995904852443
133882,21.1082409179453
133883,22.8592676130093
133884,18.7964868072275
133885,20.5226240788875
133886,20.7423772039216
133887,19.9856717632571
133888,23.6179963703226
133889,24.1890208262518
133890,20.4782694624849
133891,22.4916964084952
133892,23.2342665532519
133893,20.8046173561998
133894,24.2031667815095
133895,25.0866638762367
133896,22.6572589246417
133897,24.3194546463397
133898,25.3136857552125
133899,22.3292196566041
133900,25.4551153991
133901,27.4366102460177
133902,25.3307611761768
133903,28.0523466461732
133904,27.0385969839188
133905,25.1465238200958
133906,26.7260564846417
133907,28.8657095025135
133908,26.5415269498679
133909,30.1758689741958
133910,27.5742938727334
133911,26.7073769818193
133912,27.3963714750107
133913,29.8200287506053
133914,25.6748133968667
133915,32.1247840755726
133916,30.8882276033392
133917,29.8680890838565
133918,31.3441578554588
133919,34.235928262693
133920,27.6769094758998
133921,39.1372664683798
133922,32.807233267823
133923,28.3909599913349
133924,35.2233127453856
133925,37.6756316719159
133926,30.8415901176001
133927,54.219569830827
133928,37.2149672590852
133929,36.6458394753696
133930,41.6886639539278
133931,43.8218459248839
133932,44.8125035000401
133933,107.593719830601
133934,61.5507442024403
133935,40.9214635779276
133936,60.9652915128886
133937,65.1576723116586
133938,61.6202614555675
133939,109.96225726235
133940,47.6002264135281
133941,47.9987955367705
133942,52.2213881282926
133943,52.9443392578185
133944,50.4805398807801
133945,64.3848873734179
133946,34.4672027818117
133947,33.1845943815655
133948,36.9284613557433
133949,38.3313687961742
133950,32.6553391956015
133951,43.4679464149432
133952,31.5071837678453
133953,30.0117140835329
133954,33.0864653629386
133955,33.4373414614545
133956,30.4010421594396
133957,40.1245318837708
133958,26.7744548504641
133959,25.3341044053041
133960,26.0696605153554
133961,29.5367036375981
133962,25.65151810571
133963,32.597180973127
133964,25.2969496779345
133965,26.587826707225
133966,21.3541390640988
133967,28.1267497089262
133968,28.0192948416361
133969,29.8822687965294
133970,25.2525111824058
133971,25.9609184024488
133972,21.9491850290504
133973,22.5434801391221
133974,25.1469231041
133975,30.6779568240896
133976,26.387386884008
133977,25.2206416605859
133978,26.3473458187063
133979,25.8279803820099
133980,25.2114366557718
133981,31.797462656205
133982,27.1282321511846
133983,25.4248750317781
133984,26.350940904397
133985,25.5946450519617
133986,25.8325944065808
133987,34.5574396006863
133988,27.414649751316
133989,25.9069725885041
133990,26.3997728786852
133991,26.1254268574367
133992,26.9335580815453
133993,37.9194685529005
133994,28.4850746899176
133995,26.8935337627113
133996,27.9575204631287
133997,27.3320770625216
133998,28.5131386397562
133999,43.5095212599419
134000,30.6038887793255
134001,28.8633227284097
134002,29.4698022648829
134003,29.1858010417491
134004,30.8173298246108
134005,42.2851699361273
134006,31.5649011557422
134007,29.7742137536455
134008,29.9923819856893
134009,29.8559178153518
134010,31.1782040308636
134011,23.7735807511779
134012,20.9175786221218
134013,20.7852495536555
134014,20.7167303740014
134015,20.9532069727141
134016,20.8969751589958
134017,18.5202683001668
134018,18.3766000863002
134019,18.4439620596594
134020,19.3343161104354
134021,20.3138555968163
134022,18.4221156090097
134023,19.5646006707403
134024,19.3238729930764
134025,20.4398361095428
134026,21.0768631234224
134027,23.5647746732055
134028,19.3450910168892
134029,21.6829330777956
134030,20.7609374125563
134031,23.0351836313487
134032,24.4909024458302
134033,25.7740916844229
134034,20.8174000086724
134035,26.0848184809425
134036,22.8294190329878
134037,25.2201786601745
134038,32.0364030160974
134039,31.781371632579
134040,22.8757459422716
134041,27.6221343065387
134042,27.0284458038832
134043,28.3822291642618
134044,31.2913390556224
134045,34.226924336436
134046,27.0406698397187
134047,27.8527766241107
134048,28.797797126692
134049,29.6434069625192
134050,31.3871857142958
134051,36.1829106672063
134052,28.3737554076694
134053,30.3581499038253
134054,30.3861588124352
134055,32.2092887471507
134056,32.0641593674144
134057,37.6671439883824
134058,30.4400723053734
134059,33.5721546770581
134060,35.7289968382925
134061,37.7750344498093
134062,40.1741539589144
134063,30.3961331243306
134064,35.6430206886143
134065,40.1136391600653
134066,37.833952922095
134067,37.3459469163671
134068,40.4857862638932
134069,37.8957288619653
134070,38.0368140641472
134071,49.8811393115679
134072,48.3485125857866
134073,47.5235852652642
134074,47.1996845645705
134075,40.3019016601422
134076,48.8410896608505
134077,414.51099661021
134078,356.882419236056
134079,325.480606261929
134080,302.877103818362
134081,254.842080865521
134082,360.942656553033
134083,109.40493158366
134084,74.1033020754587
134085,76.4358297271387
134086,75.1007323258785
134087,71.5306615022558
134088,80.4270943305254
134089,42.6461815329062
134090,29.7419074522507
134091,31.9633238057822
134092,31.1465917593923
134093,36.8162952461634
134094,32.610648857004
134095,35.1716427934788
134096,21.3549468787283
134097,24.5235607616223
134098,21.9453509585448
134099,24.3094299514118
134100,21.6508240656797
134101,31.6860483861814
134102,17.7523645613302
134103,23.8511176790713
134104,18.7680135215288
134105,19.2509871000381
134106,18.492347609021
134107,31.7648239124792
134108,14.9110693453218
134109,19.5265753687847
134110,17.3526824507761
134111,18.2589888260103
134112,15.183609116371
134113,28.8815506112294
134114,14.5411184511667
134115,19.8569398980933
134116,16.9318112270896
134117,15.9837712819476
134118,13.0122410082686
134119,26.6989016084492
134120,13.3903104819866
134121,19.3288110759568
134122,17.6281627546921
134123,17.4198632183465
134124,13.4277753036006
134125,27.9300175395179
134126,14.3069533452029
134127,19.7302520017758
134128,19.3973907720115
134129,18.733179409011
134130,14.7860305324699
134131,27.8266189010632
134132,11.5638080652241
134133,19.4215152702576
134134,19.7254704140047
134135,19.4927662063282
134136,15.1661168616316
134137,30.3173159137477
134138,14.1334492172575
134139,20.1857356076476
134140,20.3327756683534
134141,20.5731969045214
134142,12.8327259869184
134143,30.8498319544075
134144,13.5100229923017
134145,20.487211429636
134146,20.7323489046473
134147,21.2431913677705
134148,16.4465421214176
134149,29.713145353325
134150,16.8598574884417
134151,21.217798229911
134152,21.5089050149127
134153,21.6901032820775
134154,19.2739684483518
134155,18.1214895695322
134156,15.0615198234486
134157,16.4680547162631
134158,15.9938139340204
134159,17.3208300752757
134160,14.3856185853474
134161,13.1722560813533
134162,12.6405648509658
134163,15.1466175173507
134164,15.7361857618851
134165,16.6948334463866
134166,11.9743324586826
134167,15.7454822403879
134168,14.4486910879713
134169,17.6312591051185
134170,20.1831003195676
134171,19.5364538819815
134172,11.6981777835684
134173,19.02145478704
134174,17.4391934526302
134175,20.6939551487431
134176,22.8480718315226
134177,24.5048627198722
134178,14.0623114251124
134179,24.0510597229255
134180,21.8802017918686
134181,23.5125003017989
134182,27.537126342855
134183,28.5424021140334
134184,19.3923438241275
134185,29.5265749457303
134186,28.3259975850029
134187,29.1868692884409
134188,36.1153070010699
134189,34.2012240072087
134190,26.2419247715026
134191,31.541001138528
134192,36.9951693796915
134193,33.7118229713425
134194,41.4940361071025
134195,38.3022355958588
134196,33.5734726247433
134197,34.7328283026342
134198,38.8633772686118
134199,39.0375153972585
134200,39.2409567258015
134201,42.0930927595328
134202,35.3619575806558
134203,30.8646640777664
134204,40.0149736867957
134205,40.094997275488
134206,40.7976204754468
134207,45.7391213277741
134208,39.6743639824889
134209,31.4588838446126
134210,39.8514223433307
134211,36.2559074635071
134212,38.3642453217072
134213,38.198199217268
134214,40.6321771945506
134215,49.9150856844603
134216,45.6624332618886
134217,46.986233537499
134218,46.9055727822427
134219,50.6941111698496
134220,48.0637191759751
134221,57.577795523115
134222,57.333651439245
134223,51.8777318904112
134224,55.4931376521742
134225,63.1036097919869
134226,67.3565597677968
134227,44.9493077043509
134228,34.5695855116754
134229,27.719736746187
134230,41.7539808146438
134231,41.6859831999943
134232,42.1436893495673
134233,31.6501932168563
134234,24.0965475170493
134235,22.9368348089683
134236,13.2009510725807
134237,30.7198925216625
134238,23.7927496965481
134239,26.320920140505
134240,16.7160436760648
134241,19.9613481979114
134242,14.7152721227043
134243,14.1412462988034
134244,19.2276250195501
134245,22.9600235947056
134246,12.3548419203437
134247,18.0333598457997
134248,9.47670730228177
134249,14.4182449828092
134250,12.8158297489393
134251,27.0053007303518
134252,12.8770289823613
134253,18.3902411780316
134254,10.2527067328394
134255,13.2836495593911
134256,13.7615133083614
134257,24.6836892541392
134258,11.0415758425672
134259,17.046246917092
134260,10.5405527790996
134261,13.131710100933
134262,11.8539106556021
134263,22.5318663998146
134264,10.0705536133885
134265,17.1110101382741
134266,13.7346124837635
134267,13.6332189905053
134268,10.217399649487
134269,21.9023705282553
134270,9.67441783328499
134271,17.1787118430488
134272,14.9342221067512
134273,15.6313455800563
134274,9.76225901721582
134275,23.2114374170761
134276,11.0075159807812
134277,17.1072281574082
134278,16.6557885233499
134279,17.257752262392
134280,11.1201343707444
134281,24.494851684733
134282,11.1638575739906
134283,17.9350166293143
134284,17.946855346054
134285,17.6082749584267
134286,10.1473338535297
134287,25.4534537025316
134288,12.9393905915384
134289,19.4742545395022
134290,18.3502197280737
134291,17.8195493468218
134292,12.8087675174183
134293,25.6332537288241
134294,13.5071751292386
134295,20.8691356808723
134296,18.3332257539558
134297,19.2006382330071
134298,13.7298319978531
134299,22.8869668272966
134300,12.558682005499
134301,19.1406677168476
134302,16.9151005905701
134303,17.9760930890442
134304,12.6776970144387
134305,21.217375059618
134306,11.5436110512023
134307,18.7884080850041
134308,18.651378010484
134309,19.8679568594797
134310,12.4796743290617
134311,18.084231335348
134312,10.7364395857365
134313,18.4323611834404
134314,20.2687072438078
134315,21.0771797417029
134316,10.7758773471179
134317,15.0408283708138
134318,12.0333633392152
134319,21.038840219261
134320,23.4998847380059
134321,23.9596457230585
134322,12.0532161249025
134323,28.8195322005295
134324,17.2793324989897
134325,23.4058011587783
134326,25.8423707982972
134327,26.0306153722604
134328,16.8574775337503
134329,32.3817374595236
134330,19.746007847643
134331,26.5210650804324
134332,28.5943743839816
134333,28.8485185970568
134334,20.90396100941
134335,33.8166333278028
134336,23.9884903519686
134337,30.939186826058
134338,36.9751074232597
134339,36.508319417911
134340,23.9357714938468
134341,34.0205639483428
134342,20.8003639338924
134343,32.9955538082511
134344,40.9906087359375
134345,39.1825042027017
134346,26.2890752777427
134347,37.7600292043793
134348,21.9588322190418
134349,38.855291223344
134350,47.3338395071258
134351,47.6474391768225
134352,23.5339245189873
134353,46.4716817849998
134354,24.5682935208826
134355,37.6389515831541
134356,49.0604223971205
134357,42.3603291707619
134358,24.2464197157578
134359,72.3140206329402
134360,26.6751251083895
134361,37.4236516296132
134362,68.1902159662712
134363,54.6701084075185
134364,26.823676398445
134365,106.784304502279
134366,32.9783488027274
134367,40.5716799912832
134368,85.2912555820635
134369,84.2529064848543
134370,31.1665139253322
134371,51.0720431723462
134372,40.5200186258377
134373,30.4623336508423
134374,25.9257388951621
134375,50.6942592205368
134376,38.5716531904798
134377,54.5718116730431
134378,27.166881289485
134379,26.8526453467252
134380,17.5879762580336
134381,24.8341915040545
134382,23.6646030567054
134383,32.3757342614027
134384,21.6890491744405
134385,25.352076001077
134386,15.3481295252404
134387,21.5643684034719
134388,19.7501419966329
134389,36.2699536167165
134390,21.2523163583346
134391,24.5047196226522
134392,16.4898541790629
134393,19.5156897055913
134394,24.3773013556886
134395,34.2588171436582
134396,30.7103668675029
134397,33.2718128650341
134398,26.4560890450411
134399,32.411889279594
134400,30.7823673729504
134401,33.7756177619384
134402,30.1287436460216
134403,32.6123872137372
134404,26.0080390920033
134405,31.7929711192351
134406,30.1992321620652
134407,33.4577948101647
134408,29.9116664786521
134409,32.241882413094
134410,25.8130130372409
134411,31.1820848367296
134412,29.9816040933911
134413,32.9915254234099
134414,29.5021788076884
134415,31.9329823304727
134416,25.5992426152948
134417,30.75340979952
134418,29.5710979516303
134419,33.2811146657572
134420,29.7566374115373
134421,32.2112707666221
134422,25.8235171223107
134423,30.9242232032482
134424,29.8261862102884
134425,32.9028077353892
134426,29.4241290615053
134427,31.9821226030604
134428,25.5303191109896
134429,30.9412314789813
134430,29.4928572346844
134431,32.5974061144344
134432,29.1080081833143
134433,31.8027748088651
134434,25.2505123795147
134435,30.6442173769056
134436,29.1759735015241
134437,33.1401289706774
134438,30.0196825652665
134439,32.8842213993374
134440,25.6677995036877
134441,31.4146665452513
134442,30.0898933703554
134443,31.878135338092
134444,30.0079098686696
134445,31.1366429289793
134446,25.6411921973842
134447,31.9661565696955
134448,30.0780908084296
134449,30.5421255914015
134450,29.6657411543243
134451,30.5195431381015
134452,25.7173520936308
134453,31.689704586271
134454,29.7865920074151
134455,29.6598436947359
134456,28.9583530233332
134457,29.7905126518667
134458,25.0934090632374
134459,30.5254028789979
134460,29.0762123641632
134461,28.9250195875469
134462,28.5111632128002
134463,29.3058340670976
134464,24.9620973277538
134465,30.334906170233
134466,28.6272121316848
134467,29.2123339241368
134468,29.2577529782679
134469,29.8762866876207
134470,25.5220188455039
134471,31.1197092940974
134472,29.3400639505503
134473,29.38863944699
134474,29.2979910373295
134475,29.9252941970768
134476,25.6601724809739
134477,31.1644959556684
134478,29.38041914832
134479,30.7214259905405
134480,30.8416714020972
134481,31.5056262934719
134482,27.0027911772049
134483,32.8212194481048
134484,30.928832710993
134485,31.1674761062209
134486,31.3740407735121
134487,32.1582830083972
134488,27.4664872838785
134489,33.3625357419848
134490,31.4629346630559
134491,32.1664703007986
134492,32.4871438608572
134493,33.661058429827
134494,28.2226167867532
134495,34.9029002770538
134496,32.621249975241
134497,38.153621444215
134498,36.6334668245437
134499,39.3874303072288
134500,31.433372828213
134501,38.5276382839393
134502,36.7899793280577
134503,43.3232947429305
134504,41.6967107020002
134505,45.3961918637033
134506,35.4260041780452
134507,44.2475306112691
134508,41.8836441156256
134509,51.8387123088727
134510,47.6931733535592
134511,52.9018108421174
134512,39.9404321916544
134513,49.2530641164961
134514,47.7892191697801
134515,49.680089729781
134516,45.4718017219433
134517,50.7313868285993
134518,38.4717460247
134519,47.0393697515812
134520,45.561658318731
134521,43.6786787697635
134522,40.0302264080823
134523,43.9175349517165
134524,34.2669421273843
134525,41.8711699605906
134526,40.1315156596551
134527,42.1176712698725
134528,38.3358052895166
134529,41.8667137504835
134530,32.8860109526964
134531,39.5120488855921
134532,38.4312547694889
134533,38.4658512810157
134534,34.6687408336428
134535,37.678483563964
134536,29.9576864597271
134537,36.3258347081355
134538,34.752205005834
134539,39.1390001152959
134540,27.2262513023403
134541,26.6169309718262
134542,22.4444661083517
134543,22.371543941069
134544,27.444382338247
134545,43.4602650556898
134546,26.0305129210548
134547,25.5737611905025
134548,20.5751197523663
134549,22.7797723325419
134550,26.2408394145115
134551,44.1158129433158
134552,25.6278284409831
134553,25.2481454985184
134554,21.9025344676937
134555,23.7295368864359
134556,25.8300705079572
134557,48.814281610659
134558,25.2723114794932
134559,24.8381955226788
134560,22.0474654100056
134561,24.7731779131092
134562,25.0905748430563
134563,48.4666555296213
134564,24.3104762332187
134565,22.8565008270796
134566,23.622046892173
134567,23.9178607079563
134568,24.3997663043072
134569,46.2386323015696
134570,24.4726693284702
134571,22.8054773973579
134572,23.3347020596867
134573,23.894115115348
134574,24.5079621534245
134575,46.8448956800832
134576,24.3709084518584
134577,23.4326923121791
134578,23.3842484000446
134579,23.866902376886
134580,24.3985382211166
134581,44.5206919807534
134582,25.1762880530208
134583,23.9196361551731
134584,23.9376157695735
134585,24.281323978214
134586,25.1024800207976
134587,26.9359929929377
134588,25.2340295175494
134589,25.9998553090966
134590,20.8192452978247
134591,27.0491359176337
134592,25.3389778049111
134593,23.6213938804523
134594,22.1963818009268
134595,22.6694710963686
134596,17.9841538293981
134597,24.4271020182153
134598,22.2951931591251
134599,21.704080280626
134600,20.2383952405465
134601,20.5505000708813
134602,16.3422800167942
134603,22.595891362617
134604,20.3057175253384
134605,22.3635398026023
134606,21.0304934039311
134607,21.3054203986076
134608,17.1034323456097
134609,23.4566483117381
134610,21.0980459574733
134611,24.5692587563742
134612,23.4142370486206
134613,23.698020277605
134614,19.5237740039258
134615,25.7266476332551
134616,23.4838742836568
134617,24.7154879232647
134618,23.6106606422048
134619,23.9021109849765
134620,19.7679447440756
134621,25.4956471826312
134622,23.6805592208544
134623,25.7163187271969
134624,24.6436446268767
134625,25.1891877407096
134626,20.8487004404932
134627,26.3782500550804
134628,24.7151284048819
134629,27.2265644670631
134630,26.791376497927
134631,27.5202997321451
134632,23.0212921545855
134633,28.7041230514259
134634,26.8672050091799
134635,28.2057393167233
134636,28.084363320227
134637,29.0626039868
134638,24.2726617414561
134639,30.1222140271609
134640,28.1634119768525
134641,32.0805910603233
134642,30.6922966184169
134643,32.761217609979
134644,26.2818658516408
134645,32.7400507360792
134646,30.7789805603265
134647,37.7774150785967
134648,36.0745862472371
134649,39.7163246722356
134650,30.5188496522657
134651,37.8660339269485
134652,36.2279223494941
134653,49.0670414272247
134654,45.2221433702124
134655,50.8870478070416
134656,38.293048756711
134657,48.5639180356562
134658,45.3113110807925
134659,45.3074921962897
134660,41.5519776837947
134661,46.3867307320997
134662,35.4786361227236
134663,43.2142384951665
134664,41.6586410276543
134665,37.6345396744553
134666,34.1508307949265
134667,37.2350194138643
134668,29.6359963896851
134669,35.889908655343
134670,34.2326950469709
134671,35.025314801095
134672,31.4483953886634
134673,34.1669362367016
134674,27.2509018563998
134675,33.1988829995185
134676,31.5223857304896
134677,33.7088746263224
134678,30.1432137397434
134679,32.6242466578071
134680,26.0135976746024
134681,31.772356345613
134682,30.213737231519
134683,31.3970769772869
134684,27.0775190040997
134685,29.2547998055661
134686,22.7352808226126
134687,28.3694680807505
134688,27.1410257925881
134689,30.3528796156671
134690,26.063389688145
134691,28.2448525215206
134692,21.7127873310027
134693,27.5849229556768
134694,26.1249913587447
134695,29.2571776734199
134696,25.0867761371886
134697,27.511589851333
134698,20.9452391406292
134699,26.3966571501155
134700,25.1467696315015
134701,29.3980213761222
134702,25.2103935538307
134703,27.7623192710161
134704,20.6534100862042
134705,26.5248465949348
134706,25.2705775451254
134707,28.7864075426744
134708,24.6719299894089
134709,27.2971901910076
134710,20.2038800082808
134711,26.2784275077729
134712,24.7313123352774
134713,29.2925913338096
134714,25.1735483759267
134715,27.7216790366338
134716,20.8680629567955
134717,26.7201376905775
134718,25.2336751843918
134719,30.2632111351434
134720,25.9995224155105
134721,27.8071291293086
134722,21.9245315962018
134723,27.3474728812245
134724,26.0610105910197
134725,30.1030721049395
134726,26.2019472536105
134727,28.2246058147795
134728,21.9424395419855
134729,27.2621574604886
134730,26.2637951373821
134731,23.7929991876952
134732,21.7707273449227
134733,22.2574378766684
134734,17.5547114883295
134735,23.4900308513166
134736,21.869048452582
134737,18.3303553953602
134738,16.6755649133658
134739,17.4767226723153
134740,12.6651868835532
134741,19.2520579453202
134742,16.744751617621
134743,17.4587682328609
134744,15.6736617171031
134745,16.5885610402712
134746,11.7066272069117
134747,18.2896419857397
134748,15.7441914851562
134749,18.2031629096368
134750,16.5455408939191
134751,17.4337082580601
134752,12.570603346233
134753,19.2630165961604
134754,16.6148826347282
134755,20.0732357361509
134756,18.3565910533768
134757,18.932607198936
134758,14.271937982697
134759,20.9175189713305
134760,18.4243137272213
134761,21.3179128454278
134762,19.9130490982402
134763,20.2104579714066
134764,15.7759484712763
134765,22.3689576644043
134766,19.9803452696894
134767,22.0666842237298
134768,20.8597834355567
134769,21.1407235486646
134770,16.6955778479536
134771,23.3379533919227
134772,20.9272664596025
134773,23.3101400056692
134774,22.2768563390431
134775,22.710527175954
134776,18.1797078394522
134777,24.7099148898433
134778,22.3452435103558
134779,24.0092969717695
134780,22.9220495314633
134781,23.5462442562957
134782,18.8039818395215
134783,25.1232355789889
134784,22.9910900778486
134785,25.7822665178106
134786,23.9491277760532
134787,25.2562917445834
134788,19.8682273795943
134789,26.0449220670837
134790,24.0195071701824
134791,32.0399060814053
134792,30.4354827112379
134793,33.5245778566762
134794,26.0520377326771
134795,32.616559951013
134796,30.5597505800898
134797,43.1528095636544
134798,39.6211053368123
134799,44.1820227458258
134800,33.5774257187779
134801,41.4197840634297
134802,39.7209682706537
134803,40.4955051655926
134804,36.8762807482871
134805,41.0275586070756
134806,31.3862629245777
134807,38.6339194719299
134808,36.966829441755
134809,33.8263223605596
134810,30.0836321411223
134811,33.141359634469
134812,25.7156317131471
134813,31.745019021596
134814,30.1540055587502
134815,30.5408178872151
134816,26.1539551080274
134817,28.8824809632964
134818,21.539956160681
134819,27.7667524973322
134820,26.2157174926407
134821,28.3811138338854
134822,24.2714472018061
134823,26.794141572393
134824,19.6279246174234
134825,25.9066405652175
134826,24.33028268474
134827,19.9935580827446
134828,12.7470295531262
134829,17.6509845167555
134830,17.5582814426569
134831,18.5324147550668
134832,14.1966543598373
134833,19.801390245688
134834,15.891036271559
134835,17.8848600352767
134836,17.952428789213
134837,18.377839158083
134838,14.8220175711514
134839,24.5179172822908
134840,19.9199423483204
134841,22.7730807940111
134842,15.4585054406237
134843,21.3997977537336
134844,19.9758173385308
134845,24.4230828718205
134846,19.8302266643507
134847,22.6813713426375
134848,15.519238589413
134849,21.3095488726355
134850,19.8861011323942
134851,24.1363481852715
134852,19.7569642953324
134853,22.5955940485534
134854,15.2830387943313
134855,21.3721721795913
134856,19.8128404828504
134857,24.1219298022659
134858,20.0448346880356
134859,22.7796154296874
134860,15.6175261083171
134861,21.6621538577682
134862,20.1007133636134
134863,27.0217465736552
134864,23.0813957399237
134865,24.967853695034
134866,18.7812937970222
134867,24.7661335809206
134868,23.1388657012435
134869,26.8817568214595
134870,23.2736042807395
134871,25.1708837494808
134872,18.9873455702724
134873,24.4755935998775
134874,23.3312677036373
134875,19.1197758224013
134876,17.0086759918412
134877,18.1242385418718
134878,12.914217859275
134879,19.3347883187617
134880,17.1081682367267
134881,14.5250353769568
134882,12.7678662062806
134883,13.9422879563477
134884,9.05325126933024
134885,15.9230414825125
134886,12.8699000857541
134887,14.0216870232168
134888,12.0960027787345
134889,13.7014024844631
134890,8.39226279302987
134891,15.5585688883958
134892,12.2903684764646
134893,14.8597907043492
134894,13.1748708830417
134895,14.2613576580461
134896,9.49790949218107
134897,16.4404873541914
134898,13.2756479844747
134899,16.5946998511244
134900,14.9943132520445
134901,15.9479163688396
134902,11.1974194742975
134903,17.8906651415245
134904,15.0902350131451
134905,18.4307094296563
134906,16.7824282748843
134907,17.6738499086867
134908,12.7713785556859
134909,19.5488159992037
134910,16.8514919475664
134911,19.9638484788183
134912,18.3643027624112
134913,19.0545784768452
134914,14.064647685131
134915,20.5224607850714
134916,18.4320209888108
134917,19.9942655746639
134918,18.4556484847181
134919,19.1835391542749
134920,14.1942031986771
134921,20.7077912695748
134922,18.5233171924759
134923,19.6104892876323
134924,18.0917477947981
134925,18.8996938346404
134926,13.7865844052787
134927,20.5927385489534
134928,18.159633302893
134929,21.4447841365099
134930,19.5204470399954
134931,20.7106924104467
134932,15.2766603285576
134933,21.8941608592018
134934,19.5877647674725
134935,27.9158396685487
134936,25.91447775045
134937,28.2655112190312
134938,21.7567065936849
134939,28.1660999579619
134940,26.021385015041
134941,40.295257557313
134942,37.058770920414
134943,40.9986772481503
134944,31.5028595466775
134945,38.9245686005984
134946,37.1499280850075
134947,37.4661735436496
134948,33.547533432512
134949,37.3208578076059
134950,28.6685868126879
134951,35.1810829643833
134952,33.6275679782503
134953,32.7757524130566
134954,28.9715386748527
134955,32.0556706972827
134956,24.9511532657985
134957,30.7878350015788
134958,29.0391790694102
134959,29.8415441407189
134960,25.5219946693182
134961,28.1947197075863
134962,20.854160188878
134963,27.3728916054156
134964,25.5826758130217
134965,27.9163084133464
134966,23.7033475947031
134967,26.1883249955538
134968,19.0842948685742
134969,25.315805060494
134970,23.7614816190022
134971,18.5068561476135
134972,13.0269805521823
134973,18.9036609471717
134974,17.7694633264233
134975,18.8811554730982
134976,12.8780133643129
134977,16.7581912797634
134978,12.2125347896387
134979,17.8471505314405
134980,17.0705038473702
134981,17.9053243124835
134982,10.1354288973903
134983,17.1834107871572
134984,11.8259494558596
134985,17.740701397868
134986,17.7930722352755
134987,18.0674642056809
134988,11.8042901976781
134989,16.9159126153559
134990,11.0165101484262
134991,17.8813397365108
134992,17.9262748410724
134993,18.3013052830562
134994,7.70763208574434
134995,16.8779785335271
134996,13.1386453414789
134997,18.0996528801926
134998,18.2130402455105
134999,18.4678344622521
135000,14.0823963676938
135001,18.7251607489488
135002,15.0027451996522
135003,19.2805157014147
135004,19.6201959843664
135005,19.445560047017
135006,15.0775582806306
135007,20.5962968131761
135008,17.7295196881135
135009,19.8013493043071
135010,20.1449629711772
135011,19.9459802483896
135012,16.9255980143354
135013,21.3211635053227
135014,20.7329073708939
135015,20.8315574131343
135016,20.9413882996619
135017,20.7581474156841
135018,19.3789477489996
135019,10.2071526253361
135020,14.369288165958
135021,15.3465848788623
135022,15.0801717569674
135023,15.7264602212022
135024,14.2517185882247
135025,4.05946038989957
135026,11.9008472496819
135027,13.1044594543937
135028,13.897487496052
135029,14.7656713497506
135030,12.0442786600485
135031,3.293498871747
135032,12.3032445734091
135033,15.2357364755367
135034,15.9677969155769
135035,16.470702796238
135036,12.0263201380473
135037,3.22703569653771
135038,15.1626264941348
135039,18.4346180508457
135040,17.9346573389088
135041,18.3042631142227
135042,14.7202000574896
135043,5.63232308361836
135044,20.3382581384999
135045,20.7253907203788
135046,20.790501771722
135047,22.7517769787033
135048,20.0839729056855
135049,7.94469713423359
135050,22.3229417539447
135051,22.5499941174504
135052,22.7337525375187
135053,23.8180877506084
135054,22.2352615454385
135055,7.29893741756027
135056,21.8898047950189
135057,25.0974171916296
135058,23.2201341274246
135059,23.2835250462665
135060,21.858676959598
135061,8.31435033065592
135062,20.3032729966874
135063,22.9815067950834
135064,21.008785431189
135065,22.3721257847662
135066,20.0459050584538
135067,8.66676156207585
135068,18.2290675834956
135069,24.9289653739365
135070,17.2590789801275
135071,23.0820497403316
135072,19.6809202575427
135073,11.8290055753611
135074,18.9212258661518
135075,25.5435327994615
135076,10.0603041325186
135077,18.7798363082987
135078,19.8619871254267
135079,19.7161574492842
135080,24.5031986126155
135081,34.4896029701514
135082,16.0175461591603
135083,21.7922753136749
135084,24.1539048876299
135085,32.7270494268909
135086,35.2944378354768
135087,48.6079761992664
135088,20.4893575966838
135089,26.9930928362941
135090,31.7979167546416
135091,30.0192721539936
135092,31.2561182999396
135093,28.4634241297037
135094,22.4961848948164
135095,24.7787717111331
135096,30.1463644711534
135097,26.7833772321357
135098,19.601063881761
135099,21.9974895404561
135100,22.7615893926591
135101,22.7352547916438
135102,20.3277088336055
135103,25.1589851948709
135104,16.0769641963133
135105,19.8443228365899
135106,20.6288865437391
135107,19.6913321244029
135108,16.8564058509263
135109,22.8356371783108
135110,14.5221122544375
135111,19.8505320344278
135112,20.31458778277
135113,20.0540457565627
135114,16.7470881719871
135115,19.1993951288512
135116,12.0899934784414
135117,18.8728516700188
135118,19.2696569991031
135119,19.4461887459107
135120,10.2314272131653
135121,19.0784463613771
135122,11.5375056122515
135123,17.7903477777867
135124,17.9767251356501
135125,18.437755244063
135126,11.5016821929079
135127,20.0588866091114
135128,10.3699022196235
135129,17.8110017052268
135130,17.6491591648097
135131,17.5550861220409
135132,8.98139239784024
135133,19.9723671909877
135134,11.7244723969379
135135,17.9206089358113
135136,17.4518532994049
135137,17.7718732128903
135138,11.2939766112971
135139,20.6757362472669
135140,14.4005867168698
135141,18.201950385925
135142,17.8781842462396
135143,18.2091663738835
135144,14.5168894513001
135145,21.6189643029944
135146,17.035496446729
135147,18.5034449676587
135148,18.5237794244729
135149,18.8429588443111
135150,16.554213643249
135151,24.6456895967226
135152,21.2578632958825
135153,20.850085255534
135154,21.3407592610378
135155,21.2755926859045
135156,19.7476328451995
135157,25.198508621596
135158,21.6092548219916
135159,21.6157161442386
135160,22.0502191506336
135161,21.9339457195292
135162,21.4980788912236
135163,16.3701283204367
135164,16.0925421405285
135165,16.9405834696956
135166,17.0530732635275
135167,17.0308662086038
135168,15.8533007195926
135169,11.7882603557487
135170,14.4128415273604
135171,15.1454735458153
135172,16.0496991788739
135173,16.4291362595126
135174,14.2797646453213
135175,10.5273603854948
135176,14.0648426199499
135177,16.7903756211516
135178,17.9434429681678
135179,17.2369207341418
135180,14.0616397388704
135181,9.65899192369064
135182,16.2922468758683
135183,20.2904040318805
135184,20.6576577135249
135185,21.3753543101359
135186,16.2485546306251
135187,10.7301673159781
135188,19.7555083648108
135189,23.0218880885509
135190,22.6147108198086
135191,24.2915208224914
135192,19.8873746561558
135193,14.9376930612919
135194,21.3625189220077
135195,23.8700859954379
135196,24.8897113120432
135197,24.751697983592
135198,21.6718357725518
135199,14.1858573890764
135200,21.8476116522181
135201,23.5550410657739
135202,23.4653569565638
135203,25.4218454388989
135204,21.3547140586873
135205,13.6495753575048
135206,20.3431279638142
135207,23.9407562303627
135208,23.521917261657
135209,25.308041143521
135210,21.2780548436163
135211,10.9214549871324
135212,23.6156513679786
135213,21.742645282279
135214,4.81672994774321
135215,26.60823780769
135216,23.2953503435122
135217,13.8430359690202
135218,23.4839072398326
135219,23.2785129380883
135220,23.6786161657189
135221,23.0192810997783
135222,25.1149530588094
135223,22.8109702086708
135224,33.4304278277755
135225,25.904499285601
135226,22.8423185434292
135227,30.5362907617765
135228,29.3298876805525
135229,36.7181577049865
135230,39.1290993671428
135231,33.1746707408007
135232,33.9398639056765
135233,41.2174648819363
135234,38.0140421619481
135235,33.1036271494712
135236,29.2406552661657
135237,29.6152123192456
135238,23.335090286799
135239,27.9097624233998
135240,30.0985453065075
135241,31.7011828046064
135242,20.6782084632784
135243,24.3452135326531
135244,19.2915159231064
135245,20.996503642669
135246,23.1122473847046
135247,25.9889755567079
135248,18.0314766615604
135249,23.0103377855697
135250,18.4074098025305
135251,18.9321750142638
135252,18.7340237326919
135253,24.8319205138645
135254,15.9639780581791
135255,20.5950444383647
135256,16.8340423262454
135257,18.3259902864451
135258,17.0664509383842
135259,28.9742943058383
135260,24.6316900971333
135261,19.8210412533856
135262,18.8411125937877
135263,19.2909205884369
135264,24.6910160010472
135265,27.6300413733262
135266,23.4216648947751
135267,19.1501609422586
135268,19.4323148906164
135269,18.4329554211577
135270,23.4794847032039
135271,27.1794376051257
135272,22.9798492298448
135273,18.8350599836918
135274,19.0076294397496
135275,19.0988033664757
135276,23.0372213756712
135277,27.036791353165
135278,22.7601508215649
135279,19.2633614648308
135280,19.3646843160261
135281,18.9011769242011
135282,22.8173211525666
135283,27.3277557474884
135284,23.1528974793461
135285,19.5816729007704
135286,19.6814048415363
135287,19.5688472570983
135288,23.210438860175
135289,27.6574606133195
135290,23.8088892207372
135291,19.8606820560479
135292,19.9202221693075
135293,19.9472314919906
135294,23.8671472632542
135295,28.7183403810546
135296,24.6533704126219
135297,20.7852068905365
135298,20.8072329369307
135299,20.8835417254144
135300,24.712726901383
135301,28.6486494502821
135302,24.9219813371412
135303,21.2347492142963
135304,21.3245359819236
135305,21.2668597189332
135306,24.9817269184201
135307,21.5730592611059
135308,19.3355460805028
135309,16.8664336100458
135310,16.0899975178081
135311,16.9512734348177
135312,19.4329343554835
135313,16.5509169656354
135314,15.2120339324761
135315,14.3317426930638
135316,14.7425020959038
135317,14.8307507838288
135318,15.2832943006413
135319,17.0097902726965
135320,15.3859981461541
135321,17.0989721223122
135322,17.6105744961323
135323,17.199706609253
135324,15.4569751333179
135325,17.6138890727542
135326,16.2262785668059
135327,18.2921808848566
135328,18.3079916205791
135329,19.4146421255672
135330,16.2960256126072
135331,19.2555967140352
135332,17.8736748320411
135333,19.233844841023
135334,20.4747626252392
135335,21.6680644325217
135336,17.9417136124306
135337,21.8454614290222
135338,20.8907109659167
135339,19.7148505076917
135340,21.7246057150746
135341,23.9564641074705
135342,20.958205877364
135343,22.3672569288911
135344,22.0932092587332
135345,21.1162643979477
135346,22.9862919180632
135347,24.132889985291
135348,22.1614377029365
135349,22.7013124512133
135350,22.2235897593785
135351,13.657321603714
135352,22.970234035983
135353,25.6031610316681
135354,22.2919296371496
135355,22.4653215831619
135356,22.0118907586582
135357,20.4212761394644
135358,25.5552374942819
135359,27.4682636758713
135360,22.0800528225459
135361,23.1617829492097
135362,21.7378762964283
135363,20.6779327362453
135364,22.3363821561913
135365,24.8359637611514
135366,21.8058324337849
135367,29.6355590862354
135368,28.2141688860362
135369,21.1664516812412
135370,16.2883516519293
135371,20.5710234101699
135372,28.3290485370919
135373,38.7602535510686
135374,35.079491528942
135375,27.0554065881879
135376,21.5091629856814
135377,26.4050270322957
135378,35.1642426871769
135379,37.1828646077033
135380,33.5026031345046
135381,25.2511214826303
135382,24.699224711126
135383,23.7117951769017
135384,33.5825029422165
135385,32.3386936905933
135386,28.8790177120738
135387,22.4610815418516
135388,20.2907637120908
135389,19.3310534387725
135390,28.9464393926701
135391,31.6654687069653
135392,28.1454755300592
135393,22.3563999996948
135394,20.5034130464192
135395,19.4888422253145
135396,28.2112290919012
135397,30.0820007504402
135398,25.6442175898569
135399,20.5749665354959
135400,20.5533108623729
135401,20.3687831765901
135402,25.7050998415878
135403,22.9146813642224
135404,15.0778133333394
135405,19.7778298307303
135406,14.9240609303648
135407,16.8633942016932
135408,15.2856257785979
135409,21.9919976045162
135410,14.185374036704
135411,18.8883945230943
135412,16.2433465929322
135413,15.9592899311142
135414,14.8258105233637
135415,19.5701653777211
135416,13.3748802717049
135417,18.6019922835169
135418,18.9671258117471
135419,19.0575634155536
135420,12.6322545318781
135421,21.1206921899119
135422,13.9397551303951
135423,18.0093605721529
135424,18.355620984287
135425,18.4562680205726
135426,15.1427978236752
135427,21.0757134780968
135428,15.2435956494456
135429,18.2366331531406
135430,19.1211711180387
135431,18.4478706623302
135432,16.8949294834463
135433,18.3333166813598
135434,16.7134204211738
135435,18.3476758066881
135436,19.1407427305213
135437,18.872237891594
135438,17.0541851571388
135439,19.5708410889671
135440,17.8582631771765
135441,19.7308025819976
135442,19.8358770480619
135443,20.1714541143108
135444,17.6158413476547
135445,19.8276804672085
135446,19.4456126418104
135447,20.5417586352506
135448,20.6114781847717
135449,20.6965885792966
135450,19.2469060699919
135451,14.3197003912427
135452,16.2436167620356
135453,16.8109578905216
135454,16.4991812903077
135455,17.4449003151244
135456,15.7780448328148
135457,9.44876121581963
135458,11.6549615971916
135459,14.1288503503956
135460,15.5009784363711
135461,14.625846138435
135462,11.3067453717337
135463,6.95594025472494
135464,10.7318988662085
135465,15.5446256882213
135466,16.317066656748
135467,16.3332069303744
135468,10.7166442990655
135469,4.75301940574045
135470,13.1782096901689
135471,17.5937072624604
135472,18.9130582560235
135473,19.1304081513536
135474,12.9590483026539
135475,7.62960998613756
135476,13.7078107312232
135477,18.6451507891508
135478,20.0219978270563
135479,20.967201844241
135480,13.7530766863547
135481,8.00403632005129
135482,14.0910971875156
135483,17.9044627005375
135484,21.2173961481395
135485,21.8956717930798
135486,13.7358052030538
135487,8.83929061655794
135488,14.6886947259976
135489,19.7909943251339
135490,4.76442170564247
135491,23.4180625521741
135492,14.3137454954478
135493,12.1462532216188
135494,15.8430340883938
135495,18.4480938615637
135496,23.1257686877947
135497,24.5989274047552
135498,15.3541171938091
135499,15.1671184583512
135500,15.7430727742105
135501,21.0692577923745
135502,19.7944085023002
135503,26.7002241931374
135504,14.5546293849081
135505,15.4645125421472
135506,14.1823807458984
135507,20.2997380988699
135508,23.7940991187674
135509,28.3086013148751
135510,14.5619674737753
135511,21.8361884542568
135512,21.6719786503585
135513,22.2885371198347
135514,28.5896454642087
135515,18.612860037989
135516,22.0741379680676
135517,30.754026187186
135518,28.0911686699641
135519,27.2572578538852
135520,33.5950964797295
135521,37.4712533055679
135522,27.1962209436301
135523,28.5526638116776
135524,24.8890733342204
135525,24.6217422410217
135526,27.5950615423559
135527,24.1761776837508
135528,22.8949943061851
135529,26.0580764912182
135530,20.1721117107764
135531,21.5914254042677
135532,24.142832432983
135533,22.7642723282918
135534,20.3530388648933
135535,22.6349968824289
135536,15.8106574581933
135537,19.9952161667326
135538,19.9250004247258
135539,18.2804189598362
135540,16.5550027175168
135541,20.3549486253937
135542,16.0302237933354
135543,20.2883006334865
135544,19.9645590008527
135545,19.1792291800628
135546,15.6972664724575
135547,19.1265970990222
135548,12.7879240089219
135549,19.8367338884271
135550,18.9424277121717
135551,18.8459149983858
135552,13.3890459968154
135553,18.7908550274831
135554,14.4801377836073
135555,19.3355538452617
135556,17.7121709869094
135557,18.5794001013952
135558,15.7587581344475
135559,18.3256258522498
135560,14.4724044648288
135561,19.3040685994688
135562,19.179720475961
135563,18.4003670401114
135564,17.051966435741
135565,18.207167729455
135566,18.121623618515
135567,19.2757346890008
135568,19.3725077160082
135569,18.9233300645328
135570,17.9362098977638
135571,19.1396694748501
135572,19.8360222429141
135573,19.3482100525395
135574,19.3461939761474
135575,19.0223318162949
135576,20.4931526771068
135577,24.979655824951
135578,19.877745377069
135579,19.6619335159083
135580,19.4447121105021
135581,19.0861808302312
135582,19.7513058012912
135583,34.0430617255203
135584,19.9522281348333
135585,19.783238088874
135586,19.7078926642852
135587,19.049315267479
135588,20.0770491583279
135589,30.5399925900982
135590,19.915505607151
135591,20.6718560157073
135592,20.4883653521808
135593,20.3131239842897
135594,18.4480490416691
135595,17.7213365487839
135596,18.6085833232449
135597,17.7184511796676
135598,17.4734362324544
135599,17.457346673789
135600,17.4605640503894
135601,11.4861378847142
135602,15.1527975531998
135603,14.7228412941475
135604,14.7026904735123
135605,15.2729663486238
135606,14.6562970107733
135607,5.91350292072413
135608,15.5976921183962
135609,16.3905229440613
135610,14.7687826362501
135611,14.1479809164409
135612,15.1075182453704
135613,4.16472219333906
135614,17.9405248376425
135615,18.7211269493994
135616,18.3312325431834
135617,16.3589885035739
135618,17.3208521576629
135619,6.62316595027534
135620,19.9525688637599
135621,20.7581989435256
135622,19.4792767358236
135623,18.9303721730688
135624,19.2606940611932
135625,10.8405578253914
135626,20.7050950812078
135627,21.0775444875774
135628,20.3940316618386
135629,21.00122351281
135630,21.3622073423471
135631,18.6673733826177
135632,22.2108202178486
135633,21.7048527112066
135634,21.695255561893
135635,22.6973477347879
135636,21.7367335331657
135637,23.4158753415395
135638,25.8744533316446
135639,27.221810143238
135640,25.9323114702937
135641,26.7532758170253
135642,23.1643841622575
135643,28.5824519482533
135644,27.7535424586784
135645,30.0831657337263
135646,30.8492164832123
135647,33.7110500727316
135648,22.0552124601
135649,32.943614870067
135650,34.1082607258322
135651,30.9500190415855
135652,32.6098115851869
135653,36.2759201977623
135654,18.9223213487415
135655,35.4931970984575
135656,28.5505501176672
135657,35.90934560871
135658,40.0442223266926
135659,36.6196789402325
135660,36.0151834678162
135661,36.1748161585132
135662,48.4363694390528
135663,39.977750814484
135664,20.6763059285966
135665,33.530708408423
135666,50.1982179267783
135667,30.9661969083008
135668,42.4636766007801
135669,32.1489026277755
135670,27.0339364801059
135671,27.1484391334687
135672,40.2522441758283
135673,49.3836161692824
135674,31.9670018445715
135675,28.2324469388266
135676,21.687567983093
135677,23.8900321309889
135678,32.7293527297523
135679,39.4165586837533
135680,27.5468650050626
135681,24.7104803220096
135682,25.7555473416914
135683,22.5252016451308
135684,28.043216883792
135685,29.5394498657143
135686,24.9503173625813
135687,23.087731341046
135688,20.230678960323
135689,20.6971803332399
135690,24.0958652068836
135691,24.0988118073497
135692,20.2553958036405
135693,21.3083546928803
135694,20.3766039236858
135695,20.0679000750911
135696,17.7279552310195
135697,21.1446412267843
135698,17.5881728833413
135699,20.5976006858431
135700,19.2707109459092
135701,19.5137383161363
135702,18.2347326391578
135703,22.898958581847
135704,18.3714779918006
135705,20.4675418045193
135706,19.9848753613111
135707,19.929090032831
135708,18.300421795195
135709,23.8280996194097
135710,20.1206049067542
135711,20.7199572862363
135712,21.0916152822055
135713,20.9008221304748
135714,19.7966465596117
135715,32.5178681197955
135716,20.5987564137105
135717,20.8410446548792
135718,21.3381704460325
135719,21.389995083809
135720,20.2171596752437
135721,21.6990532033667
135722,20.6662994985676
135723,21.7383706746566
135724,21.6743221157181
135725,21.6912497269181
135726,20.8158123502121
135727,25.9577431333545
135728,23.039561434147
135729,23.9707300080375
135730,24.0715421058775
135731,23.867515010174
135732,22.5699821608879
135733,26.9763283799577
135734,23.9350935729673
135735,24.1672004395519
135736,24.1316971018722
135737,24.4875783118992
135738,23.6802069099694
135739,18.4365835209781
135740,19.4817391273223
135741,19.2943225771171
135742,19.408118242653
135743,19.5046456038414
135744,19.2176526172705
135745,11.567434098134
135746,18.1125919753238
135747,18.07798030438
135748,18.25853559239
135749,18.6255249480338
135750,17.3169675788245
135751,7.78567917790812
135752,18.6383317828863
135753,19.8008376426497
135754,20.3962819738464
135755,20.0421387796551
135756,17.7139874900118
135757,7.5397349654462
135758,19.7448058426106
135759,22.1029593464333
135760,23.1268095787252
135761,22.5388345342242
135762,19.1244955838566
135763,11.0559568536812
135764,20.8939133000273
135765,23.8555181748523
135766,24.0764127179456
135767,25.0219298927068
135768,21.3209979646091
135769,13.6778939091813
135770,26.4664068490677
135771,27.4670681217989
135772,27.3574304373895
135773,28.5735709654381
135774,26.4407367743729
135775,17.7498024130524
135776,27.2776936620938
135777,26.1983862178491
135778,28.9725585353803
135779,29.9393905961295
135780,27.2260988058583
135781,23.7510682478684
135782,29.6487323973985
135783,27.4381345346618
135784,30.4790575145459
135785,31.8473783835639
135786,29.9539294909275
135787,24.764752213964
135788,34.5121351562122
135789,31.4849742767019
135790,34.7346876596032
135791,34.7340131371049
135792,34.7404616469339
135793,26.5385793820507
135794,35.3928768687873
135795,25.6287233635731
135796,30.9365382997991
135797,35.618799428863
135798,36.2189396991298
135799,32.1054882436808
135800,44.429924161742
135801,34.7762421165567
135802,22.9728952562539
135803,32.3445319235416
135804,43.9214106497708
135805,46.2694499810746
135806,56.5367428674159
135807,44.0005162276951
135808,28.8848184855062
135809,33.7028083566387
135810,54.6295407752341
135811,35.5074427133011
135812,36.7645425199257
135813,34.5607595277169
135814,32.6994517268991
135815,27.4335682884026
135816,36.5339617190123
135817,30.7648906399632
135818,25.7324327709873
135819,26.3964536044534
135820,28.3194770184964
135821,27.824550538906
135822,25.403147942255
135823,27.5754834725237
135824,20.1018382789675
135825,23.4493486179482
135826,25.4921856834386
135827,23.7911997298058
135828,20.6225043887676
135829,26.634858895562
135830,18.8978532705577
135831,22.9770776708696
135832,24.1106964440397
135833,22.5903487468861
135834,19.3581477049294
135835,24.5354627388634
135836,19.239746010083
135837,21.2934711865635
135838,20.2678032979558
135839,21.4618168119564
135840,17.5341194251722
135841,24.2731787994571
135842,17.4941022986776
135843,20.4881305451871
135844,20.0370926736682
135845,20.8770515150027
135846,17.5096366816919
135847,25.769810676067
135848,17.2489461782497
135849,20.8370635293142
135850,20.7229806603745
135851,20.9814019506501
135852,17.3247808911469
135853,25.2637437812682
135854,18.5073533371886
135855,20.8003914477092
135856,20.6349214680404
135857,20.8875664344816
135858,19.0490697036529
135859,25.5535147390626
135860,18.6802800765105
135861,21.0899427745702
135862,20.9402063974447
135863,21.1933144701765
135864,18.6401490774538
135865,27.2650047066811
135866,18.4133242415893
135867,21.5227644479879
135868,21.404634128111
135869,21.578070832573
135870,19.9073705376342
135871,30.3873620152908
135872,20.6726564258007
135873,23.8955790434818
135874,23.689998918745
135875,23.8812460732181
135876,21.4138798344366
135877,29.9538806765918
135878,24.178727891926
135879,25.4805231655128
135880,25.2785007563403
135881,25.4515417218345
135882,24.5631275625241
135883,21.1392099083272
135884,18.6699239294439
135885,18.6553675543236
135886,18.8960753239714
135887,19.2862922794955
135888,18.5045983709425
135889,16.3274038951657
135890,16.7789651022919
135891,17.0059236866107
135892,17.1564993234219
135893,17.7586016814519
135894,16.6782094992758
135895,15.9124346502744
135896,17.5703298767947
135897,17.8436677968389
135898,18.6441410304619
135899,19.2032810854106
135900,17.198323353061
135901,17.6153118124057
135902,20.0685855867467
135903,20.6103033248785
135904,21.5283013693002
135905,22.914474773648
135906,19.7090283402144
135907,19.6306309282121
135908,23.4704010336351
135909,22.3245507075968
135910,23.5948458850252
135911,24.8769804058852
135912,22.8747048763308
135913,21.5775180787114
135914,26.8713423836167
135915,22.0130715831955
135916,26.6228745388752
135917,27.9897665613644
135918,26.917291959588
135919,23.4117077072001
135920,28.5012795551634
135921,26.9386574834831
135922,27.7979344318505
135923,29.6688471361752
135924,28.3437251746423
135925,24.989340861908
135926,28.0646281478262
135927,26.3956956288511
135928,29.276743608567
135929,28.5863166881531
135930,28.7146659581813
135931,29.1755810518436
135932,33.743479494087
135933,26.2575257144672
135934,33.0639059750263
135935,36.228133564151
135936,34.5998128030007
135937,29.2863793946772
135938,34.3124412857095
135939,21.2189258242475
135940,33.0584258160286
135941,38.1246479202407
135942,36.4203492849883
135943,43.8281041910419
135944,45.3260707111644
135945,41.0132781942746
135946,48.967020598356
135947,51.705127295911
135948,53.9394790165775
135949,72.5119520180438
135950,70.4233804924237
135951,61.3080524995753
135952,65.5706607397629
135953,78.4809840838915
135954,79.6545832760996
135955,45.9865232432343
135956,38.9495474638935
135957,39.392564645933
135958,35.5937425412528
135959,35.7876768678218
135960,38.8396067242419
135961,40.4399035723779
135962,29.8923660870495
135963,28.6440772413768
135964,23.0186649672176
135965,27.2524934612667
135966,31.5959618599584
135967,33.5481047296718
135968,24.9639938974541
135969,26.0786374473424
135970,22.0475580931735
135971,23.4519068973506
135972,22.533124323508
135973,31.7945666267321
135974,20.8054760866931
135975,25.4282821070619
135976,22.6396012545593
135977,22.7877936079914
135978,20.8343190260308
135979,27.9004605144417
135980,18.9083704834956
135981,22.1840261139891
135982,19.8039684194966
135983,21.3761354458033
135984,19.6295522401785
135985,27.1987303224641
135986,17.217853997852
135987,20.6407476011753
135988,20.2248702651178
135989,20.4829665796074
135990,17.3613277310991
135991,27.651042659785
135992,16.9555065074898
135993,20.5028610208226
135994,20.6881147323663
135995,21.1358852093818
135996,17.1063512664578
135997,28.391877637426
135998,16.7144204127818
135999,20.5461873224187
136000,20.4866330513241
136001,20.9107257961357
136002,16.8071006504309
136003,26.780420590479
136004,16.3926540384139
136005,20.2834719533823
136006,20.2389244180469
136007,20.436814860435
136008,17.4685358250141
136009,30.5310034486882
136010,18.7070732642639
136011,21.4693446759975
136012,21.216683437877
136013,21.4722417881441
136014,19.4424670428557
136015,32.8809712021294
136016,21.1429825013095
136017,23.7864357498278
136018,23.1609892154763
136019,23.4195478979649
136020,21.3886424051276
136021,34.5804487926596
136022,22.2129218839139
136023,24.4837306954296
136024,23.7385796127588
136025,23.9818634605319
136026,22.5453549751032
136027,22.9348650973877
136028,18.7238314369866
136029,19.4413289047452
136030,19.0810882880989
136031,19.5023759298957
136032,18.7619743799124
136033,18.3808238686142
136034,16.9832787991867
136035,18.4237364585909
136036,18.1674449032167
136037,18.9949046881647
136038,16.5483934707679
136039,18.301488791235
136040,16.4591315575991
136041,19.5902231343797
136042,19.3824783414751
136043,20.4228672908931
136044,16.9200871211681
136045,16.8436643920064
136046,16.0214814421991
136047,20.3996240012311
136048,20.5797382596521
136049,21.7601816155944
136050,17.592165039082
136051,16.906675824313
136052,18.4119650469323
136053,22.0175618044683
136054,21.0204318525984
136055,24.6747335404974
136056,17.897125797823
136057,19.405311771273
136058,21.1408806772865
136059,23.91704343414
136060,23.6665265614413
136061,26.9020763344066
136062,21.6997222213171
136063,21.3814213021179
136064,25.5051347295689
136065,25.4973940153033
136066,22.5081979394496
136067,22.0463991578698
136068,24.4592588043749
136069,24.9760383726525
136070,30.7511802539835
136071,29.6150400855203
136072,23.565627491859
136073,31.2264874929236
136074,30.2231201248015
136075,26.2515751175532
136076,35.4288129081528
136077,33.2389575085214
136078,30.5235101737959
136079,36.3842581631051
136080,36.4373839946815
136081,30.5568148395614
136082,40.3891535923515
136083,36.9813175443091
136084,36.6421962760796
136085,34.4836953271523
136086,31.8513150689621
136087,39.1785117234455
136088,45.0721880811502
136089,36.9184412430812
136090,40.42151285755
136091,44.2947853710498
136092,44.7150207781532
136093,62.8578711409079
136094,56.2243021807396
136095,40.447725835315
136096,34.2638886864559
136097,48.3898794039054
136098,45.7260658104115
136099,45.9940423306218
136100,36.9988364487143
136101,32.238332259653
136102,23.1281544143532
136103,31.8759329680222
136104,38.5715300487485
136105,35.2695440043374
136106,28.0017088102713
136107,26.5011159220428
136108,24.1838985146114
136109,26.1712030511517
136110,27.0281742716308
136111,33.66536971192
136112,27.3608679229173
136113,26.4228751992932
136114,21.795946509087
136115,24.7675221932855
136116,23.4220854237331
136117,32.8434028669579
136118,21.047558541715
136119,23.9152705749781
136120,22.3555972013144
136121,23.6489729756389
136122,23.3046545501504
136123,25.855535311688
136124,17.8408792969352
136125,21.0274347056005
136126,20.3509772993449
136127,21.757795160816
136128,17.9611512403351
136129,27.4181437611572
136130,18.9085118045928
136131,20.6420341758054
136132,20.8176842432744
136133,21.5639242715826
136134,19.5027112572753
136135,26.6613011003465
136136,20.6715542935045
136137,20.4499012514767
136138,20.5390846785337
136139,21.2990428735597
136140,20.0514678819257
136141,25.5967603445713
136142,18.7917491433082
136143,20.200859281442
136144,20.2296665126502
136145,20.6427507576818
136146,19.1243708512487
136147,24.6319492816124
136148,19.7449829555358
136149,20.5047133398586
136150,20.2192867014485
136151,20.6665665940971
136152,19.3310169538404
136153,25.6870685025122
136154,21.7901988760901
136155,21.2351819349763
136156,20.9196976348728
136157,21.0425395198602
136158,20.7667654011555
136159,28.07111459373
136160,23.1345945415244
136161,21.892813671159
136162,21.6208869713981
136163,21.9990481423041
136164,21.4630657804619
136165,29.6131259018649
136166,24.5602542492856
136167,25.1930336124136
136168,24.8572979429936
136169,25.3207379658058
136170,26.4527806391094
136171,22.4634707375579
136172,19.8654524311956
136173,20.9956836123514
136174,20.3194679268595
136175,20.6435191418377
136176,20.0534176590194
136177,18.0413491159311
136178,18.2459218625562
136179,19.6428876564416
136180,19.0192289558077
136181,19.9401876823554
136182,18.5777500232669
136183,15.6890992126596
136184,19.1847442385246
136185,20.1784798439508
136186,19.8768658039463
136187,20.7035403176031
136188,19.0286584959205
136189,12.4789124343325
136190,19.4701024591769
136191,22.0101949754314
136192,21.0802246427387
136193,21.6222338229662
136194,20.389909236661
136195,12.8387290274751
136196,20.8753049879076
136197,23.452253554822
136198,21.4559488835717
136199,23.0500590033466
136200,22.4342113148148
136201,14.7910400132403
136202,26.1470694866686
136203,26.9307905824051
136204,27.2720462238024
136205,27.5440203864194
136206,27.2824263980811
136207,17.2816830713854
136208,26.373407740385
136209,27.4153903464619
136210,27.4744516541346
136211,28.8777019583339
136212,27.028511657566
136213,22.065907124612
136214,30.7822082377459
136215,30.1771062099541
136216,29.9861068402549
136217,32.3503355211165
136218,31.0853338667886
136219,23.4399485838806
136220,35.4739415355317
136221,33.9579956536539
136222,32.5902673125924
136223,36.0468118284387
136224,35.7958795516416
136225,30.5138971280907
136226,42.9649215176339
136227,35.3227116400927
136228,36.1764198095386
136229,39.0237374228069
136230,42.880137915108
136231,38.9842621526596
136232,58.0701360809317
136233,42.4102850182623
136234,39.832224869711
136235,51.0182251036584
136236,59.4828990366599
136237,83.4904293284564
136238,88.5297462227289
136239,57.487476743789
136240,62.1506273606659
136241,42.7227698233928
136242,90.6061519061065
136243,56.194808197405
136244,46.7405805096957
136245,33.3835550544182
136246,38.5583487822582
136247,37.9827312456204
136248,29.900637464185
136249,44.047281045453
136250,32.8374724106659
136251,30.0505257273998
136252,29.4089324695123
136253,30.4153591982326
136254,28.2744161868904
136255,38.177073881864
136256,23.1780921272415
136257,27.0588295232229
136258,23.1596847799203
136259,23.5698286624719
136260,25.9025893447221
136261,32.8507338039798
136262,26.3865760276028
136263,26.5454196658876
136264,26.5946646258144
136265,24.4739083241172
136266,21.7140878126799
136267,30.688064588163
136268,26.1494026162445
136269,24.154559656473
136270,21.9782135099642
136271,23.6818543564837
136272,23.3074971960865
136273,30.7903355878907
136274,21.1018485511241
136275,23.2262173664544
136276,24.3252411776488
136277,24.4728240958559
136278,20.4550751224538
136279,31.4853346264596
136280,24.1332097066423
136281,24.4111742089864
136282,24.8600987740681
136283,24.9761452143612
136284,23.1453262570591
136285,33.4855827129539
136286,22.9031433231395
136287,24.2232574286949
136288,24.5019760353733
136289,24.6530591494184
136290,20.9572802761759
136291,36.1467587725616
136292,23.0989910384633
136293,25.3187476372321
136294,25.125896539991
136295,25.3564015165424
136296,22.5341442233751
136297,37.2323145221023
136298,23.8675419894588
136299,25.346916024572
136300,25.0967007536392
136301,25.3508859687033
136302,24.2944649695421
136303,36.7602040698912
136304,23.9432479608377
136305,26.011316900051
136306,25.7941738489081
136307,25.9981475676303
136308,24.7931150458091
136309,35.483737626567
136310,22.5580684815075
136311,26.31550370229
136312,26.2168227471172
136313,26.2544775793991
136314,26.7540844486895
136315,24.4427973161281
136316,21.083483588262
136317,20.5058957556411
136318,20.7439402692583
136319,20.6609350876891
136320,20.1676426991526
136321,18.74301269386
136322,19.8262467713132
136323,18.8556844097237
136324,19.7359226960842
136325,19.5779882260693
136326,19.0043451315653
136327,18.2524393540388
136328,19.3745117383085
136329,19.7868887569487
136330,20.5891993564585
136331,20.5822122427217
136332,19.2990562938735
136333,18.0225657893571
136334,20.5719009221328
136335,21.845475098946
136336,21.4312831490272
136337,23.4758055772376
136338,20.703885476473
136339,17.6939924932439
136340,22.6031971693177
136341,24.5083296050679
136342,23.622544607482
136343,25.6665564668304
136344,23.220782723818
136345,22.4308453395067
136346,27.0878493266283
136347,27.3459366041115
136348,28.0521396505057
136349,29.5621366257567
136350,27.4805154937934
136351,22.5102923691806
136352,28.1599943228662
136353,27.5578690438243
136354,28.4437262688251
136355,29.6645974509451
136356,28.0379945992841
136357,24.5493632822561
136358,29.136020796694
136359,29.2164025019839
136360,30.4830176790221
136361,31.6312786843554
136362,29.938194797441
136363,26.1279126406828
136364,33.3411512687143
136365,33.998926513191
136366,34.4259687267116
136367,34.4915009530378
136368,34.7824338197396
136369,27.4489364566074
136370,36.5872598787537
136371,36.7925230228266
136372,35.8696021769075
136373,35.934800639215
136374,34.5833125783006
136375,43.6691219975349
136376,45.8711957820947
136377,43.7638563512847
136378,42.1016560573116
136379,45.5933144857175
136380,42.9056638950647
136381,67.0446598054233
136382,55.0329809634994
136383,47.4176922354501
136384,26.1148684256532
136385,44.2231589033986
136386,62.0979122241742
136387,42.3855213027264
136388,37.7851355677605
136389,28.8060791911753
136390,25.5502500626166
136391,30.9936777472351
136392,35.6243098464089
136393,34.1804363186988
136394,26.5481309242057
136395,24.6947534134885
136396,20.7616449592602
136397,24.7736514463183
136398,25.6612293956915
136399,28.9625529601423
136400,18.8472272429982
136401,21.8557733425181
136402,19.5510011831972
136403,20.7245153826817
136404,21.2087320383172
136405,27.1506015322347
136406,17.1887733356675
136407,20.3419902511815
136408,19.9905462999276
136409,19.7394722006861
136410,17.791004080012
136411,25.2619129018937
136412,18.4874899628426
136413,20.6550479908441
136414,20.9829761119371
136415,19.977667295114
136416,18.6600707775638
136417,26.642905996231
136418,15.560929846416
136419,19.9509341087096
136420,20.7720450496624
136421,20.4652657768944
136422,17.3679800202862
136423,25.5204884375002
136424,15.8440236385566
136425,19.7168200519568
136426,20.697818321272
136427,20.2222592242077
136428,16.7517571235865
136429,24.2676585170686
136430,15.0353537069861
136431,19.4389157802601
136432,20.3435433926884
136433,19.8092735028396
136434,16.3771598444944
136435,25.373302556089
136436,15.0567199060871
136437,19.9199560132481
136438,20.0269607598945
136439,19.9374695350461
136440,16.3999873921783
136441,24.9301499058873
136442,15.1945175056115
136443,20.1717401230544
136444,20.4106875139066
136445,20.2716949785734
136446,16.4758236196063
136447,28.4457226725849
136448,17.0939945126392
136449,20.7867884223886
136450,21.1406121702471
136451,20.8556565271343
136452,17.254592614392
136453,30.6755513979894
136454,20.6355896669508
136455,22.1116005483037
136456,22.371629922553
136457,22.1697192509248
136458,19.2910528076964
136459,20.9772224878527
136460,17.993724506118
136461,19.2697184338043
136462,19.7259671967379
136463,19.3721574948927
136464,17.8124500935734
136465,17.7912755407875
136466,16.5994526944919
136467,17.4911044347354
136468,18.2921697652765
136469,18.2079374766399
136470,16.0705327711301
136471,16.7864815317146
136472,15.4106745802805
136473,18.9910363922858
136474,19.423798826219
136475,19.4517042361001
136476,15.5521576238474
136477,14.8907987628018
136478,14.8992584217936
136479,20.073961001674
136480,21.2452907430829
136481,21.6890268961988
136482,14.3998501320537
136483,15.2173343389276
136484,16.1181376436563
136485,22.6271827145983
136486,23.5566387317508
136487,24.9411703527945
136488,18.5169543626906
136489,18.7881554843422
136490,20.3821983337105
136491,23.950793778306
136492,24.7175038212664
136493,25.8162185583655
136494,20.2645039099824
136495,20.4621864013651
136496,21.2338388960781
136497,25.3525371539803
136498,25.4749166145305
136499,27.1181936213452
136500,21.7711487720606
136501,24.7201995917823
136502,23.833976314132
136503,28.7573391065569
136504,28.6953983491241
136505,30.3707343509927
136506,23.134881718376
136507,27.9312480069547
136508,24.2173116817928
136509,31.7575479720167
136510,30.9741260920046
136511,33.6252749127303
136512,18.4591200668056
136513,29.4985923174292
136514,25.321573634062
136515,35.4815518487483
136516,33.6067937617252
136517,35.7936350110827
136518,22.8798482117438
136519,38.3246190722109
136520,38.4108105654098
136521,23.9836874593371
136522,38.0245710227058
136523,37.6858028151581
136524,25.9881814113159
136525,47.7595838008272
136526,38.7253303366773
136527,27.5892424679376
136528,30.1776947197932
136529,42.0413076804449
136530,37.1396659022129
136531,31.8339215410689
136532,31.9450687162549
136533,26.7021719987795
136534,25.2342497455954
136535,25.6545876753665
136536,26.2515129907149
136537,30.0357492983286
136538,21.5813707740451
136539,22.6567868559387
136540,21.0834980668515
136541,21.9405223294018
136542,20.4206712042671
136543,23.9281316155701
136544,18.2552352379382
136545,21.5671937102168
136546,18.1871114429611
136547,19.8250750380994
136548,18.5483391812422
136549,19.4039493339669
136550,11.3070661280347
136551,19.4152593303942
136552,14.483098445633
136553,16.5820100078043
136554,11.6551729336456
136555,20.8223999464577
136556,13.7071704856174
136557,20.0376390515219
136558,18.6812661147377
136559,18.8052146788175
136560,12.4904490213373
136561,20.7491750877179
136562,10.9153428794741
136563,19.568835566987
136564,17.2050455630705
136565,18.8756430229693
136566,11.2886297211605
136567,21.7400283256765
136568,15.0146000724558
136569,19.4839101208816
136570,18.5511900970098
136571,18.9278970895446
136572,11.2334329001856
136573,22.2035899828661
136574,11.6303091282945
136575,19.9110915574108
136576,18.9531215593801
136577,18.99202769766
136578,16.9624807560606
136579,22.4903087211572
136580,16.3709517089979
136581,20.3699881951993
136582,19.1107725989567
136583,19.1415439208968
136584,16.58909387811
136585,21.9965147237114
136586,16.2509693646274
136587,20.6153069386657
136588,20.0086546211776
136589,19.3594906133213
136590,17.1914758652662
136591,23.4397901126019
136592,13.8023580658094
136593,20.8089888059399
136594,19.9895420687832
136595,19.8945419806408
136596,21.9713804537757
136597,23.6805112535013
136598,12.4192433848648
136599,21.6851933052359
136600,21.3344081663881
136601,20.9956127568157
136602,16.9301339849261
136603,17.0627943219086
136604,9.67757653689556
136605,18.9840998068179
136606,18.1647538454186
136607,18.7442613774188
136608,16.3512433100071
136609,12.1656100842279
136610,16.2633786462983
136611,16.3068168145271
136612,16.0058528172471
136613,16.7050022343878
136614,14.6304221868467
136615,11.8749365198829
136616,17.3709878884931
136617,16.9756562358386
136618,16.9608147132221
136619,17.2048182869939
136620,15.1016448083386
136621,13.60402524017
136622,12.7202121765649
136623,19.7811478541683
136624,17.7704223339734
136625,17.4186559871724
136626,15.8373001167326
136627,16.2806023872073
136628,14.3006474336632
136629,21.7346239438014
136630,19.838788695512
136631,20.9290128972297
136632,15.1384063327162
136633,22.3886511572785
136634,18.2436115100053
136635,23.7385928603354
136636,23.1533333972598
136637,24.4573277965915
136638,16.925498361554
136639,24.2323301833147
136640,17.7718641487498
136641,25.3454086026021
136642,24.6762763127138
136643,25.8179089045547
136644,19.0285127776602
136645,27.1589627412614
136646,21.5760531042295
136647,28.2037290582667
136648,29.6638097031035
136649,29.459227796668
136650,21.7779483044514
136651,28.0008468590423
136652,24.9880885896971
136653,32.6758585583746
136654,31.904483699439
136655,34.2093070270995
136656,25.602355855546
136657,36.2250509983989
136658,31.484699276179
136659,36.1778729645773
136660,35.0566097608504
136661,37.5573640130979
136662,30.6214546053276
136663,36.9731074579681
136664,40.5813042007869
136665,42.6634237005779
136666,43.8817981859353
136667,46.1675125778485
136668,29.7458495141493
136669,42.3526267403861
136670,32.440187300913
136671,31.9917196696282
136672,41.7501708003769
136673,47.2692731210428
136674,26.8604529457997
136675,29.0980508541683
136676,25.748527459254
136677,26.4847968042875
136678,18.7163436821408
136679,31.0820679237789
136680,26.2011319754672
136681,26.446757283327
136682,21.9440947733676
136683,22.3683048379435
136684,19.0105209581993
136685,21.4807137177109
136686,24.0761254861816
136687,21.3066278526941
136688,20.9663240874323
136689,19.7982327959857
136690,16.4546073990308
136691,19.9281729817751
136692,19.6795012449589
136693,20.036126115718
136694,19.7307025420822
136695,19.1946144275065
136696,14.0925505207408
136697,17.3102457508425
136698,18.6224368840001
136699,20.1218116790957
136700,20.4194102749191
136701,20.6120771458172
136702,16.8922694968405
136703,17.5243106895868
136704,20.9952324327684
136705,18.7925388633474
136706,19.8820928228912
136707,20.4726403537326
136708,17.5946265264348
136709,18.6846806944433
136710,18.46250002273
136711,19.7796632661062
136712,19.4158606102182
136713,20.0331321156892
136714,18.6633532045272
136715,19.3388727148419
136716,16.5658618316033
136717,17.6839310891747
136718,19.5127055666932
136719,20.2310900337774
136720,19.05327464581
136721,19.2135491710908
136722,17.3471375496902
136723,20.3052683515653
136724,19.4846683453141
136725,20.4248912904871
136726,19.0517504598564
136727,19.1204823880178
136728,16.3405549474382
136729,22.4325171714857
136730,19.6989252543657
136731,20.7632093646749
136732,18.2128648105266
136733,19.4423157258601
136734,14.8066965620489
136735,23.3946562417685
136736,19.9037605512964
136737,21.5641939980448
136738,18.5965905154773
136739,20.5496148615257
136740,16.2099478916606
136741,23.920726053632
136742,21.8554074312806
136743,22.8205947076211
136744,20.4006333936338
136745,21.756326602259
136746,18.8134913480326
136747,16.7692259303404
136748,19.5698468353053
136749,20.6199000270496
136750,18.9655247024653
136751,19.5251876356863
136752,16.7357900257149
136753,14.5583924394279
136754,18.2170471026634
136755,19.6453013684265
136756,17.0568689184759
136757,18.8422668394392
136758,16.5626404626489
136759,15.5485832381324
136760,17.6563318428822
136761,20.3235102935345
136762,19.3094998553858
136763,20.7926264222162
136764,16.3226871269847
136765,19.0634365532008
136766,20.3593332978241
136767,22.5877253327812
136768,22.6749220401003
136769,24.8497223568375
136770,19.5234740388381
136771,22.5385218505944
136772,25.4983789904967
136773,26.6145361167519
136774,25.5031912022932
136775,28.5527197616878
136776,25.3888912584526
136777,23.802297564902
136778,28.4731257523359
136779,29.0270563877653
136780,29.8262377760794
136781,31.0097656919885
136782,28.3996849150477
136783,28.0768166979436
136784,32.7896834004673
136785,33.8085336610852
136786,31.766601947131
136787,34.0093198378519
136788,33.3698851363764
136789,29.6567475818085
136790,34.3446237784524
136791,33.1846056082224
136792,34.3954821118163
136793,36.9691647997821
136794,34.3858114072532
136795,33.5270419623526
136796,36.7545410148474
136797,36.3949752468506
136798,36.5352382353159
136799,39.1311562736469
136800,36.2120256040255
136801,39.1819841422375
136802,37.8672934906077
136803,36.4995538395744
136804,36.1140224430736
136805,37.2006840937336
136806,39.1819422022907
136807,65.6506566736354
136808,54.6048591488445
136809,48.9104875338575
136810,49.2531256261956
136811,49.3002388002661
136812,57.54670752765
136813,74.5536144721776
136814,53.3116097898999
136815,46.3990600006162
136816,54.8410634268338
136817,53.1395569681032
136818,51.5994569780908
136819,35.4147697379532
136820,25.9417989888463
136821,25.3495288012393
136822,28.4453863073189
136823,32.876499497311
136824,23.6802375096444
136825,25.0213362675575
136826,19.3973734538095
136827,22.3524475800441
136828,15.2584745062676
136829,16.4343308128454
136830,18.0079751600684
136831,20.4870167451527
136832,13.7924618023491
136833,20.4008856550938
136834,10.3132627629287
136835,17.1738432594269
136836,12.7887984295565
136837,18.132367635387
136838,12.8431615060893
136839,18.6637515416109
136840,11.0831329041149
136841,14.5638619711135
136842,9.82128357105898
136843,17.5268334987607
136844,10.4520598176078
136845,19.0814429772641
136846,10.5510379835991
136847,14.5402040938435
136848,7.93583333820811
136849,16.7346920654509
136850,6.51452242479419
136851,18.5098893543571
136852,13.5216312000073
136853,13.8868694702929
136854,6.12203514902555
136855,16.83103642198
136856,9.16169375718294
136857,18.5424819121092
136858,14.568137745106
136859,14.2918452467513
136860,9.9990401813964
136861,17.2326110424884
136862,14.4362393518866
136863,19.0646382272775
136864,15.8990264674628
136865,15.4490888151869
136866,15.2897361809276
136867,17.1263398947278
136868,9.1256544078954
136869,19.1717329248906
136870,15.8093834560634
136871,15.7498008884734
136872,13.8665537927289
136873,17.1924318228171
136874,8.90713080008373
136875,19.3832116084993
136876,16.2717867436468
136877,16.4203938473837
136878,11.1463029146006
136879,19.2423030820778
136880,14.0163280319503
136881,20.2271216348004
136882,17.9906564240879
136883,17.3533083797153
136884,11.5026916843444
136885,20.9632640976606
136886,15.9497231561429
136887,21.5612499965121
136888,19.3281263183805
136889,18.6609691522831
136890,13.8620439294891
136891,15.0506188161167
136892,12.8430418146544
136893,19.0382613222441
136894,15.4826928415509
136895,15.7879836973526
136896,15.0685834944692
136897,10.4482718870626
136898,8.87140634839535
136899,15.0868681768746
136900,11.2651554805706
136901,13.3613695212888
136902,15.3979871142637
136903,8.21333029816945
136904,14.1123664810242
136905,15.5118657360958
136906,10.2366685567595
136907,14.2238048362767
136908,13.3428043021613
136909,10.9979739459126
136910,17.8852122789081
136911,19.0817889966934
136912,11.8783088431389
136913,16.5882019867423
136914,17.1252277886463
136915,16.0503786039047
136916,20.4831730091134
136917,21.7665720267045
136918,16.822138054835
136919,20.519405365871
136920,20.3794768567927
136921,25.1305151962253
136922,25.1867895058845
136923,27.1624955416393
136924,22.3307638375449
136925,24.7821446207497
136926,25.0790496567592
136927,28.8041430856108
136928,26.1596432660628
136929,30.7854075471177
136930,23.4589784118577
136931,25.3698810716837
136932,26.1643909220817
136933,31.930579418212
136934,29.8378137353371
136935,32.0729630384905
136936,25.7343727889969
136937,27.4608011331514
136938,28.230706893586
136939,36.089559813011
136940,34.2263418474956
136941,35.946668581398
136942,30.6987093532977
136943,32.3286290742478
136944,34.7084033401561
136945,46.6851066130111
136946,37.7702232750951
136947,38.8922348994318
136948,34.4745888866033
136949,35.7635854800058
136950,38.7299475844412
136951,76.1984613101683
136952,57.1075536184175
136953,51.6165727455357
136954,44.7515815576728
136955,50.344678186362
136956,61.0740208916743
136957,289.683339810864
136958,173.323238750019
136959,77.7675500894923
136960,115.698239323517
136961,193.1917154245
136962,225.905681914918
136963,37.8938376108229
136964,28.8390703089971
136965,30.4041739119663
136966,29.201601027406
136967,31.1348404000093
136968,30.0039355156009
136969,46.6251227616935
136970,25.2110525546318
136971,27.8061700434173
136972,22.0975305504332
136973,22.1509350513823
136974,24.1511263992758
136975,37.1210830549502
136976,21.5967015258002
136977,24.8626103052966
136978,18.4091780598803
136979,18.6460316749346
136980,20.3658281703128
136981,28.7883329011915
136982,21.7715027079928
136983,23.7682439138938
136984,17.4880443983409
136985,17.4947048082671
136986,26.2241836499856
136987,26.1344198933154
136988,23.0363298029143
136989,22.4236791887723
136990,15.0553500318964
136991,16.9042909353058
136992,21.3523853821169
136993,26.8662158515699
136994,16.1331350239446
136995,20.272567788406
136996,16.3287385830882
136997,16.8805267628169
136998,14.8908561237946
136999,25.5635702414265
137000,17.313785851797
137001,21.0767974234644
137002,17.4915254606086
137003,17.7015346219087
137004,12.6403719493724
137005,27.99463334928
137006,16.7377829016741
137007,21.1967651305504
137008,17.7345169700197
137009,17.6564409642269
137010,15.3910871274266
137011,34.2609723442917
137012,13.8737225566258
137013,21.4585749845543
137014,18.5825960591517
137015,18.0445465290383
137016,21.090385639282
137017,27.1599065946306
137018,22.4825241495704
137019,21.7022118582441
137020,19.1383942831704
137021,18.3308451929634
137022,21.5638346636086
137023,25.179245699799
137024,24.6475163455666
137025,25.4614732728521
137026,22.3316559464881
137027,20.808257864865
137028,24.3510663181063
137029,29.1404075414549
137030,24.4326803651205
137031,25.8829396401478
137032,22.8779176026774
137033,21.5603711816021
137034,23.0796681338504
137035,25.7041657409742
137036,20.7179315295216
137037,20.5792818379037
137038,18.7896184868159
137039,19.6650333210274
137040,21.6503483732524
137041,23.0996593489482
137042,20.2818098511871
137043,19.8003702107456
137044,18.1653259216356
137045,18.5330640141797
137046,20.4925757807726
137047,24.8314509766572
137048,15.6256107715738
137049,21.2703807517777
137050,17.2574077537147
137051,16.7158021729706
137052,15.5174850918883
137053,21.8693359964856
137054,17.6644322450146
137055,25.0918128416177
137056,18.8211689081853
137057,21.7603075477956
137058,17.2094385406313
137059,22.1670295312474
137060,17.5891804290077
137061,28.9858748884025
137062,23.2007673705252
137063,25.7899300369913
137064,17.5697796448777
137065,22.9318876983064
137066,19.8645235131907
137067,33.3785878887269
137068,30.2662849202055
137069,31.6159939913816
137070,20.307833469404
137071,24.9099891021255
137072,17.7367650258278
137073,36.9265808554715
137074,32.7453588283671
137075,36.2952292357477
137076,20.0328268936089
137077,31.379040218872
137078,18.6509733461729
137079,41.6279367334589
137080,40.2931826755719
137081,38.9874332647052
137082,18.8477533152704
137083,38.7186589467492
137084,19.6992736770793
137085,43.3189815546455
137086,46.6026890348177
137087,44.625534814827
137088,19.370026647682
137089,46.5648802792838
137090,22.4930551443108
137091,46.815174877189
137092,23.3890336467614
137093,47.8605957399194
137094,23.7382906508626
137095,69.2075253231424
137096,30.7969337186172
137097,60.4159700039506
137098,45.2875598577536
137099,55.1226266488416
137100,28.0455584920856
137101,92.6780072285073
137102,35.3291203558259
137103,33.5379893427268
137104,49.9085655875346
137105,44.5549684436034
137106,35.3511721276094
137107,64.9929086947263
137108,36.2356478365369
137109,31.2026796044662
137110,45.7830129773797
137111,43.3893272075107
137112,36.696659871414
137113,55.5178988492287
137114,33.0014715307846
137115,28.4222808006769
137116,25.7325439241037
137117,35.6075730592969
137118,30.7166691375834
137119,56.4889217168785
137120,30.9726651701637
137121,29.111609411861
137122,23.7092265786668
137123,25.3909325775893
137124,29.6477805432832
137125,48.627050103313
137126,30.74109829742
137127,31.2880941932705
137128,22.1340323364797
137129,23.8823089524098
137130,29.3849189801053
137131,60.8288673092685
137132,25.2924206149973
137133,28.5340156620711
137134,21.9129903928227
137135,23.1017514737298
137136,24.1052282416872
137137,38.9017129769655
137138,27.5624306718247
137139,25.1532754305085
137140,24.5595728243961
137141,21.0602399370074
137142,26.9828866412268
137143,30.115243050359
137144,27.2378894971517
137145,26.0878346359182
137146,23.6280342511998
137147,23.2397697467065
137148,27.0834247352358
137149,32.8017048116426
137150,26.9481316059967
137151,26.5479135709685
137152,22.5935962937486
137153,23.2199471756005
137154,27.1500102084282
137155,37.3353995974597
137156,26.0785629150433
137157,25.6845607821149
137158,23.2632540458803
137159,24.881603960986
137160,26.6549016060786
137161,43.0098382169293
137162,24.9459696691114
137163,26.7646476869681
137164,25.2153549613346
137165,27.4852716821331
137166,26.8912888805181
137167,49.7549403711343
137168,25.4851726419034
137169,29.6342688838232
137170,29.7349125758106
137171,29.8784117240679
137172,27.7336592200179
137173,45.9097083504542
137174,24.8314119548365
137175,29.8637642883898
137176,30.2920240722344
137177,30.4431933027821
137178,26.8156324863748
137179,28.9969979173193
137180,21.3363439621437
137181,25.6183172811684
137182,25.2179438293111
137183,25.4492894409572
137184,21.578943174962
137185,21.7795825213558
137186,18.7478812852622
137187,20.8124350922345
137188,21.7837257418065
137189,22.5688811993565
137190,19.5027885964702
137191,20.5258482050061
137192,18.8219134852477
137193,20.4882308496151
137194,21.5736093858314
137195,15.5422107350614
137196,19.184446727975
137197,20.0370494558054
137198,19.3712666366561
137199,20.824149770726
137200,21.7140257794399
137201,20.3579206155082
137202,19.4669365013249
137203,20.9596883264807
137204,20.7424384945215
137205,20.7510607146922
137206,19.4526560019909
137207,23.3788217626348
137208,20.5469520312095
137209,23.1831541742603
137210,22.6260483501577
137211,19.982922100651
137212,23.457072819695
137213,23.7254132473936
137214,22.2478579139178
137215,24.1363924318699
137216,24.3916389186774
137217,23.1321141947834
137218,23.3611163621854
137219,22.8205513333457
137220,23.9347170005615
137221,26.2650156592917
137222,26.3470453616598
137223,26.3983439711761
137224,23.3073083114565
137225,24.0940969189218
137226,26.3055246753768
137227,32.0044212004255
137228,32.1063832095503
137229,31.9998712841506
137230,28.4005198134505
137231,27.8641542831214
137232,32.1051582999472
137233,39.4804584730783
137234,38.6715830572935
137235,35.7669993085479
137236,13.4253989566303
137237,36.1221264404479
137238,38.0463604296377
137239,64.3513780682256
137240,58.3990106465354
137241,50.3296370839791
137242,33.9383083482657
137243,50.5393147100784
137244,59.5281166814134
137245,169.092208945454
137246,106.011562245045
137247,79.9218214203508
137248,73.2486831721413
137249,78.9252371009017
137250,104.234328736881
137251,82.1012200065249
137252,55.7450373482677
137253,47.3091074803869
137254,46.9596860478256
137255,53.1185992200563
137256,56.4043419758799
137257,65.1358566869092
137258,39.0103691004683
137259,36.1925519193748
137260,38.2767637321394
137261,38.520789435146
137262,37.0889026022037
137263,49.8099062068841
137264,33.5620518125765
137265,32.9557692240534
137266,34.1135897600787
137267,34.5910431323549
137268,33.8578385906575
137269,40.7423376718486
137270,30.4694884623896
137271,30.2476097343937
137272,30.83441334445
137273,30.7694168063872
137274,29.8191325123656
137275,44.8451446893863
137276,27.9792660982692
137277,27.3683959750119
137278,27.1287099536177
137279,27.5177974637414
137280,27.1316058792052
137281,36.1301050749248
137282,26.6714487297817
137283,24.9479599110862
137284,24.3206042647766
137285,23.5829534144351
137286,26.3315886514549
137287,37.5514768931175
137288,24.7844217656054
137289,23.1155445463892
137290,22.5412687286819
137291,22.1870369014805
137292,24.7887921167752
137293,35.1413564530483
137294,24.4638291546963
137295,22.7849656044936
137296,22.3710681112149
137297,22.7544788357927
137298,24.437268947938
137299,33.7531466186407
137300,24.4799772208958
137301,22.9133806504292
137302,22.8870530555007
137303,22.9213729867729
137304,24.584845055707
137305,34.2729682006738
137306,24.8198398034952
137307,22.9974481882853
137308,23.1253305204194
137309,23.2384296807611
137310,24.8933095753832
137311,34.8859866830982
137312,26.9451298171903
137313,25.0860304401862
137314,25.0089109451121
137315,24.9578040997997
137316,27.0231057901694
137317,34.0117526305634
137318,27.6000053116865
137319,24.4849069041292
137320,25.5978426944723
137321,25.3139686945783
137322,27.6298684994522
137323,19.2062802558126
137324,19.5446964796219
137325,18.2544172237701
137326,19.5665270386581
137327,20.1142916761869
137328,19.5500769857192
137329,13.2090840115494
137330,15.2555417723409
137331,15.3227752807754
137332,17.3781935547112
137333,17.7502164478957
137334,15.2381543823995
137335,11.8818914666059
137336,15.8748470820647
137337,15.9473434104562
137338,18.8710585092574
137339,20.0473309108583
137340,15.4967930178877
137341,11.7645624662777
137342,15.64274374123
137343,17.6494472217384
137344,20.5726797954837
137345,22.8492546591869
137346,15.6904469654772
137347,16.8791717990184
137348,18.7218408421209
137349,21.0650924984319
137350,22.5227254334934
137351,24.425506414626
137352,18.6672832896506
137353,20.4671011918366
137354,22.6577444032235
137355,23.4785500691285
137356,27.8810419599276
137357,27.104280620326
137358,22.576317239065
137359,23.439264073623
137360,24.9387496450972
137361,24.9948954439839
137362,25.9826893521921
137363,29.3154086578883
137364,24.8679917076296
137365,25.2108928347628
137366,25.5724262138966
137367,25.3983205331002
137368,27.6054000869039
137369,30.6194450240319
137370,25.5697066936104
137371,30.7969255007733
137372,31.2308772824375
137373,30.239248174525
137374,32.8655614602617
137375,35.1395134475925
137376,31.2725175821448
137377,39.4625317281578
137378,36.9275765501565
137379,37.3270180283675
137380,36.6829756550381
137381,37.7124531015513
137382,36.82326877521
137383,69.7866517794332
137384,60.5636752949526
137385,59.956745693753
137386,57.8082337866512
137387,58.6045974749993
137388,58.1315298211515
137389,116.529712188147
137390,72.9425566949366
137391,68.7467367010584
137392,65.6400444437873
137393,68.7941112449332
137394,71.8779485647978
137395,63.6721608161785
137396,35.4996329490157
137397,38.5815007955724
137398,37.3987019231344
137399,38.9753893619466
137400,35.6915998254812
137401,51.5902194478486
137402,21.433805674262
137403,26.8023293538259
137404,20.0192732449783
137405,20.4688676283512
137406,21.8110719876104
137407,32.8559896378983
137408,17.6788087837575
137409,21.7445273171086
137410,15.9330977859343
137411,17.2547114434179
137412,17.7249816144178
137413,29.960962640469
137414,18.0574439744721
137415,20.9147695706187
137416,17.0958534871892
137417,17.6093914352064
137418,15.8346873771641
137419,25.7811717377218
137420,12.9333765421245
137421,19.904631922002
137422,18.0216857654678
137423,15.9849117847415
137424,11.0223314501299
137425,23.8335403802262
137426,12.5956614693154
137427,19.6175666294536
137428,17.3550456029402
137429,18.7863133139711
137430,12.4155440441948
137431,23.5479142455738
137432,14.6438602455271
137433,19.4267891738492
137434,18.411687642061
137435,19.0937350778533
137436,15.8965711527265
137437,23.7488260017835
137438,17.792456224174
137439,19.8811253007918
137440,18.4259348478953
137441,19.3764668269867
137442,16.0112803016702
137443,23.4992888792496
137444,17.6039433171755
137445,20.2806297142389
137446,19.5972566648704
137447,19.5937588000323
137448,17.7299952869935
137449,24.9944751186395
137450,17.7882729117672
137451,19.951393861339
137452,19.2115898694891
137453,20.2725490078538
137454,17.2794304072814
137455,25.4997902725952
137456,18.1364437787441
137457,20.5846011975846
137458,19.9988657459691
137459,20.3345488489003
137460,17.3017876599718
137461,27.5729510385106
137462,21.2712757226816
137463,22.3895079370123
137464,22.1555601823842
137465,21.6465836387702
137466,21.05120613627
137467,19.7257046870979
137468,16.8420435418539
137469,17.7042980098219
137470,17.1250215776916
137471,17.6327099867918
137472,16.3801468034055
137473,11.6230943912216
137474,13.4802324312669
137475,14.8304392959631
137476,15.3973771005266
137477,15.1007194398523
137478,12.8960586660699
137479,11.4943581200177
137480,13.2126863471493
137481,15.4685572065278
137482,18.1567785520275
137483,17.2146740753744
137484,12.1825627458714
137485,14.6742334832097
137486,16.1954422940822
137487,18.4701392007786
137488,20.2711085790224
137489,21.0198465570142
137490,16.1437992255971
137491,18.8013832066796
137492,19.9495551371533
137493,21.3904638611603
137494,21.9945806278041
137495,24.003595804547
137496,19.8016617915805
137497,22.6250640449544
137498,23.2367129662167
137499,22.9818275337592
137500,24.8063171463835
137501,25.7689796566492
137502,23.1009037317925
137503,25.8506142798957
137504,25.6075874342266
137505,25.0527487558867
137506,26.94608629218
137507,28.3964559205399
137508,25.5847735559264
137509,26.4040143759939
137510,26.172960145216
137511,25.8438385100142
137512,28.0916700305528
137513,28.9945270442398
137514,25.8122110487888
137515,29.6902512925785
137516,27.2775154595965
137517,29.4777195600005
137518,29.9318512539763
137519,32.9286782236473
137520,28.8476314911756
137521,40.7706646223055
137522,36.3269602115931
137523,36.4255130360239
137524,35.3176781567387
137525,38.6628707432424
137526,37.1242940741354
137527,59.8066839045164
137528,53.1522464391233
137529,51.9641071254272
137530,50.2542996477453
137531,44.3279096503552
137532,52.5010337086132
137533,76.953118978126
137534,58.2417192664706
137535,48.0566525374264
137536,25.6037927243084
137537,47.7160486824263
137538,57.1937610981955
137539,53.8499766316353
137540,31.4122306576622
137541,29.5090335192884
137542,19.9797756186608
137543,21.0939732410198
137544,33.8956368605693
137545,34.2277636564199
137546,22.2552661375301
137547,23.7975304470183
137548,16.1509226110386
137549,18.7966461840284
137550,22.5380787831181
137551,33.5001560509493
137552,21.281522081268
137553,22.6408794223484
137554,14.8893795835443
137555,17.7165680580606
137556,21.7860812934861
137557,32.5680022388608
137558,20.6514244228519
137559,20.8727258666579
137560,16.9974299382441
137561,17.6229596663788
137562,21.1918545282227
137563,30.3319166187473
137564,17.842512154889
137565,19.5811169117773
137566,16.1590948146859
137567,16.8787916533503
137568,17.0051968695676
137569,28.6270666704996
137570,18.8255834373199
137571,19.9912997673589
137572,17.9234534941823
137573,18.5031989656271
137574,17.6888125408537
137575,28.9017450418675
137576,19.9296873183277
137577,20.1483136520515
137578,20.0845016014078
137579,18.9758849675382
137580,17.4497844593643
137581,28.8846544595018
137582,20.3374079863103
137583,20.285998861685
137584,20.2101130974761
137585,19.1690052234197
137586,17.0812542765832
137587,35.0357011065421
137588,20.5202581697033
137589,21.0691657371476
137590,20.6049985704948
137591,20.9290064130226
137592,18.9172784844567
137593,33.859701501157
137594,21.0692986281708
137595,21.4163548401843
137596,20.8476909518497
137597,21.3054226988903
137598,20.3402419665871
137599,30.0875098321993
137600,21.3523324558845
137601,21.5691837077624
137602,21.0945580181395
137603,21.4714072384896
137604,20.3811679431331
137605,30.2916499338492
137606,22.5642967861495
137607,22.7464602489583
137608,22.3073076839942
137609,22.4084948173247
137610,22.3606833546529
137611,22.3161743319735
137612,17.8904118874811
137613,18.7531271627116
137614,19.0866712752699
137615,19.5890064129442
137616,17.4419185052944
137617,13.1294152783236
137618,13.3960963273026
137619,15.2870589501042
137620,13.8664800154424
137621,15.8432494628125
137622,13.0050820952369
137623,14.6835403378029
137624,14.4770399202879
137625,15.2362248716811
137626,14.7412363172431
137627,16.1163208077602
137628,14.2971435467305
137629,15.3222718809
137630,15.7030741541899
137631,17.3080527535336
137632,17.5622022073853
137633,17.9997516773758
137634,16.5114160920831
137635,18.6063295544981
137636,18.9904419456183
137637,19.4211173757573
137638,19.4577619029822
137639,20.607557458088
137640,19.2904359167282
137641,20.1106766701869
137642,21.657213523575
137643,21.1019712846985
137644,21.9916522809665
137645,23.7104036987359
137646,21.363095956815
137647,21.5399075585002
137648,23.2107210860014
137649,22.7365276774397
137650,20.8930717193487
137651,23.6297461153024
137652,22.448501032473
137653,24.4398080022903
137654,24.2605517182738
137655,23.9187232854462
137656,24.5608821643058
137657,22.5192517069459
137658,24.2047707814859
137659,27.9188341910624
137660,28.3146340994118
137661,27.3976108683302
137662,28.6083310638572
137663,27.4701453716383
137664,28.6060214291952
137665,39.5807120866537
137666,37.2045427644817
137667,36.0038341937968
137668,36.6750255303829
137669,36.8825432703065
137670,36.0390698382493
137671,69.3776568976245
137672,50.4300898717143
137673,52.1895417468916
137674,39.614692307484
137675,51.4308159866168
137676,53.849024187582
137677,96.0776423552084
137678,60.0585419660723
137679,58.3941093572023
137680,37.7744492984758
137681,50.4036664334075
137682,58.8819619323573
137683,52.2407749521719
137684,35.0367345436867
137685,30.4227013857504
137686,23.784694126888
137687,30.2797567975232
137688,36.785955073651
137689,48.0828606140539
137690,27.4879864311316
137691,25.7815104290542
137692,19.552156104361
137693,24.6006125206361
137694,27.8975485143175
137695,37.3170979734838
137696,26.5518621528115
137697,25.8555814931227
137698,18.8973306402714
137699,21.8949354309367
137700,26.5894132249749
137701,35.5058193695986
137702,21.5317812744112
137703,21.6922320028473
137704,18.474777058346
137705,18.4757295750627
137706,22.4284361628469
137707,39.0770730427183
137708,18.4265717430287
137709,20.5444671212677
137710,18.0602392760945
137711,19.1867097216096
137712,18.4357676805785
137713,35.839785666174
137714,17.6105395817557
137715,20.1065862508124
137716,19.1170977874893
137717,19.8723146342315
137718,17.1476311268614
137719,40.1071851782194
137720,17.6876072260808
137721,20.5869776754852
137722,20.096084204909
137723,20.5363695237662
137724,17.42692008132
137725,36.0619350471852
137726,20.6028739112259
137727,21.425047849857
137728,20.977200435289
137729,22.0263308380742
137730,18.834253903836
137731,38.2486961419709
137732,21.7842293930879
137733,22.0286812160804
137734,21.780143002853
137735,22.512009632926
137736,21.3091835164536
137737,41.493094822147
137738,23.5555010136728
137739,22.9001323770991
137740,22.8852149731436
137741,23.1757303596196
137742,23.0791364470566
137743,46.6188799652664
137744,26.0397807085346
137745,25.1249945787938
137746,24.7895950575238
137747,25.0779208795669
137748,25.4171796693284
137749,46.9671044253092
137750,29.6101087443551
137751,27.6079471310544
137752,27.0010605649024
137753,27.248845243767
137754,29.0702424553548
137755,26.8383791705058
137756,22.9156366251383
137757,21.0570639500996
137758,21.1200341999864
137759,20.973244991089
137760,22.1422885006498
137761,22.5011947276548
137762,19.5853507614489
137763,19.5348667107578
137764,19.4850387625544
137765,20.0842519937274
137766,19.7336552574343
137767,22.8743979404488
137768,19.7762183477823
137769,19.5650587275261
137770,20.2258547718419
137771,21.0900304486984
137772,19.7243079253161
137773,20.7611858858592
137774,20.0336058696347
137775,19.4130774372947
137776,21.1530357399184
137777,21.6009054453713
137778,19.4832862309583
137779,21.4719344271968
137780,20.8634328731276
137781,21.1703742613029
137782,22.5371172247982
137783,23.2870520957666
137784,20.8498155308945
137785,24.7701263374228
137786,22.559896853518
137787,23.3219368619329
137788,24.3078130184981
137789,25.8093574548809
137790,22.3739140317372
137791,28.3342166761097
137792,25.2255868154307
137793,25.4552438216514
137794,25.854670509955
137795,27.8291076002523
137796,24.6968503318239
137797,32.5356895858256
137798,29.5542574217116
137799,30.0928117572835
137800,30.4243733325139
137801,32.2670699357106
137802,29.7123750027474
137803,38.7246424917846
137804,34.8737841038282
137805,35.9914626508178
137806,35.5338228552752
137807,37.8039509164296
137808,35.4511478848649
137809,51.3712652159967
137810,45.0422546365067
137811,46.1380004924782
137812,44.4416560889649
137813,42.4388600575352
137814,45.3293987171185
137815,113.680822765561
137816,72.1815159068333
137817,70.66867047717
137818,70.5765409201247
137819,70.0558508260388
137820,69.9933929931376
137821,116.529316805761
137822,77.856197864906
137823,76.277506689738
137824,69.5848774566705
137825,66.8777825667592
137826,72.4051285252436
137827,61.2602091182578
137828,38.0488932473511
137829,44.4165823996043
137830,41.5383463810896
137831,42.0171392259723
137832,39.8142034513684
137833,58.1942444106879
137834,26.9341499271569
137835,30.9091409400824
137836,22.8424918963347
137837,27.9938488406058
137838,29.6243579724931
137839,49.4609865616661
137840,25.1757699638015
137841,28.4359800319239
137842,20.9402149771057
137843,24.2524399977904
137844,30.0600973828562
137845,48.5492003739761
137846,23.1370608698151
137847,26.7990874962043
137848,21.0378949939511
137849,23.1232764372033
137850,25.936814527263
137851,44.3384386452107
137852,25.4996073336061
137853,26.0998171907529
137854,22.0675622979245
137855,22.3987172261983
137856,24.8362903941995
137857,38.5690563820211
137858,23.5283462443623
137859,24.0251386257904
137860,21.9581774601943
137861,23.5802649727834
137862,22.378820956209
137863,43.4180143626521
137864,22.3561955067739
137865,22.2888036736773
137866,21.8490786008669
137867,22.262264360188
137868,21.6017835890283
137869,47.0097288054033
137870,23.6156047002914
137871,22.8401012569002
137872,22.6933509401041
137873,22.9498305677454
137874,22.4413426593943
137875,54.1961816691139
137876,25.1358361477104
137877,23.1903164896236
137878,22.9210074884648
137879,23.0229968233673
137880,23.9109947076733
137881,56.5127998482129
137882,26.9582584011523
137883,24.2524031715015
137884,24.547775396237
137885,24.8151507166629
137886,25.3349094356811
137887,59.2512919966788
137888,29.9573795866796
137889,26.911323139234
137890,26.8793942230019
137891,27.2719880455419
137892,29.2500631263707
137893,61.0317888236007
137894,30.7302617611287
137895,26.6494610015093
137896,27.1348487232215
137897,27.6462903358903
137898,30.524522108994
137899,31.9732553458485
137900,23.7511071723246
137901,21.0645979902246
137902,21.4647206445052
137903,21.9074680769441
137904,23.3656480218375
137905,20.7246973458045
137906,19.5601440731042
137907,18.5891191675322
137908,19.4687568678363
137909,19.9267132960646
137910,19.6019302933805
137911,18.5799298012297
137912,18.0874199374621
137913,17.9715042438095
137914,19.0562774414846
137915,19.382235926062
137916,18.095022469851
137917,18.1650521197691
137918,18.3907832740885
137919,18.4700856864294
137920,19.6704646023617
137921,20.4056948808644
137922,18.3984648403061
137923,20.488228808681
137924,20.1648665219429
137925,22.2850429046345
137926,22.3952215396944
137927,23.6088465904726
137928,20.2686528428356
137929,23.0469733473854
137930,22.8606552286041
137931,24.5702252781712
137932,24.2766267021725
137933,25.468337035719
137934,22.7402136743056
137935,24.746003708506
137936,24.9103537259807
137937,25.6348780068414
137938,25.131820260478
137939,27.1094306993225
137940,24.6129781237055
137941,28.1363248068032
137942,26.6841674371189
137943,28.0446598596621
137944,26.6222210196535
137945,27.0815551317199
137946,27.2057707027349
137947,33.2531210570739
137948,32.6607802024673
137949,33.5895529502605
137950,32.7995557187028
137951,32.4064125330116
137952,32.9278920816379
137953,46.6196704887517
137954,42.3931385207102
137955,43.3758918286013
137956,40.6413742979763
137957,43.1578765608174
137958,42.4226276173878
137959,95.2984762525516
137960,70.2754737723017
137961,75.0274811099015
137962,67.670838007284
137963,67.0959086772114
137964,72.3907019223905
137965,145.231965960546
137966,77.3761481712252
137967,82.1999039624419
137968,77.940061245451
137969,71.5147443722954
137970,75.4754560471536
137971,83.1615854915393
137972,37.0675769898316
137973,36.9969925087863
137974,38.8893040904736
137975,44.1146162859829
137976,40.2539011571773
137977,46.6486443303003
137978,23.5635319841481
137979,27.0116647312906
137980,21.3354782472976
137981,32.4347320486087
137982,26.9474846141619
137983,35.7776860615773
137984,22.5771513149896
137985,23.749054983718
137986,19.3985198373478
137987,21.5147402084886
137988,24.4660358762152
137989,34.767608765985
137990,20.3065416171247
137991,21.6270585616395
137992,21.1613658068879
137993,20.5316050845782
137994,20.4245130960765
137995,40.2124585339384
137996,19.9117184589157
137997,20.0031399504586
137998,21.4094143435187
137999,20.8093273605841
138000,19.3568741716243
138001,38.2719277180441
138002,19.5423537177003
138003,20.6481031995992
138004,20.6862124138269
138005,20.1352869663887
138006,19.8123269157355
138007,30.0989729170723
138008,18.6611957927492
138009,20.0920470460099
138010,20.7166795039058
138011,19.8055853773462
138012,17.5337093384889
138013,27.8597985658104
138014,19.4245735103526
138015,20.4098504848156
138016,20.55108559819
138017,20.1905146406521
138018,18.8772187815985
138019,28.358641795276
138020,20.7606145870777
138021,21.0826721903465
138022,21.0336290228324
138023,20.6942946632603
138024,19.2777170793305
138025,33.6005830050799
138026,21.3411606232023
138027,22.2000587824391
138028,21.8963719560998
138029,21.6301965461811
138030,21.3290683018753
138031,36.2809659876091
138032,24.1114161019913
138033,23.925792763089
138034,23.1974215043028
138035,23.0431110346896
138036,23.6635749849185
138037,35.724733749436
138038,26.1727821018584
138039,25.1827628231613
138040,24.2598832896463
138041,23.8924610334631
138042,25.2400733895694
138043,21.7551430549239
138044,19.6009338552457
138045,19.0449648386824
138046,18.9046332633938
138047,19.0805835313949
138048,19.1137140834937
138049,11.9243401812249
138050,13.598870484546
138051,13.8895199102934
138052,14.4515424718779
138053,15.2184009178139
138054,13.3803619533687
138055,12.8034815416212
138056,14.9675532692553
138057,15.1972249754863
138058,16.0856108355872
138059,16.8939510146772
138060,14.5327932712166
138061,14.5989388705648
138062,16.0956570711987
138063,17.728429024966
138064,19.2419620708258
138065,20.2132272176778
138066,15.5737699057343
138067,19.877643206408
138068,20.574463713906
138069,22.2549506131712
138070,22.8770283440082
138071,24.3452630155742
138072,20.4019404374012
138073,23.364906900333
138074,24.9355640753724
138075,24.4420559573397
138076,24.6629962095087
138077,26.4211295907178
138078,24.6783583631722
138079,27.8972989803475
138080,29.1371404024833
138081,28.3566607039205
138082,28.4104913670333
138083,30.358827210112
138084,29.3263960639071
138085,32.6400128058697
138086,32.0609696115161
138087,31.6475790660803
138088,30.6790931343309
138089,33.8977895150898
138090,33.1189565403437
138091,34.7434472842005
138092,36.9295654679547
138093,36.5390961178108
138094,36.3951093318978
138095,38.6483955153945
138096,36.8343005373583
138097,47.1819730010462
138098,49.9769659690513
138099,48.6533183033098
138100,45.4379374367308
138101,47.7319832977566
138102,48.7483704103818
138103,112.864415383685
138104,74.84225373573
138105,87.7666108672186
138106,79.144480059847
138107,73.6596721324856
138108,72.1647161056303
138109,134.689336030655
138110,64.8677422100902
138111,79.3320440362725
138112,73.2702830289689
138113,66.7749204690914
138114,66.6024929369255
138115,80.2519918481582
138116,31.5502254738559
138117,43.7318175767095
138118,43.8579951488229
138119,42.0156516681824
138120,29.6304744569692
138121,39.6553550693136
138122,23.3412127220882
138123,30.5172837810705
138124,21.6325049626065
138125,31.3303151517566
138126,24.0880181060353
138127,32.502041402083
138128,20.1795585322077
138129,24.1754983763007
138130,19.498939630785
138131,20.0395091588001
138132,19.6475300189521
138133,31.2590855697569
138134,17.0625960511043
138135,20.7939199241627
138136,18.7902708904401
138137,18.5631658000901
138138,17.1913658582557
138139,30.9657576144154
138140,15.9137951937504
138141,20.0448040648301
138142,15.3126018560198
138143,17.0732422461363
138144,13.9712998994329
138145,25.8393606525737
138146,16.5675175507468
138147,20.0413092696236
138148,18.3603779404904
138149,18.2156464739312
138150,13.6476803675163
138151,25.1765152272583
138152,18.0642034851017
138153,19.9308894547394
138154,20.2323251712557
138155,18.8861966561014
138156,16.7800863553014
138157,24.8674300593299
138158,18.0766765684149
138159,19.8874714115899
138160,20.4770694348213
138161,19.1090763971587
138162,16.1634016492729
138163,27.3205378816093
138164,19.9033997284591
138165,20.2485251475577
138166,20.8327581485111
138167,20.4926543827706
138168,18.4573631299765
138169,29.8629103324171
138170,20.4589260271485
138171,21.6286263386252
138172,21.6656422515945
138173,21.8620853373016
138174,19.3106905492193
138175,33.3569871705387
138176,23.1652852553195
138177,23.3582915086641
138178,23.1042137587539
138179,23.2275062996052
138180,21.4946657457586
138181,36.0780794252604
138182,24.018300933223
138183,25.8609982037833
138184,25.6096982752204
138185,25.8868137736382
138186,23.4898116679178
138187,23.3877711923678
138188,19.0009106454048
138189,19.7861898879255
138190,19.5342460241316
138191,19.8148231808427
138192,17.5280248697394
138193,14.1078538625051
138194,13.9997195927261
138195,15.9798147646151
138196,15.8597431120578
138197,16.5574559957111
138198,13.9563407172569
138199,17.0041378716915
138200,16.2551353962159
138201,18.0060930891896
138202,18.1896326732964
138203,18.9616207275351
138204,15.9304922858659
138205,17.8435880978768
138206,17.7433806861691
138207,19.5736350330769
138208,20.7039762003356
138209,21.3334130203436
138210,17.5534831619024
138211,22.0966876440616
138212,22.4810521507788
138213,23.6440153811812
138214,24.1042675764228
138215,25.4858247618805
138216,22.3602686821643
138217,24.0849892117891
138218,25.4061837845913
138219,26.4085821912168
138220,25.0270376499822
138221,27.7305730923093
138222,25.3961329527516
138223,28.1767653573954
138224,30.4357422304394
138225,30.7395708979689
138226,30.1116860839863
138227,31.6035159498587
138228,30.0595703708383
138229,28.2306318534954
138230,30.7810050003353
138231,31.4938326901338
138232,30.5214559077505
138233,32.3278375502083
138234,30.9619303731569
138235,28.3457185815416
138236,33.5040539951287
138237,35.7932613514831
138238,33.0597510531653
138239,36.1363317884835
138240,34.4770631567106
138241,39.4502490447538
138242,38.8219209536438
138243,43.3989661289082
138244,36.6004426181265
138245,43.1574065898681
138246,37.7315247716737
138247,57.9834731417871
138248,44.1836382248277
138249,58.1624722535966
138250,59.054241388729
138251,58.6199656184044
138252,49.5602224756617
138253,60.8164434666176
138254,46.6206675720888
138255,46.594621421613
138256,33.3268958095017
138257,62.1011784538794
138258,45.5616997018325
138259,46.4168864627438
138260,28.2527975559301
138261,32.6157510682402
138262,23.6272807846522
138263,27.1865960930134
138264,29.4706423621556
138265,39.4674112570281
138266,23.3977967910645
138267,28.125916870959
138268,22.4434138733615
138269,24.1226087391714
138270,23.6717691310114
138271,40.5189380084558
138272,18.0783513058956
138273,25.4547667642498
138274,19.3414532653106
138275,21.4141214768138
138276,19.3063153237706
138277,31.5506838689201
138278,16.5243597593586
138279,22.3666063425685
138280,19.7024025995495
138281,19.5724983899488
138282,14.205553918563
138283,35.7363495892377
138284,16.1702996831692
138285,20.8410721744707
138286,19.2993749852217
138287,18.4831098121338
138288,15.0434272182257
138289,28.263941081147
138290,17.565146438906
138291,20.2501513170683
138292,20.2744085348808
138293,18.2996775364651
138294,15.3374411352548
138295,31.7797449507052
138296,18.5571528420987
138297,20.1961440357942
138298,20.7534396985219
138299,20.3988513947272
138300,16.5140194290799
138301,34.5314805787526
138302,18.7407449119304
138303,20.5217716164974
138304,20.7460571629111
138305,20.8810478567993
138306,17.4401958660576
138307,40.4597700210663
138308,19.0897365320983
138309,21.547767662166
138310,21.3964579465973
138311,21.6359921563048
138312,18.6886585456535
138313,43.7404064743437
138314,22.4236961947671
138315,22.5565200619974
138316,22.3671958350336
138317,22.5489490413688
138318,20.4231893443131
138319,51.9564724367968
138320,25.7716501132228
138321,25.441694641562
138322,25.0639847326668
138323,25.3580262904988
138324,23.7121671545105
138325,60.0612815823674
138326,29.8852300237126
138327,28.3123088768298
138328,28.0094628272625
138329,28.1833576643579
138330,27.992536718762
138331,28.2707932019747
138332,20.5947720430485
138333,20.6391160206744
138334,20.287872198724
138335,20.4376104472111
138336,20.2998489231512
138337,17.6442525597405
138338,16.7631891521
138339,17.4587548869115
138340,16.9856851466109
138341,17.749665206901
138342,16.8271049302258
138343,17.7077900126804
138344,17.1147287112394
138345,18.6173491440275
138346,18.3763815606659
138347,18.868704508928
138348,17.2375641122973
138349,18.5435737903559
138350,18.3131233255209
138351,19.8815014240191
138352,20.3781621809715
138353,20.3371695996976
138354,18.3317970427137
138355,21.282983898341
138356,21.005869965371
138357,22.0513043911554
138358,22.6038568145704
138359,23.0974202216277
138360,21.1151308295055
138361,23.7167047570805
138362,24.5768418810144
138363,24.5316693979228
138364,24.6024609522047
138365,26.1773798700882
138366,24.2340874755163
138367,27.4966640525009
138368,27.1991166774318
138369,26.8961579294208
138370,28.3706772153945
138371,30.0051630927579
138372,27.2997567337734
138373,27.3382845861275
138374,28.9760263321843
138375,29.471363024989
138376,30.0470140501195
138377,32.253461611063
138378,29.5744804382143
138379,33.0580671417392
138380,31.5494301663595
138381,28.4989064207815
138382,33.8825724567708
138383,35.7900174107723
138384,31.4533602160333
138385,33.4797985125296
138386,32.7236152587208
138387,33.672579977293
138388,37.0141849940171
138389,38.8268024935084
138390,30.9896893204923
138391,56.6610433950255
138392,37.0391391419331
138393,42.1394957604413
138394,24.7591226241657
138395,28.4403960815383
138396,36.2283422659562
138397,95.4549654458635
138398,38.7107131047838
138399,33.369550515254
138400,44.2927332420684
138401,48.3754750866806
138402,41.7998243611085
138403,49.1143935513406
138404,26.1305812575188
138405,28.6491480033627
138406,23.5963052334798
138407,23.9381594640681
138408,27.7195301660422
138409,48.874291946678
138410,20.7171260749938
138411,28.7685729961185
138412,26.5805408210317
138413,25.4519390197221
138414,19.9028322602054
138415,36.6701594539777
138416,16.5591925424652
138417,23.3598718140237
138418,21.1372114238843
138419,23.0499108179045
138420,16.5708528296685
138421,30.9542589101838
138422,15.2929287758155
138423,22.1657274808257
138424,20.7391151743508
138425,21.7257087850013
138426,12.8861560681311
138427,23.8119836761289
138428,13.6642024887731
138429,20.3136187660748
138430,20.438609798497
138431,20.9328685494523
138432,14.645626357786
138433,26.0235228630029
138434,14.7112458500541
138435,20.1258459966332
138436,19.8915507131219
138437,19.9737625540888
138438,12.8934143751346
138439,25.5288777442111
138440,15.4086855440361
138441,19.9849004134076
138442,19.7770765755306
138443,19.7372340499928
138444,13.6846434788218
138445,26.1676196816397
138446,14.6634339523776
138447,19.9993506289304
138448,19.6326218445736
138449,20.0193114393215
138450,14.7201095952146
138451,27.9140297320718
138452,16.5654196012777
138453,20.2204448320751
138454,19.8139030003815
138455,20.3116514092065
138456,16.4511026879441
138457,29.6937389839196
138458,17.6329730836731
138459,20.2244560127204
138460,19.9323261071069
138461,20.4243155631986
138462,17.3376611669313
138463,31.8506891764457
138464,18.228996517846
138465,20.318797329122
138466,20.1569013320607
138467,20.5821901334762
138468,18.0050578139575
138469,31.6910678263586
138470,21.4094445726813
138471,22.153216112264
138472,22.219164019524
138473,22.4123093392134
138474,21.0641866500643
138475,19.0102971780012
138476,16.7206349104013
138477,17.5218330562691
138478,17.4825439479947
138479,17.7147102908812
138480,16.1319015661038
138481,5.58043120055137
138482,11.3968866120448
138483,13.6550932578333
138484,13.5262002071774
138485,14.7124673468562
138486,9.69414079642877
138487,5.02752038109295
138488,9.59375671145233
138489,13.6843297273773
138490,14.6234524707689
138491,15.1049867869891
138492,9.55793129092982
138493,2.08849376516357
138494,11.370943139811
138495,15.3731796528577
138496,16.7721668675538
138497,17.4049568783539
138498,11.4213492347124
138499,3.83136247033981
138500,14.24315414236
138501,17.0251423969947
138502,18.9066913769695
138503,20.4437898105497
138504,15.1916116029891
138505,4.85491992957247
138506,16.3146899498025
138507,18.4236568075141
138508,19.1750289962627
138509,22.1429130113878
138510,15.8605091253973
138511,6.94384383114216
138512,15.5972423859856
138513,19.3843811298705
138514,19.4832546620395
138515,22.2595244274083
138516,16.4021230508388
138517,6.88956588623224
138518,14.5348495462682
138519,19.5081070338179
138520,20.2516229755134
138521,22.8726979993397
138522,15.5241746453826
138523,5.2123683507106
138524,14.8582109740684
138525,21.5031255230552
138526,22.0033878077398
138527,23.1857547126644
138528,15.0258683948994
138529,10.1752177756921
138530,17.1058535774468
138531,24.5514361748319
138532,22.129356794599
138533,25.9576872071227
138534,17.239966180706
138535,25.5759552736613
138536,23.8528247174589
138537,32.4870694869646
138538,19.0731109430436
138539,20.0778562153231
138540,20.9935491776632
138541,35.6271183534549
138542,27.1150139799446
138543,36.4602030824537
138544,20.990930870685
138545,25.9222878515977
138546,25.5824327921503
138547,27.6306629916623
138548,20.6488684630191
138549,27.3268578628421
138550,18.7054863664368
138551,18.5150095362686
138552,19.2826774760792
138553,21.5420609062277
138554,13.8376375197089
138555,21.1698637132784
138556,17.265885744968
138557,17.0255770109326
138558,15.8722093706479
138559,18.7369245688631
138560,11.55700782619
138561,20.470298534868
138562,16.1859615154331
138563,17.0950329512636
138564,14.0102551721327
138565,16.770725938659
138566,12.1821087618969
138567,19.4661312505517
138568,18.2693691013051
138569,18.9423921141913
138570,12.2270382275979
138571,16.9365594695464
138572,5.93372969806733
138573,18.5910147494807
138574,13.6138311882436
138575,15.7885885212522
138576,3.76998077217393
138577,17.440136805751
138578,4.85870166757325
138579,17.894186285262
138580,17.3129980972345
138581,16.2188622443919
138582,3.12501093336206
138583,17.5071785837014
138584,4.65476673616457
138585,17.5084820078154
138586,17.1460197472734
138587,17.3132997871849
138588,2.92017545983538
138589,17.1373620359562
138590,5.79593343506874
138591,17.32702928687
138592,17.1270249461486
138593,18.4965832351213
138594,4.26772133109215
138595,17.5015964453384
138596,7.52453259954689
138597,17.4385148540113
138598,17.7745940232552
138599,18.4777001006955
138600,4.66791277247991
138601,17.742239626372
138602,10.1718383981969
138603,17.3815580750068
138604,17.6771248041071
138605,18.0505418244663
138606,7.72876401777828
138607,18.0831191951447
138608,10.4718314896052
138609,17.4430535607493
138610,17.8503207982524
138611,18.3090227878191
138612,10.288261695545
138613,19.815092542968
138614,12.519506555908
138615,19.0742473928776
138616,19.0095338314765
138617,19.4863469373879
138618,10.1579198915343
138619,12.1818137606278
138620,5.10129551735941
138621,15.2256567426238
138622,15.7917003495704
138623,16.1977670124591
138624,4.35205017329033
138625,-3.56902224311682
138626,-5.52778452346755
138627,12.2721132247445
138628,12.9629385236578
138629,14.3224002650583
138630,-8.83419441565428
138631,-7.12230224719436
138632,-10.9592229817961
138633,12.8954153585805
138634,14.7341321961517
138635,15.6865737917443
138636,-12.5226327655129
138637,-4.6852253573683
138638,-10.6705517711706
138639,14.6846618984976
138640,16.8644749426747
138641,17.9282984524026
138642,-10.5381170894841
138643,3.33988759011472
138644,-4.89343206407782
138645,17.843125600973
138646,19.2193288934669
138647,21.8357822172296
138648,-3.94394714464584
138649,10.4090605201068
138650,2.57103970009326
138651,19.8818564740775
138652,20.4170610748182
138653,23.1773993593489
138654,0.157453808915093
138655,15.8660437607406
138656,7.54399034190274
138657,22.4579587930853
138658,22.1930176404566
138659,24.3157335722242
138660,6.55309062544408
138661,17.586747843532
138662,8.63500011460684
138663,22.5933265891199
138664,23.4674283970052
138665,24.3595793109256
138666,10.1752886467136
138667,19.6799006308132
138668,11.4905980828544
138669,25.3312714689973
138670,25.9957365732682
138671,27.956944189763
138672,11.472023130472
138673,25.3719759794701
138674,12.5834465339592
138675,28.9225702652747
138676,29.7699668309825
138677,31.2118902506471
138678,12.4299695491054
138679,42.0798094723976
138680,21.1540763972868
138681,45.9898912466304
138682,45.0317288540501
138683,47.5629023027
138684,21.1867863203064
138685,39.0257116522356
138686,23.3772252874838
138687,49.1937761900319
138688,47.0847466367202
138689,52.8167256913796
138690,23.214043954265
138691,27.1232518491668
138692,18.3792891299442
138693,27.2411432199073
138694,19.337909047169
138695,25.9997621335716
138696,18.8429588443111
138697,23.7258772071854
138698,16.3148687213912
138699,24.7718484064954
138700,18.0727578297336
138701,21.4863850908332
138702,16.9204331838482
138703,21.9152369539534
138704,12.3440661556217
138705,21.9054154247424
138706,15.3689968732574
138707,16.7239487291831
138708,11.5651821830378
138709,20.6214731094379
138710,9.89625680335216
138711,20.3127779433686
138712,17.35377108981
138713,15.2231276922083
138714,8.88111764776819
138715,19.8431800166543
138716,11.7099689727548
138717,19.6014247126556
138718,14.0390609078114
138719,17.3492175701383
138720,9.41767734297202
138721,18.7681516658766
138722,12.0955641028241
138723,19.1368470187519
138724,16.7931409136849
138725,16.4982198299228
138726,9.1619337035449
138727,20.1362125175225
138728,12.8183047670848
138729,19.4173300418482
138730,18.9586284836616
138731,17.1434309795609
138732,11.7619461247458
138733,19.5836230613012
138734,15.3874624590595
138735,19.7263657169061
138736,18.5045355710285
138737,18.7180905216679
138738,12.8363545888062
138739,20.8837469729437
138740,17.7820969558549
138741,20.2362253572235
138742,19.0320071967771
138743,19.0825574617942
138744,15.5947892602641
138745,24.3033593173054
138746,19.7894828413582
138747,21.3516530211349
138748,20.0592212553857
138749,19.938956833596
138750,18.7966770214753
138751,27.7146833106556
138752,21.5388258899472
138753,22.4939218712083
138754,21.451437436059
138755,21.1592921859244
138756,21.4082941682581
138757,27.4130791267715
138758,23.5408053016203
138759,24.0034272275889
138760,22.7891283791315
138761,22.8112259364721
138762,23.2081190044381
138763,18.9571262121931
138764,20.4470206653948
138765,20.8434109555105
138766,20.2396475328185
138767,19.9280860719185
138768,19.9463973813441
138769,13.9774659221696
138770,17.0459993718663
138771,17.5225137415417
138772,16.371459068119
138773,16.9708095021783
138774,16.9098855673682
138775,14.4240187434408
138776,15.5663854323757
138777,18.1613096878768
138778,17.6966869811127
138779,18.641899216892
138780,15.5767251160247
138781,14.1126053866978
138782,16.7245236753779
138783,20.2619492323354
138784,20.243603315789
138785,21.719484249878
138786,16.4418114547952
138787,18.1485598985601
138788,19.6727042942674
138789,21.981160331498
138790,22.7928106426172
138791,24.7609953995414
138792,19.158181423696
138793,20.1466144971867
138794,23.401134131836
138795,24.6715180289112
138796,25.9913948364626
138797,26.5286893954047
138798,23.4113411517334
138799,23.6957952812292
138800,26.2086910848364
138801,26.6320835330315
138802,27.7929845194419
138803,29.2595139500018
138804,26.1815015856846
138805,27.1463982101139
138806,30.9528135200361
138807,31.4090101170314
138808,32.6318179108534
138809,34.4380775548807
138810,30.6185091749746
138811,28.1246513007926
138812,34.0394274712161
138813,35.7714470771549
138814,37.1533843386743
138815,38.6259891861107
138816,34.4057474008467
138817,36.0122022653931
138818,44.1861458495635
138819,43.5377401165543
138820,32.2273878316541
138821,45.9397527255902
138822,39.5664516852863
138823,68.0610813342929
138824,68.8708320910519
138825,56.865724800633
138826,59.9892649753982
138827,69.7428598143088
138828,50.9373913634441
138829,60.6253692814002
138830,57.7542597564438
138831,39.1809468456493
138832,62.267965957969
138833,60.7991912190835
138834,55.9364528987597
138835,40.941614066158
138836,38.2916669258883
138837,37.7527382402749
138838,24.8963099998984
138839,24.216180580641
138840,40.0894333031662
138841,32.8244535212892
138842,29.5133254261756
138843,32.1294124376439
138844,18.0198517707987
138845,20.7127876528358
138846,31.601970887269
138847,32.968860091946
138848,23.0186159383722
138849,27.965709381945
138850,21.2668219255329
138851,18.1118301540448
138852,25.1964762165402
138853,33.8758145318575
138854,22.2649167103742
138855,25.8656879446748
138856,21.1179687619784
138857,21.6822105862951
138858,20.1927363778681
138859,26.5305378812278
138860,19.6285223703952
138861,22.1262313771263
138862,19.0038647616018
138863,19.0246586815921
138864,20.486313124317
138865,27.9127377821311
138866,20.6484130602591
138867,21.9529967231498
138868,19.4123589613484
138869,19.375780875014
138870,18.0984387453054
138871,28.3168870682395
138872,22.2884350657271
138873,22.4470787386012
138874,20.116121715928
138875,18.7363432279239
138876,18.1188555114462
138877,30.6914165967929
138878,22.1446673554055
138879,22.8502965274175
138880,19.9572934012606
138881,21.4766517924241
138882,18.5890999797282
138883,33.8759942601714
138884,17.5377981898932
138885,23.3503195710121
138886,19.6192913474223
138887,21.7804361018208
138888,21.6673643198317
138889,37.8767633880551
138890,20.2331226719328
138891,23.980093199907
138892,20.7754235180639
138893,22.29126635964
138894,21.5383693356093
138895,41.4038501693984
138896,21.4553660924947
138897,26.9795762684617
138898,25.7313889903241
138899,25.3582958033557
138900,21.5610231757888
138901,39.765416569618
138902,20.6825431252666
138903,28.3745028555429
138904,27.0314364189327
138905,27.0959717083581
138906,22.2131120662432
138907,26.0826983822388
138908,16.0736718196053
138909,22.1527502921175
138910,22.2322755843331
138911,21.3550390263602
138912,15.4965207343573
138913,20.3978403651379
138914,11.3552844570076
138915,19.8158573196168
138916,20.8242618333978
138917,20.2891638226715
138918,11.5991941004166
138919,20.2329214498357
138920,15.1345884305076
138921,20.5965244413852
138922,21.5461645894733
138923,19.8539639735782
138924,14.8721997522395
138925,19.7836721491581
138926,18.7898384500263
138927,22.099918999557
138928,17.7710528035948
138929,21.7059465296479
138930,18.4114605738936
138931,20.0378110651696
138932,20.0844565414661
138933,24.2693962488899
138934,24.6429462435583
138935,23.1833041312123
138936,20.4195878478894
138937,24.8769825289991
138938,24.2659974570103
138939,29.4807822940947
138940,28.8902817563703
138941,29.0334444294448
138942,24.4290648834954
138943,24.9707358053193
138944,26.9089260323166
138945,31.5040847249788
138946,31.6640972170856
138947,32.0694879565699
138948,27.6189656138002
138949,24.3772027380845
138950,31.3795639338985
138951,25.5927188999751
138952,36.1898123518569
138953,37.7053735766477
138954,31.2189745272353
138955,20.462788824919
138956,37.549870092584
138957,29.548155551929
138958,41.1829699880752
138959,44.7112484240123
138960,36.2885477641614
138961,37.5035345656414
138962,45.7723451934232
138963,48.229441153022
138964,48.0754071994808
138965,49.2735335184297
138966,45.9895872736725
138967,65.2578535430449
138968,68.3621547781373
138969,67.1828613948059
138970,37.4524909672458
138971,68.3472352033563
138972,60.4441786782195
138973,76.3375856263715
138974,61.4057712678332
138975,60.1256276659936
138976,21.8305051146784
138977,28.0638203556615
138978,58.3243325300975
138979,63.8632220148345
138980,40.199409561631
138981,41.8413743317594
138982,24.3255735717901
138983,29.8318768725592
138984,38.4927721110101
138985,42.5599814532525
138986,28.9613853410862
138987,32.9609734060213
138988,23.6896101468912
138989,28.306560566986
138990,29.6445429047109
138991,40.4449886814005
138992,22.7522932562564
138993,29.1512190588754
138994,21.2133364179773
138995,25.9221228594129
138996,23.9347228195388
138997,32.291347402853
138998,20.2934212101957
138999,27.7460566908436
139000,23.7558744047158
139001,24.943334738073
139002,21.4509891446954
139003,36.6018140079844
139004,22.2591876746549
139005,27.6549941347692
139006,25.8694159465955
139007,25.7844605255658
139008,21.2772257200186
139009,39.9142049649472
139010,19.9813959326875
139011,25.4111430516207
139012,25.1375269005657
139013,25.2867121985342
139014,20.3373386247976
139015,41.3912485383251
139016,21.7689293701094
139017,25.5611266625047
139018,25.0692399727904
139019,25.47948734364
139020,20.9881535370406
139021,42.5485139911022
139022,22.9169082217831
139023,25.6150715551555
139024,25.2130184902382
139025,25.4946661619492
139026,22.2681752513952
139027,40.5441452294929
139028,22.9776635747856
139029,25.6031376679009
139030,25.1540283892823
139031,25.4023724513859
139032,22.8497370864588
139033,36.347623721704
139034,22.5500480651363
139035,25.3684479838725
139036,23.6197698542619
139037,25.4043581184454
139038,22.0683861683756
139039,34.3403129600507
139040,25.3942174176207
139041,27.4499566996511
139042,27.5978153317035
139043,27.9029914639776
139044,25.1637369115597
139045,33.1181468585059
139046,27.0055414197641
139047,27.3976820573622
139048,28.0265875833189
139049,28.4094419681521
139050,25.8389273551968
139051,22.6564210252829
139052,21.8272976718196
139053,21.7458495022612
139054,21.474014262363
139055,22.6956280572389
139056,21.8532813546419
139057,18.1671821389921
139058,20.0718297686803
139059,19.7687233427374
139060,20.6541678952468
139061,21.1587813780731
139062,19.8022936226852
139063,18.2462845513112
139064,20.03676643852
139065,19.5529572746811
139066,17.5437610923067
139067,21.4791004883049
139068,19.5976717921427
139069,19.5845874192799
139070,20.8347610194067
139071,19.9501244148553
139072,21.8265455726239
139073,22.2958200913649
139074,20.540092282266
139075,22.2669303267016
139076,22.0628769901013
139077,21.7491699041551
139078,23.2918120975108
139079,20.8539964559369
139080,21.8676179852371
139081,23.5333926009547
139082,23.5752594922807
139083,23.1596024601698
139084,22.7228936870045
139085,23.0051796561645
139086,23.989612192342
139087,29.3183759381469
139088,27.6085554389678
139089,26.27152496034
139090,29.5563394698428
139091,30.4446971459157
139092,27.8143671792632
139093,29.9852351551584
139094,29.1187126559606
139095,27.6313296820861
139096,30.6638780677833
139097,31.552934765216
139098,29.0448261167583
139099,34.9501814344487
139100,37.8645476082664
139101,37.6408361871955
139102,18.6631445465781
139103,33.7144532842245
139104,38.0253358880218
139105,44.1826702489719
139106,47.221331338502
139107,46.8259937276172
139108,21.5255650375822
139109,25.9087636478547
139110,47.8330614727107
139111,70.6576572214155
139112,74.1038477849612
139113,63.615624530597
139114,51.083162377935
139115,37.6754090458129
139116,74.4604607923817
139117,77.4261694402245
139118,66.4255621380961
139119,64.9544131439414
139120,41.1071923156696
139121,50.8951419179728
139122,69.5981024996721
139123,51.7795172468535
139124,43.9532992665264
139125,43.0356216701654
139126,41.1484493503965
139127,41.8094639515324
139128,43.2236629633589
139129,39.3842256847864
139130,36.4547361216071
139131,34.1977780938344
139132,34.3457857195851
139133,34.8858730283467
139134,36.326786083582
139135,33.4908639476549
139136,32.7142662289564
139137,29.9978553184788
139138,30.1042550033067
139139,32.2291328767712
139140,31.5324913612319
139141,32.8891973649761
139142,26.8645831789673
139143,26.330197051893
139144,25.9080707742744
139145,28.940677125235
139146,27.1423520635006
139147,33.8498265623377
139148,26.730648013915
139149,26.9886758815711
139150,27.6469665656109
139151,27.7561369190561
139152,26.8245508658426
139153,32.5112661298297
139154,22.0519606601195
139155,23.5891471816778
139156,23.4004246110157
139157,23.8204193728452
139158,22.1066714222847
139159,34.3848778769347
139160,21.353195486459
139161,22.8391609959823
139162,22.770551933345
139163,23.1593610305317
139164,20.9254628798803
139165,34.7349660389077
139166,21.2416113349329
139167,22.8307497831285
139168,22.8052744213489
139169,22.9532775755233
139170,21.1548087680704
139171,37.3534592269577
139172,21.9214548704974
139173,22.887954279845
139174,22.3721336748893
139175,22.9223367133551
139176,21.1917481059495
139177,36.810127436226
139178,23.0605369544997
139179,23.1675527953011
139180,22.7445438262746
139181,23.2951672474322
139182,22.137210090491
139183,41.9037779878096
139184,26.5801439563845
139185,25.002419886336
139186,23.928137018168
139187,26.0256976130141
139188,26.0532249854291
139189,43.2138925801477
139190,28.8901138616787
139191,26.5582929874003
139192,25.9861554593118
139193,27.971389664646
139194,28.6745455464948
139195,24.1976190561912
139196,21.6853446310874
139197,19.8416307236277
139198,20.6856829597629
139199,21.5066243787495
139200,21.6505807018827
139201,17.1373396920366
139202,17.7963896386945
139203,16.1105763018482
139204,18.5788916875651
139205,18.5693299159323
139206,17.8202861561423
139207,16.809010517129
139208,17.4184844199656
139209,16.5479529499256
139210,18.1037708745596
139211,18.8325358703078
139212,17.2266404804562
139213,16.6939638408759
139214,18.1278440606057
139215,17.1199481820626
139216,18.2169929704855
139217,19.5920047611562
139218,18.0665590853743
139219,18.7499794576819
139220,19.0996317046167
139221,18.6086418777801
139222,20.7786464467225
139223,21.5559562663585
139224,19.3564238947037
139225,19.4178818547457
139226,21.3224571309386
139227,19.5990613011808
139228,22.6619330710393
139229,22.640304101703
139230,21.3553676968117
139231,20.8743647642661
139232,22.8689901227671
139233,20.2230209184978
139234,23.0203648628378
139235,24.1199064038609
139236,23.3574884268182
139237,21.0510424129685
139238,24.9768552294303
139239,20.9319798963097
139240,22.0736427645398
139241,24.6819915282352
139242,24.7416010426464
139243,23.5549367014765
139244,27.6452930391997
139245,24.0856963809831
139246,17.8950510114496
139247,27.655696324734
139248,27.395648670369
139249,31.0884714526816
139250,35.9785236874828
139251,28.6111425854335
139252,27.2879283582368
139253,33.9061192808674
139254,37.1124858077146
139255,59.5491742675376
139256,63.2472080325899
139257,51.9080258196877
139258,50.0330663910951
139259,54.1447054378216
139260,59.7097219197475
139261,68.5308566711082
139262,56.7966749715808
139263,53.2690432471136
139264,44.8111320971456
139265,48.4414553596343
139266,57.1767641343178
139267,54.533339598846
139268,35.1058362024281
139269,38.9321256388096
139270,30.8966134843297
139271,29.6528357908
139272,37.5787275126302
139273,41.8765066350194
139274,26.6572360518367
139275,30.1501506388662
139276,24.8795982894018
139277,26.085022824027
139278,28.5731742932821
139279,38.4016289810935
139280,23.0442679855456
139281,26.8699823511031
139282,24.3882135978091
139283,23.0723175781526
139284,24.7313715728154
139285,35.5775929569379
139286,18.967505772895
139287,24.4253871037877
139288,22.4195525176927
139289,22.1264631020675
139290,18.7877645563454
139291,35.618379001315
139292,19.1118531619264
139293,22.0171333965731
139294,22.5693413005573
139295,22.9104350769315
139296,18.1308484957747
139297,31.2646960620724
139298,18.9629053111611
139299,21.9835543824047
139300,22.0577266557109
139301,22.3739067483724
139302,16.6972936791916
139303,31.4660205569326
139304,19.5624256418432
139305,21.7135389503338
139306,21.6835343551958
139307,22.2165261387966
139308,17.9653983001706
139309,28.4205380457472
139310,20.0682379320416
139311,21.311732730279
139312,21.5708501696551
139313,21.8107414173684
139314,18.9516925307678
139315,28.0482405664519
139316,20.059595850452
139317,21.817275668222
139318,21.9152009425482
139319,22.1617348990669
139320,19.4062637525184
139321,29.2588540587276
139322,20.9504591993302
139323,22.3844230519811
139324,22.490001723299
139325,22.7943403164347
139326,20.8434396719647
139327,30.5743749115521
139328,22.6660994496727
139329,22.6116794738794
139330,22.6981042362778
139331,23.5118573138465
139332,22.0869007968309
139333,32.319727951854
139334,24.4875534901886
139335,23.601536932691
139336,23.1838761017557
139337,24.6877535936706
139338,23.6977753949911
139339,21.949186035337
139340,20.3026121260085
139341,19.2679769988291
139342,19.3282184026076
139343,21.213681720216
139344,19.1718282487175
139345,13.9374700316182
139346,15.3932679994103
139347,15.0928608053306
139348,15.8628881364013
139349,17.8280391903085
139350,14.9573986656901
139351,13.4591178321182
139352,14.6417558557996
139353,16.0229205869849
139354,16.4631324096215
139355,18.148313136309
139356,13.8638300434188
139357,14.4638367340175
139358,14.1337967523614
139359,17.0658921492955
139360,17.3155744763138
139361,19.0883056690214
139362,14.0371913770175
139363,18.1843336482678
139364,18.4778981417808
139365,20.4769326972723
139366,20.8394341674741
139367,20.9938734127441
139368,18.3445620882912
139369,19.259402743358
139370,21.4208001701155
139371,22.5715777442344
139372,22.689372472631
139373,24.0356421414531
139374,21.6625045980165
139375,21.1726345825007
139376,24.418989324969
139377,24.2511720189475
139378,24.4551715424859
139379,25.1333151123037
139380,24.4781226874899
139381,22.6884095956641
139382,25.2335650718459
139383,24.6966689611558
139384,24.9344010711883
139385,27.2048046213801
139386,25.0926278073662
139387,25.6027244777933
139388,27.9575130272732
139389,28.7908167455688
139390,27.1411579645489
139391,30.4666202244568
139392,28.4586057137704
139393,36.945210961949
139394,39.0561710699282
139395,39.7492591024679
139396,37.970051166627
139397,22.2740421424056
139398,40.1056491398075
139399,75.9556200827212
139400,65.7277713440326
139401,68.7725325302728
139402,50.8929130435369
139403,34.4342669304161
139404,62.9605533889624
139405,69.9357860223248
139406,58.7044264977649
139407,60.0624168318034
139408,44.7722753616646
139409,55.1491436580951
139410,55.0891582994083
139411,46.5330771549215
139412,33.8655236456427
139413,39.9475296815276
139414,33.1369203208327
139415,40.4996751606541
139416,33.2108922949549
139417,51.3272631073226
139418,25.5805768917569
139419,28.696423751754
139420,27.171351914362
139421,29.5984190925155
139422,27.8806896510524
139423,43.2236950024733
139424,22.9832854767006
139425,26.8787701521207
139426,23.8238255721479
139427,25.7526773624238
139428,24.8552807334573
139429,37.509063766404
139430,20.9235029046687
139431,22.6577543565867
139432,21.0444028791859
139433,21.2053661248324
139434,21.0387087518458
139435,43.2786299176833
139436,18.8974870305626
139437,22.7543960411904
139438,23.1048101153166
139439,23.3666863486768
139440,17.2339418888244
139441,32.2940706303808
139442,16.7563719662918
139443,22.0944383898891
139444,22.392100191207
139445,22.4139380354947
139446,16.4185318913922
139447,34.7191993294947
139448,17.1293364351958
139449,21.3009027230882
139450,21.7437780733625
139451,21.4089829281581
139452,15.0876978594821
139453,35.5020711158638
139454,17.0118172987327
139455,21.2822627371975
139456,21.5842078543532
139457,21.4169508512904
139458,16.8989455505961
139459,35.4282880037557
139460,19.0424970774147
139461,21.2538679258844
139462,22.4688724960071
139463,21.399634509482
139464,17.7323186296191
139465,33.6842266024621
139466,19.7007797563994
139467,21.3508108113544
139468,22.733108085713
139469,21.549517379235
139470,18.7488499140813
139471,34.6762337044877
139472,20.4927888375343
139473,21.5217541849915
139474,22.8532248109186
139475,21.890928083777
139476,19.3201037865438
139477,34.1088952727048
139478,22.4879532809817
139479,23.0847318720829
139480,24.3961149039638
139481,23.4426377273804
139482,21.4436014475632
139483,22.8282428880771
139484,17.939260453539
139485,18.4026310050919
139486,20.2633470238814
139487,19.1634715353741
139488,18.1750711976461
139489,12.8284649422621
139490,13.8129471689461
139491,14.1028107091276
139492,16.3885756405789
139493,15.5910602069018
139494,12.8637022720467
139495,12.8902217109265
139496,11.9375773567068
139497,14.4370418557386
139498,16.3212859776089
139499,16.2456518537236
139500,10.7799958160508
139501,9.04953292065607
139502,12.1477970668657
139503,14.958625868545
139504,16.635474648168
139505,17.4698528481969
139506,11.4302348232633
139507,10.3756104454078
139508,15.0930848991347
139509,17.0299911483344
139510,19.270220017275
139511,20.2174941071552
139512,14.7569571760674
139513,11.4235998627039
139514,16.9216702710171
139515,18.5782392520246
139516,21.1773795465833
139517,22.8574920800674
139518,17.0924792045808
139519,10.7180811879019
139520,16.7069812153558
139521,19.5264676367219
139522,21.381621849152
139523,23.2259973876223
139524,17.1938013965348
139525,8.48177236641444
139526,16.1298123909595
139527,19.8651130438503
139528,22.2117971525237
139529,22.0946545027362
139530,14.7956544849366
139531,7.87475518453604
139532,15.1094240297817
139533,22.3695281588951
139534,23.3114951307483
139535,23.2591752451703
139536,15.3528249152309
139537,16.4836185380978
139538,19.8001154552416
139539,28.6680745975716
139540,29.4299156890466
139541,29.9000379055081
139542,16.4564397854133
139543,32.8157002768495
139544,27.6554809725015
139545,51.7956520881521
139546,49.4485642855978
139547,50.1326986486855
139548,28.9290542200822
139549,38.0396736039142
139550,29.1471404215163
139551,46.5363093833694
139552,46.7800985280262
139553,47.7460955419451
139554,32.0078255494568
139555,29.0860307131059
139556,21.2018336032857
139557,25.6183588338537
139558,30.841447098631
139559,30.6394729310166
139560,20.895689927882
139561,27.2389537536463
139562,16.9043549466778
139563,20.1328274236941
139564,20.7881474771508
139565,20.9010369728579
139566,15.8382037097476
139567,22.6311296869431
139568,12.7837778498737
139569,18.924887654458
139570,14.1649051527375
139571,17.1909081703672
139572,11.9962680551316
139573,17.9514337353596
139574,10.6744169638946
139575,17.7661426724686
139576,12.9714606878986
139577,16.3139287221348
139578,9.88113190012082
139579,15.8231996958198
139580,4.81384874486283
139581,15.6064280044056
139582,16.2816587972297
139583,14.8287537303146
139584,3.93991284802678
139585,15.17596803411
139586,3.39998862816234
139587,15.7155591005015
139588,13.960684135987
139589,10.5432820444194
139590,4.19066112260108
139591,15.134712615969
139592,2.10415897536187
139593,15.4323471406373
139594,14.4362432204513
139595,13.5118911537272
139596,1.85097491435492
139597,14.9086273345319
139598,5.04559575342187
139599,15.2068302769051
139600,14.357399151439
139601,14.8247916707697
139602,3.81954961407245
139603,15.1139144751418
139604,5.29622413706958
139605,15.2287196441884
139606,14.4425961633409
139607,15.2951217072113
139608,8.20343655046967
139609,16.1557651880646
139610,5.57189511542105
139611,15.7245891487287
139612,15.6728492728965
139613,15.5057904318715
139614,8.36473033405382
139615,17.4907899270979
139616,11.3126329147859
139617,16.3628205571076
139618,15.9685881882804
139619,16.1947354863734
139620,12.6722826220078
139621,16.4029282707104
139622,13.8253325197264
139623,17.3851197923812
139624,17.2121824624076
139625,17.4790428666915
139626,15.0498396100338
139627,7.03997391658101
139628,12.9390586004665
139629,13.5494559590655
139630,13.4353754047047
139631,13.0020472216061
139632,12.8424064526982
139633,-3.20538773761489
139634,2.66817042772916
139635,9.75041223016147
139636,9.62803394410584
139637,9.56770894474692
139638,-0.998071851348961
139639,-7.71550613679129
139640,-5.22461885017552
139641,9.29399789923658
139642,9.17088679199441
139643,9.72979417967835
139644,-5.63469722290928
139645,-1.84619764033978
139646,-5.9643327335668
139647,9.14999815830084
139648,10.4875750384818
139649,8.23655442613495
139650,-7.4021994709371
139651,5.12522593790368
139652,0.999265542194561
139653,12.2172635429687
139654,14.7669184507283
139655,14.3957599328513
139656,0.800378993789305
139657,10.8213231199675
139658,6.80836446603625
139659,15.1183376759947
139660,17.8963705126664
139661,18.1989193171975
139662,7.16036977205756
139663,15.3520823105682
139664,12.3354759625597
139665,17.5466312836567
139666,19.1691703237046
139667,18.7162826746935
139668,10.4517596089747
139669,18.7266790499253
139670,14.7260020127967
139671,18.6084504263417
139672,21.1108364318458
139673,20.5553507743912
139674,14.6120321942628
139675,14.4703366860115
139676,16.3938522024222
139677,20.0441920236162
139678,21.0155911511898
139679,22.3814986271251
139680,16.1066740344336
139681,26.2265638102331
139682,24.7174001900641
139683,25.3340803491611
139684,27.5894720507729
139685,27.648774518111
139686,21.3728111007252
139687,61.597002540948
139688,42.0821705875603
139689,36.5174359587612
139690,47.368440767514
139691,43.7812791476364
139692,32.890986141393
139693,64.3679859139577
139694,43.5369730851737
139695,26.3480108102659
139696,39.3441531544798
139697,36.611086711913
139698,28.8110348345843
139699,49.4236245770863
139700,29.9601913879582
139701,21.1403530534358
139702,25.5023329583043
139703,26.4552831895884
139704,25.7851649320307
139705,43.4865716493522
139706,21.4128090663101
139707,19.2974300766148
139708,20.0917204707421
139709,21.2999476429374
139710,21.3361048745938
139711,27.3794000143812
139712,21.2284154980953
139713,18.139056719453
139714,17.6858691869581
139715,16.2434348620748
139716,22.3060219014457
139717,24.9462133929765
139718,20.7132113472182
139719,17.7412488685587
139720,12.1821216279316
139721,14.5813900351743
139722,20.7385498154697
139723,23.0830880166238
139724,11.3801374691225
139725,17.194880109407
139726,13.1177705597244
139727,13.0004168347437
139728,11.3009001802206
139729,21.2039124514608
139730,9.8578252984379
139731,17.7237822629637
139732,14.3479273770513
139733,13.160457068751
139734,12.7388669780237
139735,21.8810834347003
139736,8.26684158296654
139737,17.6211663734728
139738,15.1302522700441
139739,15.8129253640653
139740,10.8357027536972
139741,25.2691631790714
139742,5.93961976907052
139743,17.7073933068951
139744,16.2123157091136
139745,16.2472208084937
139746,14.9403293977432
139747,24.2609263272429
139748,14.3006871212206
139749,18.7028905961472
139750,17.1277538721871
139751,15.8081901403743
139752,13.3405438767152
139753,21.695022730177
139754,15.7378726064933
139755,19.8793646616151
139756,18.2570541277503
139757,17.3655794269941
139758,16.7362497688404
139759,23.2292895735925
139760,17.8922393640892
139761,20.9869857756167
139762,19.5903633357434
139763,20.0814544649312
139764,19.0525353761317
139765,27.1879822904763
139766,22.3261550450822
139767,23.5018260642277
139768,23.1516534216288
139769,22.1625714121596
139770,22.7654753822397
139771,19.9442315577879
139772,18.9933643171555
139773,20.2331021766255
139774,19.8552292543612
139775,19.1533399599617
139776,19.5670687654351
139777,15.469463841839
139778,17.6242216266982
139779,17.6032944186633
139780,16.7121983225882
139781,16.7366359176154
139782,18.0576210801908
139783,14.0575490016968
139784,17.5795832948999
139785,19.055849313242
139786,16.7410215661863
139787,16.32819087501
139788,18.8422815056617
139789,17.5434865906482
139790,20.4010357977762
139791,19.3260230574936
139792,17.0214840775289
139793,17.4416262439386
139794,20.5820203803457
139795,18.6628360039505
139796,21.295775476024
139797,20.5978454957381
139798,18.462667477634
139799,19.7019175920923
139800,21.3553961115889
139801,21.7542585670008
139802,22.7031702948406
139803,23.1225362318215
139804,21.4042324573852
139805,22.9076321805483
139806,22.6446391301801
139807,23.6684112777994
139808,24.2771856766361
139809,23.3723325437772
139810,21.8502470298144
139811,22.9024788105161
139812,23.9721538370458
139813,23.9324214688588
139814,23.8216505370496
139815,24.3170943120494
139816,21.9655785504574
139817,22.3400548638045
139818,23.811835665211
139819,24.2955318463788
139820,26.4308613337282
139821,27.4587252199109
139822,26.2732620405325
139823,25.0330697802389
139824,26.9857910414039
139825,28.854354440867
139826,33.8690318236484
139827,22.4762894847655
139828,28.7060076796895
139829,33.5942471495992
139830,33.3882346712283
139831,37.3345775573541
139832,49.6336837671461
139833,38.8125688584064
139834,51.7725214596793
139835,44.6526510312518
139836,50.2431253584985
139837,38.1305846199044
139838,43.7799581584079
139839,33.9869765211135
139840,27.1036187213378
139841,42.6651541153148
139842,48.2203323311804
139843,30.3073146462804
139844,32.2120729254204
139845,27.6910022947389
139846,28.7644910016499
139847,21.6308883837432
139848,32.263122722757
139849,24.8182955131386
139850,26.7955759208307
139851,23.5454701153025
139852,22.2483065160365
139853,19.4219319244641
139854,24.0319269118155
139855,20.6698528606377
139856,22.0526890702095
139857,20.6979948817677
139858,20.0760427159446
139859,15.5264176720032
139860,21.2054888473079
139861,19.095846941033
139862,21.089390368823
139863,19.3542631342744
139864,16.2397406301339
139865,16.43524735101
139866,19.3527264444251
139867,20.3778197161252
139868,18.4421441793379
139869,18.1500675429743
139870,16.5577190749919
139871,14.2045120347295
139872,13.9195331553369
139873,17.386784202468
139874,15.6062616858213
139875,19.0620330718736
139876,18.5933847898414
139877,18.0240536362762
139878,13.3714307979637
139879,16.9971292810806
139880,16.5126835050529
139881,18.8433904480004
139882,19.4387150507817
139883,18.2119122436895
139884,14.3561560279006
139885,16.9752852245613
139886,17.9005907768304
139887,18.9845095428006
139888,19.4743622094402
139889,18.8885369571032
139890,14.3945606712597
139891,17.6109367571196
139892,17.8384260288524
139893,19.3418353737568
139894,19.7334223040383
139895,19.5858271316133
139896,15.4834827027598
139897,18.5317390982895
139898,19.9255767951305
139899,20.3184449647185
139900,20.7706092548804
139901,20.7646714206835
139902,16.9932147064808
139903,21.1689396360367
139904,22.1423687830933
139905,21.7544586003542
139906,22.1865052928929
139907,22.2318191982678
139908,19.2566582313162
139909,24.2952021883651
139910,24.0326037115826
139911,23.1373660721524
139912,23.6135257595568
139913,23.6959776949932
139914,21.6346635827403
139915,17.8532971601594
139916,19.8838706185566
139917,18.6407605647597
139918,19.5268363285255
139919,19.7856280423164
139920,17.9861556952641
139921,11.4009934206325
139922,14.9252449816884
139923,14.5660541085378
139924,15.5527136512735
139925,17.7501318277995
139926,13.5642170324538
139927,10.1546714098055
139928,12.6464056834211
139929,14.1582429218342
139930,16.1652457318143
139931,17.221782592013
139932,12.5347894823301
139933,6.61960981978709
139934,14.4106130877457
139935,15.0361162488573
139936,18.515513694057
139937,18.5715280195512
139938,14.5199133334706
139939,3.72692619080062
139940,16.5614389633371
139941,19.2103545363794
139942,21.6232533499428
139943,22.1410826597804
139944,16.7623646820424
139945,7.74261459746156
139946,17.5062920406093
139947,21.6941654725145
139948,22.5342810897928
139949,24.1776867347807
139950,17.4608447125312
139951,8.31131836219407
139952,19.7670038181407
139953,23.6602709923998
139954,24.9046862777756
139955,25.7129714460924
139956,19.8727176370128
139957,9.81061783272362
139958,20.7575591819265
139959,24.3916850951613
139960,25.4198175214243
139961,26.8065176394653
139962,20.381421783411
139963,10.9964935967694
139964,22.9689339852013
139965,27.1391220340351
139966,27.9027854916982
139967,29.4706805489902
139968,23.1261323630722
139969,16.8526410424181
139970,27.8880259381006
139971,34.1894490955582
139972,33.752518166443
139973,34.8290520481582
139974,30.221253148438
139975,34.4336058028263
139976,49.8581325793432
139977,52.3905152474079
139978,49.6862882302543
139979,42.6949136783742
139980,49.0294468618897
139981,40.4576074290337
139982,46.276145610683
139983,45.1849829802997
139984,48.6191806668476
139985,30.7912105905548
139986,44.1472917489318
139987,36.3974976740172
139988,35.0284416976751
139989,30.8484528242501
139990,30.4533526908542
139991,26.0415307619938
139992,32.5777885974105
139993,31.5411141135753
139994,21.5802185197798
139995,26.1212187279266
139996,22.9781888516228
139997,24.1335703349413
139998,24.2990618939961
139999,28.2818852349901
140000,18.1356323752385
140001,22.1661173068313
140002,19.3840249985877
140003,20.3459022248459
140004,18.0953416215227
140005,27.4512055372525
140006,15.7888174615303
140007,21.2187918956955
140008,16.0355939572789
140009,19.7228890795881
140010,15.6391793520791
140011,26.0908365779155
140012,16.0658766041118
140013,20.179489217752
140014,16.5953418512317
140015,15.670611326578
140016,17.3968332171147
140017,27.6425892766723
140018,16.151451102187
140019,20.0119168984859
140020,17.9421008204231
140021,18.4967851471812
140022,15.795130783406
140023,26.8906349384251
140024,16.1400904416708
140025,20.1847028949158
140026,18.8526233727472
140027,18.6482052959527
140028,16.1273651281634
140029,29.2706780582271
140030,18.4046075986625
140031,20.4915953233826
140032,19.7720335788978
140033,19.2401276529976
140034,18.0971806380605
140035,27.6934431041122
140036,19.6815824509736
140037,21.2731757688777
140038,20.5440183272827
140039,20.6438644597698
140040,18.9737997987815
140041,35.3291823830936
140042,21.0526237476738
140043,22.4723382945593
140044,21.5471382959989
140045,21.6940600971628
140046,20.5947961950895
140047,41.1519738092396
140048,23.5501023460675
140049,23.8925710823547
140050,23.3280249798717
140051,22.8173608594022
140052,22.49756519824
140053,40.9534523960146
140054,25.7599092239249
140055,24.9465936561885
140056,24.2905507915288
140057,24.2002218721099
140058,25.2230929564998
140059,19.5107023242225
140060,20.4741868090715
140061,20.1043320697227
140062,19.9393366244996
140063,20.1218506481791
140064,20.4253178608452
140065,12.4607625927278
140066,15.3883606756541
140067,15.6759099477574
140068,15.7386943379166
140069,16.4147901096552
140070,15.2290374282325
140071,11.6564764537572
140072,15.6774583595795
140073,16.566220410829
140074,16.1777117997219
140075,17.6179842750087
140076,15.2940002161549
140077,8.73868222127926
140078,16.5880429531802
140079,18.2069770462423
140080,18.7919637144053
140081,19.324653877081
140082,16.354053474191
140083,8.80926668627278
140084,17.559677309828
140085,19.7243982676536
140086,20.7680984073902
140087,20.9509538571197
140088,17.4322795495014
140089,14.9786576429169
140090,19.5655989634159
140091,22.0533719477561
140092,22.4062673253166
140093,23.1179666891075
140094,19.9025931398417
140095,16.4033502044623
140096,20.2203265888738
140097,23.8649234080134
140098,23.6785165132628
140099,24.7641500506157
140100,20.7032300337889
140101,17.1990882468453
140102,20.6033772363333
140103,24.9867554588299
140104,24.7472934451521
140105,25.5755220670502
140106,21.154790386327
140107,16.8495423954238
140108,20.8896255483417
140109,25.9349216281501
140110,26.1565294938078
140111,27.0708122250112
140112,21.9701496662726
140113,20.3067105552627
140114,27.1591882852486
140115,31.3949346128894
140116,31.2346372451918
140117,32.1668020809736
140118,27.0781198280932
140119,39.5577475611155
140120,45.2446855021113
140121,57.2964363650535
140122,56.4344450720037
140123,55.6534729737057
140124,44.9247898485652
140125,43.4623539136253
140126,33.9956350170279
140127,46.4754150747447
140128,48.0102092846711
140129,47.9499265137369
140130,38.373352211575
140131,37.4525172582417
140132,22.8343218055755
140133,28.7245468539637
140134,28.0260137129576
140135,31.3857600751972
140136,29.6995290769677
140137,28.2701535661425
140138,16.7255020116298
140139,20.9834723625314
140140,14.5705129713425
140141,18.0614354024874
140142,17.1190673944432
140143,26.9671530155914
140144,14.03770362848
140145,19.9808611055892
140146,14.3561288906511
140147,15.7137576347118
140148,15.4119370409247
140149,25.710378631979
140150,12.4760394608934
140151,19.8099173477813
140152,15.2468733914577
140153,15.863814106844
140154,13.5542507533855
140155,26.5240879482336
140156,13.0908009138852
140157,19.414282839529
140158,14.7061050774993
140159,13.6123924409777
140160,11.8069707775073
140161,26.4749736516627
140162,11.83141436397
140163,18.4070867517644
140164,15.4436265281533
140165,13.2226210103542
140166,10.0369956000982
140167,26.6566215437615
140168,12.4135719783393
140169,18.4502034797346
140170,16.8357207354781
140171,16.0991523497847
140172,10.1485536287794
140173,27.5361243174753
140174,15.6245940528463
140175,18.3658921564309
140176,18.0535975694559
140177,17.413844671723
140178,13.7397042621536
140179,25.2636473041908
140180,16.8669276527737
140181,18.8113670614909
140182,18.7713284537121
140183,18.3873789181992
140184,15.2908493652489
140185,26.0250948155874
140186,18.7425289111442
140187,20.3467752341335
140188,19.9467377304909
140189,19.7666540246353
140190,17.2890367210892
140191,24.6278974892729
140192,20.4753835900215
140193,21.5899756795257
140194,21.0968083728159
140195,21.0333681930265
140196,18.664584070591
140197,25.2662518411763
140198,21.7179194939424
140199,22.9188271889934
140200,22.387446542557
140201,22.0499217495999
140202,20.3630502843031
140203,14.885048655523
140204,18.3862213230368
140205,19.4772294338853
140206,19.0185052140402
140207,18.7885491060634
140208,17.2650603551726
140209,6.41142555900949
140210,12.5507034905335
140211,14.0840275227014
140212,13.8996464862266
140213,14.0941985739943
140214,11.1910080857911
140215,3.04654320756046
140216,10.4601613245332
140217,14.5479092241394
140218,13.5834522163925
140219,14.0220551856564
140220,10.4221997878872
140221,0.396576176987516
140222,10.7468559084244
140223,14.8685386987674
140224,15.4487294361788
140225,15.1797725019296
140226,10.3595022671188
140227,0.711898280491177
140228,11.0073582472699
140229,15.7409136077086
140230,17.6166439178682
140231,16.713391177811
140232,9.83993602015302
140233,3.5180697267034
140234,13.2138004294596
140235,18.1712097808907
140236,19.5318472207694
140237,19.248476611773
140238,12.5119446086236
140239,5.84131748865156
140240,14.5903872107912
140241,19.470066436155
140242,21.010944917888
140243,22.2625801162235
140244,15.7180074986101
140245,7.76895809301006
140246,15.2984952634837
140247,19.3104130363363
140248,20.9318834296343
140249,21.8217418864614
140250,16.5071223533116
140251,8.67213260678741
140252,17.2527229571134
140253,22.5790796088098
140254,22.0938075935636
140255,22.6885067362719
140256,17.3887525823917
140257,16.2427720149277
140258,18.439264230137
140259,27.1177042163581
140260,26.2535698452566
140261,28.1028552622745
140262,17.9756668320197
140263,28.5495156106896
140264,26.5647157210646
140265,34.0029106451345
140266,35.6578021973404
140267,39.3083489578004
140268,25.4689466146998
140269,31.5410391487714
140270,24.328292338554
140271,27.6790037829373
140272,32.8799300682238
140273,35.2426969661632
140274,22.3712046692167
140275,24.1006123907781
140276,15.3373419190037
140277,21.342266876846
140278,21.5161494607789
140279,26.1740741458951
140280,18.6860788617228
140281,22.1876060535371
140282,14.7796898277644
140283,19.3154445172883
140284,13.6110332272231
140285,17.7829897638171
140286,12.1900681351304
140287,19.5796075757371
140288,12.1959476729333
140289,18.9719516914355
140290,13.3634575809064
140291,15.3044855509387
140292,8.70433965834637
140293,19.206279608456
140294,8.63491371031059
140295,19.7061134632629
140296,12.2068916523673
140297,14.3250839938159
140298,7.360370438792
140299,17.7170564281305
140300,9.17697872846206
140301,17.4960191560804
140302,10.8911348696352
140303,12.1989402946463
140304,5.17734991586219
140305,17.8083432442109
140306,11.6479642068138
140307,17.6308943125317
140308,13.7406282480657
140309,15.9103686440235
140310,5.98581224702415
140311,18.6164841669704
140312,12.3075558609701
140313,17.6362292403729
140314,15.2155160346099
140315,16.9593402900272
140316,7.31100326160108
140317,18.4754569137577
140318,12.4407922952319
140319,17.8767059461223
140320,16.2918203603257
140321,17.2960292780746
140322,10.3740026800616
140323,18.8829980052438
140324,14.2423868099723
140325,18.7888629847673
140326,17.968325705288
140327,18.0036134728579
140328,11.4727701912667
140329,23.1479228416526
140330,17.3966761706917
140331,20.5294976387304
140332,20.1102557005461
140333,19.4151481111854
140334,14.4111434346832
140335,27.1230347025342
140336,18.3667446098153
140337,21.7373469811368
140338,21.2847141214382
140339,20.708147146778
140340,17.4258972599482
140341,27.8784581475955
140342,21.7353755275349
140343,23.4542586128647
140344,22.7233625646027
140345,22.3853999768171
140346,20.2576545692499
140347,22.0544207568223
140348,18.9018387751529
140349,21.0297071382445
140350,20.260312203976
140351,20.0172130644675
140352,17.5634231277323
140353,14.7268126316593
140354,13.9595764507766
140355,16.5349404495426
140356,16.0997032995285
140357,16.2118860678263
140358,11.9260203976273
140359,16.7976994901679
140360,10.3152383446222
140361,16.9802810711817
140362,15.7419369533176
140363,16.455284896058
140364,8.18100325626743
140365,19.4630624366176
140366,11.2926163140781
140367,18.8037163896679
140368,17.6746817525168
140369,17.6054292043052
140370,9.70548211938344
140371,20.9244601455117
140372,17.6799537331791
140373,21.3897900193096
140374,21.7731295845012
140375,21.6330991253157
140376,16.8785293841124
140377,22.6952685179407
140378,20.0953409554997
140379,24.0440757988156
140380,24.4498362277379
140381,25.6881886413829
140382,19.8598542265041
140383,25.8385576412646
140384,21.6429010924093
140385,25.8155405272653
140386,25.7630583258955
140387,27.4432836723075
140388,21.9407501308186
140389,27.9181704693896
140390,22.4222843057768
140391,26.5827868436024
140392,27.4080481811016
140393,29.0621146460409
140394,22.9819230819538
140395,28.8071305202013
140396,25.0972925185298
140397,28.7400855502799
140398,29.9276777690853
140399,31.2259187301834
140400,23.873916159506
140401,43.0594284261071
140402,33.3204022602463
140403,35.1270239479643
140404,38.1622476093195
140405,38.7782095871841
140406,32.3354145263459
140407,80.5004517970303
140408,45.9275517330178
140409,42.8079350465899
140410,58.4147286456747
140411,56.5542487864159
140412,45.8479241286287
140413,58.1431710617905
140414,36.4910652617874
140415,39.5658820965231
140416,45.3061166867863
140417,45.180122373945
140418,39.7185409712521
140419,42.0628087188702
140420,26.7628617089399
140421,26.7960089693807
140422,32.5021650633169
140423,30.5475677361966
140424,25.0604893043181
140425,27.009527029427
140426,18.9737932187251
140427,21.9549323189575
140428,17.0225071824752
140429,22.2973116528882
140430,17.345737739872
140431,25.4025605129184
140432,15.3767269527423
140433,20.3047314880152
140434,10.6007698394882
140435,14.1097176019726
140436,14.5946780442018
140437,23.2430489920499
140438,13.0938079567477
140439,19.3676992982949
140440,10.2471797305581
140441,13.3081322122108
140442,12.2929142708046
140443,26.231446602841
140444,9.39722102675357
140445,20.3853622768688
140446,14.3795471088142
140447,14.5191708958819
140448,9.78243366270589
140449,22.9592368338052
140450,11.1472885461511
140451,20.2839803090442
140452,17.4484917593821
140453,14.6850595195472
140454,12.6685548869455
140455,22.128337093149
140456,12.607119238282
140457,20.4256528067962
140458,17.6149685409314
140459,15.2711141875052
140460,10.988806612341
140461,23.3458910786572
140462,10.1721563703782
140463,20.9578263373612
140464,17.9169796135126
140465,16.8678204689479
140466,9.78399593118801
140467,23.6477282631956
140468,9.46141985007062
140469,20.6869949898499
140470,17.738230582589
140471,17.2468630222507
140472,8.94722056374905
140473,29.7510649246095
140474,9.25244431070676
140475,20.1307072247364
140476,18.130986344927
140477,18.1724160375783
140478,9.75351630618665
140479,27.8291659098905
140480,13.8897205940256
140481,20.7080439159244
140482,18.0061607945557
140483,18.9337576588636
140484,11.9762560167819
140485,39.9590036182211
140486,18.0733934632787
140487,21.4856926679726
140488,20.0299391299393
140489,21.27302248833
140490,15.1329317445815
140491,30.4903719015614
140492,8.98606139196892
140493,21.3459722677954
140494,18.7811320097388
140495,20.5391569203835
140496,9.11435556940984
140497,21.2816403739463
140498,9.12149803413445
140499,18.6213780065786
140500,17.5941763831259
140501,18.905792575842
140502,8.82850492489201
140503,21.5951179801622
140504,19.4473710056297
140505,16.8525859549086
140506,16.093134943552
140507,18.2878114063286
140508,19.70283053539
140509,17.1835516611747
140510,14.3730380748328
140511,17.6872001410692
140512,17.3346122172411
140513,18.4522067185622
140514,15.5594578177167
140515,9.17376606196791
140516,17.7248304620078
140517,19.2931655698357
140518,20.0302075740909
140519,21.4062662483473
140520,17.4419470234696
140521,4.7121947604013
140522,17.4670040541956
140523,20.4025526057311
140524,20.7831505987074
140525,24.011576631297
140526,17.6377060587169
140527,4.8649670345327
140528,18.7399221888811
140529,21.0703537730093
140530,23.1123548045129
140531,24.4301824787486
140532,17.71879784842
140533,4.85320328851509
140534,18.2167000547849
140535,21.9957434965564
140536,23.658004658874
140537,24.7168109775416
140538,19.1888545193932
140539,9.31587964069257
140540,21.3757479794717
140541,25.0126451232616
140542,25.9276605547223
140543,27.8913877602397
140544,21.4432104579585
140545,19.7211287428069
140546,27.4420790232288
140547,29.2651173267093
140548,29.4638694234819
140549,30.9778578477582
140550,26.9483628704757
140551,49.6322732852736
140552,34.2189608613421
140553,46.9812009694319
140554,44.2722954550214
140555,45.9578707245188
140556,42.7061841571352
140557,73.5484830923604
140558,40.6156396626138
140559,43.4562233360705
140560,41.8309133470334
140561,43.7404423070648
140562,30.3579740091007
140563,57.5676272496579
140564,26.3146393766225
140565,31.9648983608511
140566,33.0776739132651
140567,33.6575226006681
140568,27.509230258478
140569,47.8285293164504
140570,20.6232720116167
140571,23.8668326467548
140572,25.9053657292279
140573,26.2027819106781
140574,21.0596896355938
140575,39.0643479118087
140576,20.5471149907834
140577,20.0885618292964
140578,17.2157725478681
140579,22.946068913712
140580,19.2004127487124
140581,29.9381310760574
140582,9.94246265864027
140583,19.4105428103262
140584,20.0860277470913
140585,17.119720011434
140586,20.3424566308695
140587,25.1963216930327
140588,6.83603456786488
140589,18.5526335754846
140590,17.5397095194477
140591,16.9716586896884
140592,6.80278108348518
140593,19.220998536423
140594,7.11128823554752
140595,17.9586409025942
140596,19.1554501338804
140597,18.4946470033778
140598,4.87544759383845
140599,19.5099986213975
140600,5.03754483918145
140601,18.5952691207624
140602,19.1348061662447
140603,18.8242425870662
140604,4.68646543475942
140605,18.6255087625499
140606,11.3232630732871
140607,18.5451277169901
140608,19.2545011379254
140609,19.3983010214995
140610,8.54712725516078
140611,16.4426686922614
140612,13.8746469745906
140613,18.9722785037389
140614,19.392910903298
140615,19.6842970455997
140616,11.899954049448
140617,16.7810791033592
140618,15.3970357746374
140619,19.5556681114784
140620,20.2924236826287
140621,20.5765933675991
140622,14.175925974237
140623,18.5612026595474
140624,18.8706767519741
140625,17.0790330117054
140626,20.9166996228784
140627,20.910265665553
140628,18.191049485389
140629,24.0028973587246
140630,22.6020390505746
140631,15.699645765983
140632,23.1699459739279
140633,23.0685638236579
140634,21.7939025408298
140635,15.5675243178571
140636,19.387053794955
140637,11.7461901477747
140638,19.4573141888582
140639,19.6593924053699
140640,19.2386422549288
140641,2.77191362345901
140642,12.2761869606977
140643,6.30082269929658
140644,15.0811161888098
140645,14.9903121675094
140646,12.2686245597075
140647,1.9724492659227
140648,12.311583765515
140649,2.18271514300532
140650,14.2653597434685
140651,9.28292493244734
140652,12.1821730920166
140653,10.771863342184
140654,12.9789724411404
140655,0.855632122251688
140656,9.18801505637049
140657,6.2752909615416
140658,12.7188959235078
140659,12.6076550298068
140660,13.653848589441
140661,1.86961154758328
140662,8.11740511011737
140663,10.5631456058024
140664,13.6220755707406
140665,12.7613428970614
140666,13.3220283918985
140667,3.11229498598551
140668,10.39780779765
140669,15.6344741536116
140670,13.2469024911546
140671,12.3654339855216
140672,12.8692463676961
140673,6.99679569109585
140674,17.6355126106323
140675,19.3027929061947
140676,13.0675654556751
140677,13.3423012597949
140678,12.050264641566
140679,9.9990669259428
140680,18.9480697573015
140681,21.8074532605693
140682,12.1615999047343
140683,12.9390980806631
140684,10.631548845254
140685,11.139473930921
140686,19.9941651420013
140687,21.9677537665065
140688,11.0227805170287
140689,21.0976703769599
140690,17.9797211198861
140691,18.0240863778918
140692,22.730557387576
140693,23.937570877642
140694,17.7855617967406
140695,59.3475635842516
140696,29.3630492925954
140697,35.2166166436634
140698,37.2062990160761
140699,36.1611425339779
140700,29.6811077883187
140701,59.3802790345942
140702,31.1483034971853
140703,31.1336640882933
140704,25.2265750653272
140705,30.9636284317595
140706,30.9985453526541
140707,35.9005843382617
140708,22.2434913985608
140709,20.5144541751862
140710,12.8359612324169
140711,18.3992490034452
140712,21.5531956946197
140713,25.962570161673
140714,14.3251590061293
140715,16.4314442341857
140716,10.3082864649118
140717,13.0893089009246
140718,12.6696551569953
140719,20.0974615604979
140720,7.12277167615075
140721,15.2409905508822
140722,11.729835449183
140723,13.2294799495434
140724,9.29947327392867
140725,14.8878039815079
140726,4.10589078819972
140727,13.8351086117024
140728,13.163304952396
140729,12.934833045458
140730,0.857553170528533
140731,14.1226271806731
140732,-0.614615027192066
140733,18.0815252397954
140734,12.6673215621401
140735,14.0301798866662
140736,-1.90904968455626
140737,12.6932800899478
140738,-5.12980587127217
140739,17.1796036279392
140740,16.0595646373338
140741,16.472391718046
140742,-5.40874437976109
140743,11.4714595292995
140744,-6.91665567433339
140745,17.3270422515572
140746,16.9311689449964
140747,18.2836633650573
140748,-5.52306421018607
140749,12.8016001124049
140750,-6.84271758752542
140751,17.2365229806764
140752,16.9514414920234
140753,18.4655716943921
140754,-6.78883489630865
140755,12.5158435522262
140756,-7.27667890213704
140757,17.179988311885
140758,17.0969099859448
140759,18.5253439822087
140760,-7.43515556133637
140761,13.3050583800221
140762,-5.76238929955126
140763,18.2051842866305
140764,17.6903914404042
140765,18.1212148488365
140766,-6.02013010742228
140767,16.4378879640595
140768,0.428594934718181
140769,17.853239807268
140770,18.2162507554377
140771,19.9454516664153
140772,-0.0793705825605997
140773,16.5495470530888
140774,1.01970169818147
140775,19.77007592733
140776,19.5698219130283
140777,20.8764000932516
140778,0.902841702961631
140779,5.6652134673914
140780,-6.10300633556724
140781,16.2015182962202
140782,17.2185436076395
140783,16.2788188488184
140784,-6.28580856791189
140785,-6.72990785700085
140786,-13.040447859459
140787,13.584017730143
140788,14.7674124214977
140789,13.2936377497532
140790,-13.3585881856769
140791,-4.88894476848933
140792,-14.6913570175694
140793,12.7851482420564
140794,13.4771569470427
140795,13.7611919252948
140796,-14.6457940535877
140797,-4.44903540824362
140798,-14.4774207108653
140799,13.3499692934374
140800,14.2586037076017
140801,12.818995540648
140802,-14.5038577333056
140803,0.874271613529309
140804,-13.3407829458014
140805,9.97106918300043
140806,16.5824074279131
140807,15.7362470194063
140808,-13.8560418444541
140809,3.46474573734184
140810,-8.34989041293546
140811,14.7767562243375
140812,16.6113159751245
140813,19.1350595552963
140814,-11.7735186997635
140815,8.32412342202506
140816,-4.9175708874807
140817,15.9064219795989
140818,18.8362327287246
140819,21.3315509940414
140820,-8.51483777995802
140821,10.1175777539321
140822,5.81484298966739
140823,16.3439881513788
140824,19.7797604425328
140825,21.7222827629428
140826,-0.792029436227505
140827,11.9963383242719
140828,11.4589380387112
140829,17.0102052483628
140830,20.4926408924959
140831,22.6862341302308
140832,7.71958950601955
140833,17.3253430473159
140834,22.8007673791665
140835,22.5590433097754
140836,26.6704485042734
140837,26.9130849056064
140838,13.8237040014898
140839,51.9629518859662
140840,22.313198183208
140841,28.2799769256009
140842,41.6088924195039
140843,39.9212357754361
140844,40.3582542845056
140845,74.8546845999058
140846,20.6295313675411
140847,27.6828492439384
140848,38.9535856182626
140849,36.1992098907079
140850,21.1179155283937
140851,54.0308111214219
140852,15.8607161090064
140853,23.8158312863345
140854,27.499438400176
140855,25.7914791140837
140856,16.0695469412796
140857,52.545090617502
140858,11.4089648814577
140859,19.5454819165688
140860,18.7060820042823
140861,19.0978203368089
140862,10.8271724181893
140863,29.8450855115099
140864,9.08601786621528
140865,17.1281067524338
140866,14.9077362826456
140867,17.2118034371849
140868,8.92408246321451
140869,22.8973817306588
140870,8.57304100038191
140871,15.7989197058512
140872,12.2077336893566
140873,14.465845162738
140874,7.26176500427379
140875,27.4922832854607
140876,7.63419901425547
140877,15.2589445338016
140878,10.7433067185179
140879,8.13686310373182
140880,5.85637528307831
140881,26.0367314616684
140882,5.1234885071579
140883,15.2341823358727
140884,13.0576110029805
140885,9.44681407148969
140886,3.43209580735509
140887,36.5519605056975
140888,10.313935671206
140889,16.3892124090958
140890,11.7043839074344
140891,6.28460202234919
140892,6.27382103573929
140893,17.2682282502618
140894,12.6951769238643
140895,17.1114441856613
140896,12.5848573064749
140897,14.966116821703
140898,8.87925758134464
140899,15.5125227595644
140900,14.8608218543329
140901,17.4565948341428
140902,15.2068926857369
140903,14.9586296862636
140904,10.4947574158837
140905,16.2230275307
140906,16.8975114744496
140907,19.2290823456964
140908,15.781948772772
140909,13.2102698529914
140910,15.6641731339066
140911,16.6454981674158
140912,17.7262432226195
140913,19.9969797887467
140914,16.0143965487793
140915,14.4166086306327
140916,17.8113151824682
140917,18.141185867057
140918,21.4478254203348
140919,22.0154711457606
140920,18.2799877546305
140921,20.5358684166745
140922,20.3221033096778
140923,11.8983855520524
140924,17.8319472549699
140925,19.48494522539
140926,18.0151107435501
140927,18.5458431929385
140928,17.4867287006548
140929,5.31943114227033
140930,11.6545707143221
140931,14.379751587724
140932,12.3294883985844
140933,13.50586998176
140934,11.8392539132182
140935,3.24312087508731
140936,12.0798505711232
140937,14.7705968730507
140938,12.6132716838766
140939,14.5952996042921
140940,11.7404365261009
140941,3.41730475075133
140942,12.6442297590481
140943,17.2632067916209
140944,15.6807223311017
140945,17.1559729666093
140946,12.061594643423
140947,5.36914613019446
140948,13.3728053159061
140949,20.3348671932672
140950,18.883532248195
140951,21.0855828983572
140952,13.3000690160662
140953,8.78787521595824
140954,16.7915997994811
140955,22.8423048952182
140956,20.8348992110939
140957,24.3332004545868
140958,15.6127744044754
140959,13.5454672032774
140960,19.7445355914855
140961,23.5072758386311
140962,24.3857686017125
140963,25.604024203426
140964,18.8494861597475
140965,18.4731894812305
140966,20.7769423768863
140967,24.4697763731023
140968,24.7387989345871
140969,26.5156311770942
140970,20.4849384923562
140971,24.2743644965453
140972,25.9906692975442
140973,28.9024149781656
140974,28.7681144237049
140975,30.3869713986638
140976,25.8539560295418
140977,40.5554433723992
140978,41.0245196435639
140979,31.6458417397236
140980,38.6170771275582
140981,40.0549939043237
140982,40.6983706074972
140983,101.571774041689
140984,80.4197647207245
140985,49.8954193429959
140986,74.1566730106477
140987,67.6289951696951
140988,78.8511748641005
140989,88.3851977052235
140990,61.0143565824567
140991,36.998611445219
140992,56.4530908522834
140993,50.5387887681145
140994,59.8827771145224
140995,55.8863116414578
140996,44.8553126506036
140997,28.3076448731151
140998,21.0348607083233
140999,36.2131690355262
141000,45.3057437353104
141001,44.6175929935952
141002,32.859535137821
141003,22.5571251057644
141004,19.6338045087291
141005,23.0287334787807
141006,32.8027373673177
141007,36.7141900464641
141008,27.9161339094837
141009,20.6236094815513
141010,19.0289606965258
141011,21.4170457488672
141012,28.00586625656
141013,39.3764352736868
141014,22.3281449964329
141015,16.6177126980053
141016,19.5504473514165
141017,19.0691696197235
141018,22.3029745963038
141019,30.7288917423844
141020,22.048806907974
141021,17.7569628169595
141022,18.4078652546098
141023,17.8219232196632
141024,22.0965001534919
141025,27.8152839675992
141026,19.5401695660489
141027,16.1541455373632
141028,18.092914638338
141029,18.6733243897126
141030,20.2005519940638
141031,26.9407077253724
141032,19.1142476086412
141033,16.5084493799102
141034,18.8928626874818
141035,18.2744102899004
141036,18.8865079599066
141037,27.5025161102404
141038,18.5325242315347
141039,15.8465868112947
141040,21.091117991588
141041,19.66518081798
141042,18.3419097997583
141043,24.9914942143696
141044,17.655320093498
141045,15.4469949828039
141046,20.7494282311577
141047,20.4149297232796
141048,17.588203164403
141049,25.4489214706242
141050,18.1178693777364
141051,17.0068894389609
141052,20.7607417637113
141053,20.7212104268556
141054,18.0275525075697
141055,27.1363439999943
141056,19.3270135405779
141057,17.546535343003
141058,21.3083194877505
141059,21.8192650718001
141060,18.02530925928
141061,27.4522907684244
141062,21.2789443675099
141063,18.5263432177227
141064,21.5574322948701
141065,22.3838870438035
141066,20.9508778325737
141067,16.5489775452544
141068,17.5230473348062
141069,18.2438339986864
141070,18.4688828579258
141071,19.6836703661787
141072,17.3087453289295
141073,7.37055047246307
141074,10.4868897023433
141075,11.3130907747777
141076,14.7329655417504
141077,16.0722771709099
141078,9.98463203997609
141079,8.38307756913308
141080,8.62048657401196
141081,11.4356992294462
141082,16.4539771426642
141083,16.3886644924481
141084,7.44618888294755
141085,3.50351676862251
141086,5.66476336248313
141087,11.622043110351
141088,18.6275280372384
141089,18.3696834494707
141090,5.39195875520317
141091,5.49950270787384
141092,7.70152851404922
141093,12.4835208418419
141094,19.4546609326531
141095,21.037875827967
141096,7.59361283589565
141097,6.39503542462849
141098,9.52148384525586
141099,13.9558904521478
141100,19.5442957389097
141101,20.5237359728626
141102,8.91536840404842
141103,12.4227407569172
141104,12.5141450978352
141105,15.6338401867115
141106,20.2472972347114
141107,21.6833834334309
141108,12.9692030599191
141109,15.8000862037111
141110,15.4398027377289
141111,18.0801854143441
141112,21.0767448036097
141113,23.0494664681779
141114,15.3643355680063
141115,18.9815550380744
141116,19.0515838292112
141117,20.6284603144972
141118,24.0542176817737
141119,24.1919244759942
141120,18.7821170033322
141121,31.8432863802426
141122,27.2903568016551
141123,28.0627206366409
141124,29.8154041135861
141125,30.2327275956364
141126,27.4063546421385
141127,67.1749605919303
141128,45.6348850187353
141129,40.50475311515
141130,44.2139346489018
141131,44.9482485309954
141132,44.6481317393817
141133,58.0075400824187
141134,35.2649026281506
141135,32.4268835463079
141136,36.717545880194
141137,36.9335437352166
141138,35.3908398359771
141139,31.3729946171099
141140,21.9796503675257
141141,27.188504510063
141142,21.1404478497789
141143,19.3922380720974
141144,23.6019836663288
141145,25.2414172670372
141146,15.2138789464977
141147,21.7309259459036
141148,15.6396499707882
141149,17.3168626310915
141150,12.7038034755167
141151,21.7037795803073
141152,10.8970899387554
141153,18.7258783170167
141154,14.4207623762913
141155,14.5580428018608
141156,10.3784338312202
141157,21.3031610408856
141158,13.5496533142595
141159,19.7164215653415
141160,12.7914756315922
141161,16.2519249170025
141162,10.3352498305524
141163,22.4945476558012
141164,14.1889789054403
141165,19.4861369520345
141166,15.3201404625293
141167,15.8039150954944
141168,13.3266934685377
141169,23.6098372290924
141170,12.7760277241757
141171,19.0996171575367
141172,16.0856360736474
141173,16.3614212779565
141174,10.571053367437
141175,21.9477243154431
141176,14.2200338897909
141177,19.1681392295181
141178,16.1642555371035
141179,17.1600764920073
141180,10.3600909537469
141181,20.6611661633253
141182,17.3744331090042
141183,19.7073672996257
141184,18.0791752134206
141185,16.9096841733654
141186,12.742530553982
141187,22.6667651922266
141188,20.6859942156341
141189,20.5584894407729
141190,20.2925282114737
141191,18.74148257363
141192,18.4447370268487
141193,23.6310767323944
141194,21.0451556762564
141195,20.8586261050417
141196,19.2528429039471
141197,19.5784826098631
141198,19.6964452720265
141199,26.5160215041536
141200,22.4842597895511
141201,22.0881540249288
141202,20.3131022416672
141203,20.4677978997267
141204,20.2601325371381
141205,26.1108471947868
141206,23.754658535121
141207,24.2522115078907
141208,21.8130542274665
141209,22.7341826500851
141210,22.6921520501542
141211,23.7959844755722
141212,22.2658357307481
141213,23.1823509278986
141214,20.0571724981503
141215,21.0731674948781
141216,20.8281113852319
141217,17.6476125560375
141218,18.5055231661475
141219,20.0163497643719
141220,18.5489874627795
141221,18.6447953565007
141222,17.7586826669339
141223,14.659967355702
141224,18.417461675967
141225,19.282630033104
141226,18.2136856432908
141227,17.9849073975829
141228,18.2183705257093
141229,10.7569560055617
141230,15.8188086857077
141231,18.2151574725785
141232,18.2057393014261
141233,17.6379055885326
141234,15.3377989004569
141235,10.2966279064884
141236,18.1221289093573
141237,20.4318932642168
141238,20.8149393180404
141239,21.4237934815748
141240,16.6711072756311
141241,8.07408302697321
141242,19.4852607639776
141243,21.5458269610587
141244,20.911873185288
141245,22.2202385798582
141246,17.9585502485788
141247,8.36851957916966
141248,19.0979664563813
141249,21.9662663767162
141250,21.3721252487892
141251,22.2215090108872
141252,18.460172136361
141253,8.24200955673535
141254,20.3618998249273
141255,23.8350074728837
141256,22.0112263379631
141257,23.1879601614082
141258,20.1186722245875
141259,10.2546787163535
141260,22.0863853600718
141261,26.1280158163754
141262,26.1320394677313
141263,26.5348976198652
141264,24.2067030136688
141265,18.4427482748303
141266,31.1660463844061
141267,29.1951684682251
141268,30.4335211903844
141269,30.4900539666001
141270,31.2861225699751
141271,26.6657292932512
141272,42.8435326487913
141273,38.5680740900162
141274,38.8686752237446
141275,40.0600986895226
141276,44.1814016838366
141277,26.2043417218491
141278,38.3575664562827
141279,28.6455184656975
141280,19.4524412975761
141281,29.4446364131995
141282,36.3440705539236
141283,22.9915819826316
141284,28.9965000664552
141285,24.4417537857908
141286,13.6112403447661
141287,20.4465424034817
141288,25.5176298293735
141289,21.8915252325183
141290,20.2499457354436
141291,22.5389420068704
141292,16.0542624530507
141293,16.0474322920414
141294,19.7608134518512
141295,21.4879438339603
141296,20.8750775107864
141297,20.4707337762515
141298,11.6291223921756
141299,14.0349159198425
141300,15.9380004645207
141301,20.2308622731271
141302,19.5169910253714
141303,19.7861409766559
141304,12.7083964830505
141305,15.1784205539425
141306,15.6451320953505
141307,20.3928959361858
141308,8.45002242820279
141309,18.6125008273576
141310,14.8756275449594
141311,13.7300024746386
141312,8.33743394366945
141313,23.1461951162517
141314,11.8270400993079
141315,19.6344505537572
141316,13.6864153536145
141317,13.9402391431208
141318,11.5278962013499
141319,26.9172470095438
141320,12.4658217096798
141321,19.1089264489028
141322,16.7921914563695
141323,16.2102372193908
141324,9.72443269230108
141325,31.4485616398215
141326,20.1354828099983
141327,18.5732018607818
141328,16.4992642165167
141329,16.7900441451783
141330,12.7420304256065
141331,24.4838034713668
141332,9.60257919988813
141333,19.6595441062788
141334,16.4946948808954
141335,17.8043235877727
141336,19.2410040604402
141337,20.9602858794799
141338,8.28426840236552
141339,18.4739334604336
141340,17.1324273027826
141341,17.002640834649
141342,8.6409103470022
141343,21.9738599973465
141344,9.40670173857933
141345,19.7762766338803
141346,19.6593017329759
141347,18.7955925178545
141348,10.0563474126455
141349,23.7286076619722
141350,22.4787496933689
141351,21.261915074585
141352,19.3638298197674
141353,19.9771689155629
141354,15.6835159050772
141355,20.8410281032428
141356,22.2839866486002
141357,19.5219206300844
141358,16.5654737270101
141359,18.2676824754162
141360,11.0695056114135
141361,17.0496805188362
141362,20.1384524768958
141363,19.4399744598542
141364,15.9478628487525
141365,16.7034633447081
141366,20.5720264021494
141367,15.8828981094416
141368,18.1964225710504
141369,17.5077199620713
141370,12.9746682502417
141371,14.6200370912723
141372,18.0883539755236
141373,11.1431783562075
141374,17.6948698998548
141375,16.6059791952381
141376,11.5742882116773
141377,13.3087857202836
141378,17.6939003569479
141379,9.30275858335618
141380,15.7709126607928
141381,16.6728667969591
141382,12.4590119757827
141383,14.8231586438965
141384,13.8570885326298
141385,10.399005046429
141386,15.1797416995985
141387,17.4977864059942
141388,13.9745403811176
141389,15.8404935952044
141390,15.2255054253091
141391,10.9092054949621
141392,17.5119819460642
141393,19.6961906125521
141394,15.3854895936253
141395,18.8822004281839
141396,17.5757009485343
141397,8.85320534615411
141398,20.3058527054401
141399,19.7300610728923
141400,18.426204315478
141401,19.9412115752932
141402,21.5144329325339
141403,14.8759858651745
141404,24.4127928113745
141405,18.18135923534
141406,21.3614661181162
141407,22.5750542753206
141408,25.2898606475113
141409,39.8610230042422
141410,27.0130929503832
141411,20.8383672968811
141412,23.4099317258474
141413,23.1859974820215
141414,25.2841586173209
141415,30.9159557085798
141416,22.9023271093338
141417,23.6420385929161
141418,25.1439106195254
141419,24.6534916242867
141420,32.4118565597384
141421,36.9340829869441
141422,23.8413305333355
141423,23.2393916131825
141424,21.3337677427871
141425,24.0176334980842
141426,18.1331842815285
141427,26.016853241434
141428,15.2991861852362
141429,19.596517040713
141430,16.5027133451379
141431,19.2869710582394
141432,16.3156707146697
141433,56.9723628228943
141434,14.6322919723022
141435,19.7900189867705
141436,7.94349559790826
141437,17.4518148757188
141438,14.7427643731628
141439,43.8774365986233
141440,24.6773509201635
141441,20.4547723997523
141442,6.58368531750229
141443,10.5710009539649
141444,20.8567950924191
141445,42.9139573454728
141446,21.3419350397397
141447,19.5538787806948
141448,4.60835418918553
141449,10.372817077731
141450,24.0901627186077
141451,42.9018081229873
141452,17.9898454324862
141453,19.4960089657697
141454,10.3620877029751
141455,11.1259625329133
141456,22.2067557414849
141457,37.121153194578
141458,21.7791361473801
141459,20.9789584628873
141460,9.48569850829555
141461,10.6397532913377
141462,24.0740707257167
141463,30.3864107824314
141464,19.4795893430581
141465,21.6370794207136
141466,10.536389877233
141467,8.92294533328238
141468,21.233666369129
141469,27.8743376683433
141470,22.3850624628039
141471,22.5531842009627
141472,6.64514083284769
141473,11.4895261168195
141474,23.8262428972218
141475,33.1814039569893
141476,23.7612824007485
141477,16.8360146156328
141478,10.6766721608565
141479,12.6595214646085
141480,23.9025288398615
141481,54.2378721950416
141482,23.4862422367922
141483,18.5446937510135
141484,11.9361191969535
141485,11.8564818671026
141486,23.6286481032583
141487,57.021687329159
141488,22.6609202101844
141489,20.7629504236645
141490,11.4178183810149
141491,10.4678572174329
141492,23.9882644058608
141493,50.8677570609934
141494,24.1265168882129
141495,23.4913657471575
141496,10.7421721197549
141497,23.991245898833
141498,24.7388691860114
141499,39.6214602385394
141500,19.6177892702419
141501,25.6361524505894
141502,23.1959873580082
141503,19.3817020243039
141504,21.0659850732997
141505,24.7710949395286
141506,21.5405817778855
141507,17.7710316537304
141508,16.4707607100215
141509,14.1710285268976
141510,19.1249251237887
141511,20.7441676940355
141512,19.436222344271
141513,17.81194273758
141514,4.82875083712482
141515,13.1429263505528
141516,19.8998701873556
141517,19.0185100981345
141518,13.1747786780323
141519,15.2330896003733
141520,4.04270667255482
141521,14.743577634891
141522,17.2370266120399
141523,18.8242471769871
141524,12.4584818529586
141525,13.2930198999187
141526,9.16890450222294
141527,16.8923781739736
141528,17.3134365501753
141529,16.9588750829649
141530,17.5459542430951
141531,14.6769871539665
141532,13.8986376652473
141533,21.2081557896735
141534,17.3357959209762
141535,21.1678348276444
141536,21.3485599442298
141537,14.9832347220368
141538,20.0543588045762
141539,25.8573856653348
141540,21.9563009678876
141541,23.7824267520181
141542,22.4237810223475
141543,19.8075633827415
141544,23.8699183003128
141545,27.0196054958287
141546,22.3427768515221
141547,27.3491085614399
141548,26.140394288589
141549,23.5888347101969
141550,28.6203667355783
141551,30.9511729558966
141552,26.1598124530504
141553,34.8568302585025
141554,32.2051270917984
141555,26.4594722522964
141556,32.8102685945254
141557,33.7625763231757
141558,32.3885124186364
141559,59.6760811374254
141560,46.002664140945
141561,38.3472701518543
141562,45.1103343780696
141563,45.7746013501418
141564,47.1968986345286
141565,80.4583433302677
141566,40.3140399237108
141567,36.9223121587244
141568,41.0077335107381
141569,42.5609189786772
141570,45.1734325660422
141571,73.2580984915366
141572,36.1764624744708
141573,31.4128821677502
141574,34.6596567684034
141575,35.4045327247086
141576,38.6790564247099
141577,72.3456895546322
141578,32.0082885914904
141579,30.5817190549591
141580,20.218199384572
141581,30.4704923150268
141582,32.380259138228
141583,73.3871723342767
141584,32.8284335192795
141585,27.3311298741015
141586,19.1378814849153
141587,29.5248139342471
141588,33.4561604607075
141589,67.41025820236
141590,30.7902719150845
141591,27.2338634447108
141592,21.1165648200147
141593,21.6614547886714
141594,30.6913234798852
141595,66.5905076391828
141596,30.5555634523922
141597,26.9135864872164
141598,21.8358923694017
141599,24.888573407857
141600,30.3330911909418
141601,67.1639811508331
141602,30.2963144212689
141603,26.41462575523
141604,24.6992576895633
141605,23.5712893725969
141606,30.387806272556
141607,64.4845556699297
141608,28.8548134252905
141609,23.3048680617775
141610,25.5602363995829
141611,23.8996118227054
141612,28.9952184050515
141613,45.7797043083742
141614,27.330163589199
141615,25.1124991394207
141616,24.9259752865954
141617,22.9211341480696
141618,27.2308692076149
141619,48.5929909372887
141620,27.691504446135
141621,23.7143519058737
141622,24.2884181372886
141623,21.9383936619254
141624,26.939359175163
141625,59.7341716763048
141626,26.0358096891252
141627,23.1873977793026
141628,23.524028424479
141629,21.9059589586613
141630,25.7294591170167
141631,63.180902363821
141632,25.5418568048048
141633,24.324013478481
141634,23.6517670767283
141635,23.4950550132566
141636,25.950010420872
141637,60.0086125727248
141638,24.619951629863
141639,25.2378202711617
141640,23.2953725121366
141641,23.7285128779019
141642,25.3230822632961
141643,44.4840676302883
141644,21.4456359162743
141645,22.5035025716703
141646,19.2367795832347
141647,22.2088980799875
141648,22.7812095071339
141649,21.0812288394241
141650,17.639061197473
141651,17.9269353748793
141652,17.9985316865498
141653,18.8211669125307
141654,17.5268648136466
141655,19.1431883326115
141656,15.7101207220569
141657,17.8362216726262
141658,17.7948719131523
141659,19.887413187693
141660,14.938446802647
141661,18.7519237709578
141662,16.131342697388
141663,18.2459920152137
141664,17.9126255649975
141665,20.0017066958224
141666,16.1545876409643
141667,18.662392316708
141668,16.8590898172193
141669,18.091261020524
141670,20.0682059405036
141671,20.3826462504602
141672,16.9317181047423
141673,18.4204854317356
141674,17.8669543518293
141675,17.9743966912679
141676,21.7848493679267
141677,21.7034292996959
141678,18.4255229906164
141679,19.0549211011453
141680,18.7020519915072
141681,18.6295867466184
141682,21.5685988233113
141683,23.4714327229798
141684,19.116935590026
141685,19.1551183705607
141686,19.0848627911514
141687,18.7472642467059
141688,22.0173128563208
141689,23.3978284607009
141690,19.1049025678253
141691,22.7232682194926
141692,23.5297076698614
141693,22.7914118828567
141694,25.9615170470319
141695,27.4193575325217
141696,23.2501657168484
141697,38.2077386373532
141698,31.8911083968837
141699,32.831075732444
141700,35.4155664652738
141701,36.8630445382394
141702,32.8102265271012
141703,91.7814190716427
141704,50.7949000330189
141705,54.5965880608606
141706,62.1513352115896
141707,62.8716664948872
141708,52.7997312895081
141709,83.6121243549003
141710,42.5099894373168
141711,42.3042268088242
141712,44.3906372613409
141713,46.1834013756931
141714,39.6834335380047
141715,74.5958040680363
141716,30.4142489734312
141717,32.5597120385244
141718,30.7105204641932
141719,34.3425919682371
141720,27.9797944296222
141721,62.5993092621742
141722,24.5245700471105
141723,25.577193961225
141724,18.0936938646925
141725,25.7309899822512
141726,22.2889099721315
141727,45.3401040637699
141728,22.518056265585
141729,22.6539770593524
141730,17.7821966495093
141731,15.9611464878155
141732,21.3334083187274
141733,29.2068360100022
141734,21.6815968739394
141735,21.0590832280705
141736,17.8656704378843
141737,16.2202306275688
141738,21.1795152823136
141739,26.1809717238586
141740,20.3075946518246
141741,21.2805713440192
141742,16.8555551014397
141743,17.422016844238
141744,19.3405177771024
141745,25.2375640290296
141746,19.777292661653
141747,21.1169328578564
141748,16.3307106975508
141749,16.8436392929281
141750,19.5673080154858
141751,24.4880410921538
141752,20.0931110866119
141753,20.0008383439478
141754,17.7112459903319
141755,18.0211914139158
141756,20.1006825522108
141757,24.0201646384743
141758,20.4242442443522
141759,19.9584799434476
141760,17.7180333612984
141761,18.0426754093684
141762,20.7386337272693
141763,25.4215328483455
141764,20.436973728783
141765,20.2127508685485
141766,18.5757265264949
141767,19.5174655432657
141768,21.2827133124513
141769,26.901495857088
141770,23.481686863072
141771,21.876325197704
141772,19.7751166804176
141773,20.4540655667524
141774,23.5482780289995
141775,33.6384812847803
141776,25.1553286775666
141777,23.4950739670384
141778,20.4108092438537
141779,21.7030165924168
141780,23.7495928676399
141781,43.1872175233587
141782,27.5614507641586
141783,24.7552951931825
141784,23.2533715197699
141785,24.3071451446042
141786,26.3098528735527
141787,33.484351975389
141788,25.4231436215583
141789,23.8944008374306
141790,21.3462212786627
141791,24.0009277801574
141792,24.534118795803
141793,18.7895612005225
141794,19.5709051604873
141795,19.4463087135876
141796,16.1426230568787
141797,17.8481082847068
141798,19.0728043212928
141799,14.1544267292876
141800,16.0870444201902
141801,15.190916839748
141802,14.8663364657451
141803,15.0802068616227
141804,16.301370602971
141805,14.0698458790826
141806,16.1414584331313
141807,13.4922266929017
141808,18.8842884246397
141809,18.9340926141777
141810,16.5043425964512
141811,15.1693596194338
141812,18.1526113298026
141813,16.7328607919248
141814,20.914593513879
141815,22.8518561021566
141816,18.4104969555138
141817,14.2317773340171
141818,18.2294553866224
141819,19.120211548084
141820,21.3736325470718
141821,23.4498673451511
141822,18.279288745819
141823,14.8955139909016
141824,18.118969897523
141825,20.5437708287154
141826,22.6322704308595
141827,23.6925946675484
141828,18.3108894822559
141829,18.0009348848666
141830,18.7011733389264
141831,21.6706006504009
141832,23.23531843023
141833,24.8539163192882
141834,18.9995780640389
141835,20.0730317129643
141836,21.011280366008
141837,23.0642135357133
141838,24.4141141121826
141839,26.3795626844593
141840,20.7150892339627
141841,34.5372546892014
141842,27.991684335495
141843,30.1141498607377
141844,31.0645697509449
141845,32.6614902678766
141846,28.1243793130192
141847,102.344214226032
141848,45.8903036027911
141849,48.6931530451795
141850,48.4006349706908
141851,47.9632061219904
141852,45.9898598010219
141853,86.6402864803571
141854,36.0196970568809
141855,39.1109927175183
141856,36.8438656700904
141857,39.1523032916296
141858,39.7704619274255
141859,69.6810484884769
141860,27.9337638884245
141861,23.5913535232297
141862,27.7289171372242
141863,30.3227671758576
141864,28.5792976894951
141865,57.1045988855546
141866,19.6004125799569
141867,20.3256090855961
141868,19.3441056669379
141869,23.6823530669269
141870,18.0575650569876
141871,38.6096667175213
141872,18.8666550323823
141873,19.3997958042903
141874,13.2826425848994
141875,15.4674275542594
141876,18.9096101559853
141877,27.7361800194099
141878,19.6065674995431
141879,18.0704921224827
141880,12.1602645948623
141881,14.4240303528605
141882,16.6872956196926
141883,24.6990978712243
141884,16.3249893473252
141885,17.0619261963925
141886,15.1687590336438
141887,13.048169546631
141888,15.4187913886232
141889,25.0177798153805
141890,21.7116651321026
141891,17.7932713958243
141892,12.2740026398329
141893,13.7959189206333
141894,20.976166362931
141895,26.3574621633204
141896,21.8034315870556
141897,16.7304803382656
141898,12.8628316773513
141899,10.9342484369764
141900,22.3434614084885
141901,26.7436623178451
141902,22.9482989437997
141903,17.659688719948
141904,16.0065415414091
141905,13.8585565792736
141906,23.283812357243
141907,26.5957734052424
141908,23.5051422659812
141909,18.0410753799035
141910,15.0529313766287
141911,15.2124884474392
141912,23.7071247944631
141913,36.5832703766243
141914,21.2845705269433
141915,17.5752345453645
141916,15.253693074332
141917,15.0139752354797
141918,21.6809715253309
141919,38.3146276830252
141920,18.4923600101797
141921,18.4847867790177
141922,16.0777202208175
141923,17.2317233917571
141924,21.2802368677468
141925,29.8177931657706
141926,16.7408619264708
141927,21.2639982493353
141928,17.1559362108304
141929,18.7885244548326
141930,16.705342568207
141931,21.9154093662991
141932,12.3226690192422
141933,18.4720479977803
141934,13.4425341177195
141935,16.6784049123301
141936,7.89671353567143
141937,0.483864845576029
141938,6.29080948662668
141939,11.2589674380597
141940,8.74741165449992
141941,11.6783669055555
141942,-1.24073716416016
141943,-0.523951411295823
141944,-1.55543016686463
141945,6.09433699818664
141946,10.3023598011578
141947,11.1649861810291
141948,-1.36602957901243
141949,-3.05572651237243
141950,-2.90737369409355
141951,5.84542468599314
141952,13.8079507982947
141953,13.3714024568001
141954,-5.22833931043382
141955,-6.09450273773598
141956,-5.18248928879245
141957,10.4293538909059
141958,16.799141409102
141959,18.8610759843943
141960,-8.01994780753353
141961,-0.202688491909253
141962,-9.7723924524708
141963,16.9363298391245
141964,18.3812115541651
141965,21.2162225918697
141966,-6.73511366311615
141967,0.212854122971972
141968,-8.74779301268493
141969,18.3070685201492
141970,20.1506252980669
141971,23.2929463315706
141972,-8.69208105348264
141973,0.866300197451977
141974,-6.4666737078438
141975,19.5341414279232
141976,20.5198189729237
141977,23.8861388314151
141978,-6.71191396556631
141979,2.18430425653019
141980,2.7383728669189
141981,19.9811857378824
141982,20.7916734467919
141983,23.9770470907758
141984,0.994772132599511
141985,9.58734132626837
141986,2.74517756168372
141987,23.374347391803
141988,23.7486963976441
141989,25.3402924920494
141990,4.26918654847735
141991,20.4076428856025
141992,14.9299689579167
141993,29.3156569743201
141994,28.7654978337967
141995,30.5961511930045
141996,14.029896113493
141997,21.5830373240807
141998,16.1182215787507
141999,27.7670656182905
142000,27.8703614038646
142001,26.7427895595853
142002,20.7579129990498
142003,19.0429733702588
142004,18.0396462364543
142005,14.3213991527711
142006,20.7087530311553
142007,22.8626712989479
142008,19.8552130142857
142009,18.5933973814465
142010,16.9333843015429
142011,14.8566026899163
142012,12.6213812640175
142013,15.8162344576755
142014,17.6504273742118
142015,18.1081548279494
142016,14.0768332287555
142017,13.4115058293511
142018,15.6859730768028
142019,10.68323848873
142020,16.2950106958965
142021,14.8959532805527
142022,15.7915155436304
142023,11.1850009986508
142024,14.3222679059214
142025,15.4253463634853
142026,16.538576506728
142027,9.69768276808344
142028,3.69755212986235
142029,7.29732910227784
142030,-15.8752686571717
142031,-12.1746911670861
142032,-1.36898071713797
142033,8.68340667445389
142034,-3.33714113890736
142035,4.68126473866733
142036,-7.50522262403099
142037,-16.0933503817617
142038,-3.17409568014154
142039,9.52840623276626
142040,-3.29251010631265
142041,4.9702038986906
142042,-20.3022554800962
142043,-8.04319555742242
142044,-3.34948654065515
142045,7.34474362333393
142046,-4.52930016574602
142047,4.59403644894306
142048,-21.3905211025491
142049,3.09578228787969
142050,-4.49547795617297
142051,6.7232780165947
142052,-5.93838491805522
142053,4.9804955569197
142054,-15.7048664732054
142055,-19.9203524678352
142056,-5.06295588495222
142057,8.10426887155174
142058,-4.96515304406752
142059,8.88856282943119
142060,-17.5810869513067
142061,5.60905359307061
142062,-3.86956480992064
142063,9.56366225976282
142064,0.461224404450753
142065,12.9458350343685
142066,-4.58503052065069
142067,1.80689248332154
142068,0.360067970583636
142069,10.3155507813976
142070,1.21948703372212
142071,14.0906381824911
142072,7.09334105632323
142073,3.6538437769636
142074,1.30358005480455
142075,-1.18788793544509
142076,-6.52808236874777
142077,5.44564165015308
142078,-4.95426560177895
142079,-4.31449525244216
142080,-4.57099572151871
142081,-8.83467405606785
142082,-13.094193868578
142083,-5.17034969942992
142084,-7.97191550314843
142085,-11.6844681476123
142086,-12.6851628718125
142087,-13.7366713666884
142088,-15.0583782070646
142089,-10.7556876764372
142090,-26.3471312106304
142091,-20.9041799544053
142092,-14.6796421465373
142093,-11.4290891639582
142094,-14.5036553869616
142095,-11.0039254988142
142096,-27.6558329872623
142097,-23.6210686283064
142098,-14.6837514590502
142099,-10.7460797301157
142100,-13.1716870191816
142101,-9.40283898298968
142102,-27.0432177224096
142103,-22.7856542654922
142104,-13.6602643482094
142105,-9.56304087325448
142106,-12.5947648374027
142107,-8.05795313315547
142108,-25.8203243149235
142109,-21.9314203597192
142110,-12.3472275023791
142111,-9.08620656965437
142112,-11.9310398611653
142113,-8.58756834781122
142114,-25.2982432168282
142115,-19.6956774833809
142116,-12.1170152078476
142117,-8.9714508141677
142118,-11.1164700963905
142119,-7.6868137059756
142120,-25.7876836685525
142121,-18.7525962618775
142122,-11.3430267215977
142123,-7.49773821626895
142124,-9.45460879168628
142125,-7.60044402147028
142126,-23.3903312774778
142127,-18.825721482026
142128,-10.1506112586289
142129,1.39945035477104
142130,-3.41045827754618
142131,0.73290974286763
142132,-15.6508872088564
142133,-12.3179884059879
142134,-3.73992132865084
142135,27.9358973046056
142136,15.3983884676338
142137,18.0897029255281
142138,11.7110974346068
142139,12.4257772716644
142140,15.1947187053492
142141,47.7282040883774
142142,24.1646876264237
142143,22.7216601034661
142144,17.402821981764
142145,19.1406254780621
142146,23.4022130325473
142147,47.235121023965
142148,24.6323211761182
142149,20.9026449077471
142150,16.9138016144104
142151,19.2031207880629
142152,24.3134090532765
142153,46.2245115405314
142154,22.5883200971326
142155,19.6743271412178
142156,13.634325093836
142157,17.4416966294765
142158,24.3740932488677
142159,49.4069640569428
142160,24.6904047558998
142161,19.3357807155048
142162,14.6704585136539
142163,18.8208300456928
142164,24.7195583100326
142165,50.9265979412093
142166,22.7361559165811
142167,19.512050796834
142168,17.8067725719895
142169,22.7701083551378
142170,23.0953004319736
142171,62.5831463444623
142172,24.6563281610746
142173,19.0230584350258
142174,20.1696960088903
142175,20.8251803708986
142176,23.765330704727
142177,61.2077111603414
142178,25.30955095708
142179,18.6351333042555
142180,18.3304900874049
142181,20.6871656634191
142182,24.4864491487819
142183,62.3080138839364
142184,24.996150910081
142185,19.3279068591595
142186,18.9478425152671
142187,24.0657867320687
142188,24.641473089478
142189,60.4193622474488
142190,23.9992579478112
142191,18.8105894069281
142192,19.6630164571351
142193,23.4563530933459
142194,24.0662376997901
142195,65.9966720981995
142196,25.1946930268821
142197,19.8571737146754
142198,22.975843412272
142199,24.8320456398623
142200,25.2404993456784
142201,68.0127184918357
142202,25.9110919413536
142203,20.673240147087
142204,22.6184861328771
142205,25.250494376613
142206,26.0378393722809
142207,78.0650194996462
142208,32.170727557627
142209,24.1595964259345
142210,29.0479910721829
142211,30.9099630369762
142212,32.4161039315265
142213,77.1293362868561
142214,34.637653474778
142215,26.1940377111474
142216,33.1581182222107
142217,31.9635393899479
142218,34.5177269106103
142219,39.5276038584694
142220,26.1354773269756
142221,18.6684268269715
142222,24.2543981114579
142223,23.5905522946281
142224,26.028640831035
142225,16.1100986665104
142226,15.6371957687928
142227,14.0189832835117
142228,14.1959639327238
142229,14.5860179769452
142230,15.6303014219637
142231,11.5001161911871
142232,13.388334288227
142233,11.5729764027938
142234,12.0074304946266
142235,13.1863343828814
142236,13.3563140578563
142237,11.1307243628317
142238,13.2019738626253
142239,11.0112927246436
142240,12.1761135242161
142241,12.9698489448125
142242,13.1697751703944
142243,9.55707883964421
142244,12.8150902688908
142245,11.0114408784283
142246,11.7599939693669
142247,12.3810514506655
142248,12.7503853377684
142249,10.0001693732701
142250,12.4441934008684
142251,11.6057730178596
142252,11.3298015602335
142253,12.2626864196779
142254,12.4102806684616
142255,10.9348004617347
142256,12.5268776407305
142257,11.1204381381549
142258,11.5516239423509
142259,12.3958661623094
142260,12.314319074929
142261,10.9256379749999
142262,13.4695131678161
142263,11.6308481978739
142264,11.5565743742766
142265,13.2561378068565
142266,13.1927925520765
142267,10.5506222630096
142268,14.1644548644529
142269,13.4380339121948
142270,12.8905227495347
142271,13.3758446444773
142272,13.9638480787227
142273,23.308631749212
142274,25.3704989542843
142275,24.4713138756706
142276,24.0398858579555
142277,24.6351495385548
142278,25.1837007762896
142279,61.1368638210135
142280,55.5417948816043
142281,57.1039768630187
142282,56.4199470546185
142283,57.2625650176736
142284,55.6444652137613
142285,49.011191499529
142286,45.4582201508954
142287,47.0845913795159
142288,46.6274912699219
142289,46.9407230163952
142290,45.4893664546573
142291,33.1628493506933
142292,33.8289616699448
142293,37.7446228763456
142294,37.723097006923
142295,38.0832418724501
142296,36.5851758900181
142297,29.4071866067476
142298,26.1447145508226
142299,27.3107895195204
142300,27.1758258872169
142301,27.4552550045009
142302,25.838131756432
142303,25.3909265545683
142304,23.6776093127374
142305,24.8380703779231
142306,24.5116090282702
142307,24.8809240684486
142308,21.5230466980516
142309,22.8092801097473
142310,18.7821890636259
142311,22.8862119788462
142312,22.7509210003308
142313,22.3843380674135
142314,16.342530332515
142315,30.8371517351022
142316,23.7027167098404
142317,23.6304673955537
142318,18.6272908531338
142319,19.6933123995933
142320,21.8932225722058
142321,30.9010914799074
142322,25.0264068694134
142323,23.3968113398988
142324,13.9951229308933
142325,18.6168108945197
142326,22.1184232937278
142327,34.4961403775406
142328,17.2772522704785
142329,23.2401638777186
142330,20.206039317896
142331,20.9858481592268
142332,18.8253825798735
142333,35.2107758715275
142334,18.8142624030174
142335,23.0502721866351
142336,18.1725762957798
142337,20.0088194450379
142338,17.2670197024358
142339,42.9455817677031
142340,20.6941567151869
142341,23.8756003313606
142342,19.9758161885015
142343,19.6461787135728
142344,20.1322871957906
142345,47.520282547408
142346,24.3971044510322
142347,25.1708324179578
142348,22.4820088958935
142349,21.7193545552906
142350,22.845459543406
142351,51.260477922362
142352,28.5178220512897
142353,27.4855801227894
142354,26.3096273364968
142355,24.3810947332635
142356,27.3042097862567
142357,57.1831230275858
142358,33.8266041044709
142359,31.0026830894144
142360,30.210314361207
142361,28.9893240776419
142362,33.1628605682103
142363,31.2021509634378
142364,25.022423379633
142365,23.3368745232959
142366,23.8982470362271
142367,22.2463224659095
142368,25.0256998103543
142369,12.1151214742731
142370,13.6754460994713
142371,13.7708916725325
142372,14.3651292025449
142373,14.0502908376829
142374,14.1753502960382
142375,8.17755602211303
142376,13.3005438451246
142377,12.6133414778778
142378,12.8687616906311
142379,12.672593850079
142380,13.1736851160191
142381,9.10161742446203
142382,12.3864868227989
142383,12.0664666004914
142384,11.8044716398011
142385,12.1835754552518
142386,12.4259268101302
142387,7.54330735888218
142388,12.3678484947796
142389,11.4092788674331
142390,11.8281632441682
142391,12.2407992306388
142392,12.1467905400832
142393,6.85534677161629
142394,12.5535587698232
142395,11.5008465636364
142396,11.3996861706701
142397,11.8045721303527
142398,11.991448684573
142399,6.35789725427902
142400,12.6623606351162
142401,11.1581596754013
142402,11.1039634598037
142403,11.5456928464459
142404,12.7535656983098
142405,5.22616076467141
142406,12.8790759238762
142407,10.8227749730825
142408,10.7660933695253
142409,11.202625435301
142410,12.6996039383614
142411,7.03941492736597
142412,14.1021415033769
142413,12.0582813430159
142414,11.9600763871701
142415,12.2348575846969
142416,14.328061953792
142417,18.4494344491661
142418,20.0661613313889
142419,20.2458201415141
142420,19.4050057732166
142421,19.6561018558588
142422,19.9744225958266
142423,49.4813788536343
142424,37.0506491238889
142425,38.1619671295491
142426,37.8565836773625
142427,38.1347685403075
142428,37.5941029295598
142429,33.7207959569576
142430,30.6191010932292
142431,29.1415921653249
142432,29.430978508328
142433,29.173650859517
142434,30.1731436357617
142435,23.7564140184321
142436,22.727770095888
142437,21.4010718872488
142438,22.6436953757385
142439,22.3654599407323
142440,22.3690820803838
142441,19.9868316947576
142442,17.0140355576083
142443,17.055809338045
142444,19.3127685277921
142445,18.4383632630117
142446,17.2479171815734
142447,17.5792762110427
142448,10.1886151223424
142449,15.068416383391
142450,2.44442553144842
142451,16.4327369042207
142452,12.5835290953676
142453,16.6154109264942
142454,15.4204232996454
142455,15.162841352728
142456,5.34033548024611
142457,4.96730209378243
142458,7.78128148640811
142459,15.5808563184676
142460,14.314424254694
142461,14.4796302921799
142462,6.30895886397797
142463,3.90624186974795
142464,4.44714011671229
142465,15.4918677818945
142466,14.8166250213656
142467,14.6283666882329
142468,9.16977317521611
142469,5.73882632471471
142470,7.06048713678938
142471,17.0642926197853
142472,16.8736931119184
142473,15.779728100275
142474,9.83713551402787
142475,8.20836008282776
142476,17.3922609245647
142477,16.5850997276973
142478,17.8464704982261
142479,16.0735576005688
142480,10.9593338123551
142481,10.4903687799987
142482,17.972847980754
142483,17.5032516072057
142484,18.5718513552709
142485,17.6317413228836
142486,13.4730767689355
142487,14.6309661958618
142488,17.9863805559036
142489,20.3627860565198
142490,18.625010408596
142491,18.9144037093963
142492,14.5771692551839
142493,15.4882400125626
142494,19.4485010654882
142495,24.0205194003318
142496,15.5966434325177
142497,19.3952676935204
142498,15.2294133712994
142499,16.7072207092766
142500,18.0046210381776
142501,28.1603190393089
142502,17.5906468080679
142503,21.3707039244565
142504,18.991479210526
142505,18.8384434018363
142506,17.5601751065747
142507,30.1876862367574
142508,14.6606079641076
142509,18.5010590281942
142510,15.7157162720797
142511,18.4426687360922
142512,15.7543753240794
142513,10.660666271452
142514,9.90559177186902
142515,12.3496140055621
142516,9.94133410477386
142517,12.3635683910539
142518,7.32634377451201
142519,5.52281263699234
142520,-0.714704871119785
142521,11.3860376962251
142522,7.95938037217576
142523,9.45744135717272
142524,3.62297551067503
142525,0.212621631318001
142526,-2.05577453174715
142527,11.4789915151489
142528,4.19267599675581
142529,5.89954719845865
142530,-3.38854887179033
142531,-2.7853711983359
142532,0.728875207789187
142533,12.40937932921
142534,3.41852331916328
142535,4.54807077270474
142536,-2.72018440146425
142537,-1.70801854914495
142538,3.47012345624517
142539,13.9810039339421
142540,7.96852877987504
142541,9.02624865575639
142542,-0.341717714247157
142543,1.73400853448861
142544,5.21331227450582
142545,13.6582670924601
142546,8.23980397465213
142547,11.8127805177879
142548,5.34192001188135
142549,2.40861428281496
142550,6.08311938945642
142551,14.5225741534239
142552,13.7321099199682
142553,13.2597643967668
142554,6.29805822374065
142555,2.53131392606958
142556,10.1840644420553
142557,15.4208974615388
142558,15.9800846785673
142559,17.5017748973504
142560,9.87989640429013
142561,14.6549049422578
142562,24.017219218371
142563,26.57333125639
142564,25.9196550516802
142565,27.1501849783328
142566,22.3711245551587
142567,32.523499164281
142568,40.0029107804546
142569,34.3272147686847
142570,38.0489818866954
142571,37.7856650663586
142572,38.1125252319645
142573,39.1424816861287
142574,35.6086102031463
142575,30.7572683490132
142576,33.364405113093
142577,31.829017299164
142578,36.1271413090057
142579,37.0509496965267
142580,29.8439969559591
142581,22.8660397107031
142582,19.3661415682969
142583,26.0314630141914
142584,29.7757667981141
142585,32.942867227402
142586,25.0881604305705
142587,20.4718518974327
142588,11.9470231269701
142589,15.5809993149262
142590,25.8219105191227
142591,30.2716233008178
142592,23.2334484401962
142593,18.1498857842106
142594,8.09110284738788
142595,11.8955813474216
142596,22.893799608827
142597,30.929210506468
142598,23.0741793109686
142599,16.825292791116
142600,12.6282022938427
142601,21.1100168960914
142602,22.2761923830712
142603,51.6508073020228
142604,22.1190284653138
142605,17.479996234414
142606,14.1486271945966
142607,11.3109206064566
142608,19.7520639571889
142609,45.6454492905678
142610,20.8841847952223
142611,18.2447876882878
142612,-0.355776184496651
142613,6.32299402358291
142614,20.1439797867791
142621,41.872239671851
142622,21.6282422150452
142623,21.3971740621341
142624,7.48561484115579
142625,14.7052786670957
142626,21.3719886592439
142627,43.405855665586
142628,21.9834814988861
142629,19.9913237876116
142630,7.50240395668297
142631,19.756403917695
142632,22.4369183408861
142633,44.7350758021174
142634,23.0261018799832
142635,19.1260930917883
142636,18.9567231982141
142637,20.3102834219703
142638,23.0175187241129
142639,33.6955624639666
142640,23.6219217412786
142641,19.2808694103512
142642,17.7542527288819
142643,18.9546145896396
142644,23.2134308938792
142645,34.6224828417169
142646,24.4176262942394
142647,20.3236959313715
142648,17.5136560808936
142649,21.7659379078769
142650,24.1257865630503
142651,22.6880033543637
142652,20.5358866885219
142653,16.8286798432615
142654,11.6142963768473
142655,17.190945719156
142656,20.0633357157899
142657,7.8892123605776
142658,9.80624147078925
142659,4.01033572813395
142660,1.34774082864546
142661,7.41707304922714
142662,9.57877443153812
142663,5.53731451101281
142664,4.40759697454943
142665,-0.129596973564826
142666,5.16886807057705
142667,2.45199439711639
142668,3.17982763929116
142669,4.80755584502418
142670,5.37968323490734
142671,-0.547879617271718
142672,4.76604900859428
142673,4.456505889555
142674,4.22307132244816
142675,1.71264059960854
142676,2.88251523520331
142677,6.10615395001009
142678,5.13429103311003
142679,6.06084192656395
142680,2.26122113810131
142681,3.65885603264629
142682,2.45329582381055
142683,6.56657640008359
142684,5.53471536551787
142685,7.42628859679621
142686,2.05613811983864
142687,2.6379705155304
142688,2.63454991653053
142689,7.02784475978077
142690,6.33057323341246
142691,8.16419699737154
142692,2.06467667720207
142693,3.3575307035091
142694,2.45767361464922
142695,7.07622578597202
142696,6.40908198013755
142697,8.3015880555644
142698,2.08080912315283
142699,4.32388788040815
142700,4.5486163803525
142701,8.28869214992463
142702,8.04852031777627
142703,9.35882951954958
142704,3.62602903901236
142705,12.9067351697219
142706,12.9976699350789
142707,14.5166784140632
142708,14.4372829904438
142709,15.0381806728446
142710,12.9868986456299
142711,50.3342921858887
142712,32.7490962165922
142713,36.391398202134
142714,36.5449920745201
142715,37.256869103368
142716,33.0528641130419
142717,40.5444412590917
142718,26.7992518656149
142719,30.3764005473304
142720,29.8900561080196
142721,29.7854591932712
142722,26.7386460623749
142723,25.7850431817841
142724,19.3650615200127
142725,24.3531285642406
142726,22.8418192652631
142727,22.4803614463008
142728,20.543290370452
142729,19.7113809424592
142730,13.4027594032348
142731,21.5753169154549
142732,18.571055158415
142733,19.2699840864602
142734,12.7288139173412
142735,18.9839264413841
142736,8.35272614363498
142737,18.8753170365738
142738,15.9906582585783
142739,16.4815287480897
142740,7.05016734237401
142741,16.5458573526722
142742,5.83239501347328
142743,16.4899744831936
142744,12.1742916525488
142745,13.8808353305971
142746,3.95438537045624
142747,21.4398443969485
142748,16.8066375691566
142749,20.5001242057714
142750,13.702047660198
142751,18.8367880686501
142752,16.8401859292417
142753,10.661918279429
142754,-2.22902241930403
142755,13.5886123512327
142756,6.75232616920934
142757,8.83693377577596
142758,-4.40303104705778
142759,11.5346805768841
142760,1.80767774347101
142761,13.2909106027829
142762,12.8376372394066
142763,10.7491005752185
142764,-2.38719770252598
142765,12.6131611008594
142766,3.69836787897265
142767,14.7358827532513
142768,13.7113314341589
142769,13.0780221660598
142770,1.83174209569547
142771,13.4079999208298
142772,5.95368460256775
142773,15.6409269226475
142774,12.6188837194921
142775,14.2966141819285
142776,3.18063861208698
142777,15.3552539471617
142778,9.64251494946762
142779,16.1018239038551
142780,12.8037068011637
142781,14.1884034308593
142782,8.68091258573239
142783,16.3239033212133
142784,10.690787271339
142785,17.2092053945748
142786,16.4853440237408
142787,16.1041553495915
142788,10.1323877892396
142789,18.8805259634729
142790,15.5537662774594
142791,20.318758918303
142792,19.6557923845418
142793,19.7901305101666
142794,15.3515233525086
142795,13.1631053277704
142796,13.2084467990238
142797,17.900890665208
142798,18.1093150596652
142799,17.7282551060171
142800,13.2066868366165
142801,-3.54919395027144
142802,4.3400981960591
142803,8.5222173168453
142804,8.71099468908861
142805,8.77195182984575
142806,3.74407327159812
142807,-3.21923976125866
142808,3.48009630533332
142809,8.13896049791689
142810,8.18781278762018
142811,8.06210383153625
142812,3.84782415337295
142813,0.206930669864605
142814,4.67110896502014
142815,10.943380405193
142816,10.5276306315608
142817,10.3823268847202
142818,5.25489119155891
142819,3.80457629289076
142820,7.17088455788169
142821,12.3149532223645
142822,12.0174062091709
142823,12.2690781908485
142824,7.77419832290955
142825,6.69256652192742
142826,9.16354077935087
142827,12.6823625156316
142828,12.285124214538
142829,12.7329283509587
142830,8.52086249464267
142831,6.65150492139474
142832,7.80450170177571
142833,12.6229978572439
142834,12.3627077315059
142835,12.7385229884491
142836,7.73646301606231
142837,5.09399674416999
142838,5.94837994198451
142839,12.2524544575432
142840,12.741217023265
142841,12.7191615273174
142842,6.08314801471989
142843,5.46068697785128
142844,6.92744455951294
142845,12.6423335138688
142846,12.7155684617811
142847,12.8331760961301
142848,6.58253682286722
142849,10.5778614444013
142850,13.6799395441164
142851,17.6132999906212
142852,17.9855464187254
142853,18.1777367200113
142854,12.319224458571
142855,28.6056680170699
142856,23.9410925274585
142857,35.553360281273
142858,36.0720910376225
142859,35.4796622169322
142860,22.0419857978758
142861,24.6460126290873
142862,18.222153449284
142863,26.8642412166861
142864,27.3243091394449
142865,26.7340999035329
142866,17.2400531915098
142867,17.4692477158845
142868,7.76905807005241
142869,19.7263713741706
142870,19.9027625758527
142871,19.4902535271446
142872,7.49178735205171
142873,13.9148250834847
142874,2.47680522439493
142875,17.2248964593508
142876,7.47692181056903
142877,9.5388278464371
142878,1.82695659397977
142879,12.5349085174091
142880,0.237068315324432
142881,15.5766176495879
142882,5.1181568357849
142883,3.98858588515632
142884,-1.37432703593167
142885,10.7364666059275
142886,-1.87755389738367
142887,14.0450763807953
142888,6.66632466559245
142889,1.78616221297554
142890,-5.01509026440613
142891,8.84991607649835
142892,-7.41962128135809
142893,13.6829834164289
142894,7.71919424231415
142895,4.05544024496406
142896,-8.21862086250588
142897,9.57987761871561
142898,-4.12257183460117
142899,11.9211527967841
142900,5.26503295527238
142901,4.51078932984912
142902,-4.09972447599336
142903,9.5070984591598
142904,-1.65542885265582
142905,12.1741859402389
142906,5.96457829302771
142907,6.74212453771094
142908,-0.767211385873473
142909,7.69287401756523
142910,-5.08424792870549
142911,11.0483916033876
142912,3.86970699128263
142913,5.5002856107117
142914,-1.20431707944987
142915,10.330691488504
142916,-2.50204434676643
142917,12.7802298856968
142918,8.12434532404261
142919,8.14682904079167
142920,-0.164802533864734
142921,10.8780658699552
142922,-0.23154436796748
142923,13.650002748252
142924,11.6028364316525
142925,11.1647836625124
142926,4.07014001452796
142927,11.8309225813855
142928,6.23167604896639
142929,15.8735510978687
142930,16.6123134165858
142931,13.9978767356574
142932,9.16940774387722
142933,15.5968858570573
142934,14.3314452816836
142935,18.2296652748393
142936,18.8213663780893
142937,17.4939686989617
142938,15.430816772069
142939,8.22050165421167
142940,10.9931759241838
142941,14.9945120246192
142942,17.0000934510482
142943,14.663313019799
142944,10.7825702812489
142945,-6.95522679031912
142946,1.57830756490231
142947,3.94473126782238
142948,6.17305843210962
142949,3.72389896543924
142950,-5.28686161156035
142951,-4.94808861585618
142952,-1.91807895357416
142953,6.78899594045975
142954,6.5383080614595
142955,5.43723021531281
142956,-3.76722623313395
142957,-6.41686813393541
142958,-4.88737419599824
142959,6.16869769491615
142960,5.07020374659322
142961,5.50746992798841
142962,-7.21211917783867
142963,-3.5545270085024
142964,-5.93811451984258
142965,7.80502131938827
142966,6.80383989841809
142967,6.15854118514521
142968,-6.55678412391847
142969,-2.71319728854689
142970,-5.65956589914387
142971,6.00555835792112
142972,7.15544356359292
142973,6.15495460475742
142974,-6.43841237065619
142975,-0.498793288464249
142976,-7.52657316137596
142977,8.76416172837608
142978,8.2104720076565
142979,6.81180195627058
142980,-7.44038843029647
142981,0.375315684403994
142982,-8.19277753996393
142983,7.4039194427011
142984,7.52148392936879
142985,7.74005125131462
142986,-7.2883095420851
142987,0.551872105431421
142988,-10.3926308238668
142989,7.33726000322543
142990,7.65241770707319
142991,7.60095590317237
142992,-7.02496824236853
142993,11.8123981978254
142994,1.98681653653612
142995,14.9382388461157
142996,15.0756755797311
142997,15.0572687741458
142998,2.68325149756003
142999,36.3355342364009
143000,20.7862625063463
143001,30.4362511384972
143002,29.8030378448145
143003,30.8428052946893
143004,18.4845317398505
143005,25.3521787177832
143006,17.1475165808545
143007,22.9168086957166
143008,21.6218400952489
143009,23.302964552375
143010,14.4377888955519
143011,18.0857630172469
143012,7.80189809422257
143013,20.5228969988216
143014,14.5786754445257
143015,19.3070264129605
143016,6.04242907116291
143017,15.3502083019609
143018,2.23430559843286
143019,17.8122972830895
143020,11.214827600538
143021,13.57841719545
143022,1.87130687175754
143023,14.4580926295864
143024,-0.574536822550215
143025,15.6286014819196
143026,9.05690248767475
143027,13.0488174536268
143028,-0.461102600186766
143029,12.1427604226564
143030,-4.29171249900534
143031,13.2014166284271
143032,6.90579523766311
143033,11.1433753160458
143034,-4.39855953353979
143035,10.0458573678359
143036,-5.78168674950473
143037,11.771201994169
143038,7.96127818645305
143039,4.74009183903367
143040,-6.6465377296968
143041,9.43958205784953
143042,-7.177972949671
143043,8.27780283623604
143044,7.09250534372284
143045,5.4693675473189
143046,-7.97347742930461
143047,8.91225769809421
143048,-8.29334459056048
143049,10.1944300637548
143050,11.2424447350971
143051,6.12323563356905
143052,-8.38515604031664
143053,11.8909500841742
143054,-4.86195709018924
143055,12.5373018450597
143056,14.0889895346099
143057,9.99789311338934
143058,-5.14631430005318
143059,13.0333232081559
143060,1.1379176731079
143061,12.6443293676578
143062,15.4100403984479
143063,13.3043076265825
143064,-3.55551137632321
143065,15.8780929149855
143066,2.32385953393787
143067,14.1827416673339
143068,16.7737088867847
143069,14.6436007301907
143070,7.49339271036208
143071,19.9666561668253
143072,6.42216244663354
143073,15.0943812371307
143074,17.5656076514817
143075,16.2360543882559
143076,2.98156846707147
143077,22.9350833844381
143078,11.549896351406
143079,16.975332466512
143080,19.3100045568235
143081,18.4412589410085
143082,6.31601312063666
143083,20.0984986258393
143084,7.24504120900537
143085,15.8583228586804
143086,18.6434242653079
143087,18.0047228991281
143088,10.9483782871563
143089,5.06860902701346
143090,4.53856694131646
143091,8.13236874318513
143092,11.9755704335464
143093,11.7536707239908
143094,-1.45882552664166
143095,8.81110155517778
143096,8.04605304258036
143097,7.87119348829002
143098,9.4592140240844
143099,9.16785511660254
143100,6.84021310772289
143101,10.7761741587714
143102,9.5436283601947
143103,9.82520404690253
143104,10.7549472651118
143105,9.11983530751996
143106,7.64588792216122
143107,12.2278430098502
143108,11.9868819692544
143109,12.6202829485968
143110,12.4014194128217
143111,11.4458188997058
143112,12.6728182219206
143113,12.9917006565531
143114,12.8230813393816
143115,14.2272252886952
143116,14.2751183154296
143117,15.0788741328839
143118,13.9847265221221
143119,15.0779744852437
143120,13.3759779188106
143121,15.953146949798
143122,16.7376682247038
143123,16.5076116287661
143124,15.489757519168
143125,17.2542760739728
143126,15.0082326476278
143127,16.9028808337813
143128,18.6925922503195
143129,18.8911536131289
143130,16.9415881054187
143131,20.2260274623951
143132,16.6745677400497
143133,18.7546990948896
143134,20.1327363038844
143135,20.46689108969
143136,18.9127098985644
143137,32.4930638111021
143138,26.9861919484618
143139,28.2806054984325
143140,30.382183254343
143141,30.3661088010642
143142,28.469885848157
143143,140.251268166756
143144,54.1007363916032
143145,64.9818147964886
143146,74.2523264665359
143147,72.8054760680476
143148,57.1112249397452
143149,87.6472976279586
143150,30.2826499583623
143151,37.593304889164
143152,42.0172193036269
143153,38.3035854200972
143154,27.4123933730411
143155,72.1119699057454
143156,23.4948761887791
143157,24.8311108094248
143158,33.9836726144882
143159,30.1348636816523
143160,21.6814860930326
143161,65.3758643908853
143162,14.944453743688
143163,21.9557836966161
143164,25.560379445244
143165,25.9429602670716
143166,18.6718684718152
143167,35.054337942809
143168,16.0989285764456
143169,20.3295673739745
143170,13.406097307458
143171,12.4157492705523
143172,15.8893880624352
143173,29.5790752581463
143174,15.6371339631424
143175,18.5393171939705
143176,10.9478926195153
143177,14.880234459792
143178,15.5159119941503
143179,27.1242326465474
143180,15.332596512223
143181,18.8291050388978
143182,12.9777437544156
143183,14.6444408353922
143184,16.3401720486298
143185,27.8312891973549
143186,18.6291797227825
143187,18.4965111307378
143188,18.2260176324591
143189,15.4375205535708
143190,18.4049913042701
143191,27.413708280258
143192,18.8599873078948
143193,18.8283628885181
143194,18.9057218643787
143195,16.4381793484516
143196,18.9873953160304
143197,30.152439244553
143198,19.7073916698481
143199,19.3233238643967
143200,20.7227533079498
143201,17.2387895973795
143202,19.6282542209906
143203,37.427024084476
143204,19.8915735687812
143205,19.2574188808185
143206,20.7166362070364
143207,19.3311190917297
143208,20.2418228279031
143209,46.1741559913787
143210,20.1753427248964
143211,19.4773412824616
143212,20.5149528051364
143213,20.2235552542416
143214,20.4646752448464
143215,56.8182030454432
143216,21.445728734311
143217,22.0045193784614
143218,22.4693495702288
143219,20.5605455242704
143220,21.6020374679487
143221,64.4192232739153
143222,25.0532306833854
143223,24.9452227688445
143224,25.8424147852246
143225,22.9307186060711
143226,25.269811602426
143227,53.055951871757
143228,24.0104367878389
143229,23.97095753498
143230,24.6206260015364
143231,21.3302131610846
143232,23.9933461637189
143233,18.7828962907802
143234,15.9879575570074
143235,17.6843331493954
143236,16.8180177706085
143237,15.7498812917303
143238,15.5857990529771
143239,13.9385535656227
143240,14.2696074948331
143241,14.7581768403383
143242,13.5196198329221
143243,13.0149352124498
143244,14.1878145336762
143245,13.6087249481067
143246,14.4563419923381
143247,13.2384817816229
143248,13.590232930456
143249,12.5945631704012
143250,14.4024590923641
143251,13.4595520097094
143252,14.0362050879238
143253,14.4145709403678
143254,14.003108429712
143255,14.179720897035
143256,14.0509940045291
143257,12.7261070976175
143258,13.1029019911665
143259,14.3750599174157
143260,14.8541956722697
143261,14.9283528999474
143262,12.9814650724596
143263,12.152670067458
143264,11.750334757102
143265,14.3090283398761
143266,16.0664084636318
143267,16.666693914269
143268,11.7153803491999
143269,12.0612209808882
143270,10.1405206590442
143271,14.2400008926356
143272,16.6629589246862
143273,17.56653451097
143274,10.1496777849727
143275,13.1007712410601
143276,9.61274282065412
143277,14.6329112228032
143278,16.6473874418289
143279,17.4785111912105
143280,9.62382340372353
143281,23.142916489605
143282,17.3719604539655
143283,21.9707783440978
143284,23.166690578951
143285,23.7221110200707
143286,17.4968001141776
143287,70.1217885898103
143288,25.0272801621948
143289,35.7160023129523
143290,37.4672020479178
143291,37.7358963191222
143292,26.4294483875828
143293,53.1676878580625
143294,19.4853461414556
143295,26.2735102650072
143296,28.6729343398445
143297,27.0352862873067
143298,22.2084476834449
143299,27.6918038981302
143300,13.4373868731268
143301,20.1360177182216
143302,24.4445524196658
143303,23.9634035533989
143304,16.0879244100072
143305,19.7334436647328
143306,9.77714924872204
143307,17.9560193380372
143308,20.909310496935
143309,20.9304658645153
143310,12.0701055319217
143311,17.73664633739
143312,7.35856168063531
143313,16.1389187341193
143314,8.63929083427267
143315,13.079070200908
143316,9.87714867167937
143317,16.0790932018839
143318,4.26298945968041
143319,14.9412494442617
143320,8.23490097809523
143321,9.66262061350548
143322,2.56230884354462
143323,16.7634104391609
143324,3.44229726718177
143325,14.5436543613251
143326,11.1129372973459
143327,5.44660553601848
143328,-0.290825364082512
143329,23.4765473958086
143330,13.1059458727262
143331,13.7632554687434
143332,11.555338720148
143333,10.9868761762829
143334,13.9402909856808
143335,26.7405898823264
143336,10.6369741931904
143337,13.6569114301471
143338,10.0554488438799
143339,12.7010610938352
143340,14.5586092474118
143341,32.4881348033378
143342,3.15596204656531
143343,13.1800303924499
143344,12.5320697265133
143345,12.7182346146503
143346,15.8838968120897
143347,33.4127909307314
143348,3.8496432128907
143349,13.5797019877841
143350,11.8100027737609
143351,12.711979510776
143352,14.6416092027281
143353,30.6797681925045
143354,3.7459617379118
143355,13.6904331128991
143356,13.5229282532315
143357,13.2047385321639
143358,13.4630031496435
143359,27.8827868763682
143360,4.95548632757251
143361,14.2911212025248
143362,16.1133088686913
143363,15.4485470198194
143364,8.22752103104182
143365,21.805181377976
143366,8.74337338355506
143367,17.9872464352105
143368,20.9725970016965
143369,19.1831183843825
143370,11.0094431280742
143371,18.9382353802607
143372,8.37264361614497
143373,15.8498495136771
143374,20.2002283414127
143375,18.5566559401386
143376,8.90544566887475
143377,7.14489629117828
143378,0.60845632958301
143379,9.65407704191051
143380,13.5270390856045
143381,11.8366421957912
143382,1.31829982509139
143383,4.69301463886358
143384,-0.713999370358579
143385,5.57626210360263
143386,11.1972903105961
143387,9.03961792207694
143388,-0.818178747257569
143389,6.54139331461978
143390,4.41946551424386
143391,7.06487242216759
143392,12.3561981102251
143393,8.79339517234614
143394,1.66435283739578
143395,9.05150031523453
143396,7.2387347404989
143397,10.1440220635027
143398,13.6726864564742
143399,12.5486726705501
143400,5.48529998955442
143401,10.1718886045704
143402,8.61405827033837
143403,11.6636317098097
143404,16.698955050406
143405,17.3281335052098
143406,8.62329971382044
143407,13.5019542410759
143408,11.5393306167416
143409,15.5882869415484
143410,18.650084599069
143411,20.5946405763085
143412,11.1603573781159
143413,15.3307069507547
143414,14.6370378836413
143415,16.259093274053
143416,21.1073390052291
143417,21.7052549876984
143418,13.0350919718657
143419,19.3933864628041
143420,18.7475503548398
143421,19.8483065378708
143422,22.8041701779566
143423,23.9896117762242
143424,17.7171791752578
143425,32.6705576451666
143426,30.8108110289649
143427,31.2175066121227
143428,33.8900052664771
143429,33.8058894739382
143430,30.358325799675
143431,110.501249786262
143432,81.4976226434333
143433,73.7274655434635
143434,84.9914527723423
143435,84.0299606022743
143436,79.4501440867765
143437,79.5092487379934
143438,46.947245409584
143439,45.7521196160642
143440,46.5303779515939
143441,42.3926520592659
143442,46.9598263414414
143443,69.2164051000373
143444,38.2726018940008
143445,26.591785354555
143446,32.3075236159504
143447,37.4132531863616
143448,39.3389853207348
143449,53.1616883000772
143450,32.5274499260207
143451,24.9127493607351
143452,19.2214990637574
143453,31.2387516732109
143454,33.5054106268061
143455,43.3322187104731
143456,25.0871504849485
143457,21.9155682997914
143458,13.7534695294804
143459,18.2995533259179
143460,25.1295981730828
143461,43.9901352902033
143462,22.7414118102948
143463,20.8718352196036
143464,14.8988922355784
143465,13.7345537669245
143466,22.7806193296199
143467,37.0233909827287
143468,21.0281236387389
143469,19.5769841607605
143470,17.4516668432293
143471,16.1623246645918
143472,21.3925435571759
143473,33.051748113328
143474,23.078118075687
143475,22.7806836383565
143476,20.1786695319881
143477,18.4720532991205
143478,23.1668187841781
143479,31.688498537365
143480,22.3376682508376
143481,22.5035905334867
143482,21.3853845692089
143483,19.611116255107
143484,21.407145876904
143485,34.387094917771
143486,20.9621689485598
143487,20.7962482687378
143488,20.8723867002512
143489,19.8052610173672
143490,20.3384948340049
143491,36.6164115864343
143492,21.1807755565067
143493,19.8348967013308
143494,20.9354168185797
143495,20.3040448678343
143496,20.8464301954777
143497,36.7007298848019
143498,20.4483125086483
143499,17.9516476225758
143500,21.3416135077326
143501,21.3604064193536
143502,20.2303717809347
143503,35.8119333098473
143504,21.1605817516242
143505,17.9822534043819
143506,21.6475534485653
143507,22.1708389513572
143508,20.9732251342777
143509,31.224974297362
143510,23.9611919039711
143511,20.1968020812207
143512,24.0380871886657
143513,24.4242746718656
143514,23.8452526252037
143515,26.1927493208122
143516,21.6811009697689
143517,18.2850302670395
143518,22.2426178823644
143519,23.9504474346709
143520,21.3620487512043
143521,10.147043188429
143522,10.9503017189609
143523,10.6795808310806
143524,14.3320715669661
143525,15.4974929884313
143526,10.0769640521028
143527,6.19728344790577
143528,11.7038200221265
143529,11.8651961630473
143530,13.8258971950949
143531,15.6299109007517
143532,12.4873859949765
143533,6.54249180829484
143534,12.190918900131
143535,13.5394721860701
143536,14.1348930697057
143537,14.58388862698
143538,11.7113550427669
143539,9.13426881749992
143540,12.3759293010758
143541,14.3178092429095
143542,14.8397411912865
143543,15.0944869380693
143544,12.1293265617134
143545,11.5470368314784
143546,13.8131802019988
143547,15.2244643139676
143548,17.8865876454119
143549,17.790085779101
143550,13.587748128582
143551,13.5719238390852
143552,12.8741763532612
143553,16.7758633164891
143554,19.8171873201934
143555,21.1802560779651
143556,14.4198460024378
143557,11.487268278919
143558,13.2839288251836
143559,17.5595527086885
143560,20.2166309916797
143561,22.7632629846268
143562,13.4763186121893
143563,13.6745072220704
143564,8.83937740556462
143565,17.787569665304
143566,20.1964038166613
143567,21.9363773305488
143568,12.8664281252962
143569,25.5272559493712
143570,10.2292522007985
143571,25.6407651541607
143572,26.8187863565599
143573,27.7322402084178
143574,12.5857318631676
143575,72.0994045832722
143576,18.8054166584061
143577,44.5402143557667
143578,43.9033270539218
143579,44.3071274681515
143580,18.4459438890489
143581,61.6776471715389
143582,13.8950182363343
143583,29.9931252021262
143584,29.3821116257481
143585,29.1599882170736
143586,12.9812827131049
143587,40.149137146933
143588,12.1885806180982
143589,26.4135238266975
143590,26.5965381329185
143591,25.8077806343699
143592,10.7627548142215
143593,19.5158668419081
143594,10.9855158015001
143595,23.3835131943754
143596,23.4437314523798
143597,23.501807520126
143598,7.82729529189047
143599,17.0385276207805
143600,8.41966121664553
143601,19.7575444788286
143602,19.8202229120401
143603,20.1537099252395
143604,6.50553803456099
143605,15.7151484507833
143606,11.0368786317834
143607,18.547617420761
143608,17.2614097493608
143609,18.462168613412
143610,5.04602662296104
143611,15.12801706174
143612,11.1156698617162
143613,17.9925150879524
143614,14.0368385753655
143615,17.8496260982624
143616,10.9490028418146
143617,15.2793706180014
143618,7.9557241934264
143619,18.5497813909475
143620,17.3624198852447
143621,17.1977591648734
143622,5.27102245709371
143623,15.4640191426314
143624,4.28677153447718
143625,18.5596861039024
143626,18.1651634458892
143627,16.1386662038636
143628,4.03715686552224
143629,15.3833196754719
143630,5.80500460950382
143631,16.8275376475441
143632,17.8064812264024
143633,17.5819167702997
143634,4.2853231864288
143635,15.0943875791945
143636,10.8792546425302
143637,11.0668068601212
143638,17.9648907936378
143639,18.5731601824154
143640,6.18186447103665
143641,14.8081774083711
143642,12.4910159124112
143643,9.80528591985229
143644,17.7966427581814
143645,18.0450743000297
143646,7.68121421733236
143647,13.81961052176
143648,11.267563062169
143649,8.5945275342939
143650,15.1181314646818
143651,17.0169779911832
143652,11.1392902674654
143653,11.8997935859704
143654,13.8586888838901
143655,8.90079169094866
143656,15.9935760114706
143657,8.83069196477901
143658,10.7884313373737
143659,8.21239871700668
143660,10.2333839910079
143661,4.33526410814555
143662,1.29641106673182
143663,10.9908086578849
143664,11.0004974413986
143665,-10.5550617246037
143666,-0.671449048073356
143667,-6.72104281379337
143668,-12.7214335847352
143669,-22.9576665153053
143670,-6.20298125110497
143671,-11.315089201435
143672,-10.6081461015079
143673,-8.21263304003197
143674,-26.5846474973176
143675,-20.414094162879
143676,-9.20637641313262
143677,-11.6404328934883
143678,-11.1677687620543
143679,-9.64613058996574
143680,-26.5014289510574
143681,-10.0947541003135
143682,-11.4198188910131
143683,-10.1947606509096
143684,-11.7064603408661
143685,-9.81679654603805
143686,-24.8020279125303
143687,-9.93906646216742
143688,-11.8448025499293
143689,-8.97326699704402
143690,-11.4815561950111
143691,-8.73064080338923
143692,-23.2153313305212
143693,-6.60904340996081
143694,-11.1748150252264
143695,-5.59160177744135
143696,-8.63089692108251
143697,-5.54070642892227
143698,-14.3918985972966
143699,-2.92851764646982
143700,-9.52289938146613
143701,-2.37775743788847
143702,-4.48509774984638
143703,-7.81288800478259
143704,-6.07177922125751
143705,-3.80067929729265
143706,-5.33389825446186
143707,-0.368319780507647
143708,-3.43471273688702
143709,-7.81434368235867
143710,-24.8960788967033
143711,-2.40809812210926
143712,-4.27543035766513
143713,9.5627999231912
143714,9.29366460675205
143715,2.92528284574412
143716,3.20091532094865
143717,9.28713816713625
143718,7.99960497214023
143719,40.0118020830818
143720,26.6484164113368
143721,19.5740393828766
143722,18.1322340017642
143723,27.4188186816207
143724,26.6071344015304
143725,42.6750224957802
143726,26.1193729478495
143727,20.0940849827698
143728,24.5922614105309
143729,28.329664035668
143730,25.9683903861274
143731,39.3773417466948
143732,26.1812874413816
143733,19.1853577844431
143734,25.194199090087
143735,27.6465479454586
143736,25.7944682987093
143737,34.01130218247
143738,23.1418401003936
143739,16.1431045206342
143740,21.5734233375057
143741,27.1907367330287
143742,21.3941811178282
143743,29.1186430266954
143744,20.6117233567299
143745,17.6153568149653
143746,13.2803137296328
143747,21.4947044114026
143748,22.4395483165858
143749,28.4528505528974
143750,23.2819887784378
143751,17.0717964069124
143752,11.3549462787802
143753,16.9987896971797
143754,23.6436893546284
143755,32.3412455172466
143756,23.2157349774488
143757,16.5820905578488
143758,4.74578429611592
143759,13.7027239635163
143760,23.7406189527227
143761,35.1051052639071
143762,26.0509977147329
143763,16.640990726142
143764,6.20400251547605
143765,9.43303866052667
143766,26.0324477230467
143767,35.3404092344733
143768,26.6563620089422
143769,15.1504334879125
143770,4.03165041270649
143771,8.48445027156076
143772,26.3764293522573
143773,40.5026925593345
143774,26.2669688490403
143775,15.8728974831623
143776,5.29335501644772
143777,9.34277239991751
143778,26.7055418580184
143779,38.7338554983954
143780,28.0844725296803
143781,18.2150498077757
143782,12.8628874392836
143783,12.1354432126984
143784,28.068724343514
143785,45.0268641318579
143786,28.9651220815382
143787,20.3152575280334
143788,14.4100061690626
143789,11.2142144335879
143790,28.9589790798452
143791,54.945381140669
143792,33.2259370948248
143793,22.8499016993084
143794,28.4520670913225
143795,27.9193503259575
143796,33.1804498224312
143797,70.581539186994
143798,39.6330721992407
143799,29.5511493679251
143800,30.3578810077471
143801,32.205348958277
143802,39.3503147245297
143803,61.9000202436893
143804,35.24279152794
143805,26.6746874015929
143806,25.9791051066812
143807,30.0461594393869
143808,34.9395379904944
143809,19.2036822516192
143810,18.1126927215459
143811,10.7742775950125
143812,13.5596077114455
143813,15.6335958690751
143814,17.859493872834
143815,12.3017350236585
143816,14.1385345148277
143817,4.17815571874777
143818,6.34254695012312
143819,9.58020142645013
143820,14.1149956583248
143821,11.5608166771124
143822,13.1921167403446
143823,2.76328240167746
143824,6.54740408817758
143825,9.56156121052267
143826,13.1714497722023
143827,11.4954816193648
143828,12.4796424700343
143829,3.61695275824933
143830,5.02905918442383
143831,7.39897904163302
143832,12.4019614521474
143833,11.297868776318
143834,12.5149034126563
143835,2.73703557007563
143836,4.95277642236414
143837,6.5390734986347
143838,12.477665326653
143839,10.9797952128368
143840,11.7680766519935
143841,1.74752408101424
143842,4.56237780273452
143843,6.90145482726319
143844,11.6791601906325
143845,10.3280375812833
143846,10.7797992530692
143847,1.22236322844877
143848,6.32853568124824
143849,8.43084272692324
143850,10.7403331252078
143851,11.1520934978559
143852,11.5064652233902
143853,3.38557755157544
143854,7.05584388815898
143855,9.87054882579654
143856,11.4833737855903
143857,20.4949434572265
143858,20.5611053309973
143859,19.77972336729
143860,18.7912467464301
143861,20.1948531168277
143862,20.5245746008783
143863,71.1532885152038
143864,44.6622516183957
143865,44.1807509032436
143866,42.8598887995947
143867,45.275210490646
143868,44.9097528233459
143869,56.07093839583
143870,33.6664739326799
143871,36.0291907650861
143872,34.5053909684974
143873,35.1316271469734
143874,34.3755701867235
143875,38.7987175302507
143876,22.5595911749336
143877,29.1236306524526
143878,28.4059892190532
143879,28.3981538577602
143880,25.8643165176199
143881,24.8724490833642
143882,17.0892858666183
143883,25.1697403557874
143884,25.473653294231
143885,25.4500852860511
143886,18.6551938462888
143887,17.2677432927807
143888,14.1473289956597
143889,20.9983108774996
143890,20.3021653684397
143891,20.5373555597693
143892,13.3429310587905
143893,13.1164319261707
143894,9.20010837709498
143895,18.9412101975768
143896,17.5575380605632
143897,18.3207135390178
143898,5.879067231454
143899,13.3033678300341
143900,4.67986275541004
143901,17.6568629256167
143902,16.7702766755881
143903,16.6320571149917
143904,2.76836981691008
143905,13.9937818375995
143906,3.49267762942712
143907,17.0902040432604
143908,13.2798625923631
143909,13.4393478409909
143910,2.9857141608619
143911,13.7379828408817
143912,2.78949389059694
143913,16.8340847768513
143914,14.7958895813065
143915,12.9264538950164
143916,1.61796226980454
143917,14.6778850669991
143918,1.74340912607538
143919,15.8888746471387
143920,15.5428915882968
143921,12.3330296783902
143922,1.24549348099428
143923,14.0958600001355
143924,0.615130430064536
143925,15.6147331370329
143926,15.9299299145774
143927,13.4324969992497
143928,0.0452114507546533
143929,15.1082798932486
143930,1.66613876834755
143931,16.6042580036234
143932,15.9404972639219
143933,13.7441408374076
143934,1.56885139052512
143935,17.158431700188
143936,5.2373474773102
143937,18.2226823142583
143938,17.2285084028106
143939,15.949430257827
143940,4.0308149554059
143941,19.0010545891793
143942,8.62551585808635
143943,21.3776241805566
143944,21.4699370517708
143945,20.7192532168018
143946,7.0418629042648
143947,17.4821073071078
143948,7.37521466327425
143949,20.3226297712573
143950,21.9456459895456
143951,21.1313354976892
143952,6.42628191321651
143953,-3.08470264877232
143954,-7.49596545298596
143955,9.12347967571506
143956,10.6801938574071
143957,10.8203128408843
143958,-7.76681874934945
143959,-5.36163276612537
143960,-13.3203612385158
143961,7.06868757579941
143962,6.84926807719176
143963,5.55852597573523
143964,-13.4214654376065
143965,-6.31098734670978
143966,-12.9709657928781
143967,4.13615840733837
143968,4.01533950836983
143969,-0.0861651462331672
143970,-12.8759439834389
143971,-6.2668635553708
143972,-13.1880660601973
143973,-0.243063660329753
143974,3.19580039934286
143975,-1.05348675841661
143976,-11.1442211382031
143977,-6.15662162936979
143978,-13.3383876168172
143979,-2.12676606138537
143980,-2.80868843678268
143981,-1.60277486026869
143982,-12.4759426937049
143983,-6.69736692968402
143984,-13.1496169647745
143985,-2.70999539678279
143986,-3.19004770114781
143987,-2.60372286640702
143988,-13.0322126401436
143989,-8.83251006133333
143990,-13.3426318486072
143991,-2.11798385680884
143992,-4.15067487450947
143993,-2.20171377123439
143994,-13.4105517394166
143995,-9.2112891735746
143996,-13.0655329629725
143997,-3.06162402858647
143998,-5.94721568716253
143999,-3.56859420696041
144000,-13.1480322164181
144001,-2.25024840728848
144002,-2.2229359528804
144003,7.16757982258763
144004,4.43395901184145
144005,6.25480588698862
144006,-3.21574594452974
144007,21.0307756899364
144008,22.4504782759766
144009,23.5764545901023
144010,19.7726859671912
144011,18.900623883828
144012,20.8643569858912
144013,21.8015417765783
144014,14.212070108965
144015,19.3640786685737
144016,13.6683918295069
144017,15.5581196064398
144018,14.1176671321846
144019,18.7684165752945
144020,13.1212654764978
144021,20.2007362669854
144022,4.88126117652807
144023,5.70802951022694
144024,8.33396455527496
144025,17.3920447698594
144026,5.5689724998122
144027,13.5400423877499
144028,-1.47612962418541
144029,0.721868403706527
144030,4.83506037368706
144031,15.5701700357756
144032,2.00421567615924
144033,12.2398058250783
144034,-3.93818883414755
144035,-3.06187730208805
144036,1.50275844756012
144037,14.75608961862
144038,0.824261572502454
144039,11.2375095298994
144040,-0.781579175675013
144041,-5.52180124068872
144042,-0.310655955232981
144043,14.7937485349542
144044,3.48611911857217
144045,10.6319130208986
144046,-0.249830498822533
144047,-3.35189613044246
144048,-0.870076549255543
144049,15.5545850163167
144050,2.82923966448011
144051,11.2497966842388
144052,4.19366126472474
144053,-1.81851434315189
144054,1.5323399569421
144055,16.3556097653729
144056,9.36442271488595
144057,12.0195580219764
144058,6.30673231078892
144059,-0.442506105637069
144060,4.36400785080861
144061,17.7467783865408
144062,11.8565013732896
144063,12.7137812651071
144064,6.45318863875527
144065,0.0642837782764794
144066,9.3892549831243
144067,18.8000908604826
144068,15.5728147635186
144069,13.1868197352621
144070,9.74682502023192
144071,3.33438525157348
144072,12.2239730724839
144073,23.0744103703009
144074,17.0880424355549
144075,14.1278400998667
144076,12.1314392222159
144077,9.71290798255192
144078,16.7137848372508
144079,27.0818650681008
144080,14.9196806182413
144081,16.1032318005161
144082,13.2565403857179
144083,13.5446723926308
144084,19.5125680556468
144085,36.1608992307476
144086,17.5190710572588
144087,18.3422443431118
144088,15.1894914217445
144089,16.3629604830267
144090,20.1143054781265
144091,34.6134878477335
144092,17.3184198127581
144093,18.9063445032953
144094,15.0076365251337
144095,17.1393855518289
144096,17.9596021111835
144097,15.3327857161375
144098,13.1598643787866
144099,14.0146155782598
144100,10.3574104722718
144101,12.5084453324917
144102,13.0937231167055
144103,12.9480350760898
144104,11.10371668776
144105,10.5091099064886
144106,7.11932440847392
144107,10.7603704445753
144108,11.2970178826189
144109,13.9614386834551
144110,10.9941160816386
144111,8.67784765992891
144112,5.98727397537306
144113,11.1048504879538
144114,12.0159509469952
144115,13.9124529395952
144116,12.7120725828184
144117,8.13210996054738
144118,6.37612681453722
144119,11.2261603290743
144120,12.5211038159355
144121,14.4262855229332
144122,13.573041147895
144123,8.96086934564201
144124,6.05378413350214
144125,11.9229675801496
144126,13.1757301145254
144127,15.05756965403
144128,15.1073047955126
144129,9.91490373922973
144130,6.58214124380474
144131,11.1329374630979
144132,14.7163722985049
144133,16.1591782694876
144134,16.1136537373078
144135,12.6323994715805
144136,8.28400896579161
144137,12.747901477138
144138,15.9990239028948
144139,17.0674922499293
144140,16.4666757915632
144141,13.3345494701117
144142,8.9705127877451
144143,13.3801591899016
144144,16.6722717007641
144145,33.7604953309952
144146,28.9906680548626
144147,21.0828638060755
144148,20.2456222226926
144149,22.484026977118
144150,29.6799526060246
144151,102.229732577358
144152,50.40715589512
144153,26.8923560560607
144154,30.51628329724
144155,34.6659402975718
144156,50.5229104877528
144157,73.2345631243851
144158,33.751833537351
144159,24.3141490979496
144160,23.1647349725002
144161,26.3169701924653
144162,34.0352721588262
144163,69.6209166644525
144164,31.5534682055546
144165,23.449477887592
144166,16.5479068057841
144167,17.3497864213381
144168,31.0631713805261
144169,44.8508422642225
144170,28.2672533053904
144171,22.2576485694941
144172,12.5999726730373
144173,13.1777366831899
144174,27.6977548463024
144175,31.5984810652865
144176,21.7534435758997
144177,19.7980328753763
144178,9.0887924551429
144179,9.91160600359964
144180,21.6113676390944
144181,25.9941217539881
144182,19.6761748704594
144183,18.7322085858147
144184,7.68932151294101
144185,6.62281024632989
144186,16.8646740352142
144187,25.5504708383391
144188,19.0249087594818
144189,17.7964568956547
144190,8.18873463596942
144191,6.60449799674189
144192,16.7772250658814
144193,18.3302857960636
144194,17.6002331209741
144195,13.61352822962
144196,4.08284589850426
144197,2.1424599080969
144198,15.6532891469666
144199,18.3564773167208
144200,17.3352709130927
144201,13.0088132879546
144202,3.49167163964472
144203,1.69063465976884
144204,15.4810418399717
144205,17.6707545692014
144206,17.6607758482467
144207,12.8480189844399
144208,5.34882446246166
144209,7.91988010984293
144210,15.4142658672733
144211,18.5932464819767
144212,17.6443221576123
144213,13.1528867753127
144214,7.05080009237725
144215,8.07284793245141
144216,16.0485812748848
144217,20.3109743059796
144218,18.246038215725
144219,14.6058034106336
144220,10.0359905614581
144221,8.25627070899313
144222,15.6391492857694
144223,22.2896496194368
144224,18.9343430075896
144225,15.1210686128779
144226,10.9056139576996
144227,4.80269918376931
144228,15.4443579473583
144229,24.9782208092884
144230,22.6588640642494
144231,18.4463351688058
144232,13.9601028667534
144233,11.8086817205539
144234,18.699308868854
144235,23.1774302899672
144236,21.0546969777319
144237,17.8361981232359
144238,15.3460422431937
144239,10.3371005596247
144240,18.2331591424258
144241,9.43888462787278
144242,12.1360626340367
144243,12.4480652182366
144244,8.680569630585
144245,9.36212901419977
144246,9.96201600728604
144247,7.35775386742034
144248,11.0427302142867
144249,9.96398377852129
144250,5.74995050661607
144251,0.0665465322891663
144252,7.72332968309052
144253,10.4651421183246
144254,11.7989683395589
144255,7.33570097079506
144256,1.55773448558374
144257,-1.96879027167054
144258,9.32138110125585
144259,11.4056230337319
144260,12.6318604737219
144261,7.73788265423963
144262,-0.221526306622195
144263,1.40080455410668
144264,11.2745743356377
144265,13.0146550147916
144266,14.819428437372
144267,11.0753458457337
144268,1.62481501684833
144269,7.53029049290221
144270,12.7093824204958
144271,13.1037666623943
144272,13.2594844852913
144273,11.0438797662348
144274,5.35618011170962
144275,9.48371562909257
144276,12.3426353832056
144277,14.1665265779187
144278,12.5910013728568
144279,13.0210027394224
144280,7.4225666033319
144281,11.725535008631
144282,12.3902188135582
144283,15.8298407693732
144284,13.3402619777446
144285,14.9080526974885
144286,12.1334863850848
144287,13.2643697154003
144288,13.2426210545377
144289,28.197096637032
144290,22.0700901627962
144291,21.3561493056688
144292,21.8048652960037
144293,20.8986444970757
144294,21.1648378609932
144295,85.9082173169901
144296,39.6141643395735
144297,26.4782656076405
144298,31.3663765446987
144299,31.1207363448844
144300,39.6215936827218
144301,38.1098089832286
144302,24.7476938769398
144303,21.386856504126
144304,25.2333495606483
144305,24.6871783237166
144306,21.9497976584347
144307,26.0483518096403
144308,15.4231662349679
144309,19.0275058038556
144310,20.7566468348592
144311,21.6841416570121
144312,12.7559047407646
144313,22.177769373512
144314,10.9599255739448
144315,17.6117256529647
144316,7.35665782238088
144317,15.7400227455611
144318,9.91920441688374
144319,18.0785898061416
144320,11.3201138680829
144321,16.5043237139919
144322,5.34562081144799
144323,1.802507485142
144324,6.13940947406063
144325,16.0751301587722
144326,3.58063745593235
144327,15.4454093413927
144328,6.94265861239296
144329,-0.728920969206435
144330,3.42875259747988
144331,15.1445888363667
144332,2.59151300233097
144333,14.6818173601975
144334,10.0261479767321
144335,-0.439371112329123
144336,1.47363122817513
144337,15.6893519974974
144338,5.59498002913377
144339,13.1800936342304
144340,9.34933124837941
144341,1.30979243025835
144342,2.69730691847446
144343,15.344354187068
144344,1.95766674023664
144345,12.7016097697764
144346,9.86130063480049
144347,2.394112004768
144348,1.19587802639468
144349,15.8323510523645
144350,2.41248516914205
144351,14.4209872736782
144352,11.834047913838
144353,5.5579129271947
144354,1.80121544122978
144355,16.0474989544681
144356,4.25621489915978
144357,14.79418978642
144358,13.0171614901903
144359,7.87676391843723
144360,2.92916166219493
144361,17.3351042141884
144362,3.64522805866503
144363,15.248697527752
144364,12.4253496241848
144365,12.2192692116794
144366,6.53593506674823
144367,18.6491559888461
144368,12.5913061412441
144369,15.6928983490289
144370,13.2859000470391
144371,12.8950820196563
144372,10.6460619037072
144373,24.0194238942927
144374,18.3689370335726
144375,18.7377181561209
144376,16.1495255335571
144377,13.5027235736537
144378,13.7091003958728
144379,24.1434849573775
144380,21.096764134322
144381,20.1099277880227
144382,16.5038270209237
144383,14.6217893072396
144384,15.802610535386
144385,11.4094900753372
144386,14.498203880538
144387,12.9377736733957
144388,10.588437662527
144389,11.4925124800228
144390,12.6338307156671
144391,10.4093533728095
144392,13.6747468818187
144393,11.0285422873189
144394,6.40518272297978
144395,8.95151265273454
144396,14.0041021441419
144397,12.3321343360472
144398,14.4964992796726
144399,9.14061620676557
144400,2.41970622938459
144401,7.99665353206833
144402,14.3521812896067
144403,13.9053564952183
144404,15.5865269134194
144405,11.1575053727257
144406,6.38716091712389
144407,9.00803797726099
144408,15.0981879940706
144409,16.0675160378781
144410,17.0239854470213
144411,14.7695105570057
144412,12.3921640556853
144413,13.1292605003041
144414,17.6135191563182
144415,16.4358239813106
144416,17.6809675990577
144417,15.6126315073175
144418,13.1430565423499
144419,14.8001219316639
144420,17.6229957860804
144421,15.8501509116813
144422,17.2845135466577
144423,15.1243507422974
144424,13.7823846647004
144425,14.8255419811796
144426,17.1139537208127
144427,17.276360725224
144428,18.6729931963771
144429,15.3941753346486
144430,15.8617996412222
144431,15.9591314817882
144432,18.9644878975814
144433,27.8680963711591
144434,28.4717970268408
144435,23.471043520468
144436,23.7931749097873
144437,23.9570229853161
144438,27.8489745223122
144439,71.3814222769151
144440,45.1607553784674
144441,33.5181917984306
144442,34.9584082003329
144443,37.1534051451244
144444,44.7680890949647
144445,37.3052122024547
144446,28.5425063911093
144447,21.1459828055287
144448,24.9281346066112
144449,26.658264865552
144450,29.0543982601369
144451,26.0395748771426
144452,24.1982844801779
144453,18.7972792985982
144454,20.6253031134881
144455,20.7800824974938
144456,25.3058007876325
144457,20.4244303303341
144458,18.2996495891039
144459,17.1996897651915
144460,4.39164055528199
144461,19.6764939577004
144462,20.0897366264031
144463,17.2351560788065
144464,14.6324151389287
144465,15.843901401111
144466,1.98091230919761
144467,7.39177442620116
144468,12.65938841471
144469,15.682340254764
144470,9.39115153221443
144471,15.8152006505781
144472,4.45156483650642
144473,-1.87372694330652
144474,6.2795399904004
144475,13.4437546346485
144476,4.6476730838196
144477,15.1842061169614
144478,6.51839222942373
144479,0.327633619363919
144480,2.90577235832443
144481,12.1807311460995
144482,5.76981594528449
144483,11.6710843312626
144484,9.74948873541093
144485,3.92484201257745
144486,-4.67299956223124
144487,12.0965695460858
144488,-4.71633611736566
144489,10.6655037108389
144490,8.78323625992021
144491,2.59800238448145
144492,-6.80019442982187
144493,11.8071549946413
144494,-5.20002782015789
144495,9.90250564443403
144496,10.5338805692564
144497,7.66122343181494
144498,-8.0585587834209
144499,12.234726391428
144500,-1.53452192432738
144501,10.582657661059
144502,13.3061866971935
144503,8.78362450912934
144504,-7.43851712437456
144505,12.3980720661823
144506,3.51052462489247
144507,12.0001390884737
144508,13.3964313043262
144509,11.4207479072145
144510,-5.49745163567092
144511,13.6815453339594
144512,8.19406295723498
144513,13.1776462677186
144514,12.7600581063422
144515,13.625875275565
144516,-3.9191626751247
144517,16.1874187169172
144518,4.81708767556205
144519,16.259921677355
144520,15.8031431830643
144521,16.2490190270363
144522,0.0174584996029239
144523,17.2938257098927
144524,6.59352079116464
144525,16.68852150806
144526,15.0750529289097
144527,16.390732314107
144528,6.37899645961553
144529,4.22138883891911
144530,-2.30831083407281
144531,8.05965907142251
144532,8.86633367360353
144533,9.08224970713809
144534,-5.23235870423675
144535,1.40359976344059
144536,-10.7465180300784
144537,4.18091143494685
144538,4.19401506790687
144539,6.68633647196231
144540,-11.0599738234849
144541,4.5609199313562
144542,-8.53949253035185
144543,5.36188343906848
144544,2.46600835322377
144545,5.23173933794598
144546,-7.35606128293767
144547,7.87359120650659
144548,2.44837521869875
144549,8.58818065983318
144550,5.788958144608
144551,8.01036768074628
144552,0.433496510727316
144553,9.88760889952411
144554,4.50953872501637
144555,9.4655835716054
144556,9.74687699761191
144557,10.6693353482456
144558,4.15270432028291
144559,11.6306441761582
144560,7.6760420819973
144561,12.6711996332144
144562,12.8400835854567
144563,14.1093767763035
144564,7.73352771076214
144565,13.413472270622
144566,8.72943439862883
144567,13.6743154052973
144568,14.1882887675592
144569,16.3757576449777
144570,9.42932401093017
144571,17.2646927687349
144572,12.9810739171152
144573,16.2043211584321
144574,16.3665478127986
144575,17.4171292679059
144576,12.3519017831828
144577,30.8905848725309
144578,26.3613098323218
144579,26.9713761146729
144580,27.3315378902261
144581,27.753275638777
144582,24.8074981244826
144583,61.8429870321913
144584,48.1813184598911
144585,40.8434447202609
144586,40.6882543184375
144587,42.5861457694488
144588,43.7870725874288
144589,44.128936293483
144590,29.588619159901
144591,26.6469309475622
144592,29.582051726608
144593,30.3914952008642
144594,36.7045778950976
144595,32.1915069273435
144596,21.8819785602066
144597,20.3446569273121
144598,23.806262568064
144599,23.0457411325618
144600,23.9924048407555
144601,27.5101416482636
144602,19.3630286248936
144603,18.8634911398376
144604,11.2428638667285
144605,22.7313980516016
144606,21.2180896724736
144607,24.3252604589564
144608,18.6378640438286
144609,17.7373105068818
144610,9.59816881063827
144611,13.1869266008902
144612,19.2976330306857
144613,23.4514597866252
144614,16.5366380985584
144615,16.8329935012108
144616,12.1463562697234
144617,12.8748866121628
144618,18.9290362104606
144619,22.3749090269897
144620,17.550050127767
144621,15.4720147290412
144622,13.7704933333028
144623,11.3066990084384
144624,19.2716232514658
144625,24.0294397039082
144626,15.3576164506592
144627,17.1749600476464
144628,14.7697010586634
144629,13.9261055469269
144630,15.899601654339
144631,25.8120060942124
144632,16.0738725299667
144633,17.58492749413
144634,15.4471925025444
144635,15.2235631210357
144636,17.699022334936
144637,26.5919749541897
144638,16.7584920752302
144639,15.9891460496631
144640,16.3286879306215
144641,15.9902748218173
144642,17.5144227154216
144643,27.8526923336232
144644,17.6504007474635
144645,16.6169693487283
144646,15.4001592488454
144647,16.5462732789157
144648,16.5694426019068
144649,29.5431063575898
144650,18.0314515548693
144651,17.8521015962954
144652,15.8545136960646
144653,17.7482923272997
144654,16.8946713600234
144655,38.8666399840472
144656,19.0224764425332
144657,18.4057600128592
144658,17.7176828598665
144659,18.631806174909
144660,19.3726947957487
144661,46.3476263864097
144662,21.964855100706
144663,20.7006790270359
144664,23.1574605495967
144665,22.0670395232489
144666,21.660561496046
144667,28.7506358079035
144668,20.8657731300902
144669,21.1167841444902
144670,22.4562829311215
144671,21.2539993900766
144672,21.2078160979284
144673,16.2403515410843
144674,14.2064444054032
144675,14.1258294841162
144676,14.966973522185
144677,14.3723285098825
144678,14.0660434648684
144679,12.5230300566454
144680,14.3653858675174
144681,12.4840550930839
144682,14.6750562725366
144683,14.774390862927
144684,13.9649390889742
144685,12.471567441125
144686,15.8182329492718
144687,13.6781598792306
144688,15.1634314695464
144689,15.2597599098984
144690,15.7921011761998
144691,13.9044703763027
144692,17.9005913802285
144693,16.2653977179732
144694,16.8754436604404
144695,17.4853511253145
144696,17.8008411720872
144697,16.7322362489358
144698,18.7018734454048
144699,20.1648112606477
144700,21.097179257679
144701,21.6923456054607
144702,18.7594046154515
144703,19.6811808277866
144704,20.1809960316758
144705,21.8183797930989
144706,23.0180882679506
144707,24.424245685157
144708,20.6688682011876
144709,21.5650013772469
144710,21.3875622546257
144711,22.8002362615907
144712,23.9706073020005
144713,25.4509828402566
144714,21.0403533502453
144715,25.0065768881746
144716,23.6908302387611
144717,25.0484440805593
144718,26.4507360965232
144719,27.5568204782937
144720,23.6883057149918
144721,43.9021253433286
144722,40.1075143398829
144723,37.4089820281557
144724,40.0475790103584
144725,40.8619093609828
144726,40.2482834730149
144727,138.073702045045
144728,78.5848026745205
144729,64.808199820419
144730,68.0946300999978
144731,66.7764718835461
144732,78.7742358488923
144733,115.671491674431
144734,56.3129062492483
144735,34.0428542061583
144736,44.048047505183
144737,43.7125475457385
144738,58.2367342162975
144739,94.8628550548133
144740,44.71184296856
144741,29.1786345498904
144742,22.446610114786
144743,28.6359553971147
144744,46.8321677677957
144745,81.6320344580037
144746,36.8605843666382
144747,25.9190850447068
144748,18.6282852453342
144749,19.8417447868786
144750,37.3061981294985
144751,67.5984694154156
144752,29.5182496191534
144753,23.5287280336702
144754,17.1274499508101
144755,17.0695683169272
144756,30.3798653717449
144757,62.0456995991894
144758,22.2448320881586
144759,20.6606365675941
144760,14.2893757581821
144761,14.2979602293294
144762,25.6607293182656
144763,52.4629263754992
144764,19.3624212822647
144765,19.1331098422745
144766,12.814643510242
144767,12.5749923767175
144768,21.1667834792874
144769,40.9445553764896
144770,21.5939633722459
144771,18.8116468685505
144772,11.1854105041051
144773,14.2492222504865
144774,21.7123296168714
144775,41.3199960377445
144776,20.3074719344673
144777,17.5916793536507
144778,13.8591019505805
144779,12.2651877444166
144780,20.244827438984
144781,38.1202635435558
144782,20.1677912735956
144783,18.3856884151039
144784,13.5119132041278
144785,13.8889483917395
144786,20.2449561842599
144787,30.9848677791193
144788,20.1775146418617
144789,18.4864966284468
144790,14.6016203752047
144791,13.6121822522365
144792,20.2985236357222
144793,31.0103568550483
144794,19.7996993335806
144795,19.0888656597116
144796,14.399710299792
144797,15.0544617267135
144798,19.9975261580219
144799,36.2566197935189
144800,18.6614286257557
144801,18.9805245996974
144802,14.8134936135203
144803,17.1941472359605
144804,19.1489647030242
144805,29.0559247736747
144806,22.5860660668025
144807,21.9176815382896
144808,18.5877753152257
144809,20.0053129040357
144810,21.1654584897469
144811,26.8869720282233
144812,21.9018231939411
144813,22.0465192415315
144814,19.6785361777259
144815,20.5624366629283
144816,19.9425744154841
144817,13.2836793064144
144818,15.4323056099502
144819,17.550757024378
144820,15.5644810919093
144821,16.1802706450562
144822,13.7026287906237
144823,9.21130966265094
144824,9.01754567243272
144825,13.2275369785149
144826,11.119431598868
144827,13.2919883494364
144828,13.1126705219793
144829,5.30630312957385
144830,11.8912571870672
144831,13.5881362393911
144832,9.71293700547087
144833,13.7015007308908
144834,13.116949091358
144835,3.2210878942036
144836,13.8368938961612
144837,13.595752802054
144838,8.81163523672984
144839,13.5835103085041
144840,14.0336527774413
144841,6.75358016252853
144842,13.7905167784228
144843,13.2417653237838
144844,9.9297074373628
144845,15.2582070599952
144846,14.5204331599371
144847,10.1714062258929
144848,14.5624408925798
144849,13.9981999057339
144850,9.87867478117165
144851,16.6110496600407
144852,14.4178368689798
144853,12.7258966479268
144854,13.8397464072161
144855,14.7613714077807
144856,10.6322742862884
144857,15.1612427618074
144858,13.8146059111347
144859,17.5448128347628
144860,13.5457174502793
144861,12.3567052954595
144862,11.7507644735511
144863,14.7428078726383
144864,13.5946177497898
144865,29.8496307152619
144866,17.2184790901573
144867,18.7112876692238
144868,15.0743376304053
144869,18.2665655588726
144870,18.4594047676818
144871,89.5893436378446
144872,30.7784672880715
144873,24.4575434699033
144874,22.8925250183414
144875,26.2634002071111
144876,34.0410341332655
144877,76.1824055451798
144878,31.573178042272
144879,22.3405867154884
144880,12.2942466087058
144881,27.1274005386522
144882,34.3977599450033
144883,66.6034484091185
144884,29.1588328501306
144885,18.8431554905106
144886,7.86974447301867
144887,12.44454880059
144888,29.0259815705656
144889,61.4803740349026
144890,26.5427748451275
144891,18.352717236834
144892,6.3726905354008
144893,9.52976430793194
144894,23.7287690850355
144895,54.2235123782298
144896,21.8339150771728
144897,18.7093331569201
144898,3.52903474210402
144899,7.87748235766257
144900,16.0291211940492
144901,46.6891992892096
144902,19.9133883201469
144903,17.6058982561283
144904,3.62024787078809
144905,6.00970354383882
144906,15.8954119784167
144907,43.9727570985946
144908,15.065943907369
144909,17.9831884495882
144910,8.1285620542082
144911,6.34361170103489
144912,16.57615988482
144913,41.0009693336593
144914,7.65972093103985
144915,17.0592509798965
144916,10.6310141959829
144917,6.12224438021389
144918,15.8023238186612
144919,39.1111600606671
144920,14.5353936090568
144921,16.8571747796299
144922,11.1879909213007
144923,10.0082179989911
144924,12.8318077446708
144925,35.2497439394571
144926,8.89911853819904
144927,17.4065267468974
144928,10.9639316150413
144929,8.85241946893755
144930,8.74761277474674
144931,40.8312360996409
144932,10.4870425415256
144933,18.7896843560482
144934,12.4160794541346
144935,11.301559797941
144936,8.28865102665115
144937,47.2459993662339
144938,14.6112243400413
144939,19.7430961699752
144940,14.6950124059431
144941,11.7499693534603
144942,11.0266431602291
144943,47.0497199465632
144944,14.8375552560575
144945,19.9958356780638
144946,15.2535831355845
144947,15.1163617243914
144948,13.7712746867735
144949,56.5858525180609
144950,17.7020484802967
144951,22.6758660295858
144952,19.1006071041026
144953,19.2342941089508
144954,18.6468461248588
144955,55.7188525115541
144956,18.034932083956
144957,23.5648349105442
144958,18.7228190195019
144959,19.6784685605572
144960,20.4467601571533
144961,25.8852645058952
144962,14.2744150997295
144963,20.0204476468931
144964,15.6278722009236
144965,18.2356226635459
144966,16.1674689531915
144967,23.8340377018999
144968,15.2540818592968
144969,18.119734675524
144970,12.553027511242
144971,16.4301823615757
144972,16.5493616611786
144973,21.5034263566541
144974,18.1479640569993
144975,15.136096372093
144976,11.0747726524758
144977,17.0647342939123
144978,20.9494505328979
144979,24.8452258777682
144980,22.1613822183759
144981,17.8222704777439
144982,15.2567771418943
144983,18.4639678964171
144984,22.5023276635742
144985,25.727584480954
144986,23.1765306459212
144987,20.5057940015863
144988,16.7515727840649
144989,19.9137553194723
144990,22.8195270573739
144991,26.9203172408927
144992,23.7481216715052
144993,21.7924896905836
144994,19.0370689167348
144995,21.5107328633111
144996,22.9001397172119
144997,28.9321718416271
144998,27.7682765676367
144999,24.6442193028157
145000,21.5664768268919
145001,23.5931690266697
145002,25.6043586608631
145003,33.9549125621093
145004,30.9517277199664
145005,27.4846767755684
145006,24.3467903036343
145007,25.2240224592012
145008,30.9356730672237
145009,54.9890229004553
145010,54.2412850655041
145011,35.6533410481198
145012,35.6088289423528
145013,35.5589935359094
145014,54.5723786283035
145015,132.226196184975
145016,77.5633130165815
145017,39.7484206675301
145018,42.5530966972268
145019,47.5621809174507
145020,75.867905684784
145021,109.461392824469
145022,48.4361666186436
145023,34.1765619790968
145024,25.2993148386574
145025,40.7777868169035
145026,42.8390644743043
145027,100.799795733749
145028,41.3991401497689
145029,32.2863511961365
145030,21.412936693117
145031,25.8481679557495
145032,38.396542992968
145033,43.6123195373958
145034,31.9974054574576
145035,27.404315213561
145036,18.4236491025705
145037,17.6556549242259
145038,31.0580598504312
145039,45.9804344602765
145040,26.5012166792122
145041,24.1353221769582
145042,16.1698387139558
145043,15.3897594047073
145044,24.8214464867303
145045,35.6469632758112
145046,21.4597356951189
145047,21.5354512805433
145048,13.7628163246099
145049,12.3293329096053
145050,20.460107767691
145051,29.4657264839811
145052,20.6871281510912
145053,20.7690383145471
145054,13.9076798365456
145055,10.9294810335979
145056,19.3041614873697
145057,25.2920155400622
145058,17.4940095267362
145059,21.5774039996495
145060,13.0951966232752
145061,15.8450085949188
145062,15.8600793614097
145063,25.4345678311567
145064,16.6623925869648
145065,19.8430591217211
145066,15.7888807321035
145067,16.0125042837183
145068,15.1678520190273
145069,27.7349592695923
145070,19.3926290309744
145071,20.5235904018278
145072,14.1368022303315
145073,14.334589964656
145074,12.9980035698512
145075,28.3269301529295
145076,20.1487926382327
145077,21.7252614519268
145078,15.5637348932672
145079,16.4504185653797
145080,15.9472040075495
145081,30.2259369231103
145082,22.4046416327232
145083,21.2818607605925
145084,17.3816252788214
145085,17.4873710889909
145086,22.8314086511966
145087,31.3613972731275
145088,23.3716488854037
145089,21.9036878855528
145090,17.2030919789548
145091,18.5639555462797
145092,25.6767065676209
145093,30.6421203221812
145094,26.8059858990395
145095,24.7132923715637
145096,19.9946610702877
145097,20.7064488758371
145098,26.8830688516744
145099,35.5058450779019
145100,28.5629129845924
145101,25.2772949917498
145102,20.4808839242677
145103,21.3186674143907
145104,28.9503530106132
145105,29.3928193327679
145106,25.0561829368241
145107,22.5929213238821
145108,15.2180990744722
145109,16.2017374945795
145110,25.4543836574911
145111,26.9300216248154
145112,25.3084120447268
145113,21.4754243093217
145114,10.2117880384341
145115,13.9739519365375
145116,25.2784570032829
145117,25.4079225961141
145118,24.0429314222599
145119,20.717658443931
145120,2.64948558177881
145121,12.5098239918274
145122,23.9156386861579
145123,24.6990395249984
145124,23.5950357837739
145125,19.9017329693563
145126,2.42819656183875
145127,10.4218202274455
145128,23.3539104575536
145129,25.6449444141499
145130,23.2917726891408
145131,20.9682445418892
145132,3.87576599323522
145133,12.9056061505867
145134,23.1894252489921
145135,26.9723729907589
145136,24.6983063989083
145137,21.2944040178173
145138,7.58686630256864
145139,15.0816199052668
145140,24.6112853454303
145141,29.5902602749278
145142,27.9266922778177
145143,23.2980028408616
145144,11.4625439811447
145145,17.8896163151809
145146,27.8294593108787
145147,34.24817925937
145148,30.2718550772731
145149,25.6393476314289
145150,13.4642582639853
145151,18.6849192826355
145152,31.0969671830843
145153,49.8799929286815
145154,41.433554621529
145155,29.6917967184805
145156,17.5569534071098
145157,19.3798128077117
145158,39.7138892189091
145159,68.196344518971
145160,56.5095895971718
145161,34.5603127496293
145162,24.8080000292297
145163,26.9049267545568
145164,51.0595815154681
145165,58.9289093050004
145166,30.1286323669578
145167,31.4389754619281
145168,23.0247452622827
145169,29.6743431028983
145170,41.7646838027981
145171,47.4507730621277
145172,26.238854233556
145173,26.6558955648769
145174,15.8380303110274
145175,19.2260742739822
145176,39.713006239902
145177,51.2707028413899
145178,34.6336674198447
145179,24.746454498029
145180,13.5346220049501
145181,17.1042897652032
145182,34.4235920676875
145183,39.631237373685
145184,31.3730617713688
145185,23.8973088196986
145186,12.3506715409033
145187,15.7602896478407
145188,29.9683803134402
145189,38.7059312734128
145190,26.4933665150022
145191,22.7291918906735
145192,8.47952975694934
145193,12.4358622243446
145194,25.9495727211009
145195,42.110864385891
145196,25.2925553548523
145197,21.0389207767975
145198,6.19394722580677
145199,10.6470406010849
145200,23.337909842362
145201,25.3340545747389
145202,24.2808068267527
145203,22.2714698929911
145204,6.85817538476793
145205,10.3577097287245
145206,21.8824053114996
145207,27.7144491023041
145208,22.55397500079
145209,21.9604589725715
145210,9.91220815020043
145211,10.6870000793024
145212,22.3989712178656
145213,22.6886231832541
145214,24.2675212093838
145215,22.2067694690637
145216,10.8294387009936
145217,11.8676215649042
145218,19.79062277957
145219,23.2037138127422
145220,23.0594512371316
145221,21.6467543679701
145222,11.6884799480054
145223,14.8219652197782
145224,21.7836996251386
145225,24.3054926813322
145226,20.877529212465
145227,22.215118497439
145228,15.4425398619254
145229,14.9213352316612
145230,19.8895216314576
145231,27.5928636474198
145232,15.6733971631294
145233,22.2114079115582
145234,16.5277552339364
145235,16.0345047295736
145236,21.5931181782961
145237,27.1945278825981
145238,21.3929111606845
145239,23.2646896866209
145240,17.569929267955
145241,17.8608746626309
145242,23.9795003540936
145243,30.9253780871413
145244,19.3078169968244
145245,23.6593947034362
145246,16.7948455698348
145247,18.5840066223044
145248,21.582798327348
145249,33.3310665527834
145250,17.3874090296498
145251,22.0803152577705
145252,17.3534155019208
145253,19.3243928028083
145254,16.4678485164205
145255,28.5016534809714
145256,16.1455626015476
145257,19.9967668259332
145258,11.828245990769
145259,12.6616420420745
145260,19.4329354004471
145261,25.2137434835469
145262,15.8577692103741
145263,17.3464971886605
145264,4.2062454590138
145265,10.6554341412519
145266,16.7202707409501
145267,20.8565584641176
145268,14.0571286557438
145269,15.0454726538355
145270,2.23171106260487
145271,5.07045822700834
145272,13.1988154854172
145273,25.2896092083426
145274,15.624142077813
145275,13.9585793307347
145276,-1.76650647348321
145277,5.64639332037806
145278,18.1365418931264
145279,24.2860338892743
145280,18.9286545763173
145281,18.436275555368
145282,3.49038825544656
145283,8.74378294034527
145284,17.4772786197333
145285,26.1913395802756
145286,16.2467419605533
145287,21.7607676937929
145288,7.09962790831785
145289,13.4970250737258
145290,12.1231138533098
145291,24.9104625188149
145292,15.9216014964592
145293,22.1416214332503
145294,12.4647270787538
145295,15.5156176341221
145296,17.1477351117208
145297,38.1169541708539
145298,20.549049800816
145299,20.4618874049904
145300,15.933575459726
145301,18.1084478474177
145302,19.2994945566145
145303,45.9677819181
145304,24.5831483350296
145305,24.7868498697376
145306,21.4785404154797
145307,25.1961235100414
145308,24.4024211802273
145309,48.0006907657051
145310,30.9152200935164
145311,25.1502838344392
145312,20.1336967181737
145313,26.2156937241159
145314,32.2022148587881
145315,35.706437489002
145316,29.6856806471464
145317,23.5734091255339
145318,14.7617196657907
145319,24.8346788883336
145320,26.2713525797649
145321,47.4105644463616
145322,26.5905151538456
145323,21.6453732951754
145324,14.441930445569
145325,15.7862878182931
145326,26.2563433567561
145327,64.7632473911802
145328,24.6004518095875
145329,20.1919793746495
145330,13.9894493698553
145331,14.8452808020976
145332,21.6274910218307
145333,63.2527507591932
145334,22.6616667517546
145335,17.3090377161169
145336,13.5957967955778
145337,17.2029509421197
145338,21.1867934148692
145339,59.0734200961908
145340,20.5328516862996
145341,16.4954084280356
145342,12.7474474658328
145343,16.669747181341
145344,22.2521681152935
145345,26.0079458948669
145346,20.3887803416292
145347,18.7591009604398
145348,17.4668101543882
145349,16.4973753568238
145350,19.7040211625861
145351,21.1355082338493
145352,15.7406823518505
145353,18.4429738844324
145354,15.3773166714596
145355,10.9668879161717
145356,16.5223695671481
145357,22.961081809159
145358,14.1191033698377
145359,18.2325025348237
145360,11.7065413242159
145361,13.8970783636045
145362,14.7849028867855
145363,20.341485508855
145364,13.4577136736761
145365,17.5399123252864
145366,9.58841602235401
145367,14.6449619908375
145368,13.7082768752756
145369,22.5176820481487
145370,11.772298348685
145371,16.6215134820922
145372,12.444412108866
145373,16.5719204712254
145374,10.84955518424
145375,22.8171490898975
145376,13.8925060549032
145377,18.1747687398284
145378,15.5519429929275
145379,18.5820365870436
145380,11.4596750760243
145381,30.5655741146572
145382,16.6014942778035
145383,22.8363272608606
145384,20.3879659071303
145385,21.7416482521672
145386,16.5322080216067
145387,24.3251007596816
145388,16.4199560118065
145389,22.7357422639223
145390,22.8253917177665
145391,21.168603237053
145392,16.4281230217961
145393,13.8244496501045
145394,13.4334853735287
145395,18.0536897403523
145396,18.0529192371997
145397,18.0157527775466
145398,14.5927054241061
145399,6.83100476014232
145400,11.9976308776975
145401,15.3906537953785
145402,12.0203691855114
145403,16.1579041230062
145404,13.3058832133239
145405,7.63703286252269
145406,13.6369959442048
145407,15.9264256353797
145408,15.908319989362
145409,17.2950159654035
145410,14.5766429102416
145411,7.95850933941156
145412,17.7726619908763
145413,18.7728178600041
145414,20.3858407024878
145415,21.273417438573
145416,17.4983858550263
145417,9.92574804045673
145418,18.8836531408868
145419,20.0245902131759
145420,22.5320024507591
145421,22.5920085218897
145422,18.5933470150193
145423,11.6182814117231
145424,20.4402262166733
145425,21.6673454575898
145426,24.4676405289615
145427,24.1454647134963
145428,20.7230750293887
145429,17.0261491667936
145430,20.9418519044496
145431,22.4248218384603
145432,24.854490937935
145433,24.9484193098048
145434,21.1018911932902
145435,21.8221675578326
145436,23.0175287339832
145437,24.3275839174535
145438,26.2690389723304
145439,27.0194990769786
145440,22.9493408357126
145441,37.5181752595444
145442,33.375396813991
145443,36.0490249443922
145444,38.9855783155889
145445,38.2089299423588
145446,34.5836414423218
145447,103.091402201421
145448,37.5669744970559
145449,64.6583464613628
145450,68.058024939594
145451,65.4402794629227
145452,59.37455070779
145453,101.25509627512
145454,34.2331107075772
145455,52.0531132276892
145456,57.4512947721672
145457,57.0048914896307
145458,32.5649010651499
145459,94.2639116612346
145460,32.6196638262094
145461,48.2456861877543
145462,55.5932862042863
145463,54.7205770331498
145464,31.2851331516716
145465,68.0280246405207
145466,26.3453270633562
145467,37.4751130739273
145468,27.816595827818
145469,37.4007670858801
145470,25.3187772659603
145471,75.3536680277308
145472,21.989599899307
145473,29.2856352207032
145474,22.8263478638861
145475,29.7169134634526
145476,21.9022699520591
145477,76.0597167736025
145478,22.4432229093332
145479,28.9673701310509
145480,24.0215116650436
145481,28.3809997576704
145482,21.4840936910825
145483,70.0255156894957
145484,20.3305240879226
145485,26.9278695400258
145486,22.6686230897381
145487,21.1161441493931
145488,19.7327654935597
145489,60.2901399035139
145490,21.744528522008
145491,25.439615687812
145492,20.6032005470453
145493,20.3928483613923
145494,21.0205467360727
145495,49.8685037326224
145496,20.5143037300965
145497,24.713770722167
145498,20.0958867916585
145499,21.0049455944332
145500,20.2912939915416
145501,44.4267779573835
145502,18.6956549555354
145503,24.6535807383109
145504,21.1335909078891
145505,20.5921837542069
145506,18.8246741388677
145507,29.226542032496
145508,18.4458242338326
145509,24.2894735623292
145510,20.5858013351259
145511,21.5886172070246
145512,17.9267568200875
145513,32.6635501147433
145514,18.6143105601181
145515,23.0591787376521
145516,20.3918532733233
145517,22.037196336891
145518,18.1130049940623
145519,39.5039493787408
145520,19.0479271902745
145521,22.3288409458325
145522,21.682067092067
145523,23.0474650958764
145524,18.382300330204
145525,42.2395889463721
145526,20.2381527269476
145527,19.6140649013965
145528,24.0349015712285
145529,24.7096044763309
145530,20.374209821422
145531,35.0360054791333
145532,21.4736228694951
145533,20.9859622198841
145534,24.8220656002221
145535,24.5972060823576
145536,21.3490460712465
145537,21.1657086602511
145538,18.9717706383784
145539,14.0537418274748
145540,20.3597362540864
145541,21.0640930004437
145542,18.5623686525269
145543,17.5637898444018
145544,16.7590254113063
145545,11.4271903333511
145546,18.9506882558168
145547,20.1068780037621
145548,17.2457035908763
145549,17.8978354182251
145550,17.8229140590957
145551,11.162304835917
145552,20.3665311416493
145553,21.1182888630199
145554,17.6477087786734
145555,17.9329857255158
145556,18.6075965857014
145557,12.4801066983849
145558,21.4434660779028
145559,21.7974440002046
145560,18.2160713158618
145561,19.1929891847441
145562,18.9604397285421
145563,11.6381911147567
145564,22.2858956797848
145565,23.5650213991837
145566,18.4356118958713
145567,19.4586008556263
145568,18.8959796738148
145569,14.5392206961732
145570,23.0311052855963
145571,23.9910012138036
145572,18.5353213994879
145573,19.2302513178825
145574,18.789720284709
145575,15.1796864241265
145576,23.0347888417265
145577,23.3898918857051
145578,19.3289703564177
145579,19.4113949035623
145580,19.2394758474036
145581,16.686351635478
145582,23.3697537615899
145583,23.3369891469515
145584,19.9320143012113
145585,31.7523117908602
145586,30.6351459382352
145587,25.5699980458061
145588,31.6981781793636
145589,31.3547547786387
145590,30.7539441381072
145591,63.3692651480112
145592,48.7784164030107
145593,39.8109080325005
145594,43.1539827313978
145595,44.7509593693944
145596,49.2701563871191
145597,53.7274452425773
145598,38.804748371898
145599,28.8598013991119
145600,27.6051510906338
145601,21.4327502437602
145602,39.0092518833438
145603,43.1408598543635
145604,35.0070705934401
145605,24.738537397194
145606,10.8399847600092
145607,16.4499546720379
145608,34.3419870274044
145609,42.2630074054486
145610,29.8315128654802
145611,21.430829328491
145612,10.4815466275052
145613,15.2943267771471
145614,29.2452883815624
145615,34.2026514799729
145616,27.3588031986464
145617,19.2027622972993
145618,13.6232339006235
145619,17.4609771572002
145620,26.7157303410338
145621,30.5813786556487
145622,25.7277294817798
145623,18.5244561219793
145624,18.5178061775353
145625,18.0209626172806
145626,25.2183198612212
145627,31.2641244053005
145628,25.7745168137053
145629,18.8804150434646
145630,14.3684062869504
145631,17.5807692209887
145632,25.2558446081125
145633,30.9581512043004
145634,25.3596519934829
145635,18.8555390558446
145636,21.7320234640025
145637,20.6214826716739
145638,25.0831314472896
145639,30.450488167954
145640,25.0038472495768
145641,18.2339250960944
145642,20.2218046058435
145643,21.3925589698788
145644,24.91054878834
145645,30.343978821845
145646,24.6668494249268
145647,18.2396834078173
145648,21.3110637167419
145649,20.5338050000589
145650,24.5449604026528
145651,32.2299334041629
145652,24.4699862204995
145653,17.3078264189246
145654,20.175650322943
145655,20.2435491663015
145656,24.5435803564099
145657,33.0938219406964
145658,24.4320765736536
145659,17.886840910129
145660,19.9142370727368
145661,21.9316123687368
145662,24.2601436282372
145663,32.0474246429114
145664,24.719139536367
145665,17.8214384652207
145666,20.3843824368805
145667,21.4740130605405
145668,24.2449623645312
145669,28.3455876924091
145670,24.5660305715269
145671,17.5242957387631
145672,21.9030777832108
145673,19.9563251645403
145674,24.4139654323597
145675,26.4264782926705
145676,24.2326426509183
145677,20.9753155007294
145678,21.3573654516558
145679,21.682121479366
145680,23.9225805580383
145681,18.2089728871622
145682,19.7187957842535
145683,16.3177602892144
145684,16.6716989047254
145685,17.5880545852165
145686,16.9991196583038
145687,16.7582319444562
145688,16.907954155899
145689,14.9965395349405
145690,13.4842459921891
145691,15.8509216505363
145692,14.7498682299865
145693,13.3012680574624
145694,14.5983576038651
145695,14.2680644055088
145696,12.1905918269475
145697,15.1735896466407
145698,14.1486042371892
145699,14.2832589398746
145700,13.2044946523192
145701,13.9986744342117
145702,12.7155133475009
145703,14.6207142875747
145704,12.6735817981353
145705,14.9753215998479
145706,13.1309737232953
145707,15.6765011959818
145708,13.8819969458797
145709,15.6145781294608
145710,12.8018587253296
145711,15.990260727869
145712,16.4102853240715
145713,15.4639617117471
145714,13.8544404807767
145715,15.2222850637264
145716,15.7936166282586
145717,18.796819232927
145718,17.4939711243746
145719,17.7585245235706
145720,15.0600447423866
145721,16.6337637566418
145722,16.3846627233011
145723,21.5941506593082
145724,18.1517023544566
145725,20.8665298208374
145726,17.8633635317778
145727,18.5196407752641
145728,18.8555978159382
145729,27.6381675410856
145730,25.0654846960664
145731,26.3307508584414
145732,23.7327522596614
145733,21.9890705525457
145734,24.0783475136696
145735,30.3384193084039
145736,33.7812264476603
145737,31.0262247124911
145738,26.4212092969098
145739,24.7976554136457
145740,34.0076768727031
145741,28.5796802070883
145742,31.7793667905676
145743,27.6424623280313
145744,22.8248147785968
145745,16.1017163660771
145746,31.5057834076593
145747,25.8957679647107
145748,31.0662285939059
145749,26.0859700092767
145750,15.0957219280824
145751,15.5295454991814
145752,31.4462910321806
145753,26.3856090414099
145754,30.0462893785008
145755,24.9349185720248
145756,7.96980602201374
145757,17.281310301275
145758,30.4783904354303
145759,33.270536753524
145760,28.0647997831445
145761,22.528778661631
145762,7.44424228375754
145763,17.1231205469279
145764,28.2619231252487
145765,36.9915674385235
145766,25.5340592384958
145767,21.7617110902617
145768,7.88733834474204
145769,9.89185015875762
145770,25.972019442227
145771,41.2560441304706
145772,26.4583178808552
145773,23.4016877701663
145774,8.70284646454715
145775,8.52591764271642
145776,26.6302463421686
145777,25.9774626309875
145778,23.6467670617183
145779,19.1235933132805
145780,2.16496165847774
145781,6.36687367611557
145782,24.072764713629
145783,42.61049202523
145784,23.3337826501618
145785,18.2043649929109
145786,1.48571950528754
145787,5.83108314351869
145788,24.2878070910176
145789,40.2152579882212
145790,24.6027705786659
145791,18.9918751741277
145792,0.391533028687657
145793,4.8715532036428
145794,23.9158223273199
145795,40.9436848369324
145796,23.4168615502959
145797,18.3857452694069
145798,-1.49560202444949
145799,3.09200626713942
145800,23.3391312973105
145801,37.1489893279179
145802,23.5842225689395
145803,19.3658708224516
145804,-0.418096305399896
145805,3.28675769825525
145806,23.4356366849031
145807,26.0135696672664
145808,25.1305057951338
145809,20.1147729785545
145810,5.56247016941949
145811,7.40521624219392
145812,25.1872495412756
145813,28.8028689999123
145814,26.6931984015932
145815,19.8990761323531
145816,11.8040045404278
145817,13.3605867979077
145818,26.7708000338212
145819,26.226863653391
145820,28.3479758040802
145821,20.6274033110202
145822,13.1082204542925
145823,16.1684665213374
145824,28.4731597987616
145825,17.5540537039466
145826,23.5021499689168
145827,16.9200390227885
145828,7.68272306313257
145829,5.92138466031559
145830,23.7927496965481
145831,16.0997070221416
145832,19.8760969441309
145833,13.310021716452
145834,-0.120414344238156
145835,2.55349695502616
145836,19.1227879268426
145837,14.9670990569923
145838,17.4839518956722
145839,10.5109959830267
145840,-5.86417174149653
145841,3.5506119058489
145842,16.2028186119328
145843,14.174953375834
145844,15.1399753781314
145845,10.0348944741583
145846,-0.0829624504961579
145847,11.5068308035039
145848,15.0934235744773
145849,12.3745356094994
145850,13.9968972038388
145851,10.5385520581199
145852,8.29924504985199
145853,17.1796107329393
145854,14.1161059780975
145855,10.3299289195691
145856,13.4460139338385
145857,12.4274832443396
145858,14.8856546393175
145859,22.1577076109699
145860,12.850008378171
145861,10.4808699089598
145862,13.7107504483037
145863,16.4090747743498
145864,21.6292431457573
145865,24.1677743626004
145866,17.4015970696675
145867,12.7427120065723
145868,13.43766487161
145869,19.5080585512428
145870,24.1823382831079
145871,24.8212696594516
145872,18.1781681311714
145873,24.4731798947047
145874,17.9387829626232
145875,26.2540818748708
145876,31.0551456306662
145877,31.4906308482361
145878,21.6878493676417
145879,67.3820789117143
145880,29.17444830766
145881,42.1885222047149
145882,45.0783812805511
145883,45.5100772147474
145884,28.5621066543972
145885,77.4191014668852
145886,33.6475450357165
145887,36.3892076833903
145888,36.5954598003032
145889,36.8515021686728
145890,29.8785706860974
145891,80.6969267735442
145892,26.0183434889799
145893,36.75436414332
145894,35.9940028204362
145895,33.7499139171759
145896,31.1386889914745
145897,78.6729869634526
145898,24.2776751513547
145899,34.8280205934388
145900,31.8350391290493
145901,29.9421169307535
145902,26.4735051936073
145903,77.893872473927
145904,29.5885060848064
145905,30.3612676729151
145906,22.9373362743299
145907,25.2175391065539
145908,27.5179632980568
145909,70.2421459452611
145910,30.3141748619428
145911,27.1559520180897
145912,20.9457466531892
145913,24.7947215347785
145914,30.7087469870379
145915,68.5470315746868
145916,26.8237404923897
145917,24.0533284817852
145918,20.6492177236071
145919,23.8739157443858
145920,28.8932502961134
145921,32.8496306537063
145922,22.6804709631235
145923,23.6178869234968
145924,22.3920079126828
145925,23.4914794620557
145926,24.5121646733229
145927,36.2385228201666
145928,23.9600025296104
145929,23.205840845707
145930,22.6671702887305
145931,23.1696571897292
145932,25.3413326736554
145933,33.9891018336854
145934,24.143825208877
145935,22.983967195941
145936,22.6313081680392
145937,22.9068862582177
145938,25.8583285241158
145939,34.0244064900318
145940,24.7789055716862
145941,23.3972649907018
145942,23.4460922782394
145943,23.617857600047
145944,25.9295364774404
145945,38.0312515531507
145946,27.9223034182208
145947,24.9056589131922
145948,23.9683400006602
145949,24.0453914287777
145950,28.4741358130902
145951,47.4900316793154
145952,31.2719948923342
145953,26.0651527518835
145954,26.5736421884317
145955,26.6443293172439
145956,31.3581628643006
145957,64.516291570123
145958,33.9180366386427
145959,28.9070147325115
145960,29.2038105246061
145961,29.1816806216388
145962,34.0770389313684
145963,76.6686810901689
145964,34.4496974809406
145965,29.4621240743297
145966,29.8651624495897
145967,29.9322514159061
145968,34.1495981360178
145969,27.0504258819664
145970,21.9959758708072
145971,20.6676837959596
145972,21.0003073518977
145973,21.0817044297734
145974,21.8225990595225
145975,20.7578969526828
145976,18.2890532342605
145977,18.5340879854913
145978,19.0134030655186
145979,19.5172035585031
145980,18.3307060950619
145981,16.4974451484732
145982,16.2454258279816
145983,16.3306361629109
145984,17.3624097615329
145985,17.9358343264672
145986,16.1412691482742
145987,16.3399386025317
145988,15.7888053901614
145989,15.9507972399716
145990,17.9656726540486
145991,18.6079309281356
145992,16.0540128126853
145993,16.4048701258742
145994,13.6573444397877
145995,16.349010551134
145996,19.7455372460839
145997,20.5300569343048
145998,12.5337117855381
145999,14.7949913524103
146000,7.60215881881653
146001,15.4862883783048
146002,19.9772115226214
146003,21.1914737067365
146004,10.8765764741065
146005,14.187729724785
146006,3.57462292722246
146007,15.7981535388258
146008,20.1683008886667
146009,21.1541257480306
146010,6.79827452045521
146011,15.3433470388579
146012,1.58434066225179
146013,16.6810598052258
146014,20.2178369958312
146015,20.6665636053353
146016,4.23791829068194
146017,27.5007927015212
146018,13.5768299553399
146019,27.1150148844917
146020,27.4631643676749
146021,27.7334700761764
146022,13.8651969646752
146023,74.962061755001
146024,24.4222301056058
146025,41.9998351188279
146026,37.2355854662024
146027,38.0485064607724
146028,24.0591048318055
146029,68.8734220417801
146030,23.0244132633682
146031,28.8533013914636
146032,28.464527456816
146033,28.6812789186077
146034,24.6210024389443
146035,29.16454428639
146036,20.5811368093664
146037,20.7004921018269
146038,21.3787225556406
146039,24.1150792293298
146040,18.2878608953777
146041,25.3450738667507
146042,19.6247862002665
146043,17.2513916577087
146044,11.2717334611527
146045,11.5808304515815
146046,14.2948983327193
146047,22.1338080528213
146048,16.8725884644517
146049,16.4003505381983
146050,11.7211509094386
146051,9.08800106055691
146052,11.3525052345367
146053,20.8045592370085
146054,15.3150314464599
146055,14.1646471035865
146056,15.731752922278
146057,13.8148052697471
146058,9.65953239704199
146059,18.2180102499041
146060,10.1155970982668
146061,12.7113054080937
146062,17.6084424712994
146063,7.77854989162504
146064,7.13812038573499
146065,17.2670606567531
146066,7.36610809754109
146067,12.8300504082637
146068,18.7188019324242
146069,17.5546733180018
146070,5.24217462003334
146071,18.5928878202567
146072,8.91994880953123
146073,12.5644898174011
146074,18.8726246331017
146075,17.6789668756403
146076,6.41881689071208
146077,18.6083620947963
146078,11.6461308850193
146079,12.6166207165756
146080,17.8086577376795
146081,19.1913163231935
146082,8.71164972160245
146083,17.8292340720164
146084,15.2379188342014
146085,11.1617770953181
146086,16.6688020956817
146087,18.314758892121
146088,12.0697587221368
146089,18.6107244447924
146090,17.6484775470571
146091,11.6703599951901
146092,17.3822509595737
146093,16.5507192737164
146094,16.2892150382513
146095,23.7731209064932
146096,20.3746478258887
146097,13.1675520383628
146098,18.4262679549692
146099,18.6545928088864
146100,19.4825648221256
146101,28.7087600095964
146102,24.559503713262
146103,14.548713682175
146104,15.0840001055098
146105,17.6620099936684
146106,23.4651065771483
146107,32.4666026534293
146108,26.0918896211099
146109,16.3367332478115
146110,6.70275018334208
146111,8.93282977091976
146112,25.3185346545853
146113,14.8899017962913
146114,15.4666814231777
146115,7.21695107315946
146116,-6.75583486388161
146117,0.153024784164533
146118,15.1529351960816
146119,9.07198600321197
146120,12.41007358168
146121,1.46479899689881
146122,-11.9422245014022
146123,-5.58436874696801
146124,12.3046350518989
146125,10.0753677541604
146126,12.1388181253177
146127,-0.513445384654116
146128,-12.7593369862811
146129,-8.45504070957539
146130,11.9670840206009
146131,11.7039815334075
146132,12.3950191706835
146133,1.36706068120304
146134,-12.3127343398187
146135,-6.17577568894597
146136,12.34419963008
146137,11.437483421647
146138,11.7867242145472
146139,5.86801511866334
146140,-6.16989947461632
146141,9.47557776927693
146142,11.6975344093326
146143,12.0617062799858
146144,11.3410095748048
146145,4.89712894705178
146146,7.04122110530055
146147,12.7881403626315
146148,11.401164132256
146149,11.2267618600344
146150,11.4827182264208
146151,5.78473805551822
146152,3.49952695410502
146153,13.4400332912892
146154,11.544544967484
146155,12.2549648603466
146156,12.2218410502729
146157,10.323879519399
146158,9.54355283939011
146159,14.7067210322779
146160,12.1908371321604
146161,27.0781306701335
146162,25.0711194513209
146163,23.4579963728646
146164,25.6266365435049
146165,25.4796464667888
146166,25.4398431351015
146167,93.2906483429258
146168,49.3911295122951
146169,41.9317742927426
146170,44.7874097107579
146171,49.014853271114
146172,49.1338403155272
146173,79.7858878985425
146174,35.1121826924613
146175,30.436552229978
146176,31.4325704437186
146177,36.8976543903303
146178,39.0040304479884
146179,70.103788531224
146180,33.2278362828003
146181,25.3430788332261
146182,29.1788874884021
146183,33.7961630475628
146184,35.8060602696525
146185,45.4760251986118
146186,28.3809450766659
146187,25.4507613582572
146188,28.7027103753851
146189,29.9547175056447
146190,29.5990407389951
146191,38.768654213706
146192,22.4396726494845
146193,21.7727551534097
146194,24.5200774974641
146195,24.9002202724653
146196,22.9137999430876
146197,27.5751530235418
146198,17.1765189730221
146199,20.5487297546116
146200,23.0577483913765
146201,23.5553368344973
146202,18.9100095820426
146203,23.8743636611687
146204,17.5962395527276
146205,20.5931639206227
146206,22.3930458503558
146207,22.7011284990679
146208,16.6705567748327
146209,25.4959703124869
146210,18.6315059571754
146211,19.5417273940528
146212,22.5393816325427
146213,22.9186625988727
146214,18.0411800142348
146215,25.6047056690642
146216,19.6025587121227
146217,18.1860521553667
146218,21.7645979763731
146219,22.9735766550849
146220,18.8219864260811
146221,24.6669043466715
146222,22.5466591767484
146223,18.8569254495172
146224,18.2111465350302
146225,21.7913057011379
146226,19.574072214366
146227,26.3844890351001
146228,25.5810045362341
146229,19.7361780913004
146230,18.1929810521118
146231,21.0427785029895
146232,24.391369836673
146233,28.2082089809614
146234,27.7053808998609
146235,21.3486862030086
146236,21.9651715337572
146237,21.9180879359824
146238,26.6021321292244
146239,28.0575509119351
146240,28.7743764753479
146241,19.6030292236584
146242,21.1751209477052
146243,22.1142047601056
146244,27.5289818150054
146245,29.3718431441438
146246,30.005508421001
146247,20.6217754655279
146248,25.0088146662963
146249,23.8410899243997
146250,28.6450675403216
146251,29.1247952343117
146252,30.6167100262578
146253,23.7356710262921
146254,26.7398003592627
146255,26.5151627018084
146256,29.4363949128769
146257,17.124750150286
146258,20.1609832954831
146259,16.8520401778457
146260,20.4872513521664
146261,20.7592629913275
146262,19.8538234665767
146263,13.7437163488326
146264,17.5693638891154
146265,16.6071660314023
146266,18.5950815482436
146267,19.4971869804907
146268,17.0926519778711
146269,13.4952222850954
146270,15.4238090399763
146271,15.9931959133199
146272,17.753184948271
146273,18.3465577733812
146274,15.174705851105
146275,13.9503770775124
146276,13.8777146656776
146277,14.8211331217232
146278,16.7179562394477
146279,17.3984218767001
146280,13.9953312896023
146281,13.0178162753148
146282,13.4968318277976
146283,14.333000415462
146284,15.2271749441354
146285,16.2657011698835
146286,13.4268725323637
146287,11.6575358725972
146288,12.3063751219585
146289,13.4749226661861
146290,13.6183704136335
146291,15.1606378396102
146292,12.1198118045386
146293,11.6887302783459
146294,11.6027961511045
146295,14.0340916451147
146296,13.3226372831431
146297,14.7199965170802
146298,11.3984241384196
146299,13.2050847672717
146300,12.152154009372
146301,14.2451156069901
146302,13.8675818567512
146303,14.860267375302
146304,12.032513734226
146305,26.266453982556
146306,24.6637667399217
146307,24.7391239542188
146308,23.9318420961006
146309,24.8117577266244
146310,24.2967654674048
146311,60.2859460638801
146312,38.4468394622085
146313,36.7135552743866
146314,32.8315222202719
146315,33.5310871364063
146316,38.9605039556786
146317,39.4204238425423
146318,29.0767540915119
146319,29.4302862535068
146320,28.7619721640919
146321,27.5550885424005
146322,29.91464675376
146323,27.7526053679241
146324,25.0486875761021
146325,25.5069514838637
146326,25.2693192799931
146327,25.9979179211979
146328,25.2502933447809
146329,21.7703051161378
146330,20.0355514405429
146331,22.5778780709298
146332,19.9688617415547
146333,22.9388404908704
146334,20.0820917305688
146335,20.2277588729157
146336,18.3226162966641
146337,21.2939592020725
146338,18.1962252512148
146339,20.9721738242733
146340,17.2257872402931
146341,18.4818901041644
146342,18.8497075403644
146343,21.2208834949271
146344,18.0119310454108
146345,19.7720116220827
146346,15.7380559555203
146347,17.982621957578
146348,17.0781829911741
146349,19.457525606714
146350,17.2975840769654
146351,18.6322873212086
146352,16.2193508388888
146353,17.5056401106774
146354,16.7877149799368
146355,16.7918785753669
146356,14.9419670492095
146357,16.2712297909091
146358,13.3591462205704
146359,16.7930530961459
146360,18.0318277528501
146361,17.4282748529969
146362,13.979799830433
146363,15.3982255757021
146364,13.4191091252888
146365,17.1835047708639
146366,16.659381510068
146367,15.985683298619
146368,14.0814807366051
146369,13.1605965498883
146370,9.03040006736076
146371,17.0108219066425
146372,17.3676975897357
146373,16.1827389269268
146374,13.8276628401856
146375,14.0628094288185
146376,12.177805690926
146377,16.022743699522
146378,16.3994325925068
146379,15.8086365970561
146380,13.149257003305
146381,14.4442632002949
146382,12.446614595649
146383,16.7458162818387
146384,14.4625055979103
146385,14.6184097187149
146386,13.8797487365736
146387,14.793896329182
146388,11.901255349016
146389,17.6080949321539
146390,16.4161288096937
146391,15.9416064045564
146392,15.0737153826555
146393,16.7089969425904
146394,16.4339226812886
146395,15.1497866086592
146396,14.6859969668284
146397,16.0546971472425
146398,13.6378048927351
146399,17.3340568177238
146400,16.0500469661452
146401,4.05236299877645
146402,13.8607515496168
146403,12.4437140605061
146404,10.7987671512999
146405,13.674751271176
146406,14.4654427123118
146407,0.274570767687585
146408,7.68493171354022
146409,7.96698042916757
146410,6.04068479768942
146411,9.32490941443403
146412,4.75878010792179
146413,-3.75719698050304
146414,-0.256999481771562
146415,5.45916805768088
146416,4.26316590890364
146417,1.05577360356293
146418,-5.0716390924815
146419,-4.60616587076556
146420,-6.9504941137746
146421,4.14111438104823
146422,4.1463155771323
146423,0.484575405711656
146424,-6.75173791490509
146425,-3.75852452975803
146426,-5.60627513195563
146427,4.85386262590627
146428,2.91075107647146
146429,-0.756793427137612
146430,-3.66670412392908
146431,-3.10628307025745
146432,-1.02803265428475
146433,2.61167953637247
146434,0.351392865199994
146435,-1.44932187240532
146436,-6.46845977813319
146437,-2.88542275495762
146438,-5.39596023479125
146439,5.21950964569582
146440,-0.687065482631489
146441,-0.939937831210298
146442,-9.4271357839644
146443,-0.726493055830026
146444,-8.98811469335464
146445,5.01674747969994
146446,0.389422531571498
146447,-0.0549897666295678
146448,-9.74638185416667
146449,4.02476082807872
146450,-7.43856426840869
146451,6.91458049434024
146452,0.413350227885523
146453,5.38992713073973
146454,-8.15428590253436
146455,12.4125995819039
146456,-4.20936739720274
146457,14.6539748744885
146458,5.43229377655767
146459,6.95925686355447
146460,-4.092036016915
146461,16.2546611566536
146462,-3.26849759438251
146463,14.0748102558617
146464,6.9494399254438
146465,6.58765072789478
146466,-4.32706492618967
146467,16.1172069058268
146468,-5.83594628761379
146469,13.5514946541787
146470,6.62620999874321
146471,2.59103359765038
146472,-5.09217360516705
146473,16.1991735176339
146474,-5.82590869174553
146475,11.5358354094833
146476,7.44192337181989
146477,-1.85643411263175
146478,-5.45869492940861
146479,14.7111989014857
146480,-5.91281097630511
146481,8.85491127210938
146482,3.77634899678133
146483,-5.50400168423562
146484,-6.03043604539881
146485,12.6422067312688
146486,-6.95388984864627
146487,9.23542660515259
146488,1.31480334855717
146489,6.17471991276937
146490,-6.4206284804805
146491,9.63088779143097
146492,-8.19563611553908
146493,9.25122307738085
146494,0.534312826376688
146495,1.02105494878817
146496,-7.80572418884522
146497,10.5156673491186
146498,-10.5011247679565
146499,5.98515949973447
146500,-6.34028394437859
146501,-3.92293833723588
146502,-10.1316887508473
146503,9.98394126889816
146504,-10.6513077447399
146505,9.41973275793636
146506,-7.02250734185291
146507,-1.73780883714954
146508,-10.136119698418
146509,9.72945711674006
146510,-10.5659118706118
146511,10.998701660834
146512,-6.54004518301958
146513,0.259269386627331
146514,-10.307762833568
146515,10.7524368647236
146516,-9.13842012569595
146517,10.9273712012738
146518,-3.31554854637992
146519,-0.0380046448821396
146520,-10.0151408593576
146521,10.8829368372359
146522,-8.5366203574265
146523,11.8224178434486
146524,-2.96039349249428
146525,0.71586557646031
146526,-8.74031942726618
146527,11.6800842617898
146528,-8.50100196205916
146529,12.6695411505134
146530,-4.0511574399081
146531,-3.1175118930062
146532,-8.92422900300695
146533,13.9554292947037
146534,-5.43709621024619
146535,13.8223315474061
146536,1.21299741483577
146537,-6.54388309277904
146538,-5.91980890346814
146539,16.8896897355721
146540,-2.24592372678547
146541,17.1534002169946
146542,2.2016093938261
146543,3.26427171833081
146544,-2.07334199322874
146545,14.5627210852374
146546,-2.60625546789004
146547,16.3414273701111
146548,-0.367266801056012
146549,-4.31188173158863
146550,2.2174961984395
146551,7.18585079411738
146552,-3.4274619555604
146553,12.3190231709821
146554,-14.4364369351952
146555,-6.94169540113697
146556,-4.09729892242082
146557,5.36591080033477
146558,2.31991572396534
146559,9.03587822447131
146560,-14.0157896986908
146561,-2.19278970583215
146562,-2.59409653833164
146563,9.01367975355399
146564,6.46474404746566
146565,8.51177632322928
146566,-10.674886161806
146567,1.41262791461973
146568,4.53729215202358
146569,11.8572091606981
146570,6.32438748882331
146571,8.70058574970745
146572,-5.25934401867042
146573,5.54922481199126
146574,8.45187550679836
146575,12.1901425550361
146576,-0.835090577967531
146577,7.13782430651804
146578,-0.752428545173938
146579,9.83490267769827
146580,6.49381648412448
146581,14.173510662584
146582,-0.828924196934821
146583,12.2631960500415
146584,4.55342210049822
146585,12.8296371682397
146586,-0.895429561562725
146587,16.15479381695
146588,-1.28009671629961
146589,15.2570007934848
146590,7.20895298534701
146591,15.6208452826159
146592,-1.19506433290479
146593,21.4846543921477
146594,1.39352428612277
146595,17.8440526049632
146596,12.1716027701604
146597,20.3005290440394
146598,1.63813800359897
146599,39.2803489095179
146600,8.02125600813358
146601,22.9983781913643
146602,17.9121284289675
146603,24.6036463191043
146604,7.4176187520565
146605,37.2542612633443
146606,3.89074235777704
146607,20.1336587183826
146608,15.1814184953968
146609,20.1763394346279
146610,4.10584395384767
146611,37.4007355955838
146612,1.93339862370716
146613,17.1160937616682
146614,12.0136852196418
146615,19.3000053977217
146616,2.00657075260295
146617,36.2443315647977
146618,-0.554764359197936
146619,16.7380629496756
146620,8.86318328803937
146621,14.9758804525658
146622,-0.368484673602421
146623,15.3167450336817
146624,-1.09831206212044
146625,14.004936669196
146626,11.4582904096573
146627,11.4946984649063
146628,-0.872757733451632
146629,13.8809204239109
146630,-1.21487392726097
146631,14.0308578043951
146632,13.0860669675688
146633,14.189110873911
146634,-0.936138481141395
146635,14.0927565856935
146636,0.374686985880274
146637,14.075647930437
146638,14.379482966781
146639,13.6942705474095
146640,-0.158922870428679
146641,14.8541727070995
146642,2.96474038666864
146643,17.4599970611537
146644,13.7552383640384
146645,15.1468020532325
146646,6.05944839511898
146647,14.3164000900221
146648,6.73019237379017
146649,18.0889720457893
146650,14.4071976996485
146651,16.0741154505111
146652,2.90676405286904
146653,15.5494154596203
146654,7.28166211562672
146655,12.4124326477698
146656,16.9740005151924
146657,17.1358588830177
146658,4.59214572569172
146659,15.6942243031551
146660,12.5567188927713
146661,12.0912793097528
146662,18.0755623364577
146663,18.312687637874
146664,8.96237516933846
146665,20.0566864134024
146666,14.9240341837388
146667,12.5161081319044
146668,18.5109218064439
146669,19.1325443318048
146670,9.8780808619442
146671,19.389289095546
146672,16.492437581319
146673,13.3166960209763
146674,19.0303265739493
146675,19.7637790105383
146676,14.3324913834675
146677,22.3068015346565
146678,20.3881405281825
146679,13.8885147295662
146680,22.7473121008022
146681,21.4684045924288
146682,19.3727694982181
146683,25.1325163979458
146684,20.7234487191311
146685,13.0283071665788
146686,22.8615061515873
146687,20.2516711063913
146688,19.9841739959824
146689,24.028538477363
146690,18.6942084445627
146691,11.147559684114
146692,1.56914060916262
146693,3.16640229464052
146694,16.7728551425469
146695,21.7921857054746
146696,17.2306549908956
146697,9.9651927384253
146698,-3.09636731656571
146699,3.18252823851049
146700,17.6654418650488
146701,22.3156729755731
146702,19.697518494109
146703,10.1514954531056
146704,-2.92365734189617
146705,11.7394910029013
146706,19.4543162628248
146707,22.549177606061
146708,19.368436926899
146709,10.3538279501073
146710,11.2870930671698
146711,17.3066452931971
146712,20.1162650823533
146713,24.4842477016965
146714,21.1283300031295
146715,12.295108248335
146716,14.5270744838931
146717,18.3838130086927
146718,21.0919467103396
146719,25.9144842963392
146720,22.1195608425255
146721,13.4157123534763
146722,7.50167213685145
146723,17.4171274469922
146724,22.0252688783162
146725,25.4415580801608
146726,23.3363326318854
146727,13.2137212347415
146728,11.5446106690308
146729,17.3852311185667
146730,23.1300694924704
146731,27.8391088762411
146732,25.0587549285638
146733,14.519933062986
146734,16.239733205109
146735,18.0449481814971
146736,25.0199479095504
146737,48.951987814932
146738,32.0438044113405
146739,20.2758310139413
146740,16.7981722375155
146741,25.889621638289
146742,32.7303648331384
146743,67.99348356867
146744,38.1152902077031
146745,22.9285247053941
146746,18.0910608903756
146747,26.6787362989984
146748,37.8761093599806
146749,70.5976867383282
146750,37.4452934309779
146751,23.5730426913806
146752,25.4256320373601
146753,30.409260606605
146754,36.5436260732442
146755,64.5688528696253
146756,38.8360736592124
146757,23.4055605169657
146758,27.24113958732
146759,33.4201994776985
146760,38.0459575635523
146761,60.3583359620709
146762,35.3791825785423
146763,23.0075913852876
146764,29.4142713562357
146765,33.1031268422209
146766,35.2910843764314
146767,62.6002052913302
146768,33.8364417043047
146769,23.3005495375983
146770,28.520739499038
146771,29.3087185662706
146772,33.8309640388893
146773,61.7931157680137
146774,33.9376200978504
146775,23.9595193027264
146776,26.2469965379376
146777,30.0441054828019
146778,32.9923881198844
