"id","target"
133627,52.9958987358768
133629,25.7857220569308
133630,28.356
133631,25.081
133633,24.32
133634,28.832
133635,27.111
133637,27.836
133638,28.631
133639,25.506
133641,24.634
133642,28.203
133643,50.468
133645,27.9531039372105
133646,28.444
133647,27.1368762957813
133649,27.095
133650,27.556
133651,50.452582441969
133653,28.087
133654,28.358
133655,27.689
133657,27.57
133658,28.348
133659,50.7970170274185
133661,28.273
133662,28.2282917119393
133663,27.9899201762064
133665,28.146
133666,28.546
133667,50.1830284370739
133669,28.5020510348611
133670,28.4941476200217
133671,27.921
133673,27.9468664082842
133674,28.5510834850329
133675,52.0318701535464
133677,28.7488489656878
133678,28.55
133679,28.2872091892083
133681,28.4169959498657
133682,29.105
133683,47.984
133685,28.832
133686,28.6770706574967
133687,28.0959830238639
133689,28.6690065413634
133690,29.3425160235116
133691,29.3818099732974
133693,25.05
133694,24.882
133695,24.551
133697,25.076
133698,25.655
133699,25.132
133701,23.928
133702,23.5312899972467
133703,23.361
133705,24.162
133706,24.017
133707,23.43
133709,22.634
133710,22.81
133711,22.7079478721841
133713,23.31
133714,22.597
133715,23.7365307461126
133717,23.01
133718,23.551
133719,20.861
133721,24.553
133722,22.991
133723,24.938
133725,23.996
133726,25.034
133727,25.79
133729,25.9938388555322
133730,23.945
133731,26.044
133733,26.27
133734,26.981
133735,29.0254631437895
133737,27.551
133738,26.076
133739,26.22
133741,27.929
133742,28.3717514810506
133743,29.8706775979501
133745,29.179
133746,26.833
133747,27.08
133749,30.3565398560804
133750,29.766
133751,30.1395670347544
133753,32.203
133754,28.549
133755,28.255
133757,33.9631161815945
133758,29.051
133759,32.7369911713135
133761,34.509
133762,31.6536088582516
133763,38.0273267801778
133765,34.979087447647
133766,34.1587197706598
133767,35.951293369229
133769,32.6456152622235
133770,32.87
133771,42.851695101459
133773,41.788721797897
133774,44.6330297874063
133775,46.321
133777,41.4625406048913
133778,42.328
133779,88.2620986174043
133781,76.1982797927586
133782,70.1619271200236
133783,76.1800679366857
133785,65.2217815648544
133786,53.8020921497057
133787,114.870492950589
133789,58.8059079430096
133790,69.2666963760097
133791,35.153
133793,56.5297996005025
133794,50.3179508826234
133795,54.1321231269976
133797,28.659
133798,40.2111522105295
133799,27.5208993419892
133801,37.407
133802,28.913
133803,38.4507514854524
133805,26.589
133806,32.8030007869254
133807,29.078618508582
133809,32.5348369121159
133810,26.833
133811,36.2780881911363
133813,25.685
133814,29.48
133815,29.2618779993266
133817,29.6307048040964
133818,26.079
133819,35.7442995202038
133820,25.6095552787593
133821,26.682
133822,25.586
133823,26.4696564195589
133824,24.817
133825,33.166
133826,25.243
133827,25.9810260533232
133828,25.4374028409157
133829,25.146
133830,24.1
133831,31.516
133832,23.721112479466
133833,24.9983123223783
133834,24.535
133835,24.326
133836,23.6935194200112
133837,30.8555407501038
133838,23.8211876282498
133839,24.304
133840,23.958
133841,23.944
133842,23.68
133843,37.592
133844,24.604
133845,24.234
133846,24.1387179365412
133847,24.0302643604094
133848,24.0183525672531
133849,38.4943830875374
133850,25.615
133851,24.955
133852,24.744
133853,24.973
133854,25.438
133855,41.9620471133281
133856,26.6470931924598
133857,26.229
133858,25.9928229467703
133859,26.207
133860,26.5648978308593
133861,41.1061695646902
133862,26.621
133863,26.5076887389632
133864,26.007
133865,26.6988893733316
133866,26.391
133867,24.8309228542672
133868,21.9012486345492
133869,21.778
133870,21.562
133871,22.227
133872,21.821
133873,21.0414330084424
133874,18.931
133875,18.941
133876,19.083
133877,19.524
133878,18.938
133879,20.834
133880,18.948
133881,18.9032511744326
133882,19.8236508367383
133883,20.6290946398954
133884,18.8972103160836
133885,20.787
133886,19.554
133887,19.157
133888,21.0852093068657
133889,21.287
133890,19.726
133891,21.645
133892,21.682
133893,20.259
133894,22.234
133895,22.375
133896,21.539
133897,24.105
133898,23.379
133899,21.706
133900,23.34
133901,23.8930159343689
133902,23.662
133903,25.734
133904,24.5533108690641
133905,22.995
133906,23.9435295363478
133907,24.467
133908,24.616
133909,28.833
133910,26.054200513537
133911,24.6421438367351
133912,25.525
133913,26.1437535314213
133914,25.5215272283067
133915,29.7620343473288
133916,27.498
133917,25.851
133918,27.101
133919,29.449
133920,27.488
133921,34.3468466749771
133922,27.6900014701131
133923,24.936
133924,28.7291306607416
133925,30.639
133926,29.1337461398801
133927,50.918
133928,31.4484670826324
133929,30.543
133930,34.9441949263322
133931,37.1804600059062
133932,36.0882257343667
133933,140.581507693904
133934,62.6361589058067
133935,34.6230657999546
133936,64.3402897311549
133937,71.5876826683431
133938,63.8576927542509
133939,151.610871820186
133940,52.6598752868317
133941,48.7812414409313
133942,59.2094023835615
133943,61.4502757602976
133944,55.0770108907749
133945,59.8052261655239
133946,32.9012095603032
133947,30.377
133948,34.991759082042
133949,35.5943852492318
133950,30.5312715115823
133951,34.7552314189316
133952,28.2991417722406
133953,27.045
133954,30.255
133955,30.96
133956,27.408
133957,31.4531373596589
133958,24.951
133959,24.5929136882942
133960,25.7685358303963
133961,27.8756519508369
133962,24.512
133963,31.556
133964,23.998
133965,25.177
133966,22.46
133967,26.0974299461392
133968,25.7197216772855
133969,30.073767618788
133970,23.876
133971,24.622
133972,23.169
133973,23.3
133974,23.951
133975,30.98
133976,24.877
133977,24.0195622707208
133978,24.927
133979,24.75
133980,24.1837279395968
133981,30.789
133982,24.692
133983,23.905
133984,24.1287780467441
133985,23.737
133986,24.331
133987,32.193
133988,25.304
133989,24.2563859124178
133990,24.017
133991,24.0658326958154
133992,25.05
133993,34.1157773985827
133994,26.2
133995,25.379
133996,25.209
133997,25.6141915008132
133998,26.717
133999,38.8133199814307
134000,27.502
134001,26.1403144772432
134002,26.423
134003,26.615
134004,27.524124353076
134005,37.89
134006,27.6202098867796
134007,26.8271359103984
134008,26.794
134009,26.998
134010,27.6180357866376
134011,23.511
134012,21.576
134013,21.4181939367501
134014,21.394
134015,21.782
134016,21.554
134017,19.543
134018,19.032
134019,18.6605951067202
134020,19.31
134021,19.786
134022,18.93
134023,19.845
134024,19.342
134025,19.461
134026,20.184
134027,21.17
134028,19.323
134029,21.577
134030,20.826
134031,21.435
134032,21.87
134033,22.4190339959321
134034,20.752
134035,24.074
134036,22.3509673017421
134037,23.0002341501053
134038,23.983
134039,24.5637422087187
134040,22.243
134041,25.9506914830664
134042,24.4156954250714
134043,25.065
134044,25.4927293508211
134045,26.401
134046,24.379
134047,26.589
134048,25.852
134049,26.3963155154201
134050,26.144
134051,27.5811212006176
134052,25.781
134053,28.6473918765666
134054,27.853028383145
134055,28.764
134056,27.0181387188591
134057,29.783
134058,27.839
134059,29.945
134060,30.1640698544663
134061,30.778
134062,30.426
134063,25.427
134064,30.103
134065,34.591986236391
134066,30.378
134067,31.325
134068,32.2079016313348
134069,30.548
134070,31.383
134071,42.0842274750613
134072,39.0235867298011
134073,37.7652469041219
134074,36.6038863746938
134075,30.463
134076,37.5154848038421
134077,504.656313949198
134078,304.100241202746
134079,259.262395076044
134080,230.930605799268
134081,180.045458682605
134082,304.003867771418
134083,190.97901415081
134084,89.1223334819342
134085,100.805367140043
134086,95.8302451885135
134087,90.6894258697014
134088,105.887460967454
134089,36.467
134090,25.883
134091,29.092
134092,31.589
134093,35.3232007167141
134094,29.28
134095,29.29
134096,21.313
134097,24.3517741531961
134098,22.761
134099,23.939868326
134100,22.226
134101,26.2110593082166
134102,19.7613384306388
134103,23.464
134104,21.199
134105,21.401
134106,20.653
134107,25.304
134108,17.175
134109,20.744
134110,19.944
134111,20.37
134112,17.5516341682449
134113,23.556
134114,16.626
134115,20.514
134116,19.443
134117,18.197069602841
134118,15.853
134119,22.079
134120,15.2013079049281
134121,20.178
134122,18.945
134123,18.307
134124,15.915
134125,22.823
134126,16.072
134127,20.46
134128,19.457
134129,19.113
134130,15.997
134131,23.1836537851685
134132,15.642
134133,20.7889163615588
134134,19.865
134135,19.741
134136,17.602
134137,24.157
134138,17.975
134139,21.2
134140,20.482
134141,20.603
134142,17.031
134143,23.8921260297532
134144,18.002
134145,21.157
134146,21.121
134147,21.624
134148,19.614
134149,24.318
134150,20.205
134151,21.8332684991493
134152,21.5968927875186
134153,21.752
134154,20.698
134155,19.281
134156,16.906700937894
134157,17.99
134158,17.991
134159,18.99
134160,16.392
134161,16.742
134162,14.624
134163,16.1409610396908
134164,16.67
134165,17.812
134166,14.872
134167,18.186
134168,15.935
134169,17.9083793681212
134170,19.5614274472644
134171,19.045
134172,13.4967665068729
134173,20.142
134174,19.03
134175,20.017
134176,20.698
134177,21.872
134178,15.0725282465389
134179,22.222
134180,21.752
134181,21.682
134182,22.655
134183,23.651
134184,19.719
134185,25.968
134186,25.654
134187,25.458
134188,25.838
134189,26.5719070490345
134190,23.875375095195
134191,27.99
134192,30.123
134193,27.9621906504687
134194,27.849
134195,28.9732769141227
134196,27.305
134197,30.5731585162759
134198,32.1879498066392
134199,29.8913517384679
134200,28.793
134201,30.670639795105
134202,29.9876412654889
134203,26.667
134204,32.788885570091
134205,30.7248391522326
134206,32.143
134207,32.3153976027164
134208,30.874
134209,27.372
134210,32.7319362326705
134211,30.995
134212,32.414
134213,31.4628864971267
134214,34.1654987002984
134215,42.4832857230607
134216,33.8625361961724
134217,36.02
134218,36.022
134219,38.0356079653133
134220,39.064
134221,53.3864121497752
134222,52.5617189434692
134223,43.417
134224,50.6690648635597
134225,63.296
134226,65.082
134227,44.2556683035993
134228,29.998
134229,24.392
134230,36.9121537451316
134231,36.21
134232,34.0883883529124
134233,28.064
134234,23.0998289024847
134235,23.112
134236,17.25
134237,28.31
134238,22.44
134239,23.943
134240,18.752
134241,20.8933706396794
134242,17.3982259434066
134243,17.971
134244,20.093
134245,21.882
134246,15.785
134247,19.573
134248,14.8036453481979
134249,17.419
134250,15.701
134251,22.6490445396121
134252,15.848
134253,19.47
134254,14.881
134255,16.673
134256,16.0392185866696
134257,21.8491621842194
134258,14.84
134259,18.7262322595023
134260,15.174
134261,16.407
134262,14.749
134263,21.026
134264,13.586
134265,18.291
134266,16.0286696109567
134267,16.47
134268,13.766
134269,21.027
134270,13.992679681155
134271,18.613
134272,17.8806161059139
134273,17.709
134274,13.897
134275,21.067024495755
134276,14.217
134277,18.339
134278,18.514
134279,17.8
134280,14.0790709778616
134281,21.539
134282,14.635
134283,19.156
134284,18.46
134285,18.085
134286,14.329
134287,23.118
134288,16.319
134289,20.1739583710669
134290,19.408
134291,19.1495814174738
134292,16.107
134293,23.935
134294,17.3005913483168
134295,20.903
134296,20.126
134297,20.206
134298,17.286
134299,23.135
134300,15.271
134301,20.095
134302,19.008
134303,19.2080827187185
134304,15.485
134305,21.766
134306,14.8975232623228
134307,19.5662298499473
134308,19.617
134309,20.132
134310,15.385
134311,18.8455924790124
134312,14.674
134313,19.458
134314,20.381
134315,20.868
134316,14.65
134317,16.134
134318,16.249
134319,20.418
134320,22.332
134321,22.524
134322,15.7062236689624
134323,26.047
134324,19.6408144051279
134325,22.607
134326,23.5005695054045
134327,24.059
134328,19.0481542389079
134329,27.352
134330,20.66
134331,24.618
134332,24.54
134333,25.348
134334,21.137033897622
134335,29.6186924304714
134336,22.165
134337,26.9465281166085
134338,26.735
134339,28.37
134340,22.514
134341,30.2779962044255
134342,20.055
134343,29.0814894583613
134344,29.606
134345,30.656
134346,22.287
134347,34.2163913528876
134348,19.3230956584785
134349,32.2104109489777
134350,32.0654144591328
134351,34.845
134352,19.811
134353,41.9570297231924
134354,21.557
134355,30.8118884615357
134356,36.2602931747618
134357,33.7862045819562
134358,21.401
134359,91.2233515595541
134360,22.405
134361,28.588
134362,65.3729842173092
134363,55.3122738438148
134364,22.568
134365,106.368063649869
134366,26.289
134367,27.7012727731824
134368,70.487
134369,72.0539578539073
134370,24.239373606228
134371,44.0785334063162
134372,36.5669172193077
134373,23.691
134374,22.149271063295
134375,42.3718853850326
134376,34.837
134377,50.3493711796927
134378,25.3434798662195
134379,23.815
134380,17.2313876216502
134381,23.4905902289913
134382,22.531
134383,31.089
134384,22.284
134385,23.841
134386,17.1468165514536
134387,21.663
134388,20.0776481291901
134389,33.9757829613116
134390,22.249
134391,23.712
134392,17.702386727209
134393,20.814
134394,23.7441408968728
134395,29.384
134396,25.489
134397,25.685
134398,22.47
134399,26.428
134400,25.5004860648551
134401,29.3947934173835
134402,25.3510099725346
134403,25.525
134404,22.545
134405,26.2895607185243
134406,25.36
134407,30.7038059139468
134408,26.101
134409,26.2307888834171
134410,23.663
134411,27.16
134412,26.106
134413,30.19
134414,25.801
134415,25.8777668216956
134416,23.431
134417,26.8419501015941
134418,25.806
134419,30.3549789177196
134420,25.916
134421,25.9480840333628
134422,23.6
134423,26.904
134424,25.9207764613621
134425,30.7927929975808
134426,26.223
134427,26.259
134428,23.944
134429,27.137
134430,26.225
134431,31.1219747114134
134432,26.684
134433,26.7352392461022
134434,24.346
134435,27.6065450831896
134436,26.684
134437,32.478
134438,27.714
134439,27.756
134440,24.937
134441,28.18
134442,27.727502675323
134443,30.0294929713225
134444,27.78
134445,27.355
134446,25.176
134447,28.9112853469529
134448,27.784
134449,28.336
134450,27.3804745618601
134451,26.905108896447
134452,24.721
134453,28.6285267549974
134454,27.3729177163126
134455,28.599
134456,27.69
134457,27.1934947308542
134458,24.9708250437001
134459,28.972
134460,27.6860433281455
134461,26.857
134462,26.252830455836
134463,25.83
134464,24.047
134465,27.818
134466,26.2328124006175
134467,27.861
134468,27.4974737731121
134469,26.96
134470,25.0224656717332
134471,29.308
134472,27.4820622589108
134473,28.0355843703035
134474,27.804
134475,27.274
134476,25.2110443747233
134477,29.747
134478,27.782247893071
134479,28.6
134480,28.445
134481,27.922183386076
134482,25.697
134483,30.483
134484,28.418
134485,29.384
134486,29.487
134487,28.778
134488,26.4804863143804
134489,31.917
134490,29.4671125099215
134491,30.601
134492,30.3489412195623
134493,29.571
134494,26.993
134495,32.867
134496,30.3281299573671
134497,37.4837370683549
134498,36.3593927419177
134499,35.13
134500,30.864
134501,39.0254516830654
134502,36.359
134503,42.058
134504,39.487
134505,37.882
134506,33.2023186423434
134507,42.394
134508,39.547
134509,49.8877215935988
134510,42.702283083046
134511,41.355
134512,35.6065110130505
134513,44.1262278152351
134514,42.7554816645062
134515,48.0704549313471
134516,41.309
134517,40.122
134518,34.4211958437348
134519,42.6118513177578
134520,41.3498741928947
134521,38.3721824350183
134522,33.983
134523,33.426
134524,29.6461027380017
134525,36.186
134526,34.0271924916784
134527,36.1767902825476
134528,31.2707289166665
134529,31.2392685459152
134530,27.834
134531,33.1612755320364
134532,31.2948820459976
134533,34.2756650062971
134534,29.593
134535,29.596
134536,26.539
134537,31.1763662886487
134538,29.609
134539,38.8443357529536
134540,26.2818156627464
134541,25.8984543979896
134542,23.512
134543,23.313
134544,26.3
134545,40.3424317455986
134546,24.9762002667147
134547,24.349
134548,22.101
134549,22.797
134550,24.921
134551,39.4884516613706
134552,24.372
134553,23.762
134554,22.8282391632103
134555,23.36
134556,24.2347595945205
134557,41.4163439753898
134558,23.508
134559,23.235
134560,22.315
134561,23.134
134562,23.296
134563,41.9008195083141
134564,23.191
134565,22.513
134566,22.807
134567,23.139
134568,23.57
134569,41.5456189948701
134570,24.088
134571,22.647
134572,22.645
134573,23.111
134574,23.9620472279167
134575,41.4849431836614
134576,24.1215093153325
134577,23.131
134578,22.74
134579,23.134
134580,23.9971478604333
134581,38.1849315079157
134582,24.59
134583,23.43
134584,23.0487561400267
134585,23.353
134586,24.41
134587,23.705
134588,22.839
134589,22.646
134590,21.005
134591,23.571
134592,22.8412176323905
134593,21.075
134594,20.58
134595,20.3605099252012
134596,18.651
134597,21.6041952627626
134598,20.575
134599,20.318
134600,19.782
134601,19.694
134602,17.84
134603,20.789
134604,19.775
134605,20.399
134606,19.875
134607,19.8
134608,17.946
134609,20.902
134610,19.8693701841286
134611,21.8704667793952
134612,21.3979995488337
134613,21.275
134614,19.586
134615,22.329
134616,21.3913164835333
134617,22.074
134618,21.651
134619,21.55
134620,19.847
134621,22.609
134622,21.646
134623,23.147
134624,22.8574983433181
134625,22.733
134626,20.9927343019058
134627,23.814
134628,22.851
134629,24.2660606719721
134630,24.176
134631,23.9771775363326
134632,21.985
134633,25.329
134634,24.1608054533637
134635,25.7378845926994
134636,25.5877314946416
134637,25.3877745104557
134638,23.051
134639,26.842713450947
134640,25.577
134641,29.389
134642,28.791
134643,28.358
134644,25.4919300977469
134645,30.4063504208898
134646,28.771
134647,36.631
134648,34.835
134649,33.758
134650,29.9164409285359
134651,36.7524256866179
134652,34.835
134653,45.5081100046743
134654,39.072
134655,38.3986317571125
134656,32.8333647840964
134657,40.033
134658,39.1159989286123
134659,43.4583618943795
134660,37.3311597149122
134661,36.6907552994907
134662,31.4014147486197
134663,38.6416136160401
134664,37.371
134665,33.5693747341754
134666,29.5674154741636
134667,29.523
134668,26.2842733123078
134669,31.1597142654889
134670,29.583
134671,30.051
134672,26.6405832650451
134673,26.832
134674,23.602
134675,27.7721476167753
134676,26.655
134677,29.0950469663999
134678,25.566
134679,25.814
134680,22.884
134681,26.6131802181582
134682,25.5799829434973
134683,26.586736012325
134684,23.3520452686048
134685,23.602
134686,20.977
134687,24.16
134688,23.369
134689,25.1715340600793
134690,22.0932897323378
134691,22.354
134692,19.851
134693,22.771
134694,22.102
134695,26.01
134696,22.565
134697,22.7971434406245
134698,20.713
134699,23.0735552625489
134700,22.573
134701,25.897
134702,22.5052570288346
134703,22.711
134704,20.64
134705,22.969
134706,22.514
134707,25.97
134708,22.595
134709,22.747
134710,20.706
134711,23.144
134712,22.6034810927013
134713,26.625
134714,23.134
134715,23.2750774349869
134716,21.32
134717,23.707
134718,23.142
134719,28.589
134720,24.556
134721,24.6560992334925
134722,22.31
134723,25.176
134724,24.561
134725,29.4051937793384
134726,25.20987794382
134727,25.352
134728,22.704
134729,25.561
134730,25.2262945781823
134731,21.734
134732,21.083
134733,20.937
134734,19.059
134735,21.915
134736,21.085
134737,18.5743120888247
134738,17.726
134739,17.765
134740,14.949
134741,18.6807022778039
134742,17.721
134743,18.423
134744,17.5618428791098
134745,17.6030371413976
134746,14.756
134747,18.499
134748,17.554
134749,18.743
134750,17.859
134751,17.9003469016299
134752,15.121
134753,18.78
134754,17.855
134755,19.1680455123788
134756,18.572
134757,18.618
134758,16.209
134759,19.494
134760,18.567
134761,20.216
134762,19.757
134763,19.7362243885207
134764,17.831
134765,20.745
134766,19.751
134767,20.458
134768,20.034
134769,20.0262456227451
134770,18.115
134771,21.057
134772,20.028
134773,21.296
134774,20.949
134775,20.916
134776,19.015
134777,21.9568679665749
134778,20.943
134779,23.111
134780,22.901
134781,22.859
134782,20.877
134783,23.93
134784,22.897
134785,24.163
134786,23.491
134787,23.493619345018
134788,21.347
134789,24.575
134790,23.482
134791,32.0378272463739
134792,30.756
134793,30.352990644024
134794,26.3302932531103
134795,32.172534953647
134796,30.7549939821572
134797,42.669
134798,37.1775162869513
134799,36.534
134800,30.6139273787106
134801,37.9067123455253
134802,37.219
134803,36.527115546633
134804,31.500594935658
134805,31.7073039279583
134806,26.0310763625892
134807,31.698
134808,31.534
134809,27.13
134810,24.5568563983936
134811,24.861
134812,21.166
134813,25.168
134814,24.5665243749144
134815,24.111
134816,21.566230634631
134817,21.916
134818,18.5345276665846
134819,22.096
134820,21.581
134821,22.3908616036364
134822,19.76
134823,20.1437004103889
134824,16.322
134825,20.264
134826,19.771
134827,19.024
134828,13.199
134829,18.844
134830,18.3653481154839
134831,19.417
134832,15.1445166083519
134833,18.251
134834,16.495
134835,18.411410149625
134836,18.211
134837,18.193
134838,16.0025531727877
134839,19.6157192041405
134840,16.716
134841,17.339
134842,11.534
134843,17.093
134844,16.7256422656355
134845,19.682
134846,16.799
134847,17.4004655933816
134848,11.5930383208976
134849,17.1671928501764
134850,16.807
134851,20.685
134852,17.799
134853,18.3
134854,13.948
134855,18.145
134856,17.806
134857,22.064
134858,19.3625888814442
134859,19.731
134860,16.334
134861,19.782
134862,19.372
134863,22.999
134864,20.3119922811425
134865,20.696
134866,17.657
134867,20.698
134868,20.316
134869,23.7528140166747
134870,21.015
134871,21.372
134872,18.357
134873,21.192
134874,21.026
134875,18.748
134876,17.971
134877,17.9246796836129
134878,15.2218204522416
134879,18.866690246585
134880,17.969
134881,16.302
134882,15.4179417759112
134883,15.541
134884,12.1560777075981
134885,16.731
134886,15.422
134887,16.113
134888,15.1924315895227
134889,15.33
134890,11.809
134891,16.57
134892,15.1955414247731
134893,16.045
134894,15.1641330890963
134895,15.3013610415316
134896,11.511
134897,16.537
134898,15.168
134899,17.088
134900,16.349
134901,16.445
134902,12.902
134903,17.451
134904,16.3524484198525
134905,18.095
134906,17.3732099865463
134907,17.474
134908,14.382
134909,18.328
134910,17.368
134911,18.542
134912,17.9287684015164
134913,18.032
134914,15.375
134915,18.878
134916,17.923
134917,18.651
134918,18.146
134919,18.2824701278023
134920,15.5724572683002
134921,19.05
134922,18.141
134923,19.08
134924,18.733
134925,18.938
134926,16.0935959019238
134927,19.62
134928,18.728
134929,20.611
134930,19.8149391791274
134931,20.064
134932,17.0491071053508
134933,20.722
134934,19.808
134935,24.643
134936,24.058
134937,24.15
134938,20.872
134939,25.085
134940,24.045
134941,33.924
134942,29.9795119124854
134943,30.268
134944,24.585
134945,30.3154389691926
134946,30.0029536419597
134947,32.0780775638308
134948,28.18
134949,28.7717409671729
134950,22.9566667544557
134951,28.3411063388635
134952,28.2041851688642
134953,26.142
134954,23.655
134955,23.9951962767868
134956,20.166
134957,24.23
134958,23.666
134959,23.501
134960,20.9308108396185
134961,21.299
134962,17.726
134963,21.3723463528103
134964,20.9436106981552
134965,21.995
134966,19.358
134967,19.8011503894203
134968,15.663
134969,19.786
134970,19.374
134971,18.768
134972,14.9740067188177
134973,19.234
134974,18.645
134975,19.01
134976,14.5460247142752
134977,17.832
134978,14.598
134979,18.656
134980,18.012
134981,18.5446308096696
134982,12.99
134983,17.237
134984,13.7172567825295
134985,18.08
134986,17.907
134987,18.206
134988,13.013
134989,17.0425787671324
134990,12.6480323965703
134991,18.353
134992,18.002
134993,18.198
134994,10.116
134995,17.827
134996,15.171
134997,18.9449699948805
134998,18.6988171162744
134999,19.0802022836604
135000,15.879
135001,18.7446893495397
135002,17.031
135003,19.872
135004,19.5012783430283
135005,19.531
135006,16.782
135007,19.64
135008,17.473
135009,20.754
135010,20.192
135011,20.2854382896952
135012,17.823
135013,20.8755329350961
135014,20.246
135015,21.2574331293467
135016,20.768
135017,20.854
135018,19.418
135019,11.402
135020,15.016
135021,16.3846162750448
135022,16.322
135023,16.571
135024,14.991
135025,3.15472350587056
135026,12.2797527360713
135027,14.537
135028,14.588
135029,15.093
135030,12.665
135031,0.422
135032,14.0041980762208
135033,15.568
135034,16.356
135035,15.9044178493593
135036,13.7384438104992
135037,0.181806149691225
135038,16.191160928977
135039,18.716
135040,18.193
135041,18.253
135042,15.9747313107113
135043,2.63049826333244
135044,19.663
135045,20.211
135046,20.196
135047,20.659
135048,19.157
135049,6.43076607550249
135050,20.769
135051,21.5325428959452
135052,21.223
135053,21.886
135054,20.944
135055,6.10231857626277
135056,20.8449075419517
135057,22.533
135058,21.541
135059,21.759
135060,21.04
135061,5.64343879516254
135062,19.392
135063,21.356
135064,20.167
135065,21.123
135066,18.885
135067,5.78746501437619
135068,16.523
135069,22.0237920220561
135070,17.078
135071,20.935
135072,18.012
135073,6.39800339062859
135074,17.459
135075,22.851
135076,7.249
135077,17.785
135078,17.982
135079,17.034
135080,21.4825049597845
135081,28.549
135082,15.76
135083,20.4674344976415
135084,21.8385495258362
135085,25.969
135086,30.6891546954154
135087,40.557620801551
135088,17.2172628232676
135089,23.8881936451527
135090,26.585
135091,29.024
135092,25.046
135093,25.925466212571
135094,22.882
135095,24.539
135096,25.158
135097,25.0037198628995
135098,20.259
135099,22.229
135100,23.4687370555273
135101,22.778
135102,21.379
135103,23.517
135104,18.066
135105,20.539
135106,21.3829106911318
135107,20.787
135108,18.8425803676861
135109,21.06
135110,15.99
135111,19.3210016970444
135112,20.266
135113,20.115
135114,17.409
135115,18.866
135116,12.92
135117,19.128
135118,19.433
135119,19.572
135120,12.342
135121,18.161
135122,12.6329790577923
135123,18.691
135124,18.748
135125,18.889
135126,12.1005788900878
135127,18.1
135128,10.7098111132695
135129,18.517
135130,18.314
135131,17.9720665921538
135132,10.43
135133,17.9826220293726
135134,11.759115062846
135135,18.429
135136,17.921
135137,18
135138,11.958
135139,18.962591739746
135140,14.4199033588161
135141,18.8094060977726
135142,18.144
135143,18.1332046324009
135144,15.102
135145,20.079
135146,16.906
135147,19.315
135148,18.82
135149,18.9201961153025
135150,16.557
135151,22.8645845114116
135152,21.509
135153,21.391
135154,20.8237667685117
135155,21.112
135156,20.181
135157,23.759
135158,21.396
135159,21.983
135160,21.744
135161,21.844
135162,21.692
135163,16.886
135164,17.0937431549829
135165,18.186
135166,18.013
135167,18.212
135168,17.092
135169,13.214
135170,14.901
135171,16.212
135172,16.558
135173,16.593
135174,15.033
135175,11.784
135176,15.6457694080431
135177,17.12
135178,17.95
135179,17.346
135180,15.719
135181,9.404
135182,16.963971650383
135183,19.8347316534974
135184,19.7196135163121
135185,19.936
135186,17.044
135187,11.130941271746
135188,18.443
135189,21.183
135190,20.821
135191,21.504
135192,18.6702850495259
135193,13.4229968126963
135194,20.3504249082758
135195,22.296
135196,22.529
135197,22.5370964457401
135198,20.659
135199,13.793
135200,20.3979744803244
135201,22.413
135202,21.822
135203,22.787
135204,20.442
135205,12.4833549761785
135206,19.317
135207,22.527
135208,21.967
135209,22.799
135210,20.118842994259
135211,8.4691164547272
135212,21.133
135213,20.614071934642
135214,-0.853093691597393
135215,23.264
135216,20.967
135217,13.882
135218,21.194
135219,21.6443575786195
135220,21.729
135221,21.421914114356
135222,22.5666344100225
135223,20.899
135224,27.2493051841973
135225,23.6912039713669
135226,21.982
135227,26.693
135228,24.026
135229,34.0813148247801
135230,35.8521679570119
135231,28.398
135232,30.108
135233,33.6981096350341
135234,35.377
135235,29.4173750185794
135236,23.7046365094137
135237,25.8317519608037
135238,22.4720583311447
135239,24.711
135240,24.438
135241,27.778
135242,20.64
135243,23.721
135244,21.289
135245,21.9397211003687
135246,22.187
135247,24.876
135248,19.403
135249,22.625
135250,20.729
135251,21.312
135252,19.95
135253,23.4033991830281
135254,17.0891989858383
135255,20.517
135256,19.103
135257,19.57
135258,18.136
135259,23.1824054068553
135260,20.399
135261,20.088
135262,19.3401394687369
135263,19.663
135264,20.415
135265,21.825
135266,19.149
135267,19.581
135268,19.198
135269,18.822
135270,19.159
135271,21.611
135272,18.919
135273,19.317
135274,19.132
135275,18.971
135276,18.926
135277,21.518
135278,18.844
135279,19.4097135624173
135280,19.234
135281,18.936
135282,18.849
135283,21.783
135284,19.092
135285,19.7220374652975
135286,19.403
135287,19.3199395970951
135288,19.098
135289,22.8270089527431
135290,19.989
135291,20.056
135292,19.747
135293,19.796
135294,19.997
135295,23.8
135296,21.09
135297,20.821
135298,20.452
135299,20.621
135300,21.094
135301,24.5169880670666
135302,21.673
135303,21.103
135304,20.653
135305,20.853
135306,21.685
135307,19.8
135308,19.073
135309,17.475
135310,17.295
135311,17.507
135312,19.077
135313,17.823
135314,16.901
135315,15.151
135316,15.5696008952559
135317,15.805
135318,16.901
135319,18.22
135320,17.428
135321,17.314
135322,17.433
135323,16.8508641159874
135324,17.423
135325,18.028
135326,17.3735933626927
135327,18.707
135328,18.399
135329,18.566
135330,17.368
135331,18.247
135332,17.623
135333,19.006
135334,19.481
135335,20.3164997292118
135336,17.618
135337,18.8863559922674
135338,18.383
135339,19.178
135340,20.101
135341,20.9655305315129
135342,18.3686692112397
135343,20.1558787588997
135344,19.703
135345,20.054
135346,20.9718376162897
135347,21.706
135348,19.69
135349,20.131
135350,19.787
135351,13.0202652588067
135352,21.541
135353,22.539
135354,19.773
135355,20.32
135356,20.0277380861096
135357,19.006
135358,22.2085831160093
135359,23.1994731712302
135360,20.013
135361,21.0502185104349
135362,20.412
135363,18.893
135364,20.656
135365,22.3
135366,20.397
135367,26.278
135368,25.596
135369,20.133
135370,17.549
135371,20.2024627659358
135372,25.588
135373,33.186
135374,29.262934928424
135375,22.885
135376,21.958
135377,25.526
135378,29.292
135379,32.6152532293687
135380,28.8809122286693
135381,23.8617199971955
135382,24.338
135383,23.977
135384,28.907
135385,27.1818353545205
135386,24.8286559525694
135387,23.349
135388,22.291
135389,21.816
135390,24.838
135391,25.488
135392,22.9153082750748
135393,21.7226633538604
135394,21.2664265826441
135395,20.827
135396,22.9257560003414
135397,23.8512478429588
135398,21.155
135399,20.123
135400,20.3603557157446
135401,20.417
135402,21.1689231077164
135403,21.3068822667107
135404,16.841
135405,19.557
135406,17.7681509707423
135407,18.587
135408,17.1755718992473
135409,20.227464432855
135410,16.645
135411,19.156
135412,18.2
135413,17.579
135414,17.243
135415,20.105
135416,15.212
135417,18.636
135418,18.6595722743236
135419,19.012735750302
135420,15.075
135421,21.0238946344996
135422,16.5737332108116
135423,19.026
135424,18.799
135425,18.951
135426,17.19
135427,20.413
135428,15.415
135429,18.814
135430,18.729
135431,18.796
135432,17.306
135433,19.6819679744697
135434,17.554
135435,19.244
135436,19.302
135437,19.4060018460151
135438,18.241
135439,20.46
135440,18.61
135441,20.0327402164611
135442,19.863
135443,20.095
135444,18.6316520647663
135445,21.385175254168
135446,19.7666514833319
135447,20.6535220819965
135448,20.3217323762607
135449,20.634
135450,19.9930255113334
135451,16.384
135452,16.658
135453,16.914
135454,16.6244709595803
135455,17.873
135456,16.494
135457,12.498
135458,14.7168652882761
135459,14.926
135460,15.7134103885687
135461,14.726
135462,14.44
135463,8.81246698308088
135464,13.855
135465,16.0064964931402
135466,16.596
135467,16.718
135468,13.911
135469,3.043
135470,15.361
135471,17.797
135472,18.344
135473,18.42
135474,15.567
135475,9.096
135476,14.6265481883374
135477,18.62
135478,18.7509230733745
135479,19.3745311377631
135480,15.0969330840276
135481,10.0433472677291
135482,15.209
135483,18.843
135484,19.915
135485,20.315
135486,14.633
135487,11.2636160093205
135488,15.32
135489,20.07
135490,2.96494946639065
135491,21.314
135492,15.2454621664343
135493,13.1257133939997
135494,14.8359056381703
135495,18.784
135496,21.20875815633
135497,21.777
135498,15.294
135499,14.068
135500,15.548
135501,20.067
135502,20.1015182010839
135503,23.332
135504,15.167
135505,15.596
135506,15.3305317297468
135507,19.702
135508,21.945
135509,24.3770515961666
135510,16.0903018807062
135511,19.815
135512,20.238
135513,20.827
135514,25.085
135515,18.6054866529351
135516,20.643
135517,27.9642730531979
135518,26.1962502075756
135519,25.7359347556855
135520,30.2938043844254
135521,34.3453093923117
135522,25.519
135523,25.6156214612489
135524,22.872
135525,23.514
135526,25.491
135527,23.503
135528,22.091
135529,24.945
135530,22.031
135531,22.5668607709179
135532,24.106
135533,23.13
135534,22.121
135535,21.8450850071926
135536,18.81
135537,20.942
135538,21.026
135539,20.273
135540,19.091
135541,20.434
135542,18.192
135543,19.928
135544,20.2675912818662
135545,19.5719008466594
135546,17.954
135547,19.957
135548,16.113
135549,19.358
135550,19.346
135551,19.4895985872073
135552,16.028
135553,19.581
135554,16.425
135555,19.026
135556,18.6365573233251
135557,19.0767840701992
135558,17.077
135559,19.373
135560,16.876
135561,19.814
135562,19.21
135563,18.399
135564,18.019
135565,19.315
135566,19.0699161942809
135567,19.715
135568,19.081
135569,18.829
135570,18.793
135571,19.5645812414048
135572,20.2396725853729
135573,19.745
135574,19.1288043800234
135575,19.096
135576,20.175
135577,23.1286512835134
135578,20.097
135579,19.723
135580,19.189
135581,19.281
135582,20.257
135583,32.81
135584,20.253
135585,20.2164556384777
135586,19.726
135587,19.399560402438
135588,20.473
135589,27.625
135590,20.392
135591,20.916
135592,20.443
135593,20.631
135594,19.415
135595,18.182
135596,18.388
135597,18.433
135598,17.743
135599,17.622
135600,17.857
135601,13.07
135602,16.525
135603,15.678
135604,15.3897423720698
135605,16.381
135606,16.467
135607,2.386
135608,16.758
135609,16.843
135610,15.959
135611,16.1645493248637
135612,16.648
135613,-0.105022714131253
135614,18.682
135615,18.943
135616,18.023
135617,17.559
135618,18.0382080342111
135619,3.036
135620,19.726
135621,20.2553109728062
135622,18.743
135623,18.337
135624,19.235
135625,10.5438982234008
135626,20.2691489787334
135627,20.6179061866263
135628,19.048
135629,20.131
135630,20.819
135631,18.849
135632,22.066
135633,21.199
135634,20.9731085471155
135635,21.754
135636,21.738
135637,22.947
135638,25.458
135639,25.1298524820583
135640,24.021636788776
135641,24.3620247912146
135642,22.683
135643,26.18
135644,26.663
135645,26.348
135646,26.658
135647,28.396
135648,21.475
135649,29.088
135650,29.6405220084404
135651,26.869
135652,27.488
135653,30.203
135654,19.2952528886415
135655,30.804
135656,25.4278733168044
135657,29.496
135658,33.315
135659,29.963
135660,29.342506416903
135661,33.17
135662,39.2621887847075
135663,33.1192561536186
135664,18.2443429815155
135665,28.0460722075666
135666,43.0285639173381
135667,27.561566329327
135668,34.5654952233879
135669,27.1783200657985
135670,24.445
135671,23.988
135672,33.2360115265509
135673,46.3753520530626
135674,28.9551442209263
135675,25.697
135676,22.615
135677,23.872
135678,28.811
135679,37.5122042886643
135680,24.514
135681,23.85
135682,24.618
135683,23.006
135684,25.199
135685,28.16266676398
135686,23.378
135687,22.888
135688,21.872
135689,22.331
135690,22.728
135691,22.942
135692,20.827
135693,21.183
135694,21.203
135695,20.887
135696,20.113
135697,21.218
135698,19.2613208456156
135699,20.417
135700,20.646
135701,19.9263391837501
135702,19.599
135703,21.8487199859247
135704,19.3996149111285
135705,20.62
135706,20.535
135707,20.453
135708,19.393
135709,23.559
135710,20.199
135711,21.132
135712,21.363
135713,21.278
135714,20.448
135715,30.112
135716,21.21
135717,21.37
135718,21.423
135719,21.4575735837905
135720,20.764
135721,21.435
135722,20.466
135723,22.178
135724,21.9358613248005
135725,21.899
135726,21.36
135727,23.697
135728,21.673
135729,22.989
135730,22.887
135731,22.823
135732,21.782
135733,26.422
135734,22.955
135735,23.0214554052761
135736,22.8166833695607
135737,23.137
135738,22.969
135739,19.084
135740,19.774
135741,19.286
135742,19.4624346425141
135743,19.59
135744,19.498
135745,12.775
135746,18.08
135747,18.142
135748,18.189
135749,18.237
135750,17.426
135751,7.889
135752,18.841
135753,19.329
135754,19.589
135755,19.057
135756,18.8221399499054
135757,4.05290791534937
135758,19.57
135759,20.184
135760,20.843
135761,20.453
135762,19.3360971711959
135763,9.0018281026428
135764,20.678
135765,22.069
135766,21.935
135767,22.0082384956378
135768,20.832
135769,14.381
135770,23.397
135771,23.897
135772,23.5851237795717
135773,23.2506504913839
135774,23.252
135775,18.676
135776,25.363
135777,24.875
135778,26.076
135779,26.043
135780,25.0877788042998
135781,21.864
135782,26.448055130075
135783,25.427
135784,27.4734966175337
135785,27.218
135786,26.682
135787,21.8912564842428
135788,29.4021621436806
135789,26.5160872487774
135790,28.989
135791,28.592088106213
135792,29.9267275117903
135793,22.847
135794,29.392
135795,23.4489870262444
135796,26.356
135797,29.763
135798,30.6662780583052
135799,26.4545693553308
135800,39.1465095099748
135801,30.07
135802,22.447
135803,29.444
135804,38.0841762818205
135805,41.3106354907181
135806,48.2430435835059
135807,36.344
135808,27.06
135809,30.693
135810,45.9826558226132
135811,34.614
135812,30.459
135813,29.594
135814,31.426
135815,26.1814789903201
135816,30.7163246579838
135817,29.1097525851376
135818,23.9517520250466
135819,24.882
135820,27.295
135821,26.9687703690159
135822,23.8166152445338
135823,26.0428491239458
135824,21.3180473322454
135825,23.4548650450101
135826,24.846
135827,23.961
135828,21.711
135829,24.7236669891935
135830,20.101
135831,22.2117670557375
135832,23.115
135833,21.941
135834,20.7102001618229
135835,22.85
135836,19.254
135837,21.085
135838,21.007
135839,21.25
135840,19.093
135841,22.088
135842,18.04
135843,20.566
135844,20.235
135845,20.526
135846,18.27
135847,22.968
135848,18.042
135849,20.689
135850,20.207
135851,20.4208438170944
135852,18.557
135853,22.245
135854,18.479
135855,20.683
135856,20.253
135857,20.5601659083797
135858,19.0235279006904
135859,22.6859417116892
135860,18.838
135861,21.138
135862,20.956
135863,21.031
135864,19.031
135865,24.044
135866,19.046
135867,21.735
135868,21.6263280602644
135869,21.649
135870,19.9985961533525
135871,27.5039784506056
135872,21.552
135873,23.011
135874,22.8114950243504
135875,22.8181930246251
135876,21.876
135877,28.2822066984186
135878,22.801
135879,23.073
135880,22.9305361699802
135881,23.039
135882,22.731
135883,20.997
135884,18.937
135885,18.7522609405713
135886,19.1136105818938
135887,19.48
135888,18.842
135889,18.623
135890,17.039
135891,17.267
135892,17.659
135893,17.92
135894,16.932
135895,18.445
135896,17.685
135897,17.806
135898,18.4882324429809
135899,19.053
135900,17.215
135901,19.464
135902,19.827
135903,20.109
135904,20.485
135905,20.487
135906,19.72
135907,20.211
135908,21.93
135909,21.5030919382656
135910,21.915
135911,21.9920057200883
135912,21.867
135913,22.019
135914,23.6
135915,21.672
135916,23.956
135917,24.3498124799086
135918,23.734
135919,23.669
135920,24.9252356283855
135921,24.71
135922,25.537
135923,25.884
135924,25.602
135925,24.798
135926,25.8260455182227
135927,25.639
135928,27.01
135929,26.1483094715689
135930,26.4042554287151
135931,25.7606181700893
135932,28.5181741337736
135933,23.797693203619
135934,27.905
135935,29.936
135936,28.614
135937,25.402
135938,28.1811995763355
135939,19.6503181912043
135940,28.835
135941,31.7635730190277
135942,30.0581113439952
135943,37.037
135944,37.3443641285754
135945,34.5652325755083
135946,41.8
135947,44.4660870432124
135948,44.6031386451585
135949,69.4861898531878
135950,62.3972034903369
135951,58.3785583639071
135952,59.3874178001608
135953,73.4005098125457
135954,71.8237159843617
135955,39.4185057227662
135956,31.5976923554552
135957,31.4821798431134
135958,31.9361448376685
135959,30.966
135960,31.6450669186084
135961,32.9292902862004
135962,27.167
135963,25.632
135964,23.498
135965,25.845
135966,27.735
135967,28.15
135968,23.057
135969,24.503
135970,22.964
135971,23.5470060742083
135972,22.499
135973,27.37
135974,21.573
135975,23.441
135976,23.241
135977,22.9141122948195
135978,22.341
135979,24.564
135980,19.511
135981,21.503510351573
135982,20.9982602765665
135983,21.408
135984,19.942
135985,22.81
135986,17.847
135987,20.757
135988,20.645
135989,20.482
135990,18.259
135991,23.418
135992,17.61057591212
135993,20.5862621850274
135994,20.659
135995,20.88
135996,18.1505136882369
135997,23.868
135998,17.489
135999,20.4760649323355
136000,20.51
136001,20.7558805080297
136002,17.9122758125045
136003,22.7780705300001
136004,16.8858858466724
136005,20.143
136006,20.274
136007,20.1698184238211
136008,17.531
136009,25.1893962183931
136010,19.5460932575926
136011,21.423
136012,21.344
136013,21.408
136014,20.0849171156779
136015,28.444
136016,22.0745921844211
136017,23.129
136018,22.6209780117139
136019,22.822
136020,22.09
136021,30.426
136022,22.8616110173458
136023,23.285
136024,22.632
136025,22.908
136026,22.904
136027,21.982224577754
136028,19.392
136029,18.984
136030,19.027
136031,19.314
136032,19.4280903740539
136033,19.631
136034,19.244
136035,18.604
136036,18.523
136037,19.043
136038,18.921
136039,20.171871419774
136040,18.281
136041,19.886
136042,19.247
136043,19.8227128710827
136044,18.895
136045,18.014
136046,16.965
136047,20.41
136048,19.905
136049,20.391
136050,18.026
136051,18.111
136052,18.2984379706101
136053,21.652
136054,20.602
136055,21.896
136056,17.8264159894762
136057,17.8988177630934
136058,19.977
136059,23.126
136060,22.402
136061,23.5052150831999
136062,20.974
136063,19.571
136064,23.38
136065,24.1213069358968
136066,23.162
136067,21.864
136068,22.8405113518727
136069,21.913
136070,26.6011918044118
136071,26.737
136072,23.061
136073,27.368
136074,25.352
136075,21.278
136076,28.7230618811622
136077,27.4864526593924
136078,26.426
136079,28.9447216129567
136080,30.2163916520059
136081,23.726
136082,33.415
136083,29.848
136084,29.797
136085,28.161
136086,25.357
136087,28.857
136088,38.3676435472645
136089,30.268
136090,35.6392110501756
136091,38.1555758779617
136092,38.7127655092602
136093,60.6703903391136
136094,67.6388066352539
136095,37.8935558957121
136096,34.2475227670259
136097,54.0553908614094
136098,43.3337037669713
136099,36.3237107765392
136100,28.75
136101,26.937
136102,21.931
136103,27.882
136104,30.1983573720698
136105,30.076
136106,25.422
136107,25.465
136108,25.297
136109,26.1114598391727
136110,25.329
136111,27.883400398681
136112,24.067
136113,24.839
136114,22.943
136115,24.393
136116,22.807
136117,26.5290519473021
136118,22.077
136119,22.406
136120,21.895
136121,22.153
136122,21.713
136123,22.69
136124,17.497
136125,20.309213872297
136126,20.6234757008095
136127,20.912
136128,17.9182617115361
136129,23.345
136130,18.0099068917304
136131,20.559
136132,20.354
136133,20.544
136134,19.001
136135,23.508
136136,19.9499839173512
136137,20.7372479962806
136138,20.346
136139,20.603
136140,20.237
136141,22.715
136142,18.024
136143,20.307750346281
136144,19.918
136145,20.226
136146,18.58
136147,21.902
136148,18.837
136149,20.557
136150,19.91
136151,20.2052914329057
136152,18.885
136153,22.149
136154,21.013
136155,20.8981917338169
136156,20.57
136157,20.375
136158,20.629
136159,23.692
136160,22.631
136161,21.974
136162,21.677
136163,21.535
136164,22.099
136165,27.227
136166,23.161
136167,23.2477497524085
136168,22.918
136169,23.2984245072113
136170,24.259
136171,20.74
136172,20.046
136173,20.5062180568553
136174,20.226
136175,20.431
136176,20.204
136177,18.323
136178,18.559
136179,19.645
136180,19.402
136181,19.641
136182,18.645
136183,16.284
136184,19.147
136185,19.916
136186,19.409
136187,20.041
136188,19.159
136189,14.9452264880346
136190,19.53
136191,20.559
136192,19.948
136193,20.203
136194,19.899
136195,14.633004440356
136196,21.12
136197,21.908
136198,20.7704971461964
136199,21.491
136200,21.738
136201,16.577232047721
136202,24.334
136203,24.448
136204,23.9372042984037
136205,24.1126545169602
136206,24.6946771767568
136207,17.9776466384729
136208,25.789
136209,25.134
136210,24.746
136211,25.5207801003285
136212,25.903
136213,21.364
136214,28.366
136215,27.887
136216,26.812192930226
136217,28.141
136218,27.8176043158441
136219,21.384
136220,30.577
136221,29.45
136222,26.8322989345511
136223,30.029147397706
136224,30.707
136225,24.975
136226,37.7038663422626
136227,30.966
136228,31.8000238324373
136229,32.325
136230,37.2343918903405
136231,32.2145831302947
136232,50.28
136233,36.7749668878852
136234,33.462
136235,45.218219102464
136236,49.8275738292367
136237,71.4593901454477
136238,81.8744408993695
136239,51.616
136240,60.1144226797564
136241,36.031
136242,82.869
136243,43.5321930463481
136244,41.505274785686
136245,28.7360642229305
136246,33.657
136247,32.099
136248,25.4558016923934
136249,35.619400385015
136250,32.0544439566987
136251,27.203
136252,28.267
136253,28.194
136254,27.076
136255,32.1561641100597
136256,23.841
136257,25.63
136258,23.526
136259,23.511
136260,25.5383973827224
136261,30.258967140377
136262,26.092
136263,24.973
136264,24.5738520012893
136265,23.285
136266,23.089
136267,28.284
136268,25.027
136269,23.418
136270,23.114
136271,23.172
136272,22.869
136273,28.985
136274,22.388
136275,22.9716995166378
136276,23.244
136277,23.016
136278,22.554
136279,29.267736351412
136280,23.411
136281,23.027
136282,22.942
136283,22.9994662773444
136284,23.01
136285,28.6708215696826
136286,22.678
136287,23.124
136288,22.8242103150891
136289,22.788
136290,21.9506538311351
136291,29.3
136292,22.335
136293,23.186
136294,22.901529799482
136295,22.8834091328206
136296,22.4849014691164
136297,30.76
136298,23.469
136299,23.5842446412861
136300,23.494
136301,23.447
136302,23.572
136303,30.2353776909028
136304,23.228
136305,24.058
136306,23.882
136307,24.036
136308,24.205
136309,30.689
136310,23.3471433350822
136311,24.327
136312,23.966
136313,24.1737168620171
136314,25.096
136315,22.225
136316,21.638
136317,20.458
136318,20.5465426150485
136319,20.458
136320,20.911
136321,18.741
136322,19.4120787065415
136323,18.2313591382312
136324,19.189
136325,18.475
136326,19.327
136327,18.883
136328,19.36
136329,18.816
136330,19.4096930266033
136331,19.406
136332,19.13562467586
136333,18.105
136334,20.672
136335,20.6095457366917
136336,20.513
136337,21.103
136338,20.599
136339,17.242
136340,21.9183493001593
136341,22.319
136342,21.686
136343,22.5704709275172
136344,22.4131940005209
136345,21.202
136346,24.252
136347,24.216
136348,23.915
136349,24.451
136350,24.4437738227224
136351,21.555
136352,25.775
136353,25.272
136354,25.313
136355,25.63
136356,25.704
136357,23.051
136358,26.3877145565568
136359,26.766
136360,27.151
136361,27.0936375190212
136362,26.9577651698662
136363,24.112
136364,28.6739269177882
136365,29.615
136366,29.5617540570242
136367,29.23
136368,29.9754891725603
136369,24.017
136370,30.914
136371,30.883
136372,30.586
136373,30.301
136374,28.459
136375,37.4998310655004
136376,39.8923070273733
136377,39.8662038644309
136378,38.3428184680467
136379,42.1328074945683
136380,37.541
136381,58.2639150360755
136382,44.865
136383,39.111
136384,23.636
136385,36.798
136386,53.663305326624
136387,34.7739865008952
136388,30.251
136389,25.4
136390,24.438
136391,27.757
136392,28.296
136393,29.527
136394,23.939
136395,24.131
136396,22.404
136397,24.505
136398,23.7774677604891
136399,26.6347731096634
136400,20.178
136401,22.569
136402,21.606
136403,22.253
136404,21.911518044707
136405,24.212
136406,18.923
136407,21.316
136408,21.189
136409,20.889
136410,19.2521087939722
136411,22.608
136412,19.433
136413,20.3788961456129
136414,20.867
136415,20.2356510965125
136416,19.639
136417,22.981
136418,16.870576893468
136419,19.62
136420,20.228
136421,19.967
136422,18.148
136423,22.248
136424,17.331
136425,19.409
136426,19.907
136427,19.5887716585998
136428,18.166
136429,21.434
136430,17.106
136431,19.764
136432,19.807
136433,19.37
136434,17.838
136435,22.599
136436,17.36
136437,20.093
136438,19.906
136439,19.768
136440,18.425
136441,22.4388938944582
136442,17.7646931829026
136443,20.106
136444,20.007
136445,20.025
136446,18.531
136447,25.429
136448,19.745
136449,21.134
136450,21.4254191308294
136451,21.016
136452,20
136453,26.949
136454,21.8338449116166
136455,22.365
136456,22.375
136457,22.151
136458,21.2820004200554
136459,20.5994790415549
136460,19.015
136461,19.088
136462,19.668
136463,19.412
136464,18.75
136465,19.553
136466,18.039
136467,17.8159528906292
136468,18.293
136469,18.609
136470,18.2706189411605
136471,19.2636402758794
136472,18.668
136473,19.055
136474,18.909
136475,18.8105356544444
136476,18.544
136477,17.357
136478,17.993
136479,20.164
136480,20.601
136481,20.74
136482,17.11
136483,16.505
136484,16.911
136485,20.952
136486,21.074
136487,21.7752083985652
136488,19.429
136489,19.412
136490,20.7710134761276
136491,22.322
136492,22.421
136493,22.634
136494,20.276
136495,20.286
136496,21.111
136497,23.764
136498,23.5146416960647
136499,23.962
136500,21.5205846701961
136501,23.6390392719239
136502,22.544
136503,26.226
136504,25.431
136505,26.5478750149808
136506,21.754
136507,25.5877988434847
136508,22.824348306257
136509,29.131
136510,27.692
136511,29.759
136512,19.5002422021044
136513,27.541
136514,23.3944533842923
136515,31.6259397485156
136516,30.296
136517,31.7083478388639
136518,21.6054939071774
136519,33.089
136520,35.4758959255273
136521,20.045
136522,34.2
136523,33.787
136524,22.962
136525,49.0189334423723
136526,36.528
136527,21.005
136528,28.9041324957387
136529,38.9993625270022
136530,34.9520732466054
136531,29.7974968358478
136532,26.5800152831358
136533,25.235
136534,24.301
136535,24.7344379964734
136536,24.662
136537,28.5136121896005
136538,22.0911882686478
136539,22.956
136540,23.0464414167311
136541,23.2135542993279
136542,21.8202935033562
136543,22.82
136544,20.041
136545,22.08
136546,20.592
136547,21.482
136548,20.872
136549,19.626
136550,14.636
136551,20
136552,18.012
136553,18.445
136554,15.1958825294407
136555,20.392
136556,16.2602425582338
136557,20.86
136558,19.923
136559,19.642
136560,15.26
136561,19.957
136562,15.915
136563,20.463
136564,19.06
136565,18.78
136566,15.569
136567,20.243
136568,17.491
136569,20.415
136570,19.149
136571,18.778
136572,14.6390241018286
136573,20.667
136574,15.613
136575,20.051
136576,19.336
136577,18.843
136578,18.622
136579,21.094
136580,18.248
136581,20.09
136582,19.3195836469778
136583,19.029
136584,18.3896916431685
136585,20.834
136586,18.508
136587,20.541
136588,20.0307194707962
136589,19.417
136590,18.961
136591,21.733
136592,17.685
136593,20.872
136594,20.334
136595,20.287
136596,21.163
136597,22.737
136598,17.4574994644481
136599,21.533
136600,20.861
136601,20.9443576462086
136602,19.6700762653851
136603,17.2776853728247
136604,13.838143001151
136605,18.837
136606,18.33
136607,18.5186784496063
136608,17.26
136609,11.7005306529447
136610,17.1962899263009
136611,16.676
136612,16.4751390861059
136613,16.7851978699629
136614,16.519
136615,11.081
136616,18.167
136617,17.4341703031291
136618,17.255
136619,17.2539843400833
136620,17.417
136621,14.207
136622,14.927
136623,19.222
136624,18.391
136625,17.7469067523445
136626,18.06
136627,17.053
136628,15.485
136629,20.93
136630,19.861
136631,20.158
136632,16.233
136633,21.159
136634,20.252
136635,22.254
136636,21.823
136637,22.442
136638,18.119
136639,22.7950838369529
136640,19.5224066122718
136641,23.8747695071112
136642,23.1366268049296
136643,23.6813524266529
136644,21.143
136645,25.849519027064
136646,22.058
136647,25.718
136648,25.864
136649,26.4047204479366
136650,22.064
136651,28.721
136652,25.44
136653,29.5478309174178
136654,28.396
136655,29.5524924978877
136656,24.636
136657,32.623
136658,28.653880243027
136659,31.5251493321588
136660,31.0481164935048
136661,32.3491112288097
136662,28.1056908403212
136663,33.6968015191647
136664,36.2588945823147
136665,38.772
136666,41.2250111825402
136667,43.3845257205897
136668,26.881797326897
136669,42.9739197539673
136670,30.9517915609119
136671,27.3835494412793
136672,37.2871768519368
136673,42.0705107706658
136674,23.762
136675,24.6545632615526
136676,24.482
136677,24.524
136678,18.703
136679,26.866
136680,24.821
136681,25.666
136682,23.712
136683,23.2423470157412
136684,22.31
136685,23.603
136686,25.167
136687,21.641
136688,21.969
136689,21.002
136690,20.126
136691,21.778
136692,21.9027870320291
136693,20.006
136694,20.132
136695,19.91
136696,18.217
136697,19.407
136698,19.419
136699,20.221
136700,21.008
136701,20.673
136702,18.9872457827527
136703,19.154
136704,21.274
136705,19.677
136706,19.601
136707,20.277
136708,19.087
136709,19.067
136710,18.408
136711,19.7829624705473
136712,18.6664836004975
136713,20.004
136714,19.279
136715,19.294376774102
136716,17.4804927592689
136717,19.083
136718,18.807
136719,19.9508413346047
136720,19.254
136721,19.321
136722,17.397
136723,20.1832141383002
136724,18.833
136725,20.23
136726,19.414
136727,19.286
136728,17.095
136729,21.015
136730,18.83
136731,20.3421624452481
136732,19.345
136733,19.5964580171219
136734,15.589
136735,21.75
136736,19.374
136737,21.139
136738,20.228
136739,20.618371921715
136740,18.11
136741,22.809
136742,22.042
136743,21.974
136744,21.144
136745,21.4878859362446
136746,19.923
136747,18.872
136748,20.368
136749,20.4905436322137
136750,19.7479483292948
136751,19.916
136752,18.508
136753,14.9623105882522
136754,19.6365576638218
136755,19.764
136756,18.5365682530241
136757,19.251
136758,18.438
136759,14.412
136760,19.79
136761,20.294
136762,19.0374359584447
136763,19.741
136764,18.094
136765,18.917
136766,21.353
136767,21.7603595969839
136768,21.068
136769,22.046
136770,21.092
136771,21.499
136772,24.68
136773,24.4973286598891
136774,23.2546897164173
136775,24.453
136776,24.33
136777,22.625
136778,27.743
136779,27.0153776868357
136780,25.43
136781,26.9972104601501
136782,27.5241345164555
136783,24.761
136784,29.547
136785,29.383
136786,27.064
136787,28.768
136788,29.685
136789,28.1
136790,30.2023067287568
136791,30.066
136792,28.336
136793,30.252
136794,30.343954411131
136795,32.345
136796,31.7538758717546
136797,31.7668769946257
136798,29.774
136799,31.06
136800,30.9647966438875
136801,36.1128130584578
136802,31.6690855994859
136803,31.638813456595
136804,30.608
136805,32.128
136806,32.287
136807,71.5503596961422
136808,49.8060098072824
136809,44.5171126637702
136810,43.3833528022946
136811,46.6422710550156
136812,58.3018759994632
136813,78.0488567141109
136814,45.9826003493507
136815,38.149611635424
136816,46.436436608173
136817,46.1264194478843
136818,44.329
136819,30.6862012932146
136820,25.1278347245143
136821,23.575
136822,26.832
136823,28.2223996902664
136824,23.3836916846892
136825,24.558
136826,21.173
136827,23.088
136828,18.238
136829,20.178
136830,21.106
136831,20.943
136832,17.727
136833,21.702
136834,14.337
136835,19.956
136836,16.23
136837,18.88
136838,16.792
136839,19.888
136840,15.1817284837782
136841,17.648
136842,13.737
136843,18.736
136844,12.829
136845,19.5541446673843
136846,15.615
136847,16.712
136848,11.562003134186
136849,18.634
136850,9.84591067581403
136851,19.091
136852,16.469
136853,16.956
136854,9.41884763808527
136855,18.1230076775646
136856,11.909045065294
136857,19.292
136858,16.924
136859,17.053
136860,12.681
136861,18.2748867513954
136862,16.858
136863,19.335
136864,18.161
136865,17.497
136866,17.842
136867,18.467
136868,12.861
136869,19.263
136870,18.179282119961
136871,17.7170573647837
136872,16.199
136873,19.1908310089862
136874,14.2912728863187
136875,19.858
136876,18.84
136877,18.273
136878,15.596
136879,19.741
136880,17.1693441243006
136881,20.32
136882,19.505
136883,18.937
136884,15.549
136885,21.393
136886,18.746
136887,21.13
136888,20.562
136889,20.0119042909911
136890,17.464
136891,17.734
136892,15.6140677692505
136893,19.095
136894,18.012
136895,17.539
136896,17.1972521916606
136897,11.8754613824155
136898,11.5047764296541
136899,17.414
136900,13.543
136901,14.93
136902,18.014
136903,7.985
136904,15.434
136905,16.669
136906,11.0557749423556
136907,14.4641619513633
136908,14.714
136909,10.281
136910,19.133
136911,19.49
136912,11.547
136913,16.352
136914,19.184
136915,16.211
136916,21.4898069849653
136917,21.299
136918,17.734
136919,19.892
136920,21.549
136921,22.865
136922,24.012
136923,24.495
136924,21.635
136925,22.358
136926,23.7993570406837
136927,28.771
136928,27.301
136929,27.766863969556
136930,22.897
136931,23.839
136932,27.2203560958714
136933,31.346
136934,29.458
136935,29.767
136936,24.043887048726
136937,25.4114384638472
136938,29.4662869624034
136939,34.273
136940,32.5746781775861
136941,31.5776966655056
136942,26.8401286627837
136943,27.891
136944,32.8805313547561
136945,46.2518955486548
136946,33.6543550847571
136947,33.2231398823245
136948,28.985
136949,30.119
136950,34.679
136951,84.1611157561062
136952,57.0836074017633
136953,47.586831428282
136954,37.648
136955,45.013
136956,58.543156060908
136957,153.582234304785
136958,70.6661956769293
136959,24.188
136960,51.7694295303675
136961,82.1092695316234
136962,91.7757491617418
136963,32.989566101167
136964,24.664
136965,23.3800618859102
136966,25.079
136967,26.415
136968,25.56
136969,45.079
136970,24.0245508066919
136971,24.023
136972,21.485
136973,21.929
136974,22.295
136975,31.9682768067312
136976,22.626
136977,23.678
136978,20.129
136979,20.591
136980,21.335
136981,28.447
136982,23.4649164130264
136983,23.688
136984,20.047
136985,20.571
136986,25.81
136987,24.2369110963232
136988,22.527
136989,22.242
136990,18.136
136991,19.30603792956
136992,21.876
136993,24.5172678673664
136994,19.633
136995,21.068
136996,19.315
136997,19.501
136998,18.319
136999,23.3513385829904
137000,19.667
137001,20.71
137002,19.4740043548115
137003,19.4514869653565
137004,15.981
137005,25.119
137006,19.54
137007,20.992
137008,19.969
137009,19.768
137010,18.986
137011,32.2672713019573
137012,17.734
137013,21.174
137014,20.549
137015,19.8998720458501
137016,22.056
137017,25.588
137018,23.061
137019,21.483
137020,20.9511431107689
137021,20.106
137022,22.826
137023,25.9236416168233
137024,24.644
137025,23.391
137026,22.435
137027,22.1861068963094
137028,24.259
137029,29.69
137030,24.455659792714
137031,23.773
137032,22.955
137033,22.727
137034,23.543
137035,24.6111309884881
137036,22.117
137037,21.412
137038,20.69
137039,20.943
137040,22.614
137041,22.189
137042,20.54
137043,20.389
137044,19.85
137045,19.04
137046,20.9105099289236
137047,23.457
137048,18.777
137049,21.708
137050,19.155
137051,18.2172615462665
137052,18.127
137053,21.307
137054,19.985
137055,23.402
137056,20.057
137057,21.178
137058,19.008
137059,22.464
137060,19.5841976941402
137061,26.655548333238
137062,23.068
137063,23.994
137064,19.871
137065,22.7254851133347
137066,19.815
137067,30.269
137068,27.151
137069,28.318997179043
137070,20.774
137071,24.3037400002108
137072,16.413
137073,33.7220475343826
137074,28.834
137075,31.439
137076,18.6695479786585
137077,33.966
137078,17.197
137079,41.4774396206671
137080,38.13
137081,37.9958632821997
137082,17.496
137083,40.7511934314899
137084,17.827
137085,42.6482056973782
137086,40.5830889697058
137087,42.6993484928194
137088,17.394
137089,46.9266022377657
137090,19.252
137091,44.1832664502152
137092,19.723
137093,43.951
137094,20.225
137095,64.4420714589039
137096,24.015
137097,56.537584485444
137098,38.2946044481589
137099,46.4949701200763
137100,22.652
137101,134.998618184333
137102,30.558
137103,27.869476321559
137104,58.9583742630102
137105,46.7285624201431
137106,30.6144006572618
137107,59.4591878028769
137108,31.4153522663367
137109,23.7446291131257
137110,41.0323144473997
137111,34.287
137112,30.909
137113,55.9561449307918
137114,32.067
137115,23.501
137116,25.864
137117,32.6095716616847
137118,30.337
137119,55.2485499240941
137120,27.068
137121,26.702
137122,23.833
137123,24.674
137124,27.4913997193227
137125,48.373
137126,27.9191635486606
137127,29.392
137128,23.371
137129,24.331
137130,26.2623800359117
137131,56.7761492860396
137132,24.269
137133,26.7158748444117
137134,22.836
137135,23.274
137136,23.851
137137,34.134
137138,25.518
137139,25.3707489144117
137140,24.714
137141,22.59
137142,24.8917048611438
137143,30.293
137144,25.32
137145,25.6026030522817
137146,24.061
137147,23.551
137148,24.985
137149,32.6769815815489
137150,24.703
137151,25.536
137152,23.651
137153,23.4400382827076
137154,24.9620724582893
137155,35.807
137156,24.005
137157,25.236
137158,24.258
137159,24.621
137160,24.728
137161,38.286214741686
137162,23.537
137163,25.575
137164,24.809
137165,25.536
137166,25.085
137167,49.2300413034684
137168,24.495
137169,27.868
137170,27.4264077425184
137171,27.882
137172,25.0631704012309
137173,44.9188187806795
137174,24.8318853189561
137175,28.357
137176,27.793
137177,28.55
137178,25.51
137179,26.7400558860824
137180,21.509
137181,23.769
137182,23.599
137183,23.994
137184,21.74
137185,22.152
137186,20.037
137187,21.543
137188,21.472
137189,21.52
137190,20.409174821405
137191,20.827
137192,19.54
137193,20.985
137194,21.289
137195,18.3607820239661
137196,19.765
137197,20.879
137198,19.888
137199,21.1983654653689
137200,21.45
137201,20.77
137202,19.97
137203,22.439
137204,21.693
137205,22.1111138058559
137206,21.567002843775
137207,22.999
137208,21.694
137209,23.124
137210,23.31
137211,21.97
137212,23.323
137213,23.404
137214,23.068
137215,24.597
137216,24.779
137217,24.187
137218,23.5675034424043
137219,23.216
137220,24.3959654248081
137221,26.848
137222,27.291
137223,27.1524890920279
137224,25.052
137225,24.278
137226,27.1928459854743
137227,29.855
137228,29.721
137229,29.1562831079994
137230,26.594
137231,25.41
137232,29.7328843787037
137233,36.8638148404551
137234,34.621
137235,32.0599948365848
137236,15.623
137237,32.7933533165567
137238,33.8535756817148
137239,67.8981082565423
137240,52.5767286737702
137241,43.4819722310034
137242,30.8367934227742
137243,44.9763076831954
137244,54.8429947360875
137245,177.502731587165
137246,89.9855559305357
137247,66.9616473536679
137248,63.6700065344853
137249,74.2594922988027
137250,89.4387153989425
137251,66.8444684706264
137252,46.1130514231223
137253,35.7938811176098
137254,40.7798271798773
137255,43.561
137256,46.4521605491418
137257,63.9330863584272
137258,39.0029240701277
137259,32.802
137260,37.09763214199
137261,37.4019202358129
137262,36.7249609230297
137263,41.0262429333531
137264,29.456
137265,28.202614911817
137266,30.4597953498492
137267,30.82
137268,30.125
137269,35.95
137270,26.719
137271,28.8008983433028
137272,29.0633703553059
137273,29.0332874223219
137274,26.331
137275,34.178
137276,25.188
137277,26.42
137278,25.912
137279,26.1560798972308
137280,24.415
137281,30.122
137282,24.9674940728668
137283,24.6441647931778
137284,24.079
137285,23.541
137286,24.0157943436681
137287,30.125
137288,23.147
137289,23.5264455637506
137290,22.925
137291,22.822
137292,23.2130448833301
137293,27.756
137294,22.579
137295,23.124
137296,22.434
137297,22.835
137298,22.634
137299,26.8490735383066
137300,22.597
137301,22.945
137302,22.542
137303,22.83
137304,23.434783316433
137305,27.2692991942475
137306,23.436
137307,23.5060858986657
137308,23.167
137309,23.739
137310,23.7564674056794
137311,28.856
137312,26.143
137313,25.577
137314,25.225
137315,24.8163408058373
137316,26.1523871963713
137317,29.2991747868251
137318,26.8587497412811
137319,24.899
137320,25.1655261195892
137321,25.287
137322,26.862
137323,18.838
137324,19.875
137325,19.4
137326,19.57
137327,20.763
137328,19.854
137329,14.268
137330,16.6547498316375
137331,16.802
137332,18.767
137333,18.839
137334,16.659
137335,13.029
137336,16.6419916686645
137337,16.965
137338,19.312
137339,19.727
137340,16.658
137341,12.532
137342,17.126
137343,18.239
137344,20.61
137345,21.498
137346,17.19
137347,17.007
137348,18.371
137349,20.415
137350,21.807
137351,22.4504447350583
137352,18.463
137353,20.346
137354,20.82
137355,22.116
137356,23.595
137357,23.839
137358,20.835
137359,21.944
137360,22.455
137361,23.6490577027937
137362,24.029
137363,25.3808730263505
137364,22.45
137365,23.8922066198801
137366,24.211
137367,25.5
137368,25.4520035328332
137369,26.9301740398338
137370,24.439
137371,28.6898842527227
137372,28.4145533572752
137373,28.8693120108802
137374,29.8877267642807
137375,30.887
137376,28.774
137377,34.8670729064477
137378,33.1378295566006
137379,34.9630455498127
137380,32.436
137381,32.3199563820778
137382,33.531
137383,67.2958648027813
137384,56.1284057953744
137385,58.3844891936712
137386,48.446
137387,51.5706720498202
137388,55.8571744935448
137389,116.338785202288
137390,70.7695113315764
137391,68.7782431216022
137392,56.5292696069536
137393,59.7223465308882
137394,70.9272522151309
137395,48.1601924663352
137396,29.255
137397,34.4383825984165
137398,34.0613502624567
137399,35.6620409887212
137400,30.0882087563693
137401,41.1452724984646
137402,22.492
137403,25.6088499733779
137404,23.0376771238053
137405,22.568
137406,23.3101028246363
137407,26.4554189388244
137408,19.894
137409,22.4435721079087
137410,20.108
137411,20.5584227875778
137412,19.661
137413,24.059
137414,19.206
137415,21.75
137416,20.592
137417,20.407328309845
137418,18.875
137419,22.801
137420,14.426
137421,19.842
137422,20.019
137423,18.436
137424,14.126
137425,21.403
137426,13.156548283848
137427,20.138
137428,19.4369467717546
137429,19.642
137430,13.2869031379379
137431,20.7929380149966
137432,15.424
137433,19.948
137434,19.392
137435,19.722
137436,17.1496964048781
137437,21.454
137438,17.771
137439,19.916
137440,18.83
137441,19.542
137442,17.473
137443,22.092
137444,17.5012240336697
137445,20.584
137446,20.081
137447,19.968
137448,17.841
137449,22.451
137450,17.47
137451,20.1527047416839
137452,19.878
137453,20.587
137454,18.269
137455,24.162
137456,20.107
137457,21.501
137458,20.792
137459,20.9315277603496
137460,19.387
137461,25.6532787510231
137462,22.09
137463,22.681
137464,22.315
137465,22.2970899398318
137466,22.0099266456435
137467,19.5832266375323
137468,18.247
137469,18.646
137470,18.623
137471,19.0293988792238
137472,17.914
137473,15.247
137474,15.747
137475,16.622
137476,16.891
137477,17.253
137478,15.442
137479,13.915
137480,13.97
137481,16.025
137482,18.121117605642
137483,17.657
137484,13.682
137485,17.2547554831974
137486,18.2584165465536
137487,18.281
137488,20.421163369959
137489,20.2
137490,18.111
137491,20.7832588155286
137492,21.134
137493,21.353
137494,21.845
137495,22.4
137496,21.035
137497,21.962
137498,21.963
137499,21.699
137500,22.997
137501,23.095
137502,22.009
137503,24.43
137504,23.4870572552012
137505,23.458
137506,24.167
137507,24.338
137508,23.599
137509,25.0779307598227
137510,25.2202519694792
137511,24.583
137512,25.33
137513,25.57
137514,25.319
137515,29.2321768546513
137516,26.4552877640088
137517,27.7039594456943
137518,27.3610170580005
137519,28.793
137520,28.527
137521,35.7846745568176
137522,31.819
137523,31.4275148953799
137524,29.6495205020881
137525,31.439
137526,33.0427047051692
137527,54.408
137528,48.8901411455203
137529,45.0773614559615
137530,42.1461223808816
137531,37.0571230555276
137532,49.561
137533,82.7874419554712
137534,58.8764426733622
137535,43.237
137536,25.043
137537,42.9594612347047
137538,57.9340405245972
137539,40.409
137540,26.673
137541,26.368
137542,21.215
137543,22.1503870976069
137544,26.54
137545,32.401
137546,22.725
137547,24.495
137548,20.327
137549,22.018117173237
137550,23.035
137551,28.593
137552,21.1
137553,22.651
137554,19.208
137555,20.682
137556,21.1519467283356
137557,27.1064963380385
137558,20.152
137559,21.284643573815
137560,19.864
137561,20.004
137562,20.936
137563,25.6250220926431
137564,18.7965849959641
137565,19.351
137566,18.478
137567,18.62
137568,18.6328771318754
137569,24.6306014473777
137570,18.5013351327926
137571,20.862
137572,19.0392479700326
137573,18.898
137574,18.762
137575,24.833
137576,20.0582041596125
137577,21.048
137578,20.129
137579,19.216
137580,18.4475593221868
137581,24.664
137582,20.521
137583,21.263
137584,20.677
137585,19.4
137586,18.2428263237142
137587,28.2973708955073
137588,20.171
137589,22.041
137590,21.4857868566906
137591,21.743
137592,19.062
137593,27.808
137594,20.557
137595,22.295
137596,21.7
137597,22.021
137598,20.3378506200111
137599,27.818
137600,21.157
137601,22.583
137602,22.0202482749727
137603,22.356
137604,20.7911088445936
137605,27.9901749880092
137606,22.097
137607,23.314
137608,22.631
137609,22.536
137610,21.943
137611,20.853
137612,17.362
137613,18.8378934740588
137614,18.3624996030775
137615,18.7151035551732
137616,17.262
137617,15.434
137618,14.308
137619,16.8980423566749
137620,15.5616387213758
137621,16.389
137622,13.8624301515275
137623,16.634636022189
137624,15.763
137625,16.965
137626,16.339
137627,17.448
137628,15.7145092729895
137629,17.738
137630,17.121
137631,18.669
137632,18.501
137633,18.966
137634,18.346
137635,19.9037318061258
137636,18.768
137637,19.993
137638,20.264
137639,20.694
137640,19.959
137641,20.8239856404723
137642,21.274
137643,21.282
137644,21.426
137645,22.161
137646,21.346
137647,21.973
137648,21.9647579020713
137649,22.1196060491367
137650,20.2
137651,21.678
137652,21.934
137653,24.4248699642695
137654,23.917
137655,23.599
137656,23.241
137657,22.2255942298573
137658,24.063
137659,27.151130986071
137660,27.9192538916265
137661,26.7201030783148
137662,26.653
137663,25.895
137664,27.2363430616528
137665,34.2138472960314
137666,31.913
137667,31.161
137668,30.8993821895082
137669,31.19
137670,31.972
137671,59.1122351687125
137672,40.945
137673,42.328
137674,32.481
137675,41.1303994126556
137676,45.5448509084803
137677,96.3459347646768
137678,55.8284234510716
137679,53.528
137680,33.3351854037668
137681,41.497
137682,53.867
137683,44.7848219823732
137684,28.513
137685,26.6353411575066
137686,23.955
137687,26.535
137688,29.278
137689,40.4767480166221
137690,23.682
137691,24.7296356917556
137692,22.1626211362867
137693,24.107
137694,24.928
137695,30.182
137696,22.724
137697,23.402
137698,21.175
137699,22.406
137700,23.1363384630189
137701,29.356
137702,21.1427328212496
137703,21.717
137704,20.745
137705,20.4285064536409
137706,21.8789696014048
137707,31.4243040415509
137708,19.563
137709,20.753
137710,20.053
137711,19.822
137712,19.717
137713,27.8423027237413
137714,18.9142615734659
137715,20.703
137716,20.544
137717,20.095
137718,18.963
137719,33.8811845210803
137720,19.1961294525379
137721,21.8233484911363
137722,21.026
137723,20.9538327754467
137724,19.358
137725,28.584
137726,20.634
137727,22.09
137728,21.5958443325121
137729,22.0392471174344
137730,19.823
137731,29.755021171892
137732,20.8531530250414
137733,22.47
137734,21.909
137735,22.385
137736,21.504
137737,31.159
137738,21.782
137739,22.882
137740,22.6609564968522
137741,22.847
137742,21.784139610707
137743,34.94
137744,23.229
137745,24.984
137746,24.317
137747,24.4640579086599
137748,22.9081823279876
137749,35.958
137750,24.93
137751,25.61
137752,24.74
137753,24.987
137754,25.291
137755,23.567
137756,21.7749653660674
137757,21.409
137758,21.219
137759,21.145820745273
137760,21.349
137761,21.2958464393074
137762,20.222
137763,20.064
137764,19.81
137765,19.854
137766,20.1834196610865
137767,21.902
137768,20.305
137769,20.475
137770,20.1206701732945
137771,20.89
137772,20.173
137773,22.242
137774,20.422
137775,20.703
137776,20.541
137777,20.8960984079672
137778,20.549
137779,22.449
137780,20.89
137781,21.48
137782,21.5406668533648
137783,21.6241173045673
137784,21.017
137785,24.006
137786,22.2713915916087
137787,22.775
137788,22.897
137789,23.461
137790,22.295
137791,27.857
137792,24.748
137793,25.3169690903638
137794,25.047
137795,25.7593453419457
137796,25.08
137797,29.1558482851646
137798,27.7408677053618
137799,27.788
137800,27.1919482699333
137801,28.08
137802,27.2922723777634
137803,32.921
137804,30.597
137805,31.5630431866528
137806,30.7534597698069
137807,31.9832246135951
137808,31.209
137809,40.2013175975154
137810,34.7246584209781
137811,37.3930420469682
137812,35.9480512700587
137813,31.329
137814,34.8283166967487
137815,82.1765851442986
137816,54.4859095231368
137817,54.791
137818,53.9477531531999
137819,54.5379901295272
137820,53.4386729942391
137821,93.6847150200623
137822,61.084
137823,60.141
137824,55.8051059449252
137825,49.504
137826,57.5068838047281
137827,57.85683526448
137828,31.112
137829,40.2314816509998
137830,36.622
137831,35.7633009455811
137832,32.2662414692163
137833,50.339
137834,25.296
137835,27.284
137836,23.032
137837,25.465
137838,26.68
137839,38.3361763967019
137840,23.8706000559119
137841,25.2930489455394
137842,22.323
137843,23.922
137844,25.4532491387175
137845,37.4106967832333
137846,23.248
137847,24.475
137848,22.716
137849,23.5428269204282
137850,23.88
137851,33.448
137852,23.09
137853,24.067
137854,22.3046058899434
137855,22.941
137856,23.082
137857,31.3342072074006
137858,23.6386289392847
137859,24.03
137860,22.9677487914504
137861,23.632
137862,22.7563455851165
137863,34.2400304206207
137864,22.57
137865,22.919
137866,22.663
137867,23.066
137868,22.121
137869,41.3538211333716
137870,23.356
137871,22.7345978389096
137872,23.1757798637252
137873,23.339
137874,22.319
137875,44.746
137876,23.922
137877,23.4059501995723
137878,23.21
137879,23.156
137880,22.886
137881,44.8616814894003
137882,24.51
137883,24.004
137884,24.304
137885,24.29
137886,23.62
137887,45.238
137888,25.179
137889,25.344
137890,25.231
137891,25.371
137892,24.9299816146106
137893,49.0533925305402
137894,25.96
137895,25.331
137896,25.3205049481062
137897,25.661
137898,25.9455980380092
137899,27.573
137900,21.8801175191688
137901,21.807
137902,22.197
137903,22.345
137904,22.005
137905,20.466
137906,18.837
137907,19.032
137908,20.0720368304462
137909,19.419
137910,18.966
137911,20.26092681623
137912,19.2812805539227
137913,19.329
137914,20.2262240193533
137915,19.7664565764538
137916,19.413
137917,19.115
137918,18.31
137919,18.995
137920,19.4772045023769
137921,19.4296918303599
137922,18.96
137923,20.4565874098547
137924,20.001
137925,21.113
137926,21.481
137927,21.475
137928,20.097
137929,22.607
137930,22.535
137931,23.039
137932,23.187
137933,23.174
137934,22.4732528326673
137935,24.519
137936,24.471
137937,24.618
137938,24.223
137939,24.679
137940,24.3987527358347
137941,27.168
137942,26.5056514951925
137943,27.2693094302657
137944,26.2692050975708
137945,25.2167534918191
137946,26.803
137947,31.003
137948,30.95231058565
137949,31.282
137950,29.889
137951,27.8941736699314
137952,30.9511902174261
137953,36.7940848147365
137954,35.1971515986971
137955,36.307
137956,34.195
137957,34.9984429026535
137958,35.164
137959,70.643631686
137960,55.0807522015446
137961,62.8937246822486
137962,52.4256698757744
137963,52.7501805473727
137964,56.3331166565619
137965,159.581946844644
137966,79.502601802808
137967,84.436509957585
137968,79.5907916960635
137969,72.3133207605549
137970,79.65
137971,74.3625959649521
137972,31.9445535241321
137973,29.902
137974,35.87
137975,42.322
137976,35.779
137977,38.364
137978,24.4445059289084
137979,25.479
137980,23.2172188466104
137981,31.3724261166046
137982,25.6262727886437
137983,31.999
137984,23.441
137985,23.5145131757514
137986,22.317
137987,23.154
137988,23.676
137989,28.5169248767352
137990,21.405
137991,21.777
137992,21.885
137993,21.655
137994,21.43
137995,29.3404219056307
137996,19.392
137997,20.521
137998,21.7814256254878
137999,20.833
138000,19.635
138001,27.5344119785288
138002,19.1
138003,20.794
138004,20.667
138005,20.259
138006,19.641
138007,24.372
138008,18.335
138009,20.482
138010,20.5791735220108
138011,19.835
138012,18.427
138013,23.34
138014,19.038
138015,21.175
138016,20.785
138017,20.097
138018,18.893
138019,24.653
138020,20.491
138021,21.989
138022,21.199
138023,20.9388133378204
138024,19.653
138025,26.432072085327
138026,20.7730376467015
138027,22.8033507769894
138028,21.821
138029,21.164
138030,20.867
138031,28.603
138032,22.375
138033,24.227
138034,23.357
138035,22.9623964139449
138036,22.612
138037,29.4409395150693
138038,24.058
138039,24.584
138040,23.594
138041,23.45
138042,23.581
138043,20.393
138044,19.316
138045,19.541
138046,19.443
138047,19.513
138048,19.397
138049,13.0076775434129
138050,14.023
138051,15.165
138052,15.428
138053,15.5860903734682
138054,14.092
138055,14.142
138056,14.6671045889434
138057,15.9276844348768
138058,16.558
138059,16.5367989171819
138060,14.875
138061,16.608
138062,17.3525246591108
138063,18.583028036087
138064,19.219
138065,19.152
138066,17.479
138067,20.276
138068,20.789
138069,21.385
138070,21.902
138071,22.152
138072,20.829
138073,22.4270807903657
138074,23.126
138075,23.378
138076,23.646
138077,24.0811088631824
138078,23.0425385474904
138079,25.987
138080,25.5902501743368
138081,26.0579274021916
138082,26.531
138083,26.607
138084,25.861
138085,28.555
138086,27.853
138087,28.363
138088,28.186
138089,29.062
138090,28.559
138091,31.3117059108888
138092,31.5042641060915
138093,32.295
138094,31.6284348075797
138095,32.479
138096,31.7794602571604
138097,37.865
138098,38.68
138099,36.7175310565725
138100,33.6916962856668
138101,34.125434164176
138102,37.176
138103,94.5909926927815
138104,61.6479211139746
138105,64.0114582204314
138106,56.2756567975334
138107,55.1888115108357
138108,58.5439308616532
138109,189.385253573428
138110,75.2844085062328
138111,81.1941449472914
138112,77.3678631091151
138113,74.1779566818027
138114,77.2278343783384
138115,67.8505056325826
138116,25.871
138117,37.218
138118,37.541
138119,35.5161277049595
138120,25.183
138121,31.802
138122,21.405
138123,26.004
138124,22.203
138125,27.585
138126,22.354
138127,28.067
138128,20.6131930133513
138129,23.026
138130,21.537
138131,21.887
138132,20.346
138133,25.011
138134,18.2342875255189
138135,20.9337301292262
138136,19.892
138137,20.295561389826
138138,18.57
138139,24.212
138140,17.089
138141,19.703
138142,18.415
138143,18.292
138144,16.159
138145,21.684
138146,17.162
138147,19.4440389045689
138148,19.006
138149,17.9504381471162
138150,15.281
138151,21.871
138152,17.452
138153,19.977
138154,20.037
138155,18.1343857417481
138156,17.4467798199991
138157,21.735
138158,17.472
138159,19.821
138160,20.193
138161,18.4048219412787
138162,17.3197575363719
138163,22.599
138164,19.211
138165,20.441
138166,20.406
138167,20.076
138168,18.278
138169,24.527
138170,20.549
138171,21.884
138172,21.483
138173,21.634
138174,19.897
138175,27.181
138176,22.68
138177,23.255
138178,22.9155648334881
138179,22.716
138180,21.541
138181,30.762
138182,22.85
138183,24.6690186671546
138184,24.229
138185,24.068
138186,22.865
138187,21.3012261107113
138188,18.823
138189,19.967
138190,19.52
138191,19.47
138192,17.788482822585
138193,15.793
138194,15.008
138195,17.354
138196,17.289
138197,17.306
138198,15.298
138199,17.231
138200,15.801
138201,18.0298590949776
138202,17.832
138203,18.022
138204,16.141
138205,18.426
138206,17.74
138207,19.856
138208,19.8715465780811
138209,20.095
138210,17.884
138211,22.518
138212,21.606
138213,22.8095035199574
138214,22.824
138215,23.1815978027598
138216,21.735
138217,24.8
138218,23.6
138219,24.588
138220,24.4322496407955
138221,24.907
138222,23.737
138223,26.2
138224,25.484
138225,26.418
138226,26.1472697186555
138227,26.7484040788884
138228,25.6876773141978
138229,26.2666341431846
138230,27.341
138231,28.4882515381594
138232,27.2978481765822
138233,28.088
138234,27.167
138235,25.5
138236,29.3626176028051
138237,31.85
138238,27.416
138239,30.296
138240,30.4246282708473
138241,33.4683030131345
138242,30.298
138243,35.4435171952622
138244,29.709
138245,33.892
138246,30.2609866660593
138247,49.8322431880213
138248,33.7827628239449
138249,49.2088697497371
138250,49.449062685444
138251,48.5912041482247
138252,38.206610864195
138253,59.8043652871434
138254,37.609
138255,37.7411545638131
138256,28.597
138257,54.401955184541
138258,35.9304419802363
138259,35.7354752528545
138260,24.459
138261,27.6718810502021
138262,22.4161885053516
138263,24.8320967827438
138264,25.164
138265,31.0642346445074
138266,21.617
138267,24.668
138268,22.573
138269,23.332
138270,22.046
138271,30.5400429090795
138272,19.353
138273,23.063
138274,21.472
138275,22.429
138276,21.0174426153848
138277,26.745
138278,18.49
138279,21.81
138280,21.126930260546
138281,21.529
138282,17.792
138283,27.795
138284,17.391
138285,20.393
138286,20.564
138287,19.828613538396
138288,17.277
138289,23.105
138290,17.648
138291,20.243
138292,20.335
138293,18.715
138294,17.095
138295,24.659
138296,18.007
138297,20.354
138298,20.753
138299,20.263
138300,17.509
138301,27.2613798682048
138302,18.3836632451436
138303,20.778
138304,20.872
138305,20.614
138306,17.992
138307,31.46
138308,19.093
138309,21.851
138310,21.461
138311,21.603
138312,19.308
138313,33.5424017921768
138314,21.263
138315,22.5550634347468
138316,22.403
138317,22.208
138318,20.548
138319,41.847
138320,23.2263835335046
138321,24.401
138322,24.317
138323,24.134
138324,22.5820287613405
138325,43.9235633855308
138326,25.294
138327,25.373
138328,24.805
138329,24.74191193611
138330,25.18
138331,24.8025278506312
138332,20.392
138333,20.834
138334,20.387
138335,20.433560363914
138336,20.5136531464408
138337,17.738
138338,16.554
138339,17.897
138340,17.544
138341,17.808
138342,16.864
138343,18.284
138344,16.966
138345,18.5815434642604
138346,18.2
138347,18.3431933603901
138348,17.171
138349,19.409
138350,18.43
138351,20.095
138352,20.147
138353,19.922
138354,18.529
138355,21.233
138356,20.407
138357,21.785
138358,21.619
138359,21.586
138360,20.665
138361,23.265
138362,23.061
138363,23.481
138364,23.377
138365,23.61
138366,23.216
138367,26.082
138368,25.24
138369,24.99
138370,26.187
138371,26.4927705640155
138372,25.5615662087511
138373,25.8313361335282
138374,26.7020789335018
138375,27.101
138376,27.682
138377,28.5198109273702
138378,26.82
138379,31.151
138380,28.18
138381,26.367
138382,31.214
138383,30.4816943868823
138384,27.497
138385,28.997
138386,27.541
138387,29.4940286738168
138388,32.9593735915396
138389,34.00097214181
138390,25.3103199701575
138391,47.98
138392,28.648
138393,35.504
138394,20.852
138395,23.705
138396,28.166
138397,84.8228136223301
138398,32.6285330418598
138399,27.7608389819218
138400,39.35298846019
138401,43.0625863611269
138402,35.6005702238918
138403,35.787
138404,22.885
138405,25.75
138406,23.3162297274862
138407,22.784932119822
138408,23.945
138409,32.3891176650012
138410,21.561
138411,27.4419387692278
138412,26.292
138413,25.6254068536837
138414,21.865
138415,26.7296957412957
138416,18.2713740600882
138417,23.431
138418,22.3891636277212
138419,23.0454400278647
138420,19.191
138421,24.134
138422,17.019
138423,22.241
138424,21.416
138425,21.801
138426,15.758
138427,21.598
138428,14.878246382618
138429,20.6940374874898
138430,20.435
138431,21.011
138432,16.068
138433,22.26
138434,16.01
138435,21.1213056779009
138436,20.787
138437,20.516
138438,15.488
138439,21.5705345564205
138440,15.209
138441,20.434
138442,20.141842431479
138443,20.132
138444,15.118
138445,22.388
138446,14.952
138447,20.389
138448,20.108
138449,20.278
138450,15.4595456142088
138451,23.498
138452,15.947
138453,20.445
138454,20.045
138455,20.168
138456,16.4796683496521
138457,23.898
138458,16.656
138459,20.623
138460,20.253
138461,20.444
138462,16.94
138463,25.441
138464,17.71
138465,21.16
138466,20.666
138467,21.063
138468,17.8719768688154
138469,26.735
138470,20.49
138471,22.404
138472,21.8803563400882
138473,22.213
138474,20.216
138475,18.759
138476,16.299
138477,17.991
138478,17.709850769874
138479,17.945
138480,16.006
138481,9.107
138482,12.365
138483,15.029
138484,15.128
138485,15.63
138486,11.678
138487,6.29801878267391
138488,11.9199190998471
138489,15.257
138490,15.92
138491,15.818
138492,11.1709260915575
138493,1.70033774745031
138494,11.3568449548428
138495,16.412
138496,17.492
138497,17.536
138498,11.506
138499,0.443211036693701
138500,14.762
138501,17.779
138502,19.654
138503,19.484
138504,16.1300505363323
138505,0.015
138506,17.3318577752998
138507,18.936
138508,19.422
138509,21.2214740107565
138510,17.0829942420344
138511,1.76740352005871
138512,16.254
138513,20.275
138514,20.2240310620477
138515,21.632
138516,17.69
138517,2.8335738946621
138518,15.4807705069204
138519,20.561
138520,20.705
138521,22.0765805189478
138522,16.373
138523,1.89205405864692
138524,13.964
138525,21.703
138526,21.125
138527,21.965
138528,14.7435938566478
138529,4.184
138530,15.92
138531,23.597
138532,21.632
138533,24.039
138534,16.296
138535,21.36
138536,21.5860715653872
138537,29.628
138538,19.9765883899595
138539,20.503
138540,20.039
138541,31.361
138542,25.761
138543,33.6870803371065
138544,22.809
138545,26.6465348936797
138546,24.564
138547,23.772
138548,21.334
138549,24.971
138550,21.1760316809799
138551,21.169
138552,20.538
138553,20.206
138554,16.395
138555,21.535
138556,19.946
138557,19.4453474401072
138558,17.966708598058
138559,19.089
138560,13.754616927315
138561,20.753
138562,19.0430151051497
138563,18.575
138564,16.219
138565,18.014
138566,12.5536897648122
138567,19.951
138568,19.426
138569,19.4090332672439
138570,13.179
138571,17.562
138572,6.009
138573,19.165
138574,16.601
138575,17.1607362045848
138576,5.88628931407026
138577,17.1879081271009
138578,4.287
138579,18.452
138580,18.162
138581,17.31
138582,4.23527200547686
138583,16.564
138584,4.707
138585,17.689
138586,17.576
138587,17.475
138588,4.49703844155051
138589,16.374
138590,6.00266461837642
138591,18.026
138592,17.6791922067783
138593,18.607
138594,4.45347962547098
138595,16.491
138596,8.09
138597,18.3191729597626
138598,18.299
138599,18.809
138600,5.5285661482404
138601,16.493
138602,10.3750563674188
138603,18.231
138604,18.262
138605,18.64
138606,10.395
138607,16.923
138608,11.578
138609,18.494
138610,18.344
138611,18.859
138612,11.48
138613,19.359
138614,12.887
138615,19.788
138616,19.01
138617,19.5728899991035
138618,12.08
138619,9.58458810780633
138620,4.85473833977171
138621,16.133
138622,15.73
138623,16.432
138624,3.37798618091891
138625,-1.34184404593868
138626,-1.54115269380026
138627,12.205
138628,12.924
138629,13.3062093592707
138630,-2.41680979619637
138631,-4.21450424167266
138632,-5.14945917083853
138633,13.313
138634,15.121
138635,16.069
138636,-5.79621701674191
138637,-3.0084843478173
138638,-4.88997578230613
138639,17.044
138640,17.75
138641,18.369
138642,-4.71183047268975
138643,-0.03
138644,-3.055
138645,18.752
138646,19.693
138647,20.652
138648,-2.97674080105016
138649,7.58731107980456
138650,-0.032
138651,20.524
138652,20.657
138653,21.838
138654,-0.911
138655,14.3256799672306
138656,3.816
138657,21.562
138658,21.5754898834701
138659,22.288
138660,2.961
138661,17.664
138662,5.82063118522028
138663,22.458
138664,22.5379205181291
138665,23.186
138666,8.78449665890933
138667,19.199
138668,10.151
138669,24.228
138670,23.725
138671,24.905
138672,10.459
138673,22.736
138674,11.7254881597523
138675,26.8880390703736
138676,26.579
138677,27.424
138678,11.6747567220578
138679,31.7977493125205
138680,18.115
138681,37.6431354000075
138682,34.7608420530883
138683,37.6521491990795
138684,18.238
138685,36.3397021332977
138686,20.4787249658762
138687,40.5000978264818
138688,34.731
138689,40.4445656462928
138690,20.3340476040066
138691,23.722
138692,19.414
138693,24.5425355436654
138694,20.954
138695,24.076
138696,19.799
138697,22.039
138698,17.916
138699,22.988
138700,19.923
138701,22.08
138702,18.7283812307099
138703,21.26
138704,14.7310714674426
138705,21.21
138706,18.7950321137553
138707,19.1371184974543
138708,14.912
138709,20.041
138710,12.5931955104785
138711,19.7806189351062
138712,18.816
138713,17.548
138714,12.737
138715,19.371
138716,12.389
138717,20.108
138718,16.623
138719,18.299
138720,11.7463572338719
138721,18.623
138722,12.2847266521382
138723,19.308
138724,18.583
138725,17.932
138726,10.5073892365135
138727,18.798
138728,13.0334449015478
138729,19.581
138730,18.7701047680766
138731,17.7529154208288
138732,11.951
138733,18.8682826594357
138734,15.5620801271814
138735,19.9274623928207
138736,18.96
138737,18.5674399453322
138738,14.06
138739,19.86
138740,17.093
138741,20.137
138742,19.2945088249225
138743,19.116
138744,16.069
138745,22.057
138746,19.371
138747,21.36
138748,20.47
138749,20.068
138750,18.5696024819959
138751,24.654
138752,21.29
138753,22.939
138754,21.872
138755,21.329
138756,21.6100731582335
138757,26.193
138758,23.238
138759,24.1951483257739
138760,23.315
138761,22.921
138762,23.3547142225518
138763,19.642
138764,19.943
138765,20.5710942681363
138766,20.206
138767,20.1057293045785
138768,19.76
138769,13.737
138770,17.1518588210104
138771,18.4537297973307
138772,17.985
138773,18.507
138774,17.2356062701166
138775,14.296
138776,16.863
138777,18.9821680525331
138778,18.498
138779,18.845
138780,16.781
138781,13.771
138782,17.314
138783,20.285
138784,20.103
138785,20.321
138786,17.572
138787,18.436
138788,19.623
138789,21.7976975298044
138790,21.415
138791,22.254
138792,19.151
138793,20.836
138794,22.429
138795,23.599
138796,23.7324421162443
138797,24.058
138798,22.397
138799,24.3891690439555
138800,24.286
138801,25.2972858733402
138802,25.4240694452149
138803,26.176
138804,24.491
138805,24.369
138806,26.773
138807,27.783
138808,27.6628072029429
138809,28.812
138810,26.565
138811,25.9324303244303
138812,29.275
138813,32.0126673736313
138814,32.432
138815,32.1876498616825
138816,30.5513782669735
138817,29.596
138818,34.0153028722329
138819,38.8623743328225
138820,26.824
138821,36.3139784121761
138822,31.519
138823,51.582
138824,57.6157484645264
138825,44.7433243003075
138826,48.21951804081
138827,61.2116497028668
138828,37.249
138829,52.2128779185248
138830,45.788
138831,32.659
138832,53.1784856156641
138833,48.3577073049729
138834,47.526
138835,34.3664538254558
138836,28.0608515998414
138837,32.1768878125125
138838,22.531
138839,23.168
138840,32.64
138841,29.363233759235
138842,25.0442064584869
138843,28.6802003168405
138844,18.961
138845,20.849
138846,25.5956137782411
138847,29.0049686771287
138848,23.279
138849,25.482
138850,22.353
138851,20.615
138852,23.856
138853,28.5848111748083
138854,22.11
138855,23.447
138856,21.671
138857,21.743
138858,21.175
138859,24.4639355526536
138860,19.111
138861,21.663
138862,20.474
138863,19.982
138864,19.711
138865,26.008
138866,20.909
138867,22.0831580198384
138868,21.396
138869,20.894
138870,19.701
138871,26.131
138872,21.563
138873,22.593
138874,21.807
138875,20.762
138876,19.442
138877,27.81
138878,21.505
138879,23.192
138880,22.085
138881,22.183
138882,20.630518096639
138883,30.2247265312944
138884,20.726
138885,23.4736535903559
138886,21.9583796881085
138887,22.39
138888,21.9
138889,35.2237188471183
138890,21.935
138891,24.326
138892,22.7242578804387
138893,22.7467895863352
138894,22.819
138895,36.508503495523
138896,22.956
138897,25.5287106979746
138898,24.256
138899,23.511
138900,22.839
138901,36.6302430379635
138902,22.395
138903,26.247
138904,25.3146130513534
138905,24.967
138906,23.5349479526016
138907,25.089
138908,18.662
138909,22.2518899008596
138910,22.059
138911,21.581
138912,18.45
138913,21.582
138914,15.447
138915,20.32
138916,20.797
138917,20.6940202809058
138918,15.345
138919,22.108
138920,16.77
138921,21.228
138922,21.4057711336683
138923,20.849
138924,16.434
138925,22.0248907219018
138926,19.916
138927,21.963
138928,19.434
138929,21.368
138930,19.014
138931,21.369
138932,21.597
138933,23.411
138934,23.639
138935,22.634
138936,21.721
138937,23.942
138938,23.537
138939,26.4304802073613
138940,26.0308602638213
138941,25.8870021890891
138942,23.324
138943,23.241
138944,25.731032264433
138945,28.1428907140293
138946,28.007
138947,28.1201000696076
138948,25.943
138949,22.955
138950,27.922
138951,23.994
138952,30.7079467006364
138953,31.076
138954,28.491
138955,18.867
138956,32.6092446991594
138957,25.394
138958,33.6200767214868
138959,35.6133558257346
138960,31.2286547514409
138961,35.1231105096594
138962,40.2400822274281
138963,42.568925848842
138964,41.8104106316029
138965,43.3362568224711
138966,39.8752045599191
138967,53.7193440384078
138968,51.1670479120391
138969,51.4577063768863
138970,31.15
138971,54.0550157735109
138972,46.8471100049159
138973,68.9360777653852
138974,49.496187491203
138975,47.5241599286521
138976,19.0182085068025
138977,23.121
138978,45.9532921880837
138979,54.8915981904186
138980,32.8393599981774
138981,35.8765406800204
138982,22.457231847795
138983,26.0858549947028
138984,30.8553160626811
138985,37.9140554034731
138986,26.5743725553759
138987,30.2215955182482
138988,23.303
138989,25.783
138990,26.351
138991,33.828
138992,23.474
138993,26.9599186666706
138994,22.651
138995,24.635
138996,23.8022271521137
138997,30.307
138998,22.365
138999,25.552
139000,23.3534997505166
139001,23.872
139002,22.823
139003,35.229
139004,23.004
139005,25.708
139006,24.736
139007,24.4303418198442
139008,22.955
139009,37.1380099448549
139010,22.616
139011,25.2208976113458
139012,24.743
139013,24.73
139014,22.864
139015,39.431
139016,23.266
139017,25.236
139018,24.744
139019,24.92
139020,23.0230881003206
139021,40.5242072070369
139022,24.023
139023,25.299
139024,24.765
139025,25.063
139026,23.4182530177782
139027,37.8626078278329
139028,23.915
139029,25.0880040172578
139030,24.688
139031,24.931
139032,23.635
139033,34.7109697144422
139034,23.58
139035,24.911
139036,23.7538736739805
139037,24.809
139038,23.343
139039,34.365
139040,25.673
139041,25.96
139042,25.48
139043,26.027
139044,25.064
139045,34.279032945473
139046,26.635
139047,26.014
139048,25.746
139049,26.1301053465411
139050,25.897
139051,23.827
139052,23.121
139053,22.289
139054,22.216
139055,22.52
139056,23.0773777378819
139057,19.215
139058,20.052
139059,20.100940427941
139060,20.777
139061,20.439
139062,19.755374273501
139063,20.048
139064,20.271
139065,20.084
139066,19.1978362680505
139067,20.916
139068,20.046
139069,21.067
139070,21.214
139071,20.3982669718109
139072,21.627
139073,21.962
139074,21.404
139075,22.9698688112987
139076,22.898
139077,21.93
139078,22.869
139079,21.407
139080,22.708
139081,24.1768228342184
139082,24.051
139083,23.565
139084,23.069
139085,22.751
139086,24.476
139087,27.2259947955173
139088,26.3069252646304
139089,25.5591066451949
139090,26.8520312845213
139091,26.66
139092,26.5499929652481
139093,28.104
139094,28.994
139095,27.598
139096,29.652
139097,28.7313093498337
139098,28.9138883525528
139099,31.4838950450279
139100,33.002
139101,32.8801420054727
139102,17.766
139103,28.268
139104,32.7115725701422
139105,37.9805367445293
139106,39.971
139107,40.6469189041816
139108,18.646
139109,21.927
139110,40.033
139111,58.1146628015787
139112,55.313237125572
139113,50.177
139114,43.5073407454691
139115,29.723
139116,55.7830469471894
139117,67.8065329728457
139118,55.617
139119,52.583
139120,35.406
139121,43.9319824147257
139122,56.0583744316343
139123,42.951
139124,40.7549899663168
139125,36.8809569753095
139126,36.8466524464824
139127,38.531
139128,39.692
139129,36.3648400150723
139130,35.0926581038802
139131,31.9397777718856
139132,34.2901724287974
139133,33.951
139134,34.299
139135,31.843
139136,29.577
139137,26.748385878482
139138,28.63
139139,28.702274252303
139140,27.9200268211752
139141,31.385
139142,24.5309346613219
139143,24.915
139144,25.352
139145,26.4989476770161
139146,25.112
139147,30.042
139148,24.058
139149,24.4590613459771
139150,24.505
139151,24.602
139152,24.141
139153,28.7032863909595
139154,21.716
139155,23.3655590667363
139156,23.095
139157,23.662
139158,21.888
139159,29.398
139160,20.321
139161,23.0293128277663
139162,22.7177692639284
139163,23.117
139164,21.106
139165,30.593
139166,20.271
139167,23.041
139168,22.799
139169,23.044
139170,20.774
139171,32.3206352941049
139172,21.119
139173,22.968
139174,22.591
139175,23.051
139176,20.6052862870632
139177,32.396
139178,22.425
139179,23.511
139180,23.1586513439769
139181,23.479
139182,21.519
139183,37.7642182231195
139184,24.662
139185,24.256
139186,23.673
139187,24.703
139188,24.485
139189,38.1272519283823
139190,26.0452170157766
139191,24.465
139192,24.469
139193,25.301
139194,25.851
139195,22.939
139196,21.383
139197,20.087
139198,21.1766193515858
139199,21.401
139200,21.518
139201,18.2431299245775
139202,17.832
139203,17.581
139204,19.47
139205,18.882
139206,18.012
139207,17.583
139208,17.508
139209,17.802
139210,18.975
139211,18.763
139212,17.623
139213,17.962
139214,18.5180529278081
139215,18.795
139216,19.06
139217,19.876
139218,18.5373963650345
139219,19.7403392054142
139220,19.9505279266511
139221,20.4063624768088
139222,20.6230109871353
139223,21.399
139224,20.164
139225,20.963
139226,21.403
139227,20.445
139228,21.701
139229,21.925
139230,21.696
139231,22.143
139232,22.458
139233,21.09
139234,22.369
139235,23.1897382212505
139236,23.057
139237,22.243
139238,24.237
139239,21.981
139240,23.197
139241,23.945
139242,24.505
139243,24.077
139244,26.5540162277151
139245,24.4
139246,20.439
139247,26.298
139248,26.679
139249,27.789
139250,31.6443233025703
139251,26.551
139252,25.562
139253,30.1291088117377
139254,32.8346317841616
139255,46.6161671031458
139256,51.4344673458363
139257,37.4011095918729
139258,44.076
139259,45.6261624057892
139260,48.1358211509014
139261,57.9410707600378
139262,45.5979692512056
139263,43.130221057454
139264,39.456918745529
139265,40.403063328268
139266,48.1200368710565
139267,39.9117742748347
139268,27.3068197028625
139269,32.3516528011503
139270,28.2017465772685
139271,26.844488151325
139272,29.153
139273,34.415811741538
139274,24.854
139275,27.248405238544
139276,24.693
139277,24.835
139278,24.8757394335069
139279,31.4597069565691
139280,23.065
139281,25.7491714984455
139282,24.3956514719164
139283,23.6
139284,23.707
139285,30.108
139286,20.943
139287,23.828315027247
139288,22.905
139289,22.635
139290,21.058
139291,30.6875306458835
139292,19.096
139293,22.211
139294,22.2943469548568
139295,22.495
139296,18.776
139297,26.911
139298,19.85
139299,22.1239949439522
139300,21.8979190319828
139301,22.121
139302,18.8681660234138
139303,27.098
139304,19.755
139305,21.7389281890542
139306,21.3
139307,21.699
139308,19.557
139309,25.2685168650119
139310,19.849
139311,21.657
139312,21.3640613330766
139313,21.5977777461617
139314,19.8358443273027
139315,24.5968364711876
139316,19.765
139317,21.837
139318,21.5627463456625
139319,21.748
139320,19.966
139321,26.135
139322,21.154565817945
139323,22.563
139324,22.333
139325,22.488
139326,21.315
139327,27.171
139328,22.424
139329,22.885
139330,22.655
139331,23.131
139332,22.181
139333,29.305
139334,24.266
139335,23.511
139336,23.164
139337,24.019
139338,23.427236049525
139339,21.25
139340,20.211
139341,19.503
139342,19.606
139343,21.108
139344,19.188
139345,16.389
139346,16.101
139347,16.9207739058505
139348,17.648
139349,18.68
139350,15.915
139351,16.1711537670809
139352,16.5634016703306
139353,17.592
139354,17.757
139355,19
139356,16.032
139357,16.688685686256
139358,16.0187339657733
139359,18.359
139360,18.486
139361,19.493
139362,15.51
139363,18.814
139364,18.616
139365,19.983
139366,20.081
139367,20.279
139368,18.517
139369,20.152
139370,20.812
139371,22.016
139372,21.801
139373,22.2422969202867
139374,20.8714024094055
139375,20.7928632370785
139376,21.738
139377,22.721
139378,22.534
139379,22.642
139380,22.227
139381,22.546
139382,23.551
139383,24.379
139384,24.219
139385,25.2568386694736
139386,23.7063131821492
139387,23.82
139388,25.352
139389,26.9160286868725
139390,24.5488623713798
139391,27.133
139392,25.947
139393,30.098
139394,31.453
139395,33.436
139396,32.422
139397,21.187
139398,32.7897835573225
139399,61.2840630013234
139400,52.0329363538897
139401,57.157
139402,40.5514400411567
139403,26.866
139404,47.5444555412558
139405,64.9264824876968
139406,50.9990912671439
139407,54.7556485106892
139408,40.1952790947163
139409,48.7281231521353
139410,46.375
139411,39.579
139412,27.431
139413,33.915027218161
139414,30.6535918935996
139415,35.0048023295241
139416,27.779
139417,43.1488390962373
139418,23.9800173483676
139419,25.789
139420,25.5247552581644
139421,27.068
139422,24.776
139423,32.611
139424,22.563
139425,24.8134306476566
139426,23.525
139427,24.017
139428,23.186
139429,34.749
139430,20.705
139431,22.262
139432,21.89
139433,21.0363424773925
139434,20.888
139435,31.764
139436,20.022
139437,22.1738436436182
139438,22.863
139439,22.897
139440,18.87
139441,26.116
139442,18.972
139443,21.638
139444,22.1446317287707
139445,22.039
139446,19.174
139447,26.037
139448,18.807
139449,21.06
139450,21.5435269210761
139451,21.359611508896
139452,18.051
139453,28.446
139454,18.795
139455,20.992
139456,20.69
139457,21.618
139458,18.971
139459,28.652
139460,19.17
139461,21.521
139462,21.822
139463,21.399
139464,19.2420736951142
139465,28.049
139466,20.636
139467,22.256
139468,22.284
139469,21.772
139470,20.088
139471,29.6590149187416
139472,21.72758222621
139473,22.785
139474,22.805
139475,21.922
139476,20.713
139477,31.753
139478,22.451
139479,23.7070571165993
139480,23.601
139481,23.0204046127803
139482,22.075
139483,21.746
139484,18.6103827092989
139485,18.762
139486,19.869
139487,18.929
139488,18.62
139489,15.409
139490,15.639
139491,14.72
139492,16.828
139493,15.787
139494,14.908
139495,16.676
139496,13.176
139497,15.48
139498,16.864
139499,16.737
139500,13.129
139501,13.6334469434466
139502,12.9867417048916
139503,15.959
139504,17.132
139505,17.215
139506,12.713
139507,13.717
139508,15.646
139509,17.93
139510,19.625
139511,19.007
139512,15.404
139513,13.745
139514,17.5855860426363
139515,19.649
139516,20.785
139517,21.214
139518,17.496
139519,12.474
139520,17.1359226424694
139521,20.36
139522,21.5101677954054
139523,22.04
139524,17.864
139525,6.65040614065775
139526,16.467
139527,20.854
139528,21.8094889822164
139529,21.629
139530,14.918
139531,6.334
139532,16.0082382853642
139533,23.142
139534,23.199
139535,23.214
139536,16.557
139537,14.542
139538,18.575
139539,26.471
139540,26.175
139541,26.284
139542,16.18
139543,26.398
139544,23.673
139545,46.1545109543991
139546,39.844
139547,42.1565208928191
139548,24.831
139549,33.764
139550,26.706
139551,39.3414216362378
139552,39.813
139553,41.7136728237526
139554,28.1051993320826
139555,24.696
139556,20.665
139557,23.702
139558,26.8397065036541
139559,27.106
139560,20.5797238135018
139561,24.2015847971762
139562,18.57
139563,20.6047208149348
139564,22.4731672466555
139565,21.728
139566,18.022
139567,21.655
139568,15.845
139569,19.789
139570,17.995
139571,19.532
139572,15.754
139573,19.232
139574,12.995
139575,18.2831048773679
139576,16.495
139577,18.142699784359
139578,13.348
139579,16.455
139580,4.797
139581,15.615
139582,16.607
139583,14.699
139584,5.29262843734783
139585,15.817
139586,3.95992881261127
139587,15.9365463456722
139588,15.459
139589,11.1458198244542
139590,5.23573665573879
139591,15.5035119440462
139592,2.477
139593,15.44
139594,14.8946304655713
139595,13.0864600355618
139596,3.06052496639791
139597,15.040906643809
139598,3.55488971521266
139599,15.101
139600,14.918
139601,14.203
139602,3.044
139603,14.672
139604,4.497
139605,15.4883273755863
139606,14.682
139607,14.5812052426137
139608,8.037
139609,16.5316818207873
139610,5.38664475741713
139611,16.241
139612,15.541
139613,15.055
139614,8.608
139615,17.517
139616,11.779
139617,17.076144661532
139618,16.233
139619,16.373
139620,13.0663699900762
139621,17.5240589842842
139622,14.6924345413736
139623,18.29
139624,17.86
139625,17.939
139626,16.006
139627,10.556
139628,13.258
139629,14.8649111753707
139630,13.614
139631,13.369
139632,13.526
139633,0.738
139634,4.79373892222183
139635,9.09751059186188
139636,8.958
139637,8.829
139638,2.32630069681256
139639,-2.144
139640,0.163
139641,10.1906328656157
139642,9.51555863113966
139643,8.4038485360797
139644,-0.581
139645,-0.0659794512986555
139646,-0.484528272813335
139647,11.5898371781983
139648,11.176
139649,9.03589937376249
139650,-1.896
139651,8.07032993114863
139652,2.62865742288207
139653,13.027
139654,15.384
139655,14.8807430577516
139656,1.97295884221868
139657,12.097
139658,8.609
139659,16.259
139660,18.125
139661,18.0812345558991
139662,9.895
139663,16.6337684557253
139664,14.45
139665,18.7832688276712
139666,19.35
139667,19.041
139668,13.867
139669,19.184
139670,12.515
139671,19.262
139672,20
139673,19.9939480395743
139674,12.389
139675,15.9637083065354
139676,17.273
139677,19.876
139678,20.5792107569738
139679,21.296
139680,16.0731590149704
139681,25.276
139682,22.803
139683,22.656
139684,24.2073268684541
139685,24.331
139686,19.47
139687,54.2612852389442
139688,33.5973773777629
139689,28.9936288161324
139690,37.3661222034667
139691,34.7913640172477
139692,27.418
139693,63.1740920162296
139694,38.3853142845991
139695,26.036
139696,32.9351327197306
139697,32.021
139698,27.733
139699,49.6362499209015
139700,28.7955304925207
139701,21.527
139702,23.1404044845516
139703,24.406
139704,24.0810525872347
139705,39.7634538560568
139706,22.189
139707,20.609
139708,21.537
139709,21.8165796946198
139710,22.162
139711,23.864
139712,21.4988918616799
139713,19.496
139714,18.615
139715,18.233
139716,22.461
139717,23.214
139718,21.484
139719,18.109
139720,14.969
139721,15.972
139722,21.42
139723,21.207
139724,14.505
139725,17.749
139726,14.997
139727,14.911
139728,13.5735041960525
139729,20.539
139730,12.566
139731,17.349
139732,15.541
139733,14.5842705806532
139734,15.308
139735,20.749
139736,11.924
139737,17.6743260809082
139738,16.5870592786045
139739,16.2431081558683
139740,14.2746955214491
139741,23.5182305091273
139742,10.7922129345295
139743,17.463
139744,17.078
139745,16.6343831354695
139746,17.19
139747,22.354
139748,15.248
139749,18.303
139750,17.23
139751,16.5
139752,15.501
139753,21.703
139754,17.9383344074027
139755,20.194
139756,19.282
139757,18.141
139758,18.178
139759,22.786
139760,20.3
139761,21.464
139762,20.874
139763,20.384
139764,20.893
139765,26.734
139766,23.071
139767,23.622
139768,22.948
139769,21.909
139770,23.103
139771,21.402
139772,19.962
139773,20.658
139774,19.956
139775,19.461
139776,20.36
139777,17.047
139778,19.09
139779,18.1735437752462
139780,17.789
139781,17.525
139782,19.0150727515868
139783,15.91
139784,19.2410947273096
139785,19.762
139786,17.799
139787,17.492
139788,19.831
139789,18.95
139790,20.8331423038016
139791,20.298
139792,18.261
139793,17.738
139794,20.944
139795,19.395
139796,21.57
139797,20.7573853582077
139798,18.797
139799,19.388
139800,21.253
139801,22.042
139802,22.73
139803,22.5067637181175
139804,20.905
139805,21.464
139806,23.156485389358
139807,23.8114405180858
139808,24.235
139809,23.2013250896155
139810,21.9496801126466
139811,22.263
139812,24.3061022791988
139813,23.528
139814,24.2904755045703
139815,24.0419352747683
139816,21.6563602902122
139817,21.32
139818,24.349
139819,24.328
139820,26.912
139821,26.6556109298075
139822,23.885493800435
139823,22.8776813569513
139824,26.987
139825,24.906
139826,30.9254532360954
139827,21.487
139828,25.07
139829,27.478
139830,30.3493996031352
139831,29.3217340250056
139832,40.468062124842
139833,29.798
139834,37.9875032915462
139835,34.9735786734485
139836,43.3837725485334
139837,35.5048530638631
139838,36.5745665814424
139839,28.203
139840,24.895
139841,35.761
139842,41.480984714982
139843,26.485
139844,27.1528921548139
139845,24.7685028033738
139846,24.975
139847,21.191
139848,26.3952695062207
139849,23.365
139850,25.0556659907518
139851,23.668668416583
139852,22.5098286652153
139853,21.895
139854,22.7468848851882
139855,20.72
139856,21.953
139857,20.833
139858,20.916
139859,18.164
139860,20.4542458986262
139861,19.168
139862,21.3034404129719
139863,19.56
139864,18.0320996615734
139865,18.688
139866,19.098
139867,20.566
139868,18.249
139869,18.7894217278437
139870,18.508
139871,16.397
139872,15.952
139873,18.21
139874,15.7393967473153
139875,18.76
139876,18.955
139877,17.827
139878,14.563
139879,17.927
139880,15.869
139881,18.875
139882,19.393
139883,17.829
139884,15.18
139885,18.216
139886,17.216
139887,19.378
139888,19.697
139889,18.961
139890,15.2
139891,18.492
139892,17.237
139893,19.79
139894,20.0117458356636
139895,19.453
139896,15.753
139897,19.6380580897064
139898,19.372
139899,20.8731095975838
139900,20.99
139901,20.9308773354576
139902,17.494
139903,21.306
139904,21.536
139905,22.344
139906,22.464
139907,22.5051714991395
139908,19.7159290012318
139909,24.167
139910,23.17
139911,23.416
139912,23.268
139913,23.296
139914,21.3803747061585
139915,20.368
139916,20.0872554089752
139917,19.6725289838699
139918,20.054
139919,20.25
139920,18.5938823061438
139921,13.824
139922,15.574
139923,16.094
139924,16.821
139925,17.972
139926,14.4843617273064
139927,10.5186090666536
139928,14.0314293860092
139929,15.181
139930,17.173
139931,17.830515760213
139932,13.963244827943
139933,7.23015025242831
139934,15.362
139935,16.326
139936,18.674
139937,18.292
139938,15.3529652064769
139939,3.092
139940,16.9572197547732
139941,18.6551337696342
139942,20.388
139943,20.422
139944,16.929
139945,7.08400898092292
139946,18.086
139947,21.227
139948,21.837
139949,22.062
139950,18.14
139951,7.735
139952,19.303
139953,22.6044215839234
139954,23.1
139955,23.092
139956,19.534
139957,10.783
139958,20.208
139959,23.402
139960,23.7545909273198
139961,24.111
139962,20.392
139963,11.67
139964,22.303
139965,26.39
139966,26.224
139967,27.355
139968,22.7846864112125
139969,17.186
139970,25.225
139971,32.3631206197629
139972,30.8276869424212
139973,31.0022308187124
139974,27.598
139975,28.845
139976,38.46
139977,45.197059512045
139978,40.7010967877911
139979,34.9483248557078
139980,37.4247797426351
139981,38.183
139982,35.2946724128139
139983,35.734
139984,38.452
139985,26.7923674819892
139986,34.9245155423357
139987,31.6120895162254
139988,28.4206092664148
139989,26.265
139990,26.822
139991,24.69
139992,26.184
139993,27.227
139994,22.697
139995,23.593
139996,23.0069694900502
139997,23.696
139998,23.372
139999,25.154
140000,20.187
140001,21.176
140002,20.858
140003,21.1992878645678
140004,20.238
140005,24.7303047801203
140006,18.358
140007,20.811
140008,19.002
140009,20.496
140010,17.852
140011,24.02
140012,17.087
140013,19.961
140014,18.722
140015,17.858
140016,17.6475068993799
140017,24.103
140018,16.999
140019,20.061
140020,20.0839232682199
140021,19.198
140022,17.4927396823425
140023,24.015
140024,16.7098241839547
140025,20.158
140026,20.252
140027,19.459
140028,17.14
140029,25.114
140030,17.712
140031,20.474
140032,20.415
140033,19.786
140034,17.8606673662321
140035,24.907
140036,18.802
140037,21.342
140038,20.7482585845958
140039,21.103
140040,18.873
140041,29.8530508673722
140042,20.0926170650778
140043,22.0810714508978
140044,21.6917551405401
140045,21.791
140046,20.112
140047,32.4
140048,21.988
140049,23.266
140050,23.1316056962246
140051,22.6865026332991
140052,21.683
140053,32.8904158452616
140054,23.9262190359902
140055,24.549
140056,23.963
140057,23.879
140058,23.569
140059,19.841
140060,19.989
140061,20.197
140062,20.357
140063,20.322
140064,20.119
140065,15.1800095710196
140066,16.491
140067,16.818
140068,17.519
140069,17.338
140070,16.337
140071,12.8509807755349
140072,16.929
140073,17.146
140074,17.6807922274352
140075,17.774928968582
140076,16.731
140077,9.56942634588253
140078,16.666
140079,17.82
140080,18.648
140081,18.555
140082,16.619
140083,10.3809034474154
140084,18.516
140085,19.524
140086,20.2176940467689
140087,20.097
140088,18.412
140089,14.646
140090,19.74
140091,21.4204555434455
140092,21.767
140093,21.87
140094,20.076
140095,16.362
140096,19.96
140097,22.42
140098,22.4171557235142
140099,22.747
140100,20.203
140101,15.8999115589479
140102,20.498
140103,23.357
140104,23.18
140105,23.519
140106,20.977
140107,15.947
140108,21.533
140109,24.905
140110,24.732
140111,25.1820545040598
140112,21.2826083622219
140113,18.718
140114,24.3496755455699
140115,30.085
140116,29.616
140117,29.3302877508039
140118,24.295
140119,32.404
140120,33.882
140121,50.0543396135966
140122,47.4081407899719
140123,46.278
140124,34.075
140125,37.934
140126,28.353
140127,38.343
140128,37.3394971708287
140129,39.470553164517
140130,30.012
140131,31.261
140132,22.984
140133,24.261
140134,25.2160669200291
140135,27.344
140136,24.95
140137,26.137
140138,19.961
140139,21.773
140140,18.784
140141,20.4604907548655
140142,20.275
140143,24.637
140144,17.412
140145,20.608
140146,18.592
140147,18.607
140148,18.421
140149,23.02
140150,15.236
140151,19.685
140152,17.616
140153,18.0178794935547
140154,16.476
140155,23.351
140156,14.0653073939542
140157,18.33
140158,16.707
140159,15.74
140160,13.614
140161,23.551
140162,13.1998127625742
140163,18.7647732091825
140164,17.609
140165,15.5339293092856
140166,12.958
140167,23.524
140168,13.257
140169,19.046
140170,17.733
140171,16.566
140172,12.2943287109985
140173,23.773
140174,15.181
140175,18.985
140176,18.025
140177,17.438
140178,14.16
140179,21.959
140180,16.661
140181,19.4397288309887
140182,18.7607998806967
140183,18.11
140184,15.6705881949274
140185,23.083
140186,18.157
140187,20.496
140188,19.76
140189,19.48
140190,16.915
140191,22.5827017680579
140192,19.844
140193,22.0689620618956
140194,21.4780318316565
140195,21.0722415883053
140196,18.715
140197,23.407
140198,20.807
140199,22.974
140200,21.919
140201,21.864
140202,20.023
140203,16.98
140204,18.075
140205,19.815
140206,19.079
140207,18.894
140208,17.184953322595
140209,6.535
140210,13.1568880515642
140211,15.212
140212,14.963
140213,14.6286898412873
140214,12.473
140215,0.74
140216,12.392683817353
140217,15.747
140218,15.177
140219,15.310742873027
140220,12.298
140221,-1.735
140222,12.459
140223,16.1864964428751
140224,16.175
140225,15.805
140226,12.101451537137
140227,-2.44220596662866
140228,11.487
140229,16.64
140230,18.022
140231,16.9464995360285
140232,10.275
140233,-0.0230600530891825
140234,13.9796282005486
140235,19.235
140236,20.175
140237,19.496
140238,14.553
140239,0.237094669115397
140240,14.152
140241,19.6636001094331
140242,20.561
140243,20.905
140244,15.304
140245,3.91148705961016
140246,14.842269039325
140247,20.166
140248,20.5249943715974
140249,21.306
140250,16.691
140251,6.26644254743757
140252,17.226
140253,22.3412110797472
140254,21.6593657201729
140255,21.947692949312
140256,17.4967791058754
140257,13.345675117784
140258,16.052
140259,24.0244507683552
140260,22.321
140261,24.002
140262,16.024
140263,23.245
140264,23.117
140265,29.1229132111205
140266,28.659
140267,32.637
140268,22.592
140269,27.4818410568252
140270,24.407
140271,26.057
140272,28.804
140273,32.106
140274,22.543
140275,21.163
140276,17.668
140277,22.051
140278,21.655
140279,23.823
140280,19.815
140281,20.385
140282,16.22
140283,20.117
140284,16.3
140285,19.72
140286,14.044179830237
140287,19.5090797976089
140288,12.787
140289,19.0462007458321
140290,16.233
140291,17.649
140292,10.982
140293,19.124
140294,7.12740587781751
140295,19.272
140296,15.143
140297,15.7113221938196
140298,6.65797495914178
140299,17.405
140300,11.2283904526666
140301,17.379
140302,12.961
140303,11.943
140304,8.29716137567343
140305,17.23
140306,12.767
140307,17.7
140308,15.327
140309,15.9751825371736
140310,8.0551520960342
140311,18.854
140312,13.7510121985508
140313,18.3253908189765
140314,16.57
140315,16.549
140316,10.3791449219695
140317,18.338
140318,14.0641550752111
140319,18.5
140320,17.219
140321,17.092
140322,12.92
140323,18.729
140324,15.638
140325,19.301
140326,17.907
140327,17.733
140328,13.295
140329,20.887
140330,17.8586854646742
140331,20.033
140332,19.361
140333,18.622
140334,15.315
140335,24.588
140336,19.041
140337,22.183
140338,21.353
140339,20.375680341448
140340,19.215
140341,25.549
140342,21.675
140343,23.326
140344,22.3604503544158
140345,21.738
140346,21.2548565829024
140347,21.363
140348,18.542
140349,21.185
140350,20.5696177635834
140351,20.133
140352,19.0259002157326
140353,15.897
140354,16.242
140355,17.683
140356,17.485
140357,17.2476109051901
140358,14.8
140359,17.8370830522853
140360,10.6299021387565
140361,18.184
140362,17.2988301058024
140363,17.173
140364,9.53605670128541
140365,19.2709809163032
140366,11.3650751349517
140367,19.106
140368,17.744
140369,17.391
140370,11.33141082215
140371,21.2445331404934
140372,18.014
140373,21.2466164701153
140374,20.778
140375,20.532
140376,17.4620866216299
140377,23.124
140378,20.2658339737383
140379,23.293
140380,22.886
140381,22.929
140382,20.428
140383,23.827
140384,21.019
140385,24.1034264356527
140386,24.1086106019782
140387,24.247
140388,21.517
140389,26.617411222399
140390,22.285
140391,26.23
140392,26.572522701784
140393,26.677
140394,23.0214062479133
140395,28.5821749931633
140396,23.616
140397,27.849
140398,28.308188685406
140399,28.085
140400,22.628
140401,37.4331175797506
140402,28.894
140403,32.143
140404,32.8580412158051
140405,33.352
140406,27.342
140407,66.3213141431255
140408,35.212
140409,33.598
140410,44.033
140411,41.5244771738617
140412,35.3669257752129
140413,53.7484661039172
140414,29.451
140415,32.4664917037411
140416,35.321
140417,35.3473863588829
140418,32.354265444408
140419,32.2913799769791
140420,23.6169384808172
140421,25.226
140422,27.4676154627123
140423,26.477
140424,23.8464256235408
140425,24.527
140426,19.419
140427,21.987
140428,19.5292964125745
140429,22.573
140430,19.062
140431,22.836
140432,16.969
140433,20.612
140434,13.7044398657223
140435,16.465
140436,16.378
140437,21.566
140438,13.858
140439,19.844
140440,14.0814888005434
140441,14.781
140442,13.1870208714369
140443,23.889
140444,11.47
140445,20.361
140446,15.896
140447,15.6099059292116
140448,12.2206416391487
140449,20.588
140450,12.8258410116165
140451,20.472
140452,18.9851029623407
140453,16.255
140454,14.011
140455,20.0740254934264
140456,13.305
140457,20.453
140458,18.832
140459,16.536
140460,12.601
140461,20.565
140462,11.6835576407491
140463,20.059
140464,18.2854953110487
140465,17.461
140466,10.471
140467,20.6466688116741
140468,9.92678648187116
140469,20.0909230912846
140470,18.1744539642584
140471,16.6591938189808
140472,10.12
140473,23.826
140474,12.5612505730962
140475,19.898
140476,18.343
140477,17.2962343941542
140478,12.426
140479,23.805
140480,17.367
140481,20.955
140482,18.8898317389342
140483,18.4459724940953
140484,14.992
140485,36.343
140486,19.812
140487,21.4209468868004
140488,20.299
140489,21.534
140490,17.869
140491,25.814
140492,13.7286003001928
140493,20.818
140494,19.06
140495,20.1502615882817
140496,14.0314346492849
140497,20.585
140498,13.503
140499,19.775
140500,18.4522907748827
140501,19.779
140502,12.9706292204525
140503,21.3340123010559
140504,18.6621238253179
140505,18.544
140506,17.9782414298207
140507,19.621
140508,19.1603729658092
140509,17.774
140510,15.851
140511,18.875
140512,17.924
140513,19.002
140514,17.042
140515,8.13591895535532
140516,17.3181328797104
140517,19.0546372032736
140518,19.235
140519,19.712
140520,17.425
140521,-0.054
140522,17.4
140523,19.569
140524,19.808
140525,21.5857754135776
140526,17.9328118441821
140527,0
140528,19.462
140529,20.461
140530,21.502
140531,22.3921971329641
140532,18.876
140533,0.124
140534,19.908
140535,21.2
140536,21.953
140537,22.5928756288673
140538,19.822
140539,7.169
140540,22.563
140541,23.04
140542,23.242
140543,24.449
140544,22.55
140545,17.195
140546,26.365
140547,26.6864653570993
140548,25.8067994384105
140549,28.2061607483065
140550,26.912
140551,39.303
140552,28.208
140553,40.6354209501707
140554,37.7649286415814
140555,41.025
140556,32.219
140557,66.4562617035808
140558,33.6100570281558
140559,38.1304051591107
140560,35.6791469494806
140561,38.3690875419404
140562,27.908361689324
140563,44.0701142677577
140564,24.047
140565,27.534
140566,27.7253853743239
140567,29.883
140568,24.74
140569,40.268133594902
140570,21.937
140571,23.1062717599682
140572,24.399
140573,25.2541070217542
140574,22.172
140575,30.9956810568838
140576,20.7676642992235
140577,20.677
140578,19.143
140579,22.101
140580,20.482
140581,25.8980007205264
140582,14.527
140583,19.645
140584,20.212
140585,18.967
140586,20.1068294485279
140587,23.831
140588,11.0098547361533
140589,18.46
140590,18.529
140591,17.611
140592,10.933
140593,20.7044968812017
140594,11.986
140595,18.126
140596,19.245
140597,18.701
140598,9.628
140599,21.254
140600,10.531
140601,18.148
140602,19.327
140603,18.822
140604,9.58089254610787
140605,20.132
140606,14.742
140607,18.8031300600479
140608,19.53
140609,19.372
140610,13.0186217030926
140611,18.157
140612,17.0276245349383
140613,19.742
140614,19.798
140615,19.683
140616,15.028
140617,19.2118521094878
140618,17.617
140619,19.751
140620,20.232
140621,20.4658688551897
140622,16.629
140623,20.659
140624,20.597
140625,18.089
140626,21.329
140627,21.4262584163797
140628,19.78
140629,26.0140438939048
140630,23.46
140631,17.564
140632,23.3910409103478
140633,23.468
140634,22.673
140635,18.903
140636,20.1477966961664
140637,12.4216168881055
140638,19.837
140639,19.996
140640,19.8910566529897
140641,7.53
140642,14.31
140643,4.408
140644,16.815
140645,15.7167649744476
140646,14.323
140647,5.526
140648,14.044
140649,0.211
140650,16.3096759845695
140651,11.4634684495317
140652,14.126
140653,12.748
140654,14.126
140655,-0.238435457675458
140656,10.0642094794147
140657,5.826
140658,14.041
140659,13.91
140660,13.929
140661,-0.339
140662,6.63255305320601
140663,9.505
140664,13.998
140665,14.041
140666,12.828
140667,-0.164
140668,10.8969625413868
140669,15.235
140670,13.195
140671,14.375
140672,12.9181998850254
140673,3.25977214421644
140674,17.4503877179928
140675,17.3538560775374
140676,13.3282325100078
140677,14.989
140678,11.4046380901904
140679,9.068
140680,19.149
140681,20.171
140682,11.6881823782449
140683,14.181
140684,10.045
140685,11.971835067176
140686,20.0382983052511
140687,20.801
140688,11.4148304752018
140689,20.185
140690,16.868
140691,18.091
140692,22.266
140693,22.069
140694,16.789
140695,48.3598075182994
140696,26.092
140697,33.8195802511273
140698,33.44438292021
140699,34.793
140700,27.168
140701,49.613022132999
140702,25.7591604363067
140703,28.2813875753788
140704,25.3519596223179
140705,29.6125611440329
140706,26.4367844462843
140707,26.514
140708,19.463
140709,20.6558881079128
140710,15.379408745273
140711,19.911
140712,19.412
140713,22.101647961958
140714,15.273
140715,17.6254911984744
140716,13.312
140717,15.184
140718,14.187
140719,18.421
140720,7.987
140721,16.263
140722,15.312
140723,14.014
140724,10.1010734126907
140725,14.3514000095895
140726,4.166
140727,15.18
140728,15.628
140729,13.367
140730,1.978
140731,14.517
140732,0.255
140733,19.055
140734,15.194
140735,15.462
140736,0.0797267894109573
140737,12.9702663325245
140738,-0.645
140739,17.973
140740,16.6117993866892
140741,16.578
140742,-0.131732584230449
140743,11.2670876718711
140744,-1.475
140745,17.8114083587746
140746,17.003
140747,17.934
140748,0.124
140749,12.7213631264097
140750,-0.989680396654261
140751,17.925
140752,17.3316482244023
140753,17.909
140754,-0.429
140755,12.704
140756,-1.318
140757,18.0749363699072
140758,17.9602537834547
140759,18.068
140760,-1.24910174097733
140761,11.946
140762,-0.977659127581564
140763,18.338
140764,18.063
140765,17.96
140766,-0.689650134076099
140767,15.663
140768,0.953912433797694
140769,18.804
140770,18.882
140771,19.222
140772,0.801
140773,17.3350191165251
140774,1.43275028900718
140775,20.625
140776,19.4469611925439
140777,20.045
140778,2.18
140779,7.14955182364691
140780,-0.672
140781,17.388
140782,17.0560232310297
140783,17.003
140784,-0.747
140785,-2.619
140786,-6.52239173990042
140787,11.9358402122579
140788,13.8516085302141
140789,12.7542740970038
140790,-7.98921414689752
140791,-1.417
140792,-9.10762519764569
140793,12.235
140794,15.124
140795,15.709
140796,-9.67307603018884
140797,-1.44172943994847
140798,-8.71071300751839
140799,13.588
140800,15.188
140801,14.838
140802,-9.52093603655726
140803,5.71800374394533
140804,-5.51446598419036
140805,12.4815722885608
140806,16.039
140807,16.723
140808,-6.13651478389376
140809,9.906
140810,-2.455
140811,15.701
140812,16.219
140813,17.9714221420037
140814,-3.74730339840767
140815,13.588
140816,-1.036
140817,16.2456166651676
140818,18.705
140819,19.768
140820,-2.02455348270977
140821,13.8373996244082
140822,5.59011018662505
140823,16.539227675258
140824,18.978
140825,20.278
140826,-0.412144656573148
140827,13.964
140828,11.8341827483932
140829,17.051
140830,19.831
140831,21.1710107232482
140832,7.21225710470678
140833,17.133
140834,22.485
140835,21.586
140836,23.615
140837,23.079
140838,14.453
140839,39.8667299244762
140840,18.273
140841,24.275395639351
140842,31.6607540147625
140843,30.8199818290568
140844,33.14
140845,57.631616661901
140846,19.278
140847,25.083
140848,30.6625944584004
140849,29.168
140850,19.485
140851,42.2144311201654
140852,17.581
140853,23.1360789548933
140854,23.585
140855,23.465
140856,17.735
140857,40.6561741008444
140858,16.0213766346399
140859,20.667
140860,20.134
140861,20.714
140862,15.408
140863,23.9165490468627
140864,14.091085351159
140865,18.334
140866,17.537
140867,18.972
140868,14.463
140869,21.495
140870,12.673
140871,16.498
140872,15.173
140873,16.1335837563395
140874,12.142
140875,23.3488575817863
140876,11.545
140877,15.025
140878,13.111
140879,10.4791394298846
140880,10.1360068220371
140881,22.683
140882,8.12345661646139
140883,15.203
140884,14.724
140885,10.118
140886,6.37621710598578
140887,33.444
140888,13.263
140889,16.202
140890,13.5996622912823
140891,9.69754610495646
140892,10.4189322045301
140893,18.139
140894,14.716
140895,17.056
140896,13.8867093868797
140897,15.0008408504129
140898,13.038
140899,16.915
140900,16.376
140901,17.4839170114037
140902,16.0613283523812
140903,15.1043108680642
140904,13.419
140905,18.226
140906,18.678
140907,19.8478643253663
140908,17.7537185045
140909,15.453
140910,17.709
140911,18.996
140912,18.938
140913,19.95
140914,17.554
140915,16.401
140916,18.956
140917,20.327
140918,21.807
140919,21.179
140920,19.612
140921,20.2548065378342
140922,20.878
140923,16.497
140924,18.671
140925,19.54
140926,19.2902568677368
140927,19.1592887992931
140928,18.519
140929,9.621
140930,13.377
140931,16.3690346112246
140932,14.646
140933,15.143
140934,13.54
140935,3.87172158536796
140936,14.0655655703953
140937,16.5868152036067
140938,14.193
140939,15.808
140940,13.9697262582361
140941,3.76174607307478
140942,14.5976475531582
140943,17.71
140944,16.5614508410579
140945,17.732
140946,13.955
140947,7.696
140948,15.188025188038
140949,20.571
140950,19.043
140951,20.037
140952,14.7793644835711
140953,11.402
140954,17.004
140955,22.191
140956,20.657
140957,22.329
140958,15.4491164126971
140959,16.4869210168136
140960,19.186
140961,23.013
140962,22.939
140963,23.492
140964,18.671
140965,18.027
140966,20.5183122621491
140967,24.12
140968,23.582
140969,24.258
140970,20.198
140971,23.377
140972,24.644
140973,27.554
140974,26.9592961052775
140975,26.9505369845501
140976,24.563
140977,32.1272149013218
140978,35.282
140979,26.395
140980,31.313
140981,31.915
140982,35.1507074936098
140983,74.4682020403332
140984,65.8115924275958
140985,33.9526502593106
140986,55.8244072821613
140987,44.4544321542027
140988,65.5084980455741
140989,86.25857334877
140990,51.0939296955548
140991,29.9396301773238
140992,45.213
140993,39.101
140994,51.1069260673642
140995,45.6116771088661
140996,39.0138952502448
140997,24.9074330507201
140998,21.083
140999,28.119
141000,39.507004320127
141001,40.857
141002,32.713
141003,23.1201983112942
141004,22.405
141005,24.476
141006,32.8117578957511
141007,33.4158045620858
141008,26.3102877118044
141009,21.363
141010,21.642
141011,22.55
141012,26.275
141013,33.966
141014,21.538
141015,19.427
141016,21.306
141017,20.935
141018,21.912
141019,27.7948010558639
141020,21.014
141021,19.562
141022,20.609
141023,19.818
141024,21.49
141025,26.036
141026,18.944
141027,18.633941842484
141028,19.66
141029,19.1774137047082
141030,19.933
141031,25.2989067996875
141032,18.6844461033811
141033,18.627
141034,19.967
141035,18.666
141036,18.791
141037,24.965
141038,17.814
141039,17.94
141040,20.696
141041,19.37
141042,18.155296209501
141043,23.709
141044,17.229
141045,17.198
141046,20.8736724083223
141047,20.622
141048,17.407
141049,23.3102894434296
141050,17.4980460561395
141051,18.751
141052,20.9398809376433
141053,21.074
141054,17.656
141055,23.9237205029234
141056,18.5819082999499
141057,19.8868732462982
141058,21.617
141059,22.175
141060,18.319
141061,23.627
141062,20.724
141063,19.988
141064,21.738
141065,22.3453269394095
141066,20.5257268548113
141067,17.001
141068,16.588
141069,18.5267249746341
141070,18.676
141071,19.5525886501481
141072,16.858
141073,12.018
141074,10.354901706563
141075,13.343
141076,16.082
141077,16.793
141078,9.859
141079,12.4272301094318
141080,10.5526579027582
141081,14.326
141082,17.654
141083,17.627
141084,8.222
141085,6.62431569575589
141086,6.488
141087,13.431
141088,18.709
141089,18.139
141090,6.057
141091,6.957
141092,4.788
141093,14.246
141094,19.978
141095,19.7
141096,5.57812676557952
141097,8.08907219201681
141098,9.588
141099,15.8
141100,19.662
141101,19.7635687203723
141102,8.334
141103,13.842
141104,14.517
141105,17.297
141106,19.988
141107,20.634
141108,14.6445739254296
141109,18.1219192602221
141110,17.337
141111,19.789
141112,21.207
141113,22.502
141114,17.348
141115,19.8698492214581
141116,19.092
141117,21.204
141118,23.137
141119,22.6251691604254
141120,18.669
141121,27.59
141122,26.171
141123,28.233887110164
141124,30.548
141125,28.917
141126,25.995
141127,52.0163600325842
141128,40.7998809673232
141129,37.1658661152831
141130,44.0151354400083
141131,43.123
141132,40.426
141133,43.0521924109946
141134,29.9289772564229
141135,30.66
141136,33.6889177224529
141137,34.8693307986725
141138,29.277431778827
141139,25.432964098666
141140,21.501
141141,25.0098891998262
141142,21.571
141143,20.88
141144,21.394
141145,22.1921418220364
141146,17.572
141147,22.1967937807339
141148,19.125
141149,19.63
141150,16.8029312343805
141151,20.4016819680007
141152,14.2503333822926
141153,19.64
141154,17.326
141155,16.828
141156,13.172
141157,19.786
141158,14.667
141159,19.3206376927566
141160,16.553
141161,17.608
141162,13.082
141163,20.159
141164,14.3346326087173
141165,19.881
141166,17.218
141167,18.0790521623512
141168,13.711
141169,21.154
141170,13.364
141171,19.759
141172,18.6054829516596
141173,18.422
141174,14.112
141175,19.881
141176,15.1431427735192
141177,19.913
141178,18.627
141179,18.626
141180,12.811
141181,19.0777954867282
141182,18.318
141183,20.137
141184,18.903
141185,18.094
141186,15.374
141187,20.077
141188,20.729
141189,20.348
141190,19.7826526931872
141191,18.553
141192,18.685
141193,21.347
141194,21.535
141195,20.97
141196,19.723
141197,19.579
141198,20.2846901679338
141199,23.97320172343
141200,23.027
141201,22.2342125688566
141202,21.12
141203,20.861
141204,20.532
141205,24.283
141206,23.309
141207,23.519
141208,21.865
141209,22.878
141210,22.08
141211,21.611
141212,22.335
141213,22.354
141214,20.818
141215,21.296
141216,20.846
141217,18.1296672366868
141218,19.179
141219,20.196
141220,19.354
141221,19.549
141222,18.148
141223,15.384
141224,18.847
141225,20.006
141226,19.286
141227,18.678
141228,18.786
141229,12.985
141230,18.9146242924311
141231,19.689
141232,19.511
141233,18.7491970612231
141234,18.581
141235,9.69156761998838
141236,19.068
141237,20.305
141238,20.723
141239,20.864
141240,17.292
141241,4.54
141242,19.861
141243,21.191514588925
141244,20.917
141245,21.353
141246,18.537
141247,4.288
141248,20.202
141249,21.92
141250,21.48
141251,21.421
141252,19.8196884971624
141253,3.513
141254,21.577
141255,23.7946632395541
141256,22.36
141257,22.805
141258,21.565
141259,8.056
141260,22.348
141261,24.602
141262,24.611
141263,24.33
141264,23.69
141265,17.393
141266,28.438
141267,26.4282892057984
141268,27.627
141269,27.11
141270,28.389394113108
141271,22.745
141272,35.7151233677129
141273,31.4431893620364
141274,30.426
141275,31.876
141276,34.97
141277,24.654
141278,32.3483943193536
141279,26.2639340604731
141280,20.285
141281,26.871
141282,32.1897924471799
141283,21.081
141284,26.695
141285,23.1315754153344
141286,16.796
141287,21.857
141288,23.006
141289,20.888
141290,20.988
141291,22.298
141292,19.4547363662784
141293,19.0073463159923
141294,20.881
141295,20.557
141296,19.884
141297,20.695
141298,16.132
141299,17.709
141300,17.8016554822233
141301,20.4961959839669
141302,19.792
141303,20.04
141304,17.106
141305,18.089
141306,18.32753204057
141307,19.95
141308,12.5696914785341
141309,18.285
141310,17.108499014359
141311,16.065
141312,12.894
141313,20.762
141314,13.1675818321462
141315,18.748
141316,16.2830878026285
141317,15.792
141318,12.7434568436403
141319,24.04
141320,13.61
141321,18.239
141322,17.844
141323,17.47
141324,12.877
141325,26.264
141326,19.437
141327,18.385
141328,17.802
141329,17.749
141330,15.001
141331,21.309
141332,11.268
141333,19.412
141334,17.721
141335,18.204
141336,19.417
141337,20.246
141338,11.7564377300035
141339,19.31
141340,18.3914383012514
141341,17.969
141342,12.490548915358
141343,20.8230424907085
141344,11.5358622947213
141345,20.151
141346,19.895
141347,18.776
141348,12.693
141349,22.581
141350,22.387
141351,20.9090242757109
141352,20.291
141353,19.7
141354,17.077
141355,19.186
141356,20.917
141357,19.625
141358,17.923
141359,17.864
141360,12.959
141361,16.356
141362,19.594
141363,19.606
141364,17.609
141365,17.829
141366,20.011955580727
141367,13.717
141368,18.158
141369,18.107
141370,14.574
141371,14.496
141372,18.0861315662106
141373,9.493
141374,17.5558362957481
141375,17.321
141376,12.0748031863616
141377,12.681
141378,17.829
141379,6.89780283421872
141380,16.8753634716465
141381,17.7838687125286
141382,13.33
141383,15.784
141384,15.332
141385,6.03906618134668
141386,15.579
141387,17.888
141388,14.666
141389,16.3945675788173
141390,16.3213500768621
141391,8.123
141392,18.27
141393,20.458
141394,16.535
141395,18.7662680838265
141396,18.0916326415796
141397,4.48977181270429
141398,19.9296975298467
141399,19.399
141400,18.421
141401,19.5978779634569
141402,20.639
141403,15.7794824371786
141404,22.179
141405,18.296
141406,19.87
141407,21.262
141408,24.13
141409,37.5576211868513
141410,25.8027914430082
141411,20.93
141412,21.7748639136144
141413,21.41
141414,23.7411642449223
141415,27.648
141416,22.047
141417,22.692
141418,23.75
141419,24.93
141420,33.012
141421,36.4287539503974
141422,23.512
141423,22.883
141424,22.1125226558581
141425,24.3154996991013
141426,19.418
141427,22.377
141428,17.089
141429,20.352
141430,18
141431,19.595
141432,17.814
141433,48.2349059251185
141434,16.669
141435,20.967
141436,11.944
141437,19.195
141438,16.8205867909999
141439,39.3152558339754
141440,23.397
141441,21.48
141442,8.986
141443,15.202
141444,21.028
141445,38.716
141446,20.8948021672314
141447,20.677
141448,6.821
141449,14.802
141450,22.391
141451,38.8148553999323
141452,19.163
141453,20.068
141454,14.859
141455,15.095
141456,20.737
141457,31.725
141458,21.548
141459,20.833
141460,13.653
141461,15.6821376585812
141462,22.945
141463,25.02
141464,20.06
141465,21.465
141466,14.221
141467,13.994
141468,21.932
141469,24.8
141470,23.601
141471,22.841
141472,11.085
141473,15.118
141474,23.038
141475,28.8461891040831
141476,24.762
141477,18.773
141478,15.487
141479,16.934
141480,24.805
141481,54.2196877232525
141482,24.15
141483,20.5845365088854
141484,16.636
141485,17.6440542098317
141486,24.1939141154606
141487,53.548
141488,22.728
141489,22.137
141490,17.495
141491,17.557
141492,24.045
141493,46.0974740513489
141494,23.6035688526348
141495,24.1310352024457
141496,16.837
141497,25.4766428723027
141498,24.356
141499,31.523
141500,21.292
141501,25.448
141502,23.9618715988635
141503,21.6402575644718
141504,21.478
141505,21.7298722691256
141506,20.807
141507,19.0095167325263
141508,18.941
141509,18.441
141510,19.107
141511,19.892
141512,19.8099348628668
141513,18.141
141514,8.57325905522105
141515,18.1100634558864
141516,19.646
141517,18.489
141518,14.453
141519,17.066
141520,1.02206263256399
141521,17.8387603167488
141522,18.253
141523,18.818
141524,13.8288714074561
141525,15.755
141526,9.26845628284572
141527,17.959
141528,18.856
141529,17.2164639251518
141530,18.9596545089726
141531,17.419
141532,15.332
141533,20.507
141534,18.948
141535,21.488
141536,21.434
141537,18.09
141538,20.483
141539,24.263870497942
141540,21.937
141541,22.204
141542,22.293
141543,20.065
141544,22.849
141545,25.6
141546,22.2961287679062
141547,26.069
141548,25.49
141549,23.133
141550,26.506
141551,29.551
141552,25.6671639654887
141553,30.953
141554,29.9491473118756
141555,24.626
141556,31.007
141557,34.1366078019861
141558,30.854
141559,54.2577695380036
141560,42.312491459328
141561,33.23
141562,43.8455058161535
141563,44.6135157423523
141564,45.9408185250056
141565,77.1677178899857
141566,34.826
141567,34.85
141568,37.68970532326
141569,40.7893783877035
141570,41.355
141571,72.4383163292607
141572,31.218
141573,29.5543180806326
141574,32.0447333483037
141575,34.7915059038285
141576,36.433
141577,71.8838012333772
141578,29.0758324298388
141579,30.196
141580,22.106
141581,30.4696931054888
141582,30.2170796775269
141583,73.089
141584,28.857
141585,26.2123505060493
141586,21.242439965837
141587,27.778
141588,29.848
141589,72.8380987733087
141590,28.8
141591,27.0854760008379
141592,22.605
141593,22.4877815097949
141594,28.857
141595,64.684818419177
141596,28.5592901726733
141597,26.3853101760873
141598,22.274
141599,23.3292280438277
141600,28.5980270388775
141601,56.2585081164446
141602,28.358
141603,26.195
141604,23.573
141605,22.9014442580173
141606,28.2062080160105
141607,58.607
141608,26.678
141609,24.145
141610,24.411
141611,23.744
141612,26.3810525639806
141613,42.1088398371329
141614,25.3050274788322
141615,25.427
141616,24.265
141617,22.867
141618,24.908
141619,41.554
141620,25.139603166242
141621,23.8759168886172
141622,23.775
141623,22.051
141624,24.544003468649
141625,56.1027083969523
141626,24.4179552986368
141627,23.846
141628,23.461
141629,22.663
141630,24.5242762248837
141631,65.6169706021046
141632,23.951
141633,24.69
141634,23.3952855993222
141635,23.873
141636,24.58
141637,63.16
141638,23.431
141639,25.658
141640,23.365
141641,23.7107756119286
141642,23.952
141643,40.3881991340825
141644,21.408
141645,23.216
141646,21.094
141647,22.512
141648,22.175905305364
141649,20.453
141650,18.094
141651,18.5333007251516
141652,18.712
141653,18.975
141654,17.95
141655,18.829
141656,17.057
141657,18.044
141658,18.653
141659,19.485
141660,15.749
141661,18.2304641673714
141662,16.6226073826509
141663,18.38
141664,18.522
141665,19.64
141666,16.74
141667,18.03
141668,17.436
141669,18.1430637090673
141670,19.862
141671,19.406
141672,17.889
141673,18.122
141674,18.119954246818
141675,18.242
141676,20.53
141677,20.211
141678,18.554
141679,19.254
141680,19.405
141681,19.032
141682,21.211
141683,22.025
141684,19.6370618450198
141685,19.69
141686,19.9567125428607
141687,19.556
141688,21.9286109288791
141689,22.8354818723626
141690,20.137
141691,21.982
141692,22.771
141693,22.707
141694,24.884
141695,25.253067401634
141696,22.789
141697,33.132
141698,27.8026721819511
141699,30.1861010603751
141700,31.941
141701,32.431
141702,29.8724645762886
141703,72.9602070178815
141704,37.8808411867971
141705,45.142
141706,51.349501150751
141707,52.2599472818987
141708,40.5677084196586
141709,73.6257803569981
141710,35.014
141711,37.351
141712,38.431785916885
141713,41.604
141714,33.512
141715,63.922
141716,28.0619877481721
141717,30.217
141718,28.691
141719,33.406
141720,26.42
141721,55.8024739563497
141722,24.796
141723,25.887
141724,21.46
141725,25.897
141726,23.772
141727,37.0092184759957
141728,23.103
141729,22.991
141730,20.62
141731,19.158
141732,22.137
141733,23.948
141734,22.353
141735,21.5469279929276
141736,19.779
141737,18.416
141738,21.656
141739,24.105
141740,21.197
141741,21.679
141742,19.1381983391249
141743,19.915
141744,20.9325925336951
141745,23.182
141746,21.3043520764674
141747,21.3506840054263
141748,18.841
141749,19.484
141750,20.836
141751,22.6841305806311
141752,21.419
141753,19.851
141754,19.947
141755,19.3
141756,21.36
141757,22.502
141758,21.77
141759,20.096
141760,19.834
141761,19.462
141762,21.766
141763,23.53
141764,21.9412534369273
141765,20.826
141766,20.5328347017617
141767,20.351
141768,22.347
141769,24.544
141770,23.607
141771,21.3211831609277
141772,21.166
141773,20.944
141774,23.651
141775,28.0500872523339
141776,25.357
141777,23.174
141778,22.167
141779,22.17
141780,24.771
141781,35.884
141782,27.2193234653922
141783,24.0452102146272
141784,23.518500360364
141785,23.6114408546582
141786,26.804
141787,29.373365130102
141788,24.6546823415944
141789,23.2580782012098
141790,22.2904617848086
141791,23.12
141792,24.519
141793,18.087196365168
141794,19.786
141795,18.809
141796,17.735
141797,18.75
141798,19.631
141799,15.768
141800,17.8643113622371
141801,16.9865777824092
141802,16.477
141803,16.484
141804,17.6732937987224
141805,15.797
141806,17.723
141807,15.193
141808,19.143
141809,18.405
141810,18.085
141811,17.402
141812,19.031
141813,17.38
141814,20.7001084481187
141815,21.04
141816,19.366
141817,16.705
141818,19.28
141819,19.315
141820,21.33
141821,21.906
141822,19.5
141823,16.709
141824,19.062
141825,20.663
141826,21.597
141827,22.416
141828,19.163
141829,18.084
141830,18.845
141831,21.5644194569616
141832,21.895
141833,22.814
141834,19.296
141835,20.487
141836,20.8328521817634
141837,23.3748686017193
141838,23.377
141839,24.5906109591579
141840,21.41
141841,32.027
141842,27.227
141843,30.4415991018819
141844,30.2405257767007
141845,31.33032505439
141846,29.315
141847,94.3252417203651
141848,43.638
141849,47.7200032861596
141850,45.977
141851,46.8902926133717
141852,46.7721427980841
141853,73.7495796225789
141854,31.166
141855,35.1097691402065
141856,31.938
141857,35.6853971721256
141858,37.9970610966941
141859,56.4236986940124
141860,25.3985590152662
141861,22.817
141862,24.689
141863,28.4195579931583
141864,25.548
141865,47.71
141866,20.958
141867,20.686
141868,20.432
141869,23.51
141870,20.235
141871,30.5263455228618
141872,19.937
141873,19.954
141874,17.306
141875,18.3153616304395
141876,19.923
141877,24.077
141878,19.3537917155149
141879,17.949
141880,15.2751698605858
141881,15.9856766116423
141882,18.412
141883,22.443
141884,18.606
141885,18.605
141886,17.448
141887,15.777
141888,17.9005422825856
141889,22.7558683649664
141890,21.185
141891,17.936
141892,15.8917667341543
141893,14.9866464685508
141894,20.216
141895,22.9642331736142
141896,21.488
141897,17.0501345752644
141898,15.541
141899,13.61
141900,21.504
141901,22.997
141902,21.435
141903,17.6616198412021
141904,16.741
141905,14.6709543108382
141906,21.262
141907,23.966
141908,22.292
141909,18.3907470653889
141910,16.212
141911,16.4133091524813
141912,22.419
141913,31.602
141914,20.323
141915,17.4622200010738
141916,16.2099259705694
141917,16.661
141918,20.259
141919,36.019
141920,19.089
141921,18.971
141922,18.1365507112396
141923,18.118
141924,20.903
141925,27.868
141926,18.493
141927,20.276
141928,18.331
141929,18.806
141930,18.519
141931,20.815
141932,14.588
141933,18.128
141934,14.498
141935,16.685
141936,12.0032334363588
141937,0.273452399127331
141938,8.60783402285334
141939,12.542
141940,10.775
141941,12.807
141942,1.114
141943,-1.16
141944,0.282
141945,5.56636148828369
141946,10.3545016824184
141947,11.33833118968
141948,0.253880408944662
141949,-1.69595490062382
141950,0.003
141951,6.64461081652271
141952,14.4634729501965
141953,15.201
141954,-0.524
141955,-2.23338508337286
141956,-0.165
141957,12.6878761458475
141958,15.76
141959,18.309
141960,-1.438
141961,-1.11411507053031
141962,-2.39
141963,17.4635284210629
141964,18.231
141965,20.545
141966,-1.514
141967,0.108646813140564
141968,-1.398
141969,18.857
141970,19.577
141971,21.466
141972,-1.26338994659039
141973,0.457
141974,-1.20867763271929
141975,20.513
141976,20.3
141977,22.276
141978,-0.923867695718853
141979,0.339
141980,4.48889949204492
141981,21.748
141982,21.342
141983,23.5458482693459
141984,2.334
141985,4.275306370171
141986,2.966
141987,24.096
141988,22.3090232487682
141989,23.904
141990,5.163
141991,18.809
141992,16.897
141993,32.4991999998595
141994,27.329
141995,32.14
141996,17.442
141997,20.673
141998,18.7144359786237
141999,29.397
142000,27.094
142001,25.834
142002,21.9606792657579
142003,18.286
142004,18.623
142005,15.241
142006,21.044
142007,22.005
142008,19.608
142009,18.101
142010,17.349
142011,13.369
142012,15.266
142013,17.266
142014,17.996
142015,18.802
142016,15.813
142017,12.946
142018,18.217
142019,13.409
142020,17.136
142021,16.213
142022,16.4205038748786
142023,9.202
142024,16.302
142025,16.402
142026,16.9399751284148
142027,12.9425871104124
142028,7.417
142029,6.18615314891841
142030,-8.58032118737253
142031,-2.882
142032,2.6169526166989
142033,12.333
142034,0.818931403298553
142035,3.00805412017968
142036,-5.51248782816129
142037,-3.997
142038,1.36
142039,11.0038205699405
142040,-0.007
142041,2.67542784033751
142042,-16.3268183405339
142043,-1.46474900145863
142044,-0.246
142045,9.398
142046,-0.617874071190779
142047,2.51483580860822
142048,-17.1215166428436
142049,7.341
142050,-0.192
142051,7.945
142052,-1.18395468809612
142053,3.64683850830737
142054,-15.174
142055,-10.0588744577016
142056,-0.804576754302723
142057,10.905
142058,-0.05
142059,11.226
142060,-16.0716268898428
142061,10.466
142062,0.107
142063,13.711
142064,1.39882455727535
142065,13.936
142066,-1.766
142067,5.119
142068,1.43
142069,16.062
142070,3.03290613235309
142071,15.264
142072,9.7654600195155
142073,3.02629830629403
142074,3.45550716909415
142075,4.18389573001265
142076,-1.4228938211853
142077,3.493
142078,-2.144
142079,-0.993778565235078
142080,-0.837
142081,-2.477
142082,-6.826
142083,-2.6869292630766
142084,-1.985
142085,-4.09638885065961
142086,-6.33740548053736
142087,-7.23575214230926
142088,-10.2331225308759
142089,-10.8758175637072
142090,-27.1311550010486
142091,-19.2568633121687
142092,-10.2335389500532
142093,-6.41918044531758
142094,-11.5472863487611
142095,-14.1353600161206
142096,-27.9401214805486
142097,-22.911
142098,-11.498
142099,-8.513
142100,-11.0996087969236
142101,-14.5223372268276
142102,-27.8302858886726
142103,-23.0401838650348
142104,-11.1209303505286
142105,-6.613
142106,-9.66394312904695
142107,-13.166371270936
142108,-27.1250611661355
142109,-21.3152827823898
142110,-10.0120665120684
142111,-5.92492656298172
142112,-9.54591921840647
142113,-12.4296313967457
142114,-26.797
142115,-21.1554524625463
142116,-9.913
142117,-5.69265712839924
142118,-9.49671886048913
142119,-11.407362967395
142120,-26.7205312102694
142121,-18.9014010059538
142122,-9.60568742118532
142123,-4.733
142124,-7.51241003847987
142125,-10.1268221970251
142126,-24.9739600025139
142127,-16.9905766037372
142128,-7.5982963134622
142129,0.256
142130,-1.9753807613467
142131,-2.07948057257963
142132,-17.9612711400289
142133,-6.78328048924882
142134,-1.977
142135,22.542
142136,13.559
142137,14.45
142138,6.01177325366646
142139,12.625
142140,13.4102907510208
142141,41.5472641655452
142142,23.156
142143,21.5219172185894
142144,19.329
142145,20.2938521517637
142146,22.4409910561212
142147,38.0534947883727
142148,23.253
142149,21.2869771255706
142150,17.6728727775782
142151,20.801
142152,22.866
142153,40.233
142154,22.098
142155,21.3147557636006
142156,17.321
142157,20.144
142158,23.21
142159,46.5289345813987
142160,22.809
142161,21.286
142162,17.9907531413112
142163,20.466
142164,22.961
142165,51.7723288166382
142166,22.464
142167,20.977
142168,18.964
142169,22.787
142170,22.861
142171,67.8036035704976
142172,24.379
142173,20.782
142174,20.539
142175,20.905
142176,23.615
142177,65.5835234386779
142178,25.2112732586947
142179,20.486
142180,19.335
142181,20.936
142182,24.523
142183,64.074
142184,24.245
142185,20.307
142186,18.733
142187,23.1473021971019
142188,23.862
142189,64.1166202163099
142190,23.992
142191,19.978
142192,19.59
142193,23.406
142194,23.9936335987031
142195,67.262
142196,24.857
142197,20.411
142198,21.0632996430152
142199,24.0459382845412
142200,24.95
142201,69.5521529826047
142202,25.915
142203,21.435
142204,21.748
142205,24.585
142206,26.24
142207,74.69
142208,29.9215127315172
142209,23.13
142210,24.392
142211,26.683
142212,30.298
142213,77.8005670372776
142214,32.1681008602083
142215,23.819
142216,27.66
142217,27.261
142218,32.0940378147532
142219,35.1357146748028
142220,25.534
142221,20.051
142222,22.956
142223,22.523
142224,25.542
142225,17.983
142226,17.539
142227,15.508
142228,15.17
142229,15.722
142230,17.47
142231,13.3985724845387
142232,15.341
142233,13.5937391539544
142234,13.775
142235,14.212
142236,15.376
142237,13.4149793513026
142238,13.693
142239,12.565259342356
142240,13.4972424208638
142241,13.833
142242,14.0151707717422
142243,11.179
142244,13.1777619639812
142245,12.633
142246,13.488
142247,13.899
142248,13.549
142249,10.313
142250,13.1087335825568
142251,12.5139387364884
142252,13.718
142253,14.027
142254,13.361
142255,10.2014839361837
142256,12.621
142257,11.3788610631682
142258,12.695
142259,13.1576139122349
142260,12.739
142261,10.2121277585456
142262,12.6068989164821
142263,11.4777939467893
142264,12.862395278813
142265,13.228
142266,12.8646061932558
142267,9.32319825420913
142268,14.673
142269,13.976
142270,14.3323635494203
142271,14.5781997660616
142272,14.989
142273,20.277
142274,23.1179184522005
142275,22.826
142276,22.252
142277,22.531
142278,23.304
142279,46.9488380392173
142280,50.882240249911
142281,53.158
142282,50.802
142283,52.766
142284,51.1620075975917
142285,40.9223464077269
142286,36.9300676364038
142287,44.4743980736328
142288,41.9417908415337
142289,43.3508882494835
142290,41.0125444618729
142291,29.303251830439
142292,28.795
142293,37.499
142294,34.6685498267748
142295,36.7329325690727
142296,33.535
142297,26.909
142298,24.978
142299,28.403
142300,28.161
142301,28.266
142302,24.806
142303,23.9597195412592
142304,22.224
142305,25.113
142306,24.805
142307,25.433
142308,21.158
142309,22.015
142310,18.607
142311,23.605
142312,23.0953469070388
142313,23.317
142314,18.208
142315,27.0731196567997
142316,21.753
142317,24.68
142318,19.713
142319,20.665
142320,20.792
142321,27.048
142322,24.126
142323,24.279990801125
142324,15.965
142325,20.108
142326,21.549
142327,28.248
142328,19.694
142329,23.988
142330,21.2584233038185
142331,21.699
142332,19.97
142333,28.709541544539
142334,19.943
142335,23.3284503853227
142336,19.252
142337,20.7990766878975
142338,19.693
142339,31.7616944901046
142340,21.4101455088629
142341,23.791
142342,20.504
142343,21.138
142344,21.09
142345,34.642
142346,22.4845855383143
142347,24.066
142348,22.275
142349,21.767
142350,22.051
142351,37.6326230478511
142352,24.985
142353,25.66
142354,24.536
142355,23.377
142356,24.648
142357,40.4023940135933
142358,28.931
142359,27.976
142360,26.607
142361,26.0036241934081
142362,28.5589927696805
142363,25.652
142364,23.255
142365,22.955
142366,23.351
142367,22.375
142368,23.259
142369,13.8531113931521
142370,15.0852494364786
142371,14.854
142372,15.6147640208809
142373,15.144
142374,15.5576176204871
142375,10.638
142376,15.067
142377,13.9598305977741
142378,14.448
142379,14.492
142380,14.9318025990489
142381,11.4225351957013
142382,14.608
142383,13.5835966960145
142384,13.892
142385,14.096
142386,14.629
142387,8.77421557135406
142388,15.325
142389,12.8240428940528
142390,13.366
142391,13.6461568309291
142392,14.527
142393,7.301
142394,15.352
142395,12.5568613236898
142396,13.5149708943579
142397,13.631701814827
142398,14.457
142399,6.089
142400,14.5442955844335
142401,12.484
142402,13.486
142403,13.775
142404,14.8325047968263
142405,5.12564942493027
142406,14.9813527449626
142407,12.646
142408,13.461
142409,13.8145292352936
142410,15.202
142411,7.819
142412,16.9439528528579
142413,14.915
142414,15.421
142415,15.681
142416,16.863
142417,17.75
142418,20.863
142419,20.196
142420,20.128
142421,19.967
142422,20.835
142423,38.075
142424,38.5799045190051
142425,39.6391818431824
142426,38.3640634701497
142427,38.349
142428,39.084
142429,29.025
142430,32.8147954020627
142431,28.899
142432,29.7978732112456
142433,29.263606634681
142434,31.185
142435,21.038
142436,21.944
142437,20.3465172205387
142438,21.8142119840207
142439,21.183
142440,21.864
142441,18.784
142442,18.672
142443,18.238
142444,20.3842130847784
142445,19.571
142446,18.803
142447,16.982866672058
142448,13.0391768227673
142449,15.755
142450,0.579732348756082
142451,17.759
142452,14.7473930312467
142453,16.145
142454,16.3924215167753
142455,16.095
142456,1.589
142457,7.54726518292295
142458,10.778
142459,14.437
142460,15.3733087241679
142461,13.7982925000266
142462,3.61174877112298
142463,4.60724067494579
142464,4.403
142465,13.913
142466,14.34
142467,15.0961211468765
142468,7.169
142469,7.951
142470,7.83920904559959
142471,15.307
142472,17.071
142473,16.7417498759781
142474,8.367
142475,10.476
142476,18.478
142477,15.5139788587053
142478,18.099
142479,17.3997266675992
142480,10.1524088040087
142481,11.134
142482,18.2462527744863
142483,17.092
142484,18.6201818430748
142485,18.4818021903053
142486,12.51
142487,15.147
142488,17.553
142489,19.191
142490,18.897
142491,20.392
142492,15.361
142493,16.625
142494,20.047
142495,21.534
142496,17.801
142497,20.968
142498,16.46
142499,17.805
142500,19.246
142501,25.223
142502,18.56
142503,21.1880248861748
142504,19.479157919949
142505,19.347
142506,18.224
142507,26.449
142508,15.753
142509,18.421
142510,16.193
142511,18.568
142512,16.401
142513,13.696
142514,10.1272866832965
142515,12.385
142516,8.829
142517,11.839
142518,8.48
142519,8.017
142520,2.98
142521,12.839
142522,9.996
142523,10.889
142524,5.476
142525,0.719966927518068
142526,0.741
142527,12.935
142528,5.52093163910332
142529,6.4635331939361
142530,-0.431484475450283
142531,-1.59184880917442
142532,1.02571624615903
142533,13.824
142534,3.084
142535,6.65657092427973
142536,-0.120896291456731
142537,-1.93520142262567
142538,2.69
142539,14.719
142540,8.063
142541,9.329
142542,0.124
142543,-1.035
142544,3.223
142545,15.318
142546,8.4
142547,13.0303296308032
142548,3.24451328242118
142549,-0.393
142550,4.88924935028588
142551,15.5879587109715
142552,14.0256125860242
142553,14.491
142554,4.82423223815344
142555,-0.197
142556,11.119
142557,17.857
142558,17.529
142559,18.595
142560,10.016
142561,12.739
142562,21.227
142563,23.955
142564,23.92
142565,24.969
142566,20.203
142567,27.1187878655525
142568,37.9877519759647
142569,35.0277844425727
142570,40.3817950309144
142571,40.1320730060131
142572,35.766
142573,39.0258619871673
142574,34.7460856892999
142575,29.808
142576,35.013
142577,31.871
142578,35.515
142579,33.3342848338079
142580,27.645
142581,23.074
142582,21.278
142583,24.514
142584,28.08
142585,30.251
142586,23.576
142587,21.015
142588,15.5019736422401
142589,19.294
142590,25
142591,27.081
142592,21.3907401153308
142593,19.256
142594,10.712
142595,16.7383486234897
142596,21.1613131253536
142597,27.275
142598,22.004
142599,18.62
142600,15.7875620050879
142601,20.942
142602,21.199
142603,58.2496371428866
142604,20.684
142605,18.38
142606,16.55
142607,15.6901636006048
142608,20.051
142609,50.0315307011295
142610,20.294
142611,18.236
142612,4.38
142613,11.148802408518
142614,19.689
142621,36.5371897532525
142622,19.785
142623,20.557
142624,7.82308674593103
142625,17.2788869764504
142626,20.063
142627,39.064
142628,20.11
142629,18.9047345640087
142630,6.86539749692085
142631,20.175
142632,20.982
142633,42.2473877245123
142634,21.2795551505449
142635,18.3142616581435
142636,18.3466850261352
142637,20.451
142638,21.732
142639,28.1546743613644
142640,21.986
142641,18.253
142642,17.975
142643,20.148
142644,21.887
142645,30.5080750246523
142646,23.699
142647,19.412
142648,17.34
142649,21.487
142650,23.391
142651,22.632
142652,20.538
142653,17.014
142654,10.8155616292626
142655,17.992
142656,20.084
142657,10.4842457254147
142658,11.843
142659,6.59
142660,0.214652690694227
142661,9.856
142662,11.831
142663,8.825
142664,9.102
142665,4.727
142666,6.206
142667,4.71
142668,6.21863892286631
142669,5.31272579290254
142670,7.495
142671,2.97427538320857
142672,6.699
142673,4.933
142674,6.7008064887429
142675,3.73338920952177
142676,6.69115222469896
142677,9.242
142678,7.62215300658936
142679,8.604
142680,6.74
142681,5.15615437973005
142682,5.89335410714237
142683,10.411
142684,8.754063112257
142685,10.5289664567237
142686,5.283
142687,4.213
142688,4.85
142689,11.3521265313791
142690,10.4350133065899
142691,11.6427359937837
142692,4.05997365008825
142693,4.96259808289225
142694,4.265
142695,11.378233130432
142696,11.054
142697,12.6163558869159
142698,4.41031705294511
142699,6.03026637904724
142700,5.64205343116411
142701,11.934
142702,11.9615588080246
142703,12.826
142704,5.019
142705,14.103
142706,12.805
142707,17.053
142708,16.875
142709,17.299
142710,13.164
142711,42.169
142712,28.0004337692771
142713,35.2427820717559
142714,34.1037882020285
142715,35.851
142716,29.231
142717,33.7481233589941
142718,23.647
142719,30.306
142720,28.102
142721,28.906
142722,23.973
142723,22.602
142724,18.0075486451422
142725,23.234
142726,21.427
142727,21.334
142728,18.734
142729,19.1062673244884
142730,14.651
142731,21.904
142732,19.189
142733,19.633
142734,13.9182814740927
142735,17.606
142736,9.77491078113133
142737,20.609
142738,17.903
142739,17.89
142740,9.667
142741,14.588
142742,5.00850836490658
142743,18.11
142744,12.649
142745,15.17
142746,4.58469966167824
142747,19.413
142748,16.552
142749,17.501
142750,12.474
142751,17.137
142752,16.578
142753,7.98071147899721
142754,-0.689
142755,15.789
142756,4.017
142757,9.15382248404839
142758,-0.96549285066272
142759,9.75832979453229
142760,1.32714304658763
142761,16.047
142762,14.455
142763,13.159
142764,-0.015
142765,11.153
142766,7.17280798186423
142767,16.5471758001736
142768,14.207
142769,13.797
142770,3.005
142771,12.1508447717403
142772,9.22504157149678
142773,16.834
142774,13.286
142775,14.7460471601823
142776,5.23584812274516
142777,13.013
142778,10.254727193455
142779,16.985
142780,13.31
142781,14.981
142782,9.40752531636398
142783,14.72
142784,13.265
142785,18.4
142786,16.622
142787,16.942
142788,11.5475367973335
142789,19.07
142790,17.64
142791,21.19
142792,20.243
142793,20.383
142794,17.19
142795,12.58
142796,14.862
142797,18.743
142798,18.696
142799,18.313
142800,14.8074666071939
142801,0.121
142802,8.325
142803,12.22
142804,11.995
142805,12.161
142806,7.389
142807,0.0148238007076452
142808,8.601
142809,11.8529370747845
142810,11.809
142811,11.807
142812,8.0607321853372
142813,0.614367475029114
142814,7.837
142815,12.7403408083153
142816,12.315
142817,12.241
142818,8.45143150942934
142819,2.112
142820,7.30980878093403
142821,13.767660567969
142822,13.738
142823,13.6781402319274
142824,8.02938178433386
142825,3.273
142826,6.6891055284074
142827,13.892
142828,14.112
142829,14.313
142830,7.767
142831,3.42504260390562
142832,5.081
142833,13.9517141804884
142834,14.3807291157424
142835,14.2477219647194
142836,5.425
142837,2.83690007962181
142838,3.495
142839,14.2920561208005
142840,13.9624243895975
142841,14.1073253934252
142842,4.66349454084999
142843,2.88486807807879
142844,3.859
142845,14.505
142846,14.7207318892673
142847,14.8399202165183
142848,4.28778885478167
142849,9.623
142850,12.61
142851,18.856
142852,19.186
142853,19.149
142854,12.2401613521978
142855,22.712
142856,22.374
142857,31.571
142858,32.2339584995334
142859,31.1829551138578
142860,21.3056334123591
142861,22.227
142862,18.519
142863,25.581
142864,25.667
142865,25.2290849805897
142866,18.019
142867,16.502
142868,7.79784556165399
142869,19.466
142870,19.31
142871,19.268
142872,7.420931360554
142873,13.4532614411925
142874,2.387
142875,16.865
142876,9.41003054168777
142877,11.6290678639825
142878,2.18
142879,11.978
142880,0.290651806188047
142881,16.145
142882,7.24159018580546
142883,7.157
142884,0.025
142885,9.80484091908106
142886,-0.38751334659514
142887,14.97
142888,7.47964978977027
142889,3.28037955977068
142890,-0.808200927717204
142891,8.86018222146811
142892,-1.71427476824054
142893,15.544
142894,6.433
142895,5.42768002557839
142896,-1.47
142897,7.061
142898,-1.20106454731083
142899,11.814
142900,1.641
142901,4.004
142902,-0.704
142903,5.256
142904,-0.0175266193956995
142905,13.338
142906,1.731
142907,6.32558505907136
142908,-0.012
142909,4.72926627500074
142910,-0.313112326907327
142911,13.313
142912,0.949
142913,6.49178361432509
142914,-0.003
142915,5.657
142916,-1.162
142917,14.757
142918,6.252
142919,8.961
142920,-0.284
142921,7.723
142922,0.853
142923,15.497
142924,11.0320243669933
142925,11.198
142926,2.595
142927,10.9872284174477
142928,6.976
142929,17.7906997048702
142930,17.696
142931,14.444
142932,10.0632025589423
142933,15.4118449717944
142934,15.196
142935,19.604
142936,19.568
142937,17.935
142938,16.7545284252597
142939,9.793
142940,12.048
142941,16.9496574484252
142942,18.278
142943,15.5187918382618
142944,12.552
142945,-2.56767061431623
142946,0.185354627953375
142947,5.83908013953543
142948,8.334
142949,4.94018037224261
142950,-1.63465353072666
142951,-2.215
142952,0.646
142953,8.84765829018742
142954,8.974
142955,7.834
142956,-0.644
142957,-3.14854138000676
142958,-2.35
142959,9.415
142960,8.756
142961,8.856
142962,-2.53466185642625
142963,-2.347
142964,-2.54745166267922
142965,10.0091803044137
142966,9.369
142967,8.601
142968,-2.553
142969,-1.615
142970,-2.03795243340882
142971,6.54940376694215
142972,10.7391235806285
142973,9.107
142974,-2.567
142975,-0.797
142976,-3.93429088493693
142977,9.37651273411574
142978,11.7508746137979
142979,10.696
142980,-3.055
142981,0
142982,-4.2973409046208
142983,8.15329983343392
142984,11.7629778043584
142985,11.728
142986,-3.56144881816588
142987,0.073
142988,-5.69744215198354
142989,9.049
142990,11.518
142991,11.2967414191336
142992,-2.73094505200941
142993,10.383
142994,-0.034
142995,14.931
142996,17.0377731677156
142997,16.217
142998,0.005
142999,29.564
143000,20.836
143001,27.69
143002,26.818
143003,26.635
143004,19.323
143005,21.807
143006,17.996
143007,21.826
143008,20.658
143009,21.4938959220473
143010,14.7455828443444
143011,17.405
143012,9.78717738226286
143013,19.375
143014,15.836
143015,18.832
143016,8.72342071340261
143017,14.066
143018,3.86274352387658
143019,17.428
143020,13.224
143021,14.57
143022,3.1635781641305
143023,12.7582802828018
143024,1.19174049422844
143025,15.967
143026,11.953
143027,14.494
143028,1.98603917687435
143029,11.6872560788437
143030,-0.196
143031,13.2484568795464
143032,8.1053267130752
143033,12.189
143034,0.457
143035,10.1864253711427
143036,0.30904499705747
143037,12.6192100149347
143038,8.53943241930742
143039,5.59445108498951
143040,0
143041,7.25975038876893
143042,-0.840420805698079
143043,8.37535784213112
143044,6.42
143045,5.84371289464996
143046,-1.447
143047,6.8646603104582
143048,-0.3
143049,11.331
143050,11.383888916607
143051,5.962
143052,-1.272
143053,7.454
143054,0.46
143055,13.018
143056,13.1215560359485
143057,10.99
143058,-0.361444727599686
143059,9.734
143060,6.3434910203095
143061,13.151
143062,15.534
143063,13.3900555421158
143064,0.814989210705706
143065,14.477
143066,9.074
143067,15.293
143068,17.474
143069,15.419
143070,11.6288744155696
143071,16.9864229716009
143072,11.1665561139169
143073,15.176
143074,18.253
143075,17.162
143076,6.325
143077,21.063
143078,15.441
143079,17.261
143080,19.8430091933062
143081,19.501
143082,10.587
143083,18.8739166636994
143084,12.683
143085,16.2370550670726
143086,18.679
143087,18.4650658527226
143088,14.6992365626913
143089,5.96196353696796
143090,7.63073345892194
143091,9.082
143092,13.2509533487153
143093,13.217
143094,4.45885359702427
143095,10.077
143096,11.513
143097,10.476
143098,13.2046865519265
143099,13.4065678273856
143100,10.1719524884084
143101,12.9930948886132
143102,10.9961842574678
143103,11.036
143104,13.013
143105,12.931857899402
143106,9.725
143107,13.414778296487
143108,12.9728240422195
143109,13.74
143110,13.6661348122175
143111,12.009
143112,13.298
143113,14.412
143114,13.4636411676255
143115,15.785
143116,15.7336551724939
143117,16.426
143118,15.413
143119,15.366
143120,13.8074110217141
143121,16.951
143122,16.949
143123,17.0037666960351
143124,15.873
143125,18.1473918463391
143126,16.437
143127,18.551
143128,19.41
143129,19.02
143130,18.01
143131,19.776
143132,16.913
143133,19.285
143134,20.34
143135,20.254
143136,18.948
143137,29.222
143138,24.422
143139,26.2628285687432
143140,27.9418601393516
143141,28.241
143142,25.912
143143,106.680671375259
143144,37.692
143145,48.5525593407095
143146,54.5696023716155
143147,53.3524018966592
143148,40.835
143149,76.9497684598305
143150,26.011
143151,32.018
143152,34.352
143153,31.9100670261779
143154,25.207
143155,66.6986269174213
143156,23.231
143157,23.394
143158,28.393
143159,25.812
143160,22.745
143161,57.2279073017726
143162,18.502
143163,21.002
143164,23.734
143165,23.333
143166,20.297
143167,28.336
143168,19.5927667060633
143169,20.5014907566275
143170,16.99
143171,17.0473261005308
143172,19.2877928370959
143173,24.68
143174,19.0151196272494
143175,19.161
143176,14.486
143177,17.1715757917821
143178,19.2481727686911
143179,23.793
143180,18.6970896164699
143181,18.9499671174596
143182,15.6644934514551
143183,16.8339407393965
143184,19.389
143185,27.347
143186,20.195
143187,19.2903445253574
143188,18.9446004737227
143189,17.668
143190,20.065
143191,27.903
143192,20.377
143193,19.617
143194,19.5766953712506
143195,18.368
143196,20.503
143197,29.9637078884113
143198,20.8723962614344
143199,20.004
143200,20.305
143201,18.839
143202,20.618
143203,35.593
143204,20.859
143205,19.937
143206,20.4105199819811
143207,19.581
143208,21.249
143209,45.7571614366405
143210,20.904
143211,20.524
143212,20.479
143213,20.1961939435859
143214,21.214
143215,53.1365999848399
143216,21.868
143217,21.808
143218,21.547
143219,20.578
143220,21.842
143221,59.2865993045912
143222,24.1703954708771
143223,24.223
143224,24.426
143225,22.299
143226,24.306790556353
143227,48.2090078512364
143228,23.3403338342931
143229,23.169
143230,24.088
143231,21.168
143232,23.315
143233,19.09
143234,17.214
143235,17.6752659529398
143236,17.348
143237,15.675
143238,16.966
143239,16.646
143240,16.047
143241,15.9
143242,15.442
143243,14.336399357685
143244,15.866
143245,15.934
143246,16.177
143247,13.8443368267165
143248,15.316
143249,13.594
143250,16.262
143251,15.579
143252,15.839
143253,15.7929183105774
143254,15.31
143255,14.475
143256,15.703
143257,15.0334605889153
143258,14.963
143259,15.948
143260,16.091
143261,15.4572250522817
143262,14.7270483903558
143263,14.242
143264,12.8880093746704
143265,16.056
143266,17.84
143267,17.349
143268,12.785398296671
143269,13.319
143270,9.64797076412527
143271,15.569
143272,18.036
143273,18.664
143274,10.183
143275,14.556
143276,9.258
143277,15.7837232207869
143278,17.993
143279,18.344
143280,9.90342317657448
143281,22.388
143282,17.282
143283,21.785
143284,22.5955201831964
143285,22.95
143286,16.885
143287,66.6897409303236
143288,24.8406657777028
143289,35.041
143290,35.5679530683571
143291,35.2733598214965
143292,26.19
143293,39.7329736246592
143294,20.088
143295,23.752
143296,25.027
143297,24.4329995263702
143298,21.77
143299,23.691
143300,16.133
143301,19.607
143302,21.719931257334
143303,22.708
143304,17.965
143305,19.149
143306,11.8384219321747
143307,17.341
143308,19.229
143309,19.724
143310,13.337
143311,18.343
143312,10.8607548646931
143313,16.213
143314,12.482
143315,15.25
143316,13.897
143317,16.809
143318,6.25660263997705
143319,15.177
143320,11.896
143321,11.511
143322,5.08989086530487
143323,16.927
143324,3.43426067271304
143325,14.603
143326,12.267
143327,6.293
143328,2.10473584847913
143329,21.167
143330,16.553
143331,13.029
143332,10.657
143333,10.9535124579405
143334,16.592
143335,22.918
143336,12.219
143337,13.0167562833338
143338,7.987
143339,12.713
143340,16.56
143341,28.0401975381664
143342,6.469
143343,12.717
143344,11.291089409603
143345,12.472488068885
143346,17.396
143347,31.3998214340842
143348,8.70915260171199
143349,13.336
143350,10.970277501027
143351,13.474
143352,16.483
143353,28.789
143354,7.797
143355,13.3911470660519
143356,13.0372062329235
143357,13.6699024207317
143358,15.655
143359,25.496
143360,8.18677890309833
143361,14.603
143362,15.961
143363,15.666
143364,12.6
143365,23.9143835104079
143366,12.4656675106394
143367,17.127
143368,20.218
143369,19.1719846413869
143370,13.687
143371,20.659
143372,11.833
143373,15.8741240355736
143374,20.115
143375,18.118
143376,12.499
143377,9.802
143378,3.783
143379,9.68938588870339
143380,14.3607702814295
143381,12.367
143382,4.022
143383,9.133
143384,2.88754659715822
143385,5.32579683379956
143386,14.3169401601293
143387,11.696
143388,3.0180224521824
143389,9.09109435844826
143390,6.313
143391,6.793
143392,13.835
143393,11.366
143394,3.80896657880366
143395,8.825
143396,6.27150985034267
143397,9.1664332867593
143398,14.082
143399,12.427
143400,4.664
143401,10.3048813682635
143402,9.408
143403,12.61
143404,17.709
143405,17.461
143406,9.619
143407,13.1916382411022
143408,12.461
143409,16.356
143410,19.408
143411,19.849
143412,11.563
143413,16.817
143414,15.9
143415,17.823
143416,21.319
143417,21.179
143418,14.1672832277142
143419,19.081
143420,19.484
143421,20.255
143422,22.234
143423,22.819
143424,18.6781832388973
143425,30.317
143426,30.8108564473909
143427,30.679
143428,32.8842451153739
143429,33.866
143430,29.99794133553
143431,89.8648359951884
143432,62.429683458112
143433,55.8197751950809
143434,64.903
143435,64.9473073521474
143436,61.3945607989677
143437,67.0387451791423
143438,39.8493023873614
143439,35.5873301783076
143440,36.0413902347026
143441,33.468
143442,40.2237325802368
143443,63.5089429200548
143444,35.187
143445,25.352
143446,26.16
143447,31.431
143448,36.719
143449,50.2778710235111
143450,31.117
143451,24.474
143452,20.227
143453,26.5083987081224
143454,32.945
143455,39.1962050324198
143456,25.491
143457,22.132
143458,18.081
143459,19.8338979319053
143460,25.086
143461,45.2149230769496
143462,22.6309187725239
143463,21.0944788154634
143464,18.692
143465,17.417
143466,23.019
143467,32.3419317448697
143468,20.677
143469,20.04
143470,18.5
143471,17.7991079037817
143472,21.439
143473,30.0273169944325
143474,23.577
143475,23.247
143476,20.241
143477,18.646
143478,23.588
143479,30.0815153579982
143480,22.5042663941396
143481,23.287
143482,21.289
143483,19.568
143484,21.8752522821472
143485,31.1970936862995
143486,20.793
143487,22.039
143488,21.442
143489,20.492
143490,21.155
143491,33.1183303507138
143492,20.222
143493,20.714
143494,21.262
143495,20.5924737402307
143496,20.618
143497,32.9986401850671
143498,19.773
143499,19.359
143500,21.6071895868958
143501,21.503
143502,20.366
143503,29.874
143504,20.3852362499998
143505,19.3340667309463
143506,21.8756264268895
143507,22.865
143508,20.692
143509,28.634
143510,22.939
143511,21.368
143512,24.2851420276089
143513,24.984
143514,23.131
143515,24.016
143516,21.03
143517,19.2821457306325
143518,22.581
143519,24.045
143520,20.831
143521,11.648
143522,13.9547233234733
143523,13.054
143524,16.0262197954435
143525,17.206
143526,12.474
143527,5.025
143528,14.014
143529,14.2830247177951
143530,15.621
143531,16.417
143532,14.58
143533,5.48618588008847
143534,14.6672992282225
143535,15.496
143536,15.8
143537,15.8226315111726
143538,14.6469145116736
143539,7.431
143540,15.266
143541,16.476
143542,16.8372877779001
143543,16.469
143544,14.5448932851867
143545,12.337
143546,15.292
143547,16.961
143548,18.485
143549,18.186
143550,15.067
143551,14.4777358428847
143552,15.15
143553,17.944
143554,20.4301871413628
143555,21.1371510238624
143556,16.342
143557,12.1435119924423
143558,15.0009724130705
143559,18.615
143560,20.839
143561,22.021
143562,14.897
143563,14.04
143564,13.16
143565,19.31
143566,21.083
143567,21.863
143568,14.537
143569,23.2516825247129
143570,13.3121795747044
143571,26.019
143572,26.2151832277808
143573,26.993
143574,14.667
143575,70.8186784976792
143576,19.271
143577,42.0277730435468
143578,40.5830889697058
143579,43.0811576632562
143580,19.2642377177545
143581,51.024
143582,17.625
143583,28.34
143584,27.7334411005828
143585,27.234
143586,16.9173808004717
143587,33.888
143588,16.782
143589,25.389
143590,24.6891944126975
143591,23.559
143592,15.591
143593,19.895
143594,13.6893496787366
143595,23.301
143596,22.266
143597,22.279
143598,12.05
143599,18.275
143600,12.049
143601,21.227
143602,20.983
143603,20.56
143604,10.0730406061158
143605,16.869
143606,14.3716566796499
143607,19.539
143608,17.739
143609,19.095
143610,10.5361229386092
143611,15.9595180819276
143612,14.0543551427631
143613,18.936918790971
143614,15.433
143615,19.007
143616,14.287
143617,15.69
143618,12.6
143619,19.516
143620,17.21
143621,18.238
143622,10.124
143623,14.776
143624,8.439
143625,19.491
143626,18.938
143627,17.217
143628,8.82563845906152
143629,14.403555755824
143630,8.458
143631,18.161
143632,18.429
143633,18.5583363861338
143634,6.516
143635,13.885
143636,12.008
143637,9.971
143638,18.435
143639,19.3152139037724
143640,8.046
143641,14.228
143642,13.299
143643,7.5486222031155
143644,17.836
143645,19.3874630228201
143646,9.6401672861586
143647,14.775
143648,13.1478574490976
143649,5.76575256497752
143650,15.2099504410259
143651,17.435
143652,13.2111328181549
143653,15.404
143654,16.4180689666092
143655,7.306
143656,16.613078936472
143657,11.2890658985792
143658,14.6112284666343
143659,10.2807895346714
143660,11.7911807135437
143661,1.364
143662,-1.702
143663,10.9380719454922
143664,13.068
143665,-2.18405564699312
143666,2.646
143667,-4.38135247942416
143668,-13.1443769935912
143669,-11.47706983138
143670,-0.633
143671,-5.67736777072456
143672,-5.52432282478097
143673,-6.81482625370979
143674,-23.1414370707866
143675,-8.63052115470899
143676,-3.9149011073076
143677,-8.89748533629503
143678,-6.821
143679,-10.0527444122285
143680,-24.4522445018008
143681,-5.12388574218385
143682,-8.006
143683,-7.19220972699372
143684,-8.20269964765997
143685,-10.9689664205462
143686,-22.0940585856108
143687,-4.85867183372862
143688,-7.18198293186912
143689,-3.98238342722322
143690,-6.65255154493
143691,-8.3799277164701
143692,-20.5136824810724
143693,-1.65161145232377
143694,-6.82264296891982
143695,-1.935
143696,-3.236
143697,-5.77329810126416
143698,-15.7337747034961
143699,-0.408499925226388
143700,-4.50655836399952
143701,-0.620751850668465
143702,-0.48206757274942
143703,-8.25047715262006
143704,-2.45773458305057
143705,-0.87
143706,-1.57
143707,0
143708,0.028
143709,-7.93658402761477
143710,-19.6485637391181
143711,-0.233867651915622
143712,-0.303
143713,9.33930034275847
143714,10.6835526947142
143715,-0.521
143716,0.791
143717,10.1949762490416
143718,9.83746845084826
143719,32.442
143720,25.745
143721,18.344
143722,18.968
143723,25.348
143724,25.92
143725,33.8176421476317
143726,24.861
143727,20.285
143728,24.217
143729,26.278
143730,24.289
143731,28.381
143732,23.864
143733,18.87
143734,23.218
143735,24.729
143736,23.408
143737,25.7702174593058
143738,22.1025034226815
143739,16.995
143740,19.977
143741,24.826149391207
143742,21.362
143743,24.222
143744,20.921
143745,18.524
143746,15.3051491736255
143747,22.046
143748,21.6245291333511
143749,24.092
143750,21.478
143751,18.261
143752,13.072
143753,18.379
143754,22.009
143755,25.176
143756,22.407
143757,17.552
143758,8.816
143759,16.808
143760,22.613
143761,26.849
143762,24.688
143763,18.2223443396828
143764,10.073
143765,14.775
143766,24.588
143767,27.0201093286562
143768,25.291
143769,17.2589204902964
143770,7.967
143771,13.73
143772,25.011
143773,29.4446638438534
143774,24.788
143775,18.0136360478549
143776,9.69099362807428
143777,14.849
143778,25.338
143779,28.2306307523256
143780,25.6906674130173
143781,19.187
143782,14.363
143783,16.698
143784,25.705
143785,31.438
143786,27.406
143787,21.043
143788,17.609
143789,17.035
143790,27.408499094192
143791,40.0956769185842
143792,31.5191114630742
143793,22.869783880727
143794,26.109682486604
143795,25.814
143796,31.523
143797,53.6844990416748
143798,36.222
143799,25.337
143800,26.247
143801,27.9382949727689
143802,35.7581558551583
143803,41.5317832993235
143804,31.0653126251442
143805,23.614
143806,23.546
143807,25.43
143808,30.639
143809,18.451
143810,19.082
143811,13.566
143812,16.1488509170414
143813,17.398
143814,18.772
143815,13.9038997324756
143816,16.02
143817,5.78540814275004
143818,7.70678968762733
143819,12.263
143820,16.039
143821,13.2242194489326
143822,14.4076205670846
143823,1.599
143824,8.45992955936993
143825,11.149
143826,14.653
143827,12.689
143828,13.8210760518489
143829,0.193549533773348
143830,5.58072966629258
143831,9.61337983132008
143832,14.236
143833,12.5051716023097
143834,14.498
143835,0.902
143836,6.65108460247837
143837,9.2348021083094
143838,14.518
143839,12.1345812573486
143840,12.738
143841,0.0646906477595403
143842,5.36918002217366
143843,8.13396896545955
143844,13.076
143845,11.1148035663741
143846,11.8010938454579
143847,0.01
143848,4.38801908535886
143849,7.73160717103536
143850,12.185489809153
143851,12.319
143852,13.041
143853,2.49110970460983
143854,6.4158534180922
143855,9.099
143856,13.385
143857,19.668
143858,19.716
143859,16.597822036769
143860,16.761
143861,18.021
143862,19.8385770272284
143863,60.227494803814
143864,45.312
143865,43.689648824661
143866,42.7357510380774
143867,46.5715303680305
143868,46.6258776169778
143869,31.917
143870,25.528
143871,30.563
143872,28.4667057015449
143873,29.6161735044558
143874,27.104
143875,27.5798816954031
143876,20.373
143877,25.646
143878,24.94
143879,25.249
143880,22.018
143881,21.719
143882,17.027
143883,23.41
143884,23.301
143885,23.428
143886,18.114
143887,18.013
143888,14.567
143889,20.9538697537668
143890,19.554
143891,20.6339302245124
143892,14.064
143893,15.639
143894,9.924
143895,19.765
143896,18.03
143897,19.121
143898,7.41148790584522
143899,13.2417522978395
143900,5.232
143901,18.491
143902,16.6900595857261
143903,17.564
143904,3.87513656842336
143905,13.593
143906,3.66879193139302
143907,18.1
143908,14.315
143909,14.4096083468476
143910,3.561
143911,13.3263990032185
143912,4.75971391109915
143913,17.8779617742382
143914,16.234
143915,14.099
143916,2.059
143917,13.5610317448402
143918,2.386
143919,16.937
143920,16.667
143921,14.014
143922,1.164
143923,13.404
143924,2.02568201529051
143925,17.131
143926,16.548
143927,14.498
143928,0.816680371304246
143929,14.074
143930,3.55713303530315
143931,18.028
143932,16.8103445780371
143933,14.9578904713282
143934,1.338
143935,16.301
143936,8.785
143937,19.6196970612065
143938,18.572
143939,17.122
143940,4.99294549978699
143941,19.218
143942,13.076
143943,22.607
143944,21.969
143945,21.353
143946,10.184
143947,16.655
143948,8.621
143949,20.257
143950,21.675
143951,20.188
143952,5.913
143953,0.44
143954,-1.75559388939168
143955,11.6150716939289
143956,13.394
143957,12.532
143958,-2.16
143959,-1.378
143960,-4.31278093611879
143961,8.93733073533768
143962,9.20958049489168
143963,7.851
143964,-5.33842362945888
143965,-2.288
143966,-5.174
143967,8.08390765046451
143968,6.38421106809758
143969,1.70511810806009
143970,-6.04346819560114
143971,-2.87587437046823
143972,-6.54169967110883
143973,0.919119462380288
143974,3.6554813958013
143975,0.41
143976,-5.55240186775126
143977,-3.093
143978,-9.29093883623689
143979,-1.153
143980,-0.317588862898703
143981,-0.099
143982,-9.47807740665452
143983,-3.42409000181593
143984,-12.1650700178786
143985,-1.58233995390878
143986,-1.07816750801185
143987,-0.965
143988,-11.557
143989,-4.65368426413742
143990,-11.2961226919946
143991,-1.49003100245636
143992,-1.231
143993,-1.094
143994,-12.3845544390233
143995,-5.26038400142781
143996,-9.398
143997,-1.86759871835104
143998,-2.205
143999,-1.82925682402362
144000,-9.99631214150615
144001,-1.9134476364539
144002,0.007
144003,6.80664193575824
144004,2.477
144005,6.742
144006,-0.197
144007,20.675
144008,21.433
144009,21.697
144010,19.719
144011,19.3598607592283
144012,20.321
144013,19.69
144014,14.918
144015,18.86
144016,14.695
144017,17.048
144018,15.838
144019,17.9407196202448
144020,14.793
144021,19.188398927356
144022,4.996
144023,9.57269992393244
144024,10.277
144025,16.596
144026,7.562
144027,12.8509984576224
144028,0.003
144029,4.01807435444278
144030,8.42292197425773
144031,15
144032,3.843
144033,10.962
144034,-1.48828899484273
144035,0.221
144036,4.241
144037,13.672
144038,3.92881182440503
144039,10.189703993364
144040,-0.857514647087173
144041,-0.471100115544144
144042,2.44723248260283
144043,12.3635793077871
144044,6.81
144045,8.398
144046,-1.21414419924877
144047,-0.550389258403569
144048,1.452
144049,12.938
144050,5.75241808121307
144051,8.295
144052,-0.007
144053,-1.47138676970898
144054,3.79744955536197
144055,14.4789778676283
144056,11.75
144057,9.83598688763431
144058,0.818
144059,-0.243118954206808
144060,8.116
144061,16.719
144062,15.321
144063,11.7380830701374
144064,2.477
144065,1.24636873865581
144066,13.5088818784005
144067,17.785
144068,18.2233983318082
144069,11.754
144070,5.60866780417994
144071,5.60185917504358
144072,15.245
144073,20.438
144074,18.7298185445646
144075,13.439
144076,10.3040247439227
144077,11.062
144078,18.83
144079,24.187
144080,17.219
144081,15.143
144082,12.5589608071538
144083,14.6217312772511
144084,19.996
144085,31.803
144086,19.659
144087,18.577
144088,17.81
144089,18.262
144090,21.706
144091,29.609884381532
144092,19.29
144093,19.114
144094,16.936
144095,18.1523101364463
144096,19.636
144097,17.414
144098,15.121
144099,13.843
144100,12.6767655160223
144101,13.2797627989007
144102,15.181
144103,15.513
144104,14.9297313165915
144105,9.551
144106,9.622
144107,11.901
144108,14.826
144109,15.9219918328174
144110,14.79
144111,7.252
144112,8.08128981539603
144113,12.205
144114,15.639
144115,15.5863388310473
144116,16.085
144117,6.734
144118,8.672
144119,11.9022484745736
144120,15.835
144121,15.6544889383148
144122,16.815
144123,6.89
144124,6.131
144125,11.0568757678447
144126,15.893
144127,16.607
144128,17.5266287289339
144129,9.19932329056946
144130,3.16153546397602
144131,10.622
144132,17.331
144133,17.656
144134,18.64
144135,12.370072497363
144136,6.57701622385352
144137,13.1597215365925
144138,18.307
144139,18.562
144140,17.994
144141,13.1439705053259
144142,7.95011410924852
144143,13.5364395816478
144144,19.0474380515799
144145,29.841
144146,26.6113714999505
144147,19.6905155630741
144148,20.281
144149,20.093
144150,27.427
144151,102.405961694628
144152,46.9707916127995
144153,23.894
144154,28.303
144155,31.069
144156,47.097
144157,62.541764251028
144158,29.08
144159,23.925
144160,22.483
144161,23.799
144162,29.1514161783807
144163,62.3264767030198
144164,27.5308107485778
144165,23.169
144166,18.186
144167,19.897
144168,27.1864570221574
144169,31.8569873685616
144170,26.1037679286357
144171,21.349
144172,14.9563345038738
144173,16.326
144174,25.487
144175,24.838
144176,22.6805658160918
144177,19.953
144178,11.8849302096164
144179,13.941
144180,22.2663949668128
144181,23.082
144182,21.2571339246199
144183,18.951
144184,9.73941821362426
144185,10.7898664195864
144186,19.2483927600423
144187,21.38
144188,18.501
144189,17.028
144190,5.73425249195837
144191,7.821
144192,16.663
144193,18.365
144194,17.402
144195,13.156
144196,0.868267279677304
144197,5.747
144198,15.603
144199,18.132
144200,17.398
144201,12.086070210039
144202,0.941
144203,6.42524015444384
144204,16.044
144205,17.5107797236318
144206,17.96
144207,11.5469320051832
144208,0.8482250498957
144209,9.90395801917279
144210,15.793
144211,18.166
144212,17.914
144213,12.2223268146142
144214,3.206
144215,10.099
144216,16.412
144217,18.971
144218,18.322
144219,13.953
144220,7.58528946160068
144221,9.987
144222,16.064
144223,20.48
144224,18.859
144225,15.206
144226,9.15474567610665
144227,6.829
144228,15.597
144229,22.582
144230,21.694
144231,17.684
144232,13.888
144233,12.468
144234,18.946
144235,21.521
144236,19.5417134374357
144237,17.529
144238,14.962
144239,11.6
144240,17.738
144241,11.305
144242,12.309
144243,12.775
144244,9.26941912223624
144245,9.734
144246,10.2314211912765
144247,6.383
144248,12.878
144249,10.032
144250,6.10341188858324
144251,0.693
144252,7.57747439138204
144253,11.1076095972746
144254,14.892
144255,5.179
144256,-0.005
144257,-1.10085111798533
144258,11.979
144259,11.249
144260,14.866
144261,5.90709892731587
144262,-1.384
144263,-0.151
144264,13.171
144265,13.181
144266,16.412
144267,11.1341232722134
144268,-0.442
144269,5.767
144270,13.4734507747913
144271,14.1053816846781
144272,15.4327239532367
144273,11.372
144274,1.328
144275,8.32062358170784
144276,13.9963132744417
144277,15.16
144278,13.0046281695828
144279,13.31
144280,4.933
144281,11.233
144282,14.7879101122723
144283,18.3020068508716
144284,13.981
144285,16.084
144286,13.4880420581621
144287,13.029
144288,14.355
144289,25.1426461502437
144290,19.766
144291,19.765
144292,20.815
144293,19.0732101929435
144294,19.44
144295,71.6601552387888
144296,29.728
144297,24.429
144298,28.2201651909732
144299,27.8020525656832
144300,32.5483133778244
144301,26.848
144302,20.8657736605828
144303,21.4412228482209
144304,23.521
144305,22.208
144306,20.401
144307,21.8450864867897
144308,16.293657078797
144309,19.532
144310,20.221
144311,20.486
144312,15.133
144313,19.702
144314,11.592
144315,17.653
144316,9.04822725994201
144317,17.196
144318,10.99
144319,18.897
144320,12.6516736001805
144321,16.202
144322,8.45716723122512
144323,6.206
144324,8.33187834519622
144325,16.667
144326,7.84701232095323
144327,15.3613817697152
144328,8.27
144329,4.518
144330,6.78187590929024
144331,15.453
144332,6.80656797015218
144333,14.8794056623077
144334,12.029
144335,4.3261532927619
144336,5.314
144337,15.575
144338,4.73387711570299
144339,12.1711256207089
144340,7.896
144341,2.86328727849497
144342,2.1723317536666
144343,13.908
144344,0.771382545390774
144345,10.7608923568416
144346,7.93079695706489
144347,2.1757852286145
144348,0.439
144349,13.85
144350,2.76258279596659
144351,12.651
144352,8.807
144353,5.285
144354,2.19966649046328
144355,14.141
144356,9.363
144357,13.932
144358,10.904
144359,7.46113043253843
144360,6.417
144361,15.996
144362,11.104
144363,15.2134644133323
144364,10.8690496922524
144365,12.951
144366,11.6691398952098
144367,17.433
144368,15.95
144369,16.0008225683913
144370,12.2208540067734
144371,13.155
144372,14.901
144373,21.986
144374,20.239
144375,19.313
144376,17.4475941167707
144377,15.814
144378,17.108
144379,21.935
144380,20.623
144381,18.737
144382,16.097
144383,14.931
144384,18.003
144385,12.978
144386,16.471
144387,13.088
144388,10.72
144389,11.1143047702252
144390,15.518
144391,10.6975720556564
144392,15.844
144393,11.648
144394,5.826
144395,6.2710288012755
144396,16.562
144397,13.26
144398,17.307
144399,8.285
144400,-0.967
144401,9.61340236622108
144402,17.09
144403,14.509
144404,17.736
144405,10.929
144406,3.19332050042276
144407,9.16769434191597
144408,17.248
144409,17.619
144410,18.579
144411,14.924
144412,12.9622897156581
144413,12.7777107216209
144414,19.745
144415,18.3296683986492
144416,19.55
144417,16.812
144418,14.1716265496609
144419,14.711
144420,19.674
144421,16.851
144422,19.2464201339813
144423,15.6299030301564
144424,14.856
144425,15.009
144426,18.784
144427,18.7987059512358
144428,20.006
144429,15.842
144430,16.773
144431,16.5201812764866
144432,20.452797006155
144433,24.91
144434,25.289
144435,21.76
144436,21.909
144437,21.936
144438,25.4109220200831
144439,68.9870569057717
144440,41.4477205404421
144441,30.1250387667065
144442,31.337
144443,33.62
144444,42.3504587959972
144445,27.2403497110001
144446,24.255
144447,21.278
144448,22.605
144449,23.918
144450,24.651
144451,22.069
144452,21.357
144453,19.006
144454,19.5682144485181
144455,19.0380587296637
144456,21.486
144457,19.64
144458,16.965
144459,16.487
144460,4.83232545168999
144461,18.971
144462,19.17
144463,17.294
144464,14.669
144465,16.029
144466,3.73872581759703
144467,10.024
144468,13.184
144469,16.168
144470,10.517
144471,15.7480345597856
144472,4.38712929691488
144473,1.4832744366091
144474,6.74880919416929
144475,13.378
144476,4.403
144477,14.863
144478,7.16
144479,1.281
144480,3.87050343283533
144481,13.486
144482,7.38729436484453
144483,11.903
144484,11.232
144485,5.9035643587076
144486,-0.179273701421886
144487,10.4893159989298
144488,-0.361756998393805
144489,9.879
144490,8.38595185198949
144491,1.54053689985041
144492,-0.736857967747632
144493,9.9559836791258
144494,0.018
144495,9.49588421168073
144496,9.85125541538894
144497,6.99704251408707
144498,-0.909
144499,10.7007025203069
144500,3.032
144501,10.0302960587044
144502,11.936
144503,8.299
144504,-0.514
144505,10.643
144506,7.758
144507,11.474
144508,12.938
144509,12.0277848002549
144510,-0.021
144511,14.0707949229287
144512,12.075
144513,14.782
144514,13.862
144515,14.735
144516,0.854006112795854
144517,17.0202697813294
144518,9.778
144519,17.424
144520,15.929
144521,17.426
144522,4.68416963428635
144523,16.6039770672638
144524,10.0550020539876
144525,16.71788912905
144526,14.639
144527,16.673
144528,8.89
144529,4.89594953761332
144530,0.252521533837898
144531,9.869
144532,9.23310298757342
144533,9.74300574582734
144534,-0.003
144535,6.18112588763132
144536,-2.31733552430324
144537,9.00157630376757
144538,5.055
144539,8.433
144540,-2.479
144541,9.524
144542,-0.847310161380738
144543,5.596
144544,3.26911994575413
144545,4.78913380380628
144546,-1.196
144547,10.916548619356
144548,4.776
144549,9.13699704749659
144550,4.75184860930853
144551,7.71531455758582
144552,3.00984291545789
144553,12.598
144554,7.37421596270091
144555,10.756
144556,10.178
144557,11.794
144558,6.848
144559,13.358
144560,8.135
144561,13.4303429635767
144562,13.484
144563,14.741
144564,8.118
144565,14.1996113318899
144566,9.20429366355337
144567,14.3187952488041
144568,14.423
144569,15.797
144570,9.74164504395899
144571,19.286
144572,14.8596142150851
144573,17.215
144574,17.2340505294405
144575,17.449
144576,13.261
144577,26.833
144578,24.962
144579,25.1294974328796
144580,25.1565008026791
144581,25.532
144582,23.0135627213904
144583,49.2092266645358
144584,43.1727472541977
144585,37.103
144586,36.677913571464
144587,38.447
144588,37.753
144589,31.01
144590,24.72
144591,23.026
144592,25.235
144593,26.709
144594,33.405
144595,25.9495816795726
144596,21.505
144597,20.3527950754217
144598,22.677
144599,21.5896179451554
144600,22.623
144601,23.289
144602,20.193
144603,18.859
144604,14.0496061344369
144605,21.2152470848972
144606,20.7727419886307
144607,21.295
144608,19.699
144609,17.4059202955447
144610,13.558
144611,16.227
144612,19.945
144613,21.163
144614,18.881
144615,16.1873088404901
144616,15.2970215284268
144617,13.876
144618,19.838
144619,21.0705948116181
144620,19.433
144621,16.074
144622,15.8817777824325
144623,14.027
144624,20.244
144625,20.943
144626,17.272
144627,17.265
144628,16.045
144629,15.5302014963412
144630,17.761
144631,22.127
144632,18.267
144633,17.734
144634,16.496
144635,16.711
144636,18.653
144637,22.27
144638,18.198
144639,16.594
144640,17.831
144641,17.483
144642,18.662
144643,23.614
144644,19.146
144645,17.49
144646,17.156
144647,17.734
144648,18.8615950801464
144649,26.4380417016692
144650,20.07
144651,18.736
144652,17.6091820964704
144653,18.676
144654,19.301
144655,38.0118375027837
144656,20.542
144657,19.377
144658,19.048
144659,18.943
144660,20.687
144661,47.5677436586774
144662,22.962
144663,21.534
144664,23.209
144665,21.8980338280658
144666,22.5744102485418
144667,28.789
144668,21.488
144669,20.702
144670,22.105
144671,20.656
144672,21.704
144673,18.278
144674,16.929
144675,15.344
144676,15.791
144677,14.976
144678,16.6866474525225
144679,15.604
144680,16.65944545046
144681,13.797
144682,15.689
144683,15.441
144684,16.3329698117069
144685,14.5464873771479
144686,17.8
144687,15.75
144688,16.8776608430954
144689,16.381
144690,17.37
144691,16.147
144692,19.079
144693,17.739
144694,18.285
144695,18.285
144696,18.877
144697,16.347
144698,19.026
144699,19.796
144700,20.360065923631
144701,20.444
144702,18.948
144703,19.328
144704,20.229
144705,21.439
144706,21.922
144707,22.259
144708,20.434
144709,19.906
144710,21.091
144711,21.841
144712,22.5265974659265
144713,22.7798979101938
144714,21.011
144715,23.583
144716,23.4368780081271
144717,23.7093504083011
144718,25.283
144719,24.736
144720,23.619
144721,41.9695266052613
144722,36.283
144723,32.134
144724,36.0624744454606
144725,36.2904505381996
144726,37.4448740811945
144727,120.964681843772
144728,55.2758384597799
144729,44.6859148149924
144730,43.9267298529801
144731,45.6104651674148
144732,59.8156170873521
144733,82.5436649287593
144734,38.825
144735,27.0271337386709
144736,28.905
144737,28.916441425806
144738,41.4361595474009
144739,85.1329168225244
144740,36.5926781103067
144741,26.61
144742,21.941
144743,25.6434678288151
144744,40.0538772476763
144745,80.161514758462
144746,34.94
144747,24.832
144748,20.78
144749,21.519
144750,36.5932392023858
144751,66.2422374066131
144752,29.082
144753,23.673
144754,19.793
144755,20.309
144756,29.406533720064
144757,52.089636755608
144758,22.31
144759,21.582
144760,17.776
144761,17.864
144762,25.7222644834111
144763,47.1821512155346
144764,19.914
144765,19.954525931597
144766,16.57
144767,15.989240009793
144768,21.085
144769,31.5052447787016
144770,21.131
144771,18.6642157192011
144772,14.173
144773,16.215
144774,21.334
144775,34.373472458979
144776,20.0119741124202
144777,17.931
144778,15.3159350049972
144779,15.927
144780,20.41
144781,30.899
144782,19.837
144783,19.158
144784,15.129
144785,16.7533163641053
144786,20.192
144787,25.938
144788,19.765
144789,19.044
144790,15.1816412047216
144791,16.0852247259626
144792,20.829
144793,28.099
144794,20.719
144795,19.347
144796,15.3345593104941
144797,16.618
144798,20.873
144799,34.6202745090004
144800,19.881
144801,19.379
144802,16.065
144803,17.947
144804,19.896
144805,28.5144533770048
144806,22.208
144807,21.628
144808,20.312
144809,20.123
144810,21.6565383052049
144811,25.194
144812,20.949
144813,21.145
144814,19.785
144815,19.48
144816,19.7969959710464
144817,15.6920616734549
144818,16.553
144819,17.833
144820,16.117
144821,16.754
144822,15.3555434034791
144823,9.906
144824,11.9966605976237
144825,15.677
144826,14.311
144827,15.631
144828,15.762
144829,4.57660333054345
144830,15.41
144831,15.52
144832,13.202
144833,15.9406124311346
144834,16.209
144835,0.561
144836,15.794
144837,16.423
144838,11.36
144839,15.761
144840,16.141
144841,3.39904836282368
144842,15.669
144843,16.129197856096
144844,11.0068293759771
144845,16.2748414322262
144846,16.3646978038363
144847,8.61029042982613
144848,17.5354112262241
144849,14.603
144850,11.848
144851,17.164
144852,17.678
144853,13.773
144854,17.1600596094923
144855,15.839
144856,10.219
144857,15.264
144858,16.688
144859,18.179
144860,13.989
144861,12.1904767838225
144862,9.86492270028331
144863,13.811
144864,13.8123843214167
144865,28.08
144866,18.5
144867,18.33
144868,15.577
144869,18.064
144870,18.894
144871,76.1568773854321
144872,32.8012537989677
144873,22.292
144874,23.261
144875,26.4933727719321
144876,35.364
144877,56.7782040417973
144878,26.2417739947211
144879,21.684
144880,15.4738608776781
144881,24.689
144882,28.406
144883,54.1199385356411
144884,25.8369543686969
144885,19.722
144886,13.035003668165
144887,16.0633322239142
144888,25.469
144889,53.4720395710134
144890,24.709
144891,19.626
144892,11.966666589946
144893,13.8569018330543
144894,22.475
144895,53.0034779691081
144896,22.013
144897,19.782
144898,8.598
144899,12.573
144900,18.776
144901,41.4968372895609
144902,20.667
144903,17.9155977158264
144904,8.35464243875784
144905,9.83477560518995
144906,18.065
144907,32.5671734056123
144908,17.017
144909,17.808
144910,9.65723081707737
144911,9.40745816889188
144912,18.496
144913,36.0380433326905
144914,14.1443358868419
144915,17.49
144916,13.0650672261846
144917,10.8555765537827
144918,18.138
144919,32.186
144920,17.129
144921,16.681
144922,12.333
144923,12.3279144718836
144924,16.0346057659252
144925,27.9924520785832
144926,14.3089634314817
144927,17.392
144928,12.2025691721064
144929,11.284
144930,14.083
144931,40.4411540836991
144932,15.709
144933,18.614
144934,14.7090676404394
144935,13.489
144936,13.562
144937,41.183
144938,17.6431637447193
144939,18.825
144940,15.316
144941,13.1277301091609
144942,15.0730324876064
144943,44.687
144944,18.065
144945,19.434
144946,16.486
144947,16.979
144948,17.53
144949,56.9082968020769
144950,20.78
144951,22.739
144952,20.821
144953,20.6917028762617
144954,21.1583133326471
144955,51.7895309233433
144956,20.4126519853079
144957,23.011
144958,19.996
144959,20.592
144960,21.444
144961,23.673
144962,18.68
144963,21.155
144964,18.109
144965,19.031272761797
144966,19.058
144967,22.4729529716747
144968,18.575
144969,19.429
144970,15.215
144971,17.419
144972,19.0659373802381
144973,21.807
144974,19.6918872074525
144975,17.9988937532208
144976,13.3879368840782
144977,17.709
144978,21.332
144979,23.3654988610604
144980,21.4693656968892
144981,18.002
144982,16.01
144983,18.848
144984,21.861
144985,24.769
144986,22.901
144987,20.613
144988,18.035
144989,19.89
144990,21.98
144991,25.608
144992,23.64
144993,21.912
144994,19.701
144995,20.641
144996,22.937
144997,28.2719936151478
144998,27.1539856561233
144999,24.017
145000,21.784
145001,22.309
145002,26.438
145003,30.457663707976
145004,28.3678062049891
145005,25.379
145006,23.1265563910626
145007,23.109
145008,29.0889572793191
145009,45.8545022664154
145010,42.7230793428356
145011,28.158833754156
145012,28.439
145013,27.926
145014,43.5133228615227
145015,119.808339951005
145016,60.6319926703632
145017,30.5477364412105
145018,33.3144136352432
145019,35.139
145020,59.1748625349979
145021,81.393
145022,35.4576439973837
145023,26.852
145024,22.0461585980575
145025,28.599
145026,30.6236027522228
145027,75.2877731184234
145028,29.272
145029,26.014
145030,20.8947793744483
145031,23.36
145032,28.313
145033,36.0926491729227
145034,27.217
145035,25.542
145036,20.444
145037,19.767
145038,27.1434689258525
145039,34.8238686591602
145040,24.699
145041,24.07
145042,19.713577432284
145043,18.326
145044,24.4711117656881
145045,28.695
145046,21.746
145047,21.456
145048,17.954
145049,16.289
145050,21.721
145051,24.5568119571057
145052,20.7039764226504
145053,20.344
145054,17.071
145055,14.567
145056,20.363
145057,22.59
145058,19.269
145059,21.1
145060,17.652
145061,18.3121108409911
145062,18.883
145063,22.809
145064,19.265
145065,19.961
145066,18.092
145067,18.2340673745607
145068,18.7721494975547
145069,24.7788604333948
145070,20.363
145071,20.242
145072,17.088
145073,17.619
145074,17.467
145075,25.889
145076,21.342
145077,21.356
145078,17.548
145079,18.566
145080,19.478
145081,26.45
145082,22.768
145083,21.265
145084,18.866
145085,19.571
145086,23.089
145087,26.2964157507843
145088,23.583
145089,21.993
145090,19.666
145091,20.367
145092,24.9705712063292
145093,28.945
145094,26.331
145095,25.1
145096,21.751
145097,22.117
145098,26.1693375256385
145099,35.1118192597584
145100,26.522225550336
145101,24.9282572297258
145102,22.146
145103,22.672
145104,27.086
145105,26.745
145106,23.28
145107,22.635
145108,18.905
145109,18.748
145110,23.186
145111,25.9869347215235
145112,23.174
145113,22.06
145114,13.523
145115,16.559
145116,22.761
145117,24.683
145118,22.671
145119,21.292
145120,6.14436916356803
145121,15.768
145122,22.714997796908
145123,24.114
145124,21.612
145125,19.989
145126,4.08065775256911
145127,13.134
145128,21.642
145129,25.712
145130,22.5515049984904
145131,21.8421476076738
145132,4.961
145133,13.8633798253048
145134,22.543
145135,26.207
145136,23.227
145137,21.539
145138,6.55397961917579
145139,17.673
145140,23.445
145141,28.085
145142,26.2172386088298
145143,22.999487978013
145144,10.475
145145,19.291
145146,26.3279131893966
145147,31.264
145148,28.5515094090366
145149,24.5027605526904
145150,11.139
145151,19.741
145152,28.708
145153,44.0145157003415
145154,36.656
145155,27.0858619833823
145156,16.947
145157,20.294
145158,36.7128605798413
145159,58.6944012412508
145160,43.4346409321441
145161,29.677
145162,21.5990577574791
145163,23.366
145164,41.452
145165,45.4507474634202
145166,25.3579882086913
145167,25.427
145168,21.321
145169,24.866
145170,30.8981587822203
145171,45.2445275854594
145172,24.384
145173,25.145
145174,18.381
145175,19.9456628884915
145176,33.7697703317722
145177,45.447
145178,31.005
145179,24.283
145180,16.065
145181,19.008
145182,31.438
145183,35.328
145184,28.70892250168
145185,23.6118339664591
145186,16.3053833723826
145187,18.355
145188,27.853556400763
145189,32.0194692732759
145190,25.51
145191,22.799
145192,13.7052630337489
145193,15.1312746536785
145194,25.209
145195,37.671523929282
145196,24.286
145197,21.7536064052728
145198,10.742
145199,15.325
145200,22.948
145201,23.318
145202,22.473
145203,21.913
145204,12.68
145205,15.542
145206,21.519
145207,25.4463640682152
145208,21.925
145209,21.413
145210,14.326
145211,15.688399075782
145212,22.131
145213,21.892
145214,22.811
145215,21.236
145216,13.897
145217,16.0701475129606
145218,19.8262871483411
145219,22.117
145220,22.668554842536
145221,20.589
145222,14.027
145223,17.379
145224,20.954
145225,22.328
145226,20.4108435422105
145227,21.5219454525967
145228,16.242
145229,17.342
145230,19.163
145231,24.447
145232,17.674
145233,22.358
145234,18.009
145235,18.776
145236,20.368
145237,24.523
145238,21.523
145239,24.265
145240,19.614
145241,20.217
145242,22.705
145243,26.3738203248774
145244,20.62
145245,23.9575542965489
145246,19.285
145247,20.5102474013038
145248,21.744
145249,26.9361187522265
145250,18.593
145251,22.295
145252,18.7632146857768
145253,20.117
145254,18.769
145255,25.5
145256,18.553
145257,21.0936475984409
145258,16.195
145259,16.856
145260,19.872
145261,22.469
145262,17.417
145263,18.4721112493065
145264,1.189
145265,11.594
145266,17.7146846627948
145267,19.123
145268,15.854
145269,15.495
145270,-1.335
145271,5.664
145272,14.8676338478822
145273,22.397
145274,15.9342073569246
145275,14.4193652952099
145276,-4.22699041323991
145277,6.6901627009308
145278,17.784
145279,22.099
145280,17.825
145281,18.484
145282,-0.67
145283,11.414
145284,17.505
145285,23.627
145286,17.5321282823506
145287,21.522
145288,4.03361440058313
145289,15.799
145290,15.038
145291,24.7622659615862
145292,17.8351530844452
145293,23.298
145294,12.0908067076214
145295,17.6577435164662
145296,19.211
145297,36.7250789081533
145298,21.62
145299,20.6763115391258
145300,16.8310351500316
145301,19.652
145302,20.879
145303,42.39
145304,24.14
145305,23.43
145306,21.99
145307,25.8900640438011
145308,23.72
145309,37.2501595146125
145310,27.8661937955541
145311,24.511
145312,20.833
145313,24.735
145314,29.6647627183529
145315,34.04
145316,25.9435092145468
145317,22.656
145318,17.623
145319,23.9637357535289
145320,24.528
145321,47.7578511056085
145322,24.432
145323,21.9711790856056
145324,17.921
145325,19.091
145326,24.9704216478201
145327,68.1292762639411
145328,23.236
145329,21.103
145330,18.756
145331,18.893
145332,21.864
145333,55.7082004818264
145334,21.866
145335,19.663
145336,18.421
145337,20.3
145338,21.04
145339,56.3226461725213
145340,19.623
145341,19.18
145342,17.328
145343,19.461
145344,20.756
145345,25.366
145346,18.1023533252538
145347,19.648
145348,19.784
145349,18.4146126501543
145350,18.172
145351,22.613
145352,15.374
145353,18.62
145354,17.369
145355,14.648
145356,16.1370268741122
145357,23.5334841744598
145358,13.896
145359,18.297
145360,14.312
145361,16.044
145362,14.626
145363,22.111
145364,16.118
145365,17.452
145366,10.5519064773781
145367,15.7665189447598
145368,15.411
145369,23.092
145370,14.872
145371,17.0136981565562
145372,15.055
145373,17.038
145374,14.015
145375,24.511
145376,17.046
145377,18.5220310598908
145378,17.0979607889598
145379,18.297
145380,15.1929881935306
145381,29.739
145382,19.61
145383,22.736752575783
145384,22.129
145385,21.41
145386,19.261163103748
145387,25.4976078460958
145388,19.252
145389,22.351
145390,22.655
145391,20.590650965979
145392,19.294
145393,16.182
145394,15.212
145395,18.607
145396,18.933
145397,18.162
145398,15.832
145399,9.68370860204492
145400,13.488
145401,17.224
145402,15.361
145403,17.2049712295899
145404,15.476
145405,9.329
145406,15.5519186302515
145407,18.4141711418938
145408,17.695
145409,18.188
145410,16.924
145411,6.51319524081376
145412,17.502
145413,19.4900932354172
145414,19.716
145415,20.278
145416,17.481
145417,9.354
145418,18.369
145419,20.502
145420,21.2572423537506
145421,21.412
145422,18.201
145423,12.242
145424,20.201
145425,22.243
145426,23.1188139248055
145427,23.153
145428,20.322
145429,16.314
145430,20.666
145431,22.31
145432,23.6435501793603
145433,23.517
145434,21.003
145435,21.185
145436,23.5402799451695
145437,24.564
145438,25.93
145439,25.8006730312793
145440,23.231
145441,34.581
145442,28.491
145443,32.973
145444,35.59
145445,34.445572626849
145446,29.306
145447,80.8725201146068
145448,29.585198817381
145449,47.1497352112482
145450,45.9966188521034
145451,47.0403024415198
145452,39.3781683081672
145453,68.2879200438711
145454,25.138
145455,33.733
145456,36.8912820904785
145457,37.0371724367391
145458,24.3470417198793
145459,61.8982450343781
145460,24.7406899809596
145461,33.423795650608
145462,36.1450718684113
145463,36.165
145464,24.298
145465,61.2611403592077
145466,24.9663664588556
145467,34.6410224045163
145468,26.2195339237939
145469,34.2647221449413
145470,24.43
145471,75.2719812645337
145472,23.5885041071472
145473,29.308
145474,24.301
145475,28.6240803186437
145476,23.492
145477,72.7262341123431
145478,23.016
145479,27.308
145480,24.14
145481,26.91
145482,22.761
145483,73.1797146636383
145484,22.376
145485,26.5401874523603
145486,24.149
145487,22.674
145488,22.307
145489,61.183185048781
145490,21.9162183686858
145491,25.7178512533388
145492,22.084
145493,21.406
145494,21.609345956351
145495,50.295
145496,21.1860683062088
145497,25.0631074621988
145498,21.7749320422724
145499,21.465
145500,21.163
145501,39.2451192660494
145502,20.7513947703249
145503,25.0151270948654
145504,22.1883673907418
145505,21.211
145506,20.772
145507,28.752
145508,20.644
145509,24.786
145510,22.074
145511,21.951
145512,20.174
145513,31.2579580571057
145514,20.721
145515,23.735
145516,21.926
145517,22.3046139642596
145518,20.5366899087674
145519,33.7893320004739
145520,21.062
145521,22.793
145522,22.801
145523,23.26
145524,20.653
145525,37.5553321085487
145526,21.9068936578857
145527,21.687
145528,24.005
145529,24.476
145530,21.8838332546037
145531,31.0168682879184
145532,21.8748132349856
145533,22.076
145534,24.269
145535,24.348
145536,22.112
145537,19.835
145538,19.31
145539,17.054
145540,20.801
145541,21.214
145542,19.179
145543,19.349
145544,18.239
145545,13.012
145546,19.301
145547,19.8295781718691
145548,18.306
145549,19.2
145550,18.428
145551,13.841
145552,19.8383304221816
145553,20.284
145554,18.587
145555,19.078
145556,19.1795713441733
145557,14.807
145558,20.1802345142844
145559,20.5536494927359
145560,18.975
145561,19.581
145562,19.551
145563,13.1286143276059
145564,20.751
145565,21.2843686650621
145566,19.259
145567,20.256
145568,19.873
145569,15.8755513303077
145570,21.361
145571,21.767
145572,19.549
145573,19.645
145574,19.3518598066026
145575,17.1825475201551
145576,21.966
145577,21.575
145578,19.977
145579,20.156
145580,19.845
145581,18.899
145582,22.83
145583,22.5138684996121
145584,21.31
145585,27.892283560115
145586,27.4554206942495
145587,23.682
145588,30.781
145589,29.711
145590,27.2461224722
145591,56.9938665960001
145592,43.4268297724765
145593,34.1886655256372
145594,40.2346401034143
145595,39.938
145596,42.4675908336794
145597,45.3530252303915
145598,33.786
145599,27.11
145600,26.9754327470254
145601,21.839
145602,35.3690863353757
145603,38.6025247795726
145604,33.367
145605,25.28
145606,14.317
145607,18.7476833473954
145608,32.7953691384403
145609,36.7036425670088
145610,30.0790549431927
145611,23.639
145612,15.15
145613,19.1148608668867
145614,29.024
145615,32.6815281819546
145616,28.1197881557787
145617,22.149
145618,17.5610263424781
145619,20.191
145620,27.2724757737092
145621,30.696468124883
145622,25.4765793409667
145623,21.6100249171101
145624,21.3941245585422
145625,20.5267674902416
145626,24.748
145627,30.05
145628,24.99
145629,21.0612793571764
145630,17.796
145631,19.921
145632,24.655
145633,29.246
145634,25.692256464212
145635,20.9484668792276
145636,22.7136597075583
145637,21.68
145638,25.7353769232209
145639,28.834
145640,24.873039798988
145641,20.621
145642,21.736
145643,22.517
145644,25.387
145645,30.624
145646,24.8505716981503
145647,20.899
145648,22.351
145649,21.34
145650,25.018
145651,31.235
145652,25.491
145653,20.057
145654,22.0197424593255
145655,21.025
145656,25.382
145657,31.2742991737385
145658,25.536
145659,20.249
145660,21.602
145661,22.288
145662,25.281
145663,30.632
145664,25.3455197558202
145665,20.275
145666,21.785
145667,22.316
145668,25.4213237357822
145669,27.483
145670,24.2937059062557
145671,20.348
145672,22.883
145673,21.814
145674,24.392
145675,26.393
145676,23.872
145677,20.982
145678,21.536
145679,21.884
145680,23.639
145681,18.364
145682,19.296
145683,17.483
145684,18.691858617056
145685,19.312
145686,18.142
145687,16.091
145688,16.8307652745865
145689,14.2724482665612
145690,15.846
145691,17.111
145692,14.98
145693,13.732
145694,14.94
145695,15.01
145696,14.7206216208953
145697,16.851
145698,14.731
145699,13.6227861050605
145700,15.46
145701,14.509
145702,15.43947012071
145703,16.618
145704,15.0798370130815
145705,14.6990632160266
145706,15.211
145707,17.245
145708,15.5803999885572
145709,16.77
145710,14.759
145711,15.263
145712,17.4049650842896
145713,16.802
145714,14.397
145715,16.553
145716,16.701
145717,17.479
145718,17.337
145719,17.923
145720,15.343
145721,17.438
145722,17.063
145723,19.80920580018
145724,17.035
145725,20.545
145726,17.907
145727,18.444
145728,18.333
145729,23.8782970182508
145730,22.888
145731,25.982
145732,23.55
145733,21.478
145734,22.784
145735,27.713
145736,34.291
145737,32.138
145738,28.0525466709378
145739,24.361
145740,33.388
145741,24.833
145742,30.4795783839689
145743,24.907
145744,23.8661284188793
145745,18.309
145746,30.2123780695411
145747,23.0533867696418
145748,29.586
145749,24.719
145750,18.752
145751,18.437
145752,29.4549099294387
145753,22.986
145754,29.1616745342454
145755,23.8244125697258
145756,13.413
145757,19.915
145758,30.017
145759,28.087
145760,26.675
145761,23.022
145762,12.75
145763,19.957
145764,26.3232067313524
145765,29.8962285315136
145766,23.018
145767,22.446
145768,12.155
145769,15.631
145770,23.081
145771,37.2781396159647
145772,24.097
145773,22.621
145774,13.0153470773885
145775,15.0183758242897
145776,24.206
145777,23.01
145778,21.903
145779,18.9243097642305
145780,4.10176855651908
145781,10.974
145782,22.2481106384467
145783,33.097
145784,21.331
145785,17.632
145786,2.279
145787,9.69449671423371
145788,22.182515077196
145789,37.7718136552451
145790,22.397
145791,18.351
145792,0.557
145793,7.575
145794,21.8739352093239
145795,41.4742664124494
145796,22.218
145797,18.276533135021
145798,0.089
145799,7.05762438139016
145800,22.234
145801,36.4260814505936
145802,21.932
145803,19.327
145804,1.07695342620332
145805,9.354
145806,22.337
145807,25.672
145808,23.1764025516818
145809,19.608
145810,7.07
145811,11.4135282743488
145812,23.166
145813,27.129
145814,24.648
145815,20.3041437414585
145816,15.549
145817,16.5012767055719
145818,24.631
145819,26.277
145820,25.505
145821,21.225
145822,17.2419512076934
145823,18.129
145824,25.301
145825,17.94
145826,20.941
145827,17.277
145828,11.7371546802581
145829,11.242
145830,21.376
145831,17.735
145832,19.266
145833,14.2756234989612
145834,-0.676
145835,5.09217720998309
145836,19.296
145837,16.141
145838,18.04
145839,10.089
145840,-2.69882190710954
145841,3.9322986643929
145842,17.433
145843,15.181
145844,16.517
145845,11.174
145846,-2.90492908811971
145847,11.486
145848,16.022
145849,12.2192906922168
145850,14.952
145851,12.098
145852,6.391
145853,17.825
145854,14.779
145855,8.986
145856,14.8077942699994
145857,13.785
145858,16.151
145859,21.2123349273178
145860,13.7943986095961
145861,6.956
145862,14.092
145863,17.063
145864,21.3361117674812
145865,22.994
145866,17.665
145867,11.352
145868,14.3245844738934
145869,20.212
145870,24.092
145871,25.006
145872,19.03
145873,22.388
145874,20.207
145875,26.3320422451033
145876,30.9416347110576
145877,31.866
145878,22.35
145879,69.5799369128398
145880,29.959
145881,43.491316948256
145882,46.9789944465917
145883,48.6264502919913
145884,29.1775700764771
145885,71.8895605142452
145886,28.0633266481112
145887,34.8343974304686
145888,34.7680138603366
145889,35.129
145890,27.156
145891,76.9611527031348
145892,25
145893,34.8733731639498
145894,33.441045282367
145895,29.7307595891609
145896,27.341
145897,79.8394211299131
145898,24.831
145899,33.808
145900,29.915
145901,27.39
145902,26.002
145903,76.306
145904,26.547
145905,30.6172009956629
145906,24.528
145907,25.3260044174276
145908,26.143
145909,72.399397281954
145910,26.901
145911,26.951
145912,23.158
145913,24.077
145914,28.2740160977575
145915,70.4826003810354
145916,24.3381355182904
145917,24.019
145918,22.65
145919,23.717
145920,26.648
145921,32.999
145922,21.704
145923,23.68
145924,22.61
145925,23.2726944970712
145926,22.405
145927,33.4557644994754
145928,22.152
145929,23.612
145930,22.822
145931,23.205
145932,23.2248252200444
145933,32.806
145934,22.327
145935,23.434
145936,22.8561567985225
145937,23.252
145938,23.921645569019
145939,32.9158772694115
145940,22.656
145941,23.836
145942,23.41
145943,23.788
145944,23.603
145945,36.57
145946,24.1364555959443
145947,24.836
145948,23.776
145949,23.899
145950,24.565
145951,41.857
145952,26.5553500335669
145953,25.59
145954,25.7304009403578
145955,25.812
145956,26.663
145957,61.9045451989166
145958,27.432
145959,27.218
145960,27.035
145961,27.159
145962,27.5480555519108
145963,68.665
145964,27.8695517195877
145965,27.5907734530448
145966,27.077
145967,27.709
145968,27.905
145969,25.301
145970,21.504
145971,21.59
145972,21.5575763084135
145973,21.748
145974,21.413
145975,20.0799884916316
145976,18.2869513259907
145977,18.79
145978,19.159
145979,19.383
145980,18.206
145981,18.668
145982,17.6999153779726
145983,17.766
145984,18.8254326339768
145985,18.812
145986,17.561
145987,17.841
145988,17.226
145989,17.300715542682
145990,18.996
145991,19.317
145992,17.297
145993,17.5837522274194
145994,15.31
145995,16.922
145996,19.7154115475906
145997,19.9371613955998
145998,14.032
145999,16.832
146000,8.822
146001,16.891
146002,20.881
146003,20.9749397648223
146004,12.184
146005,15.458064860155
146006,3.12929951073938
146007,16.88
146008,20.509
146009,20.739
146010,6.812
146011,17.054
146012,2.55712313980133
146013,18.195
146014,20.995
146015,20.814
146016,5.59294822731537
146017,25.51
146018,15.3238726494047
146019,26.2071163406594
146020,27.525
146021,27.4188049622253
146022,15.485
146023,72.3995243027061
146024,25.496
146025,44.7003501728973
146026,38.222
146027,38.07
146028,24.94
146029,53.3052100075517
146030,21.803
146031,25.799
146032,26.884
146033,27.181
146034,22.463
146035,26.081
146036,20.566
146037,21.369
146038,21.611
146039,23.291971054861
146040,19.053
146041,23.1350415376635
146042,19.842
146043,18.295
146044,14.185
146045,16.3053622439581
146046,16.6303041858829
146047,20.653
146048,17.971
146049,16.72
146050,13.8969075512962
146051,12.6250821857869
146052,13.6
146053,20.03
146054,16.9141249639825
146055,15.7229084112219
146056,17.887
146057,15.625
146058,12.8507812208463
146059,17.734
146060,13.1549153520596
146061,14.1640146695483
146062,17.998
146063,10.5467420987317
146064,10.5756108995546
146065,16.636
146066,10.5207230015528
146067,14.0425338061703
146068,18.723
146069,17.732
146070,8.067
146071,18.1643907463115
146072,12.4548717317863
146073,12.559
146074,19.134
146075,17.95
146076,9.287
146077,16.5893263742876
146078,13.4063771421177
146079,12.117
146080,17.2969491338501
146081,18.881
146082,11.6769440916029
146083,16.68
146084,16.295
146085,10.309
146086,16.8384711576949
146087,18.535
146088,13.558
146089,18.947898542149
146090,18.477
146091,11.707
146092,18.527
146093,18.207
146094,18.03
146095,21.688
146096,20.378
146097,12.9755569488686
146098,18.5749092273528
146099,19.281
146100,19.225
146101,25.51
146102,23.411
146103,16.28
146104,18.702
146105,19.366
146106,22.817
146107,28.401
146108,24.254
146109,16.6905433303064
146110,10.1019718880835
146111,13.378
146112,23.352
146113,17.27
146114,17.859
146115,8.509
146116,0.008
146117,5.28099480503993
146118,17.573
146119,11.433
146120,14.688
146121,0.436028934709593
146122,-3.70997318125325
146123,-0.215
146124,14.732
146125,12.796
146126,14.572
146127,-1.107
146128,-7.17481177814862
146129,-1.303
146130,14.459891748954
146131,13.904
146132,14.0805394428065
146133,-0.0807377899098647
146134,-6.54277217268929
146135,-0.438930464410827
146136,14.092
146137,13.159
146138,13.0364788789422
146139,3.28449672866144
146140,-4.14741734919578
146141,9.95
146142,13.814973315379
146143,13.965
146144,12.892
146145,3.747
146146,7.429
146147,13.888
146148,13.054
146149,13.093
146150,12.3626810477412
146151,3.925
146152,3.88093779752823
146153,15.032
146154,12.695
146155,14.6162566188649
146156,13.199
146157,10.587
146158,9.6494825935333
146159,15.495
146160,13.5032948610062
146161,25.5
146162,23.73
146163,21.728
146164,23.431
146165,23.685
146166,23.851
146167,88.7171813716385
146168,48.5779353715343
146169,37.6810876233008
146170,39.6085415923044
146171,43.1521340088533
146172,47.1370910324177
146173,75.7057644242323
146174,27.2859302413412
146175,27.5669432621093
146176,29.587
146177,33.7074286837051
146178,33.758
146179,67.8296989881736
146180,27.709
146181,24.6582624380952
146182,27.924
146183,31.817
146184,32.4829900634518
146185,37.7048937419658
146186,24.445
146187,23.374
146188,26.6936831850374
146189,28.393
146190,26.394
146191,30.285
146192,20.366
146193,22.099
146194,24.8046921254032
146195,25.1898924566259
146196,21.004
146197,22.958
146198,17.039
146199,20.49
146200,22.7819120100997
146201,23.011
146202,18.307
146203,21.015
146204,16.8535936508262
146205,20.543
146206,22.2
146207,22.517
146208,16.8906439973878
146209,22.542
146210,17.633
146211,19.945
146212,22.392
146213,22.2105264376123
146214,17.467
146215,22.888
146216,18.09
146217,19.322
146218,21.53
146219,22.279
146220,17.971
146221,22.8889261223825
146222,19.745
146223,20.064
146224,19.461
146225,22.429
146226,18.707
146227,23.977
146228,22.437
146229,20.759
146230,19.9218010763105
146231,21.7342289437547
146232,21.417
146233,24.952
146234,24.6377364063978
146235,21.785
146236,22.89
146237,22.878065032349
146238,23.379
146239,24.937
146240,25.034
146241,21.424
146242,22.312
146243,22.185
146244,23.717
146245,26.336
146246,26.428
146247,22.36
146248,25.188
146249,23.9505585230718
146250,25.087
146251,26.987
146252,27.465
146253,23.518
146254,26.1807912823493
146255,26.659
146256,25.725777951788
146257,17.738
146258,19.943227566847
146259,18.384
146260,20.954
146261,20.993
146262,19.79
146263,13.177
146264,17.0333935721631
146265,17.2801034500013
146266,18.508
146267,19.062
146268,16.882
146269,15.432
146270,16.879865298186
146271,17.72
146272,18.873
146273,18.9805320172685
146274,16.621
146275,14.3564944039615
146276,13.925
146277,16.183
146278,17.585
146279,17.916
146280,14.3296264875275
146281,13.6863223318617
146282,13.9220104899984
146283,15.838
146284,16.867
146285,17.278
146286,14.753
146287,12.868
146288,12.6938078369119
146289,15.17
146290,15.794
146291,16.286
146292,12.75
146293,12.7989135327922
146294,11.597
146295,15.211
146296,14.9073986981868
146297,15.559
146298,11.843
146299,14.946
146300,11.4066336870564
146301,14.418
146302,14.4366941379614
146303,15.015
146304,11.5988549321026
146305,23.495
146306,22.135
146307,22.185
146308,21.956
146309,22.268
146310,21.7174972479254
146311,64.6797691650896
146312,39.9059867981929
146313,38.819
146314,34.7872571343784
146315,36.1642509896344
146316,40.225
146317,35.343
146318,28.536
146319,29.7071789091338
146320,29.2287879153513
146321,27.5033199869625
146322,30.301
146323,24.942
146324,24.583
146325,24.2900668432599
146326,24.721
146327,24.664
146328,24.921
146329,20.549
146330,20.074
146331,21.24
146332,20.171
146333,22.502
146334,20.061
146335,19.5344446563534
146336,19.106
146337,21.5175931891431
146338,19.28169120756
146339,20.996
146340,18.562
146341,18.57
146342,18.227
146343,20.719
146344,18.148
146345,19.487
146346,17.187
146347,18.385
146348,17.609
146349,20.034
146350,18.215
146351,19.368
146352,17.7
146353,17.0325868747707
146354,16.421
146355,18.4103985210741
146356,15.732
146357,16.46
146358,14.66
146359,16.488
146360,16.6615712907768
146361,18.743
146362,15.139
146363,15.825
146364,13.5826599015669
146365,15.442
146366,15.9
146367,17.885
146368,14.92
146369,13.6665142664608
146370,11.318
146371,15.219
146372,15.725
146373,18.4810395419886
146374,13.441
146375,13.937
146376,13.088
146377,15.368
146378,15.354
146379,17.76
146380,12.833
146381,14.931
146382,13.845
146383,15.0934772791186
146384,14.1118231238302
146385,14.77
146386,13.9071338458191
146387,14.723
146388,12.723
146389,17.1315180961013
146390,17.101
146391,16.6553433219143
146392,15.649411032802
146393,16.885
146394,17.6883037383949
146395,14.543
146396,15.623
146397,16.953
146398,14.301
146399,17.008
146400,17.241
146401,3.52427181074463
146402,13.8753525043794
146403,13.8781975768374
146404,11.474
146405,13.653
146406,14.616
146407,-0.254196841305484
146408,8.218
146409,8.4515703285453
146410,5.7708537984616
146411,8.43845228891414
146412,5.36879505124149
146413,-3.096
146414,-0.079585542920342
146415,4.977
146416,3.093
146417,-0.150461295231915
146418,-2.114
146419,-4.20549185268013
146420,-3.79692401616008
146421,1.42778689273014
146422,3.71288422009814
146423,-1.063
146424,-3.164
146425,-4.376
146426,-3.25811678190365
146427,1.39944513151901
146428,0.469
146429,-1.559
146430,-1.91906797750348
146431,-3.76292140382874
146432,-0.939533158903081
146433,-1.901
146434,-1.096
146435,-1.71403420899007
146436,-3.28001226081089
146437,-3.86112418541748
146438,-3.01611603045062
146439,0.97054910656438
146440,-1.318
146441,-1.62215146317708
146442,-6.18950792837161
146443,-2.33115362074436
146444,-6.048
146445,0.413
146446,0
146447,-0.652
146448,-7.245
146449,1.257
146450,-3.061
146451,4.98973379457598
146452,0.629595055798465
146453,5.35725992382679
146454,-3.01468799667452
146455,15.111
146456,1.5468590216263
146457,18.046
146458,8.31687204885065
146459,10.404
146460,0.041
146461,14.711
146462,0.133667387307101
146463,15.745
146464,8.79128214491883
146465,7.671
146466,0.002
146467,12.876
146468,-1.20378239798553
146469,14.413
146470,5.97856740992636
146471,1.537
146472,-1.3169144033013
146473,12.1600320236528
146474,-1.64198062924368
146475,11.2370751318595
146476,5.89447585076779
146477,-0.790991148225274
146478,-1.68728258797858
146479,11.1505878443859
146480,-2.533
146481,6.85191875568779
146482,1.58915145795889
146483,-2.2478866794463
146484,-2.32407632497098
146485,9.09065657406528
146486,-2.94856106221368
146487,8.84721664201829
146488,-1.183
146489,3.77615133058507
146490,-2.707
146491,5.756
146492,-4.52485635465772
146493,8.689
146494,-2.30042213273518
146495,-0.134285099009268
146496,-4.20678679564194
146497,5.42117980636036
146498,-5.42443500819556
146499,3.032
146500,-5.049
146501,-2.003
146502,-5.06688056161058
146503,5.05526116454498
146504,-6.09223268672218
146505,10.9094917884213
146506,-8.26503954728411
146507,-1.25
146508,-5.6797899639875
146509,4.74246229142632
146510,-6.01023298484764
146511,10.6968676583015
146512,-4.127
146513,0
146514,-5.86374256787657
146515,4.58980897886241
146516,-4.7111361109122
146517,11.0601965283456
146518,-1.67945740326512
146519,-0.981931059824337
146520,-5.39666273632572
146521,5.826
146522,-2.941
146523,12.276
146524,-1.61532979346701
146525,-0.092
146526,-3.41884096651292
146527,7.586
146528,-2.227
146529,13.7734762060457
146530,-2.50383321094662
146531,-0.449
146532,-2.833
146533,11.173
146534,-0.362
146535,14.7619181007755
146536,-1.78501716952358
146537,-2.00715411223079
146538,-1.283
146539,15.349
146540,0.487
146541,17.1808888828854
146542,-2.34945779951927
146543,3.15654026045827
146544,1.51
146545,13.596
146546,0.11
146547,16.103
146548,-1.86885024816932
146549,0.0252906699762716
146550,3.645
146551,7.087
146552,-0.854575769905501
146553,14.456
146554,-12.6641071646225
146555,-1.45313022834106
146556,-1.606
146557,3.404
146558,3.36325225004752
146559,9.632
146560,-9.45155127749367
146561,-0.196949622955171
146562,-0.081
146563,8.57937784804415
146564,8.669
146565,9.288
146566,-6.24794432053412
146567,2.59634078647375
146568,7.022
146569,11.481
146570,7.93777702456088
146571,8.25232741437868
146572,-5.93868900606353
146573,6.81834348952207
146574,8.4272169621015
146575,11.543
146576,-0.19
146577,6.43802243793961
146578,-2.882
146579,12.1240726258943
146580,5.43997974083468
146581,13.991
146582,-1.51
146583,11.024
146584,-0.242
146585,13.588511142084
146586,-1.37247581812064
146587,14.8186822287714
146588,-1.868
146589,15.272
146590,2.65614300060869
146591,15.702
146592,-1.85342330724182
146593,21.3675063899976
146594,0.97
146595,17.913
146596,11.785
146597,19.6629966783315
146598,1.013
146599,44.837479719736
146600,8.74131624671882
146601,22.413
146602,19.082
146603,24.453
146604,8.89410421949164
146605,35.69
146606,4.31309961536167
146607,20.043
146608,16.3086201032466
146609,19.5090495349699
146610,4.43168246963936
146611,34.7003681198185
146612,1.46521732029889
146613,16.727
146614,13.389
146615,18.429
146616,1.60713925807828
146617,32.23
146618,0.785
146619,16.808
146620,10.99
146621,15.4282487573516
146622,0.913779357459593
146623,15.808
146624,0.488
146625,13.378
146626,13.438
146627,13.4094920767029
146628,0.497
146629,14.128
146630,0.259899437593755
146631,13.566
146632,14.051
146633,15.108
146634,0.302
146635,13.833
146636,0.514396996771389
146637,13.3258504441181
146638,14.727
146639,14.738
146640,0.436
146641,14.4183304638818
146642,3.223
146643,17.502
146644,13.413
146645,15.1733310961541
146646,6.53350750862684
146647,13.919
146648,8.112
146649,19.681
146650,14.7095071953302
146651,16.113
146652,3.25007784773976
146653,15.78
146654,8.116
146655,11.33
146656,16.467
146657,17.269
146658,6.571
146659,16.339
146660,14.2162116563454
146661,8.87763942591096
146662,18.375
146663,18.371
146664,11.085
146665,18.171
146666,16.202
146667,8.348
146668,18.44
146669,19.498710452162
146670,12.836
146671,18.465
146672,17.606
146673,9.826
146674,18.885
146675,19.92
146676,15.257
146677,21.582
146678,21.252
146679,13.214
146680,21.481
146681,20.982
146682,20.978
146683,23.409
146684,22.481
146685,12.9438191752621
146686,21.33
146687,20.266
146688,21.074
146689,21.295
146690,20.577
146691,9.71350647228052
146692,-0.154
146693,4.813
146694,18.027
146695,19.863
146696,18.215
146697,9.1778530077581
146698,-2.65198665333626
146699,4.947
146700,17.428
146701,20.467
146702,19.1414181145896
146703,9.318
146704,-2.49488546738101
146705,12.3909789703412
146706,18.733
146707,20.709
146708,19.161
146709,10.101
146710,8.722
146711,16.421
146712,19.462
146713,21.472
146714,19.806
146715,9.69703526630029
146716,11.7167003591718
146717,17.159
146718,19.914
146719,22.363
146720,20.815
146721,12.4831456547454
146722,3.821
146723,17.002
146724,20.75
146725,22.807
146726,22.036
146727,12.708
146728,10.4418414798062
146729,17.287
146730,21.935
146731,25.4078064987038
146732,23.876
146733,15.5096615993502
146734,15.81
146735,18.5606746668135
146736,23.639
146737,48.082
146738,33.9997898544393
146739,20.656
146740,18.501
146741,24.713
146742,33.18
146743,78.749
146744,41.5448065919671
146745,22.56
146746,19.98
146747,26.13
146748,40.6696301219168
146749,69.9017140155902
146750,37.407
146751,22.4317980731559
146752,23.4778012449261
146753,27.4005530574314
146754,36.2783839491212
146755,63.5077310210423
146756,37.1850521920313
146757,21.9343349562277
146758,24.683
146759,29.142
146760,36.284
146761,61.244
146762,34.6384074489419
146763,21.731
146764,26.6017170129076
146765,29.0835412873133
146766,34.7
146767,61.4247133330735
146768,33.3687374712779
146769,22.677
146770,25.77
146771,26.635
146772,33.4617677073557
146773,68.33364442548
146774,31.7
146775,22.7753684533295
146776,23.777
146777,26.327
146778,30.372
