"id","target"
133627,101.501178911522
133629,31.84
133630,37.0926677868318
133631,30.8859775981985
133633,29.566
133634,37.4639624758936
133635,36.211
133637,34.6447867631507
133638,37.0978712977176
133639,31.23
133641,29.5860953197557
133642,35.9388350634245
133643,97.2664674257894
133645,35.789
133646,38.4999391336611
133647,34.173
133649,33.635
133650,34.9816478874362
133651,94.3728977332904
133653,35.9802665877382
133654,37.1756117597145
133655,35.164
133657,35.0470003290662
133658,36.5003055198224
133659,97.2963427407549
133661,36.4708949570658
133662,37.4796848790479
133663,35.9323993404278
133665,36.8366354138208
133666,37.2211993773677
133667,93.2950714043202
133669,37.3555283567755
133670,37.9995075765736
133671,36.0262115115686
133673,36.6325091040752
133674,37.358
133675,98.2984365921762
133677,37.1193327282002
133678,37.3446187049539
133679,36.1593768316834
133681,37.5221426859938
133682,37.7732620585671
133683,84.925299914186
133685,36.447
133686,36.5287801377012
133687,35.1015140798187
133689,36.3434011116252
133690,37.4782007647681
133691,38.4087842992668
133693,29.1248855269104
133694,29.152746396651
133695,28.298
133697,29.5922289380742
133698,30.088
133699,30.913
133701,27.2530886019145
133702,26.919
133703,26.3260488637736
133705,28.07
133706,27.39
133707,27.795
133709,25.23
133710,26.072
133711,24.907
133713,26.667
133714,25.177
133715,28.108
133717,25.6245115205535
133718,27.2283416145064
133719,23.19
133721,28.89
133722,25.7033329941379
133723,31.181809442091
133725,28.1611525628158
133726,31.093
133727,31.176
133729,32.203
133730,28.265
133731,33.1944115618672
133733,31.7620266476913
133734,33.730058759013
133735,36.635
133737,35.0731884701396
133738,31.2744891946183
133739,34.1029205031158
133741,35.645
133742,37.2525945431765
133743,38.9958274557526
133745,39.207
133746,33.487
133747,36.135472205706
133749,41.113
133750,40.1339495402268
133751,40.143
133753,45.8391419233754
133754,37.275
133755,37.5453004103508
133757,47.8583529931419
133758,39.63
133759,45.013
133761,49.5988607063594
133762,42.812714465468
133763,61.304
133765,50.1116765475848
133766,51.1724199647725
133767,53.044
133769,45.092037066709
133770,45.3606653420483
133771,71.592
133773,62.3402814371305
133774,71.7774485138182
133775,74.1348845564586
133777,62.0137909336938
133778,63.1428918295915
133779,248.02774927418
133781,177.516178056617
133782,155.869191466955
133783,183.25703831436
133785,117.196182183343
133786,100.323
133787,394.778120609035
133789,108.575040557775
133790,158.757690145469
133791,54.4034499317429
133793,99.4444669272198
133794,92.7809496697697
133795,99.9672627706454
133797,40.0673080371433
133798,70.7172848165472
133799,37.836
133801,61.5520383336709
133802,41.159
133803,64.8526899848424
133805,35.199
133806,50.2973740249958
133807,40.6644386345559
133809,48.985
133810,35.8523892688214
133811,55.7974590560648
133813,31.469
133814,39.293
133815,38.393
133817,39.57
133818,32.664
133819,61.2370947283688
133820,34.7548265559441
133821,38.58
133822,34.996
133823,37.5922969958372
133824,32.8041524932386
133825,54.7176009142476
133826,34.0280208620402
133827,36.433
133828,34.748
133829,33.613
133830,30.9933194370981
133831,50.452354740751
133832,30.303
133833,34.415
133834,32.569
133835,32.2496305455291
133836,30.033
133837,49.6539417532332
133838,30.95
133839,32.707
133840,31.6047311460279
133841,31.867
133842,30.557
133843,69.4144625931474
133844,33.4928770136885
133845,32.595
133846,32.414
133847,32.3307314302881
133848,31.9182191210815
133849,71.7137079786691
133850,36.862
133851,34.6297945771409
133852,33.9508962060907
133853,34.9273513354766
133854,36.16
133855,80.8541083501709
133856,39.556
133857,38.0458123157026
133858,37.341
133859,38.537
133860,39.6390529879291
133861,75.4461217565769
133862,38.738
133863,37.9632504772485
133864,37.443
133865,39.3341058780696
133866,38.433
133867,34.026
133868,27.316
133869,26.9952476493106
133870,26.478
133871,28.0364986167329
133872,27.148
133873,25.316
133874,22.0245321799823
133875,22.145
133876,22.1254869038541
133877,22.847
133878,22.111
133879,25.068
133880,22.005
133881,22.044
133882,23.175
133883,24.317
133884,22.039
133885,24.765
133886,22.921
133887,22.573
133888,24.887898750328
133889,25.371
133890,23.081
133891,26.625
133892,26.791
133893,24.217
133894,27.372
133895,28.106
133896,26.224
133897,32.624
133898,30.5340243984269
133899,26.844
133900,29.847
133901,31.8267532252711
133902,30.9958139121309
133903,38.1624463530832
133904,33.0261082506429
133905,29.2218766932736
133906,30.912
133907,33.18
133908,33.2084674587928
133909,47.8676029272988
133910,37.4536041220643
133911,33.8229671858233
133912,35.5683686033191
133913,38.433
133914,36.0375389077411
133915,49.2574070163727
133916,40.132
133917,36.8142890786067
133918,39.438992814925
133919,46.2479192495492
133920,40.1266701030909
133921,64.8596437904069
133922,41.0913083670858
133923,34.1266345524342
133924,45.079
133925,50.8567306749005
133926,45.6436312904407
133927,128.889846517111
133928,51.3322127068967
133929,50.7068500064548
133930,61.9572471686334
133931,69.146282457814
133932,64.4421083957115
133933,1041.84428171662
133934,162.34191038514
133935,65.3193545249744
133936,182.624946686984
133937,236.279816369266
133938,174.061049787811
133939,1046.2659927055
133940,116.597473487604
133941,108.783396282149
133942,150.489324379539
133943,162.76604598712
133944,134.770249448967
133945,154.993393025817
133946,57.0757201569531
133947,49.194
133948,63.4646532426874
133949,67.268
133950,49.2135357102825
133951,62.3198599971332
133952,43.5853774989676
133953,40.6709237204167
133954,49.9567407194723
133955,54.0571697562042
133956,41.6302275337431
133957,51.2398741980208
133958,33.924
133959,32.567
133960,35.331
133961,41.183
133962,32.3756641179477
133963,49.9597774865439
133964,31.176
133965,34.693
133966,28.022
133967,36.4477286140475
133968,35.127
133969,44.865
133970,31.0755968455505
133971,33.1115958365353
133972,29.4348871819038
133973,29.512
133974,31.049
133975,47.9733265366633
133976,33.65275557319
133977,31.4460082605683
133978,33.887
133979,33.6575185712505
133980,31.5368427619218
133981,48.168
133982,33.4170543790145
133983,31.2279617647065
133984,32.3160087618983
133985,31.267
133986,32.4259643177039
133987,52.3381024398521
133988,35.219
133989,32.5576931888795
133990,32.0266385163672
133991,32.14
133992,34.372
133993,56.9815909218798
133994,38.217
133995,35.294
133996,35.321
133997,36.1833322716724
133998,39.5849515337645
133999,71.1779919949537
134000,41.343
134001,36.838
134002,37.8928582908266
134003,38.2314352870275
134004,41.2405609314231
134005,67.1283673793345
134006,41.436
134007,38.393
134008,38.788
134009,39.3119074835026
134010,41.0620390661223
134011,30.301
134012,26.42
134013,25.961
134014,25.8914348151442
134015,26.702
134016,26.3520570342107
134017,23.133
134018,22.1010905222038
134019,21.7681298452269
134020,22.474
134021,23.1787195295768
134022,22.012
134023,23.63
134024,22.684
134025,22.847
134026,23.575
134027,25.212
134028,22.685
134029,26.027323538077
134030,24.8681809795135
134031,25.7878738171137
134032,26.748323614106
134033,28.162
134034,24.668
134035,32.3306654737784
134036,27.9038200893712
134037,29.3496448952583
134038,31.935
134039,33.719
134040,27.639
134041,37.831
134042,32.864
134043,34.7285194745578
134044,35.5076790380701
134045,38.2641754488063
134046,32.8572389914997
134047,38.7136099653314
134048,36.2749136648714
134049,37.2512404895846
134050,36.826
134051,39.489
134052,36.3515503745777
134053,45.7048958258247
134054,42.531625397965
134055,44.534
134056,38.8448797843026
134057,46.9976604817092
134058,42.474
134059,48.9232883323529
134060,48.591
134061,50.2222934369071
134062,46.9216225332954
134063,34.85
134064,48.5441736211304
134065,63.4307936585135
134066,49.26220146328
134067,51.639904678672
134068,54.5964906204157
134069,48.6573385013806
134070,51.8014035003943
134071,91.5053864185661
134072,74.6403749176042
134073,73.7709031466003
134074,69.358
134075,52.5353063531313
134076,68.9667100858101
134077,3686.37053382295
134078,2470.13022584501
134079,2286.87311246177
134080,1809.13191301674
134081,1390.37317712123
134082,2486.98362380439
134083,1456.0372928847
134084,372.316662975153
134085,504.249227682665
134086,422.121084406605
134087,385.325330984553
134088,521.542683783459
134089,64.5590843606062
134090,35.8674392055477
134091,45.9549801663123
134092,51.8316979931487
134093,65.736
134094,45.4101279450631
134095,45.8623118847982
134096,25.604
134097,32.4615690214154
134098,28.721
134099,31.424
134100,27.192
134101,36.9500746884647
134102,22.87
134103,29.998773338996
134104,24.9966616670798
134105,25.298
134106,23.8352792060126
134107,35.039
134108,19.654
134109,24.395
134110,23.172
134111,23.583
134112,20.171
134113,30.8287518047068
134114,19.388
134115,24.4107780655485
134116,22.785
134117,21.087
134118,18.822
134119,27.1
134120,17.9941301551804
134121,23.737
134122,22.046
134123,21.38
134124,18.755
134125,28.8887570646651
134126,18.798
134127,24.246
134128,22.6573231906975
134129,22.298
134130,18.975
134131,29.9191276756911
134132,18.399
134133,24.636
134134,23.3457459753544
134135,23.174
134136,20.532
134137,32.727
134138,20.8763893335268
134139,25.5732327369786
134140,24.318
134141,24.6028042924623
134142,20.052
134143,32.09
134144,20.833782550036
134145,25.4
134146,25.1311725786676
134147,26.068
134148,22.528
134149,31.4468350899098
134150,23.275
134151,26.182
134152,25.85
134153,26.26
134154,23.723
134155,22.587
134156,19.615
134157,21.079
134158,21.068
134159,22.226
134160,19.002
134161,20.453
134162,17.7494090444745
134163,19.27
134164,19.475838337923
134165,21.0218379433874
134166,17.9372599621621
134167,21.253
134168,18.725
134169,20.878
134170,22.805
134171,22.197
134172,16.142
134173,23.588
134174,22.082
134175,23.2104633821788
134176,24.376698510299
134177,26.904
134178,17.74
134179,27.818
134180,26.3774272820157
134181,26.3360616749063
134182,28.555
134183,30.881
134184,23.6729985612836
134185,38.217
134186,35.4595004877501
134187,35.7312396573604
134188,35.769
134189,38.4431328707718
134190,31.7155029771327
134191,42.9182799840468
134192,46.7338714716056
134193,41.6597780080532
134194,40.7565313383417
134195,43.5141354337618
134196,39.337
134197,51.756833409092
134198,52.0157602261717
134199,46.9897210855109
134200,43.5156063069118
134201,48.5854207108118
134202,46.2771491019882
134203,39.6554704484033
134204,54.5183030390325
134205,49.9933319912153
134206,51.3116384685745
134207,52.928
134208,49.289
134209,40.6079091109378
134210,54.339177552144
134211,50.5103961080778
134212,52.0897538569832
134213,51.421
134214,59.1917547812999
134215,92.6718818406845
134216,59.0060739367691
134217,67.6223880887178
134218,65.3447831523761
134219,70.5444736171523
134220,71.9778004010695
134221,114.846168096549
134222,123.769797637909
134223,89.5236941607682
134224,115.261376491302
134225,167.249781364229
134226,162.837766756867
134227,94.57248650081
134228,48.8774826859428
134229,32.759
134230,68.4995921729901
134231,68.3618323544255
134232,62.686
134233,43.5389249012985
134234,30.188
134235,29.135
134236,20.602
134237,45.238
134238,28.396
134239,32.135
134240,21.9156759873376
134241,24.702
134242,20.442
134243,20.8783736712873
134244,23.676
134245,26.868
134246,18.619
134247,22.801
134248,17.723
134249,20.3457842271394
134250,18.764
134251,28.825
134252,18.594
134253,22.747
134254,17.402
134255,19.606
134256,18.861
134257,27.2491027623138
134258,17.47
134259,21.7853206706545
134260,17.287701890536
134261,18.9495518196032
134262,17.609
134263,25.5081144819267
134264,16.838
134265,21.53
134266,19.116
134267,19.292
134268,16.8635832914423
134269,25.61
134270,17.429
134271,21.786
134272,20.9420960661653
134273,20.8142005910844
134274,17.4373299202254
134275,25.705
134276,17.704
134277,21.641
134278,21.794
134279,21.135
134280,17.656
134281,26.757719235162
134282,17.738
134283,22.499
134284,21.721
134285,21.353
134286,17.459
134287,29.6386128207746
134288,19.392
134289,24.0620810913645
134290,22.8725844620889
134291,22.425
134292,19.283
134293,31.1329315932734
134294,20.055
134295,24.825
134296,23.594
134297,23.419
134298,20.275
134299,27.581
134300,18.782
134301,23.557
134302,22.128
134303,22.632
134304,19.007
134305,25.8861722342451
134306,18.184
134307,22.826
134308,22.888
134309,23.732
134310,18.692
134311,22.528
134312,17.876
134313,22.863
134314,24.178
134315,25.168
134316,17.857
134317,20.181
134318,19.752
134319,24.827
134320,27.709
134321,28.6447258391552
134322,18.955
134323,40.3550969239624
134324,23.2695247458033
134325,28.576
134326,30.26
134327,32.0691153620568
134328,22.858
134329,44.7580061271484
134330,25.013
134331,33.0076709522288
134332,32.809
134333,35.234735144433
134334,26.196
134335,49.5296024554525
134336,28.35
134337,39.0352581691778
134338,38.1984694474671
134339,42.848
134340,28.7078419263914
134341,51.116538843858
134342,24.495
134343,44.6667423145415
134344,44.8612261347991
134345,49.5612402491496
134346,28.7802155008337
134347,63.979
134348,22.994
134349,55.38
134350,53.4991947310789
134351,62.3528415993119
134352,24.378
134353,80.4
134354,27.0980284152659
134355,49.845
134356,64.6941319281625
134357,57.0561956071694
134358,27.014
134359,389.319710191312
134360,29.1162165908757
134361,45.4368557498801
134362,169.873153971402
134363,120.468665822165
134364,29.6284703611715
134365,535.041114863812
134366,39.6143241773622
134367,45.6907487080947
134368,229.172363986331
134369,250.507005507864
134370,33.7935766442047
134371,93.7879895358059
134372,65.9270634678183
134373,32.8372153063492
134374,27.988
134375,87.5126834637799
134376,62.9348095753593
134377,117.364790604043
134378,35.0963726088479
134379,30.925770110329
134380,20.551
134381,30.128
134382,27.999
134383,51.6429158041365
134384,27.789
134385,31.719
134386,20.544
134387,26.391
134388,23.825
134389,58.1971050328783
134390,27.903
134391,31.0050774624212
134392,21.1698613476386
134393,25.1587399699371
134394,31.2008528415844
134395,37.977
134396,29.343
134397,31.187
134398,27.618
134399,29.797
134400,29.573
134401,36.5240876498302
134402,28.376
134403,29.9647104730409
134404,26.8145758485743
134405,28.787
134406,28.5846104741017
134407,36.4559873690231
134408,28.668
134409,30.2211970629144
134410,27.1792852708931
134411,29.0314432719584
134412,28.8172538428726
134413,35.5057365206346
134414,28.0590580993117
134415,29.6
134416,26.715
134417,28.438
134418,28.2009528815479
134419,35.8588162448435
134420,28.291
134421,29.8572652647345
134422,26.9925371586091
134423,28.671
134424,28.422
134425,36.6535091129274
134426,28.8154948447037
134427,30.377
134428,27.4835398072918
134429,29.2052769982511
134430,28.9713447671468
134431,37.4809574815606
134432,29.4647011624604
134433,31.0926759018623
134434,28.0510791643754
134435,29.8936051075705
134436,29.61
134437,37.803
134438,30.4277318565968
134439,32.0972351481462
134440,28.927
134441,30.8134143199998
134442,30.548
134443,32.121
134444,28.5146147950317
134445,29.7828228728925
134446,27.173
134447,28.812
134448,28.62
134449,29.739
134450,27.8946936456401
134451,28.9995201411057
134452,26.678
134453,28.297
134454,28.003
134455,29.721
134456,28.06
134457,29.164
134458,26.7941427788271
134459,28.4308324353715
134460,28.166985610613
134461,28.5169437243924
134462,27.0679127731165
134463,28.0604796806215
134464,26.162
134465,27.757
134466,27.159
134467,30.21
134468,29.1355722891373
134469,30.252
134470,28.0662638105924
134471,30.028
134472,29.2591108519213
134473,32.0393250351843
134474,31.2761604695719
134475,32.6419325479186
134476,30.0887927530415
134477,32.4295153498123
134478,31.4265525844792
134479,33.7304543023884
134480,32.819
134481,34.415
134482,31.5522044055839
134483,34.0936770402647
134484,32.996
134485,37.103
134486,36.129
134487,37.849
134488,34.294
134489,37.5253160929021
134490,36.3107522435369
134491,41.346157374128
134492,39.62
134493,41.5523336861538
134494,37.446
134495,41.2169588408014
134496,39.813
134497,53.6613264538497
134498,49.5130808267138
134499,52.6655075883827
134500,45.4732735308472
134501,50.807
134502,49.8496492510606
134503,64.3323770801124
134504,57.5321059737998
134505,60.2735861966678
134506,52.156658210431
134507,58.8687709801479
134508,57.9937268828598
134509,81.9242530617691
134510,70.7613837626332
134511,74.2891962179423
134512,64.0269905079778
134513,71.9791953910687
134514,71.1286470021085
134515,80.6219467804112
134516,69.1847282134704
134517,72.8958169648499
134518,62.465
134519,70.4684985825214
134520,69.5721415538687
134521,60.3024708054987
134522,48.8212151375108
134523,52.1172785901323
134524,44.7958724954017
134525,49.9731353620897
134526,49.2549819147404
134527,50.4030007732461
134528,40.6845978377524
134529,43.75
134530,38.095
134531,41.504
134532,41.0050024688393
134533,44.8167538156372
134534,36.1986657738952
134535,38.7646986570778
134536,34.1417765798578
134537,36.8317390000386
134538,36.4418914641149
134539,69.541
134540,37.418
134541,37.101
134542,30.1511623559055
134543,29.574
134544,37.6788549966302
134545,76.4646013740914
134546,34.5492165087803
134547,33.3705632025701
134548,26.88
134549,28.8165447279037
134550,34.471
134551,75.2103546926965
134552,32.7694190079042
134553,32.163
134554,29.099
134555,30.554
134556,32.4614328058155
134557,81.5389303259624
134558,30.703
134559,30.8560759608859
134560,27.95
134561,30.457122991193
134562,29.948
134563,81.437
134564,30.4150620944291
134565,28.6566713753985
134566,29.328
134567,30.3362797402271
134568,30.901
134569,79.7070597594663
134570,32.823
134571,28.6435463032316
134572,28.8232633619385
134573,30.077
134574,32.3132347498405
134575,78.2620013512829
134576,32.579
134577,29.819
134578,28.575
134579,29.9509097757621
134580,32.608
134581,70.18676312729
134582,33.022
134583,30.032
134584,29.09
134585,30.001
134586,32.791
134587,24.4566471701364
134588,23.116
134589,23.897
134590,22.502
134591,23.409
134592,23.19
134593,22.051
134594,21.086
134595,21.735
134596,20.455
134597,21.627
134598,21.19
134599,21.651
134600,20.763
134601,21.408
134602,20.1
134603,21.303
134604,20.8667913524854
134605,22.0038771547588
134606,21.137
134607,21.78
134608,20.496
134609,21.667
134610,21.242
134611,23.925
134612,22.9612525594995
134613,23.622
134614,22.4115050381576
134615,23.4844864349449
134616,23.0491762428016
134617,24.392
134618,23.48
134619,24.237
134620,22.9276563084424
134621,24.077
134622,23.571
134623,25.7674053363459
134624,25.052
134625,25.9594445635887
134626,24.324
134627,25.7766123458503
134628,25.155
134629,28.7796367253193
134630,28.0060831193287
134631,29.1245736740867
134632,26.755
134633,28.941
134634,28.1181386476985
134635,32.442
134636,31.503
134637,32.9193671341891
134638,29.905
134639,32.6998152928639
134640,31.672
134641,38.422595375763
134642,35.95
134643,37.836
134644,33.7758537019707
134645,37.3764801270931
134646,36.1737295144222
134647,50.2679554709363
134648,45.789928276595
134649,48.672496782644
134650,42.4398925761787
134651,47.0451271713998
134652,46.142285362734
134653,75.5926302044403
134654,64.6164784474434
134655,68.622562957381
134656,59.1197921194389
134657,65.7944923706128
134658,65.041
134659,71.3390096626397
134660,60.22
134661,64.5629651914583
134662,54.398
134663,61.3415950151673
134664,60.6078786689705
134665,48.6338530826766
134666,39.5621104662112
134667,42.5388265481382
134668,36.7016217434795
134669,40.2533737915911
134670,39.796
134671,41.335
134672,32.6554811680134
134673,35.103
134674,30.539
134675,33.314
134676,32.921
134677,36.1916336998341
134678,29.172
134679,30.9390523328817
134680,27.648
134681,29.628
134682,29.355
134683,31.981
134684,25.7524174900402
134685,27.242
134686,24.689
134687,26.151
134688,25.931
134689,30.303
134690,24.478
134691,25.74
134692,23.581
134693,24.838
134694,24.627
134695,30.721
134696,24.531
134697,25.791
134698,23.7140827239755
134699,24.882
134700,24.6717481966279
134701,30.5885755203314
134702,24.529
134703,25.749
134704,23.572
134705,24.856
134706,24.6448241321593
134707,30.824
134708,24.6443128693903
134709,25.895
134710,23.588
134711,24.984
134712,24.772
134713,31.4973792346315
134714,25.1082144370903
134715,26.3959029675272
134716,24.1993612483303
134717,25.4824272645169
134718,25.249
134719,33.993431151045
134720,26.668
134721,28.1473251931657
134722,25.532
134723,27.06
134724,26.792
134725,33.536
134726,27.075
134727,28.5287967566205
134728,25.851
134729,27.4165206918185
134730,27.156
134731,22.318
134732,21.236
134733,21.922
134734,20.434
134735,21.605
134736,21.332
134737,19.322
134738,18.284
134739,18.9528132768385
134740,17.468015583024
134741,18.876
134742,18.4
134743,19.008
134744,17.9290003535192
134745,18.6143696178184
134746,17.05
134747,18.5573996571602
134748,18.04
134749,19.418
134750,18.425
134751,19.093
134752,17.589
134753,19.036
134754,18.547
134755,20.7502326883759
134756,19.72
134757,20.3751310923185
134758,18.971
134759,20.322
134760,19.824
134761,21.784
134762,20.9970921642086
134763,21.66
134764,20.2638652422411
134765,21.625
134766,21.109
134767,22.3053405504466
134768,21.523
134769,22.228
134770,20.845
134771,22.165
134772,21.628
134773,23.352
134774,22.622
134775,23.338
134776,21.907
134777,23.287
134778,22.729
134779,26.807
134780,25.963
134781,26.9543517027423
134782,24.984
134783,26.877
134784,26.085
134785,30.7325655312973
134786,28.3824217322458
134787,29.719
134788,27.122
134789,29.591
134790,28.558
134791,41.5520133432914
134792,37.6893521550178
134793,39.832
134794,34.544
134795,38.7924131344982
134796,37.9359359924115
134797,68.0245596168821
134798,58.301
134799,62.5831082885432
134800,51.5283527237799
134801,59.6115840158405
134802,58.6983697790297
134803,59.2736546711677
134804,48.1224138590196
134805,52.1565298818045
134806,42.8586417576589
134807,49.0949228105105
134808,48.4969560356582
134809,39.0604176510345
134810,31.587693829618
134811,33.9467966025546
134812,28.9871144925157
134813,32.1947203470505
134814,31.8608156591633
134815,30.6415873853373
134816,25.2511321730465
134817,26.746
134818,24.082
134819,25.646
134820,25.435
134821,27.661
134822,22.66
134823,23.809
134824,21.694
134825,22.999
134826,22.8287484670626
134827,22.12
134828,16.486
134829,22.059
134830,21.304
134831,22.657
134832,18.062
134833,21.474
134834,19.3294787486825
134835,21.664
134836,21.3350033228808
134837,21.46
134838,18.83
134839,24.482
134840,20.321
134841,21.31
134842,18.57
134843,20.644
134844,20.489
134845,24.499
134846,20.364
134847,21.345757448782
134848,18.538
134849,20.678
134850,20.526
134851,25.4823892370472
134852,21.014
134853,22
134854,19.25
134855,21.32
134856,21.169
134857,27.439
134858,22.288
134859,23.341
134860,20.717
134861,22.6185688398286
134862,22.435
134863,29.4368042777401
134864,23.436
134865,24.645
134866,22.4174108146317
134867,23.8139383278168
134868,23.599
134869,29.781876408545
134870,24.25
134871,25.4790973648976
134872,23.1459469162789
134873,24.5719489400867
134874,24.3862127586147
134875,19.297
134876,18.142
134877,18.822
134878,17.251
134879,18.767
134880,18.252
134881,16.0107825840628
134882,14.617
134883,15.609
134884,13.285
134885,15.5766820090855
134886,14.803
134887,15.755
134888,14.3816550574379
134889,15.3808816985567
134890,12.9693283964891
134891,15.3378079683304
134892,14.572
134893,16.0315282497216
134894,14.674
134895,15.653
134896,13.339
134897,15.613
134898,14.8657676161684
134899,17.713
134900,16.5095702039988
134901,17.31
134902,15.356
134903,17.26
134904,16.641
134905,19.954
134906,19.018
134907,19.675
134908,18.183
134909,19.678
134910,19.123
134911,20.8521225888476
134912,19.876
134913,20.57
134914,19.141
134915,20.559
134916,19.9828330419787
134917,21.463
134918,20.574
134919,21.262
134920,19.718
134921,21.249
134922,20.6811433721345
134923,22.3450434150411
134924,21.5603405839065
134925,22.2525351483099
134926,20.621
134927,22.2620747643284
134928,21.691
134929,25.372
134930,23.453
134931,24.433
134932,22.3573980605108
134933,24.307
134934,23.6084322908038
134935,32.709204298202
134936,29.462
134937,30.9545897586092
134938,27.352
134939,30.684
134940,29.672
134941,54.2867524632478
134942,45.2900006645198
134943,48.7406814121311
134944,40.1401077831367
134945,46.265
134946,45.623
134947,52.9313230180421
134948,43.7885233329906
134949,47.2660429508153
134950,38.836
134951,44.631
134952,44.0984107880432
134953,35.9951761467145
134954,29.1101161715319
134955,31.0718630245811
134956,26.8559092550139
134957,29.6440625113331
134958,29.3208833438792
134959,29.761
134960,24.4181039495679
134961,25.79
134962,23.315
134963,24.789
134964,24.58
134965,27.54
134966,22.61
134967,23.766
134968,21.5867992709088
134969,22.95
134970,22.78
134971,22.0932510442813
134972,18.296
134973,22.6284171429127
134974,21.753
134975,22.376
134976,17.9647244517992
134977,20.743
134978,17.817893447691
134979,21.94
134980,20.967
134981,21.7378162674407
134982,16.5001236498868
134983,20.268029769737
134984,16.782
134985,21.398907991975
134986,21.1263832448496
134987,21.5129784984999
134988,16.2947659322265
134989,20.0026222028211
134990,15.537
134991,21.618
134992,21.13
134993,21.491
134994,13.856
134995,20.827
134996,18.344
134997,22.222
134998,21.799
134999,22.375
135000,18.931
135001,22.138
135002,19.981
135003,23.45
135004,22.9889079435536
135005,23.154
135006,19.773
135007,23.381
135008,20.7069194567312
135009,24.672
135010,24.151184411888
135011,24.325
135012,21.1160340285259
135013,24.096
135014,23.673
135015,25.5367300074209
135016,24.6752511346176
135017,24.884
135018,22.5780626226364
135019,14.9253021429159
135020,18.198
135021,19.593
135022,19.4259130464087
135023,19.775
135024,18.077
135025,6.62623772807342
135026,15.651
135027,17.623
135028,17.799
135029,18.3300378654188
135030,16.023
135031,2.76916703794225
135032,17.276
135033,18.77
135034,19.531
135035,19.101
135036,16.869
135037,1.948
135038,19.5215379693578
135039,21.785
135040,21.131
135041,21.416
135042,18.892
135043,6.756
135044,22.497
135045,23.551
135046,23.39
135047,24.196
135048,22.025
135049,10.1735257282472
135050,24.456
135051,26.116
135052,25.316
135053,26.69
135054,24.683
135055,10.862
135056,24.796
135057,28.0367001085548
135058,25.838
135059,26.246
135060,25.183
135061,9.88240221423248
135062,23.054
135063,26.314
135064,23.659
135065,25.545
135066,22.4862025149529
135067,10.4442678581924
135068,19.513
135069,27.1576278868718
135070,19.8126573266247
135071,25.338
135072,21.346524937815
135073,10.145
135074,20.486
135075,28.4345326776464
135076,10.9957103434276
135077,21.093
135078,21.038
135079,20.912
135080,26.253659467323
135081,43.2698783354566
135082,18.954
135083,24.673
135084,26.869
135085,37.643
135086,49.5892347801092
135087,76.2951768755199
135088,20.5038996264208
135089,31.8147648676637
135090,39.6299889956925
135091,47.073014232106
135092,36.066
135093,38.3679990310965
135094,29.8659581107199
135095,33.557
135096,36.566901502876
135097,35.2133341273113
135098,24.067
135099,27.651
135100,29.6732965123708
135101,28.628
135102,26.0157947786417
135103,30.6087954473864
135104,21.127
135105,24.089
135106,25.836
135107,24.571
135108,22.092
135109,25.63
135110,19.249
135111,22.8271757550477
135112,24.064
135113,23.950377581715
135114,20.63
135115,22.117
135116,16.289
135117,22.3768166353821
135118,22.571
135119,22.961
135120,15.979
135121,21.2344147104421
135122,16.096073091269
135123,21.74
135124,21.738
135125,22.075931711436
135126,15.486
135127,21.1942098697891
135128,13.894
135129,21.649
135130,21.384
135131,21.136
135132,13.957
135133,21.275
135134,15.068
135135,21.695
135136,21.112
135137,21.332
135138,15.215
135139,22.21
135140,17.579
135141,22.0438879060033
135142,21.3953030082991
135143,21.403
135144,18.161
135145,23.4172219659293
135146,20.025
135147,22.793
135148,22.228
135149,22.478
135150,19.768
135151,28.883
135152,25.835
135153,25.913
135154,25.296
135155,25.6773064336395
135156,23.872
135157,30.78
135158,25.7585052342489
135159,27.029
135160,26.917
135161,27.1955895018285
135162,26.131
135163,19.856
135164,20.081
135165,21.37
135166,21.292
135167,21.611
135168,20.047
135169,17.036
135170,18.035
135171,19.511
135172,19.645
135173,19.831
135174,18.139
135175,15.483
135176,18.5778460467465
135177,20.349
135178,20.856
135179,20.3524035519179
135180,18.669
135181,13.1863247206893
135182,19.741
135183,23.445
135184,22.974
135185,23.4134894958919
135186,19.923
135187,14.892
135188,21.626
135189,25.5540801043572
135190,24.587
135191,25.9085212736895
135192,21.895
135193,17.577
135194,24.145
135195,27.382
135196,27.104
135197,27.6673403922878
135198,24.6255003043146
135199,17.218
135200,24.2531228839219
135201,27.54
135202,26.089
135203,28.093
135204,24.2425116337521
135205,15.794
135206,23.1084031924656
135207,28.0878733708418
135208,26.4747790847718
135209,28.821
135210,24.2107926625862
135211,12.7119133409877
135212,25.889
135213,24.5138287466416
135214,0.267
135215,29.633
135216,25.301
135217,17.0079229158945
135218,25.8006644849374
135219,26.5500238948863
135220,26.265
135221,26.162
135222,28.355
135223,25.6323237128874
135224,40.0547562049667
135225,31.4424043500527
135226,26.749
135227,37.692
135228,32.482
135229,58.1579737909847
135230,64.288356869521
135231,43.5752043663336
135232,46.4164214017866
135233,58.4803885233462
135234,62.0778536455315
135235,49.6516997291849
135236,32.249
135237,37.8180602019499
135238,28.83017644205
135239,34.834890929463
135240,34.0682834554005
135241,42.512
135242,24.633
135243,31.340147215556
135244,25.366
135245,27.187328920397
135246,27.773
135247,35.015
135248,22.708
135249,28.364
135250,24.291
135251,25.521
135252,23.469
135253,30.602
135254,20.008
135255,24.429
135256,22.333
135257,22.9057676190162
135258,21.193
135259,28.734
135260,23.4918655221502
135261,24.061
135262,22.798
135263,23.2634444797382
135264,23.6346274268232
135265,27.238
135266,22.357
135267,23.121
135268,22.511
135269,22.1409162537138
135270,22.514
135271,26.955
135272,22.221
135273,22.7540601357412
135274,22.351
135275,22.436
135276,22.368
135277,26.807
135278,22.123
135279,22.91
135280,22.589197417778
135281,22.331
135282,22.2765795899658
135283,27.212
135284,22.317
135285,23.1939748505031
135286,22.7788311393128
135287,22.753
135288,22.468
135289,28.4377663006532
135290,22.963
135291,23.772
135292,23.365
135293,23.4834435029896
135294,23.121
135295,29.9912912989332
135296,24.221
135297,25.1874106625916
135298,24.403
135299,24.855
135300,24.389
135301,29.8696350929734
135302,24.7811623981661
135303,25.33
135304,24.531
135305,24.9090029025933
135306,24.906
135307,21.0572766624687
135308,19.769
135309,20.698
135310,20.31
135311,20.75
135312,19.885
135313,18.351
135314,17.3078925051016
135315,18.675
135316,18.7785400488344
135317,19.06
135318,17.421
135319,19.156
135320,18.147
135321,20.63
135322,20.698
135323,20.14
135324,18.259
135325,19.531
135326,18.602
135327,21.697
135328,21.2854434917615
135329,21.5758920573409
135330,18.736
135331,20.711
135332,19.769
135333,22.184
135334,22.55
135335,23.8253828096083
135336,19.906
135337,21.7
135338,20.969
135339,22.7123227259046
135340,23.492
135341,25.135
135342,21.11
135343,22.6960905433841
135344,22.02
135345,23.7986076798444
135346,24.658
135347,26.131
135348,22.1333082834282
135349,23.644
135350,23.089
135351,16.1226809651202
135352,25.486
135353,27.942
135354,23.203
135355,24.584
135356,23.961
135357,22.243
135358,26.409
135359,28.97
135360,24.106
135361,26.49
135362,24.915
135363,22.5804028014731
135364,24.326
135365,27.561
135366,25.079
135367,36.16
135368,32.8319003828053
135369,23.948
135370,20.6850262535952
135371,24.264
135372,33.111
135373,59.2189723318966
135374,49.1384363107697
135375,29.356
135376,27.1877591981481
135377,35.647
135378,49.4351022445746
135379,57.7780784696873
135380,47.2988420814841
135381,32.552
135382,32.8530724596687
135383,32.454
135384,47.6639254479479
135385,39.8640305052334
135386,33.171
135387,29.9614242266697
135388,27.170155796273
135389,26.7130748007981
135390,33.4591369476691
135391,32.6116473308151
135392,26.7409891280462
135393,26.134
135394,25.255
135395,24.636
135396,26.929
135397,29.894343751689
135398,24.3386528551007
135399,23.884
135400,24.105
135401,24.197
135402,24.495
135403,25.9
135404,19.884
135405,23.1627780246821
135406,20.551
135407,21.676464079424
135408,20.25
135409,23.8302820915906
135410,19.607
135411,22.513
135412,21.219
135413,20.66
135414,20.171
135415,23.913
135416,18.443
135417,22.02
135418,21.956
135419,22.3540553537532
135420,18.3812724606659
135421,25.544
135422,19.4892715228427
135423,22.3730423582885
135424,22.227
135425,22.463
135426,20.191
135427,24.536
135428,18.606
135429,22.109
135430,22.165
135431,22.18
135432,20.258
135433,23.375
135434,20.745
135435,22.716
135436,23.003
135437,23.225
135438,21.381
135439,24.7037531251502
135440,21.937
135441,23.7090322911995
135442,23.7511198217773
135443,24.196
135444,21.903
135445,25.7217257447993
135446,23.007
135447,24.395
135448,24.103
135449,24.567
135450,23.198
135451,19.353
135452,19.44
135453,20.0243253801036
135454,19.597
135455,21.071
135456,19.332
135457,15.844
135458,17.633
135459,18.297
135460,18.844
135461,18.127
135462,17.301
135463,12.184
135464,16.971
135465,19.262
135466,19.4534215028513
135467,19.677
135468,17.02654677048
135469,7.889
135470,18.428
135471,20.768
135472,21.412
135473,21.568
135474,18.6748567007856
135475,12.9717342847067
135476,17.509
135477,21.661
135478,21.684
135479,22.532
135480,18.004
135481,13.959
135482,18.162
135483,21.86
135484,23.3497129960177
135485,23.9641701995066
135486,17.675
135487,14.957
135488,18.4840215019038
135489,23.889
135490,7.73266534800585
135491,26.031
135492,18.421726916155
135493,17.136
135494,18.037
135495,22.279
135496,25.2975448256527
135497,26.849
135498,18.359
135499,17.726
135500,18.895
135501,24.092
135502,23.296
135503,29.537
135504,18.524
135505,19.425325136302
135506,18.623
135507,23.475
135508,26.2621475729548
135509,32.1552003155402
135510,19.147
135511,24.3843433731493
135512,24.1540989957738
135513,25.228
135514,32.987
135515,21.872
135516,24.683
135517,42.626
135518,38.879
135519,35.6356906954087
135520,48.2410627491307
135521,60.4574825283083
135522,36.02
135523,37.5915924255577
135524,29.6690278852161
135525,31.3961304327364
135526,35.4086121053734
135527,30.783
135528,27.95
135529,35.2151296994062
135530,26.9947584820379
135531,28.2556415406414
135532,31.0026491160339
135533,29.4468694712185
135534,27.359
135535,27.3425233809698
135536,21.971
135537,24.828
135538,25.084
135539,23.685
135540,22.421
135541,24.932
135542,21.342
135543,23.506272079737
135544,23.973
135545,22.829
135546,21.128
135547,24.081
135548,19.312
135549,22.875
135550,22.809
135551,22.88
135552,19.409
135553,23.248
135554,19.693
135555,22.579
135556,21.913
135557,22.455
135558,20.108
135559,23.052
135560,19.923
135561,23.51
135562,22.521
135563,21.584
135564,21.1737221851261
135565,22.829796016783
135566,22.391
135567,23.39
135568,22.439
135569,22.357
135570,22.218
135571,23.296
135572,24.681
135573,23.436
135574,22.478
135575,22.564
135576,24.078
135577,29.8725621624185
135578,24.112
135579,23.346
135580,22.626
135581,22.767
135582,24.38
135583,54.4404911349382
135584,24.157
135585,23.979
135586,23.296
135587,22.941
135588,24.694
135589,41.852
135590,23.86
135591,25.013
135592,24.088864496944
135593,24.273513570765
135594,22.709
135595,21.608
135596,21.46
135597,21.732
135598,20.658
135599,20.7448056814827
135600,20.664
135601,16.887
135602,19.407
135603,18.9985777613827
135604,18.444
135605,19.3923460132064
135606,19.355
135607,5.76162554063898
135608,19.745
135609,20.271
135610,18.963
135611,19.309
135612,19.581
135613,1.77967379780909
135614,21.6623030497035
135615,22.058
135616,20.913
135617,20.554
135618,20.9358242983169
135619,6.91880709414981
135620,22.869
135621,23.714
135622,21.818
135623,21.576
135624,22.554
135625,14.92
135626,23.942
135627,24.6559609275556
135628,22.3403046163592
135629,24.221
135630,24.654519142739
135631,22.861
135632,27.822
135633,25.943
135634,24.8848354406401
135635,26.7406000734777
135636,26.948
135637,30.509
135638,37.494221325988
135639,35.447
135640,31.7859989331001
135641,33.14
135642,29.1139488548691
135643,41.05
135644,40.6494543166403
135645,38.9098058907182
135646,37.8475314264753
135647,43.6940580068885
135648,26.019
135649,48.326757768729
135650,48.658388228506
135651,39.2359612325831
135652,40.744
135653,48.3033969594454
135654,23.052
135655,52.934
135656,36.119386574334
135657,47.2832012673713
135658,57.0116887335277
135659,48.8145372292685
135660,46.2439171029103
135661,58.4933890879942
135662,77.5166649277603
135663,59.0898390353346
135664,22.2150900929926
135665,41.1491811269477
135666,91.0818362821189
135667,37.3471888320676
135668,63.0456625725449
135669,40.6952528710463
135670,32.5364841898758
135671,31.6718148318417
135672,59.29
135673,105.055466840365
135674,45.9492126360504
135675,36.934
135676,28.297
135677,31.8139877891261
135678,45.854
135679,67.7917976331958
135680,32.7549566066643
135681,31.0815652655112
135682,32.613
135683,29.1137741278986
135684,34.8591790591807
135685,42.0777913779526
135686,30.6906683944698
135687,28.814
135688,26.432
135689,27.176
135690,28.663
135691,28.8344194513098
135692,24.3795276091918
135693,25.139
135694,25.245
135695,24.385
135696,23.361
135697,26.0533389057751
135698,22.47
135699,24.25
135700,24.4269647441844
135701,23.403
135702,22.887
135703,26.96
135704,22.605
135705,24.788
135706,24.4430399355188
135707,24.385
135708,22.689
135709,31.904
135710,23.7671498082836
135711,25.465
135712,25.924
135713,25.925
135714,24.248
135715,50.268
135716,25.619
135717,25.9436601266795
135718,26.1142929768379
135719,26.272214278883
135720,24.630404881416
135721,26.5747200540483
135722,24.283
135723,27.487
135724,27.07
135725,26.974
135726,25.917
135727,32.1432230668095
135728,26.6176050488182
135729,29.277
135730,29.049
135731,29.166
135732,26.6292224929979
135733,37.803
135734,29.1763180322698
135735,29.4511017960356
135736,28.96
135737,29.757
135738,29.0578447697805
135739,22.444
135740,23.338
135741,22.876
135742,22.843
135743,23.2456345874377
135744,22.889
135745,16.215
135746,21.069754986517
135747,21.555
135748,21.204
135749,21.46
135750,20.219
135751,11.0161134251068
135752,22.01
135753,22.978
135754,22.9194678068213
135755,22.442
135756,22.016
135757,9.01393668186714
135758,22.813
135759,23.76
135760,24.310360454546
135761,24.1219327386844
135762,22.59
135763,13.274
135764,24.6686578114039
135765,27.478
135766,26.196
135767,26.8116582237267
135768,24.863
135769,18.288
135770,30.087
135771,32.193
135772,30.3595818284738
135773,30.072978772763
135774,29.95
135775,22.3275542235848
135776,35.4308002911581
135777,33.833982959451
135778,36.175
135779,36.478
135780,34.815
135781,27.0631623800831
135782,38.8849063177012
135783,36.4478498157949
135784,40.733
135785,40.062
135786,39.4376755746824
135787,27.5
135788,46.4412478979111
135789,39.1500710919095
135790,45.0066024843457
135791,44.1112332602783
135792,48.8589774513068
135793,29.767
135794,45.393
135795,31.017
135796,36.7671566108135
135797,47.375268840504
135798,49.7126574663323
135799,38.3266930290681
135800,74.0394908189191
135801,49.327166619696
135802,27.909
135803,46.25
135804,73.6355856465727
135805,81.2644005924251
135806,111.759872934302
135807,69.2043992244482
135808,39.968
135809,48.7180605063413
135810,97.580723981634
135811,59.6469109179103
135812,50.4036267007763
135813,47.4879374111417
135814,51.914
135815,36.8273435533907
135816,51.3686097290609
135817,46.0121334396229
135818,31.718
135819,34.244
135820,39.7475507176796
135821,39.7281391339737
135822,31.151
135823,37.582
135824,25.1998693550185
135825,29.9985404194573
135826,33.0733758041275
135827,31.275
135828,25.987
135829,33.793
135830,23.411
135831,27.416
135832,29.495726053781
135833,26.551
135834,24.464
135835,28.8903335847082
135836,22.269
135837,25.302011322888
135838,24.835
135839,25.513
135840,22.091
135841,27.4888491749671
135842,20.883
135843,24.452
135844,23.737
135845,24.356
135846,21.262
135847,29.27
135848,20.9374380710886
135849,24.693
135850,24.077
135851,24.5167913290999
135852,21.456
135853,27.494
135854,21.514
135855,24.668
135856,24.235
135857,24.602
135858,22.3160842451146
135859,28.4876827625315
135860,21.803
135861,25.6053945161969
135862,25.319
135863,25.435
135864,22.058
135865,32.796
135866,22.174
135867,26.737
135868,26.401
135869,26.547
135870,23.519
135871,41.961
135872,25.629
135873,29.762
135874,29.063
135875,29.3052255403787
135876,26.4604653522946
135877,43.1142099295175
135878,28.5636414273844
135879,29.7955262135828
135880,29.299
135881,29.793
135882,28.5531704847635
135883,25.1193134351633
135884,22.259
135885,22.1610203531287
135886,22.175
135887,22.956
135888,22.139
135889,21.803
135890,19.837
135891,20.211
135892,20.502526959428
135893,20.8528428646852
135894,19.69
135895,21.791
135896,20.705
135897,20.9429088970728
135898,21.402
135899,22.154
135900,20.089
135901,22.86
135902,23.136
135903,23.582
135904,23.95
135905,24.218
135906,23.003
135907,23.966
135908,26.8746424919827
135909,25.9354291808405
135910,26.359
135911,26.862
135912,26.573
135913,27.4972746819058
135914,31.019428847913
135915,26.9425698246762
135916,31.0051880336014
135917,32.472
135918,31.3977549652093
135919,31.312
135920,34.426
135921,33.6937277071515
135922,34.806
135923,36.033102913741
135924,36.402
135925,35.017
135926,37.0333726565973
135927,37.2933286576224
135928,39.334
135929,38.113
135930,38.8351633732224
135931,38.5626900093232
135932,43.9558873253142
135933,31.826
135934,42.4267033095233
135935,48.4960845342482
135936,44.865
135937,35.8776156611307
135938,43.2688391268052
135939,23.094
135940,43.709
135941,52.9662843739105
135942,47.651871329889
135943,72.9243946207202
135944,67.394629034654
135945,61.2617292479014
135946,80.063
135947,90.5485063099284
135948,91.1260486547794
135949,213.432577003974
135950,143.920028005853
135951,145.044415637931
135952,141.507586624768
135953,235.592603075027
135954,212.203592243569
135955,73.563694054206
135956,55.1086432682302
135957,56.7025169847264
135958,55.3622630373405
135959,52.0278476987785
135960,54.8972095639974
135961,57.6296045036154
135962,40.0490645620105
135963,36.4965376843441
135964,30.27
135965,36.566
135966,41.8991722500505
135967,43.034
135968,29.3445086574387
135969,33.50135781358
135970,29.395
135971,30.453
135972,28.1891389117276
135973,40.7826078291106
135974,25.925
135975,30.663021047921
135976,29.523
135977,28.9319896640138
135978,27.554029219381
135979,32.7125242211771
135980,22.5330163149588
135981,25.809
135982,24.5929533170491
135983,25.638
135984,23.158
135985,28.89
135986,20.735
135987,24.789
135988,24.431
135989,24.3029008108984
135990,21.245
135991,30.6848366194976
135992,20.487
135993,24.542
135994,24.491
135995,25.0348385215478
135996,21.1361132897733
135997,31.79
135998,20.378
135999,24.372
136000,24.543
136001,24.908
136002,20.893
136003,29.735
136004,19.955
136005,23.9732014876073
136006,24.223
136007,24.041
136008,20.812
136009,35.2825045630636
136010,22.654
136011,26.238
136012,25.925
136013,26.20825551557
136014,23.5419147852295
136015,44.9170791119228
136016,26.9884819499225
136017,30.0854523333558
136018,28.5557552665218
136019,29.305
136020,26.929
136021,49.051
136022,28.607
136023,30.7013238220446
136024,28.4166299521563
136025,29.4408020919412
136026,28.8914435977323
136027,26.4535928295375
136028,22.7071993926621
136029,22.464
136030,22.221
136031,22.839
136032,22.81
136033,23.149
136034,22.276
136035,21.641
136036,21.497
136037,22.232
136038,21.884
136039,23.655
136040,21.306
136041,23.373
136042,22.174
136043,23.226
136044,22.014
136045,21.1190095224996
136046,19.842
136047,24.2
136048,23.0531377917274
136049,24.1792237373448
136050,21.257
136051,21.555
136052,21.5564974136706
136053,26.1266848105659
136054,24.353
136055,26.844
136056,20.7607329641557
136057,21.651
136058,24.167
136059,29.702
136060,27.9161682481899
136061,30.753
136062,25.681
136063,23.405
136064,30.326
136065,32.602
136066,28.9580589196083
136067,26.7220546570638
136068,29.1855792386756
136069,27.08
136070,39.1121724499764
136071,39.3392362246484
136072,28.89
136073,41.9582137804796
136074,35.944836127468
136075,25.623
136076,45.714640895419
136077,41.5529171378801
136078,38.2930719579603
136079,46.029
136080,49.438007637794
136081,31.088
136082,59.222
136083,48.4976073909784
136084,48.0707168803554
136085,43.8031699086664
136086,36.577
136087,45.6203052461613
136088,72.9376149107472
136089,47.9536565445175
136090,64.3612388537555
136091,70.8359537147909
136092,74.465055963375
136093,166.015845573976
136094,195.726575606083
136095,72.1710503369435
136096,60.1755439696207
136097,119.685262839467
136098,88.2941344687064
136099,66.8288301230242
136100,44.6005571410321
136101,39.012
136102,27.154
136103,41.5314362083192
136104,49.561
136105,48.9128833711814
136106,35.2178507423744
136107,35.563
136108,33.662
136109,36.7649707457011
136110,35.115
136111,42.659
136112,31.6307251564313
136113,33.4307373912719
136114,28.4772683179411
136115,32.1325271263272
136116,28.61
136117,38.2381613349301
136118,26.695
136119,27.992
136120,26.365
136121,27.1949047309024
136122,26.429
136123,28.972
136124,20.514
136125,24.2169481166815
136126,24.438
136127,25.0808252635154
136128,21.087
136129,30.645
136130,21.1836710973113
136131,24.5313608985759
136132,24.041
136133,24.5086258975822
136134,22.3511530831466
136135,30.719
136136,23.604
136137,24.751
136138,24.241
136139,24.756
136140,23.956
136141,29.131
136142,21.189
136143,23.947
136144,23.638
136145,24.199
136146,21.895
136147,26.972
136148,22.131
136149,24.428
136150,23.5930150073116
136151,23.886
136152,22.2312560374491
136153,27.7867671301902
136154,25.391
136155,25.328
136156,24.838
136157,24.419
136158,24.764
136159,31.0575173467081
136160,28.5198107747122
136161,27.45
136162,26.6859622230323
136163,26.2901478940183
136164,27.3866688472665
136165,40.5534876957569
136166,29.4378912525287
136167,30.534
136168,29.4831663672035
136169,30.7431488795665
136170,32.6368461905773
136171,24.7
136172,23.724
136173,24.915
136174,24.304
136175,24.715
136176,24.0277621093977
136177,21.747
136178,21.5500113732631
136179,23.191598054426
136180,22.626
136181,23.1806708450685
136182,21.78
136183,19.4989490945758
136184,22.3813224681631
136185,23.4980136145682
136186,22.536
136187,23.615
136188,22.488
136189,18.561
136190,22.7575726626075
136191,24.3728527482957
136192,23.3148126588559
136193,23.514
136194,23.452
136195,18.182
136196,25.2071385606004
136197,26.654
136198,24.5170371710095
136199,26.1198997640589
136200,26.627
136201,20.516
136202,33.0311245706995
136203,32.8346362685126
136204,31.346
136205,32.3955095809978
136206,34.1406653064202
136207,22.097
136208,36.582
136209,34.7744048869921
136210,32.816
136211,35.837
136212,36.795
136213,25.917
136214,43.9375217680927
136215,43.5868033076925
136216,39.072
136217,44.1212983236349
136218,42.6504057088723
136219,26.034
136220,51.8482719524623
136221,48.072774374978
136222,39.479
136223,50.1875301395563
136224,51.993
136225,36.019
136226,70.2725761779439
136227,51.1624398809072
136228,52.892
136229,56.2051996014166
136230,70.8465249564086
136231,56.0613320957198
136232,117.921009199682
136233,69.5418053410123
136234,56.0287799496582
136235,94.5812742083693
136236,122.223782873546
136237,222.603944200878
136238,293.117370794674
136239,108.056798807592
136240,130.200342315221
136241,66.6738696407238
136242,296.937749449322
136243,87.7536906583555
136244,86.999622560092
136245,45.5345081681451
136246,59.7426198593768
136247,55.7838749936504
136248,36.0767738989167
136249,65.7491787221022
136250,56.8312498763222
136251,41.183
136252,42.8563796915016
136253,42.5642942477432
136254,39.398
136255,55.3111215498093
136256,31.3863202769718
136257,36.7960351099219
136258,30.8873381828474
136259,30.4219908472161
136260,36.57
136261,48.5798709106571
136262,38.084
136263,34.372
136264,33.263300663008
136265,29.9234216470203
136266,29.2506262238215
136267,43.0429007789594
136268,35.0383972767954
136269,30.099
136270,29.132
136271,29.6860125473265
136272,28.584422589685
136273,44.7905401402453
136274,27.135
136275,28.9932114691494
136276,29.6140332381303
136277,29.2392777934784
136278,27.5258811215743
136279,45.8259817995546
136280,30.057563765306
136281,29.3076102006462
136282,29.5466382567615
136283,29.2776510513983
136284,28.984
136285,43.5605669036705
136286,28.59
136287,29.8209055461037
136288,29.5445861158397
136289,29.117
136290,26.938
136291,47.0359444657506
136292,27.782
136293,30.203
136294,29.744
136295,29.321
136296,28.223
136297,49.3161317770309
136298,30.1878037216889
136299,31.3087744201573
136300,31.0860599583176
136301,30.6921779380463
136302,30.466
136303,48.7964840629392
136304,29.477
136305,32.678
136306,31.539
136307,32.0232527371878
136308,32.0734830747619
136309,49.0092856399858
136310,29.3906906409724
136311,33.508
136312,31.892
136313,32.4077366295918
136314,34.455
136315,26.766
136316,26.15
136317,24.6797702100833
136318,24.538
136319,24.565
136320,25.052
136321,22.007
136322,22.494
136323,21.622
136324,22.316
136325,21.756
136326,22.424
136327,22.133
136328,22.5499765768898
136329,22.219
136330,22.594
136331,22.644
136332,22.4049526611463
136333,21.254
136334,24.58
136335,24.691
136336,24.126
136337,25.1906080333162
136338,24.4921714838485
136339,20.425
136340,27.267
136341,27.743
136342,26.1469851880066
136343,27.992
136344,28.4098387332767
136345,26.0131442900169
136346,32.555
136347,32.161
136348,30.708
136349,32.245
136350,33.001
136351,26.594
136352,37.047
136353,34.874
136354,34.056903657309
136355,35.2630759020335
136356,36.3281332408917
136357,29.736
136358,38.6318821767961
136359,39.5253739415118
136360,39.3867434787292
136361,39.8981287803919
136362,40.1535559071858
136363,32.312048516075
136364,44.805118259896
136365,47.6475927534516
136366,45.8562220521706
136367,45.47
136368,48.6773514691967
136369,31.2
136370,51.673
136371,50.5236049722404
136372,49.1297116312842
136373,49.0404007550071
136374,43.8286772432036
136375,71.0175340743222
136376,78.4170751111492
136377,78.5910498476237
136378,70.894832640299
136379,82.3738024430821
136380,70.3140725787437
136381,143.284212962222
136382,93.66955217389
136383,75.2420691429377
136384,31.3101927673527
136385,67.5668078186886
136386,131.522487447067
136387,63.01
136388,50.9990132027918
136389,34.7
136390,32.84388862647
136391,41.912
136392,45.066
136393,47.292796414439
136394,31.714
136395,32.027
136396,27.6716425847538
136397,32.5386303578089
136398,31.7585175630825
136399,38.415
136400,23.5765077026511
136401,28.066
136402,25.894
136403,27.261199415981
136404,26.807
136405,31.6487733850788
136406,21.766
136407,25.3
136408,25.3237680924897
136409,24.489
136410,22.13
136411,28.549
136412,22.6058248477196
136413,24.134
136414,24.595
136415,23.737
136416,22.9018258906864
136417,28.7903567516021
136418,19.796
136419,22.947
136420,23.8688933429281
136421,23.5265021955826
136422,21.112
136423,27.346
136424,20.392
136425,22.727
136426,23.3368305580246
136427,22.999
136428,21.178
136429,26.264
136430,20.2066504359861
136431,23.057
136432,23.1490769828698
136433,22.7055116009098
136434,20.785
136435,28.644
136436,20.3355071687833
136437,23.4789038554277
136438,23.4498854110484
136439,23.189
136440,21.425824317625
136441,28.223
136442,20.7950889226416
136443,23.637
136444,23.546
136445,23.591
136446,21.54
136447,35.1919581459659
136448,22.856442655896
136449,25.558
136450,25.834
136451,25.149
136452,23.137
136453,38.836
136454,26.1766864807988
136455,28.1468402351043
136456,27.917
136457,27.265
136458,25
136459,24.467
136460,21.934
136461,22.663
136462,23.0477033874963
136463,22.742
136464,21.66
136465,22.841
136466,20.9323657764555
136467,21.247
136468,21.2229924278702
136469,21.779
136470,21.285
136471,22.362
136472,21.518
136473,22.437
136474,21.961
136475,22.049
136476,21.401
136477,20.564
136478,20.908
136479,23.8882512434845
136480,24.07
136481,24.718
136482,19.765
136483,20.13
136484,19.703
136485,24.7307494962298
136486,24.806
136487,26.278
136488,22.763
136489,23.012
136490,25.087
136491,27.647
136492,27.352
136493,28.026
136494,24.168
136495,24.065
136496,25.691
136497,30.336
136498,29.689
136499,30.9667787173655
136500,26.351
136501,31.693
136502,28.621
136503,36.5063026840471
136504,34.195
136505,37.578473318926
136506,27.301
136507,36.8593723688077
136508,29.567
136509,44.5128459069572
136510,40.193
136511,45.013
136512,22.888
136513,40.8990108747775
136514,30.892
136515,52.7466997696125
136516,47.5867800388799
136517,52.1186585778495
136518,27.1941929028942
136519,59.6033920600829
136520,61.5304627073328
136521,23.8872655880796
136522,57.808
136523,56.009
136524,28.8787768692969
136525,108.40043100671
136526,65.546
136527,25.146
136528,42.6214864687973
136529,70.4742778090671
136530,60.355
136531,48.6148483459774
136532,39.012
136533,35.4456079488833
136534,32.134
136535,33.434
136536,34.16702835586
136537,43.8049764962279
136538,27.3716267666565
136539,29.4070105095499
136540,29.223
136541,29.736
136542,26.583
136543,28.393
136544,23.231
136545,26.965962070191
136546,24.185
136547,25.546
136548,24.544
136549,23.218
136550,17.416
136551,23.598
136552,20.806750859296
136553,21.48
136554,18.102
136555,24.158
136556,19.308
136557,25.1267816736297
136558,23.387
136559,22.9331736827864
136560,18.623
136561,23.5167888084746
136562,18.908
136563,24.152
136564,22.039
136565,21.8686664929669
136566,18.764
136567,23.728
136568,20.361
136569,24.236
136570,22.357
136571,21.956
136572,17.94
136573,24.626
136574,18.745
136575,23.6407427814338
136576,22.645
136577,22.111
136578,21.612
136579,25.02
136580,21.168
136581,23.7857621245381
136582,22.596
136583,22.298
136584,21.434
136585,24.3979439462452
136586,21.499
136587,24.389
136588,23.437
136589,22.8926421084074
136590,22.101
136591,26.137
136592,20.674
136593,24.8727404059622
136594,23.957
136595,24.051
136596,25.3963245033727
136597,27.98
136598,20.3293614853981
136599,25.793
136600,24.5865587923374
136601,24.7551726683581
136602,22.767
136603,20.09
136604,17.342
136605,21.863
136606,21.308
136607,21.545
136608,20.0163319875275
136609,14.921921440395
136610,19.98
136611,20.097
136612,19.674
136613,20.105
136614,19.344
136615,14.733
136616,20.907
136617,20.621
136618,20.185
136619,20.5870512512263
136620,20.2266140754524
136621,17.485
136622,17.764
136623,22.375
136624,21.19
136625,20.775
136626,20.912
136627,19.918
136628,18.252
136629,24.561
136630,22.71
136631,23.655
136632,18.823
136633,25.309
136634,24.017
136635,27.527
136636,26.277
136637,27.766
136638,21.37
136639,28.7645876767634
136640,22.848
136641,30.92
136642,29.062
136643,30.6302173276142
136644,25.383
136645,37.0767439164248
136646,27.041
136647,35.9177367779589
136648,35.8544044632605
136649,37.531
136650,27.2161625640494
136651,44.596
136652,36.055
136653,46.066
136654,42.7814173166353
136655,45.47
136656,33.1586067484044
136657,59.4223989763948
136658,45.831
136659,54.899277906516
136660,52.8906746910177
136661,56.6522398315794
136662,43.762
136663,63.0260066220137
136664,65.1661235175819
136665,74.0542776472694
136666,79.9197348017798
136667,86.5578978884085
136668,40.287
136669,85.5614046992753
136670,50.2166505092381
136671,41.1513936391057
136672,68.8610514205476
136673,83.007
136674,32.431
136675,35.515
136676,33.222
136677,34.052
136678,22.323
136679,39.88237311929
136680,34.543426693952
136681,36.5575752627318
136682,31.0475749958704
136683,30.0163972657402
136684,27.601
136685,31.096
136686,34.8571920600146
136687,26.5008160862692
136688,26.207
136689,25.161
136690,23.51
136691,26.1097740229668
136692,26.168
136693,23.814468328292
136694,23.632
136695,23.3911180883208
136696,20.907760742906
136697,22.5964372521691
136698,22.671
136699,24.163
136700,25.135
136701,24.656
136702,21.999
136703,22.133
136704,25.736
136705,23.3292459326204
136706,23.009
136707,23.9861234511149
136708,22.081
136709,22.139
136710,21.551
136711,23.241
136712,21.775473142595
136713,23.661
136714,22.419
136715,22.592
136716,20.202
136717,22.2807033626729
136718,22.0595645824993
136719,23.6931315111248
136720,22.482
136721,22.681
136722,20.3402394426938
136723,23.924
136724,22.031
136725,23.951
136726,22.6557525741858
136727,22.6171958391339
136728,19.907
136729,25.2506162516622
136730,22.042
136731,24.2300662538771
136732,22.6956084542879
136733,23.079
136734,18.646
136735,26.888
136736,22.726
136737,25.74
136738,24.0164624849027
136739,24.5444346083366
136740,21.349
136741,28.3355973160367
136742,26.867
136743,27.108
136744,25.3228068502849
136745,25.931
136746,23.286
136747,22.059
136748,24.084
136749,24.32
136750,22.998158594793
136751,23.424200047741
136752,21.44
136753,18.104569079429
136754,22.9197936156552
136755,23.1790450697151
136756,21.47
136757,22.6014112259751
136758,21.6175745245428
136759,17.697
136760,23.157
136761,23.8390709821065
136762,22.205
136763,23.305
136764,21.214
136765,22.212
136766,25.6559005698291
136767,26.669
136768,25.014
136769,26.9401128698149
136770,25.32
136771,26.004230914704
136772,33.186
136773,33.3734334384466
136774,29.808
136775,33.4367568539284
136776,32.59
136777,27.9901271640326
136778,41.4744514112663
136779,39.7532504448554
136780,35.25
136781,39.4311924134517
136782,40.3606003446711
136783,33.8875267398852
136784,47.048
136785,46.916452164606
136786,39.5992899900519
136787,44.9222070012333
136788,47.1632708702792
136789,43.379
136790,48.8747699777863
136791,48.7107234879589
136792,43.5072839836351
136793,49.211
136794,49.041733128897
136795,53.8310471139789
136796,52.4674936072396
136797,54.024
136798,47.5646121896816
136799,52.3754249054564
136800,50.4515209520533
136801,66.0436766469904
136802,53.1888769777954
136803,55.4984568972407
136804,50.0284794478297
136805,55.6252085467194
136806,55.2944357526572
136807,236.706
136808,102.364070282893
136809,90.9813279651839
136810,84.5357022577063
136811,95.8116420716654
136812,131.057132801326
136813,269.888091667119
136814,97.2016336777192
136815,72.2625141160666
136816,102.552287534006
136817,95.839657311408
136818,91.9819206326894
136819,52.0886572209132
136820,36.058
136821,30.994
136822,39.3292011866318
136823,43.1917713549257
136824,30.6116920350016
136825,33.8563583510803
136826,25.514
136827,29.523
136828,21.438
136829,23.539329659741
136830,25.389
136831,24.985
136832,20.569656129201
136833,26.004
136834,17.5
136835,23.172
136836,19.092
136837,22.301
136838,19.841
136839,23.064
136840,17.873
136841,20.404
136842,17.003
136843,21.805
136844,15.541
136845,22.704
136846,17.839
136847,19.314
136848,14.238
136849,21.687
136850,13.211
136851,22.296
136852,18.983324676471
136853,20.077
136854,12.9721400453803
136855,20.8418804167596
136856,15.561
136857,22.5140537754399
136858,19.47
136859,19.9690481950378
136860,16.2809728312936
136861,21.3287011276219
136862,19.818
136863,22.595
136864,20.887
136865,20.303
136866,20.662
136867,21.491
136868,16.5461945435677
136869,22.573
136870,20.8853830078067
136871,20.663
136872,19.231
136873,22.463
136874,17.81
136875,23.5274554139745
136876,21.837
136877,21.369
136878,19.018
136879,23.482
136880,20.325
136881,24.186
136882,22.833
136883,22.181
136884,18.918
136885,25.0583443565638
136886,21.848
136887,25.067
136888,24.256216820316
136889,23.186
136890,20.789
136891,20.254
136892,18.3179482058152
136893,22.241
136894,20.712
136895,20.357
136896,19.768
136897,14.9703417972302
136898,14.337
136899,20.212
136900,16.483
136901,17.738
136902,20.931
136903,11.194
136904,18.5773073468807
136905,19.718
136906,14.431
136907,17.502101373634
136908,17.697
136909,13.4573046938843
136910,22.3123448676494
136911,22.751
136912,14.733
136913,19.2867705427027
136914,22.377
136915,19.312
136916,26.136
136917,25.632
136918,20.749
136919,23.709
136920,26.218
136921,28.316
136922,31.3714777978799
136923,32.118841080184
136924,26.155
136925,28.0501169596931
136926,31.08
136927,43.1872649340733
136928,39.6939646780063
136929,41.6933949696952
136930,28.55
136931,31.492
136932,40.1019967183854
136933,52.260913237835
136934,46.5533274020742
136935,49.091
136936,31.385643899926
136937,36.4060956723404
136938,47.3874027091877
136939,61.9235599248891
136940,56.9379995119961
136941,55.1950430773423
136942,38.7519426672304
136943,42.9817246637605
136944,58.3434362590363
136945,96.9786700727973
136946,58.7036415342272
136947,58.8941009700059
136948,44.501
136949,48.1916262245372
136950,62.389594882592
136951,344.933873679907
136952,140.396951713452
136953,105.86564668738
136954,70.417
136955,91.4110012586473
136956,153.32
136957,1210.8895434246
136958,230.530022544412
136959,35.1176842250212
136960,112.396757045012
136961,280.918493901132
136962,413.296584785892
136963,56.6042725120099
136964,32.6626543927606
136965,30.994
136966,34.637
136967,37.304
136968,35.473
136969,93.8065063501339
136970,31.4628466192706
136971,32.248
136972,26.174
136973,26.4616770561721
136974,27.651
136975,53.179617751713
136976,28.259
136977,30.471
136978,23.724
136979,24.298
136980,25.615
136981,43.784
136982,29.978
136983,30.5070749722107
136984,23.6377245279069
136985,24.0553237634657
136986,35.7786393737479
136987,31.3395673723895
136988,27.8323209606928
136989,27.0574579594894
136990,21.254
136991,22.398
136992,26.656
136993,32.193
136994,22.926
136995,24.802
136996,22.082
136997,22.582
136998,21.381
136999,29.6518371179128
137000,23.0545755687866
137001,24.523
137002,22.413
137003,22.621
137004,19.196
137005,34.1265721585332
137006,22.956
137007,25.0231498280992
137008,23.126
137009,22.960023695898
137010,22.334
137011,52.2411123186062
137012,21.1128357403771
137013,25.316
137014,24.065
137015,23.1433396175719
137016,26.996
137017,35.8574504248884
137018,29.6341676413337
137019,25.963
137020,24.699
137021,23.513
137022,28.8235079741742
137023,35.773
137024,33.357
137025,30.459
137026,27.9249921535878
137027,26.988
137028,32.029
137029,44.8194583210452
137030,32.5698990680647
137031,31.0770409639905
137032,28.516
137033,27.585
137034,30.2408204108877
137035,32.372
137036,26.867
137037,25.401
137038,23.987
137039,24.3848629108447
137040,27.85
137041,26.912
137042,23.9562791826599
137043,23.796
137044,22.8619069458673
137045,22.0443545619299
137046,24.5111660436508
137047,29.038
137048,21.6366629847031
137049,26.319
137050,22.023
137051,21.371
137052,20.89
137053,25.8310081102515
137054,23.46
137055,29.9532941371924
137056,23.346
137057,25.7047914857611
137058,22.289
137059,28.336
137060,23.156
137061,39.0321630484445
137062,28.2706089502917
137063,31.169
137064,23.481
137065,29.9383059364465
137066,23.573
137067,48.6356039144989
137068,38.5799789078688
137069,42.6054944577985
137070,25.0067951907309
137071,33.892629133377
137072,20.003
137073,58.3481772523581
137074,43.234
137075,50.1852346541467
137076,22.3623667434934
137077,60.2328793475573
137078,20.3130729356155
137079,75.9451398407209
137080,67.5473300912456
137081,69.8130938575458
137082,20.784
137083,81.5790762282073
137084,20.789
137085,85.6317273516984
137086,77.556422570484
137087,81.889
137088,20.639
137089,100.518703926172
137090,22.899
137091,90.8187042370319
137092,24.158
137093,85.3571694157948
137094,24.541
137095,183.909951430926
137096,31.9213251112516
137097,147.772853171555
137098,71.0185124848444
137099,95.7880590765451
137100,29.018
137101,787.337064451048
137102,52.028
137103,44.5065460159917
137104,132.638240442535
137105,100.323
137106,53.168
137107,143.904568430713
137108,53.9120664722857
137109,31.443
137110,81.335175092914
137111,63.4067589177618
137112,51.5039651884969
137113,127.173160805683
137114,55.3960582759322
137115,31.069
137116,36.1955957885329
137117,57.0533834569261
137118,49.3039319968561
137119,120.717633618675
137120,39.704686529059
137121,39.547
137122,31.5101312091102
137123,33.023
137124,40.4616119445471
137125,93.4743945561877
137126,40.3092287399419
137127,46.1268464415503
137128,29.589
137129,32.2575607092022
137130,37.103
137131,132.250272057619
137132,32.3944399652422
137133,39.9764611971976
137134,28.386
137135,29.246
137136,31.015
137137,55.4400252317683
137138,35.236
137139,35.332
137140,33.177
137141,27.9167002772827
137142,34.0922978685121
137143,44.8518129563215
137144,34.6005944523524
137145,36.2126984596377
137146,31.3612561018585
137147,30.077
137148,33.9732742403227
137149,51.6064482379599
137150,33.12
137151,36.2710695008015
137152,30.261
137153,29.912
137154,33.487
137155,59.8044464644382
137156,31.495
137157,35.368
137158,31.868
137159,33.012
137160,33.3650872894237
137161,65.57
137162,30.3511670592735
137163,36.157
137164,33.7755499837043
137165,37.252
137166,34.7767457969726
137167,99.5421732510648
137168,33.023
137169,43.5379921728505
137170,41.2549178294106
137171,44.034742853221
137172,35.3133461671095
137173,82.0963628005724
137174,33.015
137175,43.7948257594839
137176,42.289
137177,44.9765834380741
137178,35.288320133555
137179,37.5728798120948
137180,25.966
137181,31.7859649054824
137182,30.883
137183,32.001
137184,26.6947308884082
137185,27.275
137186,23.319
137187,25.733
137188,25.623
137189,25.9798814733752
137190,23.759
137191,24.418
137192,22.299839708102
137193,24.577
137194,25.124
137195,21.408
137196,22.6025726622813
137197,24.395
137198,22.699
137199,24.805
137200,24.935
137201,24.371
137202,22.902
137203,27.666
137204,25.8067331533497
137205,26.6905289803989
137206,25.1185741276953
137207,28.558
137208,25.745306576652
137209,29.22
137210,29.133
137211,26.6476952869412
137212,29.019
137213,29.7529418734793
137214,28.585
137215,32.601
137216,32.9142220290313
137217,31.7570498851085
137218,29.799
137219,29.6756710208467
137220,31.6795752663335
137221,40.7660554825079
137222,40.4379164928941
137223,39.9616636165032
137224,33.428
137225,32.315
137226,40.2036224857837
137227,46.6735727997692
137228,45.7619850002631
137229,43.5846418404941
137230,37.2769011462663
137231,35.7811992034478
137232,45.7787594304481
137233,68.6109374354597
137234,60.5490015882925
137235,52.967695020456
137236,18.579
137237,55.3778045787117
137238,59.0158967435085
137239,203.279248876324
137240,124.046474489062
137241,86.3629100363971
137242,51.1918101741205
137243,92.3302205773613
137244,125.649170218942
137245,1288.48050464409
137246,360.12929690957
137247,184.928621289278
137248,151.650333299725
137249,233.754653917858
137250,351.165610677096
137251,202.47375505801
137252,103.928169844114
137253,68.377423606022
137254,83.0440125921166
137255,94.5110591457738
137256,106.035564110783
137257,161.75389807185
137258,74.2898099806233
137259,57.1207735469297
137260,68.8322396886721
137261,69.5603941714473
137262,67.5394908619698
137263,74.9941020992784
137264,45.255
137265,42.4775301876483
137266,48.4805829995615
137267,49.9953426749073
137268,47.4150403002428
137269,59.606
137270,37.7712896096118
137271,42.7074801662516
137272,45.076
137273,44.5271634163432
137274,36.875
137275,56.716
137276,33.765
137277,37.425
137278,35.5731529368874
137279,36.757
137280,32.0809287874943
137281,44.5356693598913
137282,33.5109727776202
137283,32.523
137284,31.34
137285,29.8036851628543
137286,31.203
137287,45.0327844848824
137288,29.9398383859075
137289,29.998393827531
137290,28.672
137291,28.484615331113
137292,29.587
137293,39.011
137294,28.7952361720167
137295,29.1019243687464
137296,27.9092840565188
137297,28.548
137298,28.5184808921161
137299,36.9405115650875
137300,29.037
137301,29.133
137302,28.1674382122914
137303,28.356
137304,30.586
137305,38.8299395187709
137306,30.976790024214
137307,29.9447350979125
137308,29.341
137309,30.5091818482938
137310,31.6829701063709
137311,42.328
137312,38.3305587499624
137313,35.084
137314,34.3204678143621
137315,33.635
137316,38.1249995773471
137317,42.725
137318,39.1471445719912
137319,32.7803140530341
137320,34.387
137321,34.6473373375799
137322,39.2538703077805
137323,21.814
137324,23.2885974381471
137325,22.556
137326,22.817
137327,24.684
137328,23.2690043372714
137329,17.3697113881915
137330,19.6005542950751
137331,19.834
137332,21.9338556349062
137333,22.278
137334,19.5814889256116
137335,16.189
137336,19.762
137337,20.1246503150205
137338,22.853
137339,23.393
137340,19.735
137341,15.7363668512176
137342,19.982
137343,21.315
137344,24.4146601862785
137345,26.084
137346,20.0712717353228
137347,19.744
137348,21.138
137349,23.481
137350,26.401
137351,28.1289249079166
137352,21.319
137353,23.392
137354,24.388
137355,26.564
137356,30.425
137357,30.992
137358,24.511
137359,26.634
137360,27.4692917273109
137361,30.054
137362,31.261
137363,34.255349526669
137364,27.6534818292895
137365,31.142
137366,31.161
137367,34.9313037638865
137368,34.945
137369,38.645550141047
137370,31.6167862857829
137371,41.6608225306789
137372,40.887
137373,41.7043115306379
137374,44.801081952115
137375,47.5511977738894
137376,41.522
137377,60.8969701855915
137378,55.8649033072976
137379,60.260732397251
137380,53.3329030139799
137381,53.0904128906296
137382,57.2180709520762
137383,221.452007538811
137384,141.665926792997
137385,150.841159736194
137386,112.998315024439
137387,121.000416141746
137388,135.006965420712
137389,620.497801640897
137390,228.24720239776
137391,213.044919313906
137392,137.83463496785
137393,158.45055872029
137394,218.350129128498
137395,105.678799599139
137396,48.291
137397,64.3327985633325
137398,61.45754455263
137399,65.6757051747316
137400,50.956293448058
137401,79.6656602949428
137402,27.553
137403,36.2704773008244
137404,28.812
137405,27.5497365280956
137406,29.829
137407,36.1623429339507
137408,22.899
137409,27.556
137410,23.148
137411,23.723176813594
137412,22.676
137413,30.5981993849272
137414,22.208
137415,26.011
137416,23.86
137417,23.476
137418,21.765
137419,27.9033275972562
137420,17.073
137421,23.0175345113741
137422,22.823
137423,21.032
137424,17.061
137425,25.863
137426,16.206
137427,23.373
137428,22.375
137429,22.6503939079851
137430,16.2360843421809
137431,24.656
137432,18.191
137433,23.197
137434,22.288
137435,22.8754777843947
137436,19.95
137437,25.718
137438,20.765
137439,23.245
137440,21.735
137441,22.691
137442,20.309
137443,27.132
137444,20.533
137445,24.23
137446,23.293
137447,23.192
137448,20.856
137449,28.27
137450,20.479
137451,23.649
137452,22.949
137453,24.208
137454,21.32
137455,31.4175635809103
137456,23.432229006982
137457,26.1327253958457
137458,24.428
137459,24.7558184540795
137460,22.4377545513243
137461,35.447
137462,26.482
137463,28.4544760490955
137464,26.994
137465,27.0640991486463
137466,26.3528552780438
137467,23.112
137468,21.002
137469,21.9678942202706
137470,21.626
137471,22.1327739332474
137472,20.57
137473,18.424
137474,18.181
137475,19.697
137476,20.026
137477,20.277
137478,17.937
137479,17.532
137480,17.153
137481,19.56
137482,21.55
137483,20.877
137484,16.652
137485,20.217
137486,20.9808997563133
137487,21.5179912597934
137488,23.8566007787135
137489,23.7369507228754
137490,20.828
137491,24.253
137492,24.77
137493,25.352
137494,26.168
137495,27.515249808033
137496,24.68
137497,26.956
137498,26.7230540236742
137499,26.081
137500,28.9915522489038
137501,28.931
137502,26.929
137503,32.5026620267233
137504,30.303
137505,29.673
137506,30.897
137507,31.446
137508,30.762
137509,35.2657224225651
137510,34.5982422250265
137511,32.852056964269
137512,34.5090575998258
137513,34.8350215222555
137514,34.5770136978548
137515,45.2159344670749
137516,37.2472355289973
137517,40.0332509730274
137518,38.5535072762728
137519,42.0132490385475
137520,41.6275631646968
137521,66.5219585803683
137522,51.2515096335414
137523,50.6937219335998
137524,44.033
137525,49.5827116963167
137526,53.689132388998
137527,122.952500260053
137528,106.543877201221
137529,97.4741466070934
137530,81.0857498135188
137531,67.5117082642421
137532,112.838183722972
137533,283.191038680515
137534,147.519777705021
137535,91.2431616901365
137536,33.436
137537,85.1031283411114
137538,144.11074421537
137539,76.32392523294
137540,39.2997327391708
137541,38.9976668577616
137542,25.7437420089703
137543,27.3578465389833
137544,39.623
137545,52.5395741102333
137546,28.5318618979121
137547,33.1237295144546
137548,23.9489434729344
137549,26.996
137550,29.2044456831293
137551,41.4007360731317
137552,24.636
137553,27.954
137554,21.9677049945382
137555,23.868
137556,24.966
137557,37.6435767797564
137558,23.668
137559,25.5186336261397
137560,22.872
137561,23.142
137562,24.8788538760049
137563,34.8113955820517
137564,22.016
137565,22.6463025144473
137566,21.297
137567,21.645
137568,21.667
137569,32.048
137570,21.748
137571,24.769
137572,21.777
137573,21.848
137574,22.005
137575,33.49
137576,23.5662004025334
137577,25.127
137578,23.2707663898002
137579,22.396
137580,21.52
137581,32.4872799931254
137582,24.036
137583,25.475
137584,23.993371195577
137585,22.546
137586,21.24
137587,43.0477425118554
137588,23.543
137589,27.0100601932168
137590,25.575
137591,25.961
137592,22.192
137593,41.4494889257305
137594,24.232
137595,27.6706389380793
137596,26.1540814484389
137597,26.999
137598,24.063488717808
137599,40.897
137600,25.1525455452761
137601,28.438
137602,26.816
137603,27.8276258072837
137604,24.643
137605,40.245
137606,26.741902057774
137607,29.937
137608,28.315
137609,27.8388852313825
137610,26.4446550946325
137611,24.903
137612,20.287
137613,22.431
137614,21.564
137615,21.962
137616,20.164
137617,18.53
137618,17.354
137619,19.973
137620,18.507
137621,19.206
137622,16.873
137623,19.374
137624,18.961
137625,20.0535125494728
137626,19.338
137627,20.344
137628,18.8835104048971
137629,20.548
137630,20.0361588548313
137631,21.891
137632,21.2361355138672
137633,21.863
137634,21.285
137635,23.2275995743573
137636,21.883
137637,23.617
137638,23.593
137639,24.305
137640,23.453
137641,24.552
137642,25.066
137643,25.351
137644,25.5058261732423
137645,27
137646,25.178
137647,26.679
137648,26.482
137649,26.94
137650,23.6549089463035
137651,25.871
137652,26.392
137653,32.7692552811176
137654,30.973
137655,29.897
137656,28.778
137657,27.3484368790496
137658,31.476
137659,39.914
137660,40.6088413829812
137661,38.0654607508392
137662,37.1120212776699
137663,36.271
137664,39.7044901026788
137665,62.2319083214804
137666,50.9184313252046
137667,50.1519561690788
137668,48.9128418825526
137669,49.5130267324254
137670,51.0903478149946
137671,149.190644241897
137672,79.6635709426779
137673,85.3043643399311
137674,55.1530143790443
137675,80.4748919279382
137676,93.7827153055999
137677,389.886157962632
137678,130.467130617728
137679,124.603755638458
137680,57.4089904709755
137681,81.5353264316347
137682,125.156431866678
137683,91.6403448721775
137684,45.0760667653714
137685,40.0897825738613
137686,32.0783862828139
137687,40.0135407883939
137688,46.5587713496041
137689,73.675384101091
137690,31.369
137691,34.0339818173926
137692,26.995161080778
137693,32.126
137694,34.1667784345504
137695,46.4083561440942
137696,28.393
137697,29.9853368687177
137698,24.7581712763592
137699,27.3000651043803
137700,29.305
137701,42.417954687932
137702,25.27
137703,26.1799917031151
137704,24.0640809457624
137705,23.614
137706,26.9087283020015
137707,47.946649099783
137708,22.7138857748161
137709,24.651
137710,23.081
137711,23.003
137712,22.9869716145903
137713,41.1339409351535
137714,21.9713834280139
137715,24.32
137716,23.61
137717,23.287
137718,22.047
137719,58.6999384684524
137720,22.371
137721,26.565
137722,24.5518597869586
137723,24.871
137724,22.65
137725,44.6636333447356
137726,24.334
137727,27.104
137728,25.786
137729,26.675
137730,23.235
137731,46.2104670466389
137732,24.725
137733,28.153
137734,26.773
137735,28.2195175677887
137736,26.004
137737,50.091
137738,26.783
137739,29.576
137740,29.024
137741,29.4575983854312
137742,26.7648094812092
137743,61.0575387535808
137744,30.0578440714112
137745,35.1565713254448
137746,32.7791556799044
137747,33.407
137748,28.906
137749,62.4996131628437
137750,33.8472968549699
137751,36.6707626453925
137752,34.0195755731207
137753,35.0442624965554
137754,34.2270948361037
137755,29.222
137756,26.4956354857822
137757,26.3262081395363
137758,25.497
137759,25.509
137760,25.587
137761,25.532
137762,23.576
137763,23.7163503750663
137764,23.183
137765,23.395
137766,23.74
137767,26.596253390589
137768,23.823
137769,24.348
137770,23.598955534473
137771,24.993
137772,23.563
137773,26.976
137774,24.119
137775,24.6083255356159
137776,24.213
137777,24.874
137778,24.116
137779,27.6680210639474
137780,24.8528563088508
137781,25.937
137782,25.4472409362541
137783,25.9465673045097
137784,24.9869848150876
137785,31.7049893850308
137786,27.77
137787,29.047
137788,28.536
137789,29.6389566410797
137790,27.7704855267983
137791,42.064
137792,34.0851229909934
137793,35.40921491026
137794,34.069
137795,36.3785651111706
137796,34.802272021988
137797,47.21
137798,40.794
137799,41.476
137800,39.4308455129716
137801,41.8071359142128
137802,39.6759641902171
137803,59.508
137804,48.971144987408
137805,52.7015238538017
137806,48.168
137807,53.8524465403219
137808,51.5123837391457
137809,82.0938438923798
137810,62.4897866441529
137811,71.2505531707221
137812,64.4091115422489
137813,52.9423011764339
137814,62.46269789246
137815,373.327753595132
137816,137.786060414037
137817,135.199165046594
137818,130.072397109748
137819,130.672033012056
137820,126.146226948694
137821,399.694196667721
137822,161.543345674126
137823,166.388869338896
137824,137.797436374458
137825,116.498592105413
137826,148.193292498252
137827,137.611647974023
137828,54.687274804253
137829,80.0343263330432
137830,68.7923113998161
137831,67.2211638808598
137832,58.5718495627541
137833,104.624203031297
137834,35.16
137835,40.2692479681467
137836,29.301
137837,35.744
137838,39.072
137839,68.1174359880808
137840,31.3001385312712
137841,35.7719319959603
137842,27.614
137843,31.3467199464772
137844,36.5927210989721
137845,65.6343913722681
137846,29.2972715272785
137847,32.6701957691404
137848,27.842
137849,30.337
137850,31.3181350562028
137851,54.5495326668987
137852,29.173
137853,31.461
137854,27.1038718082306
137855,28.296
137856,29.082
137857,47.3607494813955
137858,30.527
137859,31.346
137860,28.408
137861,30.296
137862,28.389
137863,54.9178746419896
137864,28.307
137865,29.062
137866,28.041
137867,29.38767996077
137868,27.009
137869,79.4349015789204
137870,30.163
137871,28.548
137872,29.5403776039163
137873,30.088
137874,27.9182369774607
137875,90.6190059391081
137876,31.415
137877,29.9923200618048
137878,29.6099558096882
137879,29.671
137880,29.0977086944013
137881,93.5480784824526
137882,32.738
137883,31.562
137884,32.3006810187645
137885,32.9070215958163
137886,30.806
137887,93.8053503557325
137888,34.874
137889,35.085
137890,35.0318510801412
137891,35.796392910614
137892,34.1641055765395
137893,105.895477822456
137894,37.033
137895,34.874
137896,35.127
137897,36.5496291655179
137898,36.7513987157606
137899,38.849
137900,26.818
137901,26.658208178585
137902,27.138
137903,27.834
137904,26.859
137905,24.402
137906,21.984
137907,22.21
137908,23.379
137909,22.854
137910,22.135
137911,23.6321244958087
137912,22.38
137913,22.309
137914,23.509
137915,23.0506686473751
137916,22.494
137917,22.031
137918,21.474
137919,22.154
137920,22.605
137921,22.632
137922,22.126
137923,24.02
137924,23.594
137925,25.146
137926,25.319
137927,25.7152231745823
137928,23.727
137929,27.898
137930,28.178
137931,28.8476393296879
137932,28.8143695914597
137933,29.0741742994206
137934,28.083084331928
137935,32.1054969457807
137936,32.428
137937,32.232
137938,30.7180957308553
137939,32.3328432180548
137940,31.995
137941,40.437815283131
137942,37.9303539995173
137943,39.7543631196367
137944,36.16
137945,34.6999849647173
137946,39.158
137947,51.0623729874248
137948,49.8299494092709
137949,50.698875850405
137950,45.146
137951,41.5449965378433
137952,50.1925410619671
137953,70.3161418027248
137954,63.0756147858961
137955,65.7188604141994
137956,59.1819973489182
137957,61.9575914550484
137958,63.3491079032117
137959,236.324051530372
137960,128.658929196954
137961,182.405512433985
137962,120.829875040524
137963,121.022047582197
137964,137.957053159759
137965,1211.01614312988
137966,265.077577959355
137967,328.396259868636
137968,274.295879510572
137969,225.5007072806
137970,269.295875383906
137971,265.798471339836
137972,55.855809470751
137973,48.7910271797109
137974,66.6979388199229
137975,86.6381685518579
137976,68.5341737240339
137977,71.0496010544427
137978,33.625
137979,36.5225704799563
137980,30.059
137981,52.5853729057434
137982,36.809
137983,50.981
137984,29.8466693758908
137985,30.367
137986,27.096
137987,28.9125163871578
137988,31.0097255108072
137989,40.047044349134
137990,25.0600313688943
137991,25.953261099
137992,26.111
137993,25.547
137994,25.038078862701
137995,44.1206831247112
137996,22.427
137997,23.856
137998,25.991
137999,24.654
138000,22.5964394089743
138001,38.7750992067101
138002,22.153
138003,24.598
138004,24.097
138005,23.6914944614525
138006,22.9
138007,31.809
138008,21.2259349907859
138009,24.095
138010,23.9
138011,23.123
138012,21.331
138013,29.838
138014,22.232
138015,25.07
138016,24.365
138017,23.456
138018,22.221
138019,33.0364567254776
138020,24.0927434839672
138021,26.531
138022,25.024
138023,24.605
138024,23.057
138025,37.3312284653833
138026,24.814
138027,28.312
138028,26.226235500924
138029,25.312
138030,24.8176307511896
138031,42.893405596841
138032,27.844
138033,31.791
138034,29.492
138035,28.906
138036,28.278
138037,43.2509607569562
138038,31.2289410456629
138039,32.519
138040,29.998
138041,29.577
138042,30.088
138043,23.574
138044,22.453
138045,22.9
138046,22.683
138047,22.836
138048,22.513691427392
138049,16.2969434858168
138050,17.159
138051,18.346
138052,18.503
138053,18.68
138054,17.189
138055,17.404
138056,17.978
138057,19.159
138058,19.740471745039
138059,19.858
138060,18.107
138061,19.226
138062,20.255
138063,21.4959104162571
138064,22.283
138065,22.308
138066,20.304
138067,23.305
138068,24.332
138069,25.463
138070,26.032
138071,26.755
138072,24.3917640253289
138073,27.7089268026452
138074,29.049
138075,29.3556175463917
138076,29.341
138077,30.4229223344703
138078,29.0173414974009
138079,36.628
138080,35.8074816883972
138081,36.353
138082,36.6674134514017
138083,37.52
138084,36.2205878499259
138085,42.6830800518503
138086,40.897
138087,41.9938902635178
138088,40.4587946132876
138089,43.138629818756
138090,43.2498072370836
138091,50.7089759909547
138092,51.023586467246
138093,53.5625691123606
138094,50.1327485727232
138095,52.9422324871352
138096,52.928
138097,71.9720601035448
138098,72.687345849401
138099,68.4284658899984
138100,58.4871577904812
138101,59.7165142777879
138102,69.7073051425799
138103,457.23198396377
138104,157.119674974641
138105,181.08211478835
138106,134.808101567965
138107,128.687156927699
138108,140.316774446125
138109,1585.8449138399
138110,221.432857659927
138111,306.105029344271
138112,246.810067194833
138113,232.227842027611
138114,246.269162336255
138115,214.093683099671
138116,37.3978914488033
138117,72.2485485611598
138118,70.585
138119,65.2412205965349
138120,35.338
138121,52.4417981120728
138122,25.834
138123,36.6792730932818
138124,27.1496546634178
138125,39.800121828768
138126,27.881
138127,39.740382001236
138128,24.039
138129,28.9204781955613
138130,25.514
138131,26.133
138132,23.762
138133,32.6986009949197
138134,20.995
138135,24.195
138136,22.859
138137,23.406
138138,21.37
138139,31.0826365395574
138140,19.881
138141,22.6732373124802
138142,20.6342677189145
138143,20.982
138144,19.14
138145,26.084
138146,19.793
138147,22.427
138148,21.788
138149,20.629
138150,18.149
138151,26.483
138152,20.606
138153,23.219
138154,23.019
138155,21.086
138156,20.51
138157,26.2123807760353
138158,20.62
138159,23.006
138160,23.5154684117325
138161,21.37
138162,20.273
138163,27.882
138164,22.5065248089184
138165,23.9101025616722
138166,23.857
138167,23.301
138168,21.5895822900088
138169,31.599
138170,24.403
138171,26.3370273743539
138172,25.5807714545994
138173,25.964
138174,23.36
138175,40.2206331999991
138176,28.3236693258444
138177,29.55
138178,28.784
138179,28.337
138180,26.144
138181,48.026
138182,28.704
138183,32.781
138184,31.884
138185,31.693
138186,28.668
138187,24.962612788806
138188,22.016
138189,23.598
138190,22.981
138191,22.918
138192,20.683
138193,18.787
138194,17.735
138195,20.4368829631114
138196,20.169
138197,20.2554576417847
138198,18.032
138199,20.151
138200,18.558
138201,21.105
138202,20.7278217428369
138203,21.141
138204,18.842
138205,21.227916858552
138206,20.4803357861133
138207,23.288
138208,23.138
138209,23.499
138210,20.6795585317183
138211,26.829
138212,25.635528294049
138213,28.223
138214,27.439
138215,28.370568002757
138216,25.866
138217,32.8363432411053
138218,30.5174246897805
138219,32.9792659601938
138220,31.3335211089003
138221,33.1658787069949
138222,30.8212745326975
138223,36.8850893998514
138224,35.6389209631865
138225,37.648
138226,35.334
138227,38.0834322050248
138228,35.9240669559377
138229,38.4401014918715
138230,40.198
138231,42.918
138232,38.7286651018682
138233,41.7430569167396
138234,39.8669981651374
138235,36.6977472011085
138236,46.2604193762906
138237,51.8916209665745
138238,39.7011350582133
138239,47.7606369707669
138240,48.16231547639
138241,59.0770667060105
138242,48.206
138243,62.3642944980797
138244,44.7867563428019
138245,57.7696799161063
138246,49.327701093794
138247,112.945393930434
138248,60.021284493949
138249,111.9114929312
138250,103.366
138251,103.230604174365
138252,73.3868065529664
138253,154.348466161493
138254,71.2394053126583
138255,73.006635996133
138256,42.943
138257,133.078938818955
138258,65.8006275702322
138259,65.8092507967568
138260,33.163
138261,42.1880298760145
138262,27.7978444209251
138263,34.0162778686906
138264,35.0325523566965
138265,50.304338601931
138266,26.4219702255947
138267,33.761
138268,27.8887700901193
138269,30.276
138270,27.149
138271,47.2505422783735
138272,22.482
138273,29.3
138274,25.18
138275,27.327
138276,24.68
138277,36.8582774761507
138278,21.145
138279,26.2528367403742
138280,24.558
138281,25.114
138282,20.507
138283,40.0251967851033
138284,20.259
138285,23.742
138286,23.848
138287,22.82
138288,20.127
138289,28.664
138290,20.799
138291,23.6021658442829
138292,23.5
138293,21.6877787192634
138294,20.103
138295,32.7214043584767
138296,21.214
138297,23.856
138298,24.234
138299,23.665
138300,20.471
138301,40.962
138302,21.52
138303,24.426
138304,24.529
138305,24.219
138306,21.175
138307,49.5961640019856
138308,22.334
138309,26.225
138310,25.7022815396428
138311,25.726
138312,22.4325925932702
138313,58.3789728615881
138314,25.669
138315,28.093
138316,28.0064629556545
138317,27.5102883862648
138318,24.325
138319,83.5207235439192
138320,29.8477624241258
138321,32.976
138322,32.4686463529296
138323,32.083
138324,28.4411839570413
138325,86.1985282155157
138326,34.5820060823228
138327,35.294762710664
138328,33.6842757781281
138329,33.5214455141148
138330,33.9561689371624
138331,32.683
138332,23.9668765345473
138333,25.054
138334,24.079
138335,24.372
138336,24.062
138337,20.6704697962019
138338,19.311
138339,20.936
138340,20.368
138341,21.039
138342,19.603
138343,21.527
138344,19.8655024227961
138345,21.707
138346,21.179352520546
138347,21.53
138348,20.076
138349,22.73
138350,21.396
138351,23.491
138352,23.104
138353,23.221
138354,21.502
138355,25.03
138356,23.9051463962057
138357,25.939
138358,25.372
138359,25.909
138360,24.3038706144022
138361,29.905625615007
138362,28.9292734573072
138363,29.698
138364,28.92
138365,29.965
138366,29.3623889283166
138367,37.3066699546274
138368,34.9104957476311
138369,33.7283693612773
138370,35.8097401578524
138371,37.692
138372,36.1497859357057
138373,37.3784892100495
138374,38.0008253023092
138375,38.8878179170754
138376,39.1783757055985
138377,41.8134095125858
138378,38.5235501796884
138379,49.926
138380,42.260011918374
138381,37.86
138382,48.112214095741
138383,47.0998423116806
138384,41.0342839026243
138385,45.2526781561094
138386,39.4432470588319
138387,45.458
138388,53.4107298109835
138389,58.336
138390,35.634
138391,104.314461810531
138392,45.0712714949673
138393,63.3417175837598
138394,25.968
138395,32.3642659422778
138396,43.3293877456812
138397,326.157630573391
138398,55.972
138399,41.5893772659805
138400,74.3103661009719
138401,85.1476425840259
138402,63.5911615718012
138403,66.7245809884857
138404,29.764
138405,37.1044546968734
138406,30.088
138407,28.5942311797811
138408,32.016
138409,56.595
138410,26.348
138411,40.662816965165
138412,36.9248071660538
138413,35.287
138414,26.342
138415,38.384
138416,21.03
138417,30.311
138418,26.9903846706564
138419,29.004
138420,22.067
138421,31.4225487186244
138422,19.815
138423,27.8673610830853
138424,25.3352591400815
138425,26.3890274497712
138426,18.844
138427,26.1777713884553
138428,17.836
138429,24.291
138430,23.438
138431,24.769
138432,18.948
138433,26.8881661376157
138434,18.759
138435,25.09
138436,24.138
138437,24.1011816226481
138438,18.575
138439,25.612
138440,18.247
138441,24.1031483489544
138442,23.4157220524568
138443,23.472
138444,18.04
138445,27.0849470560603
138446,17.984
138447,24.036
138448,23.429
138449,23.634
138450,18.421
138451,29.3519875266293
138452,19.029
138453,24.1510899276776
138454,23.502
138455,23.612
138456,19.526
138457,31.2295103939651
138458,19.7693118058707
138459,24.378
138460,23.702
138461,24.193
138462,19.993
138463,34.6148755921072
138464,20.7733072267523
138465,25.147
138466,24.525
138467,25.45
138468,21.024
138469,36.6433696234136
138470,23.872
138471,27.305
138472,26.329
138473,27.267
138474,23.552
138475,21.755
138476,19.335
138477,21.065
138478,20.568
138479,21.189
138480,18.9728469824869
138481,12.472
138482,15.222
138483,18.038301345293
138484,17.956
138485,18.689
138486,14.6241984312169
138487,10.5007134809935
138488,14.9442048123537
138489,18.38
138490,18.529
138491,18.757
138492,14.4
138493,5.15100287513186
138494,14.814
138495,19.265
138496,20.0431411489199
138497,20.346
138498,14.989
138499,3.876
138500,17.821416142895
138501,21.009
138502,22.589
138503,22.793
138504,18.906
138505,3.732180603785
138506,19.868
138507,22.1131965407568
138508,22.111
138509,25.151
138510,19.696
138511,5.8732583987078
138512,19.449
138513,23.367
138514,23.049
138515,25.859
138516,20.576686272965
138517,7.525
138518,18.426
138519,23.4974570745236
138520,23.653
138521,26.459
138522,19.594
138523,6.71638055342795
138524,17.278
138525,25.577
138526,24.1119826731672
138527,25.887
138528,17.8985536826147
138529,7.492
138530,18.938
138531,29.7946888878429
138532,25.4647893958841
138533,30.207
138534,19.617
138535,26.5950991133047
138536,26.4440246445225
138537,44.5677991787794
138538,23.761
138539,24.7772010452814
138540,23.679
138541,50.6043901313671
138542,37.5860744635661
138543,57.9352532301055
138544,28.546
138545,38.9843898922405
138546,33.9063625643662
138547,30.8788115107872
138548,25.800405466886
138549,34.294500202726
138550,25.213
138551,24.701
138552,24.021
138553,24.4243302803819
138554,19.47
138555,26.226
138556,22.974
138557,22.609
138558,20.993
138559,22.468
138560,17.0079454530883
138561,24.467
138562,21.754
138563,21.563
138564,19.142
138565,20.808
138566,15.749
138567,23.01
138568,22.383
138569,22.412
138570,16.5059741755268
138571,20.077
138572,9.57
138573,22.224
138574,19.307
138575,20.0047544793377
138576,9.329
138577,19.48
138578,7.875
138579,21.401
138580,21.049
138581,20.244
138582,7.55224521990058
138583,19.306
138584,7.708
138585,20.821
138586,20.545
138587,20.407
138588,7.53116564071758
138589,19.171
138590,9.13308534191877
138591,21.085
138592,20.6448867956206
138593,21.701
138594,8.111
138595,19.204
138596,10.813
138597,21.46
138598,21.37
138599,21.982
138600,9.139
138601,19.427
138602,13.3880424347626
138603,21.499
138604,21.537
138605,21.9699417614649
138606,13.738
138607,19.753
138608,14.366
138609,21.7827304231387
138610,21.77
138611,22.328
138612,14.4484254321095
138613,22.41
138614,15.8709640878416
138615,23.3090806428389
138616,22.429
138617,23.0957079059978
138618,15.2915195724898
138619,12.625
138620,7.879
138621,18.982
138622,18.9492759095684
138623,19.418
138624,6.409
138625,-0.448
138626,-1.43
138627,15.723
138628,15.963
138629,16.867
138630,-2.584
138631,-2.984
138632,-4.789
138633,16.5330991876103
138634,17.86
138635,18.85
138636,-5.16436500555688
138637,-1.792
138638,-4.64963702073295
138639,19.8856155469482
138640,20.6033489081419
138641,21.291
138642,-4.235
138643,2.282
138644,-2.66082396299675
138645,21.951
138646,22.955
138647,24.371
138648,-2.55858176635488
138649,11.8328508281302
138650,1.69378063691462
138651,24.1790673364171
138652,24.407
138653,26.6478570956206
138654,0.186556412230973
138655,17.654
138656,8.14747832905685
138657,25.97
138658,25.612
138659,27.1277049965346
138660,7.69321390065362
138661,21.063
138662,9.8138050943912
138663,28.278
138664,27.847
138665,29.7498871102724
138666,12.995
138667,22.549
138668,13.82
138669,31.8180908426169
138670,30.762
138671,33.315
138672,14.217
138673,27.8325471188003
138674,14.805
138675,38.012
138676,36.7302678437731
138677,38.3018979164014
138678,14.7317441807154
138679,56.5089352951561
138680,21.448
138681,69.9506265883577
138682,59.868
138683,69.4099684213897
138684,21.419909475509
138685,67.835
138686,24.2183538954982
138687,79.1161973385928
138688,60.1370601968771
138689,77.0242914827718
138690,24.145
138691,31.962
138692,23.045
138693,33.4912271359193
138694,25.23
138695,31.907
138696,23.474
138697,27.434
138698,21.296
138699,29.356
138700,23.495
138701,26.908
138702,22.105
138703,25.4046390197262
138704,18.227
138705,25.316
138706,21.451
138707,22.273733031371
138708,18.302
138709,23.518
138710,16.1771673865729
138711,23.159
138712,21.684
138713,20.3950288805992
138714,16.255
138715,22.302
138716,15.425
138717,23.431
138718,19.0617923342316
138719,21.2207094960342
138720,15.2089739263412
138721,21.3935100218572
138722,14.981
138723,22.491
138724,21.219
138725,20.698
138726,13.739
138727,21.7309182767084
138728,15.988
138729,22.955
138730,21.7351795321729
138731,20.655
138732,14.939
138733,21.841
138734,18.48568473006
138735,23.4826892069668
138736,21.863
138737,21.54
138738,17.0371730404793
138739,22.824
138740,20.176
138741,23.881
138742,22.323
138743,22.387
138744,19.1110935198902
138745,26.636
138746,22.8160041067809
138747,25.995
138748,23.864
138749,23.469
138750,21.902
138751,32.4764895332893
138752,25.7042958188625
138753,29.5426863010599
138754,26.3430505688523
138755,25.546
138756,26.3762969491774
138757,36.4596405928886
138758,29.9993456213464
138759,33.3687415495548
138760,30.0512152982154
138761,29.236677059308
138762,30.3181617784291
138763,22.4180942062647
138764,23.481
138765,25.0022793722885
138766,23.904
138767,23.74
138768,23.202
138769,16.7457275979124
138770,19.917
138771,21.811152909575
138772,20.898398670676
138773,21.4909517719784
138774,19.945
138775,17.2632431146356
138776,19.461
138777,22.391
138778,21.155
138779,21.865
138780,19.324
138781,16.931
138782,20.013
138783,23.944
138784,22.731
138785,23.635
138786,20.384
138787,21.3569879013549
138788,22.611
138789,26.579920623232
138790,24.978
138791,26.8755898035592
138792,22.066
138793,24.424
138794,27.75
138795,30.4152463135359
138796,30.311
138797,30.932718083789
138798,27.685
138799,33.41
138800,32.718710210825
138801,35.3238512644688
138802,35.328
138803,36.885
138804,33.1193518217608
138805,33.607
138806,39.7662782945855
138807,41.907
138808,41.1775640774535
138809,43.6884895263656
138810,38.9646674648987
138811,37.774
138812,45.9235558401462
138813,53.8836080232027
138814,54.4443062392923
138815,53.5491847930929
138816,49.2583728637902
138817,48.105
138818,59.6573057473964
138819,73.2329162690544
138820,39.1843899894111
138821,64.6714511384589
138822,52.1342613495195
138823,120.548971324837
138824,137.823543760208
138825,87.7483493793868
138826,105.677535105086
138827,149.314627775569
138828,70.79
138829,123.619884703005
138830,97.5673280309268
138831,56.706861923585
138832,125.041275398081
138833,108.673
138834,104.165695767619
138835,59.9224105272531
138836,43.5804709287457
138837,54.2981586006448
138838,28.4081032119586
138839,29.466
138840,57.8330023062333
138841,45.6797529064291
138842,34.5943165634139
138843,43.508
138844,22.708
138845,25.056
138846,36.2073570760478
138847,44.408
138848,29.7696444796153
138849,36.02
138850,27.3045882878435
138851,24.68
138852,31.8072199282745
138853,42.951
138854,26.7474807240579
138855,29.9953360345284
138856,25.661
138857,25.9079400539988
138858,25.194
138859,32.4204279895854
138860,22.33
138861,26.2152703595945
138862,23.727
138863,23.178
138864,23.205
138865,36.466
138866,24.851
138867,27.0720633167518
138868,25.402
138869,24.645
138870,22.956
138871,36.4687676649571
138872,26.091
138873,28.303
138874,26.2780010437319
138875,24.424
138876,22.643
138877,41.4456197141071
138878,25.961
138879,29.8678218052228
138880,26.888
138881,27.157
138882,24.173
138883,47.9990561948352
138884,24.525
138885,30.7459807621161
138886,26.809
138887,27.839
138888,26.557
138889,62.9211057040993
138890,26.5926600309075
138891,32.817
138892,28.614
138893,28.8723670910903
138894,28.541885856119
138895,68.2522659107551
138896,28.4540764944076
138897,36.157
138898,32.2292203956182
138899,31.064
138900,28.31
138901,66.1363267119794
138902,26.737
138903,37.581
138904,34.178
138905,33.968
138906,29.2683521901814
138907,32.9276398646001
138908,21.864
138909,28.2614395352439
138910,27.218
138911,26.529
138912,21.705
138913,25.9867087708921
138914,17.887
138915,24.301
138916,24.68
138917,24.4933653331836
138918,17.809
138919,27.275
138920,19.267
138921,25.4851544466684
138922,25.743
138923,24.7292310000872
138924,19.019
138925,26.942
138926,23.023
138927,27.2065697371117
138928,22.729
138929,25.572
138930,21.99
138931,26.135
138932,26.106
138933,30.707
138934,30.4724914525318
138935,28.622
138936,26.3154582741951
138937,32.0469433076777
138938,30.0790902146504
138939,38.9143937540935
138940,36.274
138941,36.5286859732765
138942,29.736
138943,30.707
138944,35.9757546522642
138945,43.784
138946,42.169
138947,43.2508949702904
138948,36.7568107881885
138949,30.0683415115424
138950,41.8848497444867
138951,31.960287928158
138952,50.1596450660615
138953,51.4507068491974
138954,43.331709195848
138955,22.9598569445635
138956,54.6406667780391
138957,35.216
138958,57.4171144907166
138959,61.6053739031619
138960,51.8367715126984
138961,61.9572843134813
138962,75.8272927264697
138963,85.4563772636306
138964,78.6870536829343
138965,83.9103968187171
138966,75.901189753863
138967,126.511798425235
138968,118.164981943045
138969,124.658143958615
138970,51.1869455375227
138971,131.018236431806
138972,102.766624263164
138973,205.896174549735
138974,113.287892311047
138975,105.845165948895
138976,22.3408416571629
138977,30.0219743806797
138978,98.5211326278697
138979,134.676867679187
138980,57.9843158636053
138981,66.9453424669148
138982,28.3996740349618
138983,37.9630929916924
138984,51.835931984481
138985,69.214
138986,38.2311233214235
138987,48.5640805516151
138988,30.033
138989,36.7139902360258
138990,38.152
138991,57.1032681663466
138992,29.774
138993,39.837
138994,28.128
138995,33.231
138996,31.174
138997,47.0188204060028
138998,27.148
138999,36.3591558189416
139000,29.6876273533432
139001,31.2578653959309
139002,28.2183652264542
139003,59.5673785522905
139004,28.5645269339728
139005,36.566
139006,33.186
139007,32.659
139008,28.516
139009,68.988
139010,27.321
139011,35.4229425183632
139012,33.5849357576742
139013,34.1479470279526
139014,27.9956957486029
139015,74.1561964811903
139016,28.9830661161835
139017,36.0324791096275
139018,33.4598616318447
139019,34.645
139020,28.332
139021,77.7071224079259
139022,31.118
139023,36.3451366154694
139024,33.655
139025,35.0838210122032
139026,29.656
139027,65.1878420972939
139028,30.8910028913229
139029,35.4900170397451
139030,33.1301830205846
139031,34.4744371557658
139032,30.385
139033,57.8892472759393
139034,30.2738127418756
139035,34.9392125405185
139036,30.7297114096636
139037,34.4061796398075
139038,29.739
139039,58.4360615248207
139040,35.795
139041,36.9590904059808
139042,35.5367999120512
139043,37.6466223051449
139044,34.0568762132494
139045,57.609
139046,37.778
139047,36.751
139048,36.02
139049,37.2144214355999
139050,35.6798474269563
139051,30.9
139052,29.2011936358916
139053,27.824
139054,27.103
139055,28.45
139056,29.27
139057,22.611
139058,23.24
139059,23.688
139060,24.229
139061,24.2029258522141
139062,22.9778634124986
139063,23.451
139064,23.303
139065,23.526
139066,22.141
139067,24.805
139068,23.022
139069,24.937
139070,24.8081180997298
139071,24.106
139072,25.743
139073,26.5546070151213
139074,25.1631745995159
139075,29.2607281108376
139076,28.407
139077,26.629
139078,28.389
139079,25.814
139080,27.939
139081,32.418
139082,31.0192881313781
139083,30.9955513582747
139084,28.687
139085,29.093
139086,32.3524242714655
139087,42.4361593098774
139088,37.383
139089,35.5481003403781
139090,37.805510807643
139091,37.9989074171925
139092,37.8193369789448
139093,45.3422389107945
139094,44.8514498358811
139095,42.3279241030609
139096,46.4038993561516
139097,44.367073578505
139098,44.6955044852499
139099,54.918
139100,58.301
139101,57.8472639232877
139102,21.1783566846895
139103,42.7582383172994
139104,57.5381395151696
139105,68.5843115497951
139106,75.1968483538129
139107,78.0064329761681
139108,22.353
139109,27.3382381486667
139110,74.9653935225888
139111,144.711722354199
139112,136.796647179119
139113,118.816761501787
139114,86.3518895639426
139115,47.4030473609232
139116,137.599488357153
139117,188.312068750318
139118,136.420556124958
139119,133.269401438559
139120,62.3905834228092
139121,90.208187916508
139122,139.963680905662
139123,85.9433215058612
139124,80.9782558512729
139125,71.2346565316306
139126,68.268686620238
139127,74.7534422004366
139128,78.9106937964961
139129,64.997953481464
139130,62.376404593439
139131,53.6922748675326
139132,59.3701846620435
139133,59.7126225143227
139134,60.869
139135,50.3416821430594
139136,45.829
139137,38.7907900616682
139138,42.7622574390236
139139,43.5021633720588
139140,41.557
139141,49.4366759624901
139142,32.608
139143,34.273
139144,34.862
139145,38.785
139146,34.161
139147,45.6489839892178
139148,31.513
139149,33.0008998765699
139150,32.7291940601675
139151,33.7113073143461
139152,31.7362519785969
139153,41.7608409592811
139154,26.031
139155,30.253
139156,28.7526666082772
139157,30.982
139158,26.653
139159,43.5367362027831
139160,23.912
139161,29.635
139162,28.304
139163,29.884
139164,25.0636899157766
139165,47.5619486501681
139166,23.852
139167,29.869
139168,28.468731720062
139169,29.656
139170,24.71
139171,54.4515241661682
139172,25.348
139173,29.4061039310525
139174,27.8955832297029
139175,29.523
139176,24.435
139177,55.3263821935748
139178,27.8850979620022
139179,30.445
139180,28.968
139181,30.414
139182,25.937
139183,71.3576070780218
139184,33.739
139185,32.468
139186,30.32
139187,33.9160370055505
139188,32.691
139189,68.8748093315042
139190,36.4712615198615
139191,32.592
139192,31.868
139193,34.9261268168374
139194,35.7091465887624
139195,28.379
139196,25.806
139197,23.652
139198,25.065811621966
139199,25.948
139200,25.97
139201,21.305
139202,20.737
139203,20.568
139204,22.353
139205,22.046
139206,20.9106555401711
139207,20.552
139208,20.249
139209,20.593
139210,21.6613745068678
139211,21.816
139212,20.362
139213,20.797
139214,21.509
139215,21.7215981395199
139216,21.724
139217,23.0888643908223
139218,21.416
139219,22.6614894990608
139220,22.8216164576177
139221,23.64
139222,23.711
139223,24.8912872386016
139224,23.081
139225,24.4220181764251
139226,25.248
139227,24.32
139228,25.561
139229,26.1833048078155
139230,25.691
139231,27.0808573213214
139232,27.346
139233,25.5192779923611
139234,26.895
139235,28.682
139236,28.442
139237,27.717
139238,31.569284776902
139239,27.1608285552433
139240,28.618
139241,30.3038666733048
139242,32.118
139243,32.887
139244,37.1112137606634
139245,32.811669496858
139246,24.551
139247,36.9456263985136
139248,37.34
139249,42.124
139250,51.6523036317657
139251,38.508
139252,35.331
139253,47.9616368301528
139254,54.6536624565458
139255,108.757638125899
139256,122.304416588782
139257,75.1901611471274
139258,91.1331165047285
139259,101.080663097258
139260,108.770602032561
139261,141.43847131663
139262,97.7879369387616
139263,90.634
139264,73.4679199675917
139265,79.0329679645522
139266,107.18
139267,76.8603806371939
139268,41.4749570647634
139269,58.5424639711749
139270,42.236482105462
139271,39.207
139272,47.3690790010099
139273,60.725
139274,33.344319811791
139275,40.7880516069411
139276,32.846
139277,33.772
139278,34.3028081727611
139279,52.0903666157545
139280,29.194
139281,35.886
139282,31.4816304057217
139283,30.251
139284,30.8517436813421
139285,46.7795869461315
139286,24.203
139287,30.671
139288,28.203
139289,27.733
139290,24.419
139291,49.1570392368273
139292,22.197
139293,27.2091050306883
139294,27.588
139295,28.1726396075201
139296,21.7359183620184
139297,38.579
139298,23.0627505096631
139299,26.922506474912
139300,26.393918885257
139301,27.173
139302,21.856
139303,40.0366743651167
139304,22.95
139305,26.254
139306,25.217
139307,26.35
139308,22.717
139309,35.881923054711
139310,23.186
139311,26.327
139312,25.294
139313,26.25
139314,23.083
139315,33.9811695553538
139316,23.1095851166246
139317,26.663
139318,25.432
139319,26.472
139320,23.252
139321,37.53
139322,24.984
139323,28.094
139324,27.126
139325,28.056
139326,25.405414803544
139327,40.666
139328,27.978
139329,29.1690836012554
139330,28.119
139331,29.328
139332,27.352
139333,44.6722821317816
139334,31.7165884528292
139335,30.567
139336,29.0922104386075
139337,31.487
139338,29.762
139339,25.1382343336631
139340,23.522
139341,23.0208685803069
139342,22.771
139343,25.301
139344,22.18
139345,19.33
139346,18.8576198013192
139347,19.967
139348,20.27
139349,21.684
139350,18.748
139351,18.966
139352,19.151
139353,20.517
139354,20.418
139355,22.161
139356,18.7700631432627
139357,19.309
139358,18.593
139359,21.434
139360,20.872
139361,22.5736378029174
139362,18.185
139363,21.785
139364,21.371
139365,23.0731023358935
139366,23.133
139367,23.864
139368,21.377
139369,23.617
139370,24.438
139371,26.578
139372,25.714
139373,27.2162046268024
139374,24.482
139375,24.448
139376,26.1841791313084
139377,28.030830915331
139378,27.308
139379,28.2480545923219
139380,27.2380633119499
139381,28.6561556663946
139382,30.244
139383,31.779
139384,30.3827318413317
139385,33.2
139386,30.608
139387,31.6887132596884
139388,34.1939318764211
139389,37.629409919549
139390,32.349
139391,38.183
139392,35.548
139393,48.6131664733919
139394,50.163
139395,55.2630930378879
139396,53.3456825595723
139397,25.464
139398,52.924091258361
139399,172.081029186314
139400,119.497448056852
139401,141.222610908147
139402,76.7961777508611
139403,39.3613126715934
139404,101.345216430072
139405,177.937031606272
139406,115.050946420738
139407,128.946725849315
139408,77.068757829467
139409,108.436365619764
139410,99.9216005390771
139411,73.1883820204051
139412,41.6335632989752
139413,61.5157609395542
139414,50.2755628569348
139415,63.16
139416,42.248682820244
139417,87.7455187625934
139418,31.5260930294329
139419,36.8060709721398
139420,34.9758111251462
139421,39.517
139422,34.2681441480822
139423,55.5836144705017
139424,27.694
139425,33.51
139426,29.609
139427,31.4200055621884
139428,29.315
139429,60.8656592716252
139430,24.1651789187576
139431,27.277
139432,26.097
139433,24.772
139434,24.743
139435,53.3715218190057
139436,23.2322127213747
139437,27.339
139438,29.0553564963149
139439,29.226
139440,22.1
139441,37.3045447239286
139442,22.107
139443,26.195
139444,27.2728008197912
139445,27.214
139446,22.373
139447,37.7175270627896
139448,21.868
139449,25.050675949979
139450,25.861
139451,25.5697922611765
139452,21.2374020767309
139453,44.131
139454,21.864
139455,25.253
139456,24.805
139457,26.3893093324368
139458,22.161
139459,43.4348885375807
139460,22.405
139461,26.031
139462,26.6864078246193
139463,25.6463552324211
139464,22.569
139465,43.052634878559
139466,24.227
139467,27.204
139468,27.366
139469,26.571
139470,23.5083296907335
139471,49.058
139472,26.078
139473,28.2031866511858
139474,28.7256184537725
139475,26.9032230867899
139476,24.673985988362
139477,51.4189502446734
139478,27.5954185106441
139479,30.3446809277874
139480,30.9659318799759
139481,29.378
139482,26.654
139483,26.207
139484,21.686
139485,22.21
139486,23.5423527675204
139487,22.4633876459546
139488,21.713
139489,18.479
139490,18.3314415844589
139491,18.014
139492,19.876
139493,19.247
139494,17.671
139495,19.41
139496,16.3889713508878
139497,18.9350341659925
139498,20.0447590221637
139499,20.277
139500,16.338
139501,16.4297882285494
139502,16.158
139503,19.381
139504,20.502
139505,20.72
139506,15.9033313159816
139507,17.067
139508,18.4259735321884
139509,21.15
139510,22.288
139511,22.2053940629869
139512,18.216
139513,17.2501848290896
139514,20.216
139515,22.25
139516,23.768
139517,24.595
139518,20.151
139519,16.0470657034572
139520,19.9397928281388
139521,23.166
139522,24.875
139523,25.953
139524,20.659
139525,11.506
139526,19.4839019020374
139527,24.28
139528,25.561
139529,25.57
139530,17.989
139531,9.76450380892257
139532,18.956
139533,29.4440301756437
139534,29.168
139535,29.5472903198316
139536,19.533
139537,17.814
139538,21.752
139539,35.9128022607776
139540,35.5546875573979
139541,36.2948569894964
139542,19.254
139543,37.7447706752452
139544,32.2686312488734
139545,92.5470424597689
139546,73.7564743606663
139547,81.6983837665111
139548,34.112
139549,57.8787004989924
139550,39.86
139551,73.718
139552,75.2701597782102
139553,81.1228315261057
139554,43.5907667684246
139555,33.9102686865713
139556,24.59
139557,30.938
139558,38.701
139559,39.8728815032282
139560,24.509
139561,32.601
139562,21.7477081319795
139563,24.458
139564,27.9983940674778
139565,26.6457614561017
139566,21.197
139567,26.738
139568,18.807
139569,22.967
139570,20.434
139571,22.5351971082132
139572,18.9699387250594
139573,22.5047985226305
139574,16.1374565632314
139575,21.176
139576,18.857
139577,20.96
139578,16.6060205664905
139579,18.755
139580,7.35477704677091
139581,18.062
139582,19.345
139583,17.4507605948485
139584,7.872
139585,18.278
139586,6.748
139587,18.559
139588,18.083
139589,13.892
139590,8.42602326098378
139591,17.873
139592,5.972
139593,18.343
139594,17.9302535542811
139595,16.2710935049099
139596,6.29533429114504
139597,17.675
139598,6.29688659404295
139599,17.925
139600,17.789
139601,17.306
139602,6.69442975871806
139603,17.621
139604,7.55441088895518
139605,18.476
139606,17.6675127564437
139607,17.624
139608,11.2353869915867
139609,19.74
139610,8.525
139611,19.273
139612,18.46
139613,18.0697539899634
139614,11.8710151367843
139615,20.736
139616,14.869
139617,20.067
139618,19.0359035333067
139619,19.43
139620,16.308
139621,20.0913096320929
139622,17.67
139623,21.248
139624,20.7986161541832
139625,20.84
139626,18.719
139627,13.549
139628,15.9591071729752
139629,17.554
139630,16.1824047142952
139631,15.909
139632,16.167
139633,2.43
139634,7.36539872581339
139635,12.493
139636,12.2416116935091
139637,12.51
139638,4.47
139639,-1.18557202293134
139640,0.628559220830535
139641,13.754
139642,12.583
139643,12.179
139644,-0.054
139645,1.14465239052909
139646,0
139647,14.595
139648,13.9381562188193
139649,12.3615603339708
139650,-1.23390676145443
139651,12.2168898264037
139652,5.75
139653,16.096
139654,17.855
139655,17.756
139656,4.775
139657,15.568
139658,12.5908835718618
139659,18.969
139660,20.567
139661,21.025
139662,13.52
139663,20.1129984873818
139664,17.8054161148681
139665,21.985
139666,22.033
139667,22.164
139668,17.416
139669,22.505
139670,16.498
139671,22.5080448912651
139672,22.961
139673,23.238
139674,16.235
139675,19.37
139676,20.1628539590338
139677,23.307
139678,23.905
139679,25.3222072863461
139680,19.407
139681,36.329
139682,28.715
139683,28.242
139684,30.4450306420532
139685,31.121
139686,23.225
139687,138.370921475154
139688,59.1595827923555
139689,46.352
139690,66.8919047197734
139691,59.6719091649038
139692,40.6235703179477
139693,178.560842607335
139694,72.1987179265207
139695,37.7859006409279
139696,56.013
139697,53.3576385116767
139698,43.7288177393801
139699,116.817817874122
139700,43.644
139701,25.969
139702,28.7336846403843
139703,31.9152544264677
139704,31.6938603964357
139705,79.8843020205452
139706,27.6090043201903
139707,24.71
139708,26.036
139709,26.829
139710,27.7402886795065
139711,32.201
139712,26.3264312689108
139713,23.019
139714,21.561
139715,21.376
139716,29.27
139717,29.965
139718,26.186158350047
139719,21.364
139720,17.438
139721,18.832
139722,26.0110001119408
139723,25.341
139724,17.6129017805595
139725,20.57
139726,17.9221859028166
139727,17.6186680258134
139728,16.658
139729,24.299
139730,15.669
139731,20.59
139732,18.2211731145501
139733,17.279
139734,18.1582539212009
139735,24.621
139736,15.327
139737,20.985
139738,19.269
139739,19.1658445434752
139740,17.517
139741,30.7014293305138
139742,14.585
139743,20.705
139744,19.6697875331732
139745,19.6441776007903
139746,20.149
139747,28.133
139748,18.35
139749,21.62
139750,19.9753578658833
139751,19.512
139752,18.577
139753,26.7361733694936
139754,21.2238752836237
139755,23.8525527497176
139756,22.3821188111842
139757,21.228
139758,21.527
139759,29.797
139760,23.828
139761,25.912
139762,24.577
139763,23.945
139764,24.8339153025523
139765,39.124946091033
139766,29.4916680670105
139767,30.586
139768,28.993252427473
139769,26.514
139770,29.5053101869557
139771,25.6180123173455
139772,23.703
139773,24.5801615814963
139774,23.484
139775,22.841
139776,24.097
139777,20.178
139778,22.284
139779,21.382
139780,20.735
139781,20.662
139782,22.3078473909742
139783,18.823
139784,22.4030196679718
139785,23.315
139786,20.687
139787,20.654
139788,23.338
139789,22.4132009142944
139790,24.528
139791,23.787
139792,20.92
139793,21.096
139794,25.103
139795,23.016
139796,26.152
139797,24.531
139798,21.586
139799,22.521
139800,25.661
139801,26.58
139802,28.5547131937821
139803,27.9857875667986
139804,24.453
139805,25.796
139806,30.088
139807,31.4741543082228
139808,32.557
139809,30.042
139810,26.2154662989199
139811,27.9455611214783
139812,33.46
139813,30.6571840166174
139814,32.203
139815,31.367578848143
139816,25.495
139817,25.475
139818,33.11441832788
139819,32.305
139820,39.1308945647315
139821,37.5002508780071
139822,30.4231470514361
139823,29.0442261327664
139824,40.065
139825,35.685
139826,50.3475081075425
139827,25.704
139828,32.7401571640704
139829,40.4605417480109
139830,48.0396184020173
139831,48.106
139832,77.2020684804491
139833,47.7882714593817
139834,71.157
139835,61.6283339261248
139836,88.8278366426654
139837,61.8991386090088
139838,64.3967553600965
139839,42.6541763888856
139840,33.919
139841,62.3937978251571
139842,78.9720186048115
139843,38.4487150320627
139844,39.0087517221424
139845,33.595
139846,33.231
139847,25.451328781156
139848,38.2219526946903
139849,30.4604665682238
139850,33.555130564852
139851,30.498151809813
139852,27.128
139853,26.6851067778248
139854,28.4067980494848
139855,24.784
139856,26.9699121573323
139857,24.827
139858,25.02
139859,21.581
139860,24.392
139861,22.3918060408539
139862,25.436
139863,23.004
139864,21.013
139865,21.7488398586654
139866,22.268
139867,23.998
139868,21.299
139869,21.884
139870,21.214
139871,19.3535735996378
139872,18.925
139873,20.954
139874,18.564
139875,21.977
139876,21.8111345242422
139877,20.969
139878,17.621
139879,20.682
139880,18.8928741294688
139881,22.121
139882,22.395
139883,20.883
139884,18.023
139885,20.92
139886,20.167
139887,22.768
139888,22.894
139889,22.141
139890,18.128
139891,21.24
139892,20.127
139893,23.227
139894,23.428
139895,22.798
139896,18.886
139897,22.771
139898,22.512
139899,24.7792504535182
139900,24.997
139901,24.9735252885885
139902,20.548
139903,25.554
139904,26.096
139905,27.6654920327753
139906,27.923
139907,27.9540714641238
139908,23.002
139909,31.381
139910,29.6988334458742
139911,30.293
139912,30.186
139913,30.1285031733689
139914,25.6407386629518
139915,24.438
139916,23.605
139917,23.317
139918,23.702
139919,24.0208178582898
139920,21.611
139921,17.297
139922,18.56
139923,19.3118046457403
139924,20.047
139925,21.455
139926,17.621
139927,13.1518293710729
139928,17.085
139929,18.247
139930,20.425
139931,21.115
139932,17.085
139933,10.858
139934,18.295
139935,19.327
139936,21.705
139937,21.4875202353987
139938,18.3912282757541
139939,7.14858179951038
139940,19.513
139941,21.788
139942,23.7115951296006
139943,23.884
139944,19.564
139945,11.3712785776663
139946,20.991
139947,25.066
139948,26.1783281518438
139949,26.661
139950,21.021
139951,10.857
139952,22.248
139953,28.042
139954,29.065
139955,29.117
139956,22.634
139957,14.4282303058253
139958,23.481
139959,29.808
139960,30.079
139961,31.5420983253373
139962,23.7271382369246
139963,15.486
139964,27.5721347959129
139965,37.0319258204687
139966,36.4510027849999
139967,38.668133416946
139968,28.5161697457284
139969,20.9404956657433
139970,34.547
139971,52.9249254567483
139972,48.7663123882567
139973,49.4725844825244
139974,39.6485219332338
139975,46.4531109300613
139976,71.2985864290585
139977,97.4975141720365
139978,79.9954683779569
139979,62.01683235382
139980,69.3869487887154
139981,73.5696251677539
139982,64.394
139983,68.5169355324827
139984,72.3708473276942
139985,39.154459219297
139986,63.6665761789379
139987,51.5547939594474
139988,43.0077110640177
139989,38.735
139990,38.4121180254331
139991,33.892
139992,38.2173222414726
139993,39.6158541533862
139994,28.28
139995,30.8439487862673
139996,28.6011577479532
139997,30.484
139998,30.227
139999,33.949
140000,23.317
140001,25.474
140002,24.486
140003,24.921
140004,23.479
140005,31.819
140006,21.22
140007,24.631
140008,21.655
140009,24.077
140010,20.793
140011,30.1392026796307
140012,19.7136721003534
140013,23.3806257352948
140014,21.621866754297
140015,20.8774201526683
140016,20.578
140017,30.629
140018,19.674
140019,23.5241701133401
140020,23.104
140021,22.491
140022,20.228
140023,30.539
140024,19.47
140025,23.552
140026,23.366
140027,22.79
140028,19.99
140029,34.106
140030,20.6414153211184
140031,23.951
140032,23.494
140033,23.085
140034,20.94
140035,33.5130470774349
140036,21.937
140037,25.505
140038,24.2846320898244
140039,25.151
140040,22.033
140041,46.8157102301208
140042,23.664
140043,27.2502283476814
140044,26.1101467128945
140045,26.472
140046,23.714
140047,55.1185184936868
140048,27.371
140049,30.512
140050,29.192
140051,28.675
140052,26.552
140053,55.7832031967014
140054,31.2712543216613
140055,33.758
140056,31.8130954632883
140057,31.402
140058,30.2396638761476
140059,23.344
140060,23.654
140061,24.15
140062,23.968
140063,24.1030279202203
140064,23.69
140065,18.703
140066,19.402
140067,19.840858831242
140068,20.178
140069,20.437
140070,19.284
140071,16.296
140072,19.945
140073,20.3219792580718
140074,20.49
140075,21.014671667033
140076,19.664
140077,12.9047908232727
140078,19.354
140079,20.94
140080,21.448
140081,21.741
140082,19.329
140083,13.67
140084,21.495
140085,22.88
140086,23.144
140087,23.4032119896169
140088,21.394
140089,17.686
140090,23.066
140091,25.681
140092,25.8153548246206
140093,26.394
140094,23.511
140095,19.097
140096,23.2080957487787
140097,27.6
140098,27.022703877559
140099,27.864
140100,23.702
140101,18.596
140102,23.936
140103,29.609
140104,28.8328957835323
140105,29.7652910242026
140106,24.769
140107,18.409760045641
140108,25.813
140109,32.449
140110,31.7165724827278
140111,32.7597031382092
140112,25.3254612462519
140113,22.134
140114,32.1809990591362
140115,44.7006862859
140116,43.339
140117,42.967
140118,31.6360832359673
140119,57.7404214600561
140120,61.3392207056434
140121,118.955203670705
140122,103.728761166526
140123,100.094520705574
140124,61.9302761115155
140125,75.9973491443342
140126,45.283
140127,73.7679936513262
140128,70.3427447982327
140129,75.457
140130,50.7454373019686
140131,53.7810587551089
140132,29.403
140133,33.425290370516
140134,34.277
140135,40.599
140136,34.85
140137,37.4811174209264
140138,23.174
140139,26.471
140140,21.927
140141,24.0933435970195
140142,23.717
140143,32.678
140144,20.284
140145,24.459
140146,21.314
140147,21.6679646966888
140148,21.37
140149,28.7040204040752
140150,18.14
140151,23.02
140152,20.467
140153,20.879
140154,19.347
140155,28.79
140156,16.959
140157,21.52
140158,19.6010992840072
140159,18.407
140160,16.4147754294238
140161,29.672
140162,16.168
140163,21.865
140164,20.205595933739
140165,18.1038152574431
140166,15.578
140167,29.4234175879139
140168,16.13
140169,22.259
140170,20.657
140171,19.3804527318197
140172,15.086
140173,30.005
140174,18.315
140175,22.154
140176,20.983
140177,20.43
140178,17.0664273271126
140179,26.412590141178
140180,19.658
140181,22.7396324430654
140182,21.8
140183,21.2507263725278
140184,18.737
140185,29.019
140186,21.203
140187,24.043
140188,23.126
140189,22.693
140190,19.924
140191,28.272
140192,23.248
140193,26.6991792177037
140194,25.505
140195,24.965
140196,21.8175222558249
140197,29.771
140198,24.6677233519467
140199,28.659
140200,26.417
140201,26.4263462556643
140202,23.318
140203,19.749
140204,21.206111864365
140205,23.128
140206,22.263
140207,22.131
140208,20.047
140209,10.506
140210,16.095
140211,18.162
140212,17.7320026498803
140213,17.681
140214,15.2197455024718
140215,2.606
140216,15.121
140217,18.821
140218,17.939
140219,18.1443652734627
140220,15.2477104925604
140221,-1.09126732850511
140222,15.336
140223,19.42
140224,18.793
140225,18.789
140226,15.282
140227,-1.49
140228,14.7781304173307
140229,19.642
140230,20.658
140231,19.828347323528
140232,13.826
140233,1.82
140234,17.3727036122827
140235,22.165
140236,22.7500085608272
140237,22.449
140238,17.829
140239,4.042
140240,17.4364364394447
140241,22.529
140242,23.552
140243,24.222
140244,18.615
140245,7.721
140246,17.7
140247,23.1011765884761
140248,23.4783814529067
140249,25.154
140250,19.744
140251,9.421
140252,20.2017293668828
140253,26.962
140254,25.257
140255,26.397
140256,20.534
140257,16.423
140258,19.1068240769048
140259,30.806
140260,26.287
140261,30.046
140262,19.019
140263,31.461
140264,30.156
140265,44.2883079915599
140266,43.0399902015064
140267,55.5458793794784
140268,29.208
140269,40.4377446226512
140270,33.1825728189765
140271,38.7209841806699
140272,43.5438181535655
140273,54.2979596995058
140274,29.0976296449144
140275,26.236
140276,20.914
140277,27.138
140278,26.3913533888291
140279,31.117983834678
140280,23.296
140281,24.6326377301593
140282,19.115
140283,23.4996463621735
140284,18.981
140285,23.191
140286,17.326
140287,22.595
140288,16.195
140289,22.255
140290,18.7993106706401
140291,20.691
140292,14.685
140293,22.238
140294,11.176
140295,22.417
140296,17.683
140297,18.28
140298,10.4531504702887
140299,20.093
140300,14.3274075043351
140301,20.2078560791559
140302,15.838
140303,14.921
140304,11.755
140305,19.8118798469042
140306,15.8397748021148
140307,20.73
140308,17.9625844408626
140309,19.002
140310,11.048
140311,22.018
140312,16.633
140313,21.399
140314,19.307
140315,19.556
140316,13.8598939806298
140317,21.179
140318,17.0344086375021
140319,21.612
140320,20.0693452688323
140321,19.993
140322,16.2158834232824
140323,21.916
140324,18.474
140325,22.6815344418672
140326,20.832
140327,20.72
140328,16.589
140329,25.121
140330,20.943
140331,23.729
140332,22.7520286426228
140333,21.822
140334,18.161
140335,33.678
140336,22.213
140337,26.7773440949742
140338,25.203
140339,23.951
140340,22.4993173810638
140341,35.5455727727356
140342,26.352
140343,30.085
140344,27.556
140345,26.1709201375218
140346,25.493
140347,25.4817889802711
140348,21.616
140349,25.492
140350,24.246
140351,23.54
140352,22.031
140353,19.506
140354,19.027
140355,20.874
140356,20.3673984920081
140357,20.276
140358,17.733
140359,21.04
140360,14.389
140361,21.723004640509
140362,20.196
140363,20.358
140364,13.192
140365,22.494
140366,14.498
140367,22.652
140368,20.421
140369,20.447
140370,14.234
140371,25.217
140372,21.062
140373,25.63
140374,23.839
140375,23.899
140376,20.233
140377,29.1251763966497
140378,23.94
140379,29.481
140380,27.965
140381,28.581
140382,24.1153242011044
140383,31.5527237485462
140384,25.411
140385,31.602752248984
140386,31.2239569364291
140387,31.6662966508203
140388,26.1747606744593
140389,38.2247532502423
140390,27.727
140391,37.342590520118
140392,37.2151749924375
140393,37.914169937563
140394,29.255
140395,41.7296465654982
140396,30.645
140397,40.4153626592508
140398,40.4809677340598
140399,40.8465702435039
140400,28.241
140401,69.8137885029194
140402,43.4434386103372
140403,53.3306533977326
140404,54.021
140405,56.0999472695149
140406,39.231
140407,219.201984646444
140408,63.5290657022542
140409,59.1358855423232
140410,91.9571647082696
140411,81.2794646898289
140412,65.0680358373974
140413,120.849338487047
140414,47.826
140415,55.2203108889401
140416,63.1968861964486
140417,61.67
140418,56.7837902127151
140419,56.0918184921215
140420,30.5057908128891
140421,34.802
140422,39.5627768018506
140423,37.251
140424,31.096
140425,32.7331378230888
140426,23.014
140427,27.432
140428,22.7277829429734
140429,28.2005865064049
140430,22.438
140431,28.2315397333721
140432,19.911
140433,24.623
140434,16.63
140435,19.461
140436,19.451
140437,25.316
140438,17.019
140439,23.17
140440,16.3874795043971
140441,17.8215090789327
140442,16.332
140443,31.377
140444,14.807
140445,24.139565603241
140446,18.5042427264248
140447,18.458080381221
140448,15.645
140449,24.077
140450,16.1472453068734
140451,24.14
140452,21.8272130404694
140453,19.069
140454,17.206
140455,23.454
140456,16.323
140457,24.23
140458,21.649
140459,19.286
140460,15.86
140461,23.955
140462,14.78
140463,23.636
140464,21.363
140465,20.379
140466,13.86
140467,23.951
140468,13.34
140469,23.7223858169762
140470,21.22
140471,19.6415890356911
140472,13.88
140473,30.035
140474,15.997410694592
140475,23.42
140476,21.432
140477,20.373
140478,16.068
140479,29.616
140480,20.306
140481,25.0314018732425
140482,22.173
140483,21.532
140484,18.388
140485,61.9675049548113
140486,23.186
140487,25.858671015263
140488,24.083
140489,25.8147641080969
140490,21.0651130120629
140491,35.9724889110015
140492,17.0800094662797
140493,24.621
140494,22.353
140495,23.583
140496,17.474
140497,24.709
140498,17.159
140499,23.185
140500,21.617
140501,23.1
140502,16.743
140503,26.3524275311194
140504,21.694210563368
140505,21.642
140506,20.947
140507,23.039
140508,22.219
140509,21.012
140510,18.848
140511,22.1270408339527
140512,20.758
140513,22.197
140514,19.774
140515,12.112
140516,20.245
140517,22.177
140518,22.218
140519,22.839
140520,20.4798768987212
140521,1.15723412619228
140522,20.224
140523,22.248
140524,22.663
140525,25.319
140526,20.918
140527,0.724835012527481
140528,22.827
140529,23.513
140530,25.291
140531,27.528
140532,22.1049001125336
140533,1.049
140534,23.293
140535,24.6467605778333
140536,26.044
140537,27.884
140538,23.392
140539,10.824
140540,27.666
140541,28.795
140542,29.293
140543,32.7303772374003
140544,27.829
140545,20.352
140546,35.8819627664507
140547,36.3492419136406
140548,34.3638308819877
140549,39.844
140550,37.586
140551,75.5424132077031
140552,42.6406955795608
140553,80.9829083827607
140554,71.6944331752545
140555,79.7161788551086
140556,55.891
140557,180.416481233323
140558,61.1240470631683
140559,76.5765500423516
140560,66.543
140561,75.4564099032556
140562,44.1838839186328
140563,91.0986413978456
140564,32.2737132974615
140565,41.5572435223493
140566,41.2880559444082
140567,47.6110774238655
140568,34.3658920161033
140569,77.1048814263059
140570,26.756
140571,30.0274311499361
140572,32.4094322573044
140573,35.1826720433958
140574,27.3706492625583
140575,48.2451731233426
140576,24.8340541191445
140577,24.6932601304478
140578,22.18
140579,27.7202664539837
140580,24.482
140581,35.177
140582,17.549
140583,23.0618072501154
140584,23.78
140585,21.971
140586,23.638
140587,30.311
140588,14.177
140589,21.464
140590,21.271
140591,20.256
140592,13.745
140593,23.913
140594,15.063
140595,21.222
140596,22.42
140597,21.752
140598,12.601
140599,24.524
140600,13.5126208044722
140601,21.4929385817637
140602,22.6569672465473
140603,22.0183165099375
140604,12.372
140605,23.07
140606,17.626
140607,22.096
140608,23.1
140609,22.8557883867331
140610,15.818
140611,20.675
140612,19.91
140613,23.18
140614,23.41
140615,23.217
140616,17.942
140617,22.324
140618,20.463
140619,23.184301757921
140620,24.002
140621,24.355
140622,19.265
140623,24.221
140624,24.331
140625,21.06
140626,25.937
140627,26.0300185015206
140628,23.092
140629,35.906
140630,30.138860156427
140631,20.438
140632,30.426
140633,30.1996244822536
140634,28.397
140635,22.4473447108959
140636,23.521
140637,15.72
140638,23.4733943915692
140639,23.737
140640,23.214
140641,11.6147366119238
140642,17.526
140643,7.24178781451659
140644,19.697
140645,18.83
140646,17.592
140647,9.25049922827918
140648,17.335
140649,1.04087939392925
140650,19.234
140651,14.776
140652,17.351
140653,15.933
140654,17.21
140655,0
140656,13.533345586528
140657,9.774
140658,17.093
140659,17.235
140660,17.279
140661,0.0487770195297871
140662,10.1183131594234
140663,13.079
140664,17.345
140665,17.381
140666,16.1860266029594
140667,1.131
140668,14.165
140669,18.346
140670,16.5271271664096
140671,17.733
140672,16.19
140673,8.16263973484278
140674,20.354
140675,20.241
140676,16.67
140677,18.2
140678,14.5159844946169
140679,12.6518041019547
140680,22.089
140681,23.664
140682,14.853
140683,17.6442533923762
140684,13.5190979704198
140685,15.661
140686,23.073
140687,24.258
140688,14.716
140689,23.902
140690,19.782
140691,21.412
140692,26.839
140693,26.904
140694,19.767
140695,102.256543690109
140696,35.385
140697,53.7969150456789
140698,54.673148285795
140699,59.5684800067416
140700,37.2884908086918
140701,104.068265103657
140702,35.752
140703,43.6142307086469
140704,34.6588189115895
140705,46.497
140706,38.033
140707,39.712
140708,22.983
140709,24.666
140710,18.6724352571838
140711,23.914
140712,22.925
140713,27.5167069473814
140714,18.389
140715,20.823
140716,16.396
140717,18.494
140718,17.4488821734649
140719,21.6823225388481
140720,11.366
140721,19.1636687959078
140722,17.928
140723,17.292
140724,13.159
140725,17.4768725971785
140726,7.71097134221819
140727,17.954
140728,18.2666887078146
140729,16.451
140730,5.45116331717278
140731,17.47
140732,1.58034011765028
140733,22.238
140734,17.673
140735,18.388
140736,1.54617405993908
140737,15.935
140738,-0.06326732619412
140739,20.888
140740,19.346
140741,19.292
140742,0.319
140743,14.247
140744,-0.805087854025525
140745,20.884
140746,19.872
140747,20.821
140748,1.354
140749,15.635
140750,-0.086
140751,21.066
140752,20.114
140753,20.979
140754,0.041
140755,15.642
140756,-0.212515769653746
140757,21.2
140758,20.811
140759,21.1568852068041
140760,-0.172
140761,15.352
140762,-0.005
140763,21.581
140764,21.011
140765,21.246
140766,0.085
140767,19.116
140768,4.10842958985823
140769,22.278
140770,22.052
140771,22.835086185614
140772,4.337
140773,20.317
140774,4.651
140775,24.607
140776,22.8510422697734
140777,23.78
140778,5.75237732933762
140779,10.73
140780,-0.265
140781,20.181471276484
140782,19.675
140783,19.7350776246717
140784,-0.285
140785,-2.721
140786,-9.65027484931502
140787,14.923
140788,16.1
140789,15.859
140790,-11.6921695309229
140791,-1.036
140792,-12.6813302202417
140793,15.2309525154523
140794,17.321
140795,17.7883847551504
140796,-14.0117555990702
140797,-0.831
140798,-12.9263637699163
140799,15.997
140800,17.687
140801,17.592
140802,-14.4177726180536
140803,9.84574194876278
140804,-6.25387949975704
140805,15.612
140806,18.617449943213
140807,19.454
140808,-7.54423195416062
140809,13.561
140810,-1.896
140811,18.346
140812,18.768
140813,20.271
140814,-3.67454011466248
140815,17.424
140816,-0.082
140817,18.969
140818,21.5764779793078
140819,22.895
140820,-1.355
140821,17.762
140822,9.32706412720468
140823,19.304
140824,21.9337413232345
140825,23.649
140826,0.513
140827,17.19
140828,15.4577614485299
140829,20.107
140830,23.172
140831,25.231
140832,11.406
140833,20.6398398564677
140834,27.894
140835,26.0140495795646
140836,29.609
140837,29.185
140838,18.312
140839,80.4486307511149
140840,21.684
140841,34.0753571062663
140842,52.503
140843,50.1823739199782
140844,55.4346483371205
140845,143.931129860297
140846,22.6
140847,36.611602747118
140848,50.1219488398567
140849,46.7209122559537
140850,22.948
140851,84.1139092216007
140852,21
140853,30.4984468970696
140854,30.517
140855,30.855
140856,21.234
140857,80.2899071349553
140858,19.5723387631589
140859,25.1841196958315
140860,23.705
140861,24.844
140862,18.882
140863,30.9688585723328
140864,17.3379550714747
140865,21.466
140866,20.3930587723102
140867,22.129
140868,17.781
140869,25.5984975140625
140870,15.818
140871,19.4228077646002
140872,17.6001277619094
140873,18.902
140874,15.407
140875,28.675215359958
140876,14.514
140877,17.682
140878,15.5481143807
140879,13.514
140880,13.1849312845413
140881,27.114
140882,10.7137227306618
140883,17.707
140884,17.491
140885,12.591
140886,9.40155366064548
140887,56.1933854478152
140888,16.125
140889,19.034
140890,16.57
140891,12.338
140892,13.155
140893,20.696
140894,17.304
140895,19.8688782028361
140896,16.829
140897,17.8624033576674
140898,15.754
140899,19.515
140900,19.343
140901,20.51
140902,18.738
140903,18.012
140904,16.0995505088263
140905,21.222
140906,21.966
140907,23.189
140908,20.431
140909,18.178
140910,20.807
140911,22.051
140912,22.317
140913,23.4991984018117
140914,20.434
140915,19.389
140916,22.344
140917,23.786375837932
140918,26.4384168349936
140919,25.083
140920,22.553
140921,23.5300350984241
140922,24.848
140923,19.1767078446274
140924,21.7503108102469
140925,22.798
140926,22.446
140927,22.211
140928,21.612
140929,12.4103476298943
140930,16.338
140931,19.454
140932,17.642
140933,18.353
140934,16.51
140935,7.82038811222923
140936,16.805
140937,19.678
140938,17.03
140939,18.778
140940,16.809
140941,7.236
140942,17.372
140943,21.296
140944,19.315
140945,20.7569168583997
140946,16.974
140947,10.8396137564244
140948,18.073
140949,24.935
140950,21.685
140951,23.24
140952,17.9307355784261
140953,13.996
140954,19.63
140955,27.01
140956,23.1779106110421
140957,26.911
140958,18.093
140959,19.702
140960,22.132
140961,28.778
140962,28.3391891978361
140963,30.054
140964,21.732
140965,21.127
140966,24.214
140967,31.8391006572596
140968,30.1982204084979
140969,32.5436377220093
140970,23.76054474119
140971,30.679
140972,32.196
140973,39.8339407523088
140974,37.7412770016587
140975,38.32
140976,32.2003192714438
140977,57.3260055239628
140978,60.2802607250853
140979,38.3540097483946
140980,49.074
140981,51.0723802314263
140982,60.2928409917759
140983,237.500443606876
140984,179.780684244159
140985,61.1474171812047
140986,132.660408126278
140987,91.5923069985209
140988,175.467190630958
140989,306.033861806389
140990,115.40476147123
140991,48.8813724478803
140992,96.9868533456242
140993,75.2843603985964
140994,115.206813264326
140995,91.8971901379378
140996,72.6322069504161
140997,34.9785270061394
140998,25.4048818697457
140999,44.604
141000,74.69
141001,77.039
141002,57.0648847886607
141003,30.0485483552626
141004,27.5723328885213
141005,33.407
141006,57.33
141007,55.186098088801
141008,39.0043287024468
141009,26.248375687055
141010,25.714
141011,27.6508880135963
141012,38.1614647178428
141013,55.0734139729427
141014,26.1730223076679
141015,23.03
141016,25.197
141017,24.541
141018,26.78
141019,39.0399355347525
141020,25.1576392833812
141021,23.0694033733157
141022,23.884
141023,22.8593690511457
141024,26.1069287615021
141025,35.6122374700708
141026,22.2070577277587
141027,21.6286119021839
141028,22.757
141029,22.2988181701781
141030,23.496
141031,33.401985087867
141032,21.805
141033,21.616
141034,22.857
141035,21.6422590334411
141036,21.955
141037,32.4972736024783
141038,20.852
141039,20.833
141040,24.0315765305395
141041,22.36
141042,21.22
141043,29.9319759125107
141044,20.3255134015853
141045,20.261573762852
141046,24.8291976341364
141047,24.318
141048,20.526
141049,29.5816721838238
141050,20.618
141051,22.001
141052,25.05
141053,25.32
141054,20.84
141055,30.7411943236996
141056,21.791
141057,23.383
141058,25.855
141059,27.053
141060,21.4668307925548
141061,30.4162956641525
141062,24.5747566384508
141063,23.894
141064,26.078
141065,27.641
141066,24.393
141067,19.789
141068,19.5489661030665
141069,21.9122361712046
141070,21.723
141071,22.826
141072,19.719
141073,14.846
141074,13.244
141075,16.396
141076,18.666
141077,19.263
141078,12.5974378839386
141079,15.519
141080,13.216
141081,17.008
141082,20.278
141083,20.507
141084,11.248
141085,9.624
141086,9.50193273585255
141087,16.2014319526379
141088,21.508
141089,21.272
141090,9.35669520928698
141091,11.1543691755741
141092,8.609
141093,17.362
141094,23.1316252561992
141095,23.204
141096,9.414
141097,11.51
141098,12.6382947985314
141099,18.563
141100,22.739
141101,23.112
141102,11.9664128553773
141103,17.334
141104,17.229219306188
141105,20.08
141106,23.4082462054959
141107,24.692
141108,17.6827927127128
141109,21.405
141110,20.124580115293
141111,23.153
141112,25.035
141113,27.882
141114,20.181
141115,23.388
141116,22.451
141117,25.017
141118,28.9008354264773
141119,27.844
141120,21.9214158871991
141121,41.6738222083139
141122,35.2640836840789
141123,40.9688367080673
141124,46.519
141125,42.505253183542
141126,34.7756598583591
141127,112.838026476515
141128,74.8759907628009
141129,69.2648302959424
141130,86.8699331070142
141131,84.2735021872226
141132,73.5257617998705
141133,88.7115697981957
141134,47.2025533626796
141135,50.139
141136,59.222
141137,63.2558761270211
141138,45.7082165833814
141139,35.3811853071593
141140,25.9710522915883
141141,34.731
141142,26.358
141143,25.5257153800082
141144,26.187
141145,27.891
141146,20.6111950150162
141147,27.527
141148,22.35
141149,23.356
141150,19.82
141151,24.197
141152,17.3141723861879
141153,22.9051697114644
141154,19.9692110065382
141155,19.795
141156,16.436
141157,23.229
141158,17.353
141159,22.769
141160,19.099
141161,20.4838464813544
141162,15.625
141163,23.739
141164,17.217
141165,23.427945058258
141166,20.178
141167,20.946
141168,16.562
141169,24.916
141170,16.586
141171,23.246
141172,21.379
141173,21.376
141174,16.966
141175,23.32
141176,17.969
141177,23.4203739965216
141178,21.503
141179,21.885
141180,15.972
141181,22.224
141182,21.3776155784145
141183,23.6808364727201
141184,22.096
141185,21.3079438270399
141186,18.073
141187,23.506
141188,24.696
141189,23.889
141190,23.337
141191,21.6900830763324
141192,21.785
141193,25.444
141194,26.27
141195,24.937
141196,23.104
141197,22.926
141198,23.944
141199,30.5500319007952
141200,29.313
141201,27.494
141202,24.674
141203,24.8660445713592
141204,24.4302260480913
141205,31.453
141206,30.491
141207,30.7815432329481
141208,26.636
141209,28.9658578622774
141210,27.6531624084543
141211,25.948
141212,27.315874810585
141213,27.612
141214,24.4104961508339
141215,25.3777438278485
141216,24.465
141217,21.529
141218,22.182
141219,23.8006191647847
141220,22.5413262639952
141221,22.953
141222,20.88
141223,18.648
141224,21.739
141225,23.481
141226,22.468
141227,21.865
141228,21.754
141229,16.717
141230,21.861
141231,23.175
141232,22.3002760836107
141233,21.761
141234,21.27
141235,13.135
141236,22.052
141237,24.182
141238,24.347
141239,24.551
141240,20.276
141241,7.98144960074242
141242,23.0077868424934
141243,25.286
141244,23.788
141245,25.248
141246,21.364
141247,7.888172739743
141248,23.721
141249,26.714
141250,25.2542167415039
141251,25.646
141252,23.1534729749765
141253,7.282
141254,26.0750606735369
141255,31.5349608485807
141256,27.2198082277232
141257,28.5892420640997
141258,26.0831014514034
141259,11.3946243479435
141260,27.679
141261,32.7468825887937
141262,32.1911338161135
141263,31.9230003846186
141264,30.598
141265,20.992
141266,43.443
141267,37.4517332237436
141268,39.6943335986474
141269,39.101
141270,42.7585537868772
141271,28.908
141272,61.7153696458408
141273,50.616
141274,47.4578106263352
141275,51.7555888010791
141276,60.1236525283716
141277,33.7153392573
141278,54.1903264699408
141279,38.7167798268989
141280,24.378
141281,39.6509850326377
141282,53.5576499328501
141283,25.4924676962935
141284,38.486
141285,29.968
141286,19.9116509333516
141287,26.876
141288,29.634
141289,25.046
141290,25.3327321780859
141291,28.2291393012993
141292,22.575
141293,22.7541915303751
141294,25.2792690277486
141295,24.3092888017452
141296,23.735
141297,24.921
141298,18.8676766834328
141299,21.03
141300,21.064
141301,23.661
141302,23.28
141303,23.563
141304,19.608
141305,21.194
141306,21.349
141307,23.057
141308,15.26
141309,21.228
141310,20.033
141311,19.006
141312,15.613
141313,24.565
141314,16.5
141315,22.0499528925452
141316,18.941
141317,18.596
141318,15.803
141319,31.273
141320,16.4871677709497
141321,21.434
141322,20.678
141323,20.3935689633359
141324,15.0052767610707
141325,36.2938560340572
141326,22.797
141327,21.792
141328,20.587
141329,20.927
141330,17.9394819805946
141331,25.523
141332,14.708
141333,22.895
141334,20.506
141335,21.385
141336,22.607
141337,23.74
141338,14.158
141339,22.739
141340,21.4734101571824
141341,21.194
141342,15.298
141343,24.421
141344,14.192
141345,23.636
141346,23.3092918969912
141347,21.9339975086898
141348,15.594
141349,27.7
141350,28.022
141351,24.999
141352,23.994
141353,23.133
141354,20.0029160619611
141355,21.736
141356,24.921
141357,22.971
141358,20.911
141359,21.015
141360,16.306
141361,18.873
141362,22.763
141363,23.1276616645017
141364,20.594
141365,21.065
141366,23.818
141367,16.269
141368,21.083
141369,21.366
141370,17.676
141371,17.794
141372,20.894
141373,12.916978308932
141374,20.344
141375,20.448
141376,14.922
141377,15.8047552481514
141378,20.835
141379,10.3133733652451
141380,19.543
141381,20.9033521623893
141382,16.2045776091561
141383,18.788
141384,18.184
141385,9.099
141386,18.309112230951
141387,20.931
141388,17.333
141389,19.59
141390,19.157
141391,11.6398574362429
141392,21.125
141393,23.6397520886064
141394,19.078
141395,21.828
141396,20.936
141397,6.957
141398,23.3782561545588
141399,22.7630094449875
141400,21.1742856774558
141401,23.0278450751972
141402,24.186
141403,19.2845469888848
141404,26.671
141405,22.0570425197783
141406,23.06
141407,25.338
141408,31.024
141409,72.4915595081444
141410,34.8027272393086
141411,25.1663276723302
141412,25.871
141413,26.0241697020879
141414,30.0027870140929
141415,40.9388804677424
141416,26.80941173165
141417,29.192
141418,31.1639092278657
141419,34.2673512285448
141420,52.211
141421,63.0426794912073
141422,29.841
141423,29.2415030084301
141424,26.885
141425,31.231
141426,21.9295335729859
141427,27.689
141428,19.7386673735484
141429,24.187
141430,21.183
141431,22.997
141432,20.893
141433,106.955974825497
141434,19.458
141435,25.441
141436,14.888
141437,22.478
141438,19.8219459286332
141439,69.516
141440,30.935
141441,25.889
141442,12.622
141443,18.7964791927494
141444,24.977
141445,67.2663538434035
141446,25.007
141447,24.369
141448,11.038
141449,18.021
141450,28.087
141451,71.3038463362061
141452,22.464
141453,23.678
141454,17.619
141455,18.089
141456,24.8230453613427
141457,52.8463433891892
141458,26.0878797157249
141459,24.895
141460,16.677740436314
141461,18.869
141462,29.4774585476209
141463,33.7543967063055
141464,23.479
141465,26.0792993232452
141466,17.0268353630338
141467,17.485
141468,27.0101187179039
141469,32.2354571017311
141470,30.6690179701672
141471,29.015
141472,13.7682330507052
141473,18.229
141474,29.435405045664
141475,43.1184647794935
141476,34.161
141477,21.912
141478,18.024
141479,19.9246462616716
141480,34.327
141481,117.642385786789
141482,32.2610171733359
141483,24.41
141484,19.254
141485,21.031
141486,32.6032703864384
141487,112.943773160002
141488,28.627
141489,27.1114135311993
141490,20.025
141491,20.853
141492,31.5110500512735
141493,87.1603866908333
141494,30.0598563998022
141495,31.851
141496,19.395
141497,35.622
141498,31.764
141499,47.6622721454959
141500,24.849
141501,35.7282842464328
141502,31.5121362613811
141503,25.918
141504,25.467
141505,25.269
141506,24.6090612669397
141507,22.224
141508,21.99
141509,21.6605631745126
141510,22.411
141511,22.8900456162409
141512,22.779
141513,20.811
141514,10.9841636661367
141515,20.695
141516,22.72
141517,21.422
141518,16.7813982571118
141519,19.547
141520,3.43834378274971
141521,20.671
141522,21.207
141523,21.41
141524,16.336
141525,18.457
141526,11.946
141527,20.704
141528,21.846
141529,19.986
141530,21.847
141531,20.079
141532,17.69
141533,24.066
141534,21.994
141535,25.062
141536,25.552
141537,21.011
141538,23.9860446779811
141539,32.3040928963009
141540,26.607
141541,27.3171660927144
141542,27.716664079462
141543,24.2548002225911
141544,28.974
141545,36.4165998387045
141546,27.937
141547,36.7130411156595
141548,34.9046022192621
141549,29.131
141550,37.3304315043536
141551,45.831
141552,35.7580427178897
141553,49.2401848430056
141554,45.2239151962604
141555,32.6231702795415
141556,49.6055401253178
141557,61.1748954079016
141558,48.9875326089513
141559,123.305
141560,78.7908048157251
141561,56.009
141562,82.0200639675691
141563,91.3311430636704
141564,90.634
141565,261.38893027376
141566,59.9778685248516
141567,61.0221644772686
141568,68.3754769243551
141569,80.0851952046657
141570,78.0492723302722
141571,220.026390428244
141572,49.599
141573,46.2608617247352
141574,51.510907123324
141575,61.3580498263236
141576,66.3636597439056
141577,237.87202049213
141578,44.655519733345
141579,48.7259493451816
141580,26.735
141581,50.0474791040151
141582,47.6092140444627
141583,255.192134975905
141584,45.0667816577028
141585,37.3437306015658
141586,25.2647310277374
141587,42.6307538632316
141588,49.1450234399485
141589,232.208012704516
141590,45.7949344370007
141591,40.578
141592,27.905
141593,27.3921657721605
141594,46.8121754812588
141595,183.58791589844
141596,45.8713969913368
141597,38.4466945509003
141598,27.47
141599,29.963
141600,46.5500898147012
141601,136.489187392145
141602,45.1933844810592
141603,37.931
141604,30.3524795528942
141605,28.708
141606,44.937
141607,140.318863779338
141608,39.2973132706463
141609,32.4504896356017
141610,33.1030664898762
141611,31.2953260038768
141612,38.9641202637371
141613,81.3652390216345
141614,35.6279614378598
141615,35.671524139174
141616,33.1475354724646
141617,29.456
141618,34.8583484741247
141619,78.6259392820579
141620,35.4347076980212
141621,31.602
141622,31.6626652509766
141623,27.605
141624,33.96154321002
141625,125.737401297103
141626,33.2901090571472
141627,31.3938961593329
141628,30.361
141629,28.8308848307763
141630,33.9634541719157
141631,162.902477198184
141632,31.8548895406097
141633,33.542
141634,30.1988878622839
141635,31.7672919549455
141636,33.624
141637,166.667967945221
141638,29.755
141639,36.343
141640,30.077
141641,31.121
141642,31.0857392184415
141643,79.9913336705305
141644,25.518
141645,29.835
141646,25.055
141647,28.408
141648,27.2766516767625
141649,24.1704009558381
141650,21.024
141651,21.645
141652,21.8821774599247
141653,22.303
141654,20.8314837795504
141655,22.15
141656,19.845
141657,21.236
141658,21.575
141659,22.98
141660,18.662
141661,21.2889660326068
141662,19.476
141663,21.589
141664,21.4602889172786
141665,23.037
141666,19.4964894233268
141667,20.927
141668,20.234
141669,21.286
141670,22.9049884034494
141671,22.868
141672,20.814
141673,21.026
141674,21.031
141675,21.46
141676,23.852
141677,23.525
141678,21.398
141679,22.323
141680,22.758
141681,22.473
141682,24.948
141683,26.8407577344238
141684,22.911
141685,23.0509362013092
141686,23.508
141687,23.283
141688,26.3812646920865
141689,28.6295336405204
141690,23.712
141691,27.037
141692,28.431
141693,29.2571957694508
141694,33.498
141695,35.2788802748455
141696,28.693
141697,58.9958634775423
141698,40.5770086381845
141699,48.0023436325906
141700,50.7535253811976
141701,52.6213894041418
141702,45.8813339392858
141703,255.373765547146
141704,66.5776790903664
141705,89.919209559559
141706,109.529538898156
141707,114.499117099803
141708,76.349
141709,258.705329680017
141710,61.423
141711,70.1980039501007
141712,72.138421297201
141713,80.9810385739509
141714,58.1749711174114
141715,185.370353564143
141716,41.7080103221883
141717,48.3684336489715
141718,43.5400782009497
141719,58.0508259947892
141720,38.3721687826226
141721,145.017285104455
141722,33.2544640455474
141723,36.1385282234938
141724,25.525
141725,36.6527419031164
141726,30.804
141727,67.1399600874655
141728,29.702
141729,29.243
141730,23.87
141731,22.285179170933
141732,27.3073355584575
141733,31.5453774620466
141734,27.812
141735,26.0286526230614
141736,23.118
141737,21.555
141738,26.3595071325889
141739,31.0718742579623
141740,25.292
141741,25.864
141742,22.407
141743,23.076
141744,24.814
141745,29.0070498694751
141746,25.36
141747,25.4181509818259
141748,21.983
141749,22.63
141750,24.6668532704208
141751,28.709
141752,25.6926733023268
141753,23.3978107801216
141754,23.186
141755,22.721
141756,25.628
141757,28.2739082127054
141758,26.236
141759,23.7173249281624
141760,23.0079411335225
141761,22.8139006536887
141762,26.122893954064
141763,30.841
141764,26.628
141765,24.621
141766,23.99
141767,24.019
141768,27.321
141769,33.006
141770,30.142
141771,25.35
141772,25.1057675149629
141773,24.937
141774,30.374682959179
141775,42.172520762998
141776,34.817
141777,29.5802062437389
141778,27.1389082100931
141779,27.299
141780,33.598
141781,63.9528163678786
141782,39.95
141783,31.2323097845846
141784,30.336
141785,30.731
141786,39.3699325051699
141787,44.2636894247179
141788,32.8108765618963
141789,29.2785526916894
141790,27.413
141791,29.664
141792,33.048263769346
141793,21.266
141794,23.192
141795,21.8766857672188
141796,20.7118765006472
141797,21.905
141798,22.982
141799,18.751
141800,20.752
141801,20.026
141802,19.701
141803,19.7166709156378
141804,20.537
141805,18.968
141806,20.539
141807,18.3132413455211
141808,22.243
141809,21.934
141810,21.086
141811,20.3290038273594
141812,22.2737892632711
141813,20.476
141814,24.2031698077084
141815,25.232
141816,22.741
141817,19.349
141818,22.545
141819,22.344
141820,24.935
141821,26.161
141822,22.8866489004878
141823,19.588
141824,22.216
141825,23.904
141826,25.595
141827,26.784
141828,22.378
141829,21.1619627016757
141830,22.097
141831,25.257
141832,25.995
141833,28.241
141834,22.4723902576699
141835,24.346
141836,24.707
141837,28.8575594852205
141838,28.941
141839,31.792
141840,25.6199884479797
141841,52.5285226667335
141842,38.5300996319611
141843,45.3004571056783
141844,44.6291374017108
141845,47.9455557604144
141846,43.7347155002663
141847,455.902626317218
141848,88.8489510502528
141849,107.38689576405
141850,96.7150651361649
141851,101.575278603262
141852,102.337603965954
141853,267.245329185084
141854,51.8250228444878
141855,65.1191847529724
141856,56.3966637315001
141857,66.9684402539691
141858,72.9181129433964
141859,141.718207917584
141860,34.6957700834513
141861,28.858
141862,32.4685884968345
141863,42.672
141864,34.7456401640462
141865,116.129150838619
141866,25.255
141867,24.926786436607
141868,23.8456476246427
141869,30.8903842915656
141870,24.193
141871,48.5326593891202
141872,23.244
141873,23.205
141874,19.799
141875,21.058
141876,23.349
141877,30.5996597999553
141878,22.872
141879,21.105
141880,17.615
141881,18.652
141882,21.3827477641075
141883,26.812
141884,21.5980569077704
141885,21.963
141886,20.0399926496929
141887,18.615
141888,20.987
141889,27.861
141890,25.087
141891,21.1422049798618
141892,18.340155270483
141893,17.78
141894,23.8008470772075
141895,28.78
141896,25.59
141897,20.026
141898,18.192
141899,16.725
141900,25.8314570059802
141901,28.2389975052484
141902,25.718
141903,20.72
141904,19.427
141905,17.495
141906,25.395
141907,30.5
141908,27.611966943966
141909,21.471
141910,19.064
141911,18.9403090165327
141912,28.379
141913,51.1789675515557
141914,23.759
141915,20.522
141916,19.22
141917,19.395
141918,23.773
141919,61.3120852098656
141920,22.198
141921,22.042
141922,20.873
141923,21.106
141924,24.763
141925,40.984
141926,21.0876034754398
141927,23.797
141928,21.087
141929,21.646
141930,21.14
141931,24.423
141932,16.792
141933,20.8383316632502
141934,17.2655276031457
141935,19.245
141936,14.501
141937,1.978
141938,11.705
141939,15.7767177133759
141940,13.614844593748
141941,16.0526363888874
141942,2.8946452744035
141943,-0.829
141944,1.414
141945,8.84481488576126
141946,13.2422118673911
141947,14.8484978728673
141948,1.07588096121503
141949,-1.537
141950,0.229187105234269
141951,10.4188763607872
141952,17.167
141953,17.739
141954,-0.229547605123453
141955,-1.897
141956,0.128
141957,15.373
141958,18.2501001849194
141959,21.0622673609941
141960,-1.0730839568792
141961,-0.282
141962,-2.417
141963,20.0194096280257
141964,21.079
141965,23.3901963264545
141966,-0.983572227147652
141967,2.05570453235041
141968,-0.735723300078667
141969,21.754
141970,22.72
141971,25.2663846796895
141972,-0.524
141973,2.175
141974,-0.698038101660466
141975,23.7138158778178
141976,23.723
141977,26.981
141978,-0.192
141979,3.97
141980,8.433
141981,25.5742055299518
141982,25.0885152096939
141983,29.4651284554129
141984,5.96620077620061
141985,8.06177038405836
141986,6.75748897887037
141987,31.3986910909493
141988,27.101
141989,29.967
141990,9.285
141991,22.048
141992,19.861
141993,52.9949759395159
141994,38.318
141995,49.727
141996,20.264
141997,24.476
141998,21.92
141999,45.7637011264964
142000,37.609
142001,35.3400206314934
142002,26.514
142003,21.456
142004,21.853
142005,18.3938917680453
142006,24.935
142007,26.951
142008,22.8644053368914
142009,21.2642755165941
142010,20.575
142011,15.793
142012,17.9904480301557
142013,20.6264420802648
142014,21.187
142015,21.605
142016,18.635
142017,15.304
142018,20.9426158506386
142019,16.661
142020,20.204
142021,18.7062615745033
142022,19.414
142023,10.541
142024,18.951
142025,19.173
142026,19.83
142027,15.302
142028,10.579
142029,7.235
142030,-10.2119614002167
142031,-2.4391844030667
142032,5.89176287174331
142033,15.1609175015582
142034,3.17287939666816
142035,4.51387357713974
142036,-4.36205981860509
142037,-3.589
142038,4.3278745021566
142039,13.373
142040,0.97413359341976
142041,3.75
142042,-18.7840118561335
142043,-0.620991445134719
142044,0.458
142045,11.98
142046,0.01
142047,4.53789676124533
142048,-19.0676423046735
142049,10.5568884237195
142050,0.707
142051,10.7751459423021
142052,-0.113
142053,6.80674305827641
142054,-16.029292581696
142055,-8.96529304501358
142056,0.01
142057,13.6410924856396
142058,1.15765084358609
142059,14.6468665704812
142060,-15.3747615495461
142061,13.86
142062,2.33063477489016
142063,16.527
142064,4.995
142065,17.272
142066,-0.669
142067,9.01827004014278
142068,5.13893682864273
142069,18.9606832725883
142070,7.429
142071,18.406
142072,12.2531197916019
142073,7.50350117776259
142074,8.06443585758658
142075,6.23756386806913
142076,-0.796688126169214
142077,6.991
142078,-1.939
142079,-0.198248523105982
142080,-0.078
142081,-2.0846227041359
142082,-9.57879018725875
142083,-3.0868187455991
142084,-2.195
142085,-5.41779152032824
142086,-7.99601117712443
142087,-8.52206993260909
142088,-15.2534302237875
142089,-17.2940489278092
142090,-31.0017368364519
142091,-24.5713551618766
142092,-15.5960808782738
142093,-7.98931075253572
142094,-17.6430065766526
142095,-22.0972830702281
142096,-32.2892998105668
142097,-27.2542528718481
142098,-18.1980748143064
142099,-10.9805380085199
142100,-17.1545564427639
142101,-22.5701464447363
142102,-31.8029692917343
142103,-27.288874766824
142104,-16.9572990612395
142105,-7.62739415437729
142106,-14.8214987228279
142107,-20.1837961115736
142108,-30.7798127224464
142109,-25.6723575531665
142110,-14.775959023011
142111,-6.018
142112,-14.119
142113,-18.9132585032693
142114,-30.0953708843378
142115,-25.2389830407362
142116,-14.2304325348157
142117,-5.858
142118,-13.4751447636503
142119,-17.2973399116354
142120,-29.9625143066012
142121,-23.2476947138738
142122,-13.3833656305082
142123,-4.177
142124,-10.0008544552577
142125,-15.6769639331141
142126,-28.6596648106478
142127,-20.4571310762652
142128,-9.91
142129,3.30589016025346
142130,-1.11204779869635
142131,-1.75790699041107
142132,-20.0523384555199
142133,-5.81019905512363
142134,-1.05765001011749
142135,29.051
142136,17.6463334203067
142137,18.122
142138,10.7861002569102
142139,16.8861157163499
142140,17.525
142141,79.0081854539923
142142,30.000368295474
142143,28.187
142144,22.276
142145,25.2918319186526
142146,29.4768872458705
142147,69.6691664764264
142148,30.277484008235
142149,26.289
142150,20.7066470022029
142151,25.3192542405541
142152,29.6
142153,74.51933715379
142154,27.4598496543868
142155,26.22
142156,19.928
142157,23.944
142158,29.227
142159,92.4114353845951
142160,28.796
142161,25.256
142162,20.186
142163,23.739
142164,29.124
142165,110.788242511253
142166,27.9952773062553
142167,24.862
142168,21.704
142169,29.0716025016716
142170,29.09
142171,202.608975071089
142172,32.3972966091503
142173,24.551
142174,24.059
142175,24.9831922534082
142176,30.917
142177,187.510092507714
142178,34.5739570166267
142179,24.097
142180,22.244
142181,24.97
142182,32.9307089565974
142183,173.568825317892
142184,32.0039790930851
142185,23.9309955485194
142186,21.796
142187,29.133
142188,31.274
142189,184.58494832211
142190,31.57
142191,23.532
142192,22.869
142193,29.766
142194,31.719
142195,193.806583412901
142196,33.454
142197,24.071105254397
142198,25.0335199142169
142199,31.2831526644354
142200,33.892
142201,213.434275745408
142202,36.261
142203,25.573
142204,26.311
142205,33.0347058418059
142206,37.0919294454428
142207,250.408254337036
142208,46.716070147936
142209,29.2979790780425
142210,32.4975930120404
142211,39.1985138487078
142212,48.06
142213,267.654085447972
142214,55.5304812078597
142215,31.744
142216,41.669
142217,41.5695705829925
142218,55.3545884925629
142219,58.9827110180809
142220,35.502201403482
142221,23.7019492262019
142222,28.700435138214
142223,28.3436512911618
142224,35.524
142225,21.427
142226,21.011
142227,18.626
142228,17.732
142229,18.673
142230,21.0349496231908
142231,16.667
142232,18.6644202785985
142233,16.598
142234,16.5323405434634
142235,17.2068854848601
142236,18.538
142237,16.507
142238,16.899
142239,15.409502992769
142240,16.0744854744848
142241,16.58
142242,17.188
142243,14.4090297616316
142244,16.362
142245,15.4148228835867
142246,16.1217290495284
142247,16.698
142248,16.6896436998272
142249,13.7516389943092
142250,15.9355854376966
142251,15.2792984742012
142252,16.179
142253,16.7228491866941
142254,16.208
142255,13.9560246674769
142256,15.9342061195884
142257,14.633
142258,15.521
142259,16.3353683686644
142260,15.995
142261,14.034
142262,16.044
142263,14.884
142264,16.019
142265,16.658
142266,16.323
142267,13.771
142268,17.774
142269,17.3504594531579
142270,17.33
142271,17.888
142272,18.0676785043336
142273,24.2556543739416
142274,28.7393376928743
142275,28.4235802613466
142276,27.0418963141697
142277,28.026
142278,29.175
142279,103.167518995911
142280,110.508016046238
142281,125.048316133116
142282,114.654476631362
142283,123.056456819741
142284,110.037899899276
142285,77.4074972657587
142286,67.3222199172579
142287,91.1199727918335
142288,81.6667503106358
142289,85.1051521623461
142290,77.2655605591666
142291,46.9117524738814
142292,44.4085591259888
142293,69.530134065656
142294,61.0230895394105
142295,66.1985750091201
142296,57.6640046467466
142297,38.6459167056572
142298,33.993
142299,44.12
142300,41.545
142301,43.1133922569317
142302,33.663
142303,30.9649730982437
142304,27.690324944718
142305,35.278
142306,33.793
142307,35.5498295015029
142308,25.308
142309,26.348
142310,21.667
142311,31.1381435250494
142312,29.554
142313,29.7990105850093
142314,21.275
142315,38.9147796826496
142316,26.3774347380461
142317,33.4160743633808
142318,23.027
142319,24.4922010609745
142320,24.725
142321,38.8802009347955
142322,31.8096035697456
142323,32.134
142324,18.932
142325,23.574
142326,25.9768369211899
142327,41.526
142328,22.98
142329,31.634
142330,25.633
142331,26.4641039348025
142332,23.437
142333,42.9505162035457
142334,23.5085771377923
142335,30.306
142336,22.463
142337,24.9429022381901
142338,23.1124357842294
142339,52.211
142340,25.477
142341,31.311
142342,24.168
142343,24.984558024901
142344,25.036
142345,59.4758567749459
142346,28.362
142347,32.6
142348,27.718
142349,26.8696081604927
142350,27.1087456206377
142351,69.5165636501378
142352,34.5121761419042
142353,36.143
142354,32.458
142355,30.0610114595267
142356,33.4054815031383
142357,76.6625404726067
142358,44.615
142359,41.8396818521419
142360,37.2598697161882
142361,36.9117461662536
142362,42.7789767033322
142363,34.1865873975009
142364,30.119
142365,29.671
142366,30.041
142367,28.17
142368,30.21640428486
142369,17.549
142370,18.127
142371,17.904
142372,18.516
142373,18.091
142374,18.713
142375,14.187
142376,17.994
142377,16.919
142378,17.206
142379,17.485
142380,17.9389806373609
142381,14.2637627446765
142382,17.244
142383,16.279
142384,16.374
142385,16.7019395354096
142386,17.3061522504178
142387,12.3131679555597
142388,17.621
142389,15.45
142390,15.844
142391,16.2827638795834
142392,17.055
142393,11.311
142394,17.608
142395,15.354
142396,16.103
142397,16.357
142398,17.017
142399,10.3993642816464
142400,16.889
142401,15.561
142402,16.125
142403,16.729
142404,17.21
142405,9.793
142406,17.5467473406507
142407,15.813
142408,16.261
142409,16.909
142410,17.7678938424341
142411,12.396
142412,19.454
142413,18.039
142414,18.174
142415,18.564
142416,19.592
142417,21.128
142418,24.31
142419,23.224
142420,22.758
142421,22.904
142422,24.229
142423,70.4596052440371
142424,69.1016437345331
142425,70.8552863462629
142426,65.6502184682991
142427,65.4580337706388
142428,69.5593569070938
142429,44.3543996488597
142430,54.3232631460242
142431,45.1600941146598
142432,45.0195440144375
142433,45.1934508148932
142434,50.2668003827901
142435,24.888
142436,26.755
142437,24.408
142438,26.2919845276516
142439,25.63
142440,26.688
142441,22.392
142442,21.755
142443,21.237
142444,23.9251675346747
142445,23.0076408539663
142446,22.012
142447,20.171
142448,15.4556652191155
142449,18.4
142450,1.656
142451,20.736
142452,17.386
142453,19.156
142454,19.214
142455,18.897
142456,4.133
142457,10.534136129743
142458,13.862
142459,17.503
142460,18.375
142461,16.723
142462,6.97253351883571
142463,7.42131476767321
142464,7.61776789548492
142465,16.993
142466,17.5014404856313
142467,17.92
142468,11.0928292711369
142469,11.121
142470,11.407743811897
142471,18.439
142472,20.0026944185987
142473,19.709
142474,11.9648668791075
142475,13.7362799136527
142476,21.9697947185412
142477,18.759
142478,21.313
142479,20.443
142480,13.4808885777897
142481,13.926
142482,21.59
142483,20.201
142484,21.7217734020073
142485,21.747
142486,15.546
142487,17.885
142488,20.653
142489,22.7171238438819
142490,22.024
142491,24.208
142492,17.969
142493,19.353
142494,23.5788644036961
142495,25.9356923498904
142496,20.6222298556763
142497,25.014
142498,19.2749489295571
142499,20.798
142500,22.505
142501,34.052
142502,21.4530624220244
142503,25.173
142504,22.88
142505,22.4366249689399
142506,21.063
142507,38.7274398932784
142508,18.2625166324156
142509,21.6406928270744
142510,19.1075334496123
142511,21.946
142512,19.146
142513,16.752
142514,12.9236705342054
142515,15.492
142516,11.805
142517,14.661
142518,11.43
142519,12.0641494294698
142520,5.637
142521,15.81
142522,13.0074524987814
142523,14.052
142524,8.628
142525,3.596
142526,2.67237213189784
142527,15.813
142528,7.96937056844249
142529,9.689
142530,0.189
142531,-0.404958351203501
142532,3.26139188441789
142533,17.118
142534,5.92894663085459
142535,9.666
142536,0.334
142537,-1.052
142538,5.367
142539,17.959
142540,11.097
142541,12.823
142542,1.50751323571634
142543,0.214390108153468
142544,6.878
142545,18.503
142546,11.714
142547,16.362
142548,7.051
142549,1.146
142550,8.777
142551,19.008
142552,16.966
142553,17.928
142554,8.86236619658341
142555,1.20251972115688
142556,14.1565397914197
142557,21.013
142558,19.9338551125408
142559,21.611
142560,12.9467025490023
142561,16.4031343898397
142562,25.098
142563,31.107
142564,29.9391194774273
142565,33.3319430619617
142566,23.356072624342
142567,41.0706301951297
142568,64.9052289232149
142569,61.9948564843238
142570,73.9512214823853
142571,72.2936896225334
142572,59.371807894635
142573,72.3870018977274
142574,59.6592304002296
142575,47.21
142576,60.2809797245141
142577,52.4878167139625
142578,61.8980949554129
142579,56.0586578849442
142580,41.7376268352064
142581,30.221
142582,25.981
142583,34.08
142584,42.7445767985531
142585,46.2606525134537
142586,30.421
142587,25.895
142588,18.5120553701454
142589,23.318
142590,34.0366189681841
142591,39.912
142592,26.165948003853
142593,22.817
142594,14.6689334254135
142595,20.488
142596,25.9149924313229
142597,39.58
142598,26.923
142599,21.74
142600,18.46
142601,24.988040772719
142602,25.3953963780829
142603,129.469591888332
142604,24.589
142605,21.545
142606,19.078
142607,18.926
142608,23.397
142609,93.7429439044436
142610,24.021
142611,21.456079684551
142612,6.692
142613,14.456
142614,23.211
142621,62.528663192775
142622,23.319
142623,24.699
142624,11.574
142625,20.365
142626,23.7303338761129
142627,70.4044252236504
142628,23.638631408373
142629,22.4606628136664
142630,11.1896644956272
142631,23.819088580937
142632,25.1595847049328
142633,76.2544184357554
142634,25.457
142635,21.746
142636,21.363
142637,24.0222877367794
142638,26.39
142639,42.0500421044734
142640,27.055
142641,21.756
142642,20.914
142643,23.8342995020892
142644,26.785
142645,48.3169828475418
142646,30.4274198324421
142647,22.787
142648,20.317
142649,26.01
142650,29.757
142651,28.2261436169292
142652,24.235
142653,20.07
142654,14.41
142655,20.996
142656,23.726
142657,13.9766945176679
142658,15.041
142659,9.699
142660,1.17775449107917
142661,11.94
142662,14.853
142663,12.509
142664,12.1141538113245
142665,7.655
142666,9.00133468201143
142667,7.506
142668,9.079
142669,8.63500262008079
142670,10.0472745260537
142671,5.12428596437324
142672,8.9647734328347
142673,7.244
142674,9.34927888743489
142675,7.23266733340116
142676,9.30150304617277
142677,11.972
142678,10.248
142679,11.212
142680,9.39131785409957
142681,8.70769456295016
142682,8.96557865576327
142683,13.1430870283922
142684,11.159
142685,13.0995450068178
142686,8.08
142687,7.987
142688,8.26194776141025
142689,14.439
142690,12.804
142691,14.197
142692,7.05110276873773
142693,8.72979452136818
142694,7.53155189386875
142695,14.305
142696,13.155
142697,15.3891989837708
142698,7.2874717240642
142699,9.91544841705428
142700,8.938
142701,15.184
142702,14.119
142703,15.799
142704,8.222
142705,17.403
142706,16.2100018280449
142707,19.977
142708,19.429
142709,20.181
142710,16.539
142711,76.1820606227487
142712,39.1804329695468
142713,59.6955560564222
142714,55.0344589010339
142715,60.1236944597088
142716,41.852
142717,57.0392510182694
142718,29.966
142719,46.6305500628006
142720,40.0677211613035
142721,42.228533005275
142722,30.672
142723,28.383367050906
142724,21.068
142725,30.057
142726,25.893
142727,25.867
142728,22.0915056298659
142729,22.337
142730,17.512
142731,26.7646724572483
142732,22.124
142733,22.847
142734,16.914
142735,20.8041901426592
142736,12.5158892895183
142737,24.279
142738,20.588
142739,20.735
142740,12.51
142741,17.894
142742,8.0629716442235
142743,21.347
142744,15.508
142745,18.2856769575506
142746,7.599
142747,22.803
142748,19.244
142749,20.564
142750,17.26295458852
142751,19.642
142752,19.461
142753,11.2335499862679
142754,0
142755,18.592
142756,6.93202848020261
142757,12.6092799618484
142758,-0.128875397829823
142759,13.068
142760,4.311
142761,18.9268957230083
142762,17.381
142763,15.989
142764,1.19977415985567
142765,14.329
142766,9.94845139722847
142767,19.515
142768,17.0966980084445
142769,16.845
142770,6.206
142771,15.364
142772,12.163
142773,19.773
142774,15.6765122162186
142775,17.668
142776,8.445
142777,16.6144538298918
142778,13.244
142779,20.129
142780,15.6416037050214
142781,18.048
142782,12.722
142783,18.125
142784,16.269
142785,21.885
142786,19.72
142787,20.3
142788,14.769
142789,22.1845868539553
142790,20.295
142791,25.452
142792,23.8730860560478
142793,24.158
142794,19.874
142795,15.3412285422784
142796,17.717
142797,22.06
142798,21.748
142799,21.61
142800,17.699
142801,1.081
142802,11.0445609397581
142803,15.407
142804,14.9186338417207
142805,15.168
142806,10.319
142807,1.53321968236938
142808,11.5913554370733
142809,14.7577944261476
142810,14.397
142811,14.735
142812,11.003
142813,3.422
142814,10.8992459099919
142815,15.799
142816,15.156
142817,15.176
142818,11.556
142819,6.0172890797451
142820,10.93
142821,17.002
142822,16.491
142823,16.4647642996355
142824,11.578
142825,8.09208803447606
142826,10.771
142827,17.094
142828,17.046
142829,17.387
142830,11.7025458814747
142831,8.754
142832,9.485
142833,17.116
142834,17.297
142835,17.2722915744322
142836,9.769
142837,7.51745143036826
142838,6.91398953564395
142839,17.436
142840,16.947
142841,17.259
142842,8.621
142843,7.755
142844,7.68097416052251
142845,17.61
142846,17.579
142847,17.9101113428696
142848,8.222
142849,13.9416230509425
142850,16.48
142851,22.021
142852,22.051
142853,22.22
142854,15.671
142855,29.5213373363862
142856,28.001
142857,46.9986368934905
142858,46.72
142859,45.47
142860,26.248
142861,27.7376818037642
142862,22.269
142863,35.6866292661895
142864,35.103
142865,34.7856775686168
142866,21.903
142867,19.505
142868,11.037031100928
142869,22.754
142870,22.522
142871,22.469005322248
142872,11.076
142873,16.586
142874,4.76067070767016
142875,19.5165261896373
142876,11.4027711348939
142877,14.71
142878,4.982
142879,15.096
142880,1.61007648489374
142881,18.847
142882,9.29592236306427
142883,10.2735619705749
142884,1.27699978122476
142885,12.266
142886,0.002
142887,17.689
142888,10.476
142889,6.254
142890,-0.332899242071739
142891,11.556
142892,-1.23675857656803
142893,18.1828114772028
142894,9.40241904680767
142895,8.63006865563279
142896,-0.942533986599487
142897,9.867
142898,-0.492
142899,14.432
142900,3.747
142901,7.799
142902,0.008
142903,8.552
142904,1.12749041946839
142905,16.0561659974449
142906,3.82293329625681
142907,9.621
142908,1.33111018886016
142909,8.256
142910,0.287
142911,16.434
142912,3.01573537028281
142913,10.2739039500312
142914,1.641
142915,9.1027871998003
142916,-0.043
142917,17.952
142918,8.61341068718211
142919,12.28
142920,0.872
142921,10.904
142922,3.061
142923,18.561
142924,13.344
142925,13.7090852221417
142926,6.649
142927,13.864740942502
142928,10.5762983761625
142929,20.993
142930,20.594
142931,17.397
142932,13.329
142933,18.0052113467278
142934,18.0362782578726
142935,23.4
142936,22.758
142937,21.284
142938,19.520841622652
142939,12.979
142940,14.936
142941,19.908
142942,20.918
142943,18.258
142944,15.2940219928426
142945,-2.212
142946,1.10102056184597
142947,8.986
142948,10.813
142949,8.37229863461056
142950,-1.18652972214351
142951,-1.56968422041746
142952,2.392
142953,11.622
142954,11.2523933881132
142955,10.953
142956,-0.152719262926015
142957,-2.863
142958,-2.531
142959,12.518
142960,11.011
142961,11.547
142962,-2.42688664518586
142963,-1.977
142964,-2.705
142965,12.363
142966,12.143
142967,11.597
142968,-2.58094268056245
142969,-0.98702120120073
142970,-2.00006939045626
142971,10.161
142972,13.191
142973,12.199
142974,-2.473
142975,0.041
142976,-3.92060330614063
142977,12.3573279889487
142978,14.2046960562082
142979,13.56
142980,-2.899
142981,1.86740729602922
142982,-4.221
142983,11.6616160398516
142984,14.2664754684801
142985,15.055
142986,-3.08740009023935
142987,2.72590867015446
142988,-5.61047615317364
142989,12.122
142990,14.4651322634313
142991,14.974
142992,-2.217
142993,14.759
142994,1.84018485619594
142995,18.32
142996,19.888
142997,19.440898819344
142998,2.83
142999,44.12
143000,24.9479804143759
143001,38.5730700310312
143002,36.57
143003,36.5368798987258
143004,22.861
143005,26.659
143006,21.6098516789299
143007,26.8293495551851
143008,24.416147367034
143009,26.212
143010,18.359
143011,20.502
143012,13.5579896695645
143013,22.649
143014,18.152
143015,22.012
143016,12.947
143017,17.23
143018,7.205
143019,20.175
143020,15.3554248129225
143021,17.6747541370717
143022,6.85
143023,16.287
143024,3.74
143025,18.817
143026,13.758
143027,17.205
143028,5.065
143029,14.533
143030,0.43223808410679
143031,16.4303369190378
143032,10.504
143033,15.181
143034,1.95661735028199
143035,13.3026260088309
143036,1.52190891564668
143037,15.628
143038,10.864754995714
143039,9.301
143040,1.024
143041,11.198
143042,-0.198
143043,11.93310032249
143044,8.01818007505494
143045,9.667
143046,-0.747131803913733
143047,11.054
143048,0.343581482473666
143049,14.091434935675
143050,13.9341244496984
143051,9.75347403955541
143052,-0.188
143053,11.423
143054,2.49862264062126
143055,15.859
143056,15.96
143057,13.914008735223
143058,0.610107403247239
143059,13.316953779224
143060,9.142728252112
143061,15.79
143062,18.424
143063,15.9535997829835
143064,3.5891253164206
143065,17.65
143066,12.2729944699097
143067,18.016
143068,20.377
143069,18.19
143070,14.625
143071,20.184
143072,14.373
143073,18.2560404858241
143074,21.53
143075,20.124
143076,10.608
143077,25.021
143078,18.089
143079,20.176
143080,23.504
143081,22.883
143082,13.956
143083,21.843
143084,15.207
143085,19.096
143086,21.843
143087,21.752
143088,17.39
143089,10.069
143090,10.8615449158363
143091,12.106
143092,16.021
143093,16.072
143094,7.47403805252389
143095,14.033
143096,14.6849392543707
143097,13.745
143098,15.613
143099,16.132
143100,13.057
143101,16.72
143102,14.376
143103,13.981
143104,15.702
143105,15.787
143106,13.387
143107,17.022
143108,16.229
143109,16.882
143110,16.474
143111,15.543
143112,16.7543398627568
143113,18.062
143114,17.056
143115,18.955
143116,18.492
143117,19.408
143118,18.828
143119,18.798
143120,17.284
143121,20.0598093102356
143122,19.691
143123,20.202
143124,19.2963139897722
143125,21.434
143126,19.7539143032264
143127,21.8437741398259
143128,22.22
143129,22.35
143130,21.396
143131,23.172
143132,20.089
143133,22.648
143134,23.273
143135,23.9
143136,22.35
143137,46.3651170581665
143138,32.688
143139,38.7563807173093
143140,40.972
143141,43.452
143142,36.928
143143,517.667782119845
143144,69.5378981677547
143145,107.294872967069
143146,123.930194787128
143147,121.185640218016
143148,78.2874240882104
143149,311.276275579092
143150,38.828
143151,57.1807743503434
143152,62.013944773719
143153,55.4431588695875
143154,36.4869909967182
143155,207.514266562287
143156,29.5456966252148
143157,30.0709445737977
143158,42.3854412867452
143159,35.8630716791601
143160,28.6573360810724
143161,144.70349964101
143162,21.9216284362491
143163,25.1887770413257
143164,30.035
143165,29.477
143166,24.207
143167,42.7368853626938
143168,23.032
143169,24.331
143170,19.5
143171,20.151
143172,22.776
143173,33.001
143174,22.097
143175,22.131
143176,17.12
143177,20.087
143178,22.381950795897
143179,30.6109283818126
143180,21.776
143181,21.983
143182,18.013
143183,19.693
143184,22.68
143185,39.644
143186,23.767
143187,22.226
143188,21.778
143189,20.363
143190,23.4960462657435
143191,40.5737462665215
143192,24.157
143193,22.73
143194,22.597
143195,21.288
143196,24.433
143197,46.2444556549204
143198,25.094
143199,23.481
143200,23.752
143201,21.87
143202,24.838
143203,61.8999126278622
143204,24.95
143205,23.16
143206,23.844
143207,22.8800282872228
143208,25.567
143209,91.6822995295043
143210,25.065
143211,23.947
143212,24.0065037104016
143213,23.6271942173203
143214,25.58
143215,124.230733545762
143216,26.87
143217,26.319
143218,26.0730979062451
143219,24.343
143220,26.854
143221,154.116526030209
143222,31.729
143223,32.249
143224,32.2599385526225
143225,27.544
143226,32.0485413473055
143227,107.435429535111
143228,29.587
143229,29.09052956853
143230,30.7119455985406
143231,25.033
143232,29.741
143233,22.471272648367
143234,20.13
143235,20.589
143236,20.128
143237,18.551
143238,19.888
143239,20.064
143240,19.191
143241,18.675
143242,18.1866025754797
143243,17.229
143244,19.0980842285573
143245,19.101
143246,19.307
143247,16.923
143248,17.989
143249,16.4962260752732
143250,19.503
143251,18.574
143252,18.915
143253,18.755
143254,18.137
143255,17.723
143256,18.774
143257,18.079
143258,17.8435238606257
143259,19.0852985332865
143260,18.643
143261,18.528
143262,17.659
143263,17.352
143264,15.8093786486168
143265,19.217
143266,20.3814660389719
143267,19.91
143268,15.875
143269,17
143270,13.378
143271,18.895
143272,20.6036668575186
143273,21.5997109715897
143274,14.05
143275,17.849
143276,12.9004527128501
143277,18.93
143278,20.54
143279,21.3727858670372
143280,13.4224807858263
143281,28.2162389267668
143282,20.539
143283,26.547
143284,27.6727138535793
143285,28.5633107118101
143286,20.0882356367444
143287,170.20020101723
143288,34.3862767318765
143289,59.1159513842813
143290,59.3740795478276
143291,60.1223106297427
143292,37.3910766595094
143293,79.7941399264741
143294,23.74
143295,31.215410863616
143296,34.1406284320243
143297,32.999
143298,26.607
143299,32.0317793007318
143300,19.5365617863224
143301,23.073
143302,25.991
143303,28.2488666418852
143304,21.412
143305,22.511
143306,15.128
143307,20.069
143308,22.516
143309,23.199
143310,16.658
143311,21.044
143312,14.045764155892
143313,19.175
143314,14.735
143315,18.285
143316,17.003
143317,19.301
143318,9.88368047494824
143319,17.98
143320,14.602
143321,14.443
143322,8.84156591265769
143323,19.427
143324,6.64080736996033
143325,17.3413856303243
143326,15.1815912767767
143327,9.55236771383989
143328,4.96134255613661
143329,24.497
143330,19.35
143331,15.78
143332,13.5874555202231
143333,14.1572602974132
143334,19.3939735704887
143335,27.6198875050355
143336,15.065
143337,15.789
143338,10.995
143339,15.6044263878041
143340,19.262
143341,41.3929984240904
143342,10.184
143343,15.441
143344,14.19
143345,15.401
143346,20.561
143347,50.319
143348,12.379
143349,16.38
143350,13.8073308264207
143351,16.289
143352,19.542
143353,42.1235335433912
143354,11.46
143355,16.604
143356,15.957
143357,16.612
143358,18.744
143359,34.002
143360,11.475
143361,17.68
143362,18.8085408939171
143363,18.601
143364,15.165
143365,29.764
143366,15.5217846456069
143367,19.796
143368,23.5486379206153
143369,22.0044351216548
143370,16.77
143371,24.4503402678858
143372,15.182
143373,18.702
143374,23.315
143375,20.873
143376,15.789
143377,13.013
143378,6.37
143379,12.942
143380,17.2713111148488
143381,15.2258992528568
143382,6.89803493350826
143383,12.221
143384,5.23343504080997
143385,8.557
143386,16.965
143387,14.7310384219916
143388,5.77797861698573
143389,12.528127760857
143390,9.34
143391,10.144
143392,16.693
143393,14.438
143394,6.772
143395,12.883
143396,9.859
143397,12.911
143398,17.237
143399,16.232
143400,8.398
143401,14.196
143402,12.725
143403,15.786
143404,20.42
143405,20.277
143406,13.059
143407,16.699
143408,16.019
143409,19.1021659328044
143410,22.039
143411,22.69
143412,15.196
143413,19.873
143414,18.995
143415,20.698
143416,24.8675384734429
143417,24.731
143418,17.433
143419,22.4571963006448
143420,22.964
143421,23.515
143422,26.767
143423,28.446
143424,21.973
143425,48.6521263863166
143426,50.5028346029709
143427,50.892
143428,58.1753606351343
143429,59.3890666754589
143430,47.4812862956769
143431,339.24093251643
143432,155.121168949255
143433,122.684350603926
143434,172.173423921793
143435,175.771825989396
143436,149.551692779298
143437,210.4817748534
143438,78.9757925380242
143439,66.714
143440,65.57
143441,60.3361376359739
143442,80.1620595629437
143443,181.280067504483
143444,61.9344075838574
143445,35.747
143446,37.2561182787
143447,52.9917777396642
143448,67.9007712680341
143449,106.15537351182
143450,50.3503276573132
143451,32.1365135283205
143452,23.673
143453,37.9300090574793
143454,55.9961634167225
143455,72.316
143456,35.5903616664797
143457,27.165
143458,20.752
143459,23.4039861168142
143460,34.6283991256253
143461,87.798040768343
143462,28.576
143463,24.933
143464,21.181
143465,20.443
143466,29.5953210280973
143467,53.4588514797507
143468,24.585
143469,23.295
143470,21.604
143471,20.809
143472,26.1756530696183
143473,46.8518137658742
143474,31.0683429628198
143475,30.124759668056
143476,23.613
143477,21.8586126232383
143478,31.3266588564486
143479,46.264
143480,28.0832371575506
143481,29.911
143482,25.218
143483,22.877
143484,26.853
143485,49.051
143486,24.846
143487,27.105
143488,25.763
143489,24.2557678214634
143490,25.506
143491,55.7975165070312
143492,23.944
143493,24.863
143494,25.506
143495,24.3842870780593
143496,24.832
143497,55.5022345797515
143498,23.333
143499,22.788
143500,26.135
143501,26.069
143502,24.324
143503,46.6848905529482
143504,24.183
143505,22.8845825647579
143506,27.0223324640923
143507,28.996
143508,24.882
143509,42.525
143510,28.64
143511,25.3557320454555
143512,31.7176324204754
143513,33.426
143514,29.293
143515,31.206
143516,25.0494627069508
143517,22.463
143518,28.209
143519,31.481
143520,24.59
143521,15.3926980796584
143522,16.8909558662025
143523,15.99
143524,18.399
143525,19.588
143526,15.4114840181757
143527,8.776
143528,16.935
143529,17.184
143530,18.371
143531,19.136
143532,17.555
143533,8.75063482340272
143534,17.623
143535,18.5840454478642
143536,18.76
143537,18.766
143538,17.604
143539,11.3656910276453
143540,18.435
143541,19.94
143542,20.117
143543,19.807
143544,17.571
143545,16.2589131136909
143546,18.322
143547,20.678
143548,21.946
143549,21.968
143550,18.2469909419926
143551,18.1776081175112
143552,18.161
143553,21.5595522597684
143554,24.499
143555,25.786
143556,19.121
143557,16.2137230161865
143558,17.979
143559,22.09
143560,25.3112969170161
143561,27.4470447080099
143562,18.1660982610988
143563,17.491
143564,16.039
143565,22.6373158489877
143566,25.154
143567,26.787
143568,17.74
143569,30.1425116070368
143570,17.358
143571,37.5087213797887
143572,37.9904445401405
143573,39.443
143574,18.346
143575,197.283521962835
143576,22.6149117592461
143577,82.0882718925969
143578,79.0117952191711
143579,86.867
143580,22.5911826782807
143581,121.180131473918
143582,20.8934555871811
143583,44.5256226279123
143584,42.3183908204183
143585,41.0346111999729
143586,20.136
143587,58.1884463693096
143588,19.804
143589,35.387
143590,33.3107937202291
143591,30.6150820043655
143592,18.451008047737
143593,22.932
143594,16.694
143595,29.56
143596,27.181
143597,27.4605631316808
143598,15.420424717652
143599,21.105
143600,15.105
143601,25.4769803734043
143602,24.5543219689217
143603,24.518
143604,13.191
143605,19.412
143606,17.181
143607,22.867
143608,20.748
143609,22.349
143610,12.819
143611,18.523
143612,16.9890152102512
143613,22.1662068960287
143614,18.088
143615,22.396
143616,17.147
143617,18.493
143618,15.0623749466445
143619,22.6602881688135
143620,20.0168053914017
143621,21.0485515967779
143622,13.155
143623,17.706
143624,11.0496846785222
143625,23.01
143626,22.183
143627,19.947
143628,11.958
143629,17.567
143630,11.55
143631,21.399
143632,21.985
143633,21.895
143634,10.116
143635,16.8691291637001
143636,15.069
143637,12.6831771584199
143638,21.865
143639,23.113
143640,11.3855036490416
143641,17.249
143642,16.3264711753215
143643,10.482
143644,21.337
143645,23.105
143646,12.762
143647,17.581
143648,15.969
143649,8.654
143650,17.996
143651,20.473
143652,16.045
143653,17.6861153773221
143654,19.029
143655,9.41681711148283
143656,19.2532146067789
143657,14.083
143658,17.051
143659,13.4973940986538
143660,14.2044531347723
143661,2.59938798956733
143662,-0.859
143663,14.286
143664,15.621
143665,-1.943
143666,4.615
143667,-6.704
143668,-17.875484158388
143669,-15.0257458873573
143670,-0.47
143671,-6.0590011265449
143672,-6.678
143673,-12.1361645831565
143674,-27.5486365865526
143675,-13.765793706769
143676,-4.38134410384484
143677,-10.2797225952005
143678,-8.74826781996051
143679,-18.2903953302173
143680,-28.2692218819714
143681,-7.21539019832459
143682,-10.857773610661
143683,-8.685
143684,-11.5187376240592
143685,-18.8869699592041
143686,-26.1080399170161
143687,-6.32759040842551
143688,-8.589
143689,-3.70135469675887
143690,-9.019
143691,-15.8391050851551
143692,-25.0607028372402
143693,-2.44037755582481
143694,-9.44857296189798
143695,-1.517
143696,-3.187
143697,-9.875
143698,-19.2662909617433
143699,-0.448500513884876
143700,-5.25999879917
143701,0.007
143702,-0.079
143703,-13.9454469999757
143704,-2.361
143705,-1.08473177818023
143706,-1.28359055595302
143707,1.68354753879672
143708,0.717
143709,-11.7009346087289
143710,-22.9786833335988
143711,0.007
143712,0.0804941322738705
143713,13.749
143714,14.457
143715,0.702260945057558
143716,4.44942906287226
143717,14.094
143718,13.523
143719,55.4456768763254
143720,33.9155105168362
143721,21.888
143722,21.897
143723,34.5579549426883
143724,34.152974862077
143725,58.4332261349606
143726,33.8728978144661
143727,24.501
143728,31.8203777202135
143729,38.166
143730,32.6538632677405
143731,45.3313360003278
143732,31.231
143733,22.956
143734,29.7325727024585
143735,34.071
143736,30.2825310062057
143737,37.3962611068287
143738,27.334
143739,20.421
143740,23.309
143741,34.5158477640775
143742,26.256
143743,31.969049635636
143744,24.967
143745,22.0781751511899
143746,18.0002220383902
143747,27.465
143748,26.3394101078275
143749,30.9047790822091
143750,25.925
143751,21.4140022328092
143752,15.947
143753,21.335
143754,27.0224972652362
143755,35.4578880138875
143756,27.7974003398803
143757,20.552
143758,11.952
143759,19.6623187379753
143760,28.356
143761,40.5353897616577
143762,33.261109944485
143763,21.52
143764,13.3672121789358
143765,18.3032507388115
143766,33.0006479903929
143767,41.273
143768,35.125
143769,20.217
143770,10.9504844168302
143771,17.3752446915961
143772,34.496
143773,46.394
143774,33.704484947762
143775,21.162
143776,12.7400973481011
143777,18.1952493535294
143778,35.3406992875571
143779,42.1028142184027
143780,36.2806344720232
143781,22.573
143782,17.1407649010565
143783,19.686
143784,36.415
143785,49.5437439391593
143786,40.8528139171453
143787,24.653
143788,20.218
143789,20.0569932655497
143790,41.0032046962777
143791,72.2888525468344
143792,53.176655039143
143793,28.284
143794,36.6787615772932
143795,36.5742221491051
143796,52.9672541968041
143797,115.106262474729
143798,67.229
143799,34.7480256630635
143800,37.579
143801,42.6729047750442
143802,65.7370847816341
143803,77.1537686563821
143804,51.719828326327
143805,30.787
143806,30.029
143807,35.331
143808,50.2026906075969
143809,21.768
143810,22.391
143811,16.06
143812,18.484
143813,20.159
143814,21.9468383321236
143815,17.405
143816,19.064
143817,7.49272921221169
143818,10.174
143819,15.1001150098029
143820,19.098
143821,16.585
143822,17.47
143823,2.32912686154032
143824,11.146
143825,14.0198609727432
143826,17.726
143827,15.722
143828,16.932
143829,1.1055518259579
143830,8.48534388447105
143831,12.338
143832,17.2597152424611
143833,15.6070271789985
143834,17.482
143835,2.16
143836,9.61995482331047
143837,11.9980135495163
143838,17.4683591923005
143839,15.433
143840,15.859
143841,0.948
143842,8.724
143843,11.232
143844,16.2150113437405
143845,14.693
143846,15.0567005227107
143847,0.738
143848,7.235
143849,10.5825583556298
143850,15.408
143851,15.839
143852,16.196
143853,5.68471360727273
143854,9.819
143855,12.355
143856,16.557
143857,22.885
143858,22.739
143859,19.865
143860,19.374
143861,21.157
143862,22.953
143863,145.337750534374
143864,86.1447846912368
143865,82.8303666519485
143866,78.8836519938978
143867,92.2067280509559
143868,89.1097528855251
143869,54.4787306424711
143870,35.6997133527008
143871,49.9953586619288
143872,43.1675997840652
143873,46.4943119585688
143874,40.0543723219539
143875,40.8137628192183
143876,24.477
143877,36.7335858303781
143878,34.0390441185453
143879,34.879
143880,27.3381460568482
143881,27.07
143882,20.456
143883,30.3336820947109
143884,29.892
143885,30.1354342521244
143886,21.649
143887,21.34
143888,17.9075252861242
143889,25.221
143890,22.81
143891,24.54
143892,17.531
143893,18.317
143894,13.295
143895,23.3263274833039
143896,21.014970364431
143897,22.506
143898,11.257
143899,15.878
143900,8.57748869507192
143901,21.684
143902,19.662
143903,20.646
143904,7.505
143905,16.163
143906,7.001
143907,21.253
143908,16.921
143909,17.538
143910,7.222
143911,15.915
143912,8.13424030098347
143913,20.92
143914,18.5817299830525
143915,17.109
143916,4.40284343973621
143917,16.492
143918,5.35636130045929
143919,19.7402242176031
143920,19.462
143921,17.239
143922,3.50177595763165
143923,16.402
143924,4.71154626124245
143925,19.981
143926,19.515
143927,17.262
143928,3.00359818654438
143929,16.9765699297737
143930,6.21088604341151
143931,21.09
143932,19.524
143933,17.646
143934,4.093
143935,19.3444323452649
143936,12.0138465765166
143937,23.097
143938,21.344
143939,19.9385075785445
143940,9.03383093703187
143941,22.21
143942,16.103
143943,28.0396466744494
143944,26.014
143945,25.581
143946,13.8217973612788
143947,19.093
143948,11.0528161940328
143949,23.716
143950,25.463
143951,23.5813761298073
143952,9.202
143953,1.14666880965698
143954,-1.55063185566617
143955,15.031
143956,16.436
143957,15.848
143958,-1.917
143959,-0.538819421863416
143960,-4.71400959291486
143961,12.7745231597517
143962,12.49
143963,11.457
143964,-6.433
143965,-1.933
143966,-7.11026362496161
143967,11.796
143968,9.76064474996418
143969,4.58590622185078
143970,-8.51141949876248
143971,-2.62817295623087
143972,-8.72451718256215
143973,2.958
143974,6.58115238860771
143975,2.05625758453777
143976,-7.01551384184793
143977,-2.97
143978,-13.2276926341759
143979,-0.516
143980,-0.018
143981,0.54
143982,-12.492
143983,-3.316
143984,-16.256147516121
143985,-1.152162755264
143986,-0.618
143987,-0.384101288747008
143988,-14.697795420986
143989,-4.69158846176226
143990,-14.7772162076351
143991,-1.162
143992,-0.80561123589574
143993,-0.495
143994,-15.1656120314468
143995,-4.82637287918458
143996,-12.4394894861243
143997,-1.5868953787904
143998,-1.656
143999,-1.308
144000,-12.573
144001,-1.08637754622522
144002,1.24271194414137
144003,10.923
144004,6.268
144005,10.2777061923416
144006,0.506
144007,24.2732057574534
144008,25.326
144009,25.834
144010,22.747
144011,22.759
144012,23.917
144013,23.8377185707657
144014,18.228
144015,21.958
144016,17.256
144017,20.377
144018,19.066
144019,21.7785953729983
144020,18.375
144021,22.5690215325755
144022,8.945
144023,13.221
144024,14.218
144025,20.099
144026,11.9494756431462
144027,16.33
144028,1.287
144029,8.13936690372977
144030,12.431
144031,18.1058369439525
144032,6.90875282175823
144033,14
144034,-0.994
144035,2.409
144036,7.773
144037,17.092
144038,6.44751853977839
144039,12.725
144040,-0.301
144041,0.039
144042,5.40317857676685
144043,15.855
144044,10.612
144045,10.483
144046,-0.445351062366852
144047,0
144048,3.926
144049,16.4461431467497
144050,8.88335577519799
144051,11.069
144052,0.703
144053,-0.680006334148406
144054,7.96106374611564
144055,17.644
144056,14.649
144057,12.5835917082746
144058,2.377
144059,0.41
144060,10.9825948528343
144061,19.865
144062,18.0454863596818
144063,14.9196782724714
144064,4.08176832578331
144065,4.028
144066,16.443
144067,20.918
144068,21.617
144069,15.1319900874877
144070,9.774
144071,8.95667463256713
144072,18.156
144073,23.873
144074,22.043
144075,16.842
144076,13.6808968565573
144077,14.3820155199823
144078,22.198
144079,31.3551929637819
144080,20.106
144081,18.334
144082,15.955
144083,17.498
144084,23.69
144085,48.8860348708503
144086,22.9951388795919
144087,22.059
144088,20.481
144089,21.4160349290536
144090,25.758
144091,45.3180282577671
144092,22.722
144093,22.424
144094,19.641
144095,21.564
144096,23.2355060864926
144097,20.7184145962446
144098,18.114
144099,16.5666056117803
144100,15.669
144101,16.5121690487025
144102,18.1960376681843
144103,18.868
144104,17.851
144105,12.7495918287969
144106,12.673
144107,14.8573896046307
144108,17.885
144109,19.313
144110,17.675
144111,9.87080485461197
144112,11.139
144113,15.028
144114,18.387
144115,18.871
144116,18.623
144117,9.270218372722
144118,11.372
144119,14.927
144120,18.5
144121,19.172
144122,19.519563901998
144123,10.337
144124,9.41747483885405
144125,14.455
144126,18.7343547168908
144127,19.894
144128,20.204
144129,12.614
144130,7.05223974210215
144131,14.39173614445
144132,20.076
144133,21.1972058571814
144134,21.817
144135,15.477
144136,10.442298915235
144137,16.6369290864723
144138,21.5346232010827
144139,21.985
144140,21.12
144141,16.254
144142,11.7229780024956
144143,16.897
144144,22.016
144145,47.4282259458615
144146,37.6603648116874
144147,23.6567542738276
144148,23.585
144149,24.0014020528512
144150,39.9970795714009
144151,450.864901728818
144152,93.8040152021552
144153,32.1892546795784
144154,41.4003470334217
144155,49.4242354973184
144156,94.7450540936451
144157,187.278240639117
144158,45.2899506511043
144159,32.4919755689367
144160,28.084
144161,31.438
144162,46.4039961891263
144163,160.386536956879
144164,40.2933804308149
144165,29.344387978609
144166,21.233
144167,23.6004576023578
144168,39.5819968861387
144169,51.7818481687691
144170,36.917
144171,25.852
144172,18.066
144173,19.785
144174,35.2296841127516
144175,33.704
144176,28.6049611194608
144177,23.7497676309093
144178,15.162
144179,17.677
144180,27.921
144181,28.9836094956976
144182,25.8665192734505
144183,22.112
144184,12.63
144185,14.441400925844
144186,22.649
144187,25.36
144188,21.685
144189,19.72
144190,8.76224635789078
144191,11.3746386275978
144192,19.735
144193,21.297
144194,20.491
144195,15.6325300023442
144196,2.21983760431373
144197,8.829
144198,18.598116352398
144199,21.023131708394
144200,20.4887750746786
144201,14.8491551064685
144202,3.07
144203,9.683
144204,19.046
144205,20.559
144206,21.2746701252114
144207,14.3534142580108
144208,2.607
144209,12.8286812358184
144210,18.879
144211,21.285
144212,21.227
144213,15.282
144214,6.01782161777532
144215,12.979
144216,19.5482341735679
144217,22.09
144218,21.927
144219,17.175
144220,11.3498839991933
144221,12.877
144222,19.301
144223,23.914
144224,22.521
144225,17.994
144226,12.748
144227,9.62487539603653
144228,18.74
144229,27.2277329804582
144230,26.216
144231,20.523
144232,17.321
144233,15.363
144234,22.126
144235,25.0396984698244
144236,22.912
144237,20.452
144238,18.122
144239,14.67
144240,20.9801581192927
144241,14.64
144242,15.384
144243,15.428
144244,12.01
144245,12.665
144246,13.066
144247,10.8021814929481
144248,15.8394131685946
144249,13.718
144250,9.745
144251,2.551
144252,11.161
144253,14.952
144254,17.61
144255,8.81171412327982
144256,0.362
144257,-0.370285279812195
144258,15.181
144259,14.8354609414777
144260,17.653
144261,9.08586046711845
144262,-0.921
144263,0.373
144264,16.207
144265,16.905
144266,18.996
144267,14.1210535235032
144268,0.005
144269,9.28789722133128
144270,16.789
144271,17.758
144272,18.238
144273,14.575
144274,4.235
144275,12.2077206603949
144276,17.367
144277,18.848
144278,16.49
144279,16.498
144280,9.03477888069629
144281,14.89
144282,17.85
144283,21.5
144284,17.173
144285,19.011
144286,16.524
144287,17.0503824995249
144288,17.454
144289,34.4861969047655
144290,23.156
144291,23.58
144292,24.3846711417091
144293,22.799
144294,23.012
144295,194.735917612094
144296,45.8868708446904
144297,32.3759499215553
144298,40.099
144299,42.1169403879804
144300,52.2661779308561
144301,40.5802625057451
144302,25.458
144303,26.3794426902
144304,30.0547299830166
144305,27.454291116409
144306,24.385
144307,26.994
144308,19.304
144309,22.997
144310,23.494
144311,24.553
144312,18.306
144313,23.01
144314,15.15
144315,20.745
144316,12.7272729977788
144317,20.566
144318,14.316
144319,21.974
144320,15.936
144321,19.2773238769384
144322,11.534
144323,10.449892279679
144324,11.7879035945574
144325,19.3341509810541
144326,10.5282671532254
144327,18.157
144328,11.2390194171824
144329,8.046
144330,10.152
144331,18.216
144332,9.73492789998728
144333,17.543
144334,14.7779498340524
144335,7.799
144336,8.358
144337,18.285
144338,8.05356827094338
144339,14.9139545923329
144340,10.622
144341,5.843
144342,5.616
144343,17.103
144344,3.032
144345,13.482
144346,10.759
144347,5.07897125576314
144348,2.669
144349,17.037
144350,4.969
144351,15.744
144352,12.114
144353,8.071
144354,4.89968715711031
144355,17.5805258380225
144356,11.756
144357,16.9421800698823
144358,13.734
144359,10.6067612604245
144360,9.661
144361,19.101
144362,13.605
144363,18.094699517911
144364,13.402
144365,15.886
144366,14.453
144367,20.558
144368,18.578
144369,18.9212645079541
144370,14.8249918965744
144371,16.279
144372,17.762
144373,25.969
144374,23.72
144375,22.3051100124994
144376,19.9991434457556
144377,18.173
144378,19.838
144379,25.6972495170084
144380,24.375
144381,21.868
144382,18.635
144383,17.707
144384,20.7914638624267
144385,16.291
144386,19.302
144387,15.8933625548795
144388,13.072
144389,13.917
144390,18.157
144391,14.635
144392,18.6087223965288
144393,14.924
144394,9.547
144395,10.3879310673112
144396,19.394
144397,16.947
144398,20.138
144399,11.667
144400,-0.173001059496528
144401,12.499
144402,20.16
144403,18.1673764483025
144404,20.68
144405,13.835
144406,6.349
144407,12.3254656745253
144408,20.225
144409,21.028
144410,21.783
144411,18.162
144412,15.73
144413,16.342
144414,23.369
144415,21.73
144416,22.8791066195868
144417,19.645
144418,16.799
144419,17.7984481918214
144420,23.019
144421,20.554
144422,22.785
144423,18.883
144424,17.463
144425,18.54
144426,22.262952038414
144427,22.1619417184867
144428,23.614
144429,19.16
144430,19.3554686425447
144431,19.885
144432,24.236
144433,34.037
144434,35.163
144435,26.583
144436,26.265
144437,26.996
144438,35.5279278638076
144439,175.011473764813
144440,73.5952363606135
144441,45.8705382854671
144442,47.8887249536225
144443,55.0584538289229
144444,74.7928692005188
144445,41.5711915092973
144446,32.1404243862582
144447,25.812
144448,28.099
144449,31.367
144450,33.363
144451,27.261
144452,25.5473024680477
144453,22.444
144454,22.663
144455,22.542
144456,26.209
144457,23.017
144458,20.205
144459,19.596
144460,8.388
144461,22.186
144462,22.556
144463,20.172
144464,17.894
144465,18.975
144466,6.036
144467,13.217
144468,16.701
144469,18.937
144470,13.892
144471,18.615
144472,7.07
144473,3.627
144474,10.401
144475,16.247
144476,8.05598488870179
144477,17.61
144478,9.18
144479,3.36286783829272
144480,7.2658019045038
144481,16.396
144482,10.909
144483,15.16
144484,13.867
144485,9.67441523060811
144486,0.339
144487,13.749
144488,0
144489,13.441
144490,10.2932471755891
144491,4.504
144492,-0.072
144493,13.4349658073372
144494,1.15077791206166
144495,13.1152332317535
144496,11.948
144497,10.6734971254222
144498,-0.0245049726271864
144499,13.87
144500,6.253
144501,13.439
144502,14.414
144503,12.165
144504,0.165065611342852
144505,13.79
144506,11.2611994307125
144507,14.529
144508,15.8077365440422
144509,14.9968632454053
144510,1.12719549431904
144511,17.453
144512,15.131
144513,17.667
144514,16.4314309170633
144515,17.649
144516,3.70617108152034
144517,19.928
144518,12.296
144519,20.054
144520,18.865
144521,20.039
144522,8.045
144523,19.84
144524,12.8588960008286
144525,19.580303537894
144526,17.4648756479151
144527,19.434
144528,12.2027517556868
144529,7.799
144530,0.896
144531,12.0587031718645
144532,11.9085198439173
144533,12.0375423375439
144534,0.184898419300023
144535,9.9303462134333
144536,-2.19073998836621
144537,11.985
144538,8.50787374817945
144539,11.545
144540,-2.106
144541,13.018
144542,-0.248
144543,9.4337297250953
144544,5.75335670397915
144545,8.352185870938
144546,-0.437030834003177
144547,14.6234460580747
144548,8.517
144549,12.351
144550,8.299
144551,11.531
144552,6.31883937994514
144553,16.116
144554,11.3351680877418
144555,14.3377818587969
144556,12.8578159389379
144557,15.034
144558,10.6295880800381
144559,17.038
144560,12.37
144561,16.747
144562,16.075
144563,17.747
144564,11.934
144565,18.0819558476164
144566,12.8470557565817
144567,17.671
144568,17.283
144569,18.93
144570,13.3926820893066
144571,22.961
144572,18.399
144573,20.4851447494192
144574,20.11
144575,20.797
144576,17.425
144577,40.610376312865
144578,34.358
144579,34.5355787568018
144580,34.4281912118132
144581,35.21
144582,30.5259262045634
144583,101.696321985592
144584,81.1017067357851
144585,67.9529886432497
144586,65.6472123777164
144587,70.5988284667468
144588,65.5099380697893
144589,56.2025898951533
144590,34.0095982910816
144591,29.740411435829
144592,34.5693362341381
144593,39.293
144594,59.692297112139
144595,37.5550458124779
144596,26.58
144597,24.634
144598,28.2601625628482
144599,26.512
144600,29.2380061835624
144601,29.79
144602,24.059
144603,22.124
144604,16.854
144605,25.4137677837963
144606,25.186
144607,25.7032764502269
144608,23.486
144609,20.6099212496937
144610,16.045
144611,19.199
144612,24.019
144613,25.4911713489983
144614,22.152
144615,19.077
144616,17.802
144617,16.4415891368805
144618,23.502
144619,25.181
144620,23.0397599707301
144621,18.9429389631387
144622,18.7346802802025
144623,16.676
144624,24.017
144625,24.786
144626,20.211
144627,20.303
144628,18.8438377438292
144629,18.387
144630,21.007
144631,26.785
144632,21.354
144633,20.7675151962815
144634,19.139
144635,19.5220293050575
144636,21.909
144637,27.3742573141936
144638,21.467
144639,19.7616802313842
144640,20.551
144641,20.453
144642,21.999
144643,30.805
144644,22.447
144645,20.67
144646,19.8598633139437
144647,20.748
144648,22.1182644511369
144649,37.5764396566068
144650,23.579
144651,21.941
144652,20.357
144653,21.754
144654,22.661
144655,70.5976845991084
144656,24.541
144657,22.771
144658,22.0875831671368
144659,22.2802379284143
144660,24.854
144661,99.0031209520915
144662,28.91
144663,25.512
144664,28.793
144665,26.363
144666,28.046
144667,42.759
144668,25.8312473231995
144669,24.5623426313091
144670,26.78
144671,24.389
144672,26.462
144673,21.242
144674,19.529
144675,18.421
144676,18.807
144677,17.65
144678,19.402
144679,18.641
144680,19.345
144681,17.051
144682,18.769
144683,18.652
144684,19.158
144685,18.062
144686,20.695
144687,18.7766000210537
144688,19.965
144689,19.621
144690,20.264
144691,19.101
144692,22.1649008354592
144693,20.993
144694,21.428
144695,21.628
144696,21.944077458478
144697,19.007
144698,22.276
144699,23.5430984030012
144700,23.5397989037941
144701,24.287
144702,22.226
144703,22.577
144704,23.902
144705,25.8411350736351
144706,26.2984348555365
144707,27.4022630368195
144708,24.3464360689081
144709,23.459
144710,25.6155862517956
144711,26.9056332252345
144712,28.138
144713,29.277
144714,25.5692735905453
144715,30.3769742847471
144716,30.5263545623828
144717,31.181
144718,34.447382129818
144719,33.908
144720,31.351
144721,81.535
144722,64.9520743016561
144723,54.7563291141406
144724,64.4359904546552
144725,65.739
144726,69.572365269173
144727,646.703593806854
144728,126.492188945705
144729,88.9933398078279
144730,85.0626453379918
144731,92.3953240020798
144732,146.232336599004
144733,366.811644951829
144734,74.4645010684332
144735,41.1822979571041
144736,47.07
144737,47.3113808522654
144738,84.8978043751135
144739,366.628492483526
144740,67.1053104922756
144741,39.6006578890712
144742,27.4331797087867
144743,36.5729324052917
144744,79.8323607279983
144745,308.683701605868
144746,61.6157245789903
144747,33.9149894452565
144748,24.9331410107418
144749,26.042
144750,67.9688893972478
144751,212.519820345959
144752,45.5019808319825
144753,30.298
144754,22.8441671249094
144755,23.973
144756,47.526
144757,118.152973115169
144758,27.4575914572585
144759,26.054
144760,20.348
144761,20.853
144762,37.4452200274113
144763,93.824834977797
144764,23.583
144765,23.496
144766,19.049
144767,18.8300764950756
144768,25.1978698806141
144769,50.2959278439028
144770,25.3631418879899
144771,21.626
144772,16.634
144773,18.978
144774,25.937
144775,60.0335511324649
144776,23.9024120151656
144777,20.773
144778,18.204
144779,18.519
144780,24.576
144781,49.5626833992866
144782,23.788
144783,22.333
144784,18.084
144785,19.356
144786,24.38
144787,35.4814692701183
144788,23.7583550585462
144789,22.153
144790,18.225
144791,18.818
144792,25.305
144793,40.537042802691
144794,25.0202104670819
144795,22.567
144796,18.296
144797,19.245
144798,25.215
144799,58.8432160558515
144800,23.4767086606194
144801,22.704
144802,19.011
144803,21.066
144804,23.581
144805,41.5082745651587
144806,27.4399021071985
144807,26.053
144808,23.546
144809,23.511
144810,26.194
144811,33.5953536738928
144812,24.8780741738149
144813,25.0775328302672
144814,23.031
144815,22.5587736933921
144816,23.231
144817,18.648
144818,19.500829467463
144819,20.5673783038757
144820,19.14
144821,19.5766767685644
144822,18.175
144823,13.136
144824,14.635
144825,18.412
144826,17.308
144827,18.7218908726506
144828,18.606
144829,8.264
144830,18.326
144831,18.252
144832,16.211
144833,19.169
144834,19.298
144835,2.19045927019624
144836,18.802
144837,18.971
144838,14.418
144839,19.042
144840,19.2751573398849
144841,7.24835176990488
144842,18.767
144843,18.805
144844,13.623
144845,19.5818204221047
144846,19.62
144847,12.588
144848,20.5496758534275
144849,17.7774576354641
144850,14.185
144851,20.207
144852,20.705
144853,16.748
144854,20.079
144855,18.778
144856,13.0179960950275
144857,18.88
144858,19.714
144859,21.1438777827642
144860,17.414
144861,16.165
144862,12.9462401336692
144863,17.937
144864,17.351
144865,41.9396792718587
144866,21.9725458857342
144867,21.625
144868,18.6049633950648
144869,21.666
144870,22.613713446569
144871,261.113540922934
144872,54.2748207067079
144873,27.997129063572
144874,30.324
144875,38.3528480834732
144876,61.251
144877,153.036185180381
144878,39.1785971947562
144879,26.8495913669357
144880,18.804
144881,34.29
144882,44.6750680523849
144883,136.580166272442
144884,37.0948251824979
144885,23.072
144886,16.4988044559995
144887,19.291
144888,35.8152110228057
144889,123.326910604474
144890,33.1967156586313
144891,23.153
144892,15.411
144893,17.2061526146357
144894,28.075
144895,123.475498666139
144896,26.751553864399
144897,23.372
144898,11.973
144899,15.506
144900,21.987
144901,79.735899294932
144902,24.518
144903,20.879
144904,11.168
144905,13.063296538877
144906,21.106
144907,53.0540730292701
144908,19.716
144909,20.564
144910,12.7581913434651
144911,12.708
144912,21.655
144913,61.352
144914,16.954
144915,20.239
144916,14.905
144917,13.6450252603317
144918,21.236
144919,53.1475847013952
144920,20.0153742780108
144921,19.5045422600163
144922,15.357
144923,14.96
144924,18.677
144925,42.3
144926,16.918
144927,20.49
144928,15.295
144929,13.963
144930,16.7482863612116
144931,75.126279699878
144932,18.63
144933,21.909
144934,17.784
144935,16.5511143131877
144936,16.557
144937,76.1406807763587
144938,20.468
144939,22.077
144940,18.11
144941,16.108
144942,17.932
144943,84.649474684376
144944,21.334
144945,22.9498544194021
144946,19.3853790339529
144947,20.2431474810369
144948,20.7463746376728
144949,144.106689510847
144950,24.806
144951,27.8705539256304
144952,24.4513978092232
144953,24.1518598727001
144954,25.3020859205377
144955,123.1196646126
144956,24.251
144957,28.7222564968523
144958,23.156
144959,23.834
144960,25.6619935938682
144961,31.0720362141504
144962,21.656
144963,25.21
144964,21.1013725691339
144965,22.297
144966,22.212
144967,28.278
144968,21.281
144969,22.804
144970,17.774
144971,20.37
144972,22.024
144973,26.9684823133027
144974,22.931
144975,21.131
144976,16.0020368609682
144977,20.899
144978,25.577
144979,30.8945484423959
144980,25.7946001482258
144981,20.976
144982,18.809
144983,21.985
144984,26.646
144985,35.348613684619
144986,29.486
144987,24.7346866121384
144988,20.869
144989,23.52
144990,27.297
144991,36.8626589386711
144992,31.4608124682408
144993,26.875
144994,23.135
144995,24.78
144996,29.402
144997,43.7434601080916
144998,41.961
144999,31.9345770379364
145000,26.514
145001,28.564
145002,39.1461032634164
145003,53.137727700056
145004,45.045
145005,35.345
145006,28.919
145007,30.19
145008,46.9592707209086
145009,98.6576477521166
145010,86.3254362086128
145011,42.1820756859303
145012,42.3601125836182
145013,42.1481831487351
145014,91.3184579086853
145015,606.079697107439
145016,149.629210714061
145017,48.904
145018,56.6911040553303
145019,63.2305575943301
145020,143.391772698077
145021,344.194074217017
145022,66.829054393206
145023,40.0700429631026
145024,27.7485785037008
145025,45.5220110390594
145026,53.3
145027,260.243968646935
145028,46.3497917449484
145029,36.9084845033655
145030,25.3509167371835
145031,30.551
145032,43.4564500354765
145033,63.2357275407355
145034,39.683
145035,34.8444302473467
145036,24.1434815154231
145037,23.199
145038,39.9175244540832
145039,60.0900003857159
145040,33.1453678972257
145041,31.3962124179894
145042,23.202
145043,21.655
145044,32.099
145045,41.7667772253639
145046,26.265
145047,25.781
145048,20.7736436383577
145049,19.454
145050,25.922
145051,31.688
145052,24.7
145053,24.228
145054,19.892
145055,17.867
145056,24.02
145057,27.5744471490939
145058,22.572
145059,25.1962203976504
145060,20.271
145061,21.432
145062,22.205
145063,27.905936221956
145064,22.59
145065,23.482431192523
145066,21.159
145067,21.398
145068,22.067
145069,32.899
145070,24.1763510694858
145071,23.993
145072,19.9789751319885
145073,20.655
145074,20.5779266564307
145075,35.482
145076,25.7200710264249
145077,25.7687472889562
145078,20.6058428240675
145079,21.7276089693562
145080,22.844
145081,37.9317550254532
145082,28.985
145083,25.578
145084,22.248
145085,22.939
145086,29.756
145087,38.2746932357453
145088,31.009
145089,26.648
145090,22.6402865629822
145091,23.923733781853
145092,35.048
145093,45.5050323424768
145094,38.1370203751279
145095,34.217
145096,26.38
145097,26.3064318255691
145098,37.4276468585443
145099,58.5280633003255
145100,38.8420545020869
145101,33.5314292976243
145102,27.077835083306
145103,27.549
145104,40.7678292997126
145105,37.4782262700913
145106,30.0043729336426
145107,28.759
145108,21.987
145109,21.9930428436245
145110,30.261
145111,36.5368374943474
145112,30.3364556065026
145113,27.334611635013
145114,16.027
145115,19.378
145116,29.083
145117,33.02
145118,28.937
145119,25.5330688728495
145120,9.88435139118426
145121,19.108
145122,28.8966581349959
145123,33.0082620900411
145124,26.201
145125,23.425
145126,9.43222326808436
145127,16.761
145128,26.217
145129,38.4737564209934
145130,28.353
145131,26.812
145132,8.786
145133,17.1604193109658
145134,28.2055422680186
145135,39.7628433263614
145136,30.2501859747585
145137,26.192
145138,10.412
145139,20.919
145140,30.592
145141,45.0820001583902
145142,37.8344286096389
145143,29.369
145144,14.2813967255037
145145,22.999
145146,38.187610047814
145147,55.36229222858
145148,44.4073068248013
145149,33.4639803290245
145150,15.3339298359241
145151,23.666
145152,44.4757420336869
145153,96.0992409119217
145154,66.6970720354683
145155,40.3881440198859
145156,20.221
145157,23.845
145158,66.0617537961
145159,143.227142595925
145160,86.500683851988
145161,45.9734154425635
145162,26.175
145163,31.154
145164,79.8358941585392
145165,99.9918223026521
145166,35.9627253651356
145167,36.51
145168,26.523
145169,34.7487880659058
145170,51.3344185737297
145171,93.8821119870788
145172,33.454
145173,35.2320698832398
145174,21.994
145175,23.986
145176,61.6462793844949
145177,96.7914888620937
145178,52.0751365487039
145179,32.3144267047263
145180,20.1060993173019
145181,22.486
145182,53.867
145183,62.0514626692905
145184,44.932
145185,31.006
145186,19.35
145187,21.589
145188,42.227
145189,50.9923622119564
145190,36.3578324353598
145191,28.392
145192,16.758
145193,18.375
145194,35.7793445030002
145195,65.852975339754
145196,32.9984494512724
145197,26.254
145198,14.0967784667042
145199,18.524
145200,29.0776376979953
145201,29.609
145202,28.2141827377186
145203,26.7691135975756
145204,15.9272505748003
145205,18.823
145206,25.947
145207,35.0618702456129
145208,26.735
145209,25.813
145210,17.3743131962212
145211,18.832
145212,27.07
145213,26.485
145214,29.5976935788593
145215,25.439
145216,17.080843554148
145217,19.219
145218,23.311
145219,27.5637125080237
145220,29.152
145221,24.611
145222,17.175
145223,20.371
145224,24.8382314570022
145225,28.079733341995
145226,24.1220391352511
145227,26.1645172151308
145228,19.5564621143132
145229,20.523
145230,22.691
145231,32.627
145232,20.6613432178658
145233,27.9108286989563
145234,20.97
145235,22.095643819279
145236,24.107
145237,32.627
145238,25.358
145239,31.9229255811873
145240,22.894
145241,23.296
145242,27.9953071536145
145243,36.838
145244,24.455
145245,31.9350474905665
145246,22.33
145247,23.974
145248,26.196
145249,36.9037496982172
145250,21.667
145251,27.4817782867534
145252,21.584
145253,23.368
145254,21.666
145255,34.8340632148547
145256,21.786
145257,25.249
145258,18.63
145259,19.7222475262261
145260,23.189
145261,26.5896116211206
145262,20.188
145263,21.599
145264,4.25450526119932
145265,14.4139195814231
145266,20.753
145267,22.296
145268,18.5208015521721
145269,18.267
145270,-0.248
145271,9.20298378916693
145272,17.821
145273,27.0918408448259
145274,18.662
145275,17.774
145276,-3.25021652622726
145277,10.1458794592916
145278,20.317
145279,26.619
145280,20.7901457356755
145281,21.655
145282,0.994
145283,15.104
145284,20.512
145285,30.3488278944048
145286,20.5
145287,26.015
145288,9.11643829786438
145289,18.9008955947335
145290,18.1442773080817
145291,32.5091407113144
145292,20.8404904105855
145293,29.7363825078012
145294,15.592
145295,20.883
145296,22.387
145297,65.7109987009644
145298,26.3552279260482
145299,24.849
145300,19.996
145301,23.4923212970518
145302,24.919
145303,88.097
145304,32.006
145305,30.7266393171747
145306,26.75
145307,34.9678261686186
145308,30.958
145309,72.839
145310,41.6270601180306
145311,33.3577562168553
145312,24.837
145313,33.553
145314,47.7042329845647
145315,58.0604921280374
145316,37.0985882200622
145317,28.107
145318,20.93
145319,31.4200056391524
145320,32.3966691158321
145321,98.8588552712435
145322,31.9187979868922
145323,26.2749798507098
145324,21.0476900224706
145325,22.233
145326,33.015
145327,230.917565303108
145328,29.61
145329,25.165
145330,22.057
145331,22.3285888353518
145332,26.6873095809207
145333,138.388424316025
145334,26.947
145335,22.872
145336,21.362
145337,23.933
145338,24.8457221945697
145339,130.895486949406
145340,23.0760853568982
145341,22.141
145342,20.25
145343,22.676
145344,24.644
145345,33.420932904313
145346,21.52
145347,23.128
145348,23.343
145349,21.488
145350,21.422476912208
145351,27.352
145352,18.6769988153128
145353,22.006
145354,20.599
145355,17.717
145356,19.296
145357,29.3283151849633
145358,16.938
145359,21.488
145360,17.299
145361,18.868
145362,17.816
145363,26.485
145364,18.779
145365,20.618
145366,13.892
145367,18.553
145368,18.035
145369,28.212
145370,17.629
145371,19.69
145372,17.9505894626105
145373,20.04
145374,17.328
145375,31.3835928293992
145376,20.025
145377,21.994
145378,20.317
145379,21.585510626814
145380,18.693
145381,44.5079722416152
145382,22.761
145383,28.616
145384,27.6108740138996
145385,25.652
145386,22.566
145387,34.5302613235106
145388,22.357
145389,27.604
145390,28.567
145391,24.251
145392,22.481
145393,19.115
145394,17.949
145395,21.775
145396,21.999
145397,21.278
145398,18.533
145399,12.8614397656982
145400,16.84
145401,20.378
145402,18.2236933909542
145403,20.523
145404,18.603
145405,13.042
145406,18.5597982584965
145407,21.635
145408,20.506
145409,21.729
145410,19.866
145411,10.934
145412,20.439
145413,23.072
145414,22.962
145415,24.299
145416,20.469
145417,13.1998086048219
145418,21.442
145419,24.685
145420,25.8952807624335
145421,26.419
145422,21.255
145423,15.038
145424,23.675
145425,27.9247369323098
145426,29.5158043358049
145427,29.876
145428,23.8030187585553
145429,19.2810194626541
145430,24.5303545329688
145431,28.3744132201371
145432,31.1166431985018
145433,31.007
145434,24.99
145435,25.076
145436,30.597
145437,34.749
145438,36.948
145439,38.099
145440,29.9449605263614
145441,62.5276325772029
145442,43.123
145443,59.8193612994184
145444,63.6182399343673
145445,62.6908762151552
145446,46.0884685788137
145447,275.464024136925
145448,45.398
145449,103.447074494579
145450,98.7776250562328
145451,100.929792602956
145452,70.6441035806252
145453,211.26884290864
145454,35.6187034665574
145455,61.370223844183
145456,69.7038524420742
145457,71.5918692073148
145458,33.832
145459,156.465551938257
145460,33.5559176309639
145461,59.1692241167309
145462,68.2870049826076
145463,67.3475939805127
145464,32.9446923932179
145465,150.540464939965
145466,33.7048969221179
145467,62.4059943335648
145468,36.957
145469,59.6436512198315
145470,32.396
145471,257.444674910485
145472,29.761633020402
145473,45.8378076544648
145474,31.249
145475,44.083
145476,29.8420565018921
145477,232.319960004362
145478,28.759
145479,41.4403779610227
145480,31.3271452505228
145481,40.2169501671897
145482,28.026
145483,230.611319463507
145484,26.8885820408868
145485,39.3651823073743
145486,31.3031451114513
145487,27.7580566635996
145488,26.866
145489,154.864527300389
145490,26.4510261117335
145491,36.9261081167071
145492,27.3260294987114
145493,25.51
145494,25.9945734662842
145495,104.206197852325
145496,25.119
145497,35.709041433738
145498,26.639
145499,25.689
145500,25.139
145501,70.3471219174689
145502,24.463
145503,35.937
145504,27.425
145505,25.487
145506,24.558
145507,41.4315366175375
145508,24.23
145509,35.247
145510,27.254
145511,26.8254878784673
145512,23.767
145513,47.974
145514,24.372
145515,31.4877870178912
145516,26.963
145517,27.847
145518,24.241
145519,55.958
145520,24.921
145521,29.394
145522,28.5397552105524
145523,30.2162498877105
145524,24.503
145525,64.8185776607709
145526,26.0585285029233
145527,26.927
145528,31.6244762862419
145529,33.1339121181852
145530,26.155
145531,46.8781864107133
145532,26.099
145533,27.146014095593
145534,32.179
145535,32.528
145536,26.641
145537,23.04
145538,22.319
145539,20.08
145540,24.769
145541,25.4482473195996
145542,22.1844312204518
145543,22.4966003599624
145544,21.0642948548717
145545,16.045
145546,22.46
145547,23.528
145548,21.271
145549,22.303
145550,21.3132041962073
145551,16.873
145552,23.336
145553,24.351
145554,21.543
145555,22.338
145556,22.205
145557,17.5892043830764
145558,24.133
145559,24.656
145560,22.0814065932624
145561,22.839
145562,22.946
145563,16.301
145564,24.776
145565,25.708
145566,22.413
145567,23.5551868573843
145568,23.208
145569,19.167
145570,25.656
145571,26.422
145572,22.799
145573,23.281
145574,22.6448266175242
145575,20.288
145576,26.639
145577,26.171
145578,23.6547085258942
145579,24.304
145580,23.286
145581,22.197
145582,28.5027947325971
145583,28.1192863431751
145584,25.623
145585,42.9243130235648
145586,40.5519829565834
145587,31.9621208673877
145588,49.7608603833392
145589,47.5520709924475
145590,40.4275967607791
145591,122.694558953376
145592,84.118
145593,59.8889404779179
145594,75.9423187066139
145595,77.4077907747525
145596,81.8537260492392
145597,93.936757934094
145598,59.2357037740216
145599,42.0086645079031
145600,39.5476092603877
145601,27.8343073936505
145602,63.289
145603,72.396539317484
145604,57.464413214652
145605,35.2624544070337
145606,18.297
145607,22.458
145608,56.2746113701895
145609,66.240752068524
145610,47.5218611305562
145611,30.405
145612,19.078
145613,22.999
145614,45.013
145615,53.5709363851895
145616,41.9069978940514
145617,27.486
145618,20.623
145619,24.223
145620,40.2913329321448
145621,48.5800879961725
145622,35.319
145623,26.192
145624,25.6022927385218
145625,24.386
145626,33.553
145627,47.400427920247
145628,33.944
145629,25.147
145630,20.983
145631,23.6449682233728
145632,33.039856209371
145633,44.6822827568138
145634,35.7832940070447
145635,24.9368206155763
145636,28.1810728164937
145637,26.1528854950566
145638,35.8363816589452
145639,43.939
145640,33.8817520084156
145641,24.3834667754634
145642,25.954
145643,28.1408464646515
145644,35.1758782880351
145645,48.46
145646,33.961
145647,24.882
145648,27.502
145649,25.908
145650,34.3858724137009
145651,50.394
145652,35.3133352377371
145653,23.612
145654,26.623
145655,25.2242137400716
145656,35.2565570479732
145657,49.984
145658,34.980415955193
145659,23.7755372669785
145660,25.658
145661,27.532
145662,34.4007081959059
145663,47.6941034076936
145664,33.914165546983
145665,23.763
145666,26.0199492642922
145667,27.7861776163568
145668,34.5759539110875
145669,40.7886689563925
145670,31.296
145671,23.9541951206895
145672,28.5717062674793
145673,26.583
145674,32.0954779959122
145675,38.287820494658
145676,30.4428859625747
145677,25.369
145678,25.704
145679,26.4043083888777
145680,30.247
145681,21.624
145682,22.463
145683,20.306868546429
145684,21.663
145685,22.6932897661036
145686,21.3853946450852
145687,19.541
145688,19.44
145689,17.275
145690,18.485
145691,19.934
145692,17.797
145693,17.373517914029
145694,18.1463621930829
145695,17.885
145696,17.444
145697,19.9584316274397
145698,17.817
145699,17.3435057138619
145700,18.461
145701,17.554
145702,17.968
145703,19.606
145704,18.012
145705,18.63
145706,18.077
145707,19.8602981484909
145708,18.122
145709,20.025
145710,17.657
145711,18.893
145712,20.037
145713,19.5375334322748
145714,17.506
145715,19.862
145716,19.4406370273614
145717,20.648
145718,20.13
145719,20.8524895826949
145720,18.204
145721,20.573
145722,19.768
145723,23.904
145724,20.294
145725,24.1601573791567
145726,20.6906816262601
145727,21.7697766540741
145728,21.393
145729,31.102
145730,28.0504556972028
145731,36.6209113757844
145732,29.9221587182693
145733,25.897
145734,27.5851748921781
145735,39.7951928800856
145736,59.0056423071126
145737,52.0493178576202
145738,39.3899685116877
145739,32.019
145740,54.5531846427651
145741,33.9703612111296
145742,50.4467644121558
145743,34.8387641311415
145744,30.954
145745,21.9314879717122
145746,49.8432480529947
145747,28.9955589818305
145748,46.7672977631503
145749,33.968
145750,22.067
145751,21.859
145752,46.733446087851
145753,29.074
145754,44.623
145755,31.716
145756,16.855
145757,23.752
145758,48.5395372686548
145759,41.231
145760,38.8623777810806
145761,29.9482062261338
145762,16.012
145763,23.7184412475148
145764,38.0202397607293
145765,48.0659488954894
145766,29.3641426168605
145767,28.312
145768,15.768
145769,18.9032906970318
145770,29.756
145771,66.6296222995085
145772,32.163
145773,28.267
145774,16.376
145775,18.132
145776,32.997
145777,28.31
145778,26.809
145779,22.3886511121288
145780,7.6878957888887
145781,14.0981608837174
145782,27.5488714244843
145783,53.8376117129068
145784,25.566
145785,20.84
145786,5.621
145787,12.959
145788,27.441
145789,63.131061861183
145790,28.24
145791,21.442
145792,2.895
145793,10.9507966011032
145794,26.637
145795,74.483222601516
145796,27.809
145797,21.403
145798,1.657
145799,10.6251434442738
145800,27.7660803111816
145801,62.3896080866507
145802,27.1
145803,22.9396514047594
145804,4.05224114865818
145805,12.877
145806,27.892
145807,34.8376906244776
145808,30.3772337664734
145809,23.287
145810,11.0058539133349
145811,15.111
145812,30.7550137291529
145813,37.0824279135011
145814,34.3700732159998
145815,23.8808489685215
145816,18.407
145817,19.531
145818,34.5092357488928
145819,35.5076131606476
145820,36.3627957548779
145821,25.268
145822,19.8
145823,21.19
145824,35.6461788266101
145825,20.69
145826,25.2238619475729
145827,20.148
145828,14.1684208545462
145829,14.009
145830,25.995
145831,20.689
145832,22.6421429055065
145833,17.2903927967391
145834,0
145835,8.18052386522183
145836,22.517
145837,19.147
145838,21.0655505611906
145839,13.6061440443933
145840,-1.89
145841,8.02435070018986
145842,20.572
145843,18.041
145844,19.4
145845,14.488
145846,-2.496
145847,14.7380377755453
145848,19.067
145849,15.8036808399243
145850,17.84
145851,15.62
145852,9.506
145853,20.956
145854,17.7275935366859
145855,12.6643314977548
145856,17.516
145857,17.242
145858,18.814
145859,25.204
145860,16.5
145861,10.117
145862,16.885
145863,20.289
145864,25.161
145865,29.607
145866,20.71
145867,14.3003784059717
145868,17.0554206225392
145869,23.913
145870,32.315
145871,35.685
145872,21.9686248917069
145873,27.8523668078969
145874,23.552
145875,38.0834563003695
145876,53.344
145877,56.205
145878,27.246
145879,189.570399570026
145880,44.631
145881,86.867
145882,100.925673117693
145883,104.677636029468
145884,43.6144378149512
145885,238.335912739185
145886,42.5202769768287
145887,64.3259163283702
145888,63.5002117566678
145889,64.8874585351347
145890,40.8079636820578
145891,275.591961806182
145892,34.1040097533847
145893,64.6787906062149
145894,58.6709429288799
145895,47.568
145896,40.065
145897,297.16178887049
145898,32.746
145899,59.6859990367073
145900,47.0116105822064
145901,40.6490476971535
145902,35.8276175582253
145903,287.532513995988
145904,37.5595126918882
145905,51.2104322069894
145906,31.769
145907,34.496
145908,35.8726571268282
145909,226.253710048045
145910,39.342
145911,40.16
145912,29.004
145913,31.5393145533961
145914,43.0051867158242
145915,215.239211218401
145916,32.528
145917,31.89
145918,28.273
145919,31.2751656588186
145920,38.971081274751
145921,50.381978597789
145922,26.3142376400476
145923,31.402
145924,28.4356415335082
145925,30.1161345808312
145926,27.8693852987833
145927,54.9300415932034
145928,27.442597790139
145929,31.167
145930,28.773
145931,29.728
145932,29.772
145933,53.047345257316
145934,28.07
145935,30.7734508707901
145936,29.0187576724295
145937,29.8504785530872
145938,31.850270396252
145939,54.3336748245327
145940,28.737
145941,31.596958586629
145942,30.4513270298309
145943,31.403181136688
145944,30.932156383674
145945,64.0918994102803
145946,32.5901837694138
145947,34.573
145948,31.576213419008
145949,31.786
145950,33.5582302842689
145951,81.8756952771346
145952,38.229
145953,36.4267711630376
145954,36.862489380059
145955,37.097
145956,38.8517154442009
145957,151.315019337809
145958,41.1381237838272
145959,41.0048893862408
145960,40.2183216946827
145961,41.0573859439771
145962,41.5220664655713
145963,199.860548639074
145964,41.9670052008236
145965,41.704
145966,40.126
145967,42.3041848242399
145968,42.2510892521899
145969,35.643
145970,25.9900046537058
145971,26.194
145972,26.3721774352122
145973,26.6165983058638
145974,25.9863353525685
145975,23.712
145976,21.125
145977,22.039
145978,22.482
145979,22.933
145980,21.219
145981,21.864
145982,20.757
145983,20.973
145984,22.3476418509699
145985,22.514
145986,20.6488559601564
145987,20.9678572057475
145988,19.98
145989,20.422
145990,22.4229585110645
145991,23.1
145992,20.101
145993,20.729
145994,18.2680982922649
145995,20.226
145996,23.3896018998563
145997,23.869
145998,17.202
145999,20.033
146000,11.7361740721709
146001,20.262
146002,24.3966362302882
146003,24.8918242292894
146004,15.27
146005,18.88
146006,5.18610988466569
146007,20.177
146008,24.322
146009,24.834
146010,9.87341783619252
146011,20.617
146012,5.512
146013,21.717858774066
146014,24.841
146015,24.742
146016,8.52060518586192
146017,36.9399254078167
146018,18.707
146019,37.4326702786758
146020,40.6498074615271
146021,40.1067346109233
146022,18.922
146023,246.03680376104
146024,33.764
146025,87.5713154540812
146026,72.3944781654019
146027,72.8635686010508
146028,32.7088778176666
146029,123.924959253707
146030,26.876
146031,37.609
146032,40.021
146033,41.3395419031637
146034,28.491
146035,36.373
146036,24.7216815614016
146037,26.181
146038,26.0829365095587
146039,29.6103966611001
146040,22.332
146041,29.312
146042,23.3307437777859
146043,21.419486451676
146044,17.37
146045,19.329
146046,19.505
146047,24.589
146048,21.321
146049,19.955
146050,17.4760274306745
146051,16.118
146052,16.9954768715373
146053,23.47
146054,19.653
146055,18.221060655757
146056,20.924
146057,18.485
146058,15.695
146059,20.336
146060,15.584
146061,16.724
146062,20.78
146063,13.1171422195768
146064,13.236928727512
146065,19.518
146066,13.406
146067,16.964
146068,21.8368361642248
146069,20.904
146070,11.764
146071,21.2936354563203
146072,14.845
146073,15.1300414199208
146074,22.3729024571034
146075,21.0701827409723
146076,12.477
146077,19.461
146078,16.354
146079,14.807
146080,20.197
146081,22.21
146082,14.01
146083,19.827
146084,19.247
146085,13.33
146086,19.595
146087,21.741
146088,16.6003538891839
146089,22.224
146090,21.61
146091,14.6982580940702
146092,21.499
146093,21.345
146094,21.133
146095,26.2841608237252
146096,24.1625568968499
146097,15.93
146098,21.495
146099,22.575
146100,22.561
146101,35.0576747839899
146102,29.7322620446937
146103,19.359
146104,21.53
146105,23.279
146106,28.161
146107,43.894
146108,32.4729240184414
146109,19.663
146110,13.8271581065762
146111,17.246
146112,30.2775389991419
146113,20.799
146114,21.065
146115,11.6547446092696
146116,0.716995767744342
146117,9.858
146118,20.689
146119,15.258
146120,17.8310441632913
146121,1.08157679339459
146122,-4.836
146123,-0.107681051262976
146124,17.86
146125,16.061
146126,17.707
146127,-1.061
146128,-9.61636875098452
146129,-1.39971375358879
146130,17.606
146131,17.216
146132,17.1688974580357
146133,0.005
146134,-9.44630912794157
146135,-0.284298116226262
146136,17.143
146137,16.499
146138,16.312
146139,6.651
146140,-5.48861958123283
146141,12.819
146142,16.981
146143,17.243
146144,16.1797885488667
146145,6.709
146146,10.417
146147,16.776
146148,16.226
146149,16.563
146150,15.489401256076
146151,7.049
146152,7.265
146153,17.902
146154,15.811
146155,17.983
146156,16.4594561684871
146157,14.448
146158,13.087
146159,18.429
146160,16.7013298434287
146161,36.5685143881481
146162,31.11
146163,27.1455196943666
146164,30.1107855427567
146165,30.753
146166,31.065
146167,359.65619826611
146168,102.100105677556
146169,68.6948754928999
146170,71.7863824432604
146171,81.9555278787596
146172,95.2665199461649
146173,265.923571296123
146174,40.605
146175,42.6238645538492
146176,46.1025439367502
146177,59.1928041690632
146178,58.8382106576262
146179,194.956744904576
146180,41.6138096394492
146181,33.571
146182,41.4614511140924
146183,53.0186031295229
146184,54.6718743813871
146185,66.9910504196446
146186,33.0721530695425
146187,30.2273930252573
146188,38.393
146189,42.7213355406299
146190,38.4708409103358
146191,44.600817142684
146192,24.2785642456393
146193,27.24
146194,33.248
146195,35.0790083775039
146196,25.156
146197,28.9887871830572
146198,19.95
146199,24.581
146200,28.606
146201,29.8784818404055
146202,21.413
146203,25.258
146204,19.759
146205,24.8549683108802
146206,27.195
146207,28.5963665253794
146208,19.773
146209,28.355
146210,20.559
146211,23.62
146212,27.919
146213,27.601
146214,20.439
146215,28.836
146216,21.02
146217,22.7059898581771
146218,26.0970422030677
146219,27.611
146220,20.919
146221,29.1255316315607
146222,23.108
146223,23.829
146224,22.58
146225,28.0579933709793
146226,21.7634222255379
146227,32.381
146228,28.24
146229,25.034
146230,23.437
146231,26.9831186844198
146232,25.9421246826807
146233,33.5420931013856
146234,33.1696496602941
146235,26.4801089611058
146236,28.9387188536258
146237,29.075
146238,30.0056391341162
146239,33.8869998962655
146240,34.782
146241,25.5432955558733
146242,27.658
146243,27.329
146244,31.104
146245,37.175
146246,38.3934591743998
146247,27.463
146248,34.8140176961568
146249,31.82
146250,34.5043318799738
146251,37.999
146252,40.8797253515658
146253,30.3949465479197
146254,36.731
146255,38.7982682181084
146256,35.934960710671
146257,20.618
146258,23.573
146259,21.420873828538
146260,24.7566861050827
146261,25.085
146262,23.3729642531776
146263,16.233
146264,19.934238872853
146265,20.125
146266,21.266
146267,22.278
146268,19.786
146269,18.343
146270,19.712
146271,20.784
146272,21.73
146273,22.156
146274,19.4861325618893
146275,17.641
146276,16.807
146277,18.997
146278,20.346
146279,20.9029694201837
146280,17.206
146281,17.141
146282,16.838
146283,18.605
146284,19.502
146285,20.001
146286,17.353
146287,15.99
146288,15.336
146289,17.771
146290,18.3001896713351
146291,18.87
146292,15.448
146293,16.079
146294,14.4196144779839
146295,17.824
146296,17.307
146297,18.0616275636934
146298,14.6275790472247
146299,18.0737084122249
146300,14.621
146301,17.4559906446102
146302,17.093
146303,17.858
146304,14.862
146305,30.752950863629
146306,26.866
146307,27.628
146308,26.939
146309,27.747
146310,26.04
146311,165.275761196639
146312,72.911
146313,69.8587006987708
146314,59.7408558140752
146315,63.9489636561266
146316,73.3005714812998
146317,62.4942097845384
146318,43.7661036367299
146319,46.9210221401836
146320,45.0710192867318
146321,40.5383979470873
146322,47.9732604347721
146323,35.706
146324,33.3221995940455
146325,32.8563495435701
146326,33.597
146327,33.8619824465984
146328,34.327
146329,25
146330,23.793
146331,25.796
146332,23.68
146333,28.498
146334,23.661
146335,23.044
146336,22.4328655288092
146337,26.078
146338,22.2650276384989
146339,25.265
146340,21.766
146341,21.564
146342,21.593
146343,24.982
146344,21.0737560373049
146345,23.0140243101691
146346,19.97085480853
146347,21.41
146348,20.89
146349,23.825
146350,21.1846017470155
146351,22.898
146352,20.9128174869203
146353,20.3463960652508
146354,19.36
146355,21.703
146356,18.367
146357,19.554
146358,17.489
146359,19.18
146360,19.714
146361,22.2270079304088
146362,17.735
146363,18.8687857969137
146364,16.46
146365,18.669
146366,18.832
146367,21.1802593459038
146368,17.656
146369,16.6999068235389
146370,14.2507675447172
146371,18.562
146372,18.585
146373,22.012
146374,16.446
146375,17.2684661403895
146376,16.0710793276314
146377,18.6104678826567
146378,18.144
146379,21.223
146380,15.507
146381,18.076
146382,16.782
146383,18.437
146384,17.089
146385,17.8577288544125
146386,16.5
146387,17.855
146388,15.81
146389,19.8123063480867
146390,20.039
146391,19.7471133557783
146392,18.311
146393,20.125
146394,20.548
146395,17.095
146396,18.473
146397,20.0289633258029
146398,16.648
146399,20.006
146400,20.0997462722213
146401,6.31606039346503
146402,16.676
146403,16.454
146404,14.0640087288005
146405,16.4685541240406
146406,17.354
146407,0.403731233050956
146408,10.9489325304335
146409,11
146410,8.18926857270999
146411,11.551
146412,7.973
146413,-2.67207180535126
146414,0.333
146415,8.962
146416,5.71555561821999
146417,0.26
146418,-1.726
146419,-4.06755731818394
146420,-4.01851579415958
146421,3.21063999787164
146422,6.53233966483794
146423,-0.805911019677235
146424,-3.018
146425,-4.07571555380149
146426,-3.08747631430931
146427,3.91689922189912
146428,1.69664266819351
146429,-1.5832617999738
146430,-1.863
146431,-3.32793188159985
146432,-0.393332319399453
146433,-1.5675501123423
146434,-1.00887301407627
146435,-1.564
146436,-3.213
146437,-3.399
146438,-2.661
146439,3.26056786177953
146440,-1.096
146441,-1.355
146442,-6.22839556504875
146443,-1.71399681125104
146444,-5.00950720393278
146445,2.20804230817493
146446,0.195764486148615
146447,0
146448,-7.13057775614243
146449,3.3582699968542
146450,-2.48
146451,7.54115516957197
146452,2.285
146453,8.2
146454,-2.594
146455,17.6458616493139
146456,5.14341539153195
146457,21.145
146458,11.9388355386742
146459,13.699
146460,2.08604384624257
146461,17.391
146462,2.55686625905916
146463,18.566
146464,11.848
146465,11.5628748396759
146466,1.852
146467,15.6356046588186
146468,-0.19281984737739
146469,17.034
146470,8.545
146471,5.28846859666593
146472,-0.18
146473,14.661
146474,-0.531814794796363
146475,14.447
146476,8.67301824200677
146477,0.548847063920861
146478,-0.692
146479,13.0188487473657
146480,-1.892
146481,10.127
146482,3.473
146483,-1.07364649754013
146484,-1.809
146485,11.069
146486,-2.58723716765623
146487,12.087
146488,-0.201
146489,7.68757724134671
146490,-2.50189410471987
146491,7.59422354330029
146492,-4.56158846574341
146493,11.1392073674212
146494,-2.19169116392187
146495,0.78509786216823
146496,-4.2351722531534
146497,7.97918791509283
146498,-5.487
146499,6.734
146500,-5.406
146501,-1.099
146502,-4.73762052886273
146503,8.51063630284757
146504,-6.13392218430792
146505,14.551
146506,-9.205
146507,-0.14
146508,-5.092
146509,7.858
146510,-5.51101069329811
146511,13.917
146512,-4.034
146513,1.33970246128634
146514,-5.29786175954484
146515,7.711
146516,-4.048
146517,14.138
146518,-1.425
146519,0
146520,-4.68904666059106
146521,8.75613685408887
146522,-2.39181577421055
146523,15.662
146524,-1.23281661778857
146525,1.18952174023101
146526,-2.796
146527,10.789
146528,-1.43
146529,17.387
146530,-1.933
146531,0.723
146532,-2.324
146533,13.7259960316629
146534,0.254
146535,17.604
146536,-0.933225164752046
146537,-1.15340643881572
146538,-0.284
146539,18.066
146540,3.59392440021618
146541,20.289
146542,-0.859022318329549
146543,7.878
146544,5.318
146545,16.806
146546,1.96202673718232
146547,18.6693638481998
146548,-0.179583457320625
146549,1.22
146550,7.633
146551,10.2244107293405
146552,-0.215
146553,17.5748859338217
146554,-11.4784330925007
146555,-0.76
146556,-0.981
146557,7.04637064753412
146558,6.121
146559,12.484
146560,-9.68620725679059
146561,0.273
146562,0.849
146563,12.1852940977733
146564,11.6838616066817
146565,12.769
146566,-6.01434297653968
146567,5.94868503081334
146568,10.5511864437573
146569,14.716
146570,11.412
146571,12.577
146572,-5.86840945394114
146573,11.011
146574,12.0124369768169
146575,14.6850496110401
146576,0.818
146577,10.852
146578,-1.9884209996125
146579,15.574
146580,9.20732080940881
146581,17.053
146582,-0.461
146583,15.044
146584,0.82
146585,16.966
146586,-0.275
146587,18
146588,-1.06872755950655
146589,18.698
146590,6.1893177511879
146591,19.043
146592,-0.893
146593,26.5855941352954
146594,4.43487975385959
146595,21.246
146596,14.954
146597,23.372
146598,4.729
146599,84.3724614778435
146600,12.205
146601,27.573
146602,22.22
146603,32.2275508439641
146604,12.267
146605,62.5084132302148
146606,9.007
146607,23.39
146608,19.309
146609,23.0861495409422
146610,9.05292040674572
146611,60.338
146612,5.20239447605165
146613,19.786
146614,16.319
146615,21.735
146616,5.04288760819134
146617,54.6219088278277
146618,4.036
146619,19.693759712143
146620,13.75
146621,18.391
146622,4.05115473653837
146623,18.678
146624,3.411
146625,16.7335234849037
146626,16.126
146627,16.6660075147415
146628,3.325
146629,17.079
146630,2.81142841622245
146631,16.8020882856579
146632,17.0775183479664
146633,18.216
146634,2.97
146635,16.623
146636,3.636
146637,16.751
146638,17.367
146639,17.828
146640,3.512
146641,17.2566611282407
146642,7.241
146643,20.552
146644,16.178
146645,18.293
146646,10.443
146647,16.776
146648,11.33
146649,23.3923311280168
146650,17.191
146651,18.839
146652,6.72085185494863
146653,18.9648672311886
146654,11.848
146655,13.056
146656,19.419
146657,20.321
146658,10.277
146659,19.511
146660,17.461
146661,12.0371862248824
146662,21.746
146663,21.706
146664,14.2726441268259
146665,21.864
146666,19.4409499787554
146667,11.475
146668,22.2119851814706
146669,23.4160730218568
146670,16.0347159224133
146671,21.863
146672,20.818777912363
146673,12.6870690004538
146674,22.626
146675,24.017
146676,18.351
146677,25.9408785812239
146678,25.4779040025344
146679,15.802
146680,26.402
146681,24.8299579342283
146682,25.1391493492178
146683,29.82709300065
146684,27.4343544499686
146685,15.747
146686,26.037
146687,23.902
146688,25.333
146689,26.5837571696367
146690,24.236
146691,13.0570129577242
146692,0.525
146693,9.19208422192395
146694,21.402
146695,23.474
146696,21.431
146697,12.566
146698,-1.972
146699,9.01824922685465
146700,20.659
146701,24.318
146702,21.869
146703,12.917
146704,-1.562
146705,15.447
146706,21.818
146707,24.9064061915685
146708,22.001
146709,13.545
146710,12.2255772396675
146711,19.195
146712,22.488
146713,25.7602136303769
146714,23.047
146715,13.3815557183391
146716,15.244
146717,20.03
146718,23.131
146719,28.31
146720,24.546208075694
146721,16.218
146722,7.4
146723,20.098
146724,24.529
146725,28.146
146726,26.8044209961832
146727,16.6591702308725
146728,13.789
146729,20.329
146730,26.656
146731,37.0734657849289
146732,31.747
146733,19.0701770161732
146734,19.059694513166
146735,22.036
146736,31.2267408934665
146737,98.0820210183146
146738,57.6083525449973
146739,24.595
146740,21.322
146741,32.0607349227244
146742,56.1092824844093
146743,265.195187696573
146744,78.7094762180598
146745,28.546
146746,23.558
146747,37.3339564774171
146748,76.6991427666921
146749,212.840435094423
146750,67.6005968052441
146751,28.1680446681458
146752,30.227
146753,40.8945247143475
146754,64.605
146755,165.60346655589
146756,67.2948293004617
146757,27.242374866415
146758,32.9542621858544
146759,46.3450083875854
146760,64.8536421900689
146761,144.413728831373
146762,59.0138204911267
146763,26.4340845737034
146764,37.759
146765,45.5827134884957
146766,59.1894007307653
146767,153.318464352404
146768,57.079799326271
146769,28.599
146770,36.283
146771,38.8805383854251
146772,57.3828482920622
146773,193.692805621821
146774,52.2485888148087
146775,28.8426188335147
146776,30.786
146777,37.5791924544014
146778,48.064
