"id","target"
133627,62.0748780928602
133629,28.0424570263218
133630,30.7772453614774
133631,27.3475633580665
133633,25.232
133634,32.5948777008051
133635,28.389
133637,30.4406682305265
133638,30.836
133639,27.1424717287747
133641,25.454
133642,31.0101501387395
133643,59.2570500115799
133645,31.0811948043565
133646,31.1149276169486
133647,29.593
133649,29.7493194321492
133650,30.854066434507
133651,59.2213800546571
133653,31.1003956519496
133654,30.6875136259825
133655,29.911
133657,30.306
133658,31.1487330070942
133659,58.106
133661,30.941
133662,30.4659591407702
133663,30.123
133665,30.459
133666,31.2791499958017
133667,58.8142099645113
133669,31.4379173506094
133670,31.0127395507564
133671,30.303
133673,30.6225981057967
133674,31.5480531041645
133675,59.8099841387415
133677,31.625883709379
133678,30.8682935544888
133679,30.2618639404458
133681,30.76
133682,31.8866221989872
133683,54.6886378420005
133685,31.4226836944829
133686,30.6082335307841
133687,29.9234849314458
133689,30.425
133690,31.944
133691,31.4520329815848
133693,26.442
133694,26.0519026899138
133695,25.6638613303727
133697,26.182
133698,27.0011814099783
133699,26.963
133701,25.124
133702,24.39
133703,23.9617463084929
133705,24.933
133706,25.1144838943725
133707,24.876
133709,23.6397861418055
133710,23.735
133711,23.13
133713,24.0429480977861
133714,23.627
133715,24.79
133717,23.55
133718,23.999
133719,21.2943436192177
133721,24.664
133722,23.638
133723,26.976
133725,25.636
133726,26.34
133727,26.583
133729,26.862
133730,25.596
133731,27.2112996169733
133733,26.9450010565603
133734,27.4837181730049
133735,28.555
133737,27.7735439385986
133738,26.964
133739,29.045
133741,29.101
133742,29.772
133743,30.4901723070033
133745,30.261
133746,28.695
133747,29.453
133749,32.829685912294
133750,32.175
133751,32.0345396282714
133753,34.5310118795165
133754,32.1491775896834
133755,32.292
133757,34.695
133758,31.4224396763374
133759,33.619998574284
133761,35.091
133762,33.1566337847457
133763,41.426
133765,36.012
133766,36.16
133767,37.1324156444392
133769,35.3474909503779
133770,35.405
133771,42.4274789355065
133773,40.5830133018422
133774,42.5700815258622
133775,42.0967111515938
133777,39.6443668335902
133778,40.611
133779,106.336241856108
133781,80.9678635807605
133782,71.9438408839319
133783,74.0501914433124
133785,60.016818759255
133786,57.1190421433193
133787,143.982782647695
133789,58.7738776599509
133790,72.3423306213178
133791,35.8872159652214
133793,56.932884074837
133794,56.251
133795,60.7638523461074
133797,28.774
133798,43.1815121896223
133799,28.878
133801,41.9697044143434
133802,29.129
133803,40.647
133805,27.422
133806,36.4120858469914
133807,30.834
133809,36.1798097962249
133810,27.578
133811,41.496
133813,27.0182083062706
133814,32.134
133815,32.82803198391
133817,33.558264832479
133818,28.612259894843
133819,42.384
133820,28.292
133821,29.078
133822,27.8684714816976
133823,28.8033722446873
133824,26.825
133825,38.3018750748093
133826,27.114
133827,27.2393906463293
133828,26.548
133829,26.0093124599039
133830,25.469
133831,35.7309940623867
133832,25.306
133833,25.8807291444513
133834,25.2489201127485
133835,25.384
133836,24.589
133837,35.491
133838,25.2375817003019
133839,25.507
133840,24.938
133841,25.146
133842,25.2104163437674
133843,42.289
133844,26.1598949564501
133845,25.545914267198
133846,25.441
133847,25.3573070982185
133848,25.4997947647097
133849,45.4187984377045
133850,27.54
133851,26.778
133852,26.45
133853,26.8249361268256
133854,27.4130239667694
133855,49.7901397198034
133856,28.675
133857,28.269
133858,27.8251661881818
133859,28.174
133860,28.5863627047372
133861,48.7831441495549
133862,29.5554570755445
133863,29.018
133864,28.51
133865,29.152
133866,29.246
133867,27.287
133868,23.699
133869,23.355
133870,23.116
133871,23.7611064023323
133872,23.3961927815107
133873,22.0027769733061
133874,19.6383624027139
133875,19.427
133876,19.5329495339294
133877,20.0179822950661
133878,19.687
133879,20.988
133880,19.4469169824876
133881,19.256
133882,20.063
133883,20.57
133884,19.359
133885,21.4906916271291
133886,20.245
133887,20.193
133888,21.214
133889,21.527
133890,20.45
133891,22.2402031502436
133892,22.0650121264389
133893,21.198
133894,22.516
133895,22.835
133896,21.9265295199191
133897,25.1363395995608
133898,24.389
133899,22.967
133900,24.133
133901,24.841
133902,24.4332306257375
133903,27.8955805259581
133904,25.7053824273448
133905,24.391
133906,25.0502010759288
133907,25.694
133908,25.718
133909,30.607
133910,26.849
133911,25.736
133912,26.2919128940259
133913,27.046
133914,26.182
133915,30.4500109882593
133916,27.321
133917,26.693
133918,27.1713696348889
133919,29.159
133920,27.274
133921,34.7008460322423
133922,28.417
133923,25.155
133924,29.1574613209778
133925,30.713
133926,29.6214755128522
133927,50.0228279294614
133928,32.0998659823062
133929,30.2259509335263
133930,33.5319899214449
133931,35.4769717527927
133932,35.473
133933,158.348942748312
133934,68.7538398353454
133935,37.456
133936,65.6547539472163
133937,69.298
133938,71.3288406065236
133939,170.936638786375
133940,62.136721668178
133941,52.4837040955361
133942,62.841640552162
133943,64.7472781477784
133944,65.7856368510675
133945,63.3398159189531
133946,31.556
133947,29.9750831085675
133948,33.9649060724846
133949,35.129
133950,30.0192656450773
133951,35.827
133952,28.866
133953,27.4622841488473
133954,30.6397015082733
133955,32.033
133956,28.179
133957,35.0071754595263
133958,27.3412171303591
133959,25.363
133960,26.95
133961,30.5431326601347
133962,25.9828175488575
133963,34.7468980240072
133964,25.602
133965,26.8102391187194
133966,23.043
133967,28.24
133968,28.1840007740099
133969,32.8306552342106
133970,25.789
133971,26.0201978397889
133972,24.395
133973,24.025
133974,25.758
133975,33.2114850524682
133976,26.6828944104307
133977,25.0800934356588
133978,25.968
133979,26.187
133980,25.50431912792
133981,33.2008816925955
133982,26.1825483118501
133983,25.1382680688977
133984,25.3228882131006
133985,25.158765749318
133986,26.0101065284362
133987,34.789
133988,26.679
133989,25.3753289952414
133990,25.102
133991,25.36
133992,26.4748297292252
133993,39.706
133994,28.3253245952535
133995,27.1349351975171
133996,26.799758661325
133997,27.7812283377756
133998,28.4996659452609
133999,43.1292145765093
134000,29.1777075099367
134001,27.939
134002,28.0321941990812
134003,28.696
134004,29.1320769573227
134005,42.759
134006,30.219
134007,28.8
134008,28.878
134009,29.434
134010,30.1779196190457
134011,25.3450341269619
134012,23.057
134013,22.337
134014,22.486
134015,22.8627580912888
134016,23.034
134017,20.5948144676958
134018,19.948
134019,19.074
134020,19.702
134021,20.13
134022,19.913
134023,20.163
134024,19.719
134025,19.3925202270929
134026,20.185
134027,20.973
134028,19.766
134029,21.8175526856433
134030,21.1213330905276
134031,21.3170918501147
134032,21.93
134033,22.439
134034,21.031
134035,24.929
134036,23.028
134037,23.526
134038,24.211
134039,24.9354418974107
134040,22.9627854610016
134041,27.5513685317766
134042,25.2819481817352
134043,25.605
134044,26.0625720554926
134045,27.0571625697767
134046,25.211
134047,28.285
134048,27.155
134049,27.210932549989
134050,27.441
134051,29.017
134052,27.16
134053,30.496
134054,29.131
134055,30.4301334639185
134056,27.829
134057,31.6633751098896
134058,29.148
134059,30.21
134060,29.917
134061,30.822
134062,30.5236478991558
134063,25.3383424784811
134064,29.9391357785602
134065,36.2302646157658
134066,30.442
134067,31.427
134068,32.8400719766115
134069,30.8621475977441
134070,31.1665914130132
134071,43.5787046455515
134072,39.1199952395944
134073,36.5920948024728
134074,35.937
134075,30.1887974572577
134076,36.278
134077,464.660169698915
134078,189.812944082998
134079,177.577437317077
134080,158.249705472831
134081,142.138799342966
134082,193.814621019638
134083,147.57363110129
134084,68.5812628258719
134085,71.0170921121851
134086,69.7255621608385
134087,67.262
134088,73.1938127119309
134089,37.2127044157451
134090,25.177
134091,28.616
134092,30.306
134093,34.8781639299274
134094,29.66
134095,32.512
134096,22.419
134097,24.9
134098,23.739
134099,24.725
134100,23.704
134101,28.4938489634581
134102,20.686
134103,24.211
134104,21.792
134105,22.104
134106,21.738
134107,26.535
134108,17.9470753869437
134109,21.046
134110,21.155
134111,20.725
134112,18.179
134113,24.602
134114,17.6938775546273
134115,21.239
134116,19.767
134117,18.201
134118,16.699
134119,23.162
134120,16.8050412994097
134121,20.552
134122,19.588
134123,18.832
134124,17.165
134125,24.715
134126,17.097
134127,21.065
134128,19.9237569004747
134129,19.741
134130,17.461
134131,25.03955706257
134132,16.395
134133,21.219
134134,20.335
134135,20.436
134136,18.108
134137,25.491
134138,18.059
134139,21.73
134140,21.152041407551
134141,21.342
134142,17.4363542417118
134143,25.386
134144,18.5379502240898
134145,21.956
134146,22.011
134147,22.5416938123102
134148,20.2500012815158
134149,26.071
134150,21.645
134151,23.252
134152,23.068
134153,23.213801456695
134154,21.875
134155,19.252
134156,16.771
134157,17.936
134158,17.935
134159,18.734
134160,15.903
134161,17.723
134162,15.979
134163,16.665
134164,16.6992636007639
134165,18.08
134166,16.2067964081502
134167,18.55
134168,16.3431143616361
134169,17.4593954598272
134170,18.847090114491
134171,18.177
134172,13.401
134173,21.21
134174,19.419
134175,19.788
134176,20.211
134177,21.452
134178,14.468
134179,23.974
134180,22.238
134181,21.507
134182,22.705
134183,23.468
134184,20.54
134185,27.6748642664451
134186,26.43
134187,26.6589248118265
134188,26.339
134189,27.2329506918783
134190,25.634
134191,28.842
134192,32.3272687199239
134193,29.220313580889
134194,28.1023013182407
134195,29.8968369523122
134196,28.376
134197,31.6984266389271
134198,33.913396385089
134199,31.799
134200,29.5309738918706
134201,32.00260097994
134202,30.7219461054251
134203,28.1361111205004
134204,35.8292811729002
134205,30.471
134206,31.766654927465
134207,31.877
134208,30.8843899365552
134209,27.8029817858271
134210,36.8961818724671
134211,31.0630539777268
134212,32.2187612961953
134213,31.1719725531664
134214,38.2201906553326
134215,43.1642835752774
134216,33.328
134217,34.7367729554939
134218,36.112
134219,37.4217947060776
134220,38.4304493623724
134221,52.4938752669711
134222,50.3564346292182
134223,41.9840741201525
134224,50.782
134225,54.7950028553076
134226,56.9289303581022
134227,42.169
134228,29.1168025374353
134229,25.089
134230,36.701
134231,37.857
134232,34.3359124268825
134233,31.274
134234,24.4683068727447
134235,23.884
134236,19.113
134237,30.042
134238,23.792
134239,25.021411173075
134240,18.936
134241,20.841
134242,18.6022533582374
134243,18.009
134244,20.922
134245,22.95
134246,15.7584059500956
134247,19.727004296103
134248,16.63
134249,17.352
134250,16
134251,23.966
134252,15.9243804139865
134253,19.815
134254,16.816
134255,16.882
134256,16.372464725068
134257,23.36
134258,14.1736636575218
134259,18.8505237466065
134260,15.7829074874283
134261,16.002
134262,14.239
134263,22.336
134264,13.6360650758076
134265,18.51
134266,17.327
134267,16.786
134268,13.789
134269,22.439
134270,14.3744793230778
134271,18.7405227622033
134272,19.0797574748161
134273,18.0502731081545
134274,14.1898759422908
134275,22.9491990908028
134276,14.45
134277,18.743
134278,19.405
134279,18.3571780246953
134280,14.4891033901432
134281,23.4885445036013
134282,15.1274798013587
134283,19.346
134284,19.3984244045319
134285,18.613
134286,14.8729519860111
134287,25.261
134288,17.23
134289,20.805
134290,20.1524689473039
134291,19.08
134292,16.897
134293,26.7552115111476
134294,18.04
134295,22.176
134296,21.841
134297,21.276
134298,18.3284856499961
134299,24.099
134300,16.487
134301,20.872
134302,19.75
134303,19.6917029508465
134304,16.852
134305,22.839
134306,15.46660991466
134307,20.471
134308,20.301
134309,20.564
134310,16.5200269037155
134311,21.3303556920443
134312,15.289
134313,20.798
134314,21.621
134315,22.098
134316,15.308
134317,16.874
134318,16.309
134319,21.1571245947934
134320,23.008
134321,23.481
134322,15.498
134323,27.566
134324,19.615
134325,23.851
134326,24.2556029057202
134327,25.101
134328,19.178
134329,30.633
134330,21.329
134331,26.8441276003811
134332,26.514
134333,27.686
134334,22.2245792029871
134335,32.04
134336,22.669
134337,29.3459613447775
134338,29.55
134339,31.4328300416917
134340,23.295
134341,32.0752650116441
134342,19.85
134343,30.424343951161
134344,30.2443118831609
134345,32.7440533248304
134346,22.883
134347,34.3449528393317
134348,19.084
134349,32.3453745060366
134350,31.458281789757
134351,35.0202498073568
134352,19.558
134353,42.0651411116873
134354,20.5641218174668
134355,31.374
134356,34.2737258123678
134357,33.499
134358,20.703
134359,67.5622834633552
134360,20.943
134361,29.166
134362,44.9765594648074
134363,42.7510443855212
134364,21.488
134365,134.341361422904
134366,27.671053314165
134367,31.3731778755899
134368,85.9076413607903
134369,88.0983039562326
134370,25.3373318226
134371,46.5846199324036
134372,37.0448771485175
134373,23.703
134374,24.1116599448778
134375,44.6430313218106
134376,36.701
134377,52.4974771927857
134378,25.0836625870803
134379,24.222
134380,18.745
134381,23.533
134382,22.367
134383,32.888
134384,23.13
134385,24.5526274500762
134386,19.205889463897
134387,22.411
134388,19.947
134389,38.5947209272656
134390,23.028
134391,24.575
134392,19.8347133898441
134393,21.363
134394,25.74
134395,31.8595790116879
134396,28.1298284221625
134397,28.636793858957
134398,25.198
134399,28.571
134400,28.197
134401,32.608
134402,28.5988854689529
134403,28.994
134404,25.742
134405,29.029
134406,28.654
134407,32.449
134408,28.364
134409,28.781
134410,25.6975000559461
134411,28.768
134412,28.4162320709941
134413,32.5222908988182
134414,28.403
134415,28.8079421722937
134416,25.8248291861116
134417,28.808
134418,28.4650961130599
134419,32.085
134420,28.094
134421,28.57
134422,25.59
134423,28.4390216365109
134424,28.164
134425,32.15
134426,28.1754192580767
134427,28.6340363945207
134428,25.647
134429,28.4935955578941
134430,28.2429973875951
134431,32.423
134432,28.389
134433,28.8466372251645
134434,25.8261144578497
134435,28.6161480216037
134436,28.447
134437,32.6015496146775
134438,29.0729497617881
134439,29.496
134440,26.464
134441,28.9404885979108
134442,29.127
134443,31.7980196440378
134444,29.295
134445,29.6292176027757
134446,26.465
134447,29.574
134448,29.363
134449,30.495
134450,29.251881963975
134451,29.5538778915672
134452,26.3888706410721
134453,29.593
134454,29.307
134455,30.4149162477888
134456,29.187
134457,29.496
134458,26.3341371577873
134459,29.5682049103796
134460,29.24
134461,29.398
134462,28.4753959276898
134463,28.773
134464,25.7818833381541
134465,29.2384397930957
134466,28.5383556661089
134467,30.95
134468,30.0575243919776
134469,30.423
134470,27.049
134471,31.0697901172075
134472,30.1114528220858
134473,31.7024414903702
134474,30.822
134475,31.2357059349005
134476,27.7004575017363
134477,31.907
134478,30.878557563813
134479,32.688
134480,31.8771547102839
134481,32.3320237101606
134482,28.5104678347982
134483,33.177
134484,31.944
134485,33.633
134486,32.9715324179863
134487,33.5104739423354
134488,29.2144765531259
134489,34.5440719490136
134490,33.0484206498235
134491,35.1905798290359
134492,34.826
134493,35.2541083333488
134494,30.4210894331725
134495,36.4652052122824
134496,34.9040828996133
134497,38.9384982919333
134498,37.9563292452248
134499,38.4806252723201
134500,32.595
134501,39.0307061024992
134502,38.053
134503,44.0829961663472
134504,41.287
134505,41.7342919656652
134506,35.1600498583054
134507,42.4958061220413
134508,41.361263442279
134509,45.2641033465785
134510,41.0908844482812
134511,41.6746934703996
134512,35.3693350901585
134513,41.526
134514,41.1754217004694
134515,44.6401070723812
134516,40.312736199697
134517,40.9036406772819
134518,34.8569903408921
134519,40.8680336072685
134520,40.3972861941495
134521,41.423645965295
134522,36.897
134523,37.4652667241005
134524,31.917
134525,38.0011550298007
134526,36.9784055412291
134527,39.442
134528,34.963
134529,35.487
134530,30.639
134531,35.8525429396307
134532,35.048
134533,38.133
134534,33.6363371488297
134535,34.1898180659207
134536,29.772
134537,34.4068795453896
134538,33.7311144520782
134539,44.5235750295028
134540,28.0760609873062
134541,27.658
134542,24.794
134543,24.064
134544,28.292
134545,45.2464938330451
134546,26.098
134547,25.582
134548,22.901
134549,24.006
134550,26.2526793201405
134551,42.1820517468426
134552,25.568
134553,24.984
134554,23.914
134555,24.68
134556,25.41
134557,43.2463537134802
134558,24.917
134559,24.646
134560,23.8361520535509
134561,24.5626016225869
134562,24.635
134563,43.588
134564,24.59
134565,23.851
134566,24.2346191410657
134567,24.5713390653447
134568,24.94
134569,44.183107274702
134570,25.604
134571,23.763
134572,24.074
134573,24.5193973641281
134574,25.465
134575,44.3432723551212
134576,25.687
134577,24.5484190458422
134578,24.173
134579,24.525
134580,25.6387515471825
134581,42.328
134582,26.572
134583,25.2529077189594
134584,24.746
134585,25.109
134586,26.54
134587,25.1682533194222
134588,23.992
134589,24.367
134590,22.188
134591,24.137
134592,24.036
134593,21.693
134594,21.03
134595,21.504
134596,18.971
134597,21.364
134598,21.0667580476081
134599,21.2387692317853
134600,20.555
134601,21.093
134602,18.477
134603,20.92
134604,20.589
134605,21.268
134606,20.582
134607,21.113
134608,18.554
134609,20.919
134610,20.619
134611,22.8630918005543
134612,22.286
134613,22.703
134614,20.523
134615,22.656
134616,22.317
134617,23.688
134618,23.107
134619,23.4821559889121
134620,21.401
134621,23.502
134622,23.133
134623,26.4507411073778
134624,25.632
134625,26.048
134626,23.565
134627,26.131
134628,25.677
134629,28.3126427500758
134630,27.677
134631,28.171
134632,25.195
134633,28.313
134634,27.7308896741799
134635,28.9899734019562
134636,28.594
134637,29.094
134638,25.9384958409955
134639,29.2538423433076
134640,28.645
134641,31.6917893442557
134642,30.95
134643,31.525
134644,27.701
134645,31.8500290650377
134646,31.007525958044
134647,38.0517345712355
134648,36.433
134649,37.0583827262696
134650,31.5766278258675
134651,36.9148054698466
134652,36.522
134653,43.7955367694437
134654,39.774
134655,40.429
134656,34.454
134657,39.989
134658,39.844
134659,42.944
134660,38.8584573257364
134661,39.4766074762503
134662,33.767
134663,39.1526652930645
134664,38.95
134665,38.9597092450674
134666,34.5601944964165
134667,35.2216907168707
134668,30.197
134669,35.371341183886
134670,34.6744781771414
134671,34.9203199378987
134672,30.804
134673,31.34
134674,27.488
134675,31.369
134676,30.864
134677,32.6867824433395
134678,28.9398559936944
134679,29.4377032078487
134680,26.063
134681,29.478
134682,29.0116657317708
134683,30.3001502720582
134684,26.7103696933055
134685,27.166
134686,24.325
134687,27.0182223621175
134688,26.767
134689,27.05
134690,24.015
134691,24.472
134692,22.141
134693,24.2860061905578
134694,24.058
134695,26.374
134696,23.509
134697,23.973
134698,21.721
134699,23.639
134700,23.549
134701,26.192
134702,23.388
134703,23.874
134704,21.619
134705,23.435
134706,23.4324602018316
134707,26.4774857755993
134708,23.568
134709,24.107
134710,21.830223016714
134711,23.617
134712,23.602
134713,27.305
134714,24.31
134715,24.838
134716,22.509
134717,24.385
134718,24.358
134719,29.8458107055251
134720,26.2320654395412
134721,26.763
134722,24.135
134723,26.265
134724,26.285
134725,29.553969088066
134726,26.3569531596205
134727,26.853
134728,24.325
134729,26.1182633964613
134730,26.4071823291654
134731,22.123
134732,21.364
134733,21.874
134734,19.269
134735,21.501
134736,21.396
134737,17.91
134738,17.041
134739,17.924
134740,13.6473557729761
134741,17.5304440973485
134742,17.08
134743,17.559
134744,16.6652199707956
134745,17.574772660774
134746,13.093
134747,17.176
134748,16.704
134749,17.909
134750,17.0646880370146
134751,17.947
134752,13.625
134753,17.557
134754,17.108
134755,18.889
134756,18.132
134757,18.893
134758,15.1528750160178
134759,18.594
134760,18.166
134761,20.903
134762,20.258
134763,20.907
134764,17.966
134765,20.7064496561843
134766,20.298
134767,21.799
134768,21.2106685595349
134769,21.743
134770,19.149
134771,21.5444416080769
134772,21.247
134773,23.099
134774,22.584
134775,23.019044729933
134776,20.73
134777,22.958
134778,22.621
134779,23.896
134780,23.461
134781,23.944
134782,21.6339521686402
134783,23.872
134784,23.4986920787942
134785,25.197
134786,24.4741823555367
134787,24.9478598044133
134788,22.5708451325719
134789,24.93
134790,24.512
134791,34.5566478492572
134792,32.886
134793,33.573
134794,29.1569381519443
134795,33.2397977471934
134796,32.9678158178047
134797,41.4263542785897
134798,37.6173173640117
134799,38.6374451403063
134800,32.6500686480723
134801,37.341
134802,37.7369015940136
134803,35.6378195146461
134804,32.1837586734979
134805,33.061
134806,28.4557857828909
134807,31.935
134808,32.258
134809,30.3270384019517
134810,27.327
134811,28.085
134812,24.482
134813,27.487
134814,27.3886078942921
134815,26.6390166732864
134816,23.946
134817,24.585
134818,21.865
134819,24.1001207298764
134820,23.994
134821,23.7360676494619
134822,21.356
134823,21.998
134824,19.027
134825,21.448
134826,21.391
134827,19.8160351895472
134828,14.8361944513146
134829,19.7700404492294
134830,19.459
134831,20.248
134832,16.678
134833,19.182
134834,17.3585163244257
134835,19.409
134836,19.17
134837,19.182
134838,16.965
134839,19.637
134840,16.809
134841,17.947
134842,12.618
134843,16.909
134844,16.8549844946759
134845,20.184
134846,17.423
134847,18.4804498675864
134848,13.489
134849,17.509
134850,17.465
134851,20.697
134852,17.986
134853,18.9835779246875
134854,14.284
134855,18.059
134856,18.028
134857,22.739
134858,20.293
134859,21.112
134860,17.653
134861,20.402
134862,20.334
134863,24.4024055307023
134864,21.8170190181634
134865,22.426
134866,19.572
134867,21.835
134868,21.854
134869,24.627
134870,22.153
134871,22.7433742308249
134872,20.069
134873,21.988
134874,22.185
134875,18.026
134876,17.161
134877,18.009
134878,13.548
134879,17.626
134880,17.205
134881,14.3454212151575
134882,13.202
134883,14.6353708816626
134884,7.229
134885,14.1899994654696
134886,13.304
134887,14.2706647107292
134888,13.163036162664
134889,14.596
134890,7.012
134891,14.2384920551229
134892,13.2643197616118
134893,14.2299190947894
134894,13.1868495325188
134895,14.621
134896,7.082
134897,14.217
134898,13.2907199545728
134899,15.475
134900,14.536
134901,15.755
134902,9.03299982579363
134903,15.327
134904,14.601
134905,18.16
134906,17.4318142086902
134907,18.286
134908,13.8808615549616
134909,17.9228775972642
134910,17.471
134911,18.8114535145627
134912,18.108
134913,18.922
134914,14.9087776202441
134915,18.57
134916,18.146
134917,19.306
134918,18.702
134919,19.442
134920,15.648
134921,19.123
134922,18.7391830002789
134923,19.421
134924,18.897
134925,19.661
134926,15.8855234439634
134927,19.3137424865037
134928,18.937
134929,21.8160613437418
134930,21.016
134931,21.694
134932,18.5223472393731
134933,21.401
134934,21.0534640550897
134935,26.938
134936,25.8374866965958
134937,26.4828018238846
134938,23.298
134939,26.265
134940,25.883
134941,36.4351739794312
134942,32.781
134943,33.8717702246755
134944,28.738
134945,32.5888323247146
134946,32.8723277767172
134947,32.66
134948,29.567
134949,30.4689918089288
134950,26.25
134951,29.226
134952,29.615
134953,29.219
134954,26.146
134955,26.9170028700952
134956,23.595
134957,26.148
134958,26.192
134959,25.558
134960,22.961
134961,23.5663206554796
134962,20.906
134963,22.992
134964,23
134965,23.387
134966,20.9337120755594
134967,21.6792666752879
134968,18.486
134969,20.935
134970,20.976
134971,19.545
134972,16.586918343529
134973,20.096
134974,19.599
134975,19.981
134976,15.856
134977,18.2218490687971
134978,15.403
134979,19.32
134980,18.888
134981,19.2286206097381
134982,13.554057192533
134983,17.738
134984,14.952
134985,19.116
134986,18.984
134987,19.296
134988,14.08
134989,17.623
134990,13.557
134991,19.398
134992,18.934286405521
134993,19.278
134994,10.048
134995,18.344
134996,15.755
134997,19.83
134998,19.221
134999,19.714
135000,17.14
135001,19.281
135002,18.088
135003,20.765
135004,20.166
135005,20.314
135006,17.9038356610487
135007,20.3338585927971
135008,18.919
135009,21.539
135010,20.797
135011,21
135012,18.5668553567442
135013,21.298
135014,22.033
135015,22.368
135016,21.694543425209
135017,21.8100110477689
135018,21.33
135019,12.4449736404961
135020,16.644
135021,17.234247722509
135022,16.9463713816587
135023,17.352
135024,16.578
135025,4.82858424054936
135026,13.4483438061406
135027,14.6
135028,14.759
135029,15.4805452561986
135030,13.693
135031,0.0443007165485724
135032,14.248
135033,15.5268521518459
135034,16.417
135035,15.981
135036,14.211
135037,0.084
135038,16.1414701663159
135039,18.335
135040,17.684
135041,17.699
135042,15.934
135043,3.497
135044,19.513
135045,20.052
135046,19.732
135047,20.066
135048,19.242
135049,7.112
135050,21.571
135051,21.7692297319193
135052,21.614
135053,22.116
135054,21.736
135055,7.143
135056,21.915
135057,22.69
135058,22.005
135059,21.791
135060,22.039
135061,8.29490210282835
135062,20.251
135063,21.563
135064,20.501
135065,21.296
135066,19.882
135067,8.68928896459967
135068,17.653
135069,22.005
135070,18.3
135071,20.999
135072,18.893
135073,8.38381475767405
135074,19.381
135075,22.853
135076,9.908
135077,18.756
135078,19.7115573788688
135079,16.588
135080,22.4361301838055
135081,29.0579001604425
135082,17.0407937546924
135083,19.79
135084,22.9267380266218
135085,29.0360989079314
135086,32.2495385176251
135087,44.1185175963339
135088,21.6262946734295
135089,24.8417722575573
135090,27.306
135091,30.965820408467
135092,26.2763524026878
135093,26.099
135094,24.157
135095,25.1813269039822
135096,26.031
135097,27.25
135098,21.319
135099,22.5905389689353
135100,23.628
135101,23.109
135102,21.906
135103,24.599
135104,18.93
135105,20.5360098980832
135106,22.8
135107,21.805
135108,19.359
135109,22.516
135110,17.4482478613733
135111,19.8975395444217
135112,21.5317831691463
135113,21.361
135114,18.303
135115,19.89
135116,14.601
135117,19.872
135118,20.25
135119,20.425
135120,13.649
135121,18.868
135122,13.812
135123,19.2188163372065
135124,19.2550487517456
135125,19.4973879183108
135126,12.871
135127,19.166
135128,12.3643227517429
135129,19.152863193704
135130,18.841
135131,18.7561754998657
135132,11.606
135133,19.293
135134,13.739
135135,19.277
135136,18.823
135137,19.006
135138,13.802
135139,19.8763068185662
135140,16.108
135141,19.397
135142,18.887
135143,19.141
135144,16.421
135145,21.714
135146,19.339
135147,20.471
135148,19.9589374261852
135149,20.142
135150,18.598
135151,24.13
135152,22.5232009908771
135153,22.1288698891329
135154,21.604
135155,21.969
135156,21.454
135157,24.865
135158,23.0058968858686
135159,22.926
135160,22.591
135161,22.805
135162,23.3546667732926
135163,16.86
135164,18.7878751016844
135165,18.854
135166,18.611
135167,18.956
135168,18.4799609343086
135169,14.524
135170,16.114
135171,16.707
135172,16.8566160032168
135173,17.126
135174,16.209
135175,13.178
135176,16.693
135177,17.495
135178,17.915
135179,17.642
135180,16.757
135181,8.901
135182,17.3245854833223
135183,19.455
135184,19.096
135185,19.2955327185614
135186,17.412
135187,11.129
135188,19.341
135189,21.331
135190,20.933
135191,21.394
135192,19.484
135193,15.6946872418097
135194,21.6913368190996
135195,23.126
135196,22.634
135197,23.003
135198,22.047
135199,15.7798323921102
135200,21.4929124469268
135201,22.63
135202,22.0674849112819
135203,22.923
135204,21.522
135205,15.866
135206,20.7265458030537
135207,23.31
135208,22.728
135209,23.3722831649038
135210,22.175033626645
135211,12.452
135212,22.694
135213,21.003
135214,1.791
135215,23.752
135216,22.377
135217,14.6650925864962
135218,22.065
135219,22.436
135220,22.861
135221,21.692
135222,23.727
135223,22.5046317563752
135224,28.007
135225,24.628
135226,23.319
135227,26.464
135228,25.931
135229,38.1958124111881
135230,37.1510822819441
135231,28.4088501207854
135232,32.69
135233,35.7880873687477
135234,36.8786981177311
135235,32.1659365984943
135236,24.222
135237,26.226
135238,22.886
135239,24.626
135240,25.001
135241,30.144
135242,22.019
135243,24.212
135244,22.187
135245,22.863
135246,22.999
135247,27.7346114444165
135248,20.644
135249,23.225
135250,21.4248377388608
135251,21.6669200209596
135252,20.981
135253,25.1465448748553
135254,18.652
135255,21.753
135256,20.484
135257,20.1793978053791
135258,19.2660016025714
135259,24.644
135260,22.248
135261,20.978
135262,20.379
135263,20.844
135264,22.283
135265,23.156
135266,20.679
135267,20.311
135268,19.962
135269,19.788
135270,20.716
135271,23.074
135272,20.5730172539912
135273,19.9731722245628
135274,19.887
135275,19.836
135276,20.6127347089301
135277,22.977
135278,20.493
135279,20.285
135280,19.9709444728975
135281,19.9185574528983
135282,20.533
135283,23.607
135284,21.0985057841991
135285,20.5896163309638
135286,20.32
135287,20.489
135288,21.136
135289,24.528
135290,22.048
135291,21.011
135292,20.738
135293,20.882
135294,22.084
135295,25.528
135296,22.896
135297,21.7707009303298
135298,21.517
135299,21.6928950471705
135300,22.933
135301,25.6720808078842
135302,23.189
135303,22.545
135304,22.288
135305,22.439
135306,23.229
135307,19.705
135308,18.8249382390778
135309,17.654
135310,17.491
135311,17.779
135312,18.859
135313,17.58
135314,16.693
135315,16.323
135316,16.207
135317,16.7386756129209
135318,16.7323146780837
135319,17.683
135320,16.8640160028062
135321,17.193
135322,17.1329771935009
135323,16.909
135324,16.90569119173
135325,18.009
135326,17.1676557935458
135327,18.248
135328,17.7514588694921
135329,18.162
135330,17.212
135331,18.729
135332,17.924
135333,19.139
135334,18.881
135335,19.788
135336,17.964
135337,20.8765607298509
135338,20.204
135339,19.877921622783
135340,20.099
135341,21.1562296820365
135342,20.234
135343,22.273
135344,21.682
135345,21.091693836293
135346,21.37
135347,21.9656909869686
135348,21.714
135349,22.852
135350,22.2845478739812
135351,12.96
135352,21.898
135353,22.68
135354,22.316
135355,22.321
135356,21.819
135357,19.7714464952117
135358,22.077
135359,22.753
135360,21.852
135361,22.9318658536722
135362,22.275
135363,20.119615830399
135364,21.2886135538243
135365,22.7148152533987
135366,22.307
135367,29.151
135368,27.921
135369,20.175
135370,18.992
135371,19.485
135372,27.974081265264
135373,34.222
135374,31.0772658310914
135375,24.279
135376,24.126
135377,26.981
135378,31.144
135379,33.4781491433284
135380,30.262736491755
135381,25.0341975752136
135382,25.136
135383,24.6169450231007
135384,30.314
135385,30.688974846143
135386,27.5755823422236
135387,23.313
135388,22.703
135389,22.315
135390,27.6340420533476
135391,28.606
135392,25.471
135393,22.0261129057792
135394,22.1362365759831
135395,21.0434696637968
135396,25.5158919491964
135397,26.4879289818257
135398,23.654
135399,21.163
135400,22.0135626330694
135401,21.638
135402,23.696
135403,22.696
135404,17.675
135405,20.51
135406,18.108
135407,18.8018112258216
135408,17.9420476727168
135409,21.861
135410,17.4770635939176
135411,19.969
135412,18.937
135413,17.759
135414,18.096
135415,21.128
135416,16.455
135417,19.392
135418,19.542
135419,19.925
135420,16.072
135421,22.528
135422,17.527
135423,19.722
135424,19.649
135425,19.867
135426,17.855
135427,21.706
135428,16.658455039117
135429,19.447
135430,19.65
135431,19.637
135432,18.385
135433,20.471
135434,18.537
135435,19.963
135436,20.319
135437,20.281
135438,19.3284559627583
135439,21.324
135440,19.3544434903754
135441,20.737
135442,20.737982051358
135443,21.014
135444,19.335
135445,21.3590402456079
135446,21.166
135447,21.645
135448,21.521
135449,21.693
135450,21.427
135451,15.475
135452,17.461
135453,17.485
135454,17.3130753106956
135455,18.198
135456,17.184587943349
135457,11.161
135458,15.087
135459,15.157
135460,15.682
135461,15.39
135462,14.892
135463,7.709
135464,14.194
135465,15.7511240731097
135466,15.868
135467,16.191
135468,14.0400887125965
135469,1.76395917785109
135470,15.754
135471,17.337
135472,17.5638268826543
135473,17.8097599896845
135474,15.957
135475,7.66510413137043
135476,15.623
135477,18.58
135478,18.405
135479,19.055
135480,15.777
135481,10.0245184009652
135482,16.163
135483,19.163
135484,19.878
135485,19.83
135486,15.212
135487,11.535
135488,16.373
135489,20.7041153419615
135490,7.294
135491,21.493
135492,15.963
135493,14.6723994108672
135494,15.704
135495,19.541
135496,21.262
135497,21.732
135498,15.904
135499,17.02
135500,16.2682651130152
135501,20.776
135502,20.368
135503,22.814
135504,15.665
135505,17.0262930155669
135506,15.147
135507,20.835
135508,22.3417271137765
135509,24.283
135510,16.27
135511,21.347
135512,20.831
135513,20.883
135514,25.2923857102313
135515,17.959
135516,21.0057159696344
135517,31.194
135518,26.833
135519,26.698
135520,32.2924075405742
135521,36.5136955159235
135522,25.968
135523,29.158
135524,23.459
135525,24.068
135526,26.8660425766229
135527,23.772
135528,23.0290963454237
135529,27.52
135530,22.316
135531,22.822
135532,24.7039044921194
135533,23.3635309110625
135534,22.27
135535,23.1506029914451
135536,19.575
135537,21.1793398406179
135538,22.4625560648879
135539,20.626
135540,19.974
135541,21.693
135542,18.987
135543,20.381
135544,21.5609142030919
135545,20.2138725536214
135546,18.807
135547,20.4473304118754
135548,16.7400149604729
135549,20.04
135550,20.457
135551,20.561
135552,16.897
135553,20.003
135554,17.75
135555,19.461
135556,19.608
135557,20.0158026711236
135558,18.0115550356063
135559,19.892
135560,18.048
135561,20.723
135562,20.132
135563,19.13
135564,18.966
135565,20.017
135566,20.101
135567,20.514
135568,19.917
135569,19.857
135570,20.001
135571,20.8353028293971
135572,21.372
135573,20.534
135574,19.992
135575,20.017
135576,21.2485825770729
135577,24.39
135578,21.466
135579,20.487
135580,20.152
135581,20.155
135582,21.219
135583,33.6617835083351
135584,21.228
135585,20.741
135586,20.49
135587,20.004
135588,21.434
135589,30.834
135590,22.236
135591,21.772
135592,21.492
135593,21.582
135594,21.035
135595,18.674
135596,19.231
135597,18.9981658663393
135598,18.43
135599,18.194
135600,18.8698929544571
135601,12.904
135602,16.596
135603,15.7059516608756
135604,15.669
135605,16.469
135606,16.638
135607,1.20866511717614
135608,16.4772514941703
135609,16.736
135610,16.062642324072
135611,16.194125526574
135612,16.6141920640603
135613,1.04262316635838
135614,18.3
135615,18.642
135616,17.747
135617,17.6482871396565
135618,18.091
135619,5.26458978410043
135620,20.077
135621,20.59
135622,19.327
135623,18.3996524434022
135624,19.792
135625,11.5969994205759
135626,20.6913024046092
135627,21.046
135628,19.865
135629,20.7412818445169
135630,21.466
135631,21.033
135632,23.7588877714911
135633,22.744
135634,22.187
135635,23.1
135636,23.317
135637,24.595
135638,26.8564483262032
135639,25.748
135640,25.2
135641,25.786
135642,23.578
135643,28.4258582531227
135644,28.6910791622087
135645,27.8705240365501
135646,27.3364270213719
135647,28.409
135648,22.891
135649,31.4222018086907
135650,30.6
135651,27.077
135652,28.606
135653,30.855
135654,19.35
135655,34.3397615286769
135656,25.438
135657,30.1541575515888
135658,33.024
135659,29.669
135660,30.0167458195256
135661,35.6187365758916
135662,39.3775038940485
135663,32.8026145257621
135664,17.7711943779095
135665,27.984
135666,41.6614193220271
135667,26.903
135668,34.8599606478453
135669,26.772
135670,24.344
135671,23.86
135672,35.085
135673,55.617
135674,31.4586708992326
135675,27.1405937058153
135676,23.451
135677,24.595
135678,31.2523956216197
135679,43.0555121070512
135680,27.694
135681,25.044
135682,27.307
135683,24.3669866043465
135684,28.2713329094355
135685,30.5985343317705
135686,25.25
135687,23.774301395276
135688,23.0372399096163
135689,23.114
135690,24.037
135691,23.988
135692,21.567
135693,21.479
135694,22.222
135695,21.323
135696,20.654
135697,22.415
135698,20.322
135699,21.433
135700,21.6968282045013
135701,21.011
135702,20.777
135703,24.05
135704,20.577
135705,21.778
135706,22.1613017544181
135707,22.053
135708,20.7718360533978
135709,26.0628322950322
135710,21.7634923921229
135711,22.3283610335882
135712,22.5555312662931
135713,22.689
135714,21.844
135715,31.4945070443327
135716,22.687
135717,22.5670673742631
135718,22.6654685514796
135719,22.8959879221567
135720,22.189
135721,22.323
135722,22.114
135723,23.019
135724,22.908
135725,22.853
135726,22.5936328423814
135727,25.861
135728,23.09
135729,24.107
135730,23.972730872908
135731,24.358
135732,23.2921300365532
135733,28.3478506909854
135734,25.1190072397602
135735,24.5724618316666
135736,24.423
135737,25.0194911051142
135738,25.249
135739,19.826
135740,21.0379192594026
135741,20.104
135742,20.172
135743,20.4259200832926
135744,20.8491876645723
135745,13.877
135746,18.9195732329037
135747,18.594
135748,18.527643331974
135749,18.844
135750,18.7197501992522
135751,11.232
135752,19.352
135753,19.3576740060174
135754,19.429
135755,19.26
135756,19.309
135757,9
135758,20.327
135759,20.36
135760,20.7867913186752
135761,20.659
135762,20.397
135763,12.737
135764,21.9691892929254
135765,22.77
135766,22.463
135767,22.3370739072901
135768,22.103
135769,15.9385661248983
135770,24.618
135771,24.967
135772,24.606
135773,24.436
135774,24.4854514664802
135775,20.039
135776,26.391
135777,25.9841948457874
135778,26.489
135779,26.7304425166727
135780,26.042
135781,23.31
135782,28.0667076147298
135783,28.007
135784,29.23
135785,28.859
135786,28.0897831277037
135787,23.422
135788,29.592
135789,28.6132767781985
135790,29.7811573466654
135791,29.701
135792,30.496
135793,24.687
135794,30.2336576925971
135795,25.153
135796,26.011
135797,30.85
135798,31.1480921479088
135799,28.6173925850898
135800,36.0729805596462
135801,30.178
135802,21.79
135803,29.196
135804,36.0199212749534
135805,42.2112843085004
135806,49.535462598505
135807,38.7912502672961
135808,27.995
135809,29.214
135810,47.9901594499349
135811,35.4313778384142
135812,30.558
135813,30.019
135814,31.6303293120484
135815,25.4141963154078
135816,30.282
135817,31.5389835542696
135818,24.537
135819,25.008
135820,29.1537386747261
135821,28.258
135822,24.3222699534106
135823,29.4192034435385
135824,22.554
135825,24.23
135826,27.3643589248882
135827,25.60778474332
135828,22.8297834812364
135829,27.177
135830,21.276
135831,22.9566197570211
135832,24.559
135833,22.5819401081294
135834,21.58
135835,24.364
135836,20.244
135837,22.063
135838,22.3832224234599
135839,22.5833709281563
135840,19.816
135841,23.398
135842,18.757
135843,21.433
135844,21.252
135845,21.455
135846,18.9764337467582
135847,23.872
135848,18.964
135849,21.587
135850,21.162
135851,21.4758859725377
135852,19.176
135853,23.712
135854,19.502
135855,21.68
135856,21.289
135857,21.729
135858,20.242
135859,23.936
135860,19.54
135861,22.023
135862,21.8499534847421
135863,21.8885087866836
135864,19.686
135865,25.612
135866,20.075
135867,23.018
135868,22.736
135869,22.88
135870,21.291
135871,29.024
135872,21.9
135873,24.3887839876834
135874,24.05
135875,24.2287200987942
135876,22.8244778891955
135877,29.7003006457347
135878,24.976
135879,25.213
135880,24.7599792755036
135881,24.9297991233406
135882,24.894
135883,21.767
135884,20.576
135885,20.052
135886,19.996
135887,20.5033496790253
135888,20.612
135889,18.443
135890,17.555
135891,17.425
135892,17.62
135893,17.919
135894,17.474
135895,18.641
135896,17.875
135897,17.797
135898,18.1607868642642
135899,18.73
135900,17.4812565482375
135901,19.794
135902,19.877
135903,19.9148447988813
135904,20.287
135905,20.233
135906,19.845
135907,20.988
135908,22.3281046670518
135909,21.839
135910,22.248
135911,22.232
135912,22.2843038827668
135913,23.378
135914,24.9193160768506
135915,22.764
135916,24.9466818376356
135917,25.591
135918,25.016
135919,26.0611465172055
135920,26.393
135921,26.29
135922,26.707
135923,27.0725800981807
135924,27.339
135925,27.4973554628143
135926,26.849
135927,27.488
135928,27.789
135929,27.627
135930,27.511
135931,28.721
135932,29.2083848117959
135933,25.957
135934,29.147
135935,30.9932940088566
135936,29.1764096150143
135937,26.9095435948975
135938,30.299
135939,19.502
135940,30.073
135941,32.802
135942,30.417
135943,37.1745027480839
135944,35.6371676893691
135945,31.698
135946,36.6919965523904
135947,38.972
135948,39.4048079480857
135949,90.3266749534257
135950,59.522
135951,66.0110914697431
135952,63.1673220108506
135953,71.599
135954,75.6866456733789
135955,46.1489236554366
135956,33.436
135957,34.545383350452
135958,32.0672437226519
135959,32.8326115416104
135960,33.3541273479776
135961,37.4436422870122
135962,27.9463643757039
135963,25.587
135964,23.144
135965,25.6559067335299
135966,28.654
135967,32.078
135968,24.69
135969,26.6923626324137
135970,24.633
135971,24.613
135972,23.5418385406574
135973,30.9947571160919
135974,22.8428277619312
135975,25.4363287985516
135976,24.781
135977,24.325
135978,23.506
135979,25.694
135980,20.2656670224305
135981,22.584
135982,22.039
135983,22.6793738424592
135984,20.622
135985,23.865
135986,18.8047603512578
135987,21.541
135988,21.752
135989,21.434
135990,19.039
135991,23.867
135992,18.592
135993,21.394
135994,21.603
135995,21.819
135996,18.841
135997,24.7221347812752
135998,18.397
135999,21.369
136000,21.527
136001,21.7607681397252
136002,18.668
136003,24.225
136004,18.335
136005,21.179
136006,21.363
136007,21.283
136008,18.6689580527912
136009,26.7374409742573
136010,20.304
136011,22.577
136012,22.392
136013,22.455
136014,20.9570399329944
136015,30.4250720990042
136016,22.946
136017,24.611
136018,23.86
136019,24.088
136020,23.227
136021,35.6258470524319
136022,24.2185249453646
136023,25.493
136024,24.468
136025,24.72
136026,24.868
136027,23.1339603185007
136028,20.664
136029,20.554
136030,19.967
136031,20.35
136032,20.535
136033,20.493513274924
136034,19.845
136035,19.106
136036,18.636
136037,19.235
136038,19.395
136039,21.4479679088641
136040,18.762
136041,19.9563359267862
136042,19.271
136043,19.745
136044,19.52
136045,18.284
136046,17.709
136047,20.285
136048,19.694
136049,20.154
136050,18.546
136051,19.961
136052,19.391
136053,21.9628402998992
136054,21.171
136055,22.13
136056,19.167
136057,19.444183665815
136058,21.531
136059,24.3876095507483
136060,23.8365745965284
136061,24.675
136062,21.704
136063,20.704
136064,24.613
136065,25.974932848344
136066,23.472
136067,23.017
136068,24.503
136069,23.937
136070,29.126
136071,29.062
136072,24.4109551234554
136073,29.564
136074,27.773
136075,23.235
136076,31.408
136077,30.292
136078,27.1103693603811
136079,31.092
136080,31.3891778976741
136081,25.531
136082,33.5894937012854
136083,31.5923228249051
136084,30.4905139786185
136085,28.422
136086,26.867
136087,30.403
136088,35.7145968587002
136089,30.573141390435
136090,34.0707034351107
136091,36.02
136092,35.6202612350032
136093,89.8208491864624
136094,81.8899495474182
136095,45.2266410557168
136096,40.114
136097,63.9427984269255
136098,56.3109105987035
136099,40.6445723321076
136100,29.387
136101,26.3399631967104
136102,22.5938505832409
136103,26.929
136104,30.667
136105,32.0379684044919
136106,26.4824745666492
136107,25.528
136108,25.635
136109,26.605
136110,25.8134717067754
136111,31.779
136112,25.5372849741054
136113,26.6198771651949
136114,24.444
136115,26.165
136116,24.06
136117,28.555
136118,22.465
136119,23.581
136120,22.696
136121,23.313
136122,22.724
136123,24.073
136124,19.201
136125,21.3526861523844
136126,22.076
136127,22.4952205026135
136128,19.402
136129,24.894
136130,19.691
136131,21.515
136132,21.541
136133,21.8564288809898
136134,20.879
136135,24.546
136136,21.404
136137,21.62
136138,21.415
136139,21.706
136140,21.536
136141,23.747
136142,19.655
136143,21.083
136144,20.902
136145,21.195
136146,20.29
136147,22.918
136148,20.564
136149,21.226
136150,20.72
136151,21.0612997174048
136152,20.45
136153,23.573
136154,22.3018878773398
136155,21.954
136156,21.7432809412598
136157,21.474
136158,22.197
136159,25.51
136160,24.153
136161,23.231
136162,23.007
136163,22.894
136164,23.7827962180259
136165,28.532
136166,25.255
136167,24.848
136168,24.634
136169,25.1693386278553
136170,26.419
136171,21.586
136172,21.4542688069759
136173,21.422
136174,21.158
136175,21.452
136176,21.6023478526607
136177,19.5371887331641
136178,19.821
136179,20.045
136180,19.768597075977
136181,20.163
136182,19.9007926611995
136183,17.687
136184,19.851
136185,19.937
136186,19.492
136187,20.140922917082
136188,19.899
136189,16.122
136190,19.892
136191,20.3202133993268
136192,19.964
136193,19.987
136194,20.168
136195,16.872
136196,22.424
136197,22.785
136198,21.9
136199,22.7794929110561
136200,22.805
136201,17.9377667578971
136202,25.647
136203,25.129
136204,24.626
136205,25.1969869493571
136206,25.441
136207,19.793
136208,26.9493988735167
136209,26.3939073022362
136210,25.591
136211,26.639
136212,26.893
136213,23.687
136214,29.841
136215,29.9296366427153
136216,28.0804212707942
136217,30.0912012431557
136218,29.322
136219,23.844
136220,31.8375620060189
136221,31.121
136222,28.913
136223,31.977563516589
136224,31.827
136225,26.5320379454766
136226,35.8407256835508
136227,31.387
136228,31.055049321647
136229,32.5235238251207
136230,35.954
136231,35.5912995199423
136232,41.668540996174
136233,34.7500240826709
136234,30.303
136235,39.0024393083776
136236,41.6432414991569
136237,101.623405659
136238,82.9854916391739
136239,56.4214322083964
136240,64.307
136241,38.4040780144327
136242,83.5680026527373
136243,53.0767239966674
136244,42.7496822687842
136245,28.669
136246,33.279
136247,34.2123875575174
136248,25.69
136249,41.1380046218611
136250,33.475
136251,27.1880555597461
136252,28.3912665842347
136253,29.0392674778053
136254,27.5796159246289
136255,37.882
136256,24.518
136257,28.1306169114053
136258,25.259
136259,24.5344022723174
136260,27.927
136261,34.352
136262,28.8351727561624
136263,26.7036878259438
136264,27.068
136265,25.3489465920421
136266,24.1767769163318
136267,30.874
136268,26.665
136269,24.621
136270,23.809
136271,24.662
136272,23.877
136273,31.8180881647546
136274,22.9518115214243
136275,23.784
136276,24.1576052457789
136277,24.067
136278,23.056
136279,31.4
136280,25.116
136281,24.0358460830957
136282,24.457
136283,24.364
136284,24.324
136285,29.764
136286,23.914
136287,24.5008772101304
136288,24.268
136289,24.273
136290,22.9154784922987
136291,31.7437924199529
136292,23.715
136293,24.503
136294,24.258
136295,24.263
136296,23.676
136297,34.1772563479361
136298,24.301
136299,24.6192900812942
136300,24.638
136301,24.658
136302,25.001
136303,34.031400440643
136304,24.229
136305,25.358
136306,25.197
136307,25.441
136308,25.2702067294589
136309,35.9431648580655
136310,24.829
136311,26.316
136312,25.9163428294094
136313,26.1961722646447
136314,27.5730292657179
136315,24.3109917942441
136316,23.261
136317,22.077
136318,21.9679805706844
136319,22.0660296917828
136320,22.526
136321,20.416
136322,20.418
136323,19.1284659263909
136324,19.7538059510927
136325,19.372
136326,20.278
136327,20.11
136328,19.9431865034891
136329,19.105
136330,19.367
136331,19.524
136332,19.825190047092
136333,19.413
136334,20.9318585397502
136335,20.782
136336,20.321
136337,20.9166564088277
136338,20.955
136339,19.543
136340,22.967
136341,23.082
136342,22.43
136343,23.149
136344,23.4706693198919
136345,22.3337078257981
136346,25.408
136347,25.2967928611234
136348,24.7087439014718
136349,25.5983160196061
136350,25.651
136351,23.157
136352,27.11
136353,26.641
136354,26.491
136355,26.9187956863527
136356,26.988
136357,24.03
136358,28.3364890723137
136359,28.7562633810552
136360,29.008
136361,28.913
136362,28.8092515551927
136363,24.4853809203249
136364,29.168
136365,30.088
136366,29.7426591843697
136367,29.564
136368,30.4374563511216
136369,25.512
136370,31.042
136371,30.215
136372,30.684
136373,30.203
136374,29.6507231298865
136375,37.6896492780844
136376,38.011
136377,37.232
136378,35.8422213067945
136379,39.028
136380,36.7302859996474
136381,62.704
136382,44.289
136383,37.076
136384,24.216
136385,35.7169876186336
136386,47.6973047689879
136387,39.125
136388,33.2261753526975
136389,25.7978735073704
136390,24.45
136391,28.2242972139587
136392,29.769582107273
136393,32.3983077659516
136394,25.561
136395,24.448
136396,22.9280427786727
136397,25.184
136398,24.9817917406505
136399,28.8035055269083
136400,21.703
136401,23.2014307987263
136402,22.5787607768864
136403,22.929
136404,22.808
136405,25.634
136406,19.745
136407,21.409
136408,22.1441105974568
136409,21.1209489149951
136410,19.911
136411,24.373
136412,20.34
136413,21.52
136414,22.059
136415,21.363
136416,20.553
136417,23.948375765107
136418,17.554
136419,19.848
136420,21.074
136421,20.8986091919658
136422,18.7116393519595
136423,23.6
136424,18.766708714734
136425,20.336
136426,20.977
136427,20.865
136428,19.384
136429,23.388
136430,18.51
136431,20.359
136432,20.711
136433,20.5274782541961
136434,18.591
136435,24.699
136436,18.552
136437,20.673
136438,20.6733282325829
136439,20.595
136440,19.2695931956704
136441,24.5299797970749
136442,18.6930158729555
136443,20.823
136444,20.715
136445,20.9067660258041
136446,19.1938328919777
136447,26.432
136448,19.898
136449,21.785
136450,22.21
136451,21.753
136452,20.1056750929064
136453,28.665
136454,23.068
136455,23.414
136456,23.537
136457,23.191
136458,21.941
136459,20.819
136460,19.643
136461,19.827
136462,20.2896147477736
136463,19.937156239889
136464,19.6075043081133
136465,19.6792001156097
136466,18.191
136467,18.15
136468,18.2195612023582
136469,18.616
136470,18.7502330992185
136471,19.58
136472,18.645
136473,18.627
136474,18.445
136475,18.621
136476,18.605
136477,17.8236096367148
136478,18.071
136479,19.741
136480,20.275
136481,20.242
136482,17.2877083540033
136483,18.326
136484,17.013
136485,20.9031897861748
136486,20.908
136487,21.498
136488,20.2133185608866
136489,21.1100087224636
136490,21.4601355832519
136491,22.571
136492,22.577
136493,22.88
136494,20.9694147428586
136495,21.8418724473774
136496,22.12
136497,24.2498522462518
136498,24.129
136499,24.499
136500,22.148
136501,25.301
136502,23.284
136503,26.376
136504,25.696
136505,26.745
136506,22.692
136507,26.442
136508,24.2920976243532
136509,28.2546475593814
136510,26.842
136511,28.804
136512,19.8541159571683
136513,29.382
136514,25.087
136515,30.445
136516,29.7548913363673
136517,31.023
136518,22.61
136519,35.9373319876804
136520,37.5008818542702
136521,20.6349471444416
136522,34.4371187038883
136523,35.1197834050187
136524,23.924
136525,55.6192834341243
136526,36.5571689867446
136527,20.997
136528,29.991
136529,36.9371469967205
136530,34.335
136531,32.503
136532,28.287
136533,25.476
136534,25.116
136535,25.007
136536,25.165
136537,30.751
136538,23.02
136539,23.682
136540,23.815
136541,23.765
136542,22.516393046343
136543,24.220310226837
136544,20.735
136545,22.0541112027761
136546,21.095
136547,21.775
136548,21.449
136549,20.344
136550,15.597
136551,20.004
136552,18.389
136553,19.077
136554,16.068
136555,21.389
136556,17.006
136557,21.495
136558,20.703
136559,19.858
136560,15.8725380504549
136561,21.074
136562,16.211
136563,20.71
136564,19.477
136565,19.29
136566,15.625
136567,21.778
136568,18.128
136569,20.837
136570,19.838
136571,19.387
136572,15.291
136573,22.5223790160534
136574,16.237
136575,20.54
136576,19.862
136577,19.52
136578,19.1316327829568
136579,22.886
136580,18.6
136581,20.76
136582,19.966
136583,19.7789025989447
136584,18.793
136585,22.148
136586,18.166
136587,20.836
136588,20.206
136589,19.856
136590,18.832
136591,23.03
136592,17.806
136593,21.189
136594,20.634
136595,20.719
136596,22.018
136597,24.501
136598,16.715
136599,22.568
136600,21.5161421098731
136601,21.6558356044644
136602,20.144
136603,17.6465593485744
136604,12.651
136605,18.892
136606,18.338
136607,18.507
136608,16.803
136609,12.8055205514102
136610,17.19
136611,17.17
136612,16.7876254814313
136613,17.247
136614,16.6063272450259
136615,11.678
136616,17.727
136617,17.282
136618,16.641
136619,17.03
136620,17.373
136621,15.332
136622,15.2778711537944
136623,19.0156056013315
136624,17.885
136625,17.4975880614464
136626,18.022
136627,17.314
136628,14.807
136629,20.4327635437264
136630,19.198
136631,19.496
136632,16.716
136633,21.9279826561193
136634,20.512
136635,22.278
136636,21.595
136637,22.062
136638,19.004
136639,23.5110529221255
136640,20.8707559925524
136641,24.175
136642,23.145
136643,23.754
136644,21.738
136645,26.0883254693884
136646,22.634
136647,25.5473771952097
136648,25.57
136649,26.125
136650,22.865
136651,27.319
136652,25.714
136653,28.04
136654,26.9352134334741
136655,27.578
136656,23.9996924725542
136657,32.9377197325522
136658,29.556
136659,30.291
136660,29.7913175517959
136661,30.4492686427352
136662,29.6254176386099
136663,36.4661247073411
136664,34.1982627541559
136665,37.128
136666,36.6254371358632
136667,38.303
136668,26.24
136669,42.5310180481215
136670,30.8923482668517
136671,26.926
136672,36.299
136673,41.7546752710033
136674,24.679
136675,28.315
136676,25.6649875947061
136677,25.229
136678,20.897
136679,28.764
136680,26.182
136681,28.3661701652533
136682,24.174
136683,23.601354535493
136684,22.4903542261327
136685,23.712
136686,26.356
136687,22.625
136688,22.55
136689,20.991
136690,20.244
136691,21.4997423226331
136692,21.9847572832432
136693,21.159
136694,21.0378223580972
136695,19.7481783453955
136696,18.236
136697,19.496
136698,19.7183166760613
136699,20.798
136700,22.175
136701,21.02
136702,19.319
136703,18.799
136704,22.79
136705,20.198
136706,20.771
136707,20.2266999224748
136708,19.221
136709,19.2754853197559
136710,19.116
136711,20.211
136712,19.816
136713,20.107
136714,19.69
136715,19.6318941500309
136716,18.148
136717,19.231
136718,19.996
136719,19.916
136720,19.796
136721,19.578
136722,17.7949630733333
136723,20.782
136724,19.95
136725,20.243
136726,19.772
136727,19.55
136728,17.958
136729,21.587
136730,20.142
136731,20.474
136732,19.711
136733,19.851
136734,16.74
136735,22.263
136736,20.251
136737,21.35
136738,20.2219703670967
136739,20.899
136740,18.801
136741,23.729144179114
136742,23.586
136743,22.742
136744,22.2858160318125
136745,22.425
136746,21.339
136747,18.688
136748,21.109
136749,20.512
136750,19.9254364276518
136751,20.006
136752,18.268
136753,15.5655073517172
136754,19.792
136755,19.3500816961431
136756,18.351
136757,19.1356562192647
136758,18.882
136759,15.583110899017
136760,19.8369800256824
136761,19.496
136762,18.7282628833193
136763,19.374
136764,18.6
136765,19.462
136766,21.502
136767,21.398
136768,20.807
136769,21.4229608142062
136770,21.255
136771,21.237
136772,25.0073245775861
136773,24.6056781737158
136774,23.578
136775,24.4341825986093
136776,24.894
136777,22.226310962257
136778,27.4568584402783
136779,26.2765259677796
136780,24.973
136781,26.1654007037737
136782,27.0492549591578
136783,25.696
136784,30.1237680414372
136785,29.944
136786,27.3030206945201
136787,29.6079104803336
136788,30.342
136789,27.764
136790,31.0750823515905
136791,30.442
136792,28.564
136793,30.471
136794,30.565
136795,30.6409127908656
136796,30.78
136797,30.496
136798,28.6135985704503
136799,30.321
136800,30.5675381403202
136801,34.329151837798
136802,31.5582373773855
136803,30.96
136804,29.351
136805,30.8338501032198
136806,32.085
136807,59.0805501058252
136808,45.6191018827455
136809,38.0707446495508
136810,36.657
136811,38.186
136812,50.2251588314083
136813,78.9888363349675
136814,48.3093007317491
136815,38.4682392860652
136816,45.183614010789
136817,47.5420546501862
136818,46.5423185182401
136819,32.6088661988178
136820,25.358
136821,24.1448444195246
136822,27.1086404343963
136823,28.5586519762843
136824,24.184
136825,26.881
136826,21.989
136827,23.4036644379094
136828,19.8592408475975
136829,20.3699678473111
136830,21.7588978122696
136831,21.0396000684679
136832,17.5789476395431
136833,21.1295307317192
136834,16.2551188656731
136835,19.8737225837312
136836,16.274
136837,19.6682488582814
136838,17.215
136839,19.465
136840,16.298
136841,17.794
136842,14.722
136843,19.058
136844,13.076462373513
136845,19.475
136846,16.141
136847,16.868
136848,11.547
136849,18.6128531096037
136850,9.79310938309297
136851,18.995
136852,16.563
136853,16.619
136854,9.56733198488656
136855,18.0661309199712
136856,10.779
136857,19.234
136858,16.9704393097603
136859,16.026
136860,12.0645206299482
136861,18.0178158187215
136862,15.9353242409401
136863,19.327
136864,18.235
136865,16.676
136866,16.757
136867,18.439
136868,11.911
136869,19.27
136870,18.5065449114355
136871,17.324
136872,15.99
136873,19.52
136874,13.024
136875,20.004
136876,19.106
136877,17.797
136878,15.4020398280996
136879,20.3469487225408
136880,17.341
136881,20.392
136882,19.5633041313584
136883,18.5181152856433
136884,15.815
136885,21.0825873802223
136886,19.452
136887,21.943
136888,21.431
136889,20.093
136890,17.721
136891,17.5197346642168
136892,15.421
136893,19.156
136894,18.022
136895,16.6026292682075
136896,17.042
136897,11.002
136898,10.724
136899,16.879224359537
136900,13.943
136901,13.6353909719887
136902,17.831
136903,7.28935569370154
136904,15.625
136905,16.434279238698
136906,12.20127531132
136907,13.977
136908,14.373
136909,9.22232904713901
136910,18.764
136911,19.321
136912,11.3783970726344
136913,15.5914145619202
136914,18.8657913515994
136915,17.338
136916,21.7
136917,21.361594960315
136918,18.3417770525998
136919,20.0051731377517
136920,21.828
136921,23.4370794082882
136922,24.6307635636353
136923,24.413
136924,21.2699849247438
136925,21.96
136926,24.589
136927,27.176
136928,26.752
136929,27.1253748551203
136930,22.566
136931,23.226
136932,27.1058706635687
136933,30.112
136934,29.221
136935,29.958
136936,23.575
136937,25.2893225845747
136938,29.7258517078746
136939,31.7724351938942
136940,31.170730132152
136941,30.4565116505418
136942,27.022
136943,28.771
136944,31.744
136945,43.234
136946,32.7542123180894
136947,33.1032553727803
136948,29.6166906711042
136949,31.1924934632711
136950,33.9078997099622
136951,71.2355896579717
136952,48.1373963172829
136953,46.3534272345023
136954,33.5545097223088
136955,43.8723092282436
136956,51.9975675362101
136957,150.808407644082
136958,67.5991071295267
136959,26.2153936815585
136960,52.936
136961,80.2375847271216
136962,97.0217977157017
136963,33.318
136964,24.222
136965,24.068
136966,24.762
136967,25.895
136968,25.535
136969,46.8609371821444
136970,24.6333313756577
136971,24.738
136972,22.791
136973,22.3804051082642
136974,23.346
136975,35.7199348572056
136976,23.8587477412478
136977,24.441
136978,21.934
136979,21.471
136980,22.609
136981,30.7668258439845
136982,24
136983,24.02
136984,21.527
136985,20.9
136986,27.666
136987,25.134
136988,23.689
136989,22.131
136990,19.2027615657572
136991,19.402
136992,22.726
136993,24.991
136994,19.9547452047393
136995,20.667
136996,19.441
136997,19.499
136998,18.744
136999,24.1669782994605
137000,20.2393230491462
137001,21.215
137002,19.886
137003,19.368
137004,17.28
137005,24.895
137006,19.918
137007,21.313
137008,20.285
137009,19.3575618357316
137010,19.423
137011,30.7506562313517
137012,18.598
137013,21.6004419513162
137014,20.704
137015,19.66
137016,23.3555069204475
137017,25.8779199400651
137018,24.689
137019,22.136938362115
137020,21.321
137021,20.129
137022,24.307
137023,27.2602475770616
137024,25.951
137025,23.809
137026,22.834
137027,22.17
137028,25.6472068320328
137029,30.6107821830361
137030,25.762
137031,24.713
137032,23.841
137033,22.981
137034,24.515
137035,24.367
137036,22.956
137037,21.452
137038,21.3445449170212
137039,20.7144917114936
137040,23.602
137041,22.511205107548
137042,21.419
137043,20.785
137044,19.774
137045,18.371
137046,21.924
137047,23.965
137048,18.83
137049,21.866
137050,19.7312177913428
137051,16.948
137052,18.295
137053,20.3656253472379
137054,19.389
137055,23.5193769945932
137056,20.561
137057,21.2765978390364
137058,18.146
137059,22.139
137060,18.442
137061,26.182
137062,22.355
137063,23.415
137064,19.478248304285
137065,23.4016922366325
137066,19.3183608485269
137067,30.033586735613
137068,26.625
137069,28.2939486766939
137070,20.0076891703091
137071,24.7985850207476
137072,17.307946623683
137073,33.8946110998461
137074,29.154
137075,31.803
137076,18.613
137077,32.106
137078,16.831
137079,38.735
137080,33.6345998630149
137081,34.5023038873848
137082,17.308
137083,39.1352919143952
137084,17.505
137085,37.3498868895171
137086,35.5910801373858
137087,36.8568716522656
137088,17.404
137089,44.477
137090,18.762
137091,38.2925442236536
137092,20.207
137093,37.234
137094,20.342
137095,62.2781863406767
137096,23.165
137097,44.9917049608866
137098,32.579
137099,40.0594015902316
137100,22.077
137101,102.279190549422
137102,28.7518080094429
137103,27.575
137104,42.197786356884
137105,41.3465734103452
137106,29.173
137107,69.0135554797542
137108,32.6148595993802
137109,23.174
137110,42.4672706692767
137111,36.543
137112,31.683
137113,56.9917673568662
137114,31.457
137115,22.494
137116,24.9130849663376
137117,31.2434535293242
137118,30.3456117467093
137119,58.4001602818084
137120,29.497
137121,28.834
137122,24.392
137123,25.028
137124,29.5
137125,50.5858370925687
137126,29.48
137127,30.5420812582021
137128,23.3540256936932
137129,24.4629605864713
137130,27.799
137131,56.3989656383353
137132,26.324
137133,28.913
137134,23.4232179799618
137135,23.808
137136,25.267
137137,33.6311249215288
137138,26.507
137139,26.235
137140,25.115
137141,22.676
137142,26.212
137143,31.417323205901
137144,26.189
137145,25.8891990114198
137146,24.195
137147,23.69
137148,26.0475218178508
137149,33.014
137150,25.7252545004515
137151,25.924
137152,23.785
137153,23.616
137154,25.861
137155,35.894029646011
137156,24.734
137157,25.69
137158,24.438
137159,25.05
137160,25.828
137161,38.622
137162,24.606
137163,26.26
137164,25.3439883886083
137165,26.3761092024311
137166,26.264
137167,45.6186567938708
137168,25.743
137169,28.831
137170,28.2191499338594
137171,28.8944022529347
137172,26.75
137173,44.1093120646423
137174,25.9978816236318
137175,29.987
137176,29.367
137177,29.9562943369662
137178,27.733
137179,27.412
137180,21.4764794481117
137181,24.951
137182,24.572
137183,24.895
137184,22.341
137185,23.712
137186,20.67
137187,22.0867365314185
137188,21.497
137189,21.953903803769
137190,21.448
137191,21.814
137192,20.2191312461124
137193,21.044
137194,20.948
137195,17.8450927573833
137196,20.315
137197,21.649
137198,20.14
137199,21
137200,20.8655242598698
137201,20.791
137202,20.225
137203,22.823
137204,21.603
137205,21.956
137206,20.918
137207,22.785
137208,21.581
137209,23.742
137210,23.481
137211,22.231
137212,23.397
137213,24.103
137214,23.1483531741023
137215,25.0272175087275
137216,25.0290706213733
137217,24.481
137218,24.234
137219,23.142
137220,24.458
137221,26.368
137222,26.5480205629191
137223,26.356
137224,24.98
137225,23.609
137226,26.4935382384093
137227,28.5340520704746
137228,27.98
137229,26.9822874909104
137230,25.952
137231,24.967
137232,28.048
137233,33.5946701829315
137234,30.473
137235,28.7163413283876
137236,15.882
137237,30.1782135034875
137238,30.2916989558765
137239,57.1382362479948
137240,41.8573454049835
137241,37.3493693034646
137242,28.759
137243,38.0837065473072
137244,42.571911884617
137245,191.362753900722
137246,88.3626232825654
137247,70.487
137248,65.434
137249,72.2080483267665
137250,88.492490569919
137251,77.3852216381481
137252,48.7300403940334
137253,36.6997750134209
137254,43.2597388297088
137255,45.193
137256,48.8990966447335
137257,61.888
137258,37.2564462116388
137259,31.003
137260,34.797
137261,35.0646610188592
137262,35.7782987186001
137263,44.0841754882382
137264,32.2613482970675
137265,29.492
137266,32.5184436100338
137267,33.148
137268,33.1479767042774
137269,36.211
137270,27.6144657168846
137271,29.388
137272,30.2094011026298
137273,30.1229157124622
137274,27.5999171887707
137275,35.472
137276,26.353
137277,27.423
137278,26.3502107276465
137279,27.124
137280,25.427
137281,29.6778657691927
137282,25.612
137283,25.274
137284,24.515
137285,24.361
137286,25.096
137287,30.931950546667
137288,24.3
137289,24.13
137290,23.591
137291,23.5
137292,24.158
137293,28.2800255864187
137294,23.956
137295,23.978
137296,23.36
137297,23.8699625449217
137298,23.8044058824368
137299,27.761
137300,23.891
137301,24.092
137302,23.4141206103161
137303,23.75
137304,24.584
137305,28.068
137306,24.3104551373929
137307,24.4858520670767
137308,23.7573734911801
137309,24.423
137310,24.639
137311,28.984
137312,26.5390807918071
137313,26.0694600237527
137314,25.6454935655387
137315,25.348
137316,26.5745643531184
137317,29.6462949364095
137318,27.9567489975041
137319,26.1487242492415
137320,26.345
137321,26.314
137322,28.001
137323,19.256
137324,20.808
137325,20.158
137326,19.915
137327,21.281
137328,20.8343337793597
137329,14.67
137330,17.339
137331,17.418
137332,18.596
137333,18.893
137334,17.35
137335,13.720367095718
137336,17.2635582467932
137337,17.48
137338,19.2493354655669
137339,19.48
137340,17.306
137341,13.497
137342,17.516
137343,18.227
137344,20.322
137345,20.769
137346,17.609
137347,17.0401997773413
137348,18.183
137349,20.1436389124802
137350,21.539
137351,22.058
137352,18.268
137353,21.895
137354,21.309
137355,22.07
137356,23.8
137357,24.0144805207192
137358,21.363
137359,22.476
137360,22.808
137361,23.726
137362,24.189
137363,25.263
137364,22.475
137365,24.713
137366,24.92
137367,25.968
137368,25.849
137369,27.212
137370,25.08
137371,27.328850503301
137372,26.287
137373,26.5271987073337
137374,27.339
137375,27.84
137376,26.465
137377,32.3509116811744
137378,29.737324499687
137379,30.9035471552543
137380,29.7
137381,29.1112236325226
137382,30.285
137383,56.9656988196941
137384,45.085
137385,46.3452935753773
137386,40.224
137387,43.2772552979251
137388,47.9610088826902
137389,97.9931705986906
137390,59.522
137391,56.9174301969693
137392,47.07
137393,52.113212390746
137394,61.084
137395,57.007071391599
137396,30.878
137397,37.5009460633343
137398,34.9324429950166
137399,36.7669130719736
137400,33.454
137401,42.3190754232315
137402,22.946
137403,26.1037460211628
137404,22.9546306401691
137405,22.815
137406,23.5936129994799
137407,26.482
137408,20.554
137409,22.851
137410,20.25
137411,20.5379606534501
137412,20.258
137413,24.445
137414,19.313
137415,21.701
137416,20.715
137417,19.951
137418,19.427
137419,23.598
137420,15.832
137421,20.019
137422,20.1922488311715
137423,18.411
137424,14.854
137425,22.612
137426,14.456
137427,20.255
137428,19.7793820613132
137429,19.676
137430,14.236
137431,22.016
137432,15.422
137433,19.906
137434,19.59
137435,19.829
137436,17.97
137437,22.892
137438,18.78
137439,20.163
137440,19.457
137441,20.001
137442,18.028
137443,23.191
137444,18.1790615659258
137445,20.7484559784375
137446,19.788
137447,20.150296440144
137448,18.49
137449,23.55
137450,18.4686938279921
137451,20.064
137452,19.563
137453,20.63
137454,18.74593248421
137455,25.918
137456,20.6073261647791
137457,21.746
137458,20.743
137459,20.978
137460,19.481
137461,27.6519045615331
137462,23.158
137463,22.981
137464,22.1789816911653
137465,22.3641887521062
137466,23.012
137467,19.3764662926239
137468,18.669
137469,18.826
137470,18.5876017451995
137471,18.712
137472,18.2758012815841
137473,15.679
137474,15.7586070557807
137475,16.117
137476,16.822
137477,16.8243966506741
137478,15.57
137479,14.3814481887396
137480,14.7129266095613
137481,15.923
137482,17.769
137483,17.2148035098305
137484,14.3886215464332
137485,17.308
137486,18.3758045258644
137487,17.634
137488,19.8884923228902
137489,19.651
137490,18.157
137491,20.883
137492,21.174
137493,21.094
137494,21.647
137495,22.175666144554
137496,21.143
137497,22.539
137498,22.4742496622545
137499,21.646
137500,22.606
137501,22.4972157628862
137502,22.46
137503,25.955
137504,24.331
137505,23.673
137506,23.615
137507,24.109
137508,24.456
137509,26.777
137510,25.849
137511,24.788
137512,24.9609107497577
137513,25.305
137514,26.042
137515,29.368
137516,26.5964346320442
137517,26.52125711591
137518,26.0218304963978
137519,26.683
137520,27.713
137521,34.8589270380938
137522,29.764
137523,29.222
137524,27.424
137525,29.2804881715946
137526,31.4267842727834
137527,52.033
137528,42.2413386253985
137529,39.761
137530,36.543
137531,35.0986096506594
137532,43.1713579698125
137533,79.4136116790388
137534,53.3709939763699
137535,39.614
137536,24.6457096620855
137537,40.1745916117424
137538,52.701154247291
137539,44.4670527442942
137540,27.649
137541,26.834
137542,22.0146205845655
137543,23.0019595946949
137544,27.844
137545,32.0352986738312
137546,23.082
137547,24.753
137548,21.175
137549,22.404
137550,23.19
137551,27.8594684291182
137552,21.37
137553,23.597
137554,19.317
137555,20.713
137556,21.533
137557,26.329
137558,21.1243601763455
137559,21.9311492003346
137560,20.318
137561,20.131
137562,22.243
137563,26.195
137564,19.519
137565,19.731
137566,18.945
137567,18.712
137568,19.661
137569,25.862091809979
137570,19.664
137571,21.433
137572,19.327
137573,19.29
137574,19.407
137575,26.1176535755656
137576,21.3742102251085
137577,21.682
137578,20.6363912368715
137579,19.908
137580,19.0042320148734
137581,26.241
137582,21.657
137583,21.9256155869086
137584,20.945
137585,20.173
137586,18.653
137587,29.087
137588,21.169
137589,22.31
137590,21.746
137591,22.023
137592,20.055
137593,28.778
137594,21.724
137595,22.754
137596,22.019
137597,22.639
137598,21.238
137599,27.905
137600,22.019
137601,22.925
137602,22.171
137603,22.7687421030834
137604,21.48
137605,29.485
137606,23.593
137607,24.283
137608,23.62
137609,23.274
137610,23.5783020995411
137611,20.744
137612,18.216
137613,19.3967063466798
137614,18.78
137615,19.243
137616,17.971
137617,15.6321173447305
137618,14.856
137619,16.752
137620,15.561
137621,16.5189338453703
137622,14.696
137623,16.476
137624,16.2426476109186
137625,16.7382051732115
137626,16.289
137627,17.672
137628,16.254
137629,17.7996377306145
137630,17.531079397849
137631,18.637
137632,17.902
137633,18.897
137634,18.607
137635,19.811
137636,18.773
137637,19.844
137638,20.092
137639,20.4031890155799
137640,20.054
137641,20.492
137642,21.52
137643,21.177
137644,21.36
137645,22.288
137646,21.634
137647,22.582
137648,22.561
137649,22.3554700733938
137650,20.664
137651,21.4244800757606
137652,22.262832810987
137653,24.926
137654,23.8748321043133
137655,23.229
137656,22.3846835974739
137657,22.575
137658,24.114
137659,27.2617521369453
137660,27.729196453147
137661,26.001
137662,25.723082875448
137663,25.931
137664,26.649
137665,31.669
137666,29.3228791910573
137667,29.163
137668,29.009
137669,28.91
137670,29.711
137671,54.3996315602245
137672,39.4474991279451
137673,37.6919248039428
137674,31.3052035277919
137675,37.648
137676,40.5793837084217
137677,82.2501966329274
137678,46.7185853572892
137679,44.9776335053478
137680,31.5423494531032
137681,37.3429165161779
137682,46.999
137683,44.0848884667483
137684,29.219
137685,26.5726084269951
137686,23.9909593406988
137687,27.077
137688,28.7290203298112
137689,41.436
137690,25.642
137691,26.365
137692,23.005
137693,25.479
137694,26.965
137695,30.911
137696,24.439
137697,24.7902477160056
137698,21.701
137699,22.904
137700,24.875
137701,30.0069858585087
137702,22.869
137703,23.0913134010113
137704,21.941
137705,21.219
137706,23.263
137707,33.038
137708,20.0457080020111
137709,21.7332915757324
137710,20.7120762256424
137711,20.2257240182499
137712,20.254
137713,30.2806863089046
137714,19.614
137715,21.408
137716,21.118
137717,20.899
137718,19.7631522841983
137719,33.575220902595
137720,19.266
137721,22.175
137722,21.046
137723,21.003
137724,19.47
137725,29.859
137726,21.595
137727,22.371297474611
137728,21.555
137729,22.152
137730,20.125
137731,30.4608029271181
137732,21.604
137733,23.051
137734,22.051
137735,23.032
137736,22.341
137737,33.0633355920642
137738,23.133
137739,24.017
137740,23.707
137741,23.994
137742,22.866
137743,36.1475417235545
137744,24.4832750324061
137745,25.961
137746,25.2298686078642
137747,25.155987657588
137748,24.234
137749,37.6324067641955
137750,26.1139798687579
137751,27.101
137752,26.168
137753,26.135
137754,26.877
137755,23.899
137756,22.592
137757,22.346
137758,21.888
137759,21.736
137760,22.08
137761,21.8037225578028
137762,21.016416785506
137763,20.376
137764,19.768
137765,20.166
137766,21.085
137767,22.939
137768,20.997
137769,20.592
137770,19.8207341675161
137771,21.016
137772,20.984
137773,22.96
137774,20.902
137775,20.692
137776,19.9182964558077
137777,20.7375056070414
137778,21.043
137779,23.117
137780,21.262
137781,21.5
137782,21.166
137783,21.3302684681612
137784,21.329
137785,25.2199010626309
137786,22.8928338992599
137787,23.158
137788,22.8029740969739
137789,23.153
137790,22.8922000191858
137791,28.18
137792,24.882
137793,25.401
137794,24.703
137795,25.5429261826449
137796,25.19
137797,29.4176807777683
137798,27.5494871959294
137799,27.904
137800,27.2585418277254
137801,28.211
137802,27.4922662749287
137803,31.464228293363
137804,29.333
137805,30.083
137806,29.3166739098898
137807,31.024
137808,30.056
137809,37.774
137810,33.121
137811,35.1537505682151
137812,33.840070798445
137813,32.041
137814,33.153870712329
137815,68.2696296480134
137816,43.2003476422354
137817,43.0463719944963
137818,41.923476754226
137819,41.5717765417746
137820,42.0830427698364
137821,77.8473445076469
137822,49.5363940008906
137823,48.212
137824,44.2164599172419
137825,44.1741146136721
137826,47.5125495791598
137827,59.8867521963751
137828,31.6761147957693
137829,38.6021014439336
137830,35.4022184142926
137831,35.765
137832,32.136783297229
137833,48.4725174334408
137834,26.1629843090631
137835,29.389
137836,23.234
137837,26.152
137838,29.075
137839,42.054
137840,25.1599477886481
137841,27.422
137842,23.373
137843,24.948
137844,28.0981235000031
137845,39.4884615780055
137846,23.793
137847,25.226
137848,23.25
137849,24.371
137850,25.294
137851,34.9272921824848
137852,24.4221931509952
137853,24.965
137854,22.937
137855,23.2724514058229
137856,23.9597534593241
137857,30.544
137858,24.621
137859,24.9155561411929
137860,22.926
137861,24.045
137862,24.266
137863,35.084
137864,23.653
137865,23.742
137866,23.323
137867,23.826
137868,23.496
137869,41.1461544637312
137870,24.6883261974979
137871,23.463
137872,24.038
137873,24.065
137874,23.483
137875,42.289
137876,24.8415052707555
137877,24.079
137878,23.79
137879,23.539
137880,24.0857026044693
137881,44.242307254895
137882,24.977
137883,25.023856665881
137884,25.17
137885,25.3188547558093
137886,24.685
137887,45.0455825237468
137888,25.809
137889,26.071
137890,25.864
137891,26.236
137892,25.708
137893,48.126026407633
137894,27.25
137895,27.056
137896,26.621
137897,27.075
137898,27.408
137899,28.659
137900,23.178
137901,23.217
137902,23.199
137903,23.43
137904,23.2733239000167
137905,21.6896687258764
137906,19.908
137907,19.845
137908,20.318
137909,19.9687026859178
137910,20.037
137911,21.0155798749183
137912,19.729
137913,19.467
137914,19.718
137915,19.678
137916,19.849
137917,19.8037064164124
137918,18.8349024822101
137919,19.186
137920,19.2302144411233
137921,19.435
137922,19.333
137923,20.942
137924,20.304
137925,21.353
137926,21.26
137927,21.287
137928,20.471
137929,23.208
137930,22.89
137931,23.236
137932,22.888
137933,23.113
137934,22.786
137935,25.8379451136903
137936,24.977
137937,25
137938,24.5703221037802
137939,25.111
137940,24.772
137941,27.734911973365
137942,27.03
137943,27.138
137944,25.718
137945,26.111
137946,27.057
137947,29.208
137948,28.6419584049226
137949,28.818
137950,27.085
137951,27.422
137952,28.634
137953,33.8676660350505
137954,31.966
137955,33.1835340522359
137956,31.3733626831179
137957,32.0674631997791
137958,31.796
137959,59.4784507850438
137960,42.819
137961,49.121260359842
137962,41.961
137963,41.4535971535838
137964,42.9050675943988
137965,173.886116519091
137966,77.0997438017964
137967,80.9027146683987
137968,75.3116275711179
137969,72.9604073273656
137970,77.2365150458111
137971,66.3358072439349
137972,30.5465284926108
137973,28.08
137974,33.12
137975,38.353
137976,32.4617691754351
137977,39.167
137978,25.148
137979,25.86
137980,23.477
137981,33.058
137982,26.725
137983,32.963
137984,24.0878227211537
137985,24.0129259472953
137986,22.614
137987,23.5977853322535
137988,24.621
137989,28.6
137990,21.465
137991,22.01
137992,22.624
137993,21.728
137994,21.624
137995,31.57
137996,20.68
137997,20.988
137998,22.948
137999,22.211
138000,20.737
138001,28.9404399362853
138002,20.233
138003,21.7382909896714
138004,21.465
138005,21.228
138006,20.6121469979487
138007,24.894
138008,19.498
138009,21.498
138010,21.281
138011,21.142
138012,19.325
138013,23.9024293422034
138014,20.476
138015,21.6796098809663
138016,21.219
138017,21.0666278561683
138018,20.2003640666867
138019,24.815
138020,21.848
138021,22.636
138022,21.745
138023,21.855
138024,21.0279846643616
138025,25.76
138026,21.746
138027,23.336
138028,22.392
138029,22.136
138030,21.9678118584322
138031,28.359157139042
138032,23.7490736192496
138033,25.094
138034,24.168
138035,23.932
138036,23.822769750078
138037,29.0153831114258
138038,25.4822170650504
138039,26.0264991616674
138040,25.116
138041,24.8890635123642
138042,25.483
138043,20.0735672970794
138044,20.212
138045,20.1748936943156
138046,19.849
138047,20.037
138048,20.133
138049,13.827
138050,14.8308936345983
138051,15.6516701707251
138052,15.578
138053,16.0234354754163
138054,14.759
138055,14.5226218303238
138056,15.19
138057,16.157
138058,15.8329260145574
138059,16.5029593809304
138060,15.3605458916178
138061,16.712
138062,17.334
138063,18.1431590470863
138064,18.162
138065,18.206
138066,17.61
138067,19.556
138068,20.477
138069,21.0411524436887
138070,21.499531727539
138071,21.648
138072,20.554
138073,22.3659410131237
138074,23.2257912696041
138075,23.173
138076,23.188
138077,23.5953243706894
138078,23.227
138079,25.4419331519959
138080,25.9122654941759
138081,25.849
138082,25.748
138083,26.2721957077117
138084,25.99
138085,27.583
138086,27.627
138087,27.566
138088,27.2138308396679
138089,28.1112436650319
138090,28.194
138091,29.179
138092,29.112
138093,29.1663467712905
138094,28.7447127190411
138095,29.5
138096,29.246
138097,35.1
138098,34.2397333843051
138099,32.816
138100,30.421
138101,31.4000529807939
138102,33.764
138103,71.9777064113107
138104,46.175756540821
138105,47.1733758116525
138106,41.199
138107,41.504
138108,45.1660829960578
138109,223.164975486643
138110,82.3679428945623
138111,80.7312351945107
138112,75.5439718714217
138113,74.7659621200078
138114,85.4805503160741
138115,66.724
138116,25.74
138117,36.0864609507386
138118,35.515
138119,35.292
138120,25.118
138121,32.9263855441363
138122,22.419
138123,26.926
138124,22.963
138125,29.201
138126,23.308
138127,29.299
138128,21.735
138129,23.35
138130,21.940206935143
138131,22.553
138132,21.269
138133,26.579
138134,19.72
138135,20.793
138136,20.93
138137,20.523
138138,19.915
138139,23.9
138140,18.384
138141,19.273
138142,17.91
138143,18.432606221519
138144,17.237
138145,22.679
138146,18.004
138147,19.897
138148,19.315
138149,17.8199379361803
138150,16.698
138151,22.837
138152,18.89
138153,20.529
138154,20.226
138155,18.68
138156,18.33
138157,23.199
138158,18.886
138159,20.276
138160,20.6282398381245
138161,19.064
138162,18.318
138163,23.914
138164,20.64
138165,20.8403869514012
138166,20.844
138167,20.712
138168,19.598
138169,25.0879257136133
138170,21.495
138171,22.09
138172,21.8251141531393
138173,21.912
138174,20.567
138175,28.292
138176,23.7908104867203
138177,23.873
138178,23.612
138179,23.345
138180,22.828
138181,30.966
138182,24.718
138183,25.763
138184,25.5421982920138
138185,25.525
138186,24.687
138187,21.845
138188,20.1279878303165
138189,20.839
138190,20.472
138191,20.519
138192,18.49
138193,16.6828310915096
138194,16.244
138195,17.6032239055518
138196,17.3287901610339
138197,17.684
138198,16.4677305605562
138199,17.611
138200,16.7
138201,17.7415373199565
138202,17.3116249682039
138203,17.9076711799204
138204,16.929
138205,18.809
138206,18.057
138207,19.0025334688632
138208,18.835
138209,18.921
138210,18.1251674605791
138211,22.727
138212,21.576
138213,22.11
138214,22.245
138215,22.467290580691
138216,21.6772885214356
138217,25.5
138218,23.999992166078
138219,24.456
138220,24.245
138221,24.852
138222,24.251
138223,26.7649109499983
138224,26.099
138225,26.6941595968916
138226,25.506
138227,27.133
138228,26.179
138229,27.1099601776719
138230,26.493
138231,27.511
138232,26.120186762116
138233,27.0609180504987
138234,26.7887232781121
138235,25.0129378813915
138236,27.9506137614178
138237,29.1177016999339
138238,26.4367695034878
138239,28.4243351711177
138240,27.924
138241,33.18
138242,30.379
138243,32.0841277319693
138244,28.582
138245,31.137
138246,30.6255927274182
138247,49.876
138248,33.4648117066009
138249,41.9750946175162
138250,40.172
138251,40.22
138252,35.117003909221
138253,59.4077845498958
138254,35.836365835723
138255,36.823
138256,27.2461392117227
138257,45.078100344569
138258,33.7328931699184
138259,34.402
138260,24.3611682842116
138261,26.735
138262,22.289
138263,24.509
138264,24.828
138265,31.744
138266,22.92
138267,25.3833392508551
138268,22.912
138269,23.676
138270,23.127
138271,30.7028619291589
138272,20.7032103449636
138273,23.974
138274,21.744
138275,22.939
138276,21.968
138277,26.807
138278,19.4078448753377
138279,22.605
138280,21.4429963720826
138281,21.307
138282,18.3484464092239
138283,27.187
138284,18.433
138285,20.514
138286,20.506
138287,19.312
138288,18.228
138289,23.065
138290,18.2187092793403
138291,20.443
138292,20.487
138293,18.396
138294,17.9987415027631
138295,25.08
138296,19.2876452322739
138297,20.682
138298,20.869
138299,20.782
138300,18.492
138301,27.014
138302,19.886
138303,21.12
138304,21.134
138305,20.96
138306,18.937
138307,29.846
138308,20.2362634740271
138309,22.161
138310,21.994
138311,22.0840181775903
138312,20.186
138313,31.325
138314,22.361479540856
138315,22.847
138316,22.636
138317,22.733
138318,21.604
138319,40.3909610940076
138320,24.517
138321,25.207
138322,24.884
138323,24.865
138324,23.7427171319468
138325,44.3230652364281
138326,26.45
138327,27.0055468909661
138328,26.0561835294554
138329,26.003
138330,26.654
138331,24.884
138332,21.389
138333,21.68
138334,20.9388188936197
138335,21.112
138336,21.502
138337,18.284
138338,17.4435593316362
138339,18.1965270203753
138340,17.567
138341,18.128
138342,17.622
138343,18.7394879668617
138344,17.6606511606202
138345,18.489
138346,17.839
138347,18.358
138348,17.81
138349,19.123
138350,18.1
138351,19.329
138352,18.86
138353,19.058
138354,18.2182978050708
138355,21.277
138356,20.594
138357,21.398
138358,21.002
138359,21.0476161001088
138360,20.752
138361,24.627
138362,23.849
138363,24.114
138364,23.69
138365,24.174
138366,23.973
138367,26.853
138368,25.863
138369,25.53
138370,26.098
138371,26.903
138372,26.6465258153231
138373,26.787
138374,26.432
138375,26.974
138376,27.081
138377,27.995
138378,26.869
138379,29.459
138380,27.053
138381,25.5744347218087
138382,28.563
138383,27.9608295823238
138384,27.151
138385,26.5611399328714
138386,25.9212539631042
138387,28.917
138388,29.322
138389,31.1226059552028
138390,24.815
138391,48.7733073114458
138392,29.415
138393,35.465
138394,21.257
138395,23.156
138396,28.721
138397,82.9809010268642
138398,31.8040783722859
138399,27.2406519796763
138400,38.67
138401,41.1172948329317
138402,35.4379078745754
138403,39.623
138404,23.431
138405,25.7501553341777
138406,23.1291097994884
138407,23.299914352924
138408,24.228
138409,32.8455537073313
138410,21.938
138411,27.528
138412,26.467403757762
138413,25.743
138414,21.9514694489368
138415,27.9106800157128
138416,19.480331469433
138417,24.9104864426342
138418,23.548
138419,23.966
138420,19.88
138421,23.6820404540274
138422,18.044018112859
138423,23.414
138424,22.131
138425,22.49
138426,16.554
138427,22.547
138428,16.5699072823772
138429,20.8853718819526
138430,20.855
138431,21.4366369206728
138432,17.4869366079389
138433,22.5427535494668
138434,16.9414965600598
138435,21.4408021503543
138436,20.657
138437,20.66
138438,16.7597201616812
138439,21.8327882155087
138440,16.444251297673
138441,20.72
138442,20.254
138443,20.212
138444,15.64
138445,22.026
138446,16.4599085060688
138447,20.713
138448,20.244
138449,20.3479625590185
138450,15.860023762414
138451,23.071385175622
138452,16.932
138453,20.806
138454,20.276
138455,20.539
138456,17.2305164530186
138457,24.1435203162882
138458,18.041
138459,20.973
138460,20.6306637061092
138461,20.975
138462,18.155
138463,24.806
138464,18.768
138465,21.347
138466,20.9458454044295
138467,21.4947680118894
138468,18.7957877442709
138469,27.053
138470,21.389
138471,23.186
138472,22.528
138473,22.9160084937656
138474,21.286
138475,18.155
138476,16.7496920920207
138477,17.878
138478,17.396
138479,17.8135796010058
138480,16.585
138481,10.931000256327
138482,13.162
138483,14.8249747324334
138484,14.824
138485,15.547
138486,12.7724020645523
138487,7.29137683650568
138488,12.034
138489,14.4437883342121
138490,14.653
138491,15.723
138492,12.052
138493,1.08158717324777
138494,12.318
138495,15.467
138496,16.288
138497,16.9
138498,12.655
138499,-0.062
138500,14.423
138501,16.943
138502,18.42
138503,18.344
138504,15.264
138505,0.039
138506,16.233
138507,17.823
138508,17.555
138509,19.978835583543
138510,16.2631056374564
138511,1.29833096171662
138512,15.9362466898738
138513,19.198
138514,19.105
138515,20.45
138516,17.493
138517,3.36730044990453
138518,15.518
138519,19.515
138520,19.4872381586884
138521,20.9999619860108
138522,16.4259890580289
138523,2.175
138524,14.4744519417528
138525,20.785
138526,19.6752083625785
138527,20.364
138528,15.044
138529,4.878
138530,15.7095812120312
138531,22.676
138532,20.84
138533,22.363
138534,16.4347794162872
138535,20.858
138536,21.152
138537,28.322
138538,19.897
138539,19.796
138540,20.1422607274954
138541,31.4463501763995
138542,25.375
138543,33.0703892940413
138544,23.761
138545,25.925
138546,24.414
138547,24.907
138548,21.0306536566958
138549,24.72
138550,20.8789762756426
138551,20.861
138552,20.4713402010193
138553,20.99
138554,16.9328654951904
138555,21.214
138556,19.94
138557,19.448
138558,18.54
138559,19.699
138560,14.438
138561,20.8754715350475
138562,19.098
138563,18.413
138564,16.975
138565,18.025
138566,12.521
138567,20.0036904417809
138568,19.848
138569,19.7028260970452
138570,12.7505063356985
138571,17.687
138572,5.92850470401344
138573,19.294
138574,16.952
138575,17.23
138576,5.74833602655953
138577,18.13
138578,5.55404788122858
138579,18.821
138580,18.88
138581,17.648
138582,4.93641382884599
138583,16.972
138584,5.17266310621506
138585,17.793
138586,17.923
138587,17.5313319218559
138588,4.036
138589,16.843
138590,8.27
138591,18.414
138592,17.8978510008237
138593,18.644
138594,4.42435780355025
138595,16.494
138596,9.979
138597,18.589
138598,18.738
138599,18.9261274866244
138600,6.97025858263285
138601,16.516
138602,11.7056246014382
138603,18.552
138604,18.693
138605,18.832
138606,11.5409485916126
138607,16.782
138608,12.883
138609,18.708
138610,18.687
138611,18.971
138612,12.402
138613,18.392
138614,14.995
138615,20.218
138616,19.975
138617,20.287
138618,14.758
138619,10.068
138620,7.6788658310351
138621,16.521
138622,16.357
138623,16.9064721292869
138624,6.25129766887191
138625,-0.867
138626,-1.12740941474433
138627,11.1480043711306
138628,11.6571111590672
138629,12.4764938201168
138630,-1.913
138631,-4.79794651770989
138632,-4.72138347399241
138633,12.625
138634,13.516
138635,14.904
138636,-4.87077543376973
138637,-3.21426398102701
138638,-4.3174072021299
138639,15.815
138640,16.4737943775587
138641,17.636
138642,-3.89472135566617
138643,-0.002
138644,-2.104
138645,17.598
138646,18.687
138647,19.456
138648,-2.316
138649,5.94484663574726
138650,0.157580984734295
138651,19.297
138652,19.443
138653,20.504
138654,-0.087
138655,14.983
138656,5.48094199178906
138657,20.866
138658,20.759
138659,21.4199882600697
138660,5.43479955186406
138661,18.518
138662,7.305
138663,21.445
138664,21.4382615396999
138665,22
138666,9.877
138667,20.6132948608311
138668,10.8504341557232
138669,23.1295523433315
138670,23.003
138671,23.702
138672,11.119
138673,23.7698697330111
138674,12.389
138675,25.23
138676,24.948
138677,25.594
138678,12.548
138679,33.8875479058367
138680,19.779
138681,34.827
138682,32.3254350261224
138683,35.0328016535854
138684,20.049
138685,36.187
138686,20.6495140178005
138687,38.2806652155259
138688,35.787
138689,39.0651573024238
138690,20.381
138691,25.724
138692,20.481
138693,24.216
138694,21.469
138695,23.518
138696,21.134
138697,22.5934933828706
138698,18.342
138699,22.968
138700,20.058
138701,21.552
138702,19.389
138703,22.089
138704,16.269
138705,21.822
138706,19.222
138707,19.556
138708,16.634
138709,20.945
138710,13.926
138711,20.138
138712,18.931
138713,17.69
138714,13.802
138715,19.8171206436768
138716,13.2040561759161
138717,20.097
138718,16.369
138719,17.983
138720,12.0633659293366
138721,19.196
138722,13.254
138723,19.452
138724,18.445
138725,17.4218064506384
138726,10.8846294237339
138727,19.321
138728,13.932
138729,19.615
138730,19.136
138731,17.676
138732,12.701
138733,19.212
138734,16.674
138735,19.774
138736,18.922
138737,18.594793082938
138738,14.669
138739,20.567
138740,18.643
138741,20.403
138742,19.646
138743,19.462
138744,17.229
138745,23.14
138746,20.6834113514767
138747,21.499
138748,20.621
138749,20.242
138750,20.097
138751,25.75
138752,22.391
138753,23.013
138754,21.8983388874624
138755,21.536
138756,22.6112707721988
138757,27.0794577744702
138758,25.1072490802534
138759,24.915
138760,23.9052478156236
138761,23.643
138762,25.124
138763,20.304
138764,21.335
138765,21.225
138766,20.609
138767,20.681
138768,21.337
138769,14.356343584165
138770,17.6974822784541
138771,18.157
138772,17.436
138773,18.002
138774,17.635935444301
138775,14.8624241343453
138776,17.408
138777,18.307
138778,17.733
138779,18.1477171068722
138780,17.383
138781,14.7322405127221
138782,17.398
138783,19.1452236861218
138784,18.857
138785,19.0496149666645
138786,17.684
138787,18.752
138788,19.71
138789,21.0121941604834
138790,20.654
138791,21.53
138792,19.674
138793,21.0300712305904
138794,22.5906909344043
138795,23.167
138796,23.154
138797,23.4
138798,22.611
138799,26.5893685876642
138800,24.8548569529252
138801,25.4482516836603
138802,25.426
138803,25.978
138804,25.009
138805,24.749
138806,26.891
138807,27.622
138808,27.6284948781355
138809,28.2038819683161
138810,26.987
138811,25.23
138812,27.497
138813,29.593
138814,30.548
138815,29.8940338378586
138816,28.9868054097332
138817,28.789
138818,30.375
138819,34.0236234886868
138820,26.482
138821,32.9207347641282
138822,30.029
138823,48.767
138824,44.9001262655899
138825,39.119108223716
138826,40.7695047844212
138827,46.2776073262124
138828,34.845
138829,51.9591402433242
138830,44.0449178723819
138831,29.872
138832,45.1053085394723
138833,43.945900432242
138834,45.5173967111121
138835,36.2209035191693
138836,29.587
138837,34.3794748980286
138838,23.412
138839,23.93447270403
138840,35.512
138841,32.0595426817269
138842,26.481
138843,30.083
138844,20.212
138845,21.147
138846,27.101
138847,30.301
138848,23.8637068899595
138849,26.237
138850,22.716
138851,20.763
138852,25.114
138853,29.187
138854,22.4176366424195
138855,24.456
138856,22.2553601883146
138857,21.732
138858,21.786996304407
138859,25.272
138860,20.201
138861,22.385
138862,20.982
138863,20.421
138864,20.831
138865,26.291
138866,21.6480612885928
138867,22.301
138868,21.0839531647516
138869,20.827
138870,19.9342801384626
138871,27.3746174895663
138872,22.854
138873,23.073
138874,22.123
138875,20.578
138876,19.851
138877,28.393
138878,22.499
138879,23.32
138880,21.846
138881,22.491
138882,20.867
138883,29.434
138884,21.0199031139285
138885,23.551
138886,22.0341453898889
138887,22.323
138888,22.977
138889,34.5974588440347
138890,21.778
138891,24.4754603262761
138892,22.707
138893,23.018
138894,23.826
138895,36.373
138896,22.681
138897,25.966
138898,24.866
138899,24.077
138900,22.603
138901,38.144200086418
138902,22.615
138903,26.58
138904,26.0165202685942
138905,25.889
138906,24.187
138907,26.6421754776611
138908,19.702
138909,23.228
138910,22.822
138911,22.321
138912,19.684
138913,22.191
138914,15.601
138915,20.407
138916,20.794
138917,20.81
138918,15.523
138919,22.837
138920,16.688
138921,20.742146541837
138922,21.088
138923,20.721
138924,16.324
138925,23.274
138926,21.168
138927,21.865
138928,19.773
138929,21.5583631164134
138930,20.3376254466999
138931,22.761
138932,22.7424743007974
138933,23.735
138934,23.723
138935,23.467
138936,22.882
138937,23.92
138938,23.958
138939,26.5120957635345
138940,25.61
138941,26.1988502986779
138942,23.86364547134
138943,24.6657020292297
138944,26.804
138945,28.094
138946,27.828
138947,28.184
138948,26.911
138949,24.1722826483757
138950,29.219
138951,25.331
138952,30.725897196882
138953,30.8331529929246
138954,29.4659465450629
138955,19.219
138956,31.4353513489451
138957,26.4490832677094
138958,31.0382804271174
138959,32.414
138960,30.551
138961,35.3058933902796
138962,36.8950177878352
138963,37.2500085426187
138964,36.453
138965,37.7992882322251
138966,36.278998269434
138967,49.4002895810188
138968,44.3399593446502
138969,43.4155264934726
138970,29.008
138971,44.6614224190538
138972,41.628693897087
138973,63.6412052726719
138974,44.9297508982657
138975,43.0439829552381
138976,17.859
138977,21.5575257954795
138978,44.180010322157
138979,52.1463897818711
138980,34.537
138981,35.2817928684347
138982,23.071
138983,25.775
138984,31.007
138985,37.407
138986,28.04
138987,31.311
138988,23.5901396425079
138989,26.62
138990,27.905
138991,32.762
138992,24.356
138993,28.6416413802599
138994,23.095
138995,25.67
138996,24.8481578639832
138997,29.1618640075087
138998,23.091
138999,26.6916218047863
139000,23.395
139001,24.655
139002,23.614
139003,36.99
139004,23.715
139005,26.819
139006,25.297
139007,25.4751843855043
139008,23.759
139009,35.6
139010,22.298
139011,25.9788329040802
139012,25.082
139013,25.257
139014,22.832
139015,36.061
139016,23.75
139017,25.909
139018,25.0138022435714
139019,25.587
139020,23.082
139021,36.1401858815551
139022,24.8216281299494
139023,25.738
139024,24.8267416510134
139025,25.351
139026,24.4384294358147
139027,35.166
139028,24.8328474410366
139029,25.36
139030,24.908
139031,24.9347919666124
139032,24.868
139033,30.901
139034,24.668072019181
139035,25.6635175976591
139036,24.474
139037,25.41
139038,24.324
139039,31.9203874950377
139040,26.401
139041,26.154
139042,25.708
139043,26.1391501472894
139044,25.36
139045,32.9627818086392
139046,27.849
139047,26.932
139048,26.3836587357027
139049,26.625
139050,26.7257934438758
139051,23.6393410513541
139052,24.005
139053,23.091
139054,22.5088326137669
139055,22.95
139056,24.105
139057,19.448
139058,21.335
139059,21.143
139060,21.1485758966917
139061,21.113
139062,21.19
139063,20.821
139064,20.479
139065,20.3145671143014
139066,19.306
139067,20.657
139068,20.493
139069,21.379
139070,21.228
139071,19.947
139072,21.066
139073,21.325
139074,21.606
139075,23.698
139076,23.261
139077,22.062
139078,22.3926682324869
139079,21.744
139080,23.106
139081,25.5312156288872
139082,24.112
139083,24.606
139084,23.447
139085,22.889
139086,24.93
139087,28.653
139088,26.296397928183
139089,26.707
139090,26.862
139091,26.901
139092,26.6285308643158
139093,29.22
139094,28.0994168007746
139095,28.5623268196423
139096,29.101752912499
139097,28.8336217681713
139098,28.067
139099,31.826
139100,30.927140453942
139101,31.6325228145755
139102,18.1258921989897
139103,27.35
139104,30.5023108968573
139105,35.014
139106,37.5758781916454
139107,36.701
139108,19
139109,20.961
139110,36.7942559948982
139111,49.1795696838142
139112,46.278
139113,43.326
139114,39.368036403416
139115,27.894
139116,45.5075107312737
139117,55.118683012022
139118,47.1382429815723
139119,45.4929654094571
139120,33.3434786882229
139121,40.635
139122,47.7721870346707
139123,39.82
139124,37.3528373420026
139125,35.3729638455987
139126,34.8853291243647
139127,36.7249005095135
139128,36.9440946849452
139129,34.475
139130,35.4448350812893
139131,32.593
139132,33.9136203071191
139133,34.4888519851972
139134,34.4733804062546
139135,31.516
139136,31.2202058167656
139137,28.3959935083513
139138,29.9877543391787
139139,30.752
139140,30.6605273755942
139141,30.419656875747
139142,26.1648571440498
139143,26.149
139144,26.6720307526025
139145,28.0130722504688
139146,26.9707463200575
139147,29.24
139148,26.097
139149,26.2189416196337
139150,26.22
139151,26.363
139152,26.191
139153,26.472866948324
139154,22.935
139155,23.9238674173461
139156,23.475
139157,24.4888763952129
139158,23.285
139159,27.488
139160,21.768
139161,23.615
139162,23.31
139163,23.764
139164,21.963
139165,28.682
139166,21.5802581465057
139167,23.481
139168,23.19
139169,23.5060786765565
139170,21.941
139171,30.0586241680084
139172,22.2176215898943
139173,23.454
139174,22.889
139175,23.436
139176,21.7629576421299
139177,30.5305626201649
139178,23.679
139179,23.988
139180,23.399
139181,23.947
139182,22.88
139183,33.508
139184,25.598
139185,25.1421170281848
139186,24.2119971166763
139187,25.301
139188,25.365
139189,35.6868723729823
139190,27.139
139191,25.7346742255851
139192,25.392
139193,26.139
139194,26.894
139195,22.8498591243726
139196,22.18
139197,20.0393557935673
139198,21.293
139199,21.705
139200,22.26
139201,17.935
139202,18.12
139203,17.646
139204,18.881
139205,18.557
139206,18.268
139207,18.072
139208,17.778
139209,17.747
139210,18.4799234723604
139211,18.4681773502088
139212,17.9086239190481
139213,17.856
139214,18.1238273326046
139215,18.1716557291698
139216,18.098
139217,18.827
139218,18.023
139219,19.7968304208502
139220,19.589
139221,19.911
139222,20.185
139223,20.322
139224,19.732
139225,21.822
139226,21.695
139227,20.302
139228,21.8433828486122
139229,21.691
139230,21.883280243449
139231,22.219
139232,22.531
139233,20.79
139234,22.1589294276484
139235,22.878
139236,22.8083266905444
139237,22.527
139238,23.6
139239,21.565
139240,22.7432567909813
139241,23.496
139242,23.823
139243,24.287238055065
139244,25.556
139245,24.11
139246,20.257
139247,25.429
139248,25.6558494302313
139249,26.771
139250,29.221
139251,25.2176728468989
139252,25.4225852497353
139253,29.067520262553
139254,29.5253732656721
139255,41.883
139256,40.4158676601528
139257,33.837
139258,37.7327604142798
139259,39.4387587370882
139260,39.7723997696753
139261,51.739
139262,43.036
139263,37.9831689900819
139264,34.9753656901487
139265,36.8377645628243
139266,43.4157109342265
139267,38.465
139268,27.831
139269,30.834
139270,27.488
139271,25.8306493254399
139272,29.368
139273,34.277
139274,25.581
139275,27.6531376042124
139276,24.841
139277,24.72
139278,26.052
139279,30.2502059720501
139280,23.723
139281,25.5578215833696
139282,24.464
139283,23.578
139284,24.989
139285,28.503
139286,21.432
139287,24.518
139288,22.9
139289,22.969
139290,21.555
139291,27.829
139292,19.334
139293,22.5837137159764
139294,22.791
139295,23.241
139296,19.527
139297,25.578905451026
139298,19.986
139299,22.116
139300,22.134
139301,22.4294053409437
139302,19.371
139303,26.4987087388558
139304,20.695
139305,22.1517887291156
139306,21.778
139307,22.211
139308,20.019
139309,23.523
139310,21.394
139311,22.1722743832998
139312,21.637
139313,22.162
139314,20.855
139315,23.8117216126086
139316,21.236
139317,22.491
139318,21.8375766849957
139319,22.393
139320,21.0570623631917
139321,24.3103716009787
139322,21.943
139323,22.758
139324,22.15
139325,22.667
139326,22.21054554753
139327,25.425
139328,23.481
139329,23.707
139330,23.081
139331,23.475
139332,23.545
139333,28.5745375911241
139334,26.008
139335,24.51
139336,23.973
139337,24.598
139338,25.15
139339,20.647
139340,20.530612108225
139341,19.923
139342,19.74
139343,21.195
139344,19.547
139345,16.669
139346,16.8999569216248
139347,17.325
139348,17.351
139349,18.363
139350,16.872
139351,16.382
139352,17.006
139353,17.531
139354,17.203
139355,18.562
139356,16.966
139357,16.7008398913568
139358,16.5844050946493
139359,17.798
139360,17.619
139361,18.6164695433049
139362,16.193
139363,18.23514610044
139364,18.333
139365,18.941
139366,19.042
139367,19.4604824149798
139368,18.082
139369,20.064
139370,20.649
139371,21.566
139372,21.075
139373,21.518
139374,20.714
139375,21.386
139376,22.134
139377,22.835
139378,22.646
139379,22.6748259186257
139380,22.5069123004821
139381,22.4716810869067
139382,22.919
139383,23.609
139384,22.967
139385,24.134
139386,23.035
139387,24.0242237743956
139388,24.492
139389,25.452
139390,23.981
139391,25.319
139392,24.645
139393,29.3065649151043
139394,28.4997354536928
139395,29.305
139396,29.7667067045985
139397,20.822
139398,28.652
139399,49.8706786864922
139400,40.3923890508053
139401,42.5378873091773
139402,34.355
139403,24.584
139404,40.014
139405,59.1350892100534
139406,45.597
139407,44.4386264762789
139408,35.1098937597863
139409,43.4129058412359
139410,43.525
139411,40.7908753390532
139412,28.298
139413,34.407
139414,29.179
139415,34.800926395798
139416,28.0962263221728
139417,46.4384589985596
139418,24.9445569260137
139419,26.826
139420,26.335
139421,27.8098748600969
139422,26.401
139423,32.8832677215628
139424,23.114
139425,25.238
139426,23.573
139427,24.451
139428,24.359
139429,34.777
139430,22.0573756905921
139431,23.08
139432,22.629
139433,21.637
139434,22.3419906968867
139435,32.414
139436,20.982
139437,23.0578818290102
139438,23.8110131511194
139439,23.994
139440,19.838
139441,25.886
139442,19.2741153254892
139443,21.887
139444,22.226
139445,22.377
139446,19.4836194761482
139447,26.5011280610529
139448,19.438
139449,21.6626786574754
139450,21.872
139451,21.9890239600696
139452,19.159
139453,29.27
139454,19.166529783772
139455,21.4821851902523
139456,20.551
139457,22.388
139458,19.3280024432626
139459,29.649
139460,20.128
139461,22.148
139462,22.3481634415547
139463,21.8
139464,19.8575109234238
139465,28.3799876332199
139466,21.2944459063872
139467,22.278
139468,22.327
139469,21.886
139470,20.611
139471,29.91
139472,22.076
139473,22.419
139474,22.8487061482876
139475,22.152
139476,21.112
139477,31.381
139478,23.061
139479,23.71
139480,23.9617182275948
139481,23.436
139482,22.6
139483,21.3231818644088
139484,18.842
139485,19.095
139486,19.959
139487,19.129
139488,18.923
139489,15.18
139490,15.805
139491,15.204
139492,16.2133722303329
139493,15.909
139494,15.056
139495,16.165
139496,13.858
139497,15.722
139498,15.9401579909283
139499,16.369
139500,13.702
139501,11.993
139502,13.749
139503,15.779
139504,16.345
139505,16.736
139506,13.1506407694902
139507,12.1196685372961
139508,16.792
139509,17.9572866638941
139510,18.9516739508285
139511,18.718
139512,16.553
139513,12.9743402723147
139514,17.503
139515,19.019
139516,20.1718490113029
139517,20.527
139518,17.499
139519,11.457
139520,17.381
139521,19.194
139522,20.628
139523,20.893
139524,17.8551773077209
139525,7.06420099131646
139526,16.8766885158938
139527,20.247
139528,20.972
139529,20.854
139530,15.131
139531,6.87584675525421
139532,16.649
139533,22.2621495560759
139534,22.365
139535,22.393
139536,16.9734184006555
139537,13.62
139538,19.2117327831373
139539,24.384
139540,24.322989959432
139541,24.539
139542,14.926
139543,26.3606749901173
139544,22.955
139545,37.322
139546,33.5468433074526
139547,35.4670551566562
139548,23.454
139549,34.874
139550,26.6659230818921
139551,38.2101590124188
139552,38.645
139553,39.2914100441316
139554,28.523210488874
139555,26.476
139556,21.28
139557,22.9951285857119
139558,26.8281938682211
139559,27.049
139560,21.267
139561,25.0805234621333
139562,19.162
139563,20.756
139564,22.483
139565,22.018
139566,18.945
139567,22.066
139568,16
139569,19.564
139570,18.1772754582826
139571,19.4193402873917
139572,16.0159721757107
139573,19.629
139574,13.68
139575,18.395
139576,16.776
139577,18.14
139578,13.5007452957642
139579,16.4322191829192
139580,5.69369300119265
139581,16.168
139582,17.006
139583,15.282
139584,4.93460933908119
139585,15.7620459647463
139586,3.172
139587,15.4315836143209
139588,15.796
139589,10.301
139590,4.94508460892197
139591,15.2899409606146
139592,0.90668099892483
139593,15.036
139594,15.1734768239438
139595,13.265
139596,1.765
139597,14.966
139598,4.325
139599,14.505
139600,15.0892253416998
139601,14.547
139602,3.847
139603,14.5053031496266
139604,4.90024500287375
139605,14.494
139606,14.713
139607,15.036
139608,7.95394659368287
139609,16.408
139610,6.303
139611,15.638
139612,15.6967090172379
139613,15.442
139614,8.84125444795732
139615,17.4554684987931
139616,12.899
139617,17.086
139618,16.492
139619,17.152
139620,13.623
139621,16.103
139622,15.477
139623,18.864
139624,18.288
139625,18.7758163163235
139626,16.4264443344945
139627,11.6964195786774
139628,14.163
139629,15.6291491354361
139630,14.705
139631,14.103
139632,14.503
139633,1.804
139634,4.75269391396391
139635,8.502
139636,8.0983233652128
139637,8.989
139638,2.712
139639,-1.76613152092753
139640,0.066
139641,9.69425074454804
139642,8.21594157948516
139643,9.425
139644,-0.823192381033929
139645,-0.416
139646,-0.932
139647,10.7642462591381
139648,11.0301096045352
139649,9.50316879342307
139650,-2.49672622898919
139651,8.09
139652,3.037
139653,13.964
139654,14.573
139655,15.639
139656,1.471
139657,10.826
139658,7.00708881018543
139659,14.977640900127
139660,16.191
139661,16.5495763928723
139662,9.03576282368735
139663,17.1793404962343
139664,14.0742159112889
139665,18.086
139666,17.907
139667,18.08
139668,13.274
139669,19.227
139670,12.873
139671,19.07
139672,18.758
139673,18.842
139674,11.814
139675,14.539
139676,17.4122118078545
139677,19.433
139678,19.5052564341526
139679,19.963
139680,16.266
139681,24.07
139682,22.9558702436103
139683,21.845
139684,23.1626816033081
139685,23.568
139686,19.8406731561302
139687,51.0791602654221
139688,32.9014774366237
139689,28.4228433232222
139690,32.7619212974343
139691,32.774
139692,27.959
139693,54.2066336469908
139694,36.838
139695,25.4631347980317
139696,31.2380196126978
139697,31.574
139698,27.4963807992601
139699,42.5240805535284
139700,28.585
139701,21.1763139683807
139702,23.202
139703,24.478
139704,24.392
139705,35.465
139706,22.478
139707,20.173
139708,21.36
139709,22.095
139710,22.583
139711,25.028
139712,22.405
139713,19.795
139714,19.035
139715,18.514
139716,23.414
139717,24.029
139718,22.2192629666686
139719,18.076
139720,15.435
139721,16.208
139722,22.082
139723,22.085
139724,15.12
139725,17.702
139726,16.2517143191578
139727,14.808
139728,13.6650174644008
139729,21.2512548330424
139730,11.9850476922116
139731,17.698
139732,15.96
139733,14.4106837514543
139734,15.2354553822181
139735,21.37
139736,11.476
139737,18.077
139738,17.554
139739,16.66
139740,14.423
139741,23.368
139742,9.05760770848587
139743,18.041
139744,17.983
139745,16.879
139746,17.653
139747,23.175
139748,15.4943126641912
139749,18.779
139750,17.9991011037832
139751,16.848
139752,15.642
139753,22.187
139754,18.537
139755,20.248
139756,19.734
139757,17.914
139758,18.7597142984204
139759,23.3765970831563
139760,19.835
139761,21.4852785590433
139762,21.203
139763,20.801
139764,21.027
139765,26.773
139766,24.038
139767,23.581
139768,23.4283342349503
139769,22.7450506592826
139770,24.0190199804179
139771,21.37
139772,20.794
139773,20.748
139774,20.229
139775,20.104
139776,20.9765152087901
139777,16.22
139778,19.0525723573255
139779,18.159
139780,17.597
139781,17.986
139782,19.098
139783,14.612
139784,18.971
139785,19.2821778637959
139786,17.3516926582658
139787,17.5720897387702
139788,19.5155636251575
139789,18.972
139790,20.3313128104542
139791,19.568
139792,18.025
139793,17.8178979692828
139794,20.6956159602437
139795,19.764
139796,21.4912720181227
139797,20.233
139798,18.769
139799,19.332
139800,21.292
139801,21.894
139802,22.758
139803,22.249
139804,20.6874967324877
139805,21.3838968845416
139806,23.238
139807,24.99
139808,24.832
139809,23.942
139810,22.185
139811,22.799
139812,25.055
139813,24.925
139814,24.817
139815,24.235
139816,22.048
139817,21.274
139818,24.776
139819,24.228
139820,25.825
139821,25.194698110566
139822,23.372
139823,23.388
139824,26.007
139825,25.323
139826,28.9127921089411
139827,21.061
139828,23.5739978965471
139829,26.807
139830,28.254
139831,30.099
139832,38.881
139833,30.1494193238798
139834,36.7982751688195
139835,32.5930169382263
139836,39.464
139837,35.9409542074105
139838,37.315
139839,28.418332192121
139840,25.766
139841,36.9068920317484
139842,39.953
139843,29.3417646021216
139844,26.832
139845,24.4495743159356
139846,24.973
139847,21.645
139848,27.0684504693275
139849,24.827
139850,24.621
139851,23.172
139852,22.359
139853,22.151
139854,22.741
139855,21.888
139856,23.364
139857,20.962
139858,21.4920413097034
139859,19.129
139860,21.8254987419247
139861,19.5894946865465
139862,22.031
139863,19.327
139864,18.417
139865,18.698
139866,20.232
139867,21.551
139868,19.718
139869,18.8603902915626
139870,19.2363883482776
139871,17.213
139872,17.088
139873,18.275
139874,16.437
139875,18.971
139876,19.3371061440993
139877,18.2582577032671
139878,15.0346448861203
139879,18.054
139880,17.034
139881,19.107
139882,19.5200019452086
139883,18.3594800795228
139884,16.2562553697924
139885,18.4
139886,18.368
139887,19.737286295333
139888,19.7941465319679
139889,19.402
139890,15.2974828485178
139891,18.603
139892,18.1184440233427
139893,19.98
139894,20.088922692919
139895,20.024
139896,16.6243004242892
139897,19.47
139898,20.1687551288257
139899,21.096
139900,21.3633051660782
139901,21.15
139902,17.649
139903,21.237
139904,22.198
139905,22.683
139906,22.866379141289
139907,22.849
139908,19.9726475540107
139909,23.6664163007572
139910,23.5449887973438
139911,23.9319033475596
139912,23.872
139913,24.188
139914,22.502
139915,19.7909411019226
139916,20.42
139917,20.209
139918,20.441
139919,20.658
139920,19.359
139921,12.626
139922,16.0481299884031
139923,16.562
139924,16.9720286507685
139925,18.3561146992146
139926,15.3840770725966
139927,8.835714643752
139928,14.448
139929,15.336
139930,16.404
139931,17.192
139932,14.537
139933,5.47419900990983
139934,15.364
139935,16.2485669210901
139936,17.655
139937,17.686
139938,15.324
139939,2.89
139940,17.1174569588304
139941,18.358
139942,19.556
139943,19.45
139944,17.169
139945,7.11004452684584
139946,17.998
139947,20.3899185014699
139948,20.926
139949,21.095
139950,17.934
139951,5.7921757735948
139952,19.569
139953,22.0695984761649
139954,22.579
139955,22.519
139956,19.732
139957,10.1646338438965
139958,20.511
139959,22.6360943441301
139960,22.854
139961,23.136
139962,20.359
139963,11.511
139964,22.026
139965,24.3484453235383
139966,24.447
139967,24.728
139968,22.367
139969,16.663
139970,24.015
139971,29.2856211269718
139972,28.771
139973,29.0679676622674
139974,26.777
139975,28.803
139976,37.3491218350752
139977,40.896072982999
139978,38.9670696220409
139979,32.94
139980,35.486325184406
139981,37.9564751770363
139982,36.719712338363
139983,37.7373054789503
139984,39.0327963488294
139985,26.594093503885
139986,36.5090784692003
139987,32.1433553823811
139988,29.23441617599
139989,26.5158155321418
139990,26.642
139991,24.356
139992,26.6649781507511
139993,29.7098600936553
139994,23.24
139995,24.407
139996,23.938
139997,23.8805003238194
139998,24.2590768885598
139999,25.708737315663
140000,20.4399875801487
140001,22.09
140002,21.618
140003,21.038
140004,20.536
140005,23.9342044947616
140006,18.583
140007,21.266388970172
140008,18.801
140009,20.211
140010,18.1739446216244
140011,23.892
140012,18.0779919133831
140013,20.4588198475121
140014,19.09
140015,17.972
140016,18.412
140017,23.4958549527557
140018,17.627232135217
140019,20.492
140020,20.023
140021,19.102
140022,17.937
140023,23.5652327980252
140024,17.324
140025,20.442
140026,20.185
140027,19.5039547503466
140028,17.61
140029,24.571
140030,18.768
140031,20.72
140032,20.289
140033,19.728
140034,18.651
140035,24.6
140036,20.037
140037,21.493
140038,21.011
140039,21.2845504930241
140040,19.784
140041,29.293
140042,21.04
140043,22.563
140044,22.056533510145
140045,22.271
140046,21.2259163589082
140047,31.4188325713089
140048,22.9102153124798
140049,23.844
140050,23.2272320720834
140051,23.2095746922529
140052,22.594
140053,32.833
140054,24.641
140055,25.448
140056,24.8887284054123
140057,24.8050487350208
140058,24.585
140059,19.442
140060,20.532
140061,20.778
140062,20.528
140063,20.6840062794755
140064,20.489
140065,16.014
140066,17.381
140067,17.358
140068,17.4562391016327
140069,17.812
140070,17.1633294464821
140071,12.698
140072,17.037
140073,17.307
140074,17.175
140075,17.746
140076,17.007
140077,8.919
140078,16.778
140079,17.687
140080,17.751
140081,18.0832407405331
140082,16.911
140083,9.72619186487805
140084,18.1234943548428
140085,19.099
140086,19.283370460652
140087,19.427
140088,18.204
140089,14.995
140090,19.79
140091,21.02
140092,21.3584835850813
140093,21.29
140094,20.069
140095,17.044
140096,20.226
140097,21.9768231139911
140098,21.937
140099,22.162
140100,20.487
140101,17.311
140102,21.4347545230071
140103,23.236
140104,23.128
140105,23.372
140106,21.753
140107,16.3639495755477
140108,20.934
140109,23.005
140110,22.8690635603524
140111,23.076
140112,20.9609429236081
140113,19.215
140114,23.463
140115,27.616353696749
140116,26.797
140117,26.589
140118,23.386
140119,33.9591975522658
140120,31.6702687881925
140121,41.436
140122,39.6434895074255
140123,38.397
140124,31.8157973019068
140125,38.58
140126,28.913
140127,36.787
140128,36.9395292987673
140129,37.7144621976075
140130,30.9979956685832
140131,30.917
140132,22.981
140133,24.1011650299203
140134,24.6788465636489
140135,27.758
140136,25.512
140137,25.768
140138,19.907
140139,21.346
140140,19.105454143809
140141,20.552
140142,20.4078095169443
140143,24.372
140144,17.553
140145,20.311
140146,18.2979833282721
140147,18.9580122829752
140148,18.6624358446027
140149,23.2018433840585
140150,15.309
140151,19.9473460793009
140152,17.86
140153,18.177
140154,17.0042867478265
140155,22.91
140156,14.368
140157,18.635
140158,17.2906228998641
140159,15.4168814342562
140160,13.6815600205312
140161,22.8638341098249
140162,14.0557593196504
140163,19.027
140164,18.172
140165,15.283
140166,13.351
140167,22.88
140168,14.057
140169,19.509
140170,18.489
140171,17.0298339403102
140172,13.553
140173,22.83
140174,16.4621324279838
140175,19.323
140176,18.396
140177,17.983
140178,15.769
140179,21.978
140180,18.193
140181,19.82
140182,19.1221291650097
140183,19.02
140184,16.412
140185,22.784
140186,18.960170854776
140187,20.29
140188,20.124
140189,19.973
140190,17.7917119139762
140191,22.9027073801835
140192,20.242
140193,21.790542891586
140194,21.391
140195,21.417
140196,19.156993461044
140197,23.924
140198,21.586
140199,23.26
140200,23.0489962825991
140201,22.797
140202,21.094
140203,17.431
140204,18.548
140205,19.639
140206,19.228
140207,19.325
140208,17.8575208853229
140209,8.83915966962422
140210,14.0415889777401
140211,15.2407613518679
140212,14.7064887741604
140213,14.995
140214,13.33
140215,1.955
140216,13.244
140217,15.3757211974275
140218,14.288
140219,14.911
140220,13.473
140221,-1.47865428180682
140222,12.894
140223,15.276
140224,14.6254138925832
140225,14.9235532249386
140226,13.0209695460134
140227,-1.33915613564744
140228,13.3241916171821
140229,16.483
140230,16.723
140231,16.897
140232,12.4739220348624
140233,0.344
140234,14.8458118234937
140235,18.387
140236,18.882
140237,18.389
140238,15.0892073415514
140239,0.848080873868663
140240,15.093
140241,18.648
140242,19.214
140243,19.496
140244,15.8206190398952
140245,4.5762379507865
140246,14.8192771086421
140247,19.1098150612045
140248,19.298
140249,19.981
140250,16.607
140251,6.49535588743749
140252,18.025
140253,21.121
140254,20.592
140255,21.3748920789432
140256,18.183
140257,12.712
140258,15.328
140259,23.92
140260,22.02
140261,23.491
140262,15.547
140263,23.8627645131808
140264,23.051
140265,27.137
140266,27.836
140267,30.2796083497466
140268,22.375
140269,29.21
140270,24.348
140271,25.932
140272,29.062
140273,31.481
140274,23.232
140275,22.186
140276,17.91
140277,21.115
140278,22.0349172256633
140279,23.878
140280,19.7485207100698
140281,21.805
140282,17.176
140283,20
140284,17.584
140285,19.685
140286,14.438
140287,19.908
140288,13.682
140289,18.825
140290,16.423
140291,17.454
140292,11.087
140293,19.114
140294,8.762
140295,19.498
140296,15.15
140297,14.9443786298169
140298,6.4977018175741
140299,17.492
140300,12.535
140301,17.38
140302,13.415
140303,12.752
140304,7.80951315998616
140305,17.156
140306,13.252
140307,17.68
140308,15.143
140309,16.716
140310,7.17491428922409
140311,18.822
140312,13.964
140313,18.81
140314,16.943
140315,17.011
140316,9.745
140317,18.5471381892262
140318,15.165
140319,19.264
140320,18.391
140321,17.98
140322,13.6801059022232
140323,19.137
140324,16.917
140325,19.62
140326,18.637
140327,18.172
140328,13.625657380553
140329,21.712
140330,18.077
140331,20.223
140332,19.7423225472998
140333,19.0938226771742
140334,15.526
140335,25.2270863881995
140336,19.302
140337,22.413
140338,21.788
140339,21.073
140340,19.646
140341,25.972
140342,22.885
140343,23.879
140344,23.017
140345,22.5677228798093
140346,21.658
140347,21.505
140348,18.889
140349,21.396
140350,20.748
140351,20.729
140352,19.15164948838
140353,16.5430119721327
140354,16.4266193562475
140355,18.016
140356,17.699
140357,17.781
140358,14.3649065547554
140359,18.19
140360,10.183
140361,17.909
140362,17.022
140363,17.206
140364,7.85947279698692
140365,19.161
140366,10.4847237135039
140367,18.561
140368,17.181
140369,17.495
140370,10.9079958718549
140371,21.552
140372,18.414386116131
140373,20.743
140374,19.772
140375,19.764
140376,18.183
140377,23.3669480212079
140378,20.938
140379,22.68
140380,22.309
140381,22.12
140382,21.0699615797305
140383,24.901
140384,22.666
140385,24.644
140386,24.392
140387,24.4952282365117
140388,22.998
140389,26.601
140390,22.625
140391,25.838
140392,25.616523353854
140393,25.977
140394,23.981
140395,27.5962921377622
140396,24.236
140397,26.074
140398,26.131
140399,26.124
140400,22.663
140401,33.1471288115075
140402,28.194
140403,28.6056428817666
140404,28.665
140405,29.0199513175478
140406,25.8339332439604
140407,63.1055096982825
140408,33.4906579392517
140409,31.9869685921678
140410,37.974
140411,38.6596776093315
140412,34.426
140413,49.0093412013306
140414,31.1825628906734
140415,31.4090940182285
140416,34.02
140417,35.425
140418,33.1943437999531
140419,32.886
140420,23.7329998210282
140421,24.1561131537034
140422,26.171
140423,25.8257266026829
140424,23.748
140425,26.1893757285977
140426,20.329
140427,21.778
140428,19.681
140429,22.98
140430,20.3282993171992
140431,24.2940896649713
140432,18.322
140433,20.539
140434,15.6789506019239
140435,17.418
140436,17.516
140437,22.736
140438,14.86
140439,19.928
140440,13.738
140441,15.297
140442,13.871
140443,24.888
140444,11.5025137665886
140445,20.3994698716867
140446,16.327
140447,15.8987358087702
140448,12.1068783094763
140449,21.527
140450,12.868
140451,20.128
140452,19.275
140453,15.516
140454,14.0663955975659
140455,20.905
140456,13.322
140457,20.148
140458,18.9623666422742
140459,16.683
140460,12.5859186683172
140461,21.4620899619533
140462,11.905
140463,20.104432480998
140464,18.97
140465,17.082
140466,10.0416951777544
140467,21.2013649377624
140468,9.14283539759116
140469,19.913
140470,18.646
140471,16.649
140472,9.03805466708086
140473,23.329
140474,11.262
140475,19.8448209080655
140476,18.7585073380456
140477,17.64674539367
140478,11.81
140479,23.51
140480,17.035
140481,20.903
140482,19.2039275758105
140483,18.653
140484,14.849
140485,34.4934470069669
140486,20.564
140487,21.7251443662953
140488,20.971
140489,22.2668639049542
140490,18.683
140491,26.419
140492,13.88
140493,21.023
140494,19.1918340335296
140495,20.014
140496,14.11
140497,20.9051365448921
140498,13.0120813039703
140499,19.545
140500,17.806
140501,19.233
140502,12.8523782132046
140503,21.057
140504,18.982
140505,18.358
140506,17.4418218147802
140507,19.211
140508,19.1434160833864
140509,18.7484056638816
140510,15.322
140511,18.784
140512,17.627
140513,18.33
140514,16.621
140515,8.76198813012645
140516,17.508
140517,19.1367091169522
140518,18.921593768158
140519,19.0882909561501
140520,17.593
140521,1.181595774318
140522,17.3864477771443
140523,19.079
140524,18.8919063460642
140525,20.374
140526,17.792
140527,0.064
140528,18.739
140529,19.669
140530,20.257
140531,21.066
140532,18.385
140533,0.27
140534,19.061
140535,20.13
140536,20.6554226347547
140537,20.862
140538,19.199
140539,6.411
140540,21.38
140541,21.9773234175108
140542,21.988
140543,22.714
140544,21.565
140545,16.202
140546,24.8845879100188
140547,24.886
140548,23.9275968040905
140549,25.056
140550,25.597
140551,39.7514163466222
140552,27.7089259049704
140553,34.782
140554,33.513423638841
140555,35.1594097026558
140556,30.753
140557,57.0101693103883
140558,35.16
140559,37.1027232346009
140560,34.6960235351438
140561,36.878
140562,28.475
140563,40.2453925735934
140564,24.157
140565,27.926
140566,27.585
140567,29.1267537476875
140568,25.507
140569,37.047
140570,22.163
140571,23.665
140572,25.272
140573,26.3925728473082
140574,22.439
140575,29.676
140576,21.396
140577,20.1278085780846
140578,19.072
140579,22.638791724796
140580,20.59
140581,24.8144595638553
140582,15.663
140583,19.462
140584,20.655
140585,18.843
140586,21.254
140587,22.869
140588,10.89
140589,18.089
140590,18.615
140591,17.436
140592,11.002
140593,20.664
140594,12.0024326976792
140595,17.7639015128047
140596,19.252
140597,19.041
140598,10.0386215385231
140599,21.066
140600,10.395
140601,18.2939242511626
140602,19.459
140603,19.123
140604,9.986
140605,19.814
140606,14.87
140607,19.0728451904411
140608,19.652
140609,19.487
140610,13.1198749397553
140611,18.058
140612,17.337
140613,19.908
140614,19.848
140615,19.875
140616,15.294
140617,18.763
140618,17.605
140619,19.888
140620,19.919
140621,20.367
140622,17.321
140623,19.901
140624,20.746
140625,17.496
140626,20.794
140627,21.12
140628,20.097
140629,24.6157628245387
140630,23.68
140631,16.2108246396596
140632,22.613
140633,22.744
140634,23.2407317749705
140635,17.727
140636,20.2493215569703
140637,11.9444280680514
140638,19.401501239499
140639,19.6946484647114
140640,19.954
140641,7.37777277499521
140642,14.8625718882575
140643,5.31916591132664
140644,15.6295032561901
140645,15.1975925132718
140646,14.9470523980033
140647,4.38966654853479
140648,14.413
140649,2.008
140650,15.0510830258225
140651,11.8020682533026
140652,14.507
140653,12.51
140654,14.144
140655,0.0932008688133446
140656,7.632
140657,4.38842948104877
140658,14.185
140659,13.5202932156957
140660,13.489
140661,0
140662,2.43198544321582
140663,8.45378201053422
140664,13.7981203205728
140665,13.633
140666,12.765
140667,0.0861498841673965
140668,8.865
140669,15.427
140670,13.052
140671,13.89
140672,13.2484492838881
140673,2.596
140674,16.731
140675,17.57
140676,13.65
140677,14.4024391234605
140678,12.7707822856487
140679,8.4964804991214
140680,17.658
140681,19.2404107528101
140682,12.526
140683,14.142
140684,12.3909394026478
140685,13.215
140686,18.278445818172
140687,19.646
140688,13.6
140689,19.6985319022398
140690,17.471
140691,18.2349290210264
140692,21.027
140693,20.768
140694,17.696
140695,44.2059147916412
140696,25.8
140697,30.9119082419754
140698,29.272
140699,29.444
140700,26.6862590018287
140701,47.440841030914
140702,26.733
140703,28.6405516559809
140704,25.698
140705,28.778
140706,26.9057540339429
140707,27.324
140708,19.818
140709,19.8434302116918
140710,16.3652878475581
140711,19.397
140712,19.285
140713,21.892
140714,15.461
140715,17.237
140716,13.491
140717,14.1754747477429
140718,14.801
140719,19.412
140720,8.89681194091014
140721,16.022
140722,15.0063499383667
140723,13.727
140724,10.874
140725,14.626117115164
140726,5.67275708552544
140727,14.8904865787643
140728,15.175
140729,12.099
140730,2.39786346604663
140731,15.062
140732,0.421
140733,18.99
140734,14.422
140735,14.1890835343525
140736,0.123
140737,13.488
140738,-0.468583048202276
140739,17.967
140740,15.871
140741,16.274
140742,-0.072
140743,12.601
140744,-0.896709798912909
140745,18.089
140746,16.698
140747,18.046
140748,0.635937491232575
140749,12.533
140750,-1.17275566480726
140751,17.688
140752,16.278
140753,17.85
140754,-0.371508784100548
140755,12.6775923923063
140756,-1.107
140757,17.741
140758,17.4098930918283
140759,18.216
140760,-1.25014428224295
140761,13.001
140762,-0.350959950739176
140763,18.234
140764,17.474
140765,18.186
140766,0.024
140767,14.87
140768,0.687172501189081
140769,18.761
140770,18.081
140771,19.046
140772,0.632442772012928
140773,17.087
140774,1.499
140775,20.724
140776,19.512
140777,20.133
140778,2.02850551519015
140779,6.363
140780,-1.341
140781,16.844308340071
140782,16.1331642765439
140783,16.398
140784,-1.522
140785,-2.23164522328158
140786,-7.21597915792575
140787,11.218
140788,14.103
140789,12.7098730493608
140790,-8.57926095795116
140791,-2.29713671869524
140792,-9.40508138857952
140793,11.157
140794,14.781
140795,15.3690392171754
140796,-9.07994537938404
140797,-1.479
140798,-9.89870822266578
140799,13.7980605582656
140800,13.9392574191257
140801,15.3422642226709
140802,-9.94224015484515
140803,7.80567748064442
140804,-8.592266527149
140805,13.6976455593903
140806,15.257
140807,15.966
140808,-9.03325697268543
140809,10.257
140810,-3.60184248240786
140811,14.6609969895868
140812,15.329
140813,17.5949985976487
140814,-4.91794819313719
140815,13.878159489296
140816,-1.576
140817,15.709
140818,17.082748291825
140819,18.761
140820,-2.213
140821,13.4848004833286
140822,2.93279389931553
140823,15.802
140824,17.58
140825,19.152
140826,-0.962257119783675
140827,11.825309291637
140828,11.1736931494029
140829,16.7098105697719
140830,18.842
140831,19.716
140832,4.49530477650316
140833,16.022
140834,22.411
140835,20.8237251671353
140836,22.066
140837,22.108
140838,14.0042616252333
140839,41.7192656708501
140840,19.99
140841,23.988
140842,30.2295640437094
140843,28.203
140844,33.1423565217727
140845,55.0864507528179
140846,19.848
140847,25.646
140848,30.966
140849,28.6780131311303
140850,20.066
140851,39.4576460125196
140852,18.707
140853,23.519
140854,23.2633055796985
140855,23.379
140856,19.149
140857,35.418
140858,16.6195426230947
140859,20.451
140860,20.482
140861,20.5107474463159
140862,15.915
140863,23.7017215133646
140864,14.975
140865,17.969
140866,17.865
140867,18.845
140868,15.202
140869,21.918
140870,12.666371340101
140871,15.2866116084283
140872,15.5656341052435
140873,16.002
140874,12.693
140875,22.728
140876,11.88
140877,13.963
140878,13.967
140879,10.101
140880,10.0227956211722
140881,22.177
140882,8.211
140883,14.3769734185594
140884,14.4828557890003
140885,9.64037209223049
140886,6.41283708796998
140887,28.085
140888,13.453
140889,15.4011783110894
140890,12.9000661684783
140891,8.504
140892,10.634
140893,17.751
140894,15.653
140895,16.5098853022947
140896,13.625
140897,15.32
140898,12.972
140899,16.4792714122737
140900,17.013
140901,16.837
140902,16.1724766965122
140903,15.41
140904,13.557
140905,18.15
140906,19.307
140907,19.735
140908,17.93
140909,14.852
140910,17.9101628879748
140911,18.5199683308251
140912,19.199
140913,19.4111350522314
140914,17.2058026498279
140915,15.623
140916,19.256
140917,19.366
140918,23.0235161385466
140919,21.042
140920,20.021
140921,20.5007666932389
140922,21.713
140923,15.7334207212622
140924,19.01704470012
140925,19.316
140926,19.0486986796595
140927,18.736
140928,18.861
140929,8.25
140930,13.8786414202375
140931,15.3999816417651
140932,13.833
140933,14.7177865209083
140934,14.027
140935,2.72165873404752
140936,14.616
140937,15.861
140938,13.5450438678992
140939,15.374
140940,14.6426642516213
140941,2.36618784310843
140942,14.821
140943,16.703
140944,15.024
140945,16.776
140946,14.669
140947,5.527
140948,15.675
140949,19.543
140950,18.3964351234155
140951,19.105
140952,15.034
140953,9.8809724948487
140954,16.932
140955,20.846
140956,18.954
140957,21.297
140958,15.19
140959,16.2212346331076
140960,19.499
140961,22.22
140962,21.6019167488562
140963,22.417
140964,19.136
140965,19.7360408576301
140966,20.378
140967,23.028
140968,22.177
140969,22.759
140970,20.358
140971,23.14
140972,23.819
140973,24.9361535277508
140974,24.1648316679566
140975,24.4730710242994
140976,23.783
140977,33.23
140978,32.519
140979,25.1868337817337
140980,28.1213012948586
140981,28.865
140982,32.565164281467
140983,70.1125118955653
140984,52.9663196532168
140985,32.4609098469942
140986,43.893107524129
140987,40.386
140988,52.8782772129216
140989,73.3893624395038
140990,46.3036638636306
140991,28.7626862868442
140992,40.6459836632807
140993,38.189041052038
140994,46.1484778826781
140995,44.9190376564777
140996,37.1525957683479
140997,25.191
140998,20.792
140999,28.6248548216683
141000,37.342
141001,39.8053050613696
141002,32.3115227007442
141003,22.9261503663496
141004,22.324
141005,24.1652818049319
141006,32.5802894941836
141007,31.5548163604149
141008,28.0873604796707
141009,21.396
141010,21.673
141011,22.611
141012,28.831
141013,33.6475245337508
141014,22.755
141015,19.793
141016,21.395
141017,20.9282355938054
141018,23.076
141019,26.654
141020,22.282
141021,20.017
141022,20.3784303328381
141023,19.52
141024,22.487
141025,25.658
141026,20.307
141027,18.8708252905544
141028,19.769
141029,19.162
141030,21.377
141031,25.2634350338957
141032,19.8356518045919
141033,18.937
141034,19.633
141035,18.373
141036,19.857
141037,24.6230494380596
141038,18.88
141039,18.268
141040,20.3658085731302
141041,19.572
141042,19.1237883982573
141043,22.964
141044,18.219
141045,17.239890282986
141046,20.3830690753472
141047,20.6404611975708
141048,18.322
141049,22.8619186230346
141050,18.405
141051,18.489
141052,20.438
141053,20.831
141054,18.641
141055,24.013
141056,19.319
141057,19.831
141058,21.134
141059,21.747
141060,18.936
141061,24.716
141062,21.7082251582706
141063,21.1566557229828
141064,22.042
141065,22.654
141066,21.8727480409669
141067,17.4070999644712
141068,17.423
141069,19.242
141070,18.503
141071,19.257
141072,17.6209790888762
141073,11.6637992246849
141074,10.961
141075,14.6100962294517
141076,14.806
141077,15.943
141078,10.393452769076
141079,11.939
141080,11.567
141081,15.248
141082,16.546
141083,16.949
141084,9.15353571909656
141085,5.351
141086,6.79533220971699
141087,14.567
141088,16.871
141089,16.935
141090,7.07410676564548
141091,5.87827251306798
141092,4.54351132549296
141093,15.558
141094,18.879
141095,18.601
141096,6.06101225778877
141097,4.48
141098,8.165
141099,16.257
141100,18.862
141101,18.982481111322
141102,7.37911155461764
141103,13.445
141104,14.0344008447495
141105,17.249
141106,19.392
141107,20.009
141108,14.5901676704596
141109,18.328
141110,17.593
141111,19.63
141112,20.199
141113,21.486
141114,17.64
141115,20.1712994497911
141116,19.595
141117,20.742
141118,21.774
141119,21.341
141120,18.887
141121,28.843
141122,26.0574018277323
141123,25.633
141124,26.869
141125,26.22
141126,25.877
141127,47.8685638131316
141128,35.622
141129,35.2519763843994
141130,36.6084594686509
141131,35.4827440495984
141132,35.0301800249151
141133,44.2557163953226
141134,29.98
141135,29.96
141136,31.4869120544492
141137,32.691
141138,29.1225771779388
141139,27.478
141140,21.984
141141,25.386
141142,21.477434899436
141143,20.589
141144,21.705
141145,23.781
141146,18.601
141147,22.2566478828247
141148,19.114
141149,19.312
141150,17.399
141151,21.2311163574656
141152,14.5039464529575
141153,19.456
141154,17.4044880106121
141155,16.472
141156,13.8245786149149
141157,20.71
141158,14.553
141159,19.637
141160,16.6543161293975
141161,17.5840021089955
141162,13.237
141163,21.344
141164,14.824
141165,20.073
141166,17.869
141167,17.997
141168,14.488
141169,21.679
141170,14.2179309523329
141171,19.924
141172,19.065
141173,18.008
141174,14.3804935008193
141175,20.6521290951023
141176,16.1417950950516
141177,20.128
141178,19.06
141179,18.607457166239
141180,12.977
141181,19.304
141182,19.173
141183,20.403
141184,19.143
141185,18.0508539373478
141186,15.567
141187,20.6006003635802
141188,21.19
141189,20.412
141190,19.764
141191,18.63
141192,19.3833555639265
141193,21.947
141194,21.8615883056466
141195,20.846
141196,19.779
141197,19.676
141198,20.902
141199,23.997
141200,23.005
141201,22.046
141202,20.757
141203,20.7120652961803
141204,21.007
141205,23.9678017013206
141206,23.823
141207,23.709
141208,22.174
141209,23.2399530300324
141210,23.2575959063357
141211,21.5446254274038
141212,22.4365331414136
141213,22.0357754641224
141214,20.705
141215,21.158
141216,21.538
141217,17.026
141218,19.1987415884044
141219,19.559
141220,18.182
141221,18.972
141222,18.194
141223,14.293
141224,18.8921018989736
141225,19.335
141226,18.538
141227,18.168
141228,18.8730107093469
141229,12.1268579656343
141230,18.954
141231,19.101
141232,18.6758099545691
141233,18.216
141234,18.648
141235,7.87323211021081
141236,19.284
141237,20.008
141238,19.6405627214814
141239,20.112
141240,17.65
141241,4.91224665080561
141242,19.505
141243,20.45
141244,19.413
141245,20.465
141246,18.343
141247,5.04860226935191
141248,20.0821668549041
141249,20.965
141250,20.428
141251,20.958
141252,19.831
141253,7.24152941880556
141254,21.645
141255,23.046
141256,21.108
141257,22.018
141258,21.663
141259,9.678
141260,22.5613176899518
141261,23.282
141262,23.515
141263,22.905
141264,23.017
141265,18.478
141266,27.837165488848
141267,26.6256222154516
141268,26.564
141269,26.5143919879395
141270,27.533
141271,24.003
141272,31.935
141273,30.299
141274,29.8656940374161
141275,30.483194109335
141276,32.2444211190911
141277,24.503
141278,32.7570442739296
141279,26.615
141280,21.738
141281,27.7336203778457
141282,32.575
141283,22.3438343788897
141284,27.3879723789722
141285,22.829
141286,17.609
141287,21.696
141288,23.3903315284926
141289,22.011
141290,20.964
141291,22.172042556808
141292,18.758
141293,19.143
141294,20.952
141295,21.8119417533859
141296,20.831
141297,20.378
141298,16.019
141299,17.6332983842918
141300,18.788
141301,21.196
141302,20.3104468506684
141303,19.926
141304,16.4864840593022
141305,17.903
141306,18.918
141307,20.289
141308,11.752
141309,18.348
141310,17.187
141311,15.352
141312,12.281
141313,21.638
141314,12.575
141315,18.9480113060945
141316,15.9666022141739
141317,15.421
141318,12.0296328469077
141319,24.243
141320,12.829
141321,18.04
141322,18.107
141323,17.2368756320721
141324,10.8341919086509
141325,24.848
141326,20.127
141327,18.8443206056672
141328,17.654
141329,18.006
141330,14.867
141331,22.357
141332,9.782
141333,19.433
141334,17.5209286745476
141335,18.353
141336,20.047
141337,20.16
141338,10.442
141339,19.685
141340,18.692
141341,18.227
141342,10.9845432421723
141343,20.7791122679767
141344,10.203
141345,20.2764561522849
141346,19.857
141347,18.776
141348,11.329
141349,21.738
141350,22.655
141351,21.358382680999
141352,20.894
141353,20.316
141354,16.747
141355,17.448918927991
141356,20.913
141357,19.8708021312861
141358,18.33
141359,18.057
141360,11.7612156365548
141361,14.436
141362,19.5187602330859
141363,19.107
141364,17.8981317025756
141365,18.183
141366,19.916
141367,11.382
141368,17.4349190100725
141369,17.214751126585
141370,14.162
141371,13.6883139085653
141372,17.346804094074
141373,7.858
141374,16.718
141375,16.327
141376,11.693
141377,10.628
141378,17.193
141379,4.60024729264637
141380,16.697
141381,17.4365791421585
141382,12.844723839088
141383,14.563
141384,15.589
141385,4.59
141386,15.793
141387,17.789
141388,14.414
141389,15.1450245321872
141390,16.394
141391,6.747
141392,17.991
141393,19.817
141394,16.9619439248587
141395,17.8056142018296
141396,17.866
141397,5.42157993913574
141398,19.646
141399,19.014
141400,18.124
141401,18.793
141402,20.368
141403,16.838
141404,22.1621346397571
141405,18.2909286099044
141406,19.384486761532
141407,20.5582373594683
141408,23.8385541069886
141409,35.8044943250696
141410,26.1205680239382
141411,20.782
141412,21.684
141413,21.668
141414,24.3158034482351
141415,29.763
141416,23.6311837612359
141417,24.16
141418,25.584
141419,25.4064728952397
141420,35.293346280147
141421,34.8855547354322
141422,24.096
141423,23.889
141424,22.567
141425,23.855
141426,19.536
141427,23.395
141428,17.496
141429,20.623
141430,19.063
141431,19.924
141432,18.127
141433,45.1426516259664
141434,17.779
141435,21.21
141436,13.558
141437,19.289
141438,17.722
141439,34.0560048722495
141440,24.767
141441,21.228
141442,11.4230441847341
141443,15.476
141444,20.984
141445,35.0898150903542
141446,22.036
141447,20.71
141448,10.5284006443293
141449,15.7786032371211
141450,23.897
141451,36.0859638527562
141452,19.726
141453,19.874659042839
141454,15.657
141455,15.518
141456,21.506
141457,31.2139749941837
141458,22.324
141459,21.0211235434767
141460,14.675
141461,15.519
141462,23.3457328447261
141463,25.465
141464,19.988
141465,21.588
141466,14.9187516173076
141467,13.499
141468,22.3540862037889
141469,25.2515281233549
141470,23.570100600366
141471,23.013
141472,12.246
141473,15.448
141474,23.582
141475,27.0165142207919
141476,24.223
141477,18.4979055454956
141478,15.0526628539401
141479,16.935
141480,24.511
141481,43.8558961513166
141482,23.846
141483,20.376
141484,16.946
141485,17.5174054053632
141486,24.171
141487,44.7743180835078
141488,22.603
141489,21.909
141490,17.677
141491,16.966
141492,24.023
141493,42.897
141494,24.221
141495,24.748
141496,17.425
141497,25.852
141498,25.1764979262808
141499,29.7990557727101
141500,20.867
141501,25.4715149379785
141502,23.729
141503,21.51
141504,21.185
141505,21.362
141506,20.988
141507,18.776101888478
141508,19.381
141509,18.0711452298074
141510,19.621
141511,19.762
141512,19.8185918514048
141513,17.006
141514,6.077
141515,16.586
141516,19.771
141517,18.106
141518,12.541
141519,15.194
141520,-0.328
141521,16.058
141522,17.887
141523,18.405
141524,12.177
141525,14.612
141526,5.3190956117865
141527,17.389
141528,18.564
141529,16.781
141530,18.8148358084707
141531,15.5421106974274
141532,14.626
141533,19.822
141534,18.6094118146528
141535,21.4647914484414
141536,21.164
141537,16.797
141538,20.469
141539,24.0794905041448
141540,21.783
141541,22.384
141542,22.085
141543,20.172
141544,22.275
141545,24.876
141546,22.2158691945265
141547,25.666
141548,24.159
141549,22.648
141550,24.3620340445708
141551,26.824
141552,24.482
141553,31.6358064531012
141554,28.816
141555,24.533
141556,28.9543436631903
141557,31.0947836687041
141558,29.987
141559,48.8048881469086
141560,37.78
141561,30.7077597451641
141562,36.155
141563,38.083
141564,40.9475449327707
141565,65.2844693831538
141566,32.949
141567,33.589881646115
141568,33.688
141569,37.0935023111306
141570,39.796
141571,61.203044963734
141572,29.6304628485951
141573,27.911
141574,29.2500403965289
141575,31.8723952298023
141576,34.301
141577,59.606
141578,30.144
141579,29.9361328127658
141580,22.062192942133
141581,29.622
141582,31
141583,60.9927639258775
141584,30.25
141585,27.2263761614652
141586,21.354
141587,28.393
141588,31.3583357465796
141589,58.301
141590,30.142
141591,28.2200589676471
141592,22.666
141593,22.015
141594,30.2533038191051
141595,54.271514799718
141596,29.592
141597,27.177
141598,22.526
141599,23.9853196637894
141600,29.713
141601,48.774
141602,29.166
141603,26.2038104074408
141604,23.315
141605,23.039
141606,29.199
141607,46.7409724282207
141608,27.147
141609,24.509
141610,23.932
141611,23.946
141612,27.2410465916971
141613,37.5998440934837
141614,26.557327872415
141615,25.849
141616,23.874
141617,23.2045841960424
141618,26.468
141619,36.8346480069761
141620,26.1523214141944
141621,24.748
141622,23.914
141623,22.624
141624,26.069
141625,45.437
141626,25.1169065468635
141627,24.144689390856
141628,22.866
141629,22.897
141630,25.167
141631,48.6931548717471
141632,24.683
141633,24.855
141634,23.308
141635,24.4632691121865
141636,25.389
141637,53.3774172571871
141638,24.7465671722449
141639,26.719
141640,24.4885980091293
141641,25.3526994163939
141642,26.0284293789696
141643,36.067
141644,21.0848856176284
141645,23.664
141646,20.98
141647,23.2749527235655
141648,22.679
141649,21.33
141650,18.629
141651,19.2143015056034
141652,18.964
141653,19.409
141654,18.569
141655,19.096
141656,17.181
141657,17.984
141658,17.935
141659,19.227
141660,15.923
141661,18.034
141662,16.683
141663,17.8488126713638
141664,17.693
141665,18.778
141666,16.933
141667,17.625
141668,17.506
141669,17.842
141670,18.587
141671,18.833
141672,17.84
141673,17.839
141674,18.1
141675,17.932
141676,19.53
141677,19.307
141678,18.303
141679,18.8982186191369
141680,19.121
141681,18.558
141682,20.3150835768935
141683,20.934
141684,19.224
141685,19.2719097704644
141686,19.5772687382698
141687,19.259
141688,21.214
141689,21.864
141690,19.753
141691,21.25
141692,21.666062903091
141693,21.861
141694,23.293
141695,23.636
141696,21.826
141697,30.83
141698,27.154
141699,27.812
141700,28.9795062635898
141701,28.862
141702,27.947
141703,64.5580242881387
141704,35.625
141705,37.641636447708
141706,41.186824547236
141707,40.267
141708,37.3954797075849
141709,64.768
141710,35.0772188121779
141711,36.1528798604621
141712,36.2402256865008
141713,37.9344908986829
141714,32.0692136198544
141715,54.7174996815521
141716,27.463
141717,29.9792372987694
141718,28.2483845261072
141719,31.4995096146392
141720,26.6871078049914
141721,47.9856976432189
141722,25.2847174857346
141723,26.623
141724,21.06
141725,26.485
141726,23.924
141727,38.0673183952219
141728,23.9120969548769
141729,23.839
141730,20.482
141731,19.6107612103312
141732,22.8943251625389
141733,24.275747165207
141734,23.279
141735,21.815
141736,19.914
141737,18.6321298307694
141738,22.7887424889111
141739,24.517
141740,21.262
141741,21.4674366383556
141742,18.748
141743,19.423
141744,21.1020335763672
141745,23.612
141746,21.3574383874528
141747,21.0438192669603
141748,18.108
141749,18.87
141750,20.9049916839738
141751,23.005
141752,21.112
141753,19.377
141754,19.178
141755,18.506
141756,21.276
141757,22.628
141758,21.387
141759,19.633
141760,19.103
141761,18.755
141762,21.422
141763,24.0972039201802
141764,22.153
141765,20.6932003932534
141766,19.8
141767,19.835
141768,22.346
141769,24.4944562694944
141770,23.635
141771,20.551
141772,20.164
141773,20.211
141774,23.632
141775,25.982
141776,25.088
141777,23.2600895389916
141778,21.611
141779,21.386
141780,25.164
141781,33.1094608434718
141782,27.2300569794694
141783,24.8534772827548
141784,23.6
141785,23.855
141786,27.591
141787,26.825
141788,24.222
141789,23.541
141790,21.913
141791,22.785
141792,24.7528650874807
141793,18.4875376774934
141794,19.565
141795,18.268
141796,17.371
141797,17.814
141798,19.3740009814958
141799,15.746
141800,17.172
141801,15.763
141802,15.0429269148398
141803,15.753
141804,17.072
141805,15.5141494834218
141806,17.0370487938584
141807,14.937
141808,17.629
141809,17.337
141810,17.594
141811,16.8041155059011
141812,18.806
141813,17.396007443692
141814,19.752
141815,19.845
141816,18.873
141817,16.899
141818,19.297
141819,18.702
141820,20.495
141821,20.997
141822,19.645
141823,16.897
141824,19.034
141825,19.6571210960686
141826,20.5872124892911
141827,21.235697940399
141828,19.0901449236662
141829,17.631
141830,18.739
141831,20.905
141832,20.922
141833,21.661
141834,18.97
141835,19.76
141836,19.9578044368077
141837,21.297
141838,21.293
141839,22.101
141840,20.276
141841,28.477
141842,25.1157109931767
141843,25.795
141844,25.763
141845,26.7516890626315
141846,26.612
141847,74.6049474480266
141848,39.99
141849,37.2882093885097
141850,36.9406037932991
141851,37.794
141852,41.932872518194
141853,61.9893773984128
141854,33.710669115874
141855,33.222
141856,31.334
141857,33.765
141858,37.266
141859,48.6086691818067
141860,25.866
141861,22.413
141862,25.238
141863,28.2017442618695
141864,25.943
141865,41.4291841641353
141866,20.303
141867,20.0838569510506
141868,20.29
141869,23.412
141870,20.2190972592629
141871,28.866
141872,20.239
141873,19.349
141874,17.438
141875,18.245
141876,20.313
141877,23.379
141878,19.722
141879,17.314
141880,15.7153675975956
141881,15.11
141882,18.398
141883,22.867
141884,18.984
141885,18.4616283115323
141886,17.524
141887,15.537
141888,18.252
141889,22.3548846772452
141890,21.199
141891,17.3282379085435
141892,15.796
141893,14.316
141894,20.4249995690513
141895,22.923
141896,21.2808185053228
141897,16.2
141898,14.8983454584233
141899,12.939
141900,21.452
141901,22.945
141902,21.68
141903,16.9928921603757
141904,16.5159791652403
141905,14.089
141906,21.6747391628557
141907,23.04
141908,22.143261201312
141909,17.82
141910,16.018
141911,15.579
141912,22.323
141913,28.913
141914,20.218
141915,16.656
141916,16.586
141917,16.694
141918,20.327
141919,31.2136160003742
141920,18.609
141921,18.0750723601566
141922,17.789
141923,17.449
141924,20.829
141925,26.277
141926,17.826
141927,20.251
141928,18.984
141929,19.03
141930,17.734
141931,20.713
141932,12.314
141933,17.664
141934,14.17
141935,16.516
141936,8.876
141937,0.163
141938,5.64821612511404
141939,10.8291677889699
141940,8.63007416892557
141941,12.0324964913554
141942,-0.07
141943,-0.956
141944,-0.019
141945,4.44625487253369
141946,10.827
141947,12.3394852099947
141948,-0.241
141949,-1.23784389891536
141950,-0.388902991634983
141951,7.52
141952,13.7622107600306
141953,15.716
141954,-0.961713395113882
141955,-1.52881683102195
141956,-0.230311958793838
141957,13.4939620260356
141958,15.482
141959,17.647
141960,-1.12819148014976
141961,-0.639
141962,-0.978793882453574
141963,16.612984473206
141964,16.5778799822295
141965,18.906
141966,-0.816
141967,0.192223794230651
141968,-0.204
141969,17.621
141970,17.452
141971,19.41
141972,-0.018
141973,0.790731096666537
141974,-0.284
141975,19.402
141976,18.507
141977,20.701
141978,0.01
141979,0.998749762846453
141980,4.9542782349991
141981,20.232
141982,19.664
141983,21.306
141984,3.34709088849107
141985,2.306
141986,2.65372957202279
141987,22.249
141988,20.82
141989,21.753
141990,5.21092822507379
141991,19.298
141992,16.038
141993,26.871630390469
141994,24.866
141995,26.5361228229684
141996,16.99
141997,20.956
141998,19.349
141999,26.621
142000,25.573
142001,24.954
142002,21.289
142003,19.2396499404202
142004,18.2222860875121
142005,14.1415222302115
142006,21.247354428129
142007,22.315
142008,19.479
142009,17.421
142010,17.3704527096839
142011,12.208
142012,14.755
142013,17.177
142014,17.653
142015,18.27
142016,15.3424094773942
142017,12.6392940583196
142018,18.18
142019,13.166
142020,17.206
142021,15.293
142022,17.1667138887153
142023,10.1033841983386
142024,16.742
142025,16.183
142026,17.732
142027,11.511
142028,8.007
142029,7.04560679878984
142030,-14.6098928896467
142031,-1.01865865498833
142032,3.021
142033,10.586
142034,0.315726895748377
142035,4.085
142036,-8.40516039323854
142037,-2.057
142038,1.10635189310747
142039,10.9501896798222
142040,0
142041,3.50557743561266
142042,-22.2906117912821
142043,-0.005
142044,-0.00728718837127781
142045,9.541
142046,-0.590781404198611
142047,3.45641170120161
142048,-22.6884210025816
142049,6.43807868267595
142050,-0.107
142051,7.29472324019346
142052,-0.925
142053,5.51216500257244
142054,-19.007
142055,-6.33557774328699
142056,-0.727076405004713
142057,8.526
142058,-0.122
142059,11.081
142060,-17.839
142061,9.884
142062,0
142063,12.179
142064,1.86704861407141
142065,14.784
142066,-0.444570529753655
142067,5.9613673183953
142068,1.73446917334055
142069,11.92
142070,3.306
142071,16.731
142072,12.7343457699835
142073,6.734
142074,3.903
142075,2.721
142076,-1.102
142077,6.09915962856993
142078,-0.581
142079,-0.002
142080,-0.873
142081,-2.17286499991102
142082,-4.58837368566795
142083,-1.784
142084,-0.246
142085,-4.010299221713
142086,-4.577
142087,-4.88465146751166
142088,-6.33648731737904
142089,-5.87872664451282
142090,-28.9018198119653
142091,-14.6464267786794
142092,-6.11370435536438
142093,-7.32516861890658
142094,-8.256
142095,-8.16402465071426
142096,-29.5550580648232
142097,-18.4774289776055
142098,-8.3278457418004
142099,-8.99441593945274
142100,-9.32880036971547
142101,-9.22453157789442
142102,-29.9523953443094
142103,-19.409190426278
142104,-9.00630382658768
142105,-8.513
142106,-9.29119795672719
142107,-8.9682243508537
142108,-29.8175139395791
142109,-19.0422701182789
142110,-9.07721646385728
142111,-7.48628881848785
142112,-9.1602386154325
142113,-8.17688139890348
142114,-29.2450998123449
142115,-18.6168087861076
142116,-8.99952697659927
142117,-7.29655368473506
142118,-9.31609344458942
142119,-6.41975739536023
142120,-29.042
142121,-16.8542231094452
142122,-9.01853961880671
142123,-6.03024912005623
142124,-6.83205753916921
142125,-5.3493193492667
142126,-27.8378701088857
142127,-13.6906698965172
142128,-6.543
142129,0
142130,-1.96303618891345
142131,-0.749
142132,-22.8771723531206
142133,-3.73058207352803
142134,-1.83284074342635
142135,21.7854340757408
142136,14.9557067252596
142137,15.686
142138,10.4577890447315
142139,13.835
142140,15.052
142141,34.9495141049302
142142,23.868
142143,22.674
142144,21.017
142145,21.564
142146,23.521
142147,34.595
142148,23.003
142149,21.7167413027897
142150,19.4692775738135
142151,21.3193370183043
142152,23.0264296071808
142153,34.2824047636128
142154,22.462
142155,21.983
142156,18.5720052493365
142157,20.643
142158,22.761
142159,35.6759181729251
142160,23.023
142161,21.546
142162,18.5096914033099
142163,20.433
142164,23.307
142165,42.7021688715773
142166,22.745
142167,20.8942050588033
142168,19.342
142169,23.7444235229461
142170,23.298
142171,50.7268364434152
142172,24.971
142173,20.944
142174,20.8180020138792
142175,21.582
142176,23.735
142177,49.765
142178,24.6637527647157
142179,20.601
142180,19.304
142181,21.315
142182,24.711
142183,49.3221048139894
142184,24.459
142185,20.643
142186,19.579
142187,23.414882321456
142188,24.456
142189,47.826
142190,23.75
142191,20.175
142192,19.8129926630381
142193,23.374
142194,23.818
142195,50.1750862489512
142196,24.9084211388501
142197,20.671
142198,21.746
142199,24.188
142200,25.342449513447
142201,51.4221120278441
142202,25.497
142203,21.3225808210666
142204,21.818
142205,24.395
142206,25.798
142207,60.2666252914957
142208,29.6522119584812
142209,23.5056592963181
142210,25.716
142211,26.78
142212,29.7483295179908
142213,64.5390697774542
142214,32.4222408953022
142215,25.118
142216,28.4137339691426
142217,28.7554424902727
142218,32.664
142219,32.128
142220,25.755
142221,21.0179017210154
142222,23.75
142223,23.559
142224,25.734
142225,18.095
142226,17.847
142227,16.330920529325
142228,16.0242251591359
142229,16.7676516701454
142230,17.876
142231,13.5425513298745
142232,14.93
142233,13.942
142234,14.056
142235,14.7452471135654
142236,14.9236523313713
142237,12.738
142238,13.646
142239,12.992920650743
142240,13.387
142241,14.012
142242,13.881
142243,11.473
142244,12.947
142245,13.157376980106
142246,13.5643327594327
142247,14.1646753745149
142248,13.263
142249,10.304
142250,12.532
142251,12.8050486274028
142252,13.243
142253,13.894
142254,12.833
142255,11.1474350124904
142256,12.553
142257,12.694112980425
142258,13.321
142259,14.1404496615966
142260,12.8761756571378
142261,10.781
142262,12.51
142263,12.622
142264,13.34
142265,14.1954905651392
142266,12.8469395326221
142267,10.1480581534095
142268,14.664
142269,14.1297883512262
142270,14.329
142271,15.1067626501136
142272,14.930703235254
142273,20.342
142274,21.963
142275,22.34
142276,21.456
142277,22.0075248683312
142278,22.104
142279,48.3546317858525
142280,41.9955630323514
142281,43.5415124184585
142282,41.9265524561653
142283,42.9240804324625
142284,42.759
142285,38.1422118449816
142286,36.2495879175212
142287,40.16
142288,38.66
142289,39.5514295408567
142290,37.848
142291,30.7295791280757
142292,28.7008413029922
142293,34.2470651531587
142294,31.7510794788651
142295,33.804
142296,31.184
142297,28.2746779818898
142298,26.133
142299,28.51
142300,28.357650217011
142301,28.512
142302,25.812
142303,24.595
142304,22.932
142305,25.456
142306,25.562
142307,26.196682193567
142308,21.502
142309,22.957
142310,19.014
142311,23.647
142312,23.35
142313,23.6218229953881
142314,18.795
142315,26.9484857125796
142316,22.407
142317,24.6939516720216
142318,20.5629099820204
142319,21.014
142320,21.8
142321,26.725
142322,23.707
142323,24.085
142324,16.662
142325,20.232
142326,21.852
142327,27.1036075054027
142328,19.633
142329,23.551
142330,21.189
142331,22.072
142332,20.0892768113048
142333,27.984
142334,19.76
142335,23.338
142336,19.5518912534946
142337,21.337
142338,19.71
142339,30.6722996255752
142340,20.927
142341,23.864
142342,20.5311108759027
142343,20.801
142344,20.9178464205117
142345,34.073
142346,23.195205959058
142347,24.7145009414918
142348,22.2921025719975
142349,22.266
142350,22.291
142351,37.4666854627675
142352,26.379
142353,26.164
142354,25.4534967868804
142355,24.38
142356,25.897
142357,40.393
142358,30.375
142359,28.6344606820455
142360,27.3079642091671
142361,26.483542403162
142362,30.173622447563
142363,25.851
142364,24.34
142365,23.704967871616
142366,23.522
142367,23.256
142368,24.427
142369,14.386
142370,15.241
142371,15.5021307008645
142372,15.754
142373,16.007
142374,15.792
142375,11.375
142376,14.74
142377,14.365
142378,14.305
142379,15.152
142380,14.8499517967865
142381,11.965
142382,14.353
142383,13.932
142384,13.718
142385,14.662
142386,14.478
142387,8.475
142388,14.284
142389,12.7407735131827
142390,12.5690706500976
142391,13.811
142392,13.8976808210112
142393,7.00863673107706
142394,14.252461443603
142395,12.4199280401229
142396,12.5065566754692
142397,13.682
142398,13.867
142399,5.312
142400,13.758
142401,12.4987794585234
142402,12.598
142403,13.774
142404,14.5219501469913
142405,4.854
142406,15.156
142407,13.088
142408,12.877
142409,14.248
142410,15.288
142411,9.335
142412,16.841
142413,14.901
142414,14.653
142415,15.806
142416,16.3498936933189
142417,17.735
142418,20.176
142419,19.792
142420,19.3485028505067
142421,19.835
142422,20.252
142423,41.9639297663692
142424,35.8904969767318
142425,35.1199575441001
142426,34.8851780946937
142427,33.8917070643204
142428,36.2426268847241
142429,29.1301245860507
142430,31.2696507407385
142431,28.993
142432,29.037
142433,29.2946149728177
142434,30.8836074786694
142435,22.035
142436,21.7587889476918
142437,20.4553075864401
142438,21.852
142439,21.778
142440,21.845
142441,20.31
142442,18.569
142443,18.148
142444,20.875
142445,20.281
142446,18.688
142447,17.088
142448,12.9375712332416
142449,16.536448618707
142450,2.114
142451,18.600146918137
142452,14.753
142453,16.2450833746242
142454,16.28
142455,16.164
142456,2.827
142457,8.829
142458,10.9551282533966
142459,14.881
142460,14.854
142461,13.199
142462,6.19665992843752
142463,4.02295544126615
142464,2.54780675158955
142465,14.9616500901669
142466,14.139907566721
142467,14.5960571675946
142468,8.438
142469,9.03380813442561
142470,8.516
142471,15.441
142472,17.1907469262805
142473,17.243
142474,9.354
142475,10.366
142476,18.916
142477,15.657
142478,18.645
142479,17.972
142480,10.868
142481,10.713
142482,18.8389328293425
142483,18.31
142484,18.986
142485,18.604199213029
142486,13.0839033545913
142487,15.446
142488,17.983
142489,21.077
142490,19.232
142491,20.361
142492,16.409
142493,16.9303050188222
142494,20.642
142495,22.113
142496,17.873
142497,20.877
142498,17.013
142499,17.292
142500,18.988
142501,24.6538012277931
142502,18.9670918277073
142503,21.538
142504,19.943
142505,19.716
142506,18.458
142507,25.738
142508,15.497
142509,18.437
142510,17.0163260942987
142511,19.0022266435276
142512,16.091
142513,13.752
142514,10.5958447728702
142515,13.461
142516,10.733
142517,12.888
142518,7.241
142519,9.54
142520,3.102
142521,13.773
142522,11.751
142523,13.177473981158
142524,5.281
142525,1.267
142526,0.817405025701195
142527,13.7372625510588
142528,7.80714366649786
142529,6.426
142530,0
142531,-0.830797985969697
142532,0.849
142533,14.005
142534,1.98556655922288
142535,3.82454124749776
142536,0.003
142537,-1.462
142538,1.40860915291998
142539,14.056
142540,7.967
142541,7.775
142542,0.442
142543,-0.98
142544,2.78967091856137
142545,14.8
142546,7.05495475003674
142547,11.972
142548,2.88231587572089
142549,-0.294
142550,3.783
142551,15.274
142552,13.6169676745102
142553,14.547
142554,4.068
142555,0
142556,11.09
142557,16.7949735124614
142558,16.084
142559,17.573
142560,8.43354961872828
142561,11.691
142562,20.258
142563,22.407
142564,21.8537925951578
142565,22.255
142566,19.663
142567,28.1808834505033
142568,34.9780220826187
142569,33.666947199137
142570,31.738
142571,32.121
142572,31.5493321658015
142573,35.761
142574,34.4305775077186
142575,29.199
142576,31.899
142577,29.672
142578,35.192006849417
142579,29.313
142580,26.862
142581,23.431
142582,21.273
142583,24.2893574899016
142584,28.362
142585,26.2766456676352
142586,23.5549477726494
142587,21.306
142588,15.641
142589,19.346
142590,24.401
142591,24.9336421427726
142592,21.774
142593,19.402
142594,9.761
142595,17.2235980381121
142596,21.4189986046133
142597,24.287
142598,22.069
142599,18.618
142600,15.261
142601,21.353
142602,21.331
142603,43.2562169469483
142604,20.742
142605,18.493
142606,16.839
142607,15.1081816360578
142608,19.782
142609,34.6179686659425
142610,20.006
142611,18.4740468356191
142612,1.683
142613,11.9713296715983
142614,19.633
142621,31.647118320658
142622,19.955
142623,21.038
142624,9.774
142625,16.8976851783255
142626,20.169
142627,33.2533440365678
142628,20.36
142629,19.095
142630,9.90937305360071
142631,21.303
142632,21.024
142633,34.2352422003442
142634,20.96
142635,18.556
142636,19.243
142637,21.319
142638,21.255
142639,26.4379035079836
142640,21.628
142641,18.189
142642,19.0405095351323
142643,20.41
142644,21.4205087970077
142645,29.486
142646,23.415030353513
142647,19.886
142648,19.1767216418899
142649,22.7624241278413
142650,23.126
142651,21.646
142652,20.048
142653,17.3701294533252
142654,13.437
142655,18.978
142656,19.726
142657,10.504
142658,12.919
142659,8.509
142660,4.27650691197234
142661,11.8019422325432
142662,12.975
142663,8.945
142664,9.165
142665,7.87237117904289
142666,8.60966945552635
142667,8.86764302591882
142668,8.22061904093665
142669,6.419
142670,7.56743675540126
142671,5.99554125486327
142672,7.5135700409363
142673,9.092
142674,7.83209864863877
142675,5.11927212763819
142676,7.81842594527832
142677,9.53380114943482
142678,7.84212816354048
142679,10.362
142680,8.42947302438233
142681,5.98173445015265
142682,7.579
142683,10.88
142684,9.01209532631084
142685,11.908
142686,6.51185394403311
142687,5.365
142688,7.341
142689,11.9662567351223
142690,10.372
142691,12.1893210603274
142692,5.31854391938559
142693,5.83830723023857
142694,7.044
142695,11.877
142696,10.602
142697,12.7395490266323
142698,6.30711350572475
142699,7.68063947796229
142700,8.219
142701,12.557
142702,11.471694072354
142703,12.99
142704,7.42940709846769
142705,15.464
142706,14.1591747617497
142707,17.2892093240576
142708,16.888
142709,17.478
142710,14.475
142711,38.8590895075421
142712,26.6677753748993
142713,30.346
142714,29.7202540377833
142715,30.6144797437035
142716,27.1480587799117
142717,32.9044947777106
142718,24.3905472660914
142719,28.8495472618683
142720,27.4005168241531
142721,27.718
142722,24.467
142723,22.0551145872249
142724,17.888
142725,22.9199186630221
142726,21.81
142727,21.646
142728,18.948419897978
142729,19.874
142730,14.808
142731,22.096
142732,20.029
142733,20.126
142734,14.387
142735,19.1415058594377
142736,11.931
142737,21.046
142738,19.122
142739,19.126
142740,11.4047563477178
142741,16.038
142742,7.68656949591304
142743,19.24
142744,15.202
142745,16.701
142746,7.932
142747,17.326
142748,13.902
142749,15.856
142750,6.66408647229119
142751,14.307
142752,14.037
142753,8.92941480158866
142754,-0.057
142755,17.066
142756,5.579
142757,10.781
142758,-0.670235452331352
142759,9.593
142760,1.012
142761,16.23
142762,13.533
142763,11.645
142764,0.0961868778194894
142765,11.329
142766,5.181
142767,16.829
142768,13.474
142769,13.274
142770,2.69182497359444
142771,13.5656524703308
142772,9.22620636590335
142773,17.647
142774,13.6395737456559
142775,15.5039237928844
142776,6.39348672349337
142777,13.608
142778,11.062
142779,17.818737968701
142780,13.8430863688941
142781,16.059
142782,10.2555823263668
142783,15.856
142784,13.457563469077
142785,18.5707795128795
142786,16.663
142787,17.618
142788,12.908
142789,18.62
142790,18.605
142791,20.936
142792,20.069
142793,20.7033510058841
142794,17.876
142795,12.532
142796,15.0717400336567
142797,18.4738128317754
142798,18.692
142799,18.238
142800,14.9076688056561
142801,0.048
142802,7.72495841502369
142803,12.2462623827221
142804,12.118
142805,13.214
142806,7.181
142807,-0.144427405221541
142808,9.82845573365509
142809,11.886
142810,11.4146853063135
142811,12.444
142812,9.092
142813,0.023
142814,9.88908471097712
142815,12.8377464847147
142816,12.0932765011668
142817,13.2781466313579
142818,10.3749106605116
142819,0.336
142820,8.56173360911517
142821,13.188
142822,13.034
142823,13.487
142824,9.272
142825,2.004
142826,7.987
142827,13.024
142828,13.452
142829,13.97
142830,8.863
142831,2.26646002448883
142832,6.21036321314052
142833,13.116
142834,13.4262758312587
142835,13.899
142836,5.64729435388645
142837,1.47874242230245
142838,3.01546644271111
142839,14.196
142840,13.305
142841,13.902
142842,5.196
142843,1.26743663111093
142844,2.67150999785399
142845,14.5541955615913
142846,14.319
142847,15.044
142848,3.14
142849,9.377
142850,12.046
142851,18.78
142852,19.133
142853,19.2831426675342
142854,11.4249172657326
142855,22.177
142856,21.73
142857,28.0996504997873
142858,29.9885232543517
142859,29.175720027969
142860,21.19
142861,22.221
142862,19.654
142863,25.308
142864,25.9104333887935
142865,25.5949072788299
142866,19.3499112737649
142867,17.144
142868,8.28122645687926
142869,19.711
142870,20.2267588570725
142871,19.943
142872,8.24799621814116
142873,13.8541137428096
142874,3.84892162226771
142875,17.0603984416552
142876,11.37
142877,12.145
142878,2.824
142879,11.652
142880,1.414
142881,16.181
142882,9.24370736468837
142883,7.901
142884,0.292
142885,11.122
142886,0.447147776093845
142887,15.0102236721507
142888,8.55340662009355
142889,5.66700616749329
142890,0
142891,9.272
142892,-1.042
142893,15.742
142894,5.79
142895,4.80194704668717
142896,-0.802079240316134
142897,8.761
142898,-0.637
142899,11.6180631015045
142900,1.668
142901,4.631
142902,0.121174566469792
142903,7.47229275958375
142904,-0.072519271586807
142905,13.681
142906,1.54924028473332
142907,4.996
142908,0.051
142909,6.89019386268992
142910,-0.516
142911,14.158
142912,0.220096598136968
142913,6.908
142914,0
142915,7.88755799755715
142916,-0.669
142917,15.5521644267469
142918,5.73941190932047
142919,7.99015386683458
142920,-0.0114248516991029
142921,9.68870109615466
142922,1.32275728391056
142923,16.692
142924,11.4216353825056
142925,11.681
142926,3.10654774017963
142927,12.7970617657775
142928,6.239
142929,18.201
142930,17.737
142931,15.5727486601338
142932,11.3730972278809
142933,14.2033482283092
142934,15.5376650094196
142935,19.939
142936,19.448
142937,18.841
142938,16.91
142939,8.12454041686199
142940,11.68
142941,17.553
142942,18.172
142943,16.275
142944,12.204
142945,-2.59961553655622
142946,0.119
142947,8.1815453882046
142948,8.451
142949,7.58256154859552
142950,-1.41624116878961
142951,-2.7525216707475
142952,2.26996657208345
142953,9.756
142954,8.17564682124805
142955,8.923
142956,-0.71649530090878
142957,-3.94151261695231
142958,-2.632
142959,9.2433407880245
142960,7.37118037170327
142961,8.43488172492992
142962,-2.955
142963,-4.52374713781812
142964,-3.055
142965,9.171
142966,8.31045814573123
142967,8.279
142968,-2.73807496706505
142969,-2.888
142970,-2.696
142971,8.50517702746074
142972,9.13636972369375
142973,9.411
142974,-3.315
142975,-0.901
142976,-5.10938896333448
142977,9.53642423185002
142978,10.009729884149
142979,10.2230486021103
142980,-4.32091722058149
142981,-0.340760583840391
142982,-4.788
142983,9.51276285839822
142984,10.0928350667111
142985,11.241
142986,-3.79808466360061
142987,-0.002
142988,-6.49039207455218
142989,9.417
142990,9.607
142991,11.186
142992,-3.578
142993,11.61
142994,-0.156
142995,16.0211645130121
142996,16.8869798468376
142997,16.854
142998,0.092
142999,28.041
143000,19.7491226882467
143001,24.332737638472
143002,23.762
143003,24.352
143004,18.238
143005,21.661
143006,17.9860748309828
143007,21.7453253332655
143008,20.709
143009,21.767
143010,15.3088330058519
143011,18.177
143012,9.97680763331027
143013,19.405
143014,15.139
143015,19.477
143016,8.955
143017,15.0563246539892
143018,5.907
143019,17.482
143020,11.993
143021,15.3781123990385
143022,4.904
143023,12.906
143024,2.506
143025,15.638
143026,10.8152334054454
143027,14.683
143028,2.72981532792183
143029,13.65
143030,0.414568434848481
143031,13.3525657847401
143032,7.741
143033,12.9237543324749
143034,1.523430541806
143035,10.905
143036,0.353
143037,12.3474534440636
143038,6.23
143039,5.77523718982074
143040,0.145
143041,9.40955394215971
143042,-0.549
143043,6.527
143044,5.38263878606161
143045,5.394
143046,-1.45785094383027
143047,9.22116306644729
143048,-0.79
143049,9.4784483983912
143050,11.603
143051,6.691
143052,-1.398079517778
143053,10.215
143054,-0.061
143055,11.907
143056,13.6851242824343
143057,9.88544794196951
143058,-0.597280183111368
143059,12.3778215628271
143060,3.34675445337584
143061,11.978
143062,15.763
143063,14.165141645074
143064,0.549475493782413
143065,15.4847784542737
143066,6.87230399781421
143067,13.3
143068,16.9708899164263
143069,16.107
143070,9.50334968861266
143071,17.3875860996047
143072,10.711
143073,14.3590459165902
143074,18.577
143075,17.823723806693
143076,5.61858726778677
143077,21.186
143078,15.712
143079,17.737
143080,20.375
143081,20.2936365431173
143082,10.417
143083,17.03
143084,11.536
143085,15.4615597982263
143086,18.815
143087,19.1462581509265
143088,13.2088447279514
143089,7.47531773403577
143090,7.901
143091,9.971
143092,13.4151179784453
143093,14.528
143094,4.10419483379509
143095,11.547
143096,12.327
143097,12.2215416150767
143098,12.577
143099,14.782
143100,10.855
143101,13.0215407415625
143102,12.6806159169348
143103,12.467
143104,12.604
143105,14.233
143106,11.431
143107,12.8658809699132
143108,12.901
143109,13.243
143110,12.7423130018001
143111,12.8729371723947
143112,13.0354729929897
143113,13.731
143114,13.7387938877126
143115,14.74
143116,14.616
143117,15.598
143118,14.9197616050373
143119,15.0170332778377
143120,14.009
143121,16.621
143122,16.1465999907956
143123,16.6230985451835
143124,15.634
143125,17.3500114492304
143126,16.929
143127,18.053
143128,18.3700183775186
143129,17.949
143130,17.613
143131,19.387
143132,17.736
143133,18.887
143134,19.23
143135,19.726
143136,19.1860648993244
143137,29.764
143138,24.754
143139,25.4769779847835
143140,25.913
143141,26.832
143142,27.015
143143,82.8697040436385
143144,34.1779025241209
143145,38.7576119760012
143146,39.064
143147,40.755
143148,38.407130610808
143149,67.3217193655802
143150,25.787
143151,31.261
143152,31.779
143153,32.0010496333159
143154,25.427
143155,56.9796995411293
143156,22.951
143157,22.829
143158,28.0670312406469
143159,25.71369924996
143160,22.615
143161,47.7097775109489
143162,19.27
143163,20.5156315586752
143164,23.580683207141
143165,23.1702591605003
143166,20.382
143167,28.253
143168,19.808
143169,20.025
143170,16.866
143171,17.829
143172,19.7304288309351
143173,25.149
143174,19.431
143175,19.105
143176,15.4
143177,17.822
143178,19.786
143179,24.514
143180,19.078
143181,18.7946563553028
143182,15.989
143183,17.531
143184,19.937
143185,26.116
143186,20.4799061656334
143187,18.91
143188,19.111
143189,17.6869428382476
143190,20.142
143191,26.5098783689234
143192,20.558
143193,19.0127312400134
143194,19.224
143195,18.334
143196,20.778
143197,27.077
143198,21.512
143199,19.4916200256238
143200,20.564
143201,18.7420037917832
143202,21.156
143203,31.714
143204,21.181
143205,19.572
143206,20.267
143207,19.631
143208,21.7185920434782
143209,38.4565072110522
143210,21.174
143211,19.6158767153825
143212,20.315
143213,20.325
143214,21.596
143215,41.6835021576453
143216,22.106
143217,21.281
143218,21.784
143219,20.6321952181641
143220,22.130048370994
143221,48.9642072643638
143222,25.85
143223,25.032
143224,25.011
143225,23.309
143226,26.042
143227,41.0757550749308
143228,23.638
143229,23.3420961482254
143230,23.578
143231,21.323
143232,23.654
143233,19.2899660310529
143234,17.7672877683867
143235,17.613
143236,17.341
143237,16.619
143238,17.408
143239,16.6493727388507
143240,16.182
143241,15.4
143242,14.91
143243,15.088
143244,16.157
143245,15.669
143246,15.951
143247,14.215
143248,14.713
143249,14.118
143250,16.122
143251,14.795
143252,15.6825788599148
143253,15.011
143254,14.011
143255,14.484
143256,15.594409885496
143257,14.3642502191099
143258,14.7206435153047
143259,15.591
143260,14.995
143261,14.856
143262,14.6967241188924
143263,13.549
143264,14.083
143265,16.0572618248998
143266,16.9053516554665
143267,16.382
143268,13.858
143269,12.859
143270,11.256
143271,15.16
143272,16.707
143273,17.5522623352595
143274,11.9238114302651
143275,13.553
143276,10.1414255901911
143277,15.3679856370797
143278,17.111
143279,17.722
143280,10.7
143281,21.997
143282,16.445
143283,20.564
143284,21.227
143285,21.081125015223
143286,15.4326253723585
143287,58.592
143288,24.7536142060188
143289,31.5924371107455
143290,32.9664576042014
143291,32.921
143292,24.9556359722646
143293,37.8688316896195
143294,20.4338337116538
143295,23.054
143296,24.205
143297,23.364
143298,21.3664396125514
143299,24.0890508272942
143300,17.002
143301,19.186306036741
143302,22.008
143303,22.676
143304,18.882
143305,20.097
143306,12.387
143307,16.6376136317534
143308,19.836
143309,20.088
143310,14.075
143311,19.464
143312,12.363
143313,16.095
143314,14.2332968136624
143315,16.678
143316,14.6755450043784
143317,17.743
143318,7.7929344729534
143319,14.279
143320,11.852
143321,11.2366245305278
143322,6.85815643383831
143323,17.803
143324,4.78203591821431
143325,13.39
143326,13.3544118179988
143327,7.10545965787319
143328,3.50345922242648
143329,20.2118062754673
143330,15.312
143331,12.097
143332,10.678
143333,10.724
143334,15.551
143335,22.374
143336,11.296
143337,12.1975109431458
143338,7.274
143339,12.905
143340,15.5201990006175
143341,26.265
143342,7.16278525668919
143343,11.965
143344,11.7383157510128
143345,11.9555508052984
143346,18.146
143347,27.556
143348,9.258
143349,12.9360556769395
143350,10.827
143351,13.7119622219447
143352,16.7217849253282
143353,26.639
143354,8.36337659404125
143355,13.573
143356,14.165
143357,14.599
143358,16.302
143359,23.8940995079331
143360,8.47286194873101
143361,14.555
143362,15.986
143363,15.474
143364,12.9391448246064
143365,23.275
143366,12.887
143367,17.2750649480175
143368,20.9726880852037
143369,19.235
143370,14.002
143371,20.4874763185775
143372,13.261
143373,15.962
143374,19.7651490371012
143375,18.03
143376,13.752
143377,11.3573658009899
143378,4.41665975611155
143379,9.769
143380,14.324
143381,12.4592208626525
143382,5.431
143383,8.79118717610076
143384,2.11
143385,3.69760230603387
143386,13.274
143387,12.446
143388,2.327
143389,10.2544817210964
143390,5.90770823296319
143391,7.30617807376212
143392,13.727
143393,12.8995722372675
143394,3.6960374166926
143395,9.2
143396,4.33467551442029
143397,9.7918391037761
143398,13.34
143399,12.7900504539771
143400,4.19374807702487
143401,11.4341945907152
143402,8.467
143403,12.979
143404,16.712
143405,16.509
143406,9.595
143407,12.8125162421658
143408,12.0680185255479
143409,15.887
143410,18.322
143411,18.615
143412,10.958
143413,17.739
143414,16.792
143415,17.86
143416,20.087
143417,19.773
143418,15.184
143419,19.6278091074024
143420,19.394
143421,19.459
143422,20.82
143423,21.367
143424,18.9834898097348
143425,31.9389714170004
143426,30.648
143427,28.254
143428,29.6689849664205
143429,30.37
143430,30.046
143431,81.667953076801
143432,50.7938018071828
143433,42.864
143434,49.05657080069
143435,51.5842339210284
143436,54.1769202490244
143437,62.9906300103589
143438,37.6124463693615
143439,32.6190027309407
143440,32.5226188164125
143441,33.0844831082522
143442,39.4325707085015
143443,57.94306490677
143444,32.874
143445,24.7671683035009
143446,25.009
143447,30.8105503377391
143448,35.236
143449,44.7525310298899
143450,30.932
143451,23.298
143452,20.241
143453,27.09
143454,33.3067083784134
143455,39.5610414087718
143456,27.3490716838724
143457,22.085574294684
143458,18.89
143459,20.6616704849788
143460,28.082303606889
143461,40.586
143462,23.979
143463,20.903
143464,18.56
143465,18.1923725480105
143466,24.4630346556979
143467,32.079
143468,21.723
143469,20.0961283037201
143470,19.402
143471,18.3729848572308
143472,22.66
143473,28.705336464285
143474,24.0150182443651
143475,23.465
143476,20.988
143477,19.086
143478,23.958
143479,28.341
143480,22.603450988603
143481,22.918
143482,20.856
143483,19.959
143484,22.222
143485,29.368
143486,21.387
143487,22.1
143488,20.573
143489,20.6659821569817
143490,21.462
143491,30.375
143492,21.0464255822023
143493,20.8304127657609
143494,20.654
143495,20.78
143496,21.21
143497,30.4157109117151
143498,20.35
143499,18.833
143500,21.185
143501,21.309
143502,20.858
143503,30.000579693026
143504,21.329
143505,19.312
143506,21.74
143507,22.611
143508,21.324
143509,28.9037836403881
143510,23.449
143511,21.626
143512,23.818
143513,24.638
143514,23.588
143515,23.378
143516,21.085
143517,18.9766907838998
143518,21.635880179357
143519,23.191
143520,20.954
143521,13.206
143522,14.772288798669
143523,13.5321197253382
143524,15.809214859303
143525,17.305
143526,13.811
143527,5.205
143528,14.262
143529,14.4495469155351
143530,14.981
143531,16.202
143532,14.651
143533,3.295
143534,14.185
143535,14.92
143536,14.946
143537,15.344
143538,14.3474996204037
143539,6.71016437952576
143540,15.0762206396151
143541,15.784
143542,15.7865427552354
143543,16.1855551188521
143544,14.449
143545,12.777
143546,15.195
143547,16.632
143548,17.699
143549,17.982
143550,15.217
143551,14.4630343495725
143552,15.285
143553,17.578
143554,19.908
143555,20.46
143556,15.9608085083737
143557,12.3097759515866
143558,14.7179597129163
143559,18.236
143560,20.029
143561,21.204
143562,15.387
143563,14.6781297490011
143564,10.6530903247345
143565,18.899
143566,20.633
143567,21.0682679076288
143568,13.9961237438594
143569,24.521
143570,14.756
143571,24.736
143572,24.969
143573,25.4321470029336
143574,15.212
143575,73.5596873253056
143576,21.108
143577,40.5105388535458
143578,40.416
143579,42.5492885352386
143580,20.981
143581,47.3409311581218
143582,18.639
143583,27.6588993608268
143584,26.625
143585,26.4008596818183
143586,18.141
143587,34.1865471092171
143588,16.819
143589,24.923
143590,24.1447961319262
143591,23.579
143592,15.981
143593,20.1837315454195
143594,13.0525102946924
143595,22.897
143596,21.834
143597,22.162
143598,11.787
143599,19.266
143600,12.287
143601,21.374
143602,21.089
143603,21.125
143604,10.101
143605,17.4874824736022
143606,13.9373966607023
143607,19.566
143608,18.291
143609,19.4007306518341
143610,9.45
143611,16.783
143612,14.1444556715867
143613,19.35
143614,16.398
143615,19.8575162717878
143616,14.086
143617,15.769
143618,12.404
143619,19.461
143620,17.808
143621,19.407
143622,10.603
143623,14.928
143624,8.008
143625,19.321
143626,19.023
143627,18.21
143628,9.486
143629,14.305
143630,8.55736414861945
143631,18.387
143632,19.1251832954145
143633,19.182
143634,6.057
143635,14.3559861912188
143636,11.946
143637,9.65109026256268
143638,19.249
143639,20.0469572922996
143640,8.51802454445277
143641,14.094
143642,13.4757101474545
143643,8.292
143644,18.944
143645,20.256
143646,10.4454332487419
143647,13.971643576533
143648,12.489
143649,8.07267553198966
143650,15.9795208564377
143651,18.141
143652,12.584
143653,14.9119995329257
143654,16.926
143655,9.444
143656,18.0602769818512
143657,12.424
143658,15.01
143659,8.41815041815739
143660,11.665
143661,4.084
143662,-2.422
143663,10.426
143664,12.0692028380002
143665,-2.23791889149219
143666,1.65895691849728
143667,-1.30191594436695
143668,-22.9782260832009
143669,-6.39701530202946
143670,-0.888
143671,-4.40915687047908
143672,-4.29444225539751
143673,-2.779
143674,-27.3492514660498
143675,-6.27610911714774
143676,-3.426
143677,-6.826
143678,-5.28622938939291
143679,-3.841
143680,-27.817
143681,-4.55
143682,-5.96005168453758
143683,-7.42112254879913
143684,-6.74298181892729
143685,-4.644
143686,-25.649
143687,-3.812
143688,-5.31059043976783
143689,-5.16402287485131
143690,-6.00577096387141
143691,-3.518
143692,-23.4148113514221
143693,-1.27
143694,-6.21175678993052
143695,-3.15590739660753
143696,-4.12015154587527
143697,-2.70079302471528
143698,-16.5668396015156
143699,-0.008
143700,-5.1105211320543
143701,-1.43703666352956
143702,-0.899392988226795
143703,-3.835
143704,-1.9028789990182
143705,-0.700956259651417
143706,-1.90337032463971
143707,0.392
143708,-0.156
143709,-3.644
143710,-23.6816056149631
143711,0.365
143712,-0.404796160284761
143713,11.226
143714,10.846
143715,0
143716,3.32404738758699
143717,11.7308024060788
143718,8.78758582928351
143719,39.7452017303531
143720,26.3279899392657
143721,19.536
143722,21.106
143723,28.056
143724,26.665
143725,35.6784968050849
143726,24.438938994174
143727,20.8798724351175
143728,23.999
143729,27.114
143730,23.973
143731,29.99
143732,24.097
143733,19.720781980462
143734,24.156
143735,25.755
143736,23.474
143737,26.0095115643253
143738,21.4092238230386
143739,17.7859447050465
143740,21.026
143741,25.5194334262609
143742,21.013
143743,24.015
143744,20.664
143745,19.308
143746,17.175
143747,22.781
143748,21.6281211288407
143749,24.185
143750,21.979
143751,19.162
143752,15.7038737867024
143753,18.897
143754,22.568
143755,26.613
143756,22.5322308248031
143757,18.857
143758,12.5041845612551
143759,18.099
143760,23.2681178872448
143761,27.5938852091735
143762,24.3588555337022
143763,19.223
143764,12.8440157023492
143765,16.25
143766,24.389
143767,27.57
143768,24.919
143769,17.855
143770,10.622
143771,15.0976850350969
143772,24.518
143773,29.976
143774,24.395
143775,19.004
143776,12.019
143777,16.112
143778,24.9592947412166
143779,29.262
143780,26.176
143781,20.196
143782,16.254
143783,17.766
143784,26.182
143785,31.1777257051322
143786,27.473
143787,21.381
143788,18.164
143789,17.6803040406888
143790,27.2821896652884
143791,40.067
143792,32.083
143793,23.279
143794,26.335
143795,26.5295975137961
143796,32.094
143797,50.2167162337177
143798,36.928
143799,26.767
143800,28.068
143801,29.6547952079987
143802,36.8239663778049
143803,44.9938062437832
143804,31.676
143805,24.155
143806,23.588
143807,26.4579656341391
143808,30.952567277516
143809,19.0185020172281
143810,19.427
143811,14.6792279330343
143812,16.888
143813,18.481
143814,19.02
143815,14.666
143816,16.118
143817,5.31
143818,10.357
143819,14.172
143820,16.135
143821,13.571
143822,14.363
143823,1.14485506554783
143824,10.558
143825,13.233
143826,14.563
143827,12.5462539659682
143828,13.772
143829,0.696
143830,8.66915619696791
143831,12.054
143832,14.014
143833,12.2035478761508
143834,13.958
143835,0.852409704346172
143836,9.818
143837,11.946
143838,14.066
143839,11.3057642585274
143840,12.4932733139546
143841,0.0400406684075915
143842,8.416
143843,11.1384082951233
143844,12.8154170139742
143845,11.017
143846,12.667
143847,0.654528176163349
143848,8.274
143849,11.589
143850,12.9037272978544
143851,12.2581741733027
143852,13.1556608389754
143853,5.84792566327011
143854,9.43172651067314
143855,12.467
143856,13.46
143857,19.89
143858,19.741
143859,18.295
143860,18.5150062855523
143861,19.749
143862,19.847
143863,65.2572047541167
143864,40.193
143865,42.5612794257014
143866,42.1094334056153
143867,43.1587402690873
143868,41.3990630453274
143869,32.903135814372
143870,26.176
143871,30.8822365694737
143872,29.7408067389618
143873,30.4757605846116
143874,28.6194759563706
143875,25.881
143876,20.466
143877,26.4642193894841
143878,25.8078703605699
143879,26.136
143880,22.903
143881,21.422
143882,18.0911048327763
143883,23.787
143884,23.707
143885,24.044
143886,18.672
143887,17.235
143888,15.6215899894195
143889,21.592
143890,20.974
143891,21.606
143892,15.1244438903155
143893,15.7734993537003
143894,11.691
143895,20.534
143896,19.393
143897,20.142
143898,9.354
143899,13.457
143900,8.01465627573396
143901,19.126
143902,17.686
143903,18.5188235995057
143904,7.10609283061613
143905,13.58
143906,6.20395172484269
143907,18.833
143908,15.391
143909,15.4218197877994
143910,5.848
143911,14.272301305357
143912,5.865
143913,18.448
143914,16.7352733928441
143915,14.7772640585602
143916,3.254
143917,15.067
143918,4.92757180098704
143919,17.3962705880961
143920,17.325
143921,14.696
143922,2.791
143923,14.596
143924,4.0275650988549
143925,17.949
143926,17.738
143927,15.106
143928,1.921
143929,15.231
143930,5.673
143931,18.3923751826353
143932,17.5003480706109
143933,15.283
143934,2.63735802621226
143935,17.7413482454705
143936,10.04
143937,19.722
143938,19.199
143939,17.631
143940,6.70780740753702
143941,19.572
143942,13.1262977838004
143943,22.8705546067002
143944,22.6123893307319
143945,21.815
143946,10.908
143947,16.35
143948,8.6
143949,20.397
143950,21.38
143951,20.389
143952,5.84564908342002
143953,1.80543505572162
143954,-1.0284005589129
143955,13.358
143956,14.0172067243188
143957,14.43
143958,-1.55060044190607
143959,-1.599
143960,-4.3501044116865
143961,8.84058503016824
143962,7.9511813644451
143963,8.927
143964,-4.91155567702979
143965,-3.07169669259751
143966,-5.97856183957707
143967,8.02786890533055
143968,5.908
143969,5.119
143970,-6.50519886539824
143971,-4.55518413167019
143972,-7.08996014274235
143973,2.88271500892082
143974,3.669
143975,1.352
143976,-6.68438617285201
143977,-4.7786441643847
143978,-10.8412837113195
143979,-0.473665468389676
143980,0
143981,0.517506750828419
143982,-9.25254997025738
143983,-4.65843962482417
143984,-11.0850414894238
143985,-1.662
143986,-0.180991471597004
143987,-0.177856635903225
143988,-10.0736428306196
143989,-7.80100042202907
143990,-10.348
143991,-1.02195842912935
143992,-0.239440100836071
143993,-1.022
143994,-10.4100137239011
143995,-6.722
143996,-9.52529000375373
143997,-1.853
143998,-2.03348723108148
143999,-2.45271280764071
144000,-9.56029871392542
144001,-1.342
144002,-0.476
144003,6.894
144004,1.57047628012188
144005,5.35201500747004
144006,-0.682183497979606
144007,21.103
144008,21.005
144009,21.675
144010,21.3796606251824
144011,20.158
144012,20.492
144013,20.639
144014,14.8264792127274
144015,18.1802287056528
144016,14.8038581151697
144017,17.4207118507457
144018,15.252
144019,19.7268335175859
144020,14.854
144021,19.1
144022,8.46462480066278
144023,11.232
144024,11.807
144025,18.486
144026,10.2086614475225
144027,13.72
144028,1.668
144029,7.95957000962852
144030,11.1043571870087
144031,16.559
144032,6.09302582240709
144033,11.949
144034,0.40217552882684
144035,3.265
144036,7.24757128161544
144037,14.349
144038,5.46666327243316
144039,10.3204596814068
144040,0.185665083381971
144041,0.073
144042,3.76166995005807
144043,13.9927158394816
144044,7.863
144045,8.872
144046,0.234
144047,0.007
144048,2.6279561224439
144049,14.995
144050,6.6996168267308
144051,8.754
144052,0.662933695909143
144053,-0.723
144054,4.35913850224112
144055,15.8130767489163
144056,10.622
144057,9.67999689484027
144058,2.67
144059,0.651561283143059
144060,7.38266654449834
144061,17.653
144062,14.741
144063,12.1987063007165
144064,3.949
144065,3.408
144066,11.904
144067,19.4607579656554
144068,18.696
144069,12.974
144070,8.662
144071,7.768
144072,15.971
144073,21.674
144074,19.6480526659572
144075,14.685
144076,12.9278152380091
144077,13.308
144078,19.651
144079,23.539
144080,17.748
144081,15.5418916271489
144082,14.227
144083,15.316
144084,20.37
144085,30.465
144086,20.81548524194
144087,19.003
144088,19.283
144089,19.604
144090,21.672
144091,29.0721961143356
144092,19.768
144093,19.322
144094,17.877
144095,18.77
144096,20.175
144097,18.108
144098,15.361
144099,14.1669707331084
144100,14.112
144101,14.448
144102,15.419
144103,15.3077762923604
144104,14.721
144105,9.884
144106,11.5876529741001
144107,13.374
144108,14.809
144109,15.7606108657146
144110,14.534
144111,7.85757105315151
144112,7.574
144113,13.58
144114,15.352
144115,14.917
144116,15.408
144117,5.09617008745554
144118,5.89413357052791
144119,12.385
144120,15.3663675414689
144121,14.7320304422827
144122,16.438
144123,6.77298331699912
144124,2.44417073261612
144125,11.5507224469973
144126,15.807
144127,15.854701236651
144128,17.65
144129,8.61723025416272
144130,0.268467080484399
144131,11.262
144132,17.421
144133,16.993
144134,18.63
144135,12.06
144136,4.33191822180502
144137,13.1072532155086
144138,18.269
144139,18.55
144140,18.552
144141,12.465
144142,5.37730081499946
144143,13.6404124415491
144144,18.859
144145,29.7527318283501
144146,26.6883493622306
144147,18.7398708258567
144148,19.288
144149,19.392
144150,27.2623616143549
144151,85.7473638558676
144152,45.811
144153,24.593
144154,27.09
144155,29.8477382651748
144156,45.275896365443
144157,59.2924803663327
144158,29.075
144159,24.456
144160,22.3997991729703
144161,23.773
144162,28.405
144163,58.2970351659433
144164,27.0715597699954
144165,23.0178684635088
144166,18.764
144167,20.147
144168,26.8479934952885
144169,33.6208983040433
144170,26.928
144171,21.3581685103582
144172,15.88
144173,16.8174056266734
144174,25.202
144175,25.652
144176,23.746
144177,20.2986608674976
144178,13.936
144179,15.253
144180,23.204
144181,24.688
144182,22.074
144183,18.926
144184,11.204193997166
144185,11.6458857323239
144186,19.74
144187,22.1932517242017
144188,19.536
144189,17.624
144190,8.48741521061098
144191,9.793
144192,17.4090172845347
144193,19.9
144194,18.71
144195,13.442834416918
144196,1.57702088779744
144197,7.07
144198,17.36
144199,19.5143696305012
144200,18.452
144201,12.5782143470958
144202,2.518
144203,7.985
144204,17.604
144205,18.658
144206,19.117
144207,11.9389084488249
144208,1.541
144209,10.33
144210,17.352
144211,19.1126482627646
144212,19.218
144213,13.0702267507202
144214,7.17175823579083
144215,12.092277594422
144216,18.101
144217,19.6678988037352
144218,19.402
144219,14.3816170782653
144220,10.2
144221,11.55
144222,17.565
144223,20.564
144224,19.669
144225,15.546
144226,11.8440928232048
144227,9.41429141272616
144228,16.6795641813864
144229,22.83
144230,21.84
144231,18.168448969286
144232,16.511
144233,13.018
144234,19.5035360874905
144235,21.232
144236,20.12
144237,17.766
144238,17.2361060907112
144239,12.4235743256944
144240,17.947
144241,11.907
144242,12.9763579088378
144243,12.8194038257326
144244,9.36956904351613
144245,9.629
144246,11.0407180163946
144247,7.736
144248,12.647
144249,12.2471673133309
144250,6.7477220033335
144251,0.922136396428341
144252,8.945
144253,12.099
144254,14.152
144255,4.49469990213318
144256,-1.12772437606782
144257,-0.826
144258,12.723
144259,12.0437228895322
144260,14.563
144261,5.51827382625148
144262,-2.679
144263,0
144264,14.057
144265,13.034
144266,16.5435700977725
144267,10.4508083507274
144268,-1.34631034623605
144269,3.036
144270,14.051
144271,13.063
144272,15.912398552674
144273,11.48
144274,-0.636
144275,5.256
144276,14.159
144277,14.2289768276097
144278,13.3114457134731
144279,12.3726251233084
144280,1.58
144281,10.2706490015072
144282,14.6234114846279
144283,17.913
144284,15.563
144285,16.5387228757175
144286,13.746
144287,13.3529028669921
144288,15.421
144289,25.8006738631025
144290,20.685
144291,20.274
144292,21.2730122043736
144293,19.4288516319552
144294,20.2070114541671
144295,65.874263132606
144296,30.9128588235091
144297,24.0001774539343
144298,27.9169086264498
144299,28.6241936055571
144300,31.8187269203425
144301,27.4808924840276
144302,21.5679249149701
144303,21.28
144304,24.074
144305,22.619
144306,20.452
144307,22.9976878391433
144308,17.034
144309,19.4810896693788
144310,20.363
144311,20.671
144312,15.845
144313,20.4658228527208
144314,11.886
144315,17.02
144316,9.14802269052538
144317,17.2316551420788
144318,10.9440088248294
144319,19.961
144320,13.394
144321,15.813
144322,10.2898742188626
144323,6.48428752842045
144324,9.641
144325,17.952
144326,7.68798381997982
144327,15.167
144328,9.675
144329,6.05241135413861
144330,7.425
144331,16.202
144332,6.457
144333,13.942
144334,11.83
144335,6.239
144336,3.90819083133352
144337,17.202
144338,6.433
144339,12.015
144340,6.79309204072361
144341,5.4877797386702
144342,4.416
144343,15.408
144344,1.81946523995217
144345,10.0129066463394
144346,4.95816307327309
144347,4.00001146663153
144348,0.515186556868239
144349,15.936
144350,2.98090921916083
144351,11.662
144352,8.835
144353,5.536
144354,2.004
144355,16.183
144356,8.18860947620803
144357,14.1510491964066
144358,11.229
144359,7.89313754262161
144360,5.602
144361,17.3483995124896
144362,9.87675282052952
144363,14.9031027536944
144364,11.314770272406
144365,13.3263889610664
144366,11.25
144367,18.023
144368,15.104
144369,15.2790472194482
144370,12.6487678138226
144371,13.605
144372,14.0651176086105
144373,22.2542927349849
144374,20.45
144375,19.371
144376,18.824085539137
144377,16.7908555035933
144378,17.48
144379,21.507
144380,20.222
144381,18.516
144382,16.795
144383,15.011
144384,18.083
144385,13.1754615029437
144386,15.997
144387,13.173
144388,10.158
144389,11.515
144390,14.8073372788671
144391,11.7326196531431
144392,15.192
144393,12.963
144394,6.46
144395,5.09482555685399
144396,15.803
144397,13.32
144398,16.6631013169693
144399,8.243
144400,-2.203
144401,8.05307063863285
144402,16.5402247444582
144403,13.827343855818
144404,17.237
144405,10.711
144406,0.16440327083087
144407,6.90424856145597
144408,16.382
144409,16.5719537121084
144410,17.847
144411,15.3145378697804
144412,13.305
144413,12.859
144414,19.258
144415,17.376
144416,19.0808292989968
144417,17.1809726989046
144418,13.8
144419,15.044
144420,19.353
144421,16.4223035234174
144422,19.268
144423,16.523
144424,15.2646739415729
144425,15.144
144426,18.936
144427,18.053
144428,19.378
144429,16.1952566880512
144430,16.6003012450984
144431,16.6588929019678
144432,19.7918004838569
144433,24.628
144434,24.097
144435,21.322
144436,21.705
144437,21.176
144438,24.748
144439,62.7099740924546
144440,37.836
144441,28.606
144442,30.9177827413815
144443,32.8616914320675
144444,39.3392969760839
144445,27.6453247842649
144446,24.5171461542015
144447,20.544
144448,22.247
144449,23.82
144450,24.8853731070979
144451,22.767
144452,21.338
144453,18.669
144454,19.7312615423781
144455,19.0979146846964
144456,21.988
144457,20.659
144458,17.994
144459,15.7553514664238
144460,4.80739891245539
144461,19.462
144462,19.813
144463,18.758
144464,16.138
144465,16.308
144466,3.46219507096637
144467,10.466
144468,15.0893345426815
144469,17.036
144470,10.2909407558736
144471,15.269
144472,1.80885777277613
144473,2.285
144474,8.345
144475,15.6214911066942
144476,6.59776284401263
144477,14.4632413456189
144478,7.282
144479,2.58337963375739
144480,5.89911549448557
144481,13.722
144482,7.75377081051384
144483,9.95
144484,10.1462028415126
144485,5.14092928341554
144486,0
144487,11.9477115710255
144488,0
144489,8.51433773139933
144490,6.68978456455177
144491,2.54
144492,-0.0547279753223356
144493,12.403
144494,0.008
144495,8.21060934080485
144496,9.34196157816052
144497,6.17957968996368
144498,-0.402461028579595
144499,12.3462138546131
144500,1.75385880514864
144501,9.112
144502,12.553
144503,8.759
144504,-0.390727082018337
144505,12.7620748647919
144506,5.74045541658538
144507,11.2616412077219
144508,13.858
144509,10.824841488029
144510,0
144511,14.553
144512,10.8853950770343
144513,12.3914713421916
144514,13.497
144515,12.262827891224
144516,0.32
144517,17.702
144518,8.44
144519,17.0519160575163
144520,17.347
144521,17.328
144522,4.585
144523,17.088
144524,8.63733661169449
144525,15.809
144526,15.547
144527,15.737
144528,8.26239240931302
144529,4.105
144530,0.00302661603711022
144531,8.42665568732739
144532,9.42277739408024
144533,8.786
144534,-0.108
144535,6.773
144536,-1.73838608640299
144537,9.632
144538,5.543
144539,8.44688655036936
144540,-1.72778534769065
144541,9.60941592456663
144542,-1.372
144543,5.029
144544,2.20507829184525
144545,3.47988323213378
144546,-1.33903147128389
144547,11.2972418560468
144548,2.1450312190455
144549,8.35811580704179
144550,3.45553083449124
144551,7.442
144552,2.01746674273871
144553,13.941
144554,4.9519765074546
144555,11.979941316633
144556,9.867
144557,11.821
144558,4.664
144559,14.286
144560,4.828
144561,14.1138153694419
144562,13.3518624028862
144563,14.599
144564,4.73339225052661
144565,15.289
144566,5.79437109893629
144567,14.7615529271922
144568,13.8567393809512
144569,15.7595660549913
144570,7.24214665882434
144571,19.575
144572,15.3285236086036
144573,17.192
144574,17.467
144575,17.855
144576,13.747
144577,28.146
144578,23.945
144579,24.375
144580,24.230736132315
144581,24.415
144582,23.585
144583,46.854456740984
144584,43.505
144585,34.372
144586,34.7698381598807
144587,36.1664821732495
144588,37.4344475327869
144589,32.8281679353058
144590,24.597
144591,22.159
144592,25.0469434665607
144593,26.54
144594,32.9307131307815
144595,26.254
144596,20.826
144597,19.923
144598,21.974
144599,21.165
144600,22.17
144601,24.098
144602,20.0516672296178
144603,18.5250050038478
144604,14.66
144605,21.165
144606,20.6687387890172
144607,22.031497118828
144608,19.892
144609,16.949
144610,13.2426552978907
144611,15.9441978124957
144612,20.375
144613,22.183
144614,18.956
144615,16.0848343044076
144616,15.0942502856956
144617,13.897
144618,20.321
144619,22.3366372545196
144620,20.2008021854441
144621,16.1520677166797
144622,16.3155045337644
144623,14.2466344203644
144624,21.051
144625,21.996
144626,17.725
144627,16.761
144628,16.601
144629,15.31
144630,18.151047418488
144631,22.444
144632,18.252
144633,16.998
144634,16.116
144635,16.852
144636,19.0300209857425
144637,22.603
144638,18.1823523736295
144639,15.966
144640,17.635
144641,17.146
144642,19.103731611368
144643,23.877
144644,19.092
144645,16.715
144646,16.69
144647,17.346
144648,18.655456987051
144649,25.1700135306514
144650,19.72
144651,17.663
144652,17.344879047216
144653,18.063
144654,19.3
144655,36.6962336114963
144656,20.789
144657,18.7611291010994
144658,18.936
144659,19.228
144660,21.189
144661,44.593
144662,23.6673359537948
144663,21.139100772633
144664,22.758
144665,22.659
144666,23.296
144667,27.25
144668,21.486
144669,20.236
144670,21.625
144671,20.777
144672,21.671
144673,17.612
144674,16.6935932748176
144675,14.521
144676,15.892
144677,15.2056717404009
144678,16.635
144679,15.3884104776893
144680,16.625
144681,13.873
144682,15.325
144683,15.536
144684,16.308
144685,14.9888310159538
144686,17.4364223543827
144687,15.659
144688,16.161
144689,16.102
144690,17.306
144691,16.43
144692,18.8627472610797
144693,17.638
144694,17.687
144695,17.904
144696,18.696
144697,16.833
144698,18.853
144699,19.152345275562
144700,19.3655616255306
144701,19.3285883918838
144702,18.8192004999474
144703,20.021
144704,20.564
144705,21.203
144706,21.4968552724434
144707,21.865
144708,20.809
144709,20.8098697469548
144710,21.719
144711,21.927058899023
144712,22.362
144713,22.4328539517361
144714,21.743
144715,24.786
144716,23.767
144717,23.403
144718,24.543
144719,24.1416050058364
144720,24.196
144721,39.556
144722,35.3082836604139
144723,31.275808653389
144724,31.809
144725,33.41
144726,35.362488549101
144727,99.0382382613444
144728,49.5614172749872
144729,40.7656994434054
144730,42.2874189272835
144731,44.2750606336976
144732,52.062735095792
144733,71.0296138298665
144734,40.0787073814167
144735,26.58
144736,28.549
144737,30.1000636698048
144738,41.704
144739,70.9542570125523
144740,36.153
144741,26.583
144742,22.499
144743,25.6668119313642
144744,39.3757129662859
144745,66.8596534802927
144746,35.0443865858354
144747,24.7225476802563
144748,21.442928587725
144749,21.323
144750,35.879
144751,57.5952308487764
144752,32.128
144753,23.273
144754,20.2385441553381
144755,20.7826310755017
144756,30.976
144757,43.9061427378979
144758,23.274
144759,21.892
144760,18.192
144761,18.3900681119197
144762,27.1767099709859
144763,40.7351549580192
144764,21.0000299337018
144765,20.6811750111902
144766,17.201
144767,16.89
144768,22.205
144769,30.2539621115821
144770,21.2738577035432
144771,18.6038511116453
144772,14.262
144773,15.7436373227034
144774,21.665
144775,32.924
144776,20.528
144777,18.031
144778,16.012
144779,15.8389318995425
144780,20.752
144781,29.3869747470819
144782,20.322
144783,19.097
144784,15.6377832113118
144785,16.4189588859627
144786,20.708
144787,25.633
144788,20.303
144789,18.966
144790,15.769
144791,15.54
144792,21.143
144793,26.5423252253469
144794,21
144795,19.273
144796,15.5839205949999
144797,16.9177539754211
144798,21.242
144799,31.2790882147687
144800,20.614221594728
144801,19.143
144802,16.252
144803,17.905
144804,20.918
144805,27.1726448041277
144806,23
144807,21.713
144808,20.903
144809,20.536
144810,22.345
144811,24.258
144812,21.181
144813,21.0884947601683
144814,19.824
144815,19.433601679698
144816,19.9977163857254
144817,15.9438307142068
144818,17.0966849699872
144819,17.623
144820,16.086
144821,16.5082069357777
144822,15.615
144823,9.962
144824,12.403
144825,14.1783111702165
144826,13.4237753587988
144827,15.1851202981148
144828,15.418
144829,3.733
144830,15.077
144831,14.389
144832,12.4829560744129
144833,15.244
144834,15.695
144835,0.567
144836,15.238
144837,15.467
144838,9.563
144839,15.29
144840,15.8363732623794
144841,2.603
144842,15.325
144843,15.173
144844,9.28
144845,15.712
144846,15.9481574699594
144847,8.17774053868541
144848,17.387
144849,14.6153975256252
144850,10.9290064639866
144851,16.7365171589786
144852,17.354
144853,13.6110072395417
144854,17.328
144855,15.599
144856,9.35812299928945
144857,14.423
144858,16.86
144859,18.2671183596166
144860,13.5839307011573
144861,11.446
144862,8.22639732223361
144863,11.912
144864,13.3875134394642
144865,29.037
144866,18.291
144867,18.434
144868,15.037362436045
144869,17.201956524624
144870,18.484
144871,72.3629752881132
144872,31.933
144873,23.932
144874,24.501
144875,26.78
144876,35.007623419564
144877,52.5679709523239
144878,27.1130937156571
144879,22.357
144880,17.383
144881,24.2058186430558
144882,28.46
144883,49.3415620415419
144884,26.0717734340292
144885,19.744157552591
144886,15.401
144887,16.102
144888,26.011
144889,46.2017294874604
144890,24.574
144891,19.7818453450041
144892,14.287
144893,13.278
144894,21.876
144895,45.1810662579952
144896,22.4817006470588
144897,19.98
144898,11.1364617128844
144899,11.653
144900,19.347
144901,35.6517566922693
144902,21.13
144903,17.759
144904,7.889
144905,7.98686530569366
144906,18.238
144907,31.116
144908,16.196
144909,17.235
144910,10.8504485905251
144911,7.112
144912,18.107
144913,32.326
144914,14.367
144915,17.9368276573266
144916,13.4052569125152
144917,11.2221077462156
144918,18.643
144919,28.2044497795953
144920,17.177
144921,16.684493275118
144922,12.829
144923,10.835
144924,15.489
144925,26.675
144926,13.691
144927,16.9589541836162
144928,12.3614895463976
144929,9.92297009004982
144930,13.5512775391744
144931,34.133
144932,15.8
144933,18.399
144934,14.732
144935,12.722
144936,13.1389828502235
144937,35.9409596364327
144938,17.4973035800343
144939,18.606
144940,15.0126846651958
144941,12.6565319542626
144942,15.542
144943,36.892
144944,18.028
144945,19.087
144946,16.867
144947,16.832
144948,17.4000710609743
144949,47.3715034651423
144950,21.504
144951,22.56
144952,21.526
144953,20.977
144954,21.7210792884067
144955,47.7251215483875
144956,21.538
144957,24.369
144958,21.193
144959,21.084
144960,22.384
144961,24.644
144962,18.2880535553101
144963,21.301
144964,18.231
144965,19.2966709794369
144966,18.5617543996555
144967,22.6476088949424
144968,17.656
144969,18.966
144970,13.605
144971,16.147135833402
144972,18.209
144973,22.28
144974,20.209
144975,16.9654140638924
144976,11.197
144977,17.414
144978,21.764
144979,24.696
144980,22.7490743409258
144981,18.662
144982,16.842
144983,19.232
144984,22.928
144985,25.734
144986,23.725
144987,20.71
144988,18.523
144989,19.886
144990,22.3315158837541
144991,27.1225648640463
144992,24.849
144993,22.4630777811856
144994,20.1957839934175
144995,21.3392655266116
144996,23.5977879076363
144997,28.589
144998,28.255
144999,24.626
145000,21.9133605546247
145001,23.03
145002,26.8078065101371
145003,30.591
145004,29.1571009277191
145005,26.181
145006,22.878748924016
145007,24.068
145008,29.247
145009,41.972
145010,38.6613777727215
145011,28.823
145012,27.0748862956519
145013,28.292
145014,39.208566430415
145015,98.8092229524177
145016,52.3687866862677
145017,28.993
145018,32.229
145019,34.8710347259233
145020,52.155080024404
145021,71.7205872644773
145022,35.9980997898218
145023,26.482
145024,22.407
145025,28.874
145026,31.3122042070728
145027,66.2337501326998
145028,30.6654623888003
145029,26.0384360800391
145030,21.181
145031,23.5599204807527
145032,28.6563790347967
145033,35.8063159640816
145034,28.376
145035,25.108
145036,21.371
145037,20.1660597340059
145038,28.272
145039,35.371
145040,26.052
145041,23.546
145042,19.947
145043,17.358
145044,24.921
145045,28.2830817551806
145046,22.278
145047,21.738
145048,18.908
145049,16.88
145050,22.421
145051,25.594357699928
145052,21.4730566104302
145053,20.653005503902
145054,18.042
145055,15.559
145056,21.026
145057,24.078
145058,19.935
145059,21.5263892446133
145060,17.774
145061,18.523
145062,19.571
145063,23.9114044346238
145064,19.66
145065,19.657
145066,18.2122254344793
145067,18.5416409928564
145068,19.426
145069,25.173
145070,20.785
145071,20.37
145072,16.9796505306531
145073,17.529
145074,18.0177246197638
145075,26.937
145076,22.2396817742559
145077,21.853
145078,17.9097583226663
145079,18.875
145080,20.091
145081,27.1
145082,22.969
145083,21.085
145084,18.945
145085,19.475
145086,23.534
145087,27.132
145088,23.8203898641382
145089,21.435
145090,19.272
145091,20.117
145092,25.199
145093,30.7641309772672
145094,28.3811636139752
145095,26.533
145096,22.992
145097,22.863
145098,27.783
145099,35.3464352540288
145100,27.9074913621359
145101,26.029038933536
145102,22.961
145103,22.93
145104,28.12
145105,27.829
145106,23.938
145107,23.023
145108,18.744
145109,19.081
145110,24.019046747474
145111,26.493
145112,23.687
145113,21.937
145114,12.943
145115,14.6704628393257
145116,23.302
145117,25.376
145118,23.2901221981856
145119,21.6410489162885
145120,5.40753434255114
145121,14.2400314196825
145122,23.251
145123,25.341989110315
145124,22.542
145125,20.674
145126,5.9036573192787
145127,12.653752254999
145128,22.7347707549732
145129,26.421
145130,23.166
145131,22.26
145132,5.80558067205865
145133,12.889
145134,23.134
145135,28.266
145136,24.097
145137,22.557
145138,9.259
145139,16.8655405717114
145140,24.371
145141,30.4236657745742
145142,26.9032191322349
145143,23.865
145144,11.754
145145,18.641
145146,27.0604664560303
145147,33.23
145148,28.903
145149,25.589
145150,12.943
145151,19.455
145152,29.0388514212771
145153,45.3589446589155
145154,34.402
145155,26.768
145156,18.04
145157,19.2557993743283
145158,34.4704283241302
145159,59.9806031711687
145160,40.851
145161,29.1370341976408
145162,23.329
145163,24.698
145164,39.9722870628561
145165,52.9400824288266
145166,26.209
145167,25.994
145168,22.1
145169,25.265
145170,32.3400129041366
145171,50.9279847374236
145172,24.99
145173,25.885
145174,19.116
145175,20.41
145176,34.1674366315694
145177,48.664
145178,30.9710676358948
145179,24.923
145180,17.6196070152759
145181,19.5159513360603
145182,31.7303854785154
145183,37.936
145184,29.8007828461808
145185,23.7733473881781
145186,16.661
145187,18.386
145188,28.939433516527
145189,33.6390323087071
145190,27.33
145191,23.3201300894821
145192,14.934
145193,15.2008196503437
145194,27.2163004389539
145195,36.066
145196,25.366
145197,21.4918247428063
145198,11.972
145199,14.263
145200,23.507783991219
145201,24.916
145202,23.461
145203,22.6400236988464
145204,13.5224175147889
145205,15.5427842236917
145206,22.727
145207,27.511
145208,22.806
145209,21.799
145210,15.779
145211,15.886
145212,22.998
145213,22.904
145214,23.1826506843445
145215,21.658
145216,14.8188596280695
145217,15.860475153721
145218,20.259628699739
145219,23.1145882918029
145220,22.681
145221,20.9232137269091
145222,14.6215191605438
145223,16.854
145224,21.46
145225,22.918
145226,20.927
145227,21.5409524329558
145228,16.426
145229,16.7687466610406
145230,19.651
145231,25.344
145232,17.5899575705172
145233,22.698
145234,18.741998314156
145235,18.831036995054
145236,21.060269427333
145237,26.7835988461128
145238,21.951
145239,24.997
145240,20.777
145241,20.85
145242,23.872
145243,27.9512296531848
145244,21.283
145245,24.761
145246,20.203
145247,20.874
145248,22.057
145249,26.832
145250,18.5746598201105
145251,22.395
145252,18.944
145253,19.72
145254,18.729
145255,26.1258004991316
145256,18.677
145257,21.7361385754355
145258,14.7740079046015
145259,16.495
145260,20.315
145261,22.3048574002773
145262,16.562
145263,17.82
145264,3.57244995372741
145265,10.957
145266,17.4398260572211
145267,17.47
145268,14.639
145269,13.6791260210063
145270,-1.43
145271,1.4391412815846
145272,13.024
145273,21.175
145274,14.692
145275,12.975
145276,-3.75869801228295
145277,2.60513594158201
145278,16.282
145279,21.506
145280,17.654
145281,18.265
145282,-0.492
145283,8.34910865127218
145284,16.69
145285,24.017
145286,17.794
145287,21.988
145288,7.75580488381765
145289,15.535
145290,15.15
145291,26.733
145292,18.193
145293,23.4901045299209
145294,13.8547332517929
145295,17.621
145296,19.768
145297,37.7090545413016
145298,21.675
145299,21.3052685660226
145300,18.167
145301,19.654
145302,21.3608348433649
145303,44.4667190047065
145304,25.6837137787823
145305,24.2970454322009
145306,24.1795604827011
145307,26.2235342517112
145308,25.437
145309,42.8904653349263
145310,29.21
145311,25.2044134731199
145312,21.499
145313,24.506
145314,30.442
145315,34.996
145316,27.052
145317,23.061
145318,19.068
145319,23.756
145320,24.631
145321,47.9910840447424
145322,24.245
145323,22.103
145324,19.334
145325,18.825
145326,24.943
145327,63.4846195619016
145328,25.338
145329,22.036866982442
145330,20.135
145331,19.529
145332,23.0662442218992
145333,48.7285496374911
145334,22.8488822898214
145335,19.674
145336,19.068
145337,20.3801749502146
145338,21.017
145339,44.760594712926
145340,20.0166439496176
145341,19.249
145342,18.244
145343,19.86
145344,21.5696724388134
145345,26.236
145346,18.852
145347,20
145348,20.878
145349,18.97
145350,19.006
145351,22.79
145352,15.9581474884168
145353,18.734
145354,18.339354453596
145355,14.1891744277731
145356,16.406
145357,23.2819583972481
145358,14.379
145359,17.836
145360,15.886
145361,15.252
145362,14.92
145363,22.748
145364,15.755
145365,17.396
145366,12.0676197778421
145367,15.857
145368,15.671
145369,23.352
145370,15.009
145371,16.0911352188203
145372,15.6327279561976
145373,17.608
145374,14.593
145375,23.882
145376,16.524
145377,18.399
145378,18.178
145379,18.467
145380,15.287
145381,29.6139481566486
145382,20.507
145383,23.5657096414728
145384,23.284
145385,22.577
145386,20.3594090124855
145387,25.8417426302571
145388,19.915
145389,23.011
145390,23.1114759084188
145391,21.503
145392,19.995
145393,17.049
145394,14.621
145395,18.478
145396,18.62
145397,18.2
145398,16.027
145399,10.0938187322162
145400,13.4252547795436
145401,17.1762368644799
145402,15.4976052312493
145403,17.409
145404,15.844
145405,7.661
145406,16.4813701505031
145407,18.762
145408,17.3392957622211
145409,18.2319052094312
145410,17.486
145411,5.29950123254553
145412,17.539
145413,19.311
145414,18.708
145415,19.4386494090411
145416,17.554
145417,8.786
145418,18.006
145419,20.178
145420,20.33
145421,20.557
145422,17.9551252090333
145423,11.589
145424,20.284
145425,21.906
145426,22.528
145427,22.649
145428,20.423
145429,17.546
145430,20.856
145431,22.0256273162411
145432,23.242
145433,23.2986490482642
145434,21.332
145435,21.4604737928083
145436,24.14
145437,24.0758770744933
145438,24.906
145439,24.927
145440,23.396
145441,36.721
145442,29.0193443836908
145443,30.8890611466652
145444,31.9429065896739
145445,31.19
145446,29.8378165491749
145447,77.6481425014902
145448,29.1189673237548
145449,43.3397300078129
145450,42.231
145451,42.347
145452,36.419
145453,63.255439011901
145454,25.2107077411956
145455,33.528
145456,34.7486135618938
145457,35.129
145458,24.801
145459,61.3258384493365
145460,24.721
145461,33.109
145462,34.387
145463,34.312
145464,24.4368962904421
145465,59.0540179274631
145466,24.973
145467,32.685
145468,25.7580758056246
145469,31.8206805206422
145470,24.681
145471,63.877268323412
145472,23.959
145473,29.963
145474,24.27
145475,29.489
145476,23.8951840840825
145477,62.2179764604468
145478,23.296
145479,28.669
145480,24.753
145481,28.196024367393
145482,23.03
145483,58.9616637166248
145484,22.252
145485,26.9614977065811
145486,24.3571210817552
145487,22.589
145488,22.198
145489,54.2847414399181
145490,22.244
145491,26.465
145492,22.55
145493,21.6676188785692
145494,22.234
145495,42.1807866294549
145496,21.1902538793708
145497,25.137
145498,21.183
145499,21.537
145500,21.2
145501,36.036
145502,20.5978577201213
145503,24.947
145504,21.721
145505,21.199
145506,20.649
145507,27.566
145508,20.42
145509,24.7954558041809
145510,21.476
145511,22.354
145512,20.2002950927117
145513,29.094
145514,20.442
145515,24.025753902336
145516,21.191
145517,22.5
145518,20.399
145519,31.742
145520,20.812
145521,23.5299960804967
145522,22.401
145523,23.43
145524,20.612
145525,36.9195295713056
145526,22.5596562341544
145527,22.731
145528,24.467
145529,25.589
145530,22.701
145531,29.388
145532,21.786
145533,22.549741855332
145534,24.018
145535,24.488
145536,21.826
145537,19.129
145538,19.080090962097
145539,16.825
145540,20.367
145541,20.712
145542,19.249
145543,19.204
145544,18.166
145545,13.8132104271527
145546,18.4098774556257
145547,19.604
145548,18.395
145549,18.984
145550,18.231
145551,13.3972639486135
145552,18.983
145553,19.672
145554,18.6609750869759
145555,18.8926564144523
145556,19.1508820769443
145557,14.097
145558,19.6972391172251
145559,19.937084504723
145560,19.147
145561,19.398
145562,19.477
145563,12.351
145564,19.982
145565,20.392
145566,19.172
145567,19.726
145568,19.665
145569,16.139
145570,20.6551787812236
145571,21
145572,19.316
145573,20.027
145574,19.296
145575,17.642
145576,21.3468458010476
145577,21.043
145578,20.124
145579,20.3064046602523
145580,19.6787492643354
145581,19.27
145582,21.8839305198932
145583,21.549
145584,21.04
145585,30.1627884649794
145586,27.394
145587,25.02
145588,28.8332201171142
145589,27.713
145590,27.2654573135122
145591,51.9016613428046
145592,41.1016285537757
145593,34.0063104807527
145594,36.513
145595,37.305
145596,39.9157211211733
145597,44.1934697799206
145598,32.3136023456863
145599,26.797
145600,26.155
145601,21.446
145602,33.549
145603,37.8308751612516
145604,31.8921325155733
145605,24.5834148289256
145606,15.146
145607,17.9634416193569
145608,31.933
145609,36.57
145610,29.6639579039431
145611,23.475
145612,15.6411785246577
145613,19.3256592953121
145614,29.2521701536862
145615,31.207700467462
145616,28.108
145617,22.703
145618,17.653
145619,20.301
145620,27.7742670209474
145621,29.622
145622,26.2929243892875
145623,21.8660219543606
145624,21.535
145625,20.49
145626,25.851
145627,29.698
145628,25.3683697401709
145629,21.465
145630,18.192
145631,20.132
145632,25.4578578251288
145633,29.037
145634,25.514284471335
145635,21.017
145636,22.676
145637,21.778
145638,25.57
145639,28.809282648839
145640,24.544
145641,20.518
145642,21.349
145643,22.5392437763311
145644,24.9715657053512
145645,29.4959567022109
145646,24.4933416713263
145647,20.899
145648,21.921
145649,21.6969041633049
145650,24.685
145651,31.028
145652,24.895
145653,19.892
145654,21.402
145655,21.031
145656,24.7082632008575
145657,30.818827045491
145658,24.7769025073951
145659,20.003695292776
145660,21.111
145661,22.4247993947556
145662,24.699
145663,30.4051973866938
145664,24.086
145665,20.015
145666,21.567
145667,22.325
145668,24.72
145669,27.094227754735
145670,23.076
145671,20.017
145672,22.203
145673,22.0441814374185
145674,23.4
145675,26.043
145676,22.8832774746734
145677,21.757
145678,21.6163749088106
145679,22.3033802014896
145680,23.154
145681,17.653
145682,19.105
145683,17.235
145684,18.681
145685,19.417
145686,18.574
145687,14.901
145688,16.114
145689,13.289707019182
145690,15.141
145691,16.175
145692,15.1882060726625
145693,13.672
145694,15.2954271077221
145695,16.018
145696,14.107
145697,16.6113519430207
145698,15.319
145699,13.768
145700,15.3328038061371
145701,15.1692121959391
145702,14.969759419985
145703,16.4341842052069
145704,14.9718392757353
145705,14.3314493354876
145706,14.878
145707,16.946
145708,14.666
145709,16.864
145710,14.7
145711,14.695
145712,17.031
145713,16.746
145714,14.5159215245135
145715,15.938
145716,16.721341168733
145717,16.23
145718,17.215
145719,18.1231437494696
145720,15.6783120540988
145721,16.545
145722,16.929
145723,19.402
145724,16.943
145725,20.825
145726,18.566
145727,17.700970757846
145728,18.583
145729,23.549493010221
145730,22.703
145731,25.539
145732,22.807
145733,20.487
145734,22.345
145735,28.833
145736,33.9758338706535
145737,32.1592369457146
145738,27.372
145739,24.7049786713811
145740,33.7197583009059
145741,26.8880461856806
145742,30.5770115042161
145743,25.7356396229437
145744,23.757060508777
145745,19.13
145746,30.4596516228108
145747,23.676
145748,29.1698589857385
145749,24.895
145750,18.944
145751,18.22
145752,28.811
145753,23.344
145754,28.745
145755,23.7329767193101
145756,15.316
145757,19.5072802427058
145758,29.312
145759,27.4704663144464
145760,26.5869308900475
145761,23.449
145762,14.2124746621696
145763,19.509
145764,26.9165916678084
145765,30.548
145766,23.732
145767,23.1393628118178
145768,13.426
145769,15.065
145770,24.103
145771,35.2162425997095
145772,24.1299160635337
145773,23.18
145774,13.905
145775,14.376
145776,24.4589727376484
145777,22.612
145778,22.112
145779,18.968441291254
145780,4.003
145781,9.035
145782,22.21
145783,32.2107811768869
145784,21.482
145785,17.414
145786,3.00530221791998
145787,8.589
145788,22.047
145789,33.816482359535
145790,21.9917868953256
145791,17.637
145792,0.202372917119377
145793,6.581
145794,21.493
145795,35.1828577798668
145796,22.062
145797,17.687
145798,-0.488
145799,6.24133576856351
145800,21.97
145801,33.259
145802,21.775
145803,19.3315899615674
145804,0.716634286320281
145805,7.9
145806,22.273
145807,24.911
145808,22.716
145809,19.5786456238133
145810,6.285
145811,9.17
145812,22.7274205572776
145813,26.5207778045607
145814,24.2846217657315
145815,19.7740318800636
145816,16.1
145817,16.7
145818,24.2304470118611
145819,26.6401790718912
145820,25.364
145821,21.478
145822,18.5781178794833
145823,19.2340024283661
145824,24.989
145825,19.078
145826,20.484
145827,16.905
145828,11.53
145829,10.7431904124953
145830,20.98
145831,18.2626697991407
145832,19.035
145833,13.014
145834,-1.35505676313142
145835,2.176
145836,18.7345735794924
145837,16.723
145838,17.7349312786066
145839,9.74267538426738
145840,-3.755
145841,2.17748545695647
145842,17.506
145843,15.3591756158512
145844,16.702
145845,10.663
145846,-3.65
145847,7.63764989897057
145848,15.825
145849,12.2
145850,14.5326459715902
145851,12.007
145852,2.97078334947623
145853,17.042
145854,14.7
145855,7.63043279505762
145856,14.242
145857,12.894
145858,16.318812713488
145859,20.301
145860,12.1231615159569
145861,4.333
145862,12.389
145863,16.255
145864,20.719
145865,22.146
145866,17.532
145867,10.299
145868,12.8332763346393
145869,20.588
145870,23.748
145871,24.16
145872,19.0447218268418
145873,24.107
145874,20.231
145875,25.573
145876,28.7551488356091
145877,29.2976294536442
145878,21.5194697705557
145879,63.2037623301661
145880,29.679
145881,38.1643818740682
145882,39.7201031105782
145883,40.714114794924
145884,28.8253682543872
145885,62.4942736832684
145886,30.0322573569504
145887,32.833
145888,33.322
145889,33.7640027720262
145890,27.68
145891,64.6072341182519
145892,25.8
145893,32.9477592248228
145894,31.4974350622703
145895,28.254
145896,28.041
145897,64.3139827106729
145898,25.186
145899,31.377
145900,29.255
145901,26.725
145902,26.8201694449431
145903,62.907
145904,28.3266701714886
145905,30.128
145906,24.6403475862064
145907,25.036
145908,27.139
145909,61.7534467190402
145910,29.9134454387997
145911,28.267
145912,23.7941844020052
145913,24.769
145914,32.1151504940895
145915,60.6216055889257
145916,25.666
145917,24.921
145918,23.5
145919,24.731
145920,29.208
145921,31.3304525744078
145922,22.553
145923,24.567
145924,23.459
145925,23.848
145926,23.8408994950288
145927,30.763
145928,22.2934218698555
145929,23.851
145930,22.836
145931,23.404
145932,23.918
145933,30.6583907904225
145934,22.787
145935,23.767
145936,22.804
145937,23.648
145938,24.32
145939,30.821
145940,23.261
145941,24.332
145942,23.133
145943,24.068
145944,24.332
145945,32.6457265072372
145946,24.587572915549
145947,25.1866101490923
145948,24.1976431459927
145949,24.583
145950,25.8969125123807
145951,39.8890955908085
145952,27.192
145953,26.481
145954,25.966
145955,26.5568752520175
145956,28.656693645174
145957,50.7812542750309
145958,27.802
145959,28.0715391418209
145960,27.487
145961,28.3692688631856
145962,27.8171076375962
145963,60.7425664539951
145964,28.035
145965,28.1895583351684
145966,27.6434579526661
145967,28.396
145968,28.0771486559519
145969,25.592
145970,21.385
145971,21.946
145972,21.638
145973,21.989
145974,21.353588064783
145975,20.278
145976,18.108
145977,18.675
145978,18.507
145979,19.0880527834141
145980,18.146
145981,18.908
145982,17.8931087828856
145983,17.954
145984,18.413
145985,18.7210948432299
145986,17.811
145987,17.675
145988,17.573
145989,17.349
145990,18.4356971913371
145991,18.798
145992,17.575
145993,16.982
145994,15.655
145995,16.523
145996,18.984
145997,19.229
145998,14.135
145999,16.4940159432036
146000,6.526
146001,16.879
146002,19.7106225143787
146003,20.158
146004,11.7040728801414
146005,14.633
146006,2.48587600068462
146007,16.781
146008,19.76
146009,20.1769463119831
146010,4.57506090436146
146011,17.139
146012,3.92616034563828
146013,18.4792701895673
146014,20.2298371533134
146015,20.3490024168673
146016,5.64432245228165
146017,26.004
146018,15.1014805446481
146019,25.0794139729624
146020,25.3133420460021
146021,25.034
146022,15.327
146023,72.6327254589951
146024,25.87
146025,40.9343799351361
146026,36.1172948382314
146027,35.5806249676827
146028,25.249
146029,51.8817811183183
146030,22.349
146031,26.931
146032,26.8833143710731
146033,27.1964898402733
146034,22.526
146035,26.746
146036,20.855
146037,21.193
146038,22.019
146039,23.15
146040,19.7156216034033
146041,23.676
146042,19.56
146043,18.4283293587032
146044,15.7030388585332
146045,15.9161436145543
146046,16.8680850316634
146047,20.834
146048,18.273288145256
146049,17.149
146050,15.302
146051,11.7682020939165
146052,13.6940978439309
146053,20.554
146054,17.2876635587074
146055,15.565
146056,18.6965586784587
146057,15.2332099052485
146058,13.1533479421653
146059,17.4972108984221
146060,13.555
146061,14.796
146062,18.12
146063,8.7065161110405
146064,10.6997030274327
146065,16.7911311930579
146066,11.407
146067,15.193
146068,18.5601950367539
146069,18.007
146070,9.01834054048553
146071,17.5633176196887
146072,12.7096368277604
146073,12.5795939122535
146074,18.8204457978085
146075,18.331
146076,8.83056721414718
146077,15.6012315152307
146078,13.778
146079,13.3147781639279
146080,17.158
146081,19.315
146082,11.613
146083,15.6420921579834
146084,16.628
146085,11.6774521571367
146086,16.519
146087,18.8078470805292
146088,13.555
146089,18.478
146090,18.793
146091,13.1158881723737
146092,18.818
146093,18.4919557628679
146094,18.1309371059189
146095,20.592
146096,20.554
146097,14.2781106118208
146098,18.871
146099,19.061
146100,19.338
146101,24.032
146102,23.709
146103,17.372
146104,18.3652942365667
146105,19.923
146106,22.824
146107,26.1720693863072
146108,24.525
146109,17.815
146110,11.175
146111,14.407
146112,23.769
146113,17.4002122834809
146114,18.3040138715425
146115,10.2051134318564
146116,-0.904266541536123
146117,5.0914535286537
146118,18.1886913051487
146119,12.3044428457094
146120,15.0585715320143
146121,2.41031405452332
146122,-5.43813969035272
146123,-0.389025941950667
146124,15.0464381260922
146125,12.926
146126,14.413
146127,-0.488
146128,-7.41
146129,-1.787
146130,14.438
146131,13.749
146132,13.869
146133,0.129
146134,-6.91391553028214
146135,-0.696283995895135
146136,13.8242979569173
146137,13.2971977515848
146138,13.2497828546473
146139,4.62284022521108
146140,-6.05515994435748
146141,11.6086287319475
146142,14.3599271064253
146143,14.364
146144,13.0657200607736
146145,4.10100764766484
146146,11.136
146147,15.505
146148,13.111
146149,13.149
146150,12.9794073810019
146151,3.02638465853738
146152,7.998
146153,16.23
146154,13.418
146155,14.686
146156,13.912
146157,12.979
146158,12.061
146159,16.24
146160,14.0518563192725
146161,25.472
146162,24.024235244275
146163,22.8512568970012
146164,23.172
146165,24.017
146166,23.992
146167,71.5995995502096
146168,44.355109209502
146169,39.6976531474601
146170,36.784
146171,40.0960241569736
146172,43.5946186486816
146173,58.358062178871
146174,27.608
146175,28.146
146176,29.477
146177,31.935
146178,31.7033123253051
146179,52.779809260116
146180,28.642
146181,24.003
146182,28.4855934784553
146183,30.459
146184,31.218
146185,35.2764688198357
146186,26.394
146187,23.72
146188,27.14
146189,28.6878409152074
146190,27.717
146191,29.571
146192,21.245
146193,22.739
146194,25.2815600092495
146195,25.581
146196,21.956
146197,23.857
146198,18.304
146199,21.592448561245
146200,23.391
146201,23.868
146202,19.127
146203,22.265
146204,17.743
146205,21.552
146206,22.597
146207,22.969
146208,17.81
146209,23.25
146210,18.353
146211,20.778
146212,23.083
146213,22.650584214934
146214,18.029
146215,23.886
146216,18.597
146217,19.443
146218,22.006432156335
146219,22.489
146220,18.648
146221,24.024
146222,20.311
146223,20.29
146224,19.9911080527796
146225,22.887
146226,18.87
146227,24.847
146228,22.995
146229,21.043
146230,20.3137068585504
146231,22.4307658676885
146232,21.906
146233,25.579
146234,24.331
146235,21.7268844726941
146236,23.113
146237,23.284
146238,23.6147912802741
146239,25.696
146240,25.467
146241,21.042
146242,22.867
146243,23.0628158308595
146244,24.32
146245,27.733
146246,26.942
146247,22.307
146248,25.6860600213309
146249,24.796
146250,26.0144184069686
146251,27.575
146252,27.5807832631002
146253,24.6643520810221
146254,26.75
146255,27.5918188597153
146256,26.653
146257,18.344
146258,20.63
146259,19.398
146260,21.52
146261,21.4549285688959
146262,20.558
146263,13.3722609990123
146264,17.4174694050822
146265,18.012
146266,18.4891805585715
146267,19.198
146268,17.444
146269,16.283
146270,17.452
146271,18.263
146272,18.825
146273,19.261
146274,17.483
146275,14.4571529991398
146276,14.588
146277,16.355
146278,17.2844293461123
146279,17.759
146280,14.87
146281,13.3999670116766
146282,14.043
146283,16.434
146284,16.8522705695085
146285,17.413
146286,14.465
146287,12.4408184446437
146288,13.149
146289,15.754
146290,16.065
146291,16.759
146292,13.1652652317005
146293,12.9780250490477
146294,12.444
146295,15.571
146296,14.719
146297,16.1002443848898
146298,12.786
146299,15.6482266187873
146300,12.9693212277137
146301,15.3034428973505
146302,14.5178550462419
146303,16.0556849983334
146304,13.155
146305,23.391
146306,21.673
146307,22.197
146308,21.745
146309,22.348
146310,21.503
146311,58.7484908546124
146312,36.4401365148188
146313,35.2056721771236
146314,34.075
146315,35.062
146316,36.6467199781686
146317,33.1165832812868
146318,28.2396536807007
146319,28.67
146320,28.934
146321,27.743
146322,28.8887288470166
146323,25.1251539359344
146324,24.9893047503928
146325,24.7446588159035
146326,24.998
146327,25.426
146328,25.379
146329,20.8749334443328
146330,20.023
146331,21.902
146332,21.113
146333,23.316
146334,20.006
146335,19.4848307651023
146336,19.07
146337,22.0701042722705
146338,20.246
146339,21.8567667649724
146340,18.826
146341,19.193
146342,19.238
146343,21.642
146344,19.272
146345,20.777
146346,17.766
146347,18.748
146348,18.1872393494969
146349,20.862
146350,19.1303641949806
146351,20.554
146352,18.211
146353,17.831
146354,17.1301159154369
146355,19.3111582018368
146356,16.376
146357,17.756
146358,15.141
146359,17.034
146360,17.482
146361,19.48
146362,15.985
146363,16.776
146364,14.027
146365,15.531
146366,16.511
146367,18.996
146368,15.892
146369,15.552
146370,12.77
146371,14.867
146372,15.592
146373,19.286
146374,14.6028542148326
146375,15.137
146376,13.1114384128879
146377,15.348
146378,15.126144889971
146379,18.782
146380,13.674
146381,15.592
146382,13.581
146383,15.1542959786694
146384,14.9272163280137
146385,15.1542430604826
146386,14.953
146387,15.4312777679336
146388,12.5254854651306
146389,17.2674003751999
146390,17.862
146391,18.514
146392,17.934
146393,18.636
146394,18.5683050940218
146395,13.623
146396,15.6330222723256
146397,17.9660184387795
146398,16.202
146399,18.400202331902
146400,17.454
146401,6.48772285216928
146402,13.73
146403,15.1761699148017
146404,13.3291523818499
146405,14.556
146406,14.649
146407,0.01
146408,8.08
146409,8.835
146410,5.52784829839299
146411,9.29820644137891
146412,4.04553553537973
146413,-1.76130650642633
146414,0
146415,8.222
146416,3.90932267582016
146417,0.002
146418,-1.695
146419,-2.44053109764037
146420,-2.78908900894758
146421,3.11397489139054
146422,5.418
146423,-0.189
146424,-2.341
146425,-2.3317419864768
146426,-2.273
146427,5.26
146428,2.92055014647497
146429,-1.26585034795743
146430,-1.05469057971956
146431,-0.989818945219389
146432,0
146433,-0.0476749796565182
146434,-0.252547846410911
146435,-1.02469742240036
146436,-2.31551324210013
146437,-1.47457394713057
146438,-2.0465480939993
146439,3.86491579942379
146440,-0.276859416951127
146441,-0.818
146442,-3.20798839485608
146443,-0.0516141415713155
146444,-3.18017525160055
146445,2.11202448393858
146446,-1.11
146447,-0.265
146448,-4.01727998417977
146449,3.07070262338783
146450,-1.759
146451,4.389
146452,-1.36
146453,4.99253607123897
146454,-1.541
146455,14.6409012583355
146456,2.316
146457,18.6156687566947
146458,9.605
146459,12.165
146460,1.717
146461,15.071164249359
146462,1.38820949866891
146463,15.041
146464,7.04025326239839
146465,8.11821245502413
146466,0.810591060396971
146467,13.883
146468,-0.161465318296508
146469,14.3733500849469
146470,4.90783928746226
146471,3.6553254600712
146472,0
146473,13.253
146474,-0.773102370196804
146475,11.248
146476,3.357
146477,0
146478,-0.47617134532311
146479,12.222
146480,-1.54384101193052
146481,6.12427254983105
146482,0.144315733070995
146483,-0.724234610033725
146484,-1.26198776280134
146485,12.2898651358444
146486,-1.67362491592529
146487,9.66486311996485
146488,-0.533278231521146
146489,6.04303188560066
146490,-1.38914563903547
146491,10.244
146492,-2.906
146493,8.0939266483097
146494,-3.160807579889
146495,0.123
146496,-2.59565055801355
146497,9.607
146498,-3.30784043033969
146499,5.979
146500,-7.318
146501,-1.447
146502,-2.949
146503,9.54033824195252
146504,-3.38465039278204
146505,13.1752321561023
146506,-10.317662500622
146507,-0.707
146508,-3.051
146509,9.53304339947379
146510,-3.36229074796684
146511,11.8742549345868
146512,-4.48634083272712
146513,0
146514,-3.084
146515,9.56733986789144
146516,-3.304
146517,11.848
146518,-2.37210510224578
146519,-0.498647246730738
146520,-3.035
146521,9.757
146522,-2.364
146523,13.4620679850868
146524,-2.364
146525,0.196911858759828
146526,-2.593
146527,10.3945940301782
146528,-2.3199712909486
146529,14.512
146530,-2.4815298845288
146531,-0.013
146532,-2.00345709579643
146533,12.8032955230269
146534,-0.323643557144751
146535,14.59
146536,-0.95
146537,-1.391
146538,-0.46
146539,15.2118336910771
146540,1.128
146541,18.492
146542,-0.236
146543,4.84868857801705
146544,2.43059607562926
146545,10.959
146546,-0.517
146547,16.34
146548,-1.87744665104901
146549,-1.32
146550,1.092
146551,5.31789336599631
146552,-1.86139437030477
146553,14.526
146554,-21.7607695020148
146555,-2.826
146556,-2.29710509594964
146557,0.864400125767801
146558,1.033
146559,7.996
146560,-18.9791162376
146561,-1.52993765006723
146562,-1.12730599319929
146563,8.334
146564,8.89
146565,8.16905920314213
146566,-14.7976748776923
146567,0
146568,6.50750762131887
146569,11.8526325598194
146570,9.3899703945442
146571,8.81661277998971
146572,-11.7437605124017
146573,4.33307147427065
146574,10.725
146575,12.571
146576,-0.046
146577,8.0583296780415
146578,-4.14879344495966
146579,9.679
146580,3.885
146581,14.117
146582,-0.758
146583,11.154237029395
146584,-1.357
146585,11.92
146586,-0.295101267607788
146587,15.329
146588,-0.801
146589,15.665
146590,-0.179533705048374
146591,15.3733029695753
146592,-0.752395160992281
146593,21.464
146594,0.382
146595,18.295
146596,8.1970822296875
146597,20.002
146598,0.453504641407877
146599,45.0876635911203
146600,10.8769689747551
146601,23.961
146602,21.017
146603,25.186
146604,10.959
146605,31.8181915829337
146606,6.33917779104114
146607,20.005
146608,16.171
146609,19.9080424300843
146610,6.45132805458923
146611,31.082
146612,4.804
146613,16.585
146614,12.3141341954477
146615,18.904
146616,4.92438237390083
146617,29.655861993894
146618,2.84658795560052
146619,16.9354958832047
146620,11.0925628833942
146621,14.91
146622,2.97284367543285
146623,15.781
146624,2.55905685496583
146625,12.3242198532549
146626,12.553
146627,12.9045669546143
146628,2.70710325905696
146629,15.103
146630,2.48554800580191
146631,13.5941933718764
146632,14.77
146633,15.164
146634,2.63564341416303
146635,14.796
146636,2.3715745128703
146637,12.9109994566491
146638,14.931
146639,14.11852708315
146640,2.407
146641,15.26
146642,3.66045318911533
146643,17.398
146644,12.8585820379755
146645,14.3970665049113
146646,6.49982458437542
146647,15.105
146648,7.53314586056216
146649,20.0312956835343
146650,14.44
146651,15.250250623189
146652,3.71202599835529
146653,15.671
146654,8.786
146655,10.068
146656,16.755
146657,17.1503823157191
146658,7.14675152713194
146659,16.069
146660,13.899
146661,9.9100962525451
146662,18.83
146663,19.058
146664,11.076
146665,18.607
146666,17.056
146667,10.412
146668,19.271
146669,20.295
146670,13.489
146671,18.3546257054362
146672,17.812
146673,11.119
146674,19.3048386362814
146675,20.443
146676,14.837
146677,21.682
146678,22.716
146679,14.438
146680,22.007
146681,21.906
146682,21.731
146683,23.206
146684,23.826
146685,14.259
146686,22.267
146687,21.504
146688,21.9961444346726
146689,21.672
146690,20.9387601301051
146691,13.194
146692,0.002
146693,7.77445867182432
146694,18.182
146695,19.961
146696,18.059
146697,11.867
146698,-2.338
146699,6.923
146700,17.236
146701,20.789
146702,19.302
146703,11.5782548984514
146704,-2.56251016296543
146705,11.825
146706,18.6755329881141
146707,20.5365709395874
146708,19.334
146709,11.8527459830087
146710,10.1471723010947
146711,17.4373168180068
146712,19.915
146713,21.305
146714,20.246026085847
146715,11.0287198962135
146716,13.886
146717,18.091
146718,20.614735201677
146719,22.516
146720,21.204
146721,13.2623697038262
146722,2.327
146723,17.637
146724,21.321
146725,23.241
146726,21.909
146727,13.871
146728,11.132
146729,17.682
146730,22.055
146731,26.519
146732,23.702
146733,17.0913798656928
146734,17.797
146735,18.794
146736,23.441
146737,45.3128398343826
146738,30.8182339822599
146739,21.034
146740,18.4454605748601
146741,24.81
146742,30.492
146743,74.4105170204114
146744,39.52
146745,23.5
146746,21.872
146747,28.654
146748,39.449
146749,65.2400620058841
146750,35.035758927576
146751,22.475
146752,24.2575437487419
146753,27.267
146754,34.6703983445989
146755,52.7256833603247
146756,34.7375784097018
146757,22.832
146758,25.304
146759,30.414
146760,34.835
146761,52.1154525369944
146762,33.352
146763,22.09
146764,26.7775361736026
146765,30.066
146766,33.358
146767,51.5590945040858
146768,33.2986871060995
146769,22.999
146770,27.301
146771,28.35
146772,33.450487239424
146773,60.613
146774,32.0307914042681
146775,23.161
146776,24.535
146777,28.095
146778,31.176
