"id","target"
133627,23.727
133629,22.09
133630,23.692
133631,22.6485064992201
133633,21.868
133634,23.714
133635,21.2248931821014
133637,23.702
133638,23.714
133639,23.186
133641,21.873
133642,23.714
133643,23.574
133645,23.545
133646,23.545
133647,23.545
133649,23.525
133650,23.545
133651,23.506
133653,23.4900799563714
133654,23.4900799563714
133655,23.4900799563714
133657,23.4900799563714
133658,23.4900799563714
133659,23.506
133661,23.4900799563714
133662,23.4900799563714
133663,23.4900799563714
133665,23.4900799563714
133666,23.4900799563714
133667,23.506
133669,23.4900799563714
133670,23.4900799563714
133671,23.4900799563714
133673,23.4900799563714
133674,23.4900799563714
133675,23.506
133677,23.4900799563714
133678,23.4900799563714
133679,23.4900799563714
133681,23.4900799563714
133682,23.4900799563714
133683,23.463
133685,23.447
133686,23.447
133687,23.447
133689,23.447
133690,23.447
133691,23.159381372698
133693,23.0287378561694
133694,23.019
133695,23.019
133697,23.019
133698,23.0287378561694
133699,22.577
133701,22.373
133702,22.364
133703,22.364
133705,22.364
133706,22.373
133707,21.941
133709,21.699
133710,21.688
133711,21.688
133713,21.688
133714,21.699
133715,22.0841641948549
133717,21.859
133718,21.8506280249988
133719,20.762
133721,21.8506280249988
133722,21.859
133723,22.932
133725,22.745
133726,22.735527375859
133727,22.735527375859
133729,22.735527375859
133730,22.745
133731,23.159381372698
133733,23.039
133734,23.019
133735,23.019
133737,23.019
133738,23.039
133739,23.2582207094964
133741,23.1831625363091
133742,23.163
133743,23.163
133745,23.163
133746,23.1831625363091
133747,24.2056740945132
133749,24.1980316971385
133750,24.186
133751,24.186
133753,24.186
133754,24.186
133755,24.9500651697776
133757,24.932
133758,24.892
133759,24.932
133761,24.932
133762,24.932
133763,25.058
133765,25.0385236533223
133766,25.0385236533223
133767,25.0385236533223
133769,25.0385236533223
133770,25.0385236533223
133771,25.474
133773,26.593
133774,26.593
133775,26.593
133777,26.593
133778,26.593
133779,27.8654265780539
133781,29.1424144099227
133782,29.1424144099227
133783,29.1424144099227
133785,28.9968394809674
133786,26.1490209033833
133787,29.238
133789,27.923
133790,29.2146430714264
133791,23.947
133793,27.923
133794,25.908
133795,25.483
133797,22.663
133798,26.289
133799,22.795
133801,26.289
133802,22.663
133803,22.599
133805,22.5503298585634
133806,25.255006591037
133807,24.7715289803034
133809,25.255006591037
133810,22.558
133811,22.211
133813,22.177
133814,24.1841352597706
133815,24.214
133817,24.214
133818,22.284
133819,22.885
133820,23.714
133821,23.714
133822,23.714
133823,23.714
133824,23.356
133825,22.364
133826,23.4900799563714
133827,23.4900799563714
133828,23.4900799563714
133829,23.475
133830,23.142
133831,22.3066871139193
133832,23.125
133833,23.116
133834,23.116
133835,23.116
133836,23.105
133837,22.417
133838,23.125
133839,23.116
133840,23.116
133841,23.116
133842,23.125
133843,23.216
133844,23.125
133845,23.116
133846,23.116
133847,23.116
133848,23.125
133849,23.216
133850,23.133
133851,23.116
133852,23.116
133853,23.116
133854,23.125
133855,23.727
133856,23.724
133857,23.714
133858,23.714
133859,23.714
133860,23.714
133861,23.563
133862,23.545
133863,23.545
133864,23.545
133865,23.545
133866,23.545
133867,22.654293903147
133868,22.434
133869,22.425
133870,22.425
133871,22.425
133872,22.434
133873,21.654
133874,21.391
133875,21.381
133876,21.381
133877,21.381
133878,21.391
133879,21.555
133880,21.306
133881,21.298
133882,21.298
133883,21.298
133884,21.306
133885,21.826
133886,21.581
133887,21.571
133888,21.571
133889,21.571
133890,21.581
133891,21.9037771306415
133892,21.64
133893,21.64
133894,21.64
133895,21.64
133896,21.64
133897,22.577
133898,22.373
133899,22.364
133900,22.364
133901,22.364
133902,22.364
133903,23.2313214539198
133904,23.074
133905,23.074
133906,23.074
133907,23.074
133908,23.074
133909,23.8763722180895
133910,23.726
133911,23.726
133912,23.726
133913,23.726
133914,23.726
133915,24.3662140269774
133916,24.222
133917,24.222
133918,24.222
133919,24.222
133920,24.222
133921,24.3662140269774
133922,24.222
133923,24.075
133924,24.222
133925,24.222
133926,24.222
133927,25.507
133928,25.475
133929,24.463
133930,25.475
133931,25.475
133932,25.475
133933,29.1724266657649
133934,29.1424144099227
133935,24.12
133936,29.1424144099227
133937,29.1424144099227
133938,29.1424144099227
133939,29.1724266657649
133940,29.0498771282589
133941,28.9204094265811
133942,29.1424144099227
133943,29.1424144099227
133944,29.1424144099227
133945,26.278
133946,26.168
133947,23.565
133948,26.258
133949,26.258
133950,24.247
133951,22.407
133952,24.404
133953,22.605
133954,24.873
133955,24.873
133956,23.556
133957,22.1034435223425
133958,23.085
133959,22.028
133960,24.104
133961,24.134
133962,22.212
133963,21.912
133964,22.09
133965,23.3756643542138
133966,21.688
133967,23.714
133968,23.702
133969,21.796
133970,22.673
133971,23.137
133972,22.405
133973,21.86
133974,22.5593735029982
133975,21.533
133976,23.116
133977,22.3669919725466
133978,23.116
133979,23.116
133980,22.776
133981,21.541
133982,23.125
133983,23.116
133984,23.116
133985,23.116
133986,23.116
133987,21.674
133988,23.125
133989,23.116
133990,23.116
133991,23.116
133992,23.125
133993,22.3733169089081
133994,23.4900799563714
133995,23.4900799563714
133996,23.4900799563714
133997,23.4900799563714
133998,23.4900799563714
133999,23.662
134000,23.714
134001,23.714
134002,23.714
134003,23.714
134004,23.714
134005,23.707
134006,23.714
134007,23.714
134008,23.714
134009,23.714
134010,23.714
134011,22.0841641948549
134012,21.859
134013,21.8506280249988
134014,21.8506280249988
134015,21.8506280249988
134016,21.859
134017,21.46
134018,21.205
134019,21.197
134020,21.197
134021,21.197
134022,21.205
134023,21.645
134024,21.391
134025,21.381
134026,21.381
134027,21.381
134028,21.391
134029,21.9037771306415
134030,21.66
134031,21.64
134032,21.64
134033,21.64
134034,21.648
134035,22.0841641948549
134036,21.8662109289278
134037,21.8506280249988
134038,21.8506280249988
134039,21.8506280249988
134040,21.859
134041,23.159381372698
134042,23.0287378561694
134043,23.019
134044,23.019
134045,23.019
134046,23.0287378561694
134047,23.2582207094964
134048,23.173
134049,23.163
134050,23.163
134051,23.163
134052,23.173
134053,24.153
134054,24.129
134055,24.129
134056,24.129
134057,24.129
134058,24.129
134059,24.682
134060,24.662
134061,24.662
134062,24.662
134063,24.5447938890938
134064,24.662
134065,24.9500651697776
134066,24.945
134067,24.932
134068,24.932
134069,24.932
134070,24.932
134071,26.6537759583768
134072,26.631
134073,26.631
134074,26.631
134075,26.471
134076,26.631
134077,33.704
134078,33.6504222316949
134079,33.6504222316949
134080,33.6504222316949
134081,33.6504222316949
134082,33.6504222316949
134083,29.238
134084,29.2146430714264
134085,29.2146430714264
134086,29.2146430714264
134087,29.2146430714264
134088,29.2146430714264
134089,22.676
134090,22.663
134091,23.494
134092,26.173
134093,26.206
134094,24.086
134095,21.912
134096,21.834
134097,21.9006374408478
134098,21.951
134099,21.966
134100,21.834
134101,21.485
134102,21.403
134103,22.804
134104,21.537
134105,21.4047238773116
134106,21.403
134107,20.113
134108,19.824
134109,19.8869662302076
134110,21.145
134111,19.899
134112,19.824
134113,19.881419574425
134114,19.5698894458577
134115,20.753
134116,21.6073778073844
134117,19.606
134118,19.56
134119,19.8096004877102
134120,19.327
134121,21.534
134122,21.539
134123,20.533
134124,19.327
134125,19.8096004877102
134126,19.352
134127,21.539
134128,21.539
134129,21.4323704880531
134130,19.413
134131,19.8
134132,19.327
134133,21.534
134134,21.539
134135,21.539
134136,19.352
134137,19.8932654753748
134138,19.5698894458577
134139,21.618
134140,21.64
134141,21.64
134142,19.5698894458577
134143,19.9126059106576
134144,19.593
134145,21.522
134146,21.652
134147,21.652
134148,19.593
134149,19.9126059106576
134150,19.5819648064323
134151,21.652
134152,21.652
134153,21.652
134154,20.093
134155,18.948
134156,19.462
134157,20.703
134158,20.703
134159,20.703
134160,19.116
134161,19.232
134162,19.144850420521
134163,19.404
134164,19.404
134165,19.404
134166,19.285
134167,20.2675180089888
134168,19.812
134169,19.989
134170,19.989
134171,19.989
134172,19.09
134173,21.3188487334828
134174,21.036
134175,21.027
134176,21.027
134177,21.027
134178,19.572
134179,21.913
134180,21.648
134181,21.64
134182,21.64
134183,21.64
134184,21.519
134185,23.1693750713809
134186,23.0287378561694
134187,23.019
134188,23.019
134189,23.019
134190,23.0287378561694
134191,23.27
134192,23.173
134193,23.163
134194,23.163
134195,23.163
134196,23.173
134197,24.153
134198,24.129
134199,24.129
134200,24.129
134201,24.129
134202,24.129
134203,24.682
134204,24.662
134205,24.662
134206,24.662
134207,24.662
134208,24.662
134209,24.5447938890938
134210,24.662
134211,24.662
134212,24.662
134213,24.662
134214,24.662
134215,25.908
134216,25.0098379390948
134217,25.8868231273769
134218,25.8868231273769
134219,25.8868231273769
134220,25.809
134221,22.897
134222,24.0666728752264
134223,25.8821057727387
134224,26.909238713015
134225,26.909238713015
134226,25.745
134227,22.564
134228,22.5503298585634
134229,22.392
134230,26.593
134231,26.593
134232,23.429
134233,21.828
134234,21.873
134235,21.8152929212898
134236,21.5703926280835
134237,24.4472018497224
134238,21.8152929212898
134239,21.106
134240,20.9272093460942
134241,20.9272093460942
134242,20.708
134243,20.894
134244,20.936
134245,19.802
134246,19.5528499622655
134247,19.5618225644546
134248,19.327
134249,19.5528499622655
134250,19.5528499622655
134251,19.802
134252,19.56
134253,19.592
134254,19.327
134255,19.538
134256,19.56
134257,19.61
134258,19.24
134259,19.34
134260,19.098
134261,19.215
134262,19.24
134263,19.315
134264,18.716
134265,19.0759810002719
134266,19.962
134267,18.875
134268,18.716
134269,19.315
134270,18.7328815799419
134271,19.282
134272,21.261
134273,19.282
134274,18.7328815799419
134275,19.3023898927689
134276,18.7328815799419
134277,19.099
134278,21.3320856320144
134279,20.181
134280,18.716
134281,19.622
134282,19.224
134283,20.221
134284,21.52
134285,20.4513438483811
134286,18.876
134287,19.8214727942583
134288,19.545
134289,20.6410394908806
134290,21.6219557736612
134291,20.163
134292,19.545
134293,19.83
134294,19.545
134295,20.6410394908806
134296,21.504
134297,20.394
134298,19.5563944537147
134299,21.285
134300,19.5447052984111
134301,21.428
134302,21.6073778073844
134303,20.552
134304,19.5447052984111
134305,21.739
134306,18.5895375264302
134307,21.124
134308,21.64
134309,21.611
134310,18.761
134311,20.655
134312,18.598
134313,21.124
134314,21.652
134315,21.652
134316,18.598
134317,19.765
134318,19.526
134319,22.1301604345912
134320,22.425
134321,22.425
134322,19.526
134323,23.227
134324,20.404
134325,23.104
134326,23.116
134327,23.116
134328,20.381
134329,23.7385183105142
134330,20.965
134331,23.714
134332,23.714
134333,23.714
134334,21.269
134335,24.235
134336,21.344
134337,24.203
134338,24.203
134339,24.203
134340,21.411
134341,25.383
134342,21.019
134343,25.3487834889289
134344,25.3487834889289
134345,25.3487834889289
134346,21.444
134347,26.5341571946643
134348,21.337
134349,26.51
134350,26.51
134351,26.51
134352,21.329
134353,26.6537759583768
134354,21.369
134355,26.631
134356,26.631
134357,26.631
134358,21.356
134359,26.931
134360,21.814
134361,23.035
134362,26.909238713015
134363,26.909238713015
134364,21.83
134365,29.238
134366,23.0598697018415
134367,23.436
134368,29.2146430714264
134369,29.2146430714264
134370,23.0598697018415
134371,23.176
134372,25.8821057727387
134373,22.105
134374,22.385
134375,26.909238713015
134376,25.524
134377,26.144
134378,22.637
134379,22.451
134380,22.1509857329899
134381,22.451
134382,21.968
134383,22.099
134384,21.908
134385,22.058
134386,21.721
134387,22.013
134388,21.356
134389,22.9069917682136
134390,21.741
134391,21.9006374408478
134392,21.582
134393,21.724
134394,22.4302565054441
134395,21.6243179663518
134396,21.5544781521984
134397,21.5544781521984
134398,21.456
134399,21.5544781521984
134400,21.5544781521984
134401,21.6243179663518
134402,21.5544781521984
134403,21.5544781521984
134404,21.456
134405,21.5544781521984
134406,21.5544781521984
134407,21.612
134408,21.533
134409,21.533
134410,21.431
134411,21.533
134412,21.533
134413,21.537
134414,21.4606325582283
134415,21.4606325582283
134416,21.354
134417,21.4606325582283
134418,21.4606325582283
134419,21.537
134420,21.4606325582283
134421,21.4606325582283
134422,21.354
134423,21.4606325582283
134424,21.4606325582283
134425,21.612
134426,21.533
134427,21.533
134428,21.431
134429,21.533
134430,21.533
134431,21.6243179663518
134432,21.5544781521984
134433,21.5544781521984
134434,21.456
134435,21.5544781521984
134436,21.5544781521984
134437,21.6243179663518
134438,21.5544781521984
134439,21.5544781521984
134440,21.456
134441,21.5544781521984
134442,21.5544781521984
134443,21.6243179663518
134444,21.5544781521984
134445,21.5544781521984
134446,21.456
134447,21.5544781521984
134448,21.5544781521984
134449,21.41
134450,21.344
134451,21.344
134452,21.242
134453,21.344
134454,21.344
134455,21.41
134456,21.344
134457,21.344
134458,21.242
134459,21.344
134460,21.344
134461,21.41
134462,21.344
134463,21.344
134464,21.242
134465,21.344
134466,21.344
134467,21.41
134468,21.344
134469,21.344
134470,21.242
134471,21.344
134472,21.344
134473,21.611
134474,21.611
134475,21.611
134476,21.508
134477,21.611
134478,21.611
134479,21.7191285266148
134480,21.7191285266148
134481,21.7191285266148
134482,21.606
134483,21.7191285266148
134484,21.7191285266148
134485,21.9
134486,21.9
134487,21.9
134488,21.7915927656911
134489,21.9
134490,21.9
134491,22.047
134492,22.047
134493,22.047
134494,21.938
134495,22.047
134496,22.047
134497,22.313
134498,22.313
134499,22.313
134500,22.208
134501,22.313
134502,22.313
134503,23.088
134504,23.088
134505,23.088
134506,22.969
134507,23.088
134508,23.088
134509,23.223
134510,23.223
134511,23.223
134512,23.11
134513,23.223
134514,23.223
134515,23.223
134516,23.223
134517,23.223
134518,23.11
134519,23.223
134520,23.223
134521,22.956
134522,22.956
134523,22.956
134524,22.844
134525,22.956
134526,22.956
134527,22.357
134528,22.357
134529,22.357
134530,22.251
134531,22.357
134532,22.357
134533,22.175
134534,22.175
134535,22.175
134536,22.068
134537,22.175
134538,22.175
134539,23.463
134540,23.459
134541,23.447
134542,22.947
134543,21.86
134544,23.447
134545,23.216
134546,23.133
134547,23.116
134548,22.075
134549,22.065
134550,23.133
134551,23.1693750713809
134552,23.039
134553,23.019
134554,23.019
134555,23.019
134556,23.039
134557,22.943
134558,22.758
134559,22.735527375859
134560,22.735527375859
134561,22.735527375859
134562,22.758
134563,22.6698041094396
134564,22.46
134565,22.117
134566,22.4377505874677
134567,22.4377505874677
134568,22.46
134569,22.654293903147
134570,22.445
134571,22.38
134572,22.425
134573,22.425
134574,22.445
134575,22.6698041094396
134576,22.46
134577,22.4377505874677
134578,22.4377505874677
134579,22.4377505874677
134580,22.46
134581,22.654293903147
134582,22.445
134583,22.425
134584,22.425
134585,22.425
134586,22.445
134587,20.526
134588,20.432
134589,20.432
134590,20.316
134591,20.432
134592,20.432
134593,20.043
134594,19.948
134595,19.948
134596,19.813
134597,19.948
134598,19.948
134599,19.8539969226467
134600,19.768
134601,19.768
134602,19.631
134603,19.768
134604,19.768
134605,20.043
134606,19.948
134607,19.948
134608,19.813
134609,19.948
134610,19.948
134611,20.299
134612,20.209
134613,20.209
134614,20.101
134615,20.209
134616,20.209
134617,20.299
134618,20.209
134619,20.209
134620,20.101
134621,20.209
134622,20.209
134623,20.611
134624,20.5220894594551
134625,20.5220894594551
134626,20.4141498318072
134627,20.5220894594551
134628,20.5220894594551
134629,21.252
134630,21.17
134631,21.17
134632,21.065
134633,21.17
134634,21.17
134635,21.616
134636,21.536
134637,21.536
134638,21.433
134639,21.536
134640,21.536
134641,21.7105021758395
134642,21.635
134643,21.635
134644,21.531
134645,21.635
134646,21.635
134647,22.255
134648,22.255
134649,22.255
134650,22.1478072487071
134651,22.255
134652,22.255
134653,23.088
134654,23.088
134655,23.088
134656,22.969
134657,23.088
134658,23.088
134659,22.654
134660,22.654
134661,22.654
134662,22.535
134663,22.654
134664,22.654
134665,22.127
134666,22.127
134667,22.127
134668,22.018
134669,22.127
134670,22.127
134671,21.645
134672,21.575
134673,21.575
134674,21.475
134675,21.575
134676,21.575
134677,21.537
134678,21.4606325582283
134679,21.4606325582283
134680,21.354
134681,21.4606325582283
134682,21.4606325582283
134683,20.813
134684,20.713
134685,20.713
134686,20.6094010164212
134687,20.713
134688,20.713
134689,20.526
134690,20.432
134691,20.432
134692,20.316
134693,20.432
134694,20.432
134695,20.526
134696,20.432
134697,20.432
134698,20.316
134699,20.432
134700,20.432
134701,20.526
134702,20.432
134703,20.432
134704,20.316
134705,20.432
134706,20.432
134707,20.526
134708,20.432
134709,20.432
134710,20.316
134711,20.432
134712,20.432
134713,20.526
134714,20.432
134715,20.432
134716,20.316
134717,20.432
134718,20.432
134719,20.813
134720,20.713
134721,20.713
134722,20.6094010164212
134723,20.713
134724,20.713
134725,20.813
134726,20.713
134727,20.713
134728,20.6094010164212
134729,20.713
134730,20.713
134731,19.8539969226467
134732,19.768
134733,19.768
134734,19.631
134735,19.768
134736,19.768
134737,18.547
134738,18.441
134739,18.441
134740,18.289
134741,18.441
134742,18.441
134743,18.3824942278855
134744,18.28
134745,18.28
134746,18.1305832072283
134747,18.28
134748,18.28
134749,18.544
134750,18.439
134751,18.439
134752,18.287
134753,18.439
134754,18.439
134755,19.204
134756,19.108
134757,19.108
134758,18.9669609588234
134759,19.108
134760,19.108
134761,19.785
134762,19.696
134763,19.696
134764,19.552310212449
134765,19.696
134766,19.696
134767,20.064
134768,19.967
134769,19.967
134770,19.830737741921
134771,19.967
134772,19.967
134773,20.425
134774,20.323
134775,20.323
134776,20.222
134777,20.323
134778,20.323
134779,20.601
134780,20.512
134781,20.512
134782,20.403
134783,20.512
134784,20.512
134785,20.601
134786,20.512
134787,20.512
134788,20.403
134789,20.512
134790,20.512
134791,21.7105021758395
134792,21.635
134793,21.635
134794,21.531
134795,21.635
134796,21.635
134797,22.536
134798,22.536
134799,22.536
134800,22.424
134801,22.536
134802,22.536
134803,22.249
134804,22.249
134805,22.249
134806,22.138
134807,22.249
134808,22.249
134809,21.8091252649428
134810,21.7392166388046
134811,21.7392166388046
134812,21.628
134813,21.7392166388046
134814,21.7392166388046
134815,20.5627815549029
134816,20.477
134817,20.477
134818,20.363
134819,20.477
134820,20.477
134821,20.4681556324939
134822,20.368
134823,20.368
134824,20.258
134825,20.368
134826,20.368
134827,18.391
134828,18.043
134829,20.784
134830,20.819
134831,20.819
134832,18.422
134833,18.051
134834,18.832
134835,20.431
134836,20.431
134837,20.431
134838,18.495
134839,19.066
134840,18.97
134841,18.97
134842,18.824178543099
134843,18.97
134844,18.97
134845,19.066
134846,18.97
134847,18.97
134848,18.824178543099
134849,18.97
134850,18.97
134851,19.5640305724041
134852,19.464
134853,19.464
134854,19.3248422517047
134855,19.464
134856,19.464
134857,20.12
134858,20.0314595284256
134859,20.0314595284256
134860,19.8894507238786
134861,20.0314595284256
134862,20.0314595284256
134863,20.453
134864,20.354
134865,20.354
134866,20.2467760123778
134867,20.354
134868,20.354
134869,20.453
134870,20.354
134871,20.354
134872,20.2467760123778
134873,20.354
134874,20.354
134875,18.3824942278855
134876,18.28
134877,18.28
134878,18.1305832072283
134879,18.28
134880,18.28
134881,16.437
134882,16.437
134883,16.437
134884,16.257
134885,16.437
134886,16.437
134887,16.166
134888,16.166
134889,16.166
134890,15.9817595644304
134891,16.166
134892,16.166
134893,16.674
134894,16.674
134895,16.674
134896,16.499
134897,16.674
134898,16.674
134899,17.007
134900,17.007
134901,17.007
134902,16.830824771995
134903,17.007
134904,17.007
134905,18.547
134906,18.441
134907,18.441
134908,18.289
134909,18.441
134910,18.441
134911,19.093
134912,19
134913,19
134914,18.845
134915,19
134916,19
134917,19.219132190188
134918,19.121
134919,19.121
134920,18.982
134921,19.121
134922,19.121
134923,19.3751587770821
134924,19.29
134925,19.29
134926,19.1509366873677
134927,19.29
134928,19.29
134929,20.005
134930,19.913
134931,19.913
134932,19.776548344386
134933,19.913
134934,19.913
134935,21.191
134936,21.1
134937,21.1
134938,20.9910486420436
134939,21.1
134940,21.1
134941,22.249
134942,22.249
134943,22.249
134944,22.138
134945,22.249
134946,22.249
134947,22.139
134948,22.139
134949,22.139
134950,22.034
134951,22.139
134952,22.139
134953,21.724
134954,21.635
134955,21.635
134956,21.5312972312495
134957,21.635
134958,21.635
134959,20.545
134960,20.4526021972499
134961,20.4526021972499
134962,20.3404982557278
134963,20.4526021972499
134964,20.4526021972499
134965,20.453
134966,20.354
134967,20.354
134968,20.2467760123778
134969,20.354
134970,20.354
134971,19.091
134972,18.7420144284864
134973,21.3320856320144
134974,21.3320856320144
134975,21.3320856320144
134976,18.7328815799419
134977,18.326
134978,17.676
134979,20.782
134980,20.782
134981,20.782
134982,17.605
134983,18.051
134984,17.297
134985,20.4176219155351
134986,20.431
134987,20.431
134988,17.212
134989,17.7907339096918
134990,16.942
134991,20.1826569020175
134992,20.174
134993,20.174
134994,16.8897646101269
134995,18.326
134996,18.228
134997,20.784
134998,20.782
134999,20.782
135000,18.3762277039872
135001,19.067
135002,19.106
135003,21.342
135004,21.3320856320144
135005,21.3320856320144
135006,19.093
135007,19.4377919893047
135008,20.541
135009,21.547
135010,21.539
135011,21.539
135012,20.306
135013,19.681
135014,21.547
135015,21.547
135016,21.539
135017,21.539
135018,21.188
135019,17.537
135020,19.409
135021,19.402
135022,19.402
135023,19.402
135024,19.409
135025,15.453
135026,17.862
135027,17.862
135028,17.862
135029,17.862
135030,17.862
135031,15.44
135032,17.862
135033,17.862
135034,17.862
135035,17.862
135036,17.862
135037,15.558
135038,18.066
135039,18.066
135040,18.066
135041,18.066
135042,18.066
135043,17.770701220767
135044,19.551
135045,19.542
135046,19.542
135047,19.542
135048,19.551
135049,18.638
135050,20.899
135051,20.889
135052,20.889
135053,20.889
135054,20.899
135055,18.6600057698481
135056,21.254
135057,21.245
135058,21.245
135059,21.245
135060,21.254
135061,18.702
135062,21.861
135063,21.854
135064,21.854
135065,21.854
135066,21.854
135067,18.729
135068,20.71
135069,22.171
135070,21.009
135071,22.163
135072,21.7494153264997
135073,18.828
135074,20.655
135075,22.488
135076,18.9022331630101
135077,20.655
135078,20.945
135079,20.448
135080,21.5480705210038
135081,24.206
135082,20.695
135083,21.219
135084,21.555
135085,21.454
135086,22.434
135087,25.8868231273769
135088,21.7529989935235
135089,21.756215738161
135090,22.23
135091,21.865
135092,22.15
135093,22.014
135094,21.778
135095,21.9006374408478
135096,22.031
135097,21.485
135098,21.4047238773116
135099,21.4047238773116
135100,23.7077596515082
135101,21.766
135102,21.4586412507223
135103,20.105
135104,19.834
135105,19.899
135106,21.894
135107,21.379
135108,19.85
135109,19.789
135110,19.5618225644546
135111,20.6003571198491
135112,21.64
135113,21.64
135114,19.6377173350227
135115,19.296
135116,18.723
135117,21.191
135118,21.3320856320144
135119,21.3320856320144
135120,18.723
135121,18.359
135122,17.667
135123,20.754
135124,20.782
135125,20.782
135126,17.5968525796132
135127,18.194
135128,17.391
135129,20.614
135130,20.614
135131,20.587
135132,17.391
135133,17.8120217015576
135134,17.36
135135,20.174
135136,20.174
135137,20.174
135138,17.01
135139,18.236
135140,18.893
135141,20.614
135142,20.614
135143,20.614
135144,18.937
135145,19.1286252842061
135146,20.974
135147,21.196
135148,21.196
135149,21.196
135150,20.279
135151,19.802
135152,21.648
135153,21.64
135154,21.64
135155,21.64
135156,21.618
135157,19.802
135158,21.648
135159,21.64
135160,21.64
135161,21.64
135162,21.648
135163,18.931
135164,20.71
135165,20.703
135166,20.703
135167,20.703
135168,20.71
135169,19.206
135170,19.409
135171,19.402
135172,19.402
135173,19.402
135174,19.409
135175,19.14
135176,19.411
135177,19.404
135178,19.404
135179,19.404
135180,19.411
135181,19.12
135182,20.178
135183,20.1706317277363
135184,20.1706317277363
135185,20.1706317277363
135186,20.178
135187,19.562
135188,21.391
135189,21.381
135190,21.381
135191,21.381
135192,21.391
135193,20.316
135194,21.663
135195,21.652
135196,21.652
135197,21.652
135198,21.663
135199,20.776
135200,21.7006597128261
135201,21.691
135202,21.691
135203,21.691
135204,21.7006597128261
135205,20.695
135206,22.163
135207,22.212834860867
135208,22.212834860867
135209,22.212834860867
135210,22.222
135211,19.751
135212,22.587
135213,22.476
135214,18.3300442494228
135215,22.577
135216,22.587
135217,19.2420076191523
135218,22.74
135219,22.737
135220,22.7928926863253
135221,22.676
135222,22.804
135223,20.917
135224,24.658
135225,22.2941368739808
135226,22.2318934035851
135227,24.6365186214851
135228,22.7039671544497
135229,22.046
135230,23.044
135231,22.68
135232,24.2597775850868
135233,24.355
135234,23.0301287289513
135235,22.174
135236,22.3068468245112
135237,22.569
135238,21.929
135239,22.3068468245112
135240,22.478
135241,21.886
135242,21.805
135243,21.97
135244,21.642
135245,21.8152929212898
135246,21.873
135247,21.376
135248,21.256
135249,21.938
135250,21.395
135251,21.293
135252,21.266
135253,19.8808453689523
135254,19.621
135255,21.106
135256,20.688
135257,20.1571020878989
135258,19.682
135259,20.526
135260,20.432
135261,21.521
135262,21.64
135263,21.6219557736612
135264,20.432
135265,20.453
135266,20.354
135267,21.539
135268,21.539
135269,21.534
135270,20.354
135271,20.453
135272,20.354
135273,21.4566662100066
135274,21.539
135275,21.4323704880531
135276,20.354
135277,20.41
135278,20.309
135279,21.52
135280,21.52
135281,21.5168536408653
135282,20.309
135283,20.43
135284,20.327
135285,21.527
135286,21.527
135287,21.527
135288,20.327
135289,20.495
135290,20.396
135291,21.612
135292,21.612
135293,21.612
135294,20.396
135295,20.526
135296,20.432
135297,21.64
135298,21.64
135299,21.64
135300,20.432
135301,20.526
135302,20.432
135303,21.64
135304,21.64
135305,21.64
135306,20.432
135307,19.204
135308,19.108
135309,20.1706317277363
135310,20.1706317277363
135311,20.1706317277363
135312,19.108
135313,17.571
135314,17.492
135315,18.516
135316,18.516
135317,18.516
135318,17.492
135319,18.3824942278855
135320,18.28
135321,19.2678563533332
135322,19.2678563533332
135323,19.2678563533332
135324,18.28
135325,18.547
135326,18.441
135327,19.404
135328,19.404
135329,19.404
135330,18.441
135331,19.263
135332,19.169
135333,20.225
135334,20.225
135335,20.225
135336,19.169
135337,20.109
135338,20.021
135339,21.381
135340,21.381
135341,21.381
135342,20.021
135343,20.318
135344,20.228
135345,21.691
135346,21.691
135347,21.691
135348,20.228
135349,20.489
135350,20.389
135351,18.642
135352,22.198
135353,22.198
135354,20.389
135355,20.601
135356,20.512
135357,21.8454265959615
135358,22.565
135359,22.565
135360,20.512
135361,20.601
135362,20.512
135363,21.752
135364,22.565
135365,22.565
135366,20.512
135367,21.7105021758395
135368,21.635
135369,20.568
135370,20.8062513018868
135371,20.618
135372,21.635
135373,22.494330093205
135374,22.494330093205
135375,21.575
135376,21.7801286760202
135377,21.984
135378,22.494330093205
135379,22.249
135380,22.249
135381,21.844
135382,21.993
135383,21.868
135384,22.249
135385,21.8091252649428
135386,21.7392166388046
135387,21.465
135388,21.6697199959236
135389,21.4047238773116
135390,21.7392166388046
135391,21.3736359022887
135392,21.297
135393,21.3704058649214
135394,22.753
135395,21
135396,21.297
135397,20.5457596371254
135398,20.453
135399,20.662124027064
135400,21.652
135401,21.631
135402,20.453
135403,19.802
135404,19.5618225644546
135405,20.763
135406,20.306
135407,19.629
135408,19.5618225644546
135409,19.61
135410,19.313
135411,21.404
135412,21.512
135413,19.895
135414,19.37
135415,19.296
135416,18.891
135417,21.261
135418,21.3320856320144
135419,21.3320856320144
135420,18.734
135421,19.139
135422,18.954
135423,21.196
135424,21.196
135425,21.196
135426,19.171
135427,18.452
135428,19.72
135429,20.819
135430,20.819
135431,20.819
135432,20.069
135433,18.956
135434,20.0946153759471
135435,21.196
135436,21.196
135437,21.196
135438,20.64
135439,19.312
135440,20.533
135441,21.539
135442,21.539
135443,21.539
135444,20.438
135445,19.324
135446,20.671
135447,21.539
135448,21.539
135449,21.539
135450,20.937
135451,17.942
135452,19.78
135453,19.798
135454,19.798
135455,19.798
135456,19.101
135457,15.558
135458,18.089
135459,18.089
135460,18.089
135461,18.089
135462,17.998
135463,15.558
135464,17.616
135465,18.089
135466,18.089
135467,18.089
135468,17.578
135469,17.369
135470,19.251
135471,19.2678563533332
135472,19.2678563533332
135473,19.2678563533332
135474,19.17
135475,17.531
135476,19.074
135477,19.4161791183757
135478,19.4161791183757
135479,19.4161791183757
135480,19.149
135481,18.33
135482,19.4224771413745
135483,20.225
135484,20.225
135485,20.225
135486,19.262
135487,18.761
135488,19.804
135489,21.3420333820894
135490,18.201
135491,21.3420333820894
135492,19.601
135493,19.8476423633974
135494,19.739
135495,21.565
135496,21.957
135497,21.957
135498,19.739
135499,20.345
135500,19.7508221040623
135501,22.026
135502,22.044
135503,22.565
135504,19.247
135505,19.706
135506,18.861
135507,21.302
135508,22.7928926863253
135509,22.7928926863253
135510,18.903
135511,20.6283011366636
135512,20.568
135513,20.58
135514,24.1544641270295
135515,20.3445169446205
135516,20.58
135517,21.3614599986087
135518,21.87
135519,21.842
135520,24.932
135521,24.932
135522,21.7881538145447
135523,21.7611349334285
135524,21.873
135525,21.846
135526,24.867
135527,21.873
135528,21.846
135529,21.428
135530,21.465
135531,21.4047238773116
135532,23.739
135533,21.802
135534,21.4586412507223
135535,19.986
135536,19.825
135537,19.899
135538,21.894
135539,19.899
135540,19.825
135541,19.403172137474
135542,19.616
135543,20.394
135544,21.64
135545,20.549
135546,19.5618225644546
135547,19.254
135548,19.5528499622655
135549,20.729
135550,21.64
135551,21.094
135552,19.5528499622655
135553,19.179
135554,19.352
135555,20.494
135556,21.539
135557,21.415
135558,19.477
135559,19.106
135560,19.322
135561,21.52
135562,21.52
135563,20.461
135564,20.228
135565,18.923
135566,20.83
135567,21.3320856320144
135568,21.3320856320144
135569,21.198
135570,20.83
135571,18.923
135572,21.342
135573,21.3320856320144
135574,21.3320856320144
135575,21.287
135576,21.342
135577,20.3035946490398
135578,21.342
135579,21.3320856320144
135580,21.3320856320144
135581,21.3320856320144
135582,21.3320856320144
135583,21.703
135584,21.412
135585,21.404
135586,21.404
135587,21.399
135588,21.404
135589,21.541
135590,21.325
135591,21.404
135592,21.404
135593,21.399
135594,20.169890136561
135595,18.777
135596,20.175
135597,20.166
135598,20.166
135599,20.166
135600,20.175
135601,17.159
135602,18.468
135603,18.468
135604,18.468
135605,18.468
135606,18.468
135607,15.869
135608,18.167
135609,18.167
135610,18.167
135611,18.161
135612,18.167
135613,17.66
135614,19.551
135615,19.542
135616,19.542
135617,19.542
135618,19.551
135619,18.638
135620,20.899
135621,20.889
135622,20.889
135623,20.889
135624,20.899
135625,19.899
135626,21.391
135627,21.381
135628,21.381
135629,21.381
135630,21.391
135631,21.729
135632,21.724
135633,21.703
135634,21.703
135635,21.703
135636,21.724
135637,23.8763722180895
135638,23.747
135639,23.726
135640,23.726
135641,23.726
135642,23.714
135643,24.691
135644,24.678
135645,24.662
135646,24.662
135647,24.662
135648,22.2318790379402
135649,24.967
135650,24.945
135651,24.861
135652,24.932
135653,24.932
135654,20.758
135655,23.937
135656,22.328
135657,24.693
135658,26.137
135659,25.2819402266245
135660,24.7089986399968
135661,21.905
135662,26.8225293032143
135663,23.183
135664,21.593
135665,22.5273803843737
135666,26.909238713015
135667,21.841
135668,26.8093390493438
135669,22.663
135670,22.413
135671,22.3916446589964
135672,26.8093390493438
135673,25.367
135674,25.3634165689248
135675,22.4900722431715
135676,21.929
135677,22.13
135678,25.3634165689248
135679,23.746
135680,23.783
135681,21.9006374408478
135682,23.768
135683,21.9006374408478
135684,23.783
135685,21.541
135686,23.133
135687,21.668
135688,22.139
135689,21.465
135690,23.09
135691,20.678
135692,21.0233672418018
135693,21.004
135694,22.38
135695,20.877
135696,20.549
135697,19.558
135698,19.744
135699,20.763
135700,21.744
135701,20.763
135702,19.786
135703,19.812
135704,19.678
135705,21.622
135706,21.652
135707,21.64
135708,19.678
135709,19.812
135710,20.7941050143091
135711,21.021
135712,21.652
135713,21.652
135714,20.677
135715,21.747
135716,21.637
135717,21.43
135718,21.652
135719,21.652
135720,21.257
135721,19.458
135722,21.55
135723,21.8506280249988
135724,21.8506280249988
135725,21.8506280249988
135726,21.828
135727,21.035
135728,22.707
135729,22.735527375859
135730,22.735527375859
135731,22.735527375859
135732,22.444
135733,21.042
135734,22.62
135735,22.596
135736,22.596
135737,22.596
135738,22.62
135739,19.431
135740,21.66
135741,21.64
135742,21.64
135743,21.64
135744,21.66
135745,18.591
135746,20.899
135747,20.889
135748,20.889
135749,20.889
135750,20.899
135751,18.622
135752,21.205
135753,21.197
135754,21.197
135755,21.197
135756,21.205
135757,18.755
135758,21.59
135759,21.571
135760,21.571
135761,21.571
135762,21.59
135763,18.8841879448709
135764,21.66
135765,21.64
135766,21.64
135767,21.64
135768,21.66
135769,20.344
135770,22.758
135771,22.735527375859
135772,22.735527375859
135773,22.735527375859
135774,22.758
135775,21.2071985079087
135776,23.1831625363091
135777,23.163
135778,23.163
135779,23.163
135780,23.1831625363091
135781,23.47
135782,24.1980316971385
135783,24.186
135784,24.186
135785,24.186
135786,24.1980316971385
135787,23.558
135788,24.945
135789,24.932
135790,24.932
135791,24.932
135792,24.945
135793,23.042
135794,24.945
135795,22.389
135796,24.861
135797,24.932
135798,24.945
135799,22.613
135800,26.593
135801,24.265
135802,21.87
135803,24.158
135804,26.593
135805,22.511
135806,26.909238713015
135807,24.521
135808,22.462
135809,22.663
135810,26.909238713015
135811,22.676
135812,25.7442609275021
135813,23.638
135814,26.728
135815,22.629
135816,25.851
135817,22.051
135818,22.162
135819,22.051
135820,24.959
135821,24.307
135822,22.051
135823,21.808
135824,21.785
135825,21.86
135826,23.5402256271234
135827,22.489
135828,21.796
135829,21.474
135830,21.39
135831,21.7201364291778
135832,23.1061041273935
135833,21.565
135834,21.419
135835,20.034
135836,20.6653668533338
135837,21.821
135838,21.8506280249988
135839,21.84
135840,19.873
135841,19.814
135842,19.645
135843,21.64
135844,21.64
135845,21.627
135846,19.645
135847,19.881419574425
135848,19.655
135849,21.64
135850,21.64
135851,21.64
135852,19.655
135853,19.802
135854,20.523
135855,21.64
135856,21.64
135857,21.64
135858,20.659
135859,19.802
135860,20.4161427960838
135861,21.64
135862,21.64
135863,21.64
135864,20.4161427960838
135865,19.915
135866,19.712
135867,21.688
135868,21.688
135869,21.688
135870,20.708
135871,21.176
135872,21.2981339728538
135873,22.735527375859
135874,22.735527375859
135875,22.735527375859
135876,21.736
135877,21.176
135878,22.284
135879,22.735527375859
135880,22.735527375859
135881,22.735527375859
135882,22.415
135883,21.039
135884,21.59
135885,21.571
135886,21.571
135887,21.571
135888,21.59
135889,20.2759668773691
135890,19.999
135891,19.989
135892,19.989
135893,19.989
135894,19.999
135895,20.466
135896,20.178
135897,20.1706317277363
135898,20.1706317277363
135899,20.1706317277363
135900,20.178
135901,21.453
135902,21.205
135903,21.197
135904,21.197
135905,21.197
135906,21.205
135907,21.862
135908,21.66
135909,21.64
135910,21.64
135911,21.64
135912,21.66
135913,22.615
135914,22.46
135915,22.399
135916,22.4377505874677
135917,22.4377505874677
135918,22.46
135919,23.25
135920,23.1831625363091
135921,23.173
135922,23.163
135923,23.163
135924,23.1831625363091
135925,23.8761220025871
135926,23.764
135927,23.75
135928,23.739
135929,23.739
135930,23.764
135931,24.967
135932,24.945
135933,23.011
135934,24.932
135935,24.932
135936,24.945
135937,24.9247004691085
135938,25.054
135939,20.7625438470846
135940,25.0385236533223
135941,25.0385236533223
135942,25.054
135943,26.7389306372687
135944,26.8093390493438
135945,26.68
135946,26.8093390493438
135947,26.8093390493438
135948,26.8093390493438
135949,27.149
135950,28.99
135951,29.2146430714264
135952,29.2146430714264
135953,29.2146430714264
135954,29.2146430714264
135955,24.2694980432332
135956,24.521
135957,25.2758435535774
135958,26.6908924746298
135959,24.2541379792654
135960,24.521
135961,22.93
135962,23.305076912182
135963,22.519
135964,22.255
135965,22.519
135966,24.765
135967,21.912
135968,22.048
135969,22.419
135970,21.951
135971,21.9006374408478
135972,21.876
135973,21.867
135974,21.807
135975,22.9847474780574
135976,23.163
135977,21.99
135978,21.841
135979,20.739
135980,20.558
135981,22.072273656095
135982,22.1018291464284
135983,22.0573759370475
135984,20.793
135985,19.881419574425
135986,19.655
135987,21.64
135988,21.64
135989,21.521
135990,19.655
135991,19.881419574425
135992,19.655
135993,21.64
135994,21.64
135995,21.64
135996,19.655
135997,20.315
135998,19.655
135999,21.64
136000,21.64
136001,21.64
136002,19.655
136003,19.843
136004,19.629
136005,21.612
136006,21.612
136007,21.612
136008,20.151
136009,19.9126059106576
136010,20.439
136011,21.652
136012,21.652
136013,21.652
136014,20.586
136015,21.211386826353
136016,21.41
136017,22.425
136018,22.425
136019,22.425
136020,21.648
136021,21.845
136022,21.198
136023,22.434
136024,22.425
136025,22.425
136026,21.7613233895983
136027,21.682
136028,21.4417077026551
136029,21.5962047560416
136030,21.587
136031,21.587
136032,21.5769082685582
136033,21.19
136034,20.899
136035,20.899
136036,20.889
136037,20.889
136038,20.899
136039,21.564
136040,21.216
136041,21.298
136042,21.298
136043,21.298
136044,21.306
136045,21.632
136046,20.882
136047,21.391
136048,21.381
136049,21.381
136050,21.288
136051,21.0880978200857
136052,21.17
136053,21.64
136054,21.64
136055,21.64
136056,20.9734714388431
136057,21.969
136058,22.255
136059,22.596
136060,22.596
136061,22.596
136062,22.569
136063,22.3120291929253
136064,23.1831625363091
136065,23.163
136066,23.110079054652
136067,22.082
136068,23.1577149374721
136069,23.341
136070,24.4609249935649
136071,24.4472018497224
136072,23.702
136073,24.4472018497224
136074,24.4609249935649
136075,23.213
136076,25.487803326597
136077,25.475
136078,25.37
136079,25.475
136080,25.487803326597
136081,23.5213223006886
136082,26.51
136083,26.51
136084,26.51
136085,26.326
136086,23.733688470331
136087,22.485
136088,25.696
136089,23.644
136090,26.877
136091,26.877
136092,25.8821057727387
136093,25.198
136094,29.1424144099227
136095,24.855
136096,24.427
136097,29.1424144099227
136098,25.666
136099,23.616
136100,24.0666728752264
136101,22.663
136102,22.343
136103,22.8054975093776
136104,25.7683223498282
136105,22.174
136106,23.39
136107,22.165
136108,22.807
136109,22.5103584489416
136110,22.502
136111,21.867
136112,23.5145742122876
136113,23.105
136114,22.517
136115,23.105
136116,22.002
136117,21.449
136118,21.559
136119,22.2494203272328
136120,23.004006934881
136121,22.677907076461
136122,22.299
136123,19.8618272982842
136124,19.666
136125,20.653
136126,21.64
136127,21.64
136128,19.666
136129,19.8932654753748
136130,20.659
136131,21.611
136132,21.64
136133,21.64
136134,21.449
136135,19.8714951558486
136136,21.646
136137,21.64
136138,21.64
136139,21.64
136140,21.6408556416436
136141,19.768
136142,21.1898006596259
136143,21.5470003456958
136144,21.5470003456958
136145,21.5470003456958
136146,21.444
136147,19.758
136148,21.557
136149,21.5470003456958
136150,21.5470003456958
136151,21.5470003456958
136152,21.475
136153,19.814
136154,21.66
136155,21.64
136156,21.64
136157,21.64
136158,21.66
136159,20.046
136160,21.8662109289278
136161,21.8506280249988
136162,21.8506280249988
136163,21.8506280249988
136164,21.8662109289278
136165,21.176
136166,22.434
136167,22.735527375859
136168,22.735527375859
136169,22.735527375859
136170,22.758
136171,20.64
136172,21.66
136173,21.64
136174,21.64
136175,21.64
136176,21.66
136177,21.502
136178,21.322
136179,21.3143328603018
136180,21.3143328603018
136181,21.3143328603018
136182,21.322
136183,20.175
136184,21.322
136185,21.3143328603018
136186,21.3143328603018
136187,21.3143328603018
136188,21.322
136189,18.862
136190,21.416415594192
136191,21.416415594192
136192,21.409
136193,21.409
136194,21.416415594192
136195,19.03
136196,21.675
136197,21.652
136198,21.652
136199,21.652
136200,21.675
136201,20.69891042322
136202,23.039
136203,23.019
136204,23.019
136205,23.019
136206,23.039
136207,21.046
136208,23.1831625363091
136209,23.163
136210,23.163
136211,23.163
136212,23.1831625363091
136213,22.702
136214,24.265
136215,24.251
136216,24.251
136217,24.251
136218,24.265
136219,22.78
136220,25.054
136221,25.0385236533223
136222,25.0385236533223
136223,25.0385236533223
136224,25.054
136225,23.5851370403739
136226,25.90280264079
136227,25.809
136228,25.8868231273769
136229,25.8868231273769
136230,25.90280264079
136231,22.972
136232,26.909238713015
136233,26.8225293032143
136234,25.8821057727387
136235,26.909238713015
136236,26.909238713015
136237,26.352520874349
136238,29.2146430714264
136239,27.4963607383354
136240,29.2146430714264
136241,24.1717400286328
136242,29.2146430714264
136243,24.535
136244,26.909238713015
136245,22.663
136246,26.777
136247,25.2758435535774
136248,22.128
136249,22.839
136250,26.004
136251,22.807
136252,25.197
136253,23.902
136254,22.827
136255,22.062
136256,21.876
136257,22.916
136258,22.309
136259,21.9006374408478
136260,23.31
136261,21.8755064284493
136262,23.501
136263,23.436
136264,23.4900799563714
136265,22.489
136266,21.86
136267,21.549
136268,23.133
136269,22.243
136270,23.07
136271,22.6112604221941
136272,21.757
136273,21.459
136274,21.466
136275,21.908
136276,23.019
136277,23.019
136278,21.3411428145063
136279,21.486
136280,23.039
136281,22.991
136282,23.019
136283,23.019
136284,22.724
136285,21.46
136286,22.707
136287,22.735527375859
136288,22.735527375859
136289,22.735527375859
136290,21.471
136291,21.7594532705693
136292,22.068
136293,22.735527375859
136294,22.735527375859
136295,22.735527375859
136296,22.0270740203825
136297,22.3200114761611
136298,23.0774539565683
136299,23.1061041273935
136300,23.1061041273935
136301,23.1061041273935
136302,23.112
136303,21.833
136304,21.757
136305,23.116
136306,23.116
136307,23.116
136308,23.09
136309,22.17
136310,21.609
136311,23.116
136312,23.116
136313,23.116
136314,23.133
136315,21.633
136316,21.707
136317,21.688
136318,21.688
136319,21.688
136320,21.6894173466612
136321,21.564
136322,21.306
136323,21.298
136324,21.298
136325,21.298
136326,21.306
136327,21.4679638413258
136328,21.205
136329,21.197
136330,21.197
136331,21.197
136332,21.205
136333,21.728
136334,21.66
136335,21.64
136336,21.64
136337,21.64
136338,21.66
136339,21.377
136340,21.707
136341,21.688
136342,21.688
136343,21.688
136344,21.707
136345,22.82
136346,23.039
136347,23.019
136348,23.019
136349,23.019
136350,23.039
136351,22.878
136352,23.1831625363091
136353,23.163
136354,23.163
136355,23.163
136356,23.1831625363091
136357,23.772
136358,23.764
136359,23.739
136360,23.739
136361,23.739
136362,23.764
136363,24.527
136364,24.678
136365,24.662
136366,24.662
136367,24.662
136368,24.678
136369,23.9282828799182
136370,24.945
136371,24.932
136372,24.932
136373,24.932
136374,24.945
136375,26.372
136376,26.51
136377,26.51
136378,26.51
136379,26.51
136380,26.51
136381,25.7683223498282
136382,26.8225293032143
136383,25.745
136384,22.319
136385,24.0666728752264
136386,26.909238713015
136387,23.017
136388,26.51
136389,22.455
136390,22.288
136391,22.994
136392,25.011
136393,21.99
136394,22.8634062377212
136395,21.891
136396,21.672
136397,22.0937062657862
136398,22.164
136399,21.533
136400,21.412
136401,21.465
136402,21.549
136403,21.484
136404,21.4833521822373
136405,20.779
136406,20.549
136407,20.597
136408,22.142069453932
136409,20.807
136410,20.549
136411,19.833
136412,19.6668640895268
136413,21.087
136414,21.652
136415,21.314
136416,19.6668640895268
136417,19.8932654753748
136418,19.56
136419,20.549
136420,21.64
136421,21.64
136422,19.645
136423,19.833
136424,19.5416705809043
136425,21.065
136426,21.612
136427,21.612
136428,19.618545656901
136429,19.704
136430,19.389
136431,21.534
136432,21.539
136433,21.539
136434,19.533
136435,19.759
136436,19.389
136437,21.539
136438,21.539
136439,21.539
136440,19.533
136441,19.704
136442,19.413
136443,21.539
136444,21.539
136445,21.539
136446,19.551
136447,19.903504660234
136448,19.655
136449,21.64
136450,21.64
136451,21.64
136452,19.655
136453,20.655
136454,20.659
136455,21.64
136456,21.64
136457,21.64
136458,20.1810157870037
136459,20.152
136460,20.557
136461,21.298
136462,21.298
136463,21.298
136464,20.883
136465,20.448
136466,20.178
136467,20.1706317277363
136468,20.1706317277363
136469,20.1706317277363
136470,20.178
136471,20.469
136472,20.1878693620288
136473,20.225
136474,20.225
136475,20.225
136476,20.216
136477,19.56
136478,19.511
136479,20.703
136480,20.703
136481,20.703
136482,19.511
136483,18.97
136484,20.115
136485,21.381
136486,21.381
136487,21.381
136488,21.225
136489,20.634
136490,21.52
136491,21.64
136492,21.64
136493,21.64
136494,21.49
136495,21.71
136496,21.649
136497,21.894
136498,21.894
136499,21.894
136500,21.884
136501,23.812
136502,23.0936425212536
136503,23.6360481331896
136504,23.6360481331896
136505,23.6360481331896
136506,23.02
136507,24.3523766948415
136508,23.178704623785
136509,24.222
136510,24.222
136511,24.222
136512,20.475
136513,24.682
136514,22.624
136515,24.662
136516,24.662
136517,24.662
136518,21.523
136519,25.36
136520,25.487803326597
136521,20.92
136522,25.475
136523,25.475
136524,21.128
136525,23.888
136526,23.2364995071946
136527,21.791
136528,22.901
136529,26.4405852216244
136530,22.9137687647603
136531,22.063
136532,23.305
136533,22.051
136534,22.281
136535,22.051
136536,22.0623162120531
136537,21.867
136538,21.807
136539,21.785
136540,22.316
136541,21.85
136542,21.796
136543,21.2873041939052
136544,21.275
136545,21.322
136546,21.337
136547,21.322
136548,21.275
136549,19.263
136550,19.058
136551,20.1130893447059
136552,19.408
136553,19.5716007591967
136554,19.027
136555,19.865522760019
136556,19.6544099182827
136557,21.318
136558,21.7189192174213
136559,20.646945637088
136560,19.354
136561,19.762
136562,19.0557886547074
136563,21.612
136564,21.615
136565,20.7544274855716
136566,19.102
136567,19.69
136568,19.341
136569,21.590969379077
136570,21.6015077953644
136571,21.254
136572,19.078
136573,19.553
136574,18.574
136575,21.4998669632203
136576,21.4998669632203
136577,21.345
136578,19.416
136579,19.511
136580,19.215
136581,21.487
136582,21.487
136583,21.422
136584,19.2417145291431
136585,19.496
136586,19.199
136587,21.495
136588,21.487
136589,21.481
136590,19.387
136591,19.6516354987229
136592,18.861
136593,21.567
136594,21.561
136595,21.561
136596,21.474
136597,19.6516354987229
136598,18.733
136599,21.567
136600,21.561
136601,21.561
136602,19.0306542977832
136603,18.479
136604,17.454
136605,20.588
136606,20.5780095021609
136607,20.5780095021609
136608,18.669
136609,18.077
136610,19.4865263323875
136611,19.4865263323875
136612,19.477
136613,19.477
136614,18.976
136615,19.053
136616,19.333
136617,19.333
136618,19.333
136619,19.333
136620,19.327
136621,19.771
136622,18.943
136623,19.5019364109081
136624,19.492
136625,19.492
136626,19.5019364109081
136627,20.6335104571675
136628,19.317
136629,20.3135900339743
136630,20.305
136631,20.305
136632,19.5524947050722
136633,22.012
136634,21.72
136635,21.731
136636,21.731
136637,21.731
136638,20.4601632353848
136639,22.208
136640,21.073
136641,21.956
136642,21.956
136643,21.956
136644,21.723
136645,23.839
136646,23.583
136647,23.651
136648,23.651
136649,23.651
136650,22.984
136651,24.3662140269774
136652,24.2454084713865
136653,24.222
136654,24.222
136655,24.222
136656,24.098
136657,24.967
136658,24.945
136659,24.932
136660,24.932
136661,24.932
136662,24.945
136663,23.132
136664,26.445
136665,26.593
136666,26.593
136667,26.593
136668,22.123
136669,22.526
136670,22.578
136671,22.417
136672,26.54
136673,26.631
136674,21.936
136675,21.582
136676,22.028
136677,22.028
136678,21.695
136679,24.096
136680,22.041
136681,21.7377866536783
136682,21.867
136683,21.7723185184961
136684,21.6412072141873
136685,21.86
136686,22.587
136687,20.535
136688,21.401
136689,20.905
136690,20.785
136691,21.011
136692,21.028
136693,19.345
136694,20.834
136695,19.72
136696,19.4816921896053
136697,19.72
136698,20.2634898217878
136699,19.544
136700,21.7356972003362
136701,21.611
136702,21.099442120202
136703,19.72
136704,21.746
136705,19.427
136706,21.625
136707,21.615
136708,21.615
136709,21.0978486949219
136710,20.5442559945539
136711,19.393
136712,21.509
136713,21.502
136714,21.6015077953644
136715,21.433
136716,19.5
136717,19.0730196678249
136718,21.491
136719,21.481
136720,21.487
136721,21.334
136722,19.864
136723,19.398
136724,21.561
136725,21.561
136726,21.561
136727,21.2734985177311
136728,19.3999208431046
136729,19.762
136730,21.478
136731,21.621
136732,21.615
136733,21.443
136734,19.394
136735,19.865522760019
136736,20.74
136737,21.731
136738,21.695
136739,21.509
136740,19.664
136741,19.877
136742,21.72
136743,21.731
136744,21.731
136745,21.695
136746,19.749
136747,19.4587988344341
136748,21.7356972003362
136749,21.731
136750,21.731
136751,21.4918730867489
136752,19.319
136753,19.25
136754,21.2899777803434
136755,21.282
136756,21.282
136757,21.282
136758,21.169
136759,20.309
136760,21.475
136761,21.466
136762,21.466
136763,21.466
136764,21.0781644765929
136765,21.807
136766,21.746
136767,21.731
136768,21.731
136769,21.731
136770,21.746
136771,22.697
136772,22.508
136773,22.487
136774,22.487
136775,22.487
136776,22.508
136777,23.1913320472654
136778,23.133
136779,23.116
136780,23.116
136781,23.116
136782,23.133
136783,23.558
136784,23.5402256271234
136785,23.5402256271234
136786,23.5402256271234
136787,23.5402256271234
136788,23.5402256271234
136789,24.27
136790,24.251
136791,24.251
136792,24.251
136793,24.251
136794,24.251
136795,24.9500651697776
136796,24.932
136797,24.932
136798,24.932
136799,24.932
136800,24.932
136801,24.9500651697776
136802,24.932
136803,24.932
136804,24.932
136805,24.932
136806,24.932
136807,26.839
136808,26.8093390493438
136809,26.8093390493438
136810,26.8093390493438
136811,26.8093390493438
136812,26.8093390493438
136813,25.7683223498282
136814,25.2758435535774
136815,24.497
136816,26.909238713015
136817,26.909238713015
136818,24.497
136819,22.165
136820,22.13
136821,22.026
136822,24.92
136823,24.482
136824,22.079
136825,21.768
136826,21.785
136827,21.78
136828,21.529
136829,21.679
136830,21.7723185184961
136831,20.187
136832,20.573
136833,20.645
136834,20.351
136835,20.5902216210833
136836,20.030629904804
136837,19.328
136838,19.645
136839,19.72
136840,19.406
136841,19.625
136842,19.252
136843,19.452
136844,19.5152521630173
136845,20.668
136846,19.398
136847,19.547
136848,19.034
136849,19.006
136850,18.363
136851,20.3230960888811
136852,20.023
136853,18.957
136854,18.275
136855,18.4625611156272
136856,17.703
136857,20.7146531805561
136858,20.0559168557521
136859,18.3562024304532
136860,17.703
136861,18.4625611156272
136862,18.1743531222745
136863,20.863
136864,20.887
136865,18.5024180013384
136866,18.471689594762
136867,18.4625611156272
136868,17.671
136869,20.789
136870,20.879
136871,19.074
136872,17.839
136873,19.124
136874,18.553
136875,21.401
136876,21.428
136877,19.912
136878,18.681
136879,19.797
136880,19.8000789043154
136881,21.836
136882,22.0138339663785
136883,20.7802182433027
136884,19.789
136885,20.037
136886,20.076
136887,21.517
136888,22.123
136889,20.589
136890,20.0638814520355
136891,19.24
136892,18.669
136893,21.398
136894,21.411
136895,19.601
136896,18.9863791280225
136897,18.094
136898,17.306
136899,19.648
136900,19.2416362975509
136901,18.973
136902,19.648
136903,18.094
136904,19.5316877009436
136905,19.633
136906,18.86
136907,19.048
136908,19.1096277939954
136909,19.551
136910,21.188
136911,21.188
136912,19.732
136913,19.928
136914,21.188
136915,21.88455306224
136916,22.1892839751878
136917,22.1813923889099
136918,21.6147300914713
136919,21.999
136920,22.1813923889099
136921,23.4149382564575
136922,23.2247843521816
136923,23.213
136924,23.1784507619509
136925,23.162
136926,23.2247843521816
136927,23.7318060445775
136928,23.6497084323917
136929,23.636
136930,23.241
136931,23.241
136932,23.6497084323917
136933,24.738
136934,24.7186980612867
136935,24.7186980612867
136936,24.627
136937,24.6498983228351
136938,24.7186980612867
136939,25.514
136940,25.492
136941,25.492
136942,25.492
136943,25.492
136944,25.492
136945,25.962
136946,25.943
136947,25.943
136948,25.943
136949,25.943
136950,25.943
136951,26.931
136952,26.909238713015
136953,26.909238713015
136954,26.717
136955,26.909238713015
136956,26.909238713015
136957,33.2433734181388
136958,30.3998932704969
136959,25.0538142314362
136960,28.348
136961,33.0630580535795
136962,33.2118649524865
136963,22.505
136964,22.3809220164525
136965,22.3809220164525
136966,22.413
136967,22.5954189540413
136968,22.463
136969,26.065
136970,22.455
136971,22.444
136972,22.307
136973,22.394
136974,21.984
136975,22.437
136976,22.176
136977,22.242
136978,22.003
136979,22.116
136980,21.703
136981,22.248
136982,22.269
136983,22.269
136984,21.971
136985,22.087810868781
136986,23.987
136987,21.423
136988,23.149
136989,21.7532511279037
136990,21.45
136991,21.565
136992,22.0256669882539
136993,20.5447752537257
136994,19.962
136995,20.919
136996,20.942
136997,20.314
136998,19.7760514069153
136999,20.342
137000,20.1878758086036
137001,21.537
137002,21.183
137003,20.159
137004,19.56
137005,20.408
137006,20.081
137007,21.776
137008,21.958
137009,20.1455153764292
137010,19.704
137011,22.2862415230325
137012,19.6906436332282
137013,21.8389037819036
137014,22.165
137015,20.17
137016,22.2030199801807
137017,20.489
137018,22.31
137019,22.039
137020,22.271
137021,20.273
137022,22.31
137023,21.306
137024,23.51
137025,23.133
137026,23.163
137027,21.737
137028,23.5
137029,21.836
137030,23.183
137031,22.9732832039027
137032,23.13
137033,21.737
137034,21.985
137035,21.043
137036,22.335
137037,21.3522347181169
137038,22.046
137039,21.259
137040,22.377
137041,21.176
137042,21.495
137043,21.685
137044,22.039
137045,20.706
137046,21.506
137047,21.813
137048,19.497
137049,22.343
137050,21.5086489318081
137051,19.602
137052,19.545
137053,20.9692149635164
137054,20.4394003252443
137055,23.1024072695157
137056,22.165
137057,22.233
137058,20.44
137059,21.433
137060,20.815
137061,23.5795575171152
137062,23.228
137063,23.218
137064,20.933
137065,21.963
137066,21.179
137067,24.2324368903638
137068,24.2324368903638
137069,24.2324368903638
137070,21.204
137071,21.885
137072,21.163
137073,24.654
137074,24.654
137075,24.654
137076,21.163
137077,25.598
137078,21.2142729209389
137079,25.708
137080,25.708
137081,25.708
137082,21.203
137083,26.275
137084,21.2142729209389
137085,26.255
137086,26.255
137087,26.255
137088,21.203
137089,26.639
137090,21.385
137091,26.620723850912
137092,21.495
137093,26.620723850912
137094,21.385
137095,26.9008319616887
137096,21.814
137097,26.877
137098,25.8821057727387
137099,26.877
137100,21.814
137101,26.931
137102,22.099
137103,21.9687035013689
137104,26.6908924746298
137105,23.6404057678486
137106,22.062
137107,26.931
137108,23.183
137109,21.83
137110,26.909238713015
137111,25.2758435535774
137112,23.016
137113,26.122
137114,25.352
137115,21.839
137116,22.378
137117,25.352
137118,23.4639427629671
137119,24.8287721568948
137120,24.3529941399004
137121,23.4564127637542
137122,22.2452805102863
137123,22.348
137124,24.7045641928426
137125,24.262
137126,24.245
137127,24.2324368903638
137128,22.076
137129,22.2682719981759
137130,23.827
137131,23.6951577693544
137132,23.0817432875309
137133,23.587
137134,22.02
137135,21.8706497174617
137136,22.194
137137,21.996
137138,23.6
137139,23.587
137140,23.5795575171152
137141,21.8128983290099
137142,23.6
137143,21.901
137144,23.5856957486171
137145,23.578
137146,23.568
137147,22.146
137148,23.5856957486171
137149,21.955
137150,23.578
137151,23.578
137152,23.5507479276624
137153,22.133
137154,23.5856957486171
137155,22.186
137156,23.2616812123618
137157,23.568
137158,23.568
137159,23.568
137160,23.5856957486171
137161,22.5738128995212
137162,22.6729615903254
137163,23.5795575171152
137164,23.5795575171152
137165,23.5795575171152
137166,23.6
137167,23.99
137168,22.7968792347589
137169,23.987
137170,23.987
137171,23.987
137172,23.436
137173,23.587
137174,22.337
137175,23.987
137176,23.987
137177,23.987
137178,22.944
137179,23.371
137180,21.4099554196542
137181,23.2247843521816
137182,23.213
137183,23.213
137184,21.6350321328012
137185,22.463
137186,22.171
137187,22.2004519351288
137188,22.1813923889099
137189,22.1813923889099
137190,22.2004519351288
137191,22.139
137192,21.865
137193,21.865
137194,21.858
137195,19.484130814769
137196,21.865
137197,22.139
137198,21.865
137199,21.865
137200,21.858
137201,21.865
137202,21.865
137203,22.463
137204,22.2004519351288
137205,22.1892839751878
137206,22.1695746054145
137207,22.1892839751878
137208,22.2004519351288
137209,22.474
137210,22.216
137211,22.0672335489568
137212,22.2030199801807
137213,22.216
137214,22.216
137215,22.669
137216,22.4222160681628
137217,22.411
137218,22.411
137219,22.372
137220,22.4222160681628
137221,23.83
137222,23.5786771464808
137223,23.568
137224,23.5563781462037
137225,23.495
137226,23.5786771464808
137227,24.875
137228,24.687
137229,24.675
137230,24.597
137231,23.727
137232,24.687
137233,25.214
137234,25.196
137235,25.179
137236,20.883
137237,25.179
137238,25.196
137239,26.752
137240,26.732
137241,26.732
137242,24.1616586815099
137243,26.732
137244,26.732
137245,29.238
137246,29.2146430714264
137247,29.2146430714264
137248,29.2146430714264
137249,29.2146430714264
137250,29.2146430714264
137251,26.931
137252,26.909238713015
137253,26.6908924746298
137254,26.909238713015
137255,26.909238713015
137256,26.909238713015
137257,26.1601485999198
137258,26.139
137259,25.387
137260,26.139
137261,26.139
137262,26.139
137263,23.0036787091958
137264,24.6990577573998
137265,24.617
137266,24.687
137267,24.687
137268,24.6990577573998
137269,22.288
137270,24.021
137271,24.05
137272,24.05
137273,24.05
137274,23.677
137275,22.199
137276,23.585
137277,23.587
137278,23.5795575171152
137279,23.587
137280,23.221
137281,21.29
137282,22.984
137283,22.9715223196045
137284,22.9715223196045
137285,22.9715223196045
137286,22.984
137287,20.626
137288,22.377
137289,22.367
137290,22.359
137291,22.367
137292,22.377
137293,20.451
137294,22.216
137295,22.2030199801807
137296,22.194
137297,22.2030199801807
137298,22.216
137299,20.44
137300,22.216
137301,22.2030199801807
137302,22.2030199801807
137303,22.2030199801807
137304,22.216
137305,20.51
137306,22.31
137307,22.301
137308,22.301
137309,22.301
137310,22.31
137311,21.261
137312,22.984
137313,22.984
137314,22.9715223196045
137315,22.9715223196045
137316,22.984
137317,21.271
137318,22.984
137319,22.927
137320,22.9715223196045
137321,22.9715223196045
137322,22.984
137323,19.636
137324,21.728
137325,21.721
137326,21.728
137327,21.728
137328,21.728
137329,19.108
137330,19.4865263323875
137331,19.4865263323875
137332,19.4865263323875
137333,19.4865263323875
137334,19.4865263323875
137335,19.434
137336,19.4865263323875
137337,19.4865263323875
137338,19.4865263323875
137339,19.4865263323875
137340,19.4865263323875
137341,19.345
137342,19.5019364109081
137343,19.5019364109081
137344,19.5019364109081
137345,19.5019364109081
137346,19.5019364109081
137347,20.666
137348,20.363
137349,20.363
137350,20.363
137351,20.363
137352,20.363
137353,22.3798795012982
137354,22.13
137355,22.13
137356,22.1207549690762
137357,22.1207549690762
137358,22.13
137359,22.4983789929868
137360,22.2407988164361
137361,22.248
137362,22.2407988164361
137363,22.2407988164361
137364,22.248
137365,23.133
137366,22.885
137367,22.894
137368,22.885
137369,22.885
137370,22.885
137371,24.236
137372,23.944
137373,23.957
137374,23.944
137375,23.944
137376,23.944
137377,24.92
137378,24.7874564258739
137379,24.8007675811028
137380,24.7874564258739
137381,24.7874564258739
137382,24.7874564258739
137383,26.275
137384,26.255
137385,26.255
137386,26.255
137387,26.255
137388,26.255
137389,26.839
137390,26.8093390493438
137391,26.8093390493438
137392,26.8093390493438
137393,26.8093390493438
137394,26.8093390493438
137395,25.8976550889662
137396,24.924
137397,25.8777113224168
137398,25.8777113224168
137399,25.8777113224168
137400,24.924
137401,24.418
137402,21.8345360406696
137403,22.801
137404,21.827
137405,21.811
137406,21.861
137407,20.6140263825072
137408,20.333
137409,21.663
137410,20.161
137411,20.304
137412,20.333
137413,20.407
137414,20.167
137415,22.033528477671
137416,21.461
137417,20.1455153764292
137418,20.084
137419,19.783
137420,19.2353111631312
137421,21.3844416931951
137422,21.733023299422
137423,19.509
137424,19.2353111631312
137425,18.653
137426,17.812
137427,20.81
137428,20.9415085134639
137429,20.5124377021827
137430,17.812
137431,18.386
137432,18.217
137433,20.743
137434,20.743
137435,20.713
137436,18.669
137437,18.231
137438,19.7985623774855
137439,20.555
137440,20.555
137441,20.545
137442,19.03
137443,18.386
137444,19.899
137445,20.743
137446,20.743
137447,20.713
137448,19.9103987891463
137449,18.574
137450,20.1940280891485
137451,20.903
137452,20.903
137453,20.903
137454,19.827
137455,19.542
137456,20.379
137457,21.455
137458,21.455
137459,21.455
137460,19.9705774439458
137461,19.691
137462,21.494
137463,21.6171768967842
137464,21.6171768967842
137465,21.6171768967842
137466,21.362
137467,18.797
137468,19.539
137469,19.526
137470,19.526
137471,19.526
137472,19.539
137473,17.585
137474,18.066
137475,18.066
137476,18.066
137477,18.066
137478,18.066
137479,17.524
137480,18.089
137481,18.089
137482,18.089
137483,18.089
137484,18.089
137485,19.7912899656534
137486,19.5019364109081
137487,19.492
137488,19.492
137489,19.492
137490,19.5019364109081
137491,21.2654514146709
137492,20.976
137493,20.968
137494,20.968
137495,20.968
137496,20.976
137497,22.139
137498,21.865
137499,21.858
137500,21.858
137501,21.858
137502,21.865
137503,22.511
137504,22.248
137505,22.23
137506,22.23
137507,22.23
137508,22.248
137509,23.072
137510,22.791
137511,22.768
137512,22.768
137513,22.768
137514,22.791
137515,23.617
137516,23.353
137517,23.332
137518,23.332
137519,23.332
137520,23.353
137521,24.875
137522,24.687
137523,24.662
137524,24.662
137525,24.662
137526,24.687
137527,25.962
137528,25.959350975464
137529,25.943
137530,25.943
137531,25.943
137532,25.959350975464
137533,26.275
137534,26.2685449930463
137535,26.0974695232873
137536,22.152
137537,26.184
137538,26.2685449930463
137539,23.468
137540,23.021
137541,22.511
137542,22.003
137543,22.199
137544,24.1847282644036
137545,21.957
137546,21.891
137547,22.164
137548,21.579350073166
137549,21.8
137550,21.891
137551,21.275
137552,21.297
137553,22.12
137554,20.82
137555,21.0167962955395
137556,21.492
137557,20.418320514293
137558,21.183
137559,21.259
137560,21.14289484787
137561,20.1455153764292
137562,21.627
137563,20.288
137564,20.458
137565,21.003
137566,21.3824812572307
137567,20.006
137568,19.964
137569,19.923
137570,20.626
137571,21.728
137572,21.733023299422
137573,20.833
137574,20.142
137575,19.842
137576,21.5499889855227
137577,21.6171768967842
137578,21.6171768967842
137579,21.6171768967842
137580,20.0156775125135
137581,19.834
137582,21.627
137583,21.6171768967842
137584,21.6171768967842
137585,21.6171768967842
137586,20.0156775125135
137587,20.918
137588,21.74
137589,21.733023299422
137590,21.733023299422
137591,21.733023299422
137592,21.22
137593,21.158
137594,21.958
137595,21.9462015427961
137596,21.9462015427961
137597,21.9462015427961
137598,21.9469653042104
137599,20.2824546328595
137600,22.0331055869425
137601,22.023
137602,22.023
137603,22.023
137604,22.019
137605,20.2858115202092
137606,22.0566162370339
137607,22.046
137608,22.046
137609,22.046
137610,22.0429133237152
137611,19.774
137612,20.349
137613,20.34
137614,20.34
137615,20.34
137616,20.349
137617,18.161
137618,18.089
137619,18.089
137620,18.089
137621,18.089
137622,18.089
137623,18.7687603109309
137624,18.5402341878192
137625,18.5402341878192
137626,18.5402341878192
137627,18.5402341878192
137628,18.5402341878192
137629,19.7798704640871
137630,19.4865263323875
137631,19.477
137632,19.477
137633,19.477
137634,19.4865263323875
137635,20.597
137636,20.3043728975945
137637,20.296
137638,20.296
137639,20.296
137640,20.3043728975945
137641,21.64
137642,21.356
137643,21.3496447313475
137644,21.3496447313475
137645,21.3496447313475
137646,21.356
137647,22.229
137648,21.953
137649,21.943
137650,21.943
137651,21.943
137652,21.953
137653,23.043
137654,22.7635252214977
137655,22.754
137656,22.754
137657,22.754
137658,22.7635252214977
137659,23.4704685937454
137660,23.183
137661,23.173
137662,23.173
137663,23.173
137664,23.183
137665,24.894
137666,24.769
137667,24.7526050817319
137668,24.7526050817319
137669,24.7526050817319
137670,24.7526050817319
137671,26.072
137672,26.051702775037
137673,26.051702775037
137674,25.977
137675,26.051702775037
137676,26.051702775037
137677,26.275
137678,26.255
137679,26.255
137680,23.6999551851034
137681,26.0974695232873
137682,26.255
137683,25.338
137684,24.521
137685,22.327
137686,22.069
137687,22.624
137688,25.4190386942274
137689,23.7520344003541
137690,23.3030775528799
137691,22.577
137692,21.64
137693,22.242
137694,23.588
137695,21.87
137696,23.165
137697,23.138
137698,21.59
137699,21.828
137700,23.165
137701,21.207
137702,21.777
137703,21.777
137704,21.724
137705,20.17
137706,22.165
137707,21.805
137708,20.1455153764292
137709,21.958
137710,21.7233971108574
137711,20.9175514530016
137712,20.1455153764292
137713,21.299
137714,19.967
137715,21.944
137716,22.046
137717,21.661
137718,19.967
137719,22.191
137720,20.4500138605877
137721,22.023
137722,22.023
137723,21.941
137724,20.4500138605877
137725,21.299
137726,21.87
137727,22.046
137728,22.046
137729,22.046
137730,20.794
137731,21.349
137732,22.168
137733,22.1813923889099
137734,22.1813923889099
137735,22.1813923889099
137736,22.0617898035884
137737,21.526
137738,22.2030199801807
137739,22.194
137740,22.194
137741,22.194
137742,22.174
137743,22.2869732571168
137744,22.9715223196045
137745,22.961
137746,22.961
137747,22.961
137748,22.958
137749,22.6975542600225
137750,23.5
137751,23.4892206758032
137752,23.4892206758032
137753,23.4892206758032
137754,23.5
137755,21.356
137756,22.1892839751878
137757,22.1813923889099
137758,22.1813923889099
137759,22.1813923889099
137760,22.1892839751878
137761,21.9989502530637
137762,21.865
137763,21.858
137764,21.858
137765,21.858
137766,21.865
137767,22.139
137768,21.865
137769,21.858
137770,21.858
137771,21.858
137772,21.865
137773,21.859
137774,21.584
137775,21.5763352050182
137776,21.5763352050182
137777,21.5763352050182
137778,21.584
137779,22.181
137780,21.902
137781,21.894
137782,21.894
137783,21.894
137784,21.902
137785,22.463
137786,22.1892839751878
137787,22.1813923889099
137788,22.1813923889099
137789,22.1813923889099
137790,22.1813923889099
137791,23.175
137792,22.944610494626
137793,22.944610494626
137794,22.944610494626
137795,22.944610494626
137796,22.944610494626
137797,24.3918184850354
137798,24.1851908108975
137799,24.1851908108975
137800,24.1851908108975
137801,24.1851908108975
137802,24.1851908108975
137803,24.92
137804,24.7874564258739
137805,24.773
137806,24.773
137807,24.773
137808,24.7874564258739
137809,25.528
137810,25.492
137811,25.492
137812,25.492
137813,25.492
137814,25.492
137815,26.9008319616887
137816,26.877
137817,26.877
137818,26.877
137819,26.877
137820,26.877
137821,26.931
137822,26.909238713015
137823,26.909238713015
137824,26.909238713015
137825,26.909238713015
137826,26.909238713015
137827,26.712
137828,24.4923022172457
137829,26.69
137830,26.69
137831,26.69
137832,25.743
137833,25.3160789460222
137834,22.376157082911
137835,23.6457785928239
137836,22.0999218533082
137837,22.402431775553
137838,23.525
137839,23.133
137840,22.275
137841,23.225
137842,22.043
137843,22.275
137844,23.767
137845,22.6012148234101
137846,21.891
137847,23.242
137848,22.04
137849,22.161
137850,22.66
137851,22.168
137852,22.642
137853,23.465
137854,22.224
137855,21.8642628824561
137856,22.039
137857,21.5046637583033
137858,22.919
137859,22.95
137860,22.897
137861,22.93
137862,22.283
137863,22.0990287161131
137864,22.332
137865,22.359
137866,22.359
137867,22.359
137868,21.866
137869,22.62
137870,22.377
137871,22.359
137872,22.359
137873,22.359
137874,22.335
137875,22.62
137876,22.377
137877,22.359
137878,22.359
137879,22.359
137880,22.377
137881,23.1959554998416
137882,22.984
137883,22.961
137884,22.961
137885,22.961
137886,22.984
137887,23.705
137888,23.5856957486171
137889,23.578
137890,23.568
137891,23.568
137892,23.5856957486171
137893,23.705
137894,23.6
137895,23.587
137896,23.5795575171152
137897,23.5795575171152
137898,23.6
137899,22.62
137900,22.377
137901,22.367
137902,22.359
137903,22.359
137904,22.377
137905,22.012
137906,21.74
137907,21.74
137908,21.7332659287811
137909,21.7332659287811
137910,21.74
137911,21.263548560592
137912,20.976
137913,20.976
137914,20.968
137915,20.968
137916,20.976
137917,21.184
137918,20.89
137919,20.89
137920,20.8827003260355
137921,20.8827003260355
137922,20.89
137923,22.139
137924,21.865
137925,21.865
137926,21.858
137927,21.858
137928,21.865
137929,22.463
137930,22.2004519351288
137931,22.1892839751878
137932,22.1813923889099
137933,22.1813923889099
137934,22.2004519351288
137935,22.669
137936,22.4222160681628
137937,22.411
137938,22.4025624974291
137939,22.4025624974291
137940,22.4222160681628
137941,23.83
137942,23.5786771464808
137943,23.568
137944,23.5563781462037
137945,23.5563781462037
137946,23.5786771464808
137947,24.9202278864356
137948,24.786
137949,24.769
137950,24.7526050817319
137951,24.7526050817319
137952,24.786
137953,25.268
137954,25.249
137955,25.232
137956,25.232
137957,25.232
137958,25.249
137959,26.9008319616887
137960,26.877
137961,26.877
137962,26.877
137963,26.877
137964,26.877
137965,29.1724266657649
137966,29.1424144099227
137967,29.1424144099227
137968,29.1424144099227
137969,29.1424144099227
137970,29.1424144099227
137971,26.752
137972,23.5813399927559
137973,22.986704120315
137974,26.732
137975,26.732
137976,26.6260195073266
137977,22.563
137978,22.294
137979,22.463
137980,22.111
137981,25.3392724580145
137982,22.573
137983,21.977
137984,21.891
137985,22.108
137986,21.6894232847915
137987,21.8706497174617
137988,22.194
137989,21.292
137990,21.095
137991,21.582
137992,22.616
137993,21.475603173699
137994,21.095
137995,21.600769454136
137996,20.721
137997,20.273
137998,22.292
137999,21.673
138000,20.2805604583513
138001,21.5333866969615
138002,21.044
138003,21.993
138004,22.1813923889099
138005,21.958
138006,21.148
138007,20.408
138008,20.938
138009,22.134
138010,22.1613464672806
138011,22.123
138012,20.167
138013,20.248
138014,21.713
138015,22.023
138016,22.023
138017,22.023
138018,21.155
138019,20.365
138020,22.173
138021,22.1633752808061
138022,22.152
138023,22.152
138024,21.584
138025,20.884
138026,22.166
138027,22.1892839751878
138028,22.1813923889099
138029,22.1813923889099
138030,22.079
138031,21.259
138032,22.31
138033,22.301
138034,22.292
138035,22.292
138036,22.31
138037,21.53
138038,22.91
138039,22.899
138040,22.8923080191514
138041,22.8923080191514
138042,22.91
138043,20.51
138044,21.584
138045,21.5763352050182
138046,21.5763352050182
138047,21.5763352050182
138048,21.584
138049,18.08
138050,18.066
138051,18.066
138052,18.066
138053,18.066
138054,18.066
138055,18.232
138056,18.1770637968617
138057,18.1770637968617
138058,18.1770637968617
138059,18.1770637968617
138060,18.1770637968617
138061,19.783
138062,19.5019364109081
138063,19.492
138064,19.492
138065,19.492
138066,19.5019364109081
138067,21.469
138068,21.195
138069,21.188
138070,21.188
138071,21.188
138072,21.195
138073,22.4423744506154
138074,22.2004519351288
138075,22.1813923889099
138076,22.1813923889099
138077,22.1813923889099
138078,22.2004519351288
138079,23.156
138080,22.961
138081,22.944610494626
138082,22.944610494626
138083,22.944610494626
138084,22.961
138085,24.371
138086,24.213
138087,24.1851908108975
138088,24.1851908108975
138089,24.1851908108975
138090,24.213
138091,24.894
138092,24.8007675811028
138093,24.773
138094,24.773
138095,24.773
138096,24.8007675811028
138097,25.514
138098,25.507
138099,25.492
138100,25.492
138101,25.492
138102,25.507
138103,26.931
138104,26.909238713015
138105,26.909238713015
138106,26.909238713015
138107,26.909238713015
138108,26.909238713015
138109,26.931
138110,26.909238713015
138111,26.909238713015
138112,26.909238713015
138113,26.909238713015
138114,26.909238713015
138115,26.688
138116,22.608
138117,26.671
138118,26.671
138119,26.671
138120,22.541
138121,22.3095973151546
138122,22.242
138123,23.473
138124,22.061
138125,24.9403566818855
138126,22.249
138127,21.891
138128,21.823
138129,22.089
138130,21.735
138131,21.8128983290099
138132,21.823
138133,20.559
138134,20.321
138135,20.392
138136,21.3642910446789
138137,20.392
138138,20.321
138139,20.408
138140,20.0936229650621
138141,20.69
138142,19.922
138143,20.077
138144,20.084
138145,20.152
138146,19.999
138147,21.481
138148,22.0138339663785
138149,20.55
138150,19.8000789043154
138151,19.954
138152,20.7113689648548
138153,21.754
138154,21.87
138155,20.785
138156,20.2560276172679
138157,19.947
138158,20.6976011190391
138159,21.5063646360629
138160,21.87
138161,20.998
138162,19.8126808791901
138163,20.221
138164,22.019
138165,22.0138339663785
138166,22.023
138167,22.023
138168,21.0130160715569
138169,20.3696306919045
138170,22.166
138171,22.1813923889099
138172,22.1813923889099
138173,22.1813923889099
138174,21.183
138175,20.521
138176,22.31
138177,22.292
138178,22.292
138179,22.292
138180,21.855
138181,21.465
138182,22.283
138183,22.95
138184,22.95
138185,22.95
138186,22.137
138187,21.125
138188,22.109
138189,22.111808790486
138190,22.111808790486
138191,22.111808790486
138192,20.701
138193,19.571
138194,19.492
138195,19.492
138196,19.492
138197,19.492
138198,19.5019364109081
138199,19.8007591503683
138200,19.515
138201,19.507
138202,19.507
138203,19.507
138204,19.515
138205,21.184
138206,20.89
138207,20.8827003260355
138208,20.8827003260355
138209,20.8827003260355
138210,20.89
138211,22.463
138212,22.2004519351288
138213,22.1813923889099
138214,22.1813923889099
138215,22.1813923889099
138216,22.2004519351288
138217,22.62
138218,22.377
138219,22.359
138220,22.359
138221,22.359
138222,22.377
138223,23.719
138224,23.5647010271377
138225,23.539
138226,23.539
138227,23.539
138228,23.5647010271377
138229,24.432
138230,24.3065809566254
138231,24.2790265279232
138232,24.2790265279232
138233,24.2790265279232
138234,24.3065809566254
138235,24.773
138236,24.8007675811028
138237,24.773
138238,24.773
138239,24.773
138240,24.8007675811028
138241,25.337
138242,25.319
138243,25.306
138244,25.306
138245,25.306
138246,25.319
138247,25.147
138248,23.928
138249,26.69
138250,26.69
138251,26.69
138252,25.743
138253,23.176
138254,23.166
138255,23.662
138256,22.413
138257,26.877
138258,23.016
138259,22.5789704159249
138260,22.404
138261,22.701
138262,22.1145722493705
138263,22.375
138264,22.415
138265,22.295
138266,22.2257503612609
138267,22.7179163393323
138268,22.043
138269,22.244
138270,22.2257503612609
138271,22.073
138272,21.823
138273,22.731
138274,21.64
138275,21.8706497174617
138276,21.823
138277,21.2137632188401
138278,20.977
138279,22.242
138280,22.1475429845199
138281,21.027
138282,20.925
138283,22.043
138284,20.0936229650621
138285,21.1657551820689
138286,22.162
138287,20.1455153764292
138288,20.084
138289,20.2742613648883
138290,20.499
138291,21.941
138292,22.023
138293,20.55
138294,19.8890817265398
138295,21.2507245258675
138296,21.0130160715569
138297,22.0138339663785
138298,22.023
138299,22.023
138300,19.964
138301,22.108
138302,21.627
138303,22.023
138304,22.023
138305,22.023
138306,20.5558876111578
138307,22.393
138308,21.183
138309,22.1813923889099
138310,22.1813923889099
138311,22.1813923889099
138312,21.0681297126373
138313,22.396
138314,22.2004519351288
138315,22.1813923889099
138316,22.1813923889099
138317,22.1813923889099
138318,21.627
138319,23.164
138320,22.969
138321,22.9583996001193
138322,22.95
138323,22.95
138324,22.673
138325,23.6552989864416
138326,23.51
138327,23.5
138328,23.4892206758032
138329,23.4892206758032
138330,23.51
138331,22.451
138332,22.2004519351288
138333,22.1892839751878
138334,22.1813923889099
138335,22.1813923889099
138336,22.2004519351288
138337,19.936
138338,19.657
138339,19.657
138340,19.648
138341,19.648
138342,19.657
138343,19.936
138344,19.657
138345,19.657
138346,19.648
138347,19.648
138348,19.657
138349,20.656
138350,20.363
138351,20.363
138352,20.3531747804556
138353,20.3531747804556
138354,20.363
138355,22.139
138356,21.865
138357,21.865
138358,21.858
138359,21.858
138360,21.865
138361,22.474
138362,22.216
138363,22.2030199801807
138364,22.194
138365,22.194
138366,22.216
138367,23.25
138368,23.0307589843243
138369,23.019
138370,23.0102721718403
138371,23.0102721718403
138372,23.0307589843243
138373,24.3918184850354
138374,24.213
138375,24.1951449085348
138376,24.1851908108975
138377,24.1851908108975
138378,24.213
138379,24.92
138380,24.8007675811028
138381,24.688
138382,24.773
138383,24.773
138384,24.8007675811028
138385,24.793
138386,24.72
138387,24.7874564258739
138388,24.773
138389,24.773
138390,23.877
138391,26.0075492749883
138392,23.137792014111
138393,26.067
138394,21.7507842085971
138395,21.828
138396,23.109
138397,26.292
138398,22.714
138399,22.026
138400,26.255
138401,26.255
138402,23.6623108362033
138403,24.3790502837165
138404,22.251
138405,22.311
138406,22.152
138407,22.15
138408,22.2843885719868
138409,23.3790708055765
138410,21.861
138411,24.324
138412,24.297223312826
138413,24.297223312826
138414,21.823
138415,21.606
138416,20.321
138417,22.4222160681628
138418,22.4025624974291
138419,22.4025624974291
138420,20.313
138421,20.8730141423143
138422,20.076
138423,22.2004519351288
138424,22.1813923889099
138425,22.1813923889099
138426,20.076
138427,20.048
138428,19.659
138429,21.864
138430,21.9462015427961
138431,21.9462015427961
138432,19.688
138433,19.649
138434,19.219
138435,21.462
138436,21.455
138437,21.455
138438,18.775
138439,18.947
138440,18.736
138441,20.911
138442,20.903
138443,20.903
138444,18.226
138445,19.418
138446,18.5310337752395
138447,20.911
138448,20.903
138449,20.903
138450,18.471689594762
138451,20.129
138452,19.619
138453,20.911
138454,20.903
138455,20.903
138456,19.619
138457,20.244
138458,20.013
138459,20.911
138460,20.903
138461,20.911
138462,19.939
138463,20.343
138464,20.7311772870738
138465,20.9491498813034
138466,20.9415085134639
138467,20.9491498813034
138468,20.5900571699723
138469,21
138470,21.6171768967842
138471,21.627
138472,21.6171768967842
138473,21.627
138474,21.567
138475,19.317
138476,19.513
138477,19.523
138478,19.513
138479,19.513
138480,19.513
138481,16.897
138482,17.54
138483,17.54
138484,17.54
138485,17.54
138486,17.54
138487,16.233679271505
138488,17.4764382775975
138489,17.4764382775975
138490,17.4764382775975
138491,17.4764382775975
138492,17.416
138493,15.873
138494,17.221
138495,17.54
138496,17.54
138497,17.54
138498,17.221
138499,15.943
138500,17.726
138501,17.789598448231
138502,17.789598448231
138503,17.789598448231
138504,17.7460833643219
138505,15.829
138506,18.050474358179
138507,18.066
138508,18.066
138509,18.066
138510,18.027
138511,17.852
138512,19.325
138513,19.333
138514,19.333
138515,19.333
138516,19.333
138517,17.971
138518,19.433
138519,19.5019364109081
138520,19.492
138521,19.492
138522,19.492
138523,17.998
138524,19.315
138525,19.745
138526,19.735
138527,19.735
138528,19.494
138529,18.892
138530,19.875
138531,21.837
138532,21.827
138533,21.827
138534,19.968
138535,20.688
138536,21.519
138537,24.063
138538,21.36
138539,20.675
138540,20.667
138541,21.876
138542,21.894
138543,24.805
138544,21.663
138545,21.929
138546,21.84
138547,21.224
138548,21.068
138549,23.332
138550,20.8679718879501
138551,21.027
138552,21.0375792640272
138553,19.9858468866463
138554,20.087
138555,21.123
138556,20.9967937651386
138557,20.096
138558,20.087
138559,19.6575427228297
138560,19.5152521630173
138561,21.783
138562,21.3875519995243
138563,20.249206379422
138564,19.5152521630173
138565,18.4625611156272
138566,17.7223103521836
138567,20.894
138568,20.903
138569,20.879
138570,17.7223103521836
138571,17.7420219894369
138572,16.837
138573,20.024
138574,19.363393319009
138575,18.946
138576,16.8254972895569
138577,16.789
138578,15.645
138579,19.1219155874977
138580,19.278
138581,18.853
138582,15.645
138583,15.719
138584,14.786787595245
138585,18.566
138586,18.8151770549653
138587,18.739
138588,14.771
138589,15.719
138590,15.4781566500438
138591,18.782
138592,18.792
138593,18.792
138594,14.771
138595,15.7050574639635
138596,15.69
138597,18.792
138598,18.792
138599,18.792
138600,14.807
138601,15.7050574639635
138602,16.6311599302364
138603,18.792
138604,18.792
138605,18.792
138606,15.383
138607,15.719
138608,16.748
138609,18.792
138610,18.792
138611,18.792
138612,16.3998538583146
138613,16.032
138614,16.705
138615,18.904
138616,18.904
138617,18.904
138618,15.7554413277959
138619,15.2333779954598
138620,15.639
138621,18.11
138622,18.11
138623,18.11
138624,14.7926269199406
138625,11.645
138626,10.9020577993122
138627,15.806
138628,15.806
138629,15.806
138630,10.4661861054975
138631,11.645
138632,10.4661861054975
138633,15.806
138634,15.9607088625631
138635,15.839
138636,10.4661861054975
138637,13.062
138638,12.065
138639,16.49
138640,16.49
138641,16.49
138642,12.065
138643,15.252
138644,14.105
138645,17.654
138646,17.654
138647,17.654
138648,14.105
138649,17.14
138650,14.6143349588875
138651,18.089
138652,18.089
138653,18.089
138654,14.6143349588875
138655,19.921
138656,17.2112296824525
138657,19.648
138658,19.648
138659,19.648
138660,16.946
138661,20.752
138662,17.872
138663,20.434
138664,20.434
138665,20.434
138666,18.162
138667,22.362
138668,18.6022111890439
138669,22.065
138670,22.065
138671,22.065
138672,18.6022111890439
138673,23.4208013153257
138674,19.121
138675,23.159
138676,23.159
138677,23.159
138678,19.121
138679,24.456
138680,21.547
138681,25.3322609718893
138682,25.3322609718893
138683,25.3322609718893
138684,21.547
138685,22.3382288788697
138686,21.589
138687,25.5254528976615
138688,25.5254528976615
138689,25.5254528976615
138690,21.589
138691,21.506
138692,21.792
138693,22.312
138694,21.628
138695,22.058
138696,21.746
138697,20.965
138698,21.3717034914575
138699,21.966
138700,21.2
138701,21.448
138702,21.3717034914575
138703,19.832
138704,19.8407662629201
138705,21.6291214351375
138706,19.964
138707,20.107
138708,19.72
138709,19.663041622329
138710,19.511
138711,21.137
138712,21.013
138713,19.793
138714,19.292
138715,18.4848632859504
138716,17.733
138717,20.903
138718,19.544047200122
138719,19.572
138720,17.703
138721,18.183
138722,17.3622022982413
138723,20.555
138724,20.555
138725,19.412
138726,17.327
138727,17.907
138728,17.470722604432
138729,20.278
138730,20.278
138731,19.523
138732,17.042
138733,18.3348464637209
138734,19.03
138735,20.743
138736,20.743
138737,20.558
138738,17.904
138739,18.575
138740,20.522
138741,20.9415085134639
138742,20.9415085134639
138743,20.887
138744,18.764
138745,20.052
138746,21.971
138747,21.9705893718206
138748,21.9705893718206
138749,21.791
138750,21.10755960735
138751,20.384
138752,22.246
138753,22.228
138754,22.228
138755,22.0012980173342
138756,22.246
138757,20.422
138758,22.281
138759,22.26
138760,22.26
138761,22.114
138762,22.281
138763,19.945
138764,22.186
138765,22.166
138766,22.166
138767,22.153
138768,22.186
138769,18.484
138770,20.124
138771,20.115
138772,20.115
138773,20.115
138774,20.124
138775,19.6374033525589
138776,20.124
138777,20.115
138778,20.115
138779,20.115
138780,20.124
138781,19.7126328820644
138782,20.3043728975945
138783,20.296
138784,20.296
138785,20.296
138786,20.3043728975945
138787,21.565
138788,21.356
138789,21.3496447313475
138790,21.3496447313475
138791,21.3496447313475
138792,21.356
138793,22.492
138794,22.246
138795,22.228
138796,22.228
138797,22.228
138798,22.246
138799,22.72
138800,22.4691252656661
138801,22.448
138802,22.448
138803,22.448
138804,22.4691252656661
138805,24.3902710142084
138806,24.27
138807,24.2445754255299
138808,24.2445754255299
138809,24.2445754255299
138810,24.27
138811,24.907
138812,24.8649408111619
138813,24.8384379727141
138814,24.8384379727141
138815,24.8384379727141
138816,24.8649408111619
138817,25.3236151306473
138818,25.3808693529931
138819,25.365
138820,24.403
138821,25.365
138822,25.3808693529931
138823,26.4570150198949
138824,26.620723850912
138825,26.620723850912
138826,26.620723850912
138827,26.620723850912
138828,25.5678123448651
138829,23.568
138830,26.69
138831,22.926
138832,26.69
138833,26.69
138834,26.69
138835,22.416
138836,26.035
138837,26.098
138838,22.116
138839,22.337
138840,26.112
138841,22.283
138842,22.986
138843,25.036
138844,22.023
138845,21.834
138846,24.3373533913254
138847,21.939
138848,21.939
138849,23.691
138850,21.996
138851,21.749
138852,22.531
138853,21.625
138854,21.495
138855,23.264
138856,22.3101409412906
138857,21.478
138858,21.4252651975433
138859,20.387
138860,20.2314799930815
138861,22.1028322286106
138862,21.571
138863,20.216
138864,21.0066795492998
138865,20.418
138866,21.151
138867,22.081
138868,22.21
138869,20.735
138870,20.201
138871,20.384
138872,22.234
138873,22.228
138874,22.2158259918825
138875,20.193
138876,20.2111887471291
138877,20.464
138878,22.099
138879,22.228
138880,22.191
138881,22.0012980173342
138882,20.2111887471291
138883,21.0011037667042
138884,20.133
138885,22.228
138886,22.0854175743068
138887,22.102
138888,21.8435961899714
138889,21.658
138890,20.921
138891,22.4
138892,22.3566209435169
138893,22.176
138894,21.777
138895,22.112
138896,21.495
138897,23.264
138898,23.264
138899,22.9198387876066
138900,21.495
138901,22.521
138902,21.627
138903,23.537
138904,23.537
138905,23.211
138906,21.796
138907,21.599
138908,20.1569817699308
138909,22.26
138910,22.26
138911,22.26
138912,19.822
138913,21.887
138914,18.797
138915,21.738
138916,21.738
138917,21.738
138918,18.789
138919,21.876
138920,20.1268116532329
138921,21.599
138922,21.599
138923,21.599
138924,19.658
138925,22.411
138926,21.9870053831025
138927,22.1590198331801
138928,21.969
138929,22.1590198331801
138930,21.943
138931,22.307
138932,22.226
138933,22.242
138934,22.242
138935,22.242
138936,22.242
138937,23.6359798207056
138938,23.511
138939,23.537
138940,23.537
138941,23.537
138942,23.545
138943,22.841
138944,23.7113088418614
138945,23.691
138946,23.691
138947,23.691
138948,23.7113088418614
138949,21.909
138950,24.871
138951,22.857244818592
138952,24.859
138953,24.859
138954,24.871
138955,21.1957519827847
138956,25.5713036887473
138957,23.2628425730833
138958,25.557
138959,25.557
138960,25.5713036887473
138961,23.877
138962,26.112
138963,26.098
138964,26.098
138965,26.098
138966,26.112
138967,26.665
138968,26.877
138969,26.877
138970,23.039
138971,26.877
138972,26.877
138973,26.9008319616887
138974,26.877
138975,26.877
138976,21.593
138977,21.83
138978,26.877
138979,26.3369173834106
138980,26.3312963267548
138981,26.31269554779
138982,22.179
138983,22.456774292874
138984,26.185554849837
138985,24.1410870610201
138986,23.474
138987,25.036
138988,22.11
138989,22.949
138990,23.466
138991,22.5025006686528
138992,22.323
138993,24.0576741285317
138994,22.163
138995,23.156
138996,22.3802068715665
138997,22.011
138998,21.864
138999,23.6293899783561
139000,23.565
139001,23.29
139002,21.9280840851322
139003,22.86
139004,22.1466499531319
139005,23.616
139006,23.616
139007,23.616
139008,21.912
139009,22.77
139010,21.148
139011,23.0169902076482
139012,23.008
139013,23.008
139014,21.148
139015,22.867
139016,21.717
139017,23.006
139018,22.998
139019,22.998
139020,21.534
139021,22.8876755344559
139022,22.712
139023,23.006
139024,22.998
139025,22.998
139026,22.185
139027,22.374
139028,22.685
139029,23.006
139030,22.998
139031,22.998
139032,22.559
139033,21.743
139034,22.331
139035,23.0169902076482
139036,23.008
139037,23.008
139038,21.958
139039,21.998
139040,23.644
139041,23.6293899783561
139042,23.616
139043,23.616
139044,23.614
139045,22.011
139046,23.657065735826
139047,23.6464420578944
139048,23.634
139049,23.634
139050,23.598
139051,20.662
139052,22.419
139053,22.407
139054,22.4
139055,22.4
139056,22.419
139057,19.99
139058,22.177
139059,22.177
139060,22.1590198331801
139061,22.1590198331801
139062,22.177
139063,21.096
139064,21.888
139065,21.888
139066,21.7408898004061
139067,21.876
139068,21.888
139069,22.1574169495831
139070,21.888
139071,21.876
139072,21.876
139073,21.876
139074,21.888
139075,22.508
139076,22.246
139077,22.239
139078,22.228
139079,22.047
139080,22.246
139081,22.667
139082,22.419
139083,22.419
139084,22.4
139085,22.386
139086,22.419
139087,23.772
139088,23.614
139089,23.614
139090,23.591
139091,23.591
139092,23.614
139093,24.492
139094,24.383668630497
139095,24.383668630497
139096,24.358
139097,24.358
139098,24.383668630497
139099,25.588
139100,25.5713036887473
139101,25.557
139102,21.1
139103,25.4631946166457
139104,25.5713036887473
139105,26.032
139106,26.112
139107,26.098
139108,21.072
139109,21.243
139110,26.112
139111,26.7368675623752
139112,26.909238713015
139113,26.909238713015
139114,26.909238713015
139115,22.5897387749243
139116,26.909238713015
139117,25.8821057727387
139118,26.909238713015
139119,26.909238713015
139120,23.9551118858477
139121,26.777
139122,26.909238713015
139123,23.118
139124,26.69
139125,26.69
139126,26.69
139127,26.69
139128,26.69
139129,22.416
139130,25.57
139131,25.5207902430192
139132,25.556
139133,25.556
139134,25.57
139135,22.297
139136,24.3723610379
139137,23.89
139138,24.359
139139,24.359
139140,24.3723610379
139141,21.99
139142,23.2886481507538
139143,23.284
139144,23.634
139145,23.634
139146,23.642
139147,21.931
139148,23.547
139149,23.547
139150,23.537
139151,23.537
139152,23.547
139153,21.411
139154,21.943
139155,22.4
139156,22.4
139157,22.4
139158,22.108
139159,21.424
139160,21.3682469462258
139161,22.26
139162,22.26
139163,22.26
139164,21.273
139165,21.487
139166,21.347
139167,22.242
139168,22.242
139169,22.242
139170,21.354
139171,22.154
139172,22.226
139173,22.242
139174,22.242
139175,22.242
139176,21.347
139177,21.995
139178,22.419
139179,22.4
139180,22.4
139181,22.4
139182,22.146220846084
139183,23.0301517871236
139184,23.164
139185,23.142
139186,23.142
139187,23.142
139188,23.164
139189,23.316
139190,23.561
139191,23.174
139192,23.537
139193,23.537
139194,23.561
139195,21.7949798428871
139196,22.246
139197,20.632
139198,22.228
139199,22.228
139200,22.246
139201,20.571
139202,20.3043728975945
139203,20.281
139204,20.296
139205,20.296
139206,20.3043728975945
139207,20.218
139208,19.933
139209,19.922
139210,19.922
139211,19.922
139212,19.933
139213,20.597
139214,20.3043728975945
139215,20.296
139216,20.296
139217,20.296
139218,20.3043728975945
139219,21.453
139220,21.356
139221,21.3496447313475
139222,21.3496447313475
139223,21.3496447313475
139224,21.356
139225,22.204
139226,21.93
139227,21.8952519936047
139228,21.9182969876355
139229,21.9182969876355
139230,21.93
139231,22.5373784114428
139232,22.292
139233,22.2286249689444
139234,22.273
139235,22.273
139236,22.292
139237,23.0951483228203
139238,22.823
139239,22.7410320282376
139240,22.805
139241,22.805
139242,22.823
139243,23.508
139244,23.218
139245,23.195
139246,20.7775098945456
139247,23.195
139248,23.218
139249,24.8090628898944
139250,24.8649408111619
139251,24.686
139252,23.491
139253,24.8384379727141
139254,24.8649408111619
139255,25.5678123448651
139256,26.620723850912
139257,25.5678123448651
139258,26.620723850912
139259,26.620723850912
139260,26.620723850912
139261,24.4550129928591
139262,26.732
139263,26.653
139264,26.593
139265,25.776
139266,26.732
139267,24.106
139268,23.3158934732966
139269,26.1982787274621
139270,23.587
139271,22.438
139272,25.338
139273,22.6084172368412
139274,22.5291985082941
139275,24.1410870610201
139276,22.643
139277,22.345
139278,23.336
139279,22.2389311297506
139280,22.066
139281,23.621
139282,23.263
139283,21.9393625044935
139284,22.549
139285,21.816687215237
139286,21.106
139287,22.998
139288,22.9592988866419
139289,21.939
139290,21.079
139291,22.3599438256114
139292,20.745
139293,22.228
139294,22.228
139295,22.228
139296,20.201
139297,21.344
139298,20.682
139299,22.228
139300,22.228
139301,22.228
139302,20.154
139303,21.552
139304,21.093
139305,22.204
139306,22.204
139307,22.204
139308,20.201
139309,20.965
139310,21.989
139311,22.197
139312,22.197
139313,22.197
139314,21.074
139315,20.423
139316,21.628
139317,22.197
139318,22.197
139319,22.197
139320,21.074
139321,20.453
139322,21.663
139323,22.228
139324,22.228
139325,22.228
139326,21.663
139327,20.479
139328,22.228
139329,22.242
139330,22.242
139331,22.242
139332,22.012
139333,21.411
139334,22.407
139335,22.3817095409103
139336,22.4
139337,22.4
139338,22.185
139339,21.4200480937746
139340,21.9350887636897
139341,21.6802907448244
139342,21.925
139343,21.925
139344,21.5127293575501
139345,19.783
139346,19.5019364109081
139347,19.492
139348,19.492
139349,19.492
139350,19.492
139351,19.783
139352,19.5019364109081
139353,19.492
139354,19.492
139355,19.492
139356,19.492
139357,19.783
139358,19.5019364109081
139359,19.492
139360,19.492
139361,19.492
139362,19.492
139363,20.588
139364,20.3043728975945
139365,20.296
139366,20.296
139367,20.296
139368,20.3043728975945
139369,22.0090144066594
139370,21.738
139371,21.738
139372,21.738
139373,21.738
139374,21.738
139375,22.481
139376,22.231
139377,22.222
139378,22.222
139379,22.222
139380,22.222
139381,23.086
139382,22.811
139383,22.805
139384,22.805
139385,22.805
139386,22.805
139387,23.498
139388,23.195
139389,23.195
139390,23.195
139391,23.195
139392,23.195
139393,24.954
139394,24.8362853148326
139395,24.8220029609591
139396,24.8220029609591
139397,20.962
139398,24.8220029609591
139399,26.688
139400,26.671
139401,26.671
139402,26.671
139403,22.13
139404,26.671
139405,26.752
139406,26.732
139407,26.732
139408,26.6260195073266
139409,26.732
139410,26.732
139411,23.722
139412,22.7877606716324
139413,25.9923920418963
139414,25.8721813236514
139415,25.9923920418963
139416,22.669
139417,25.056
139418,22.319
139419,22.949
139420,23.9747524709547
139421,24.3862394672839
139422,22.5701522835106
139423,22.91
139424,21.996
139425,23.678
139426,23.2733175401433
139427,23.265
139428,22.5212226471577
139429,22.491
139430,21.173
139431,22.26
139432,22.26
139433,21.254
139434,21.263
139435,22.333
139436,20.2363058483025
139437,22.26
139438,22.26
139439,22.26
139440,20.163
139441,20.453
139442,20.117
139443,22.228
139444,22.228
139445,22.228
139446,20.117
139447,21.185
139448,20.025
139449,22.069
139450,22.069
139451,22.069
139452,19.856
139453,21.707
139454,20.029
139455,22.048
139456,22.048
139457,22.048
139458,20.029
139459,21.707
139460,21.1768265274864
139461,22.048
139462,22.048
139463,22.048
139464,20.5218230242287
139465,21.3
139466,21.676
139467,22.048
139468,22.048
139469,22.048
139470,20.912
139471,21.4410837054747
139472,22.0525027539989
139473,22.069
139474,22.069
139475,22.069
139476,21.038
139477,21.4415420984371
139478,22.169
139479,22.204
139480,22.204
139481,22.204
139482,21.19
139483,20.591
139484,20.302
139485,20.668
139486,20.668
139487,20.668
139488,19.8750431510991
139489,18.132
139490,18.089
139491,18.089
139492,18.089
139493,18.089
139494,18.0482354741237
139495,17.662
139496,18.051
139497,18.089
139498,18.089
139499,18.089
139500,17.86
139501,17.0026758829849
139502,17.8796376630224
139503,18.066
139504,18.066
139505,18.066
139506,17.592
139507,17.3579079392197
139508,18.64
139509,18.652
139510,18.652
139511,18.652
139512,18.581
139513,18.06
139514,19.507
139515,19.507
139516,19.507
139517,19.507
139518,19.507
139519,18.439
139520,20.115
139521,20.115
139522,20.115
139523,20.115
139524,20.115
139525,18.623
139526,20.2593986163421
139527,20.3331937211321
139528,20.3331937211321
139529,20.3331937211321
139530,20.0703268508925
139531,18.905
139532,20.216
139533,21.818
139534,21.818
139535,21.818
139536,20.712
139537,19.604156613377
139538,21.26
139539,23.183
139540,23.183
139541,23.183
139542,19.863
139543,21.8068045226079
139544,21.9176384518664
139545,25.2994086561027
139546,25.2994086561027
139547,25.2994086561027
139548,22.31
139549,22.2490541699252
139550,22.312
139551,25.365
139552,25.365
139553,25.365
139554,22.561
139555,21.8658317307994
139556,21.8241103355645
139557,21.892
139558,24.8220029609591
139559,24.8220029609591
139560,21.8241103355645
139561,20.4009568784142
139562,20.151
139563,20.163
139564,22.784
139565,21.281
139566,20.151
139567,20.0332880643603
139568,20.1072236228367
139569,20.193
139570,19.964
139571,20.193
139572,20.0947075744217
139573,19.314
139574,19.019
139575,19.353
139576,19.2611663325808
139577,19.5283694734309
139578,19.0049284035369
139579,15.719
139580,15.6106643965709
139581,17.454
139582,18.792
139583,18.405
139584,14.8422864755094
139585,15.6155698025084
139586,15.4857772458252
139587,18.175
139588,18.601
139589,16.3897582947693
139590,15.106
139591,15.52
139592,15.041
139593,18.058
139594,18.5211298429665
139595,18.123
139596,14.6
139597,15.348
139598,15.398
139599,17.684
139600,18.427
139601,18.1481324126801
139602,14.8891154709143
139603,15.348
139604,15.612
139605,18.004
139606,18.427
139607,18.3048118501776
139608,16.1270347283002
139609,15.348
139610,15.597
139611,18.158
139612,18.427
139613,18.368
139614,15.684
139615,15.52
139616,17.222787641708
139617,18.475
139618,18.5211298429665
139619,18.5211298429665
139620,17.763
139621,15.6155698025084
139622,17.822
139623,18.601
139624,18.601
139625,18.601
139626,18.183
139627,14.685
139628,17.4870525134559
139629,17.944
139630,17.944
139631,17.8094484269227
139632,17.4870525134559
139633,11.4237476250083
139634,15.009
139635,15.806
139636,15.806
139637,15.794
139638,13.5390357171953
139639,11.645
139640,11.003
139641,15.806
139642,15.806
139643,15.4386029016128
139644,11.767
139645,12.873
139646,11.7973727796198
139647,16.301
139648,16.301
139649,15.477
139650,11.7973727796198
139651,15.859
139652,14.313
139653,17.31
139654,17.54
139655,17.481
139656,14.216
139657,16.865
139658,16.351
139659,17.823
139660,17.862
139661,17.862
139662,15.986
139663,18.5846920332271
139664,17.811
139665,18.569
139666,18.5759727837117
139667,18.5759727837117
139668,17.782
139669,19.825
139670,18.927779365118
139671,19.507
139672,19.507
139673,19.507
139674,18.904
139675,18.574
139676,19.87
139677,20.541
139678,20.541
139679,20.541
139680,19.3653031759763
139681,23.374
139682,22.6322350314182
139683,23.113
139684,23.183
139685,23.183
139686,21.0563700596102
139687,25.2649016548597
139688,25.1286825809343
139689,23.13
139690,25.245
139691,25.245
139692,22.5439304561542
139693,24.954
139694,24.8384379727141
139695,21.918
139696,24.8384379727141
139697,24.8384379727141
139698,22.08
139699,23.654
139700,23.381
139701,20.362
139702,23.381
139703,23.381
139704,22.71
139705,23.086
139706,21.9331317427423
139707,20.144
139708,22.7410320282376
139709,22.364
139710,21.655
139711,20.287
139712,22.096
139713,19.905582370451
139714,21.675
139715,19.953
139716,22.096
139717,19
139718,20.9415085134639
139719,18.161
139720,18.8220179517934
139721,18.216
139722,20.9415085134639
139723,18.334
139724,16.966
139725,18.738
139726,19.325
139727,17.72220544728
139728,16.847
139729,17.7223700168707
139730,16.809
139731,19.47
139732,19.7541497266505
139733,17.4577157705223
139734,17.261
139735,17.7223700168707
139736,16.809
139737,19.7388731334579
139738,20.1273771865025
139739,18.931125749365
139740,16.809
139741,19.2902534953685
139742,16.8254972895569
139743,19.5676105069377
139744,20.1480574427403
139745,19.3
139746,18.8755666809055
139747,18.5031963381004
139748,17.579
139749,20.217
139750,20.278
139751,18.936
139752,17.539
139753,19.349
139754,19.3831036234891
139755,21.6171768967842
139756,21.6171768967842
139757,20.084
139758,19.3614070673131
139759,19.961
139760,20.193
139761,22.11
139762,22.228
139763,21.5781312500077
139764,21.132
139765,20.43
139766,22.081
139767,22.228
139768,22.228
139769,22.0012980173342
139770,22.081
139771,20.276
139772,21.123
139773,22.01
139774,22.01
139775,21.909
139776,21.628
139777,19.586
139778,20.296
139779,20.296
139780,20.296
139781,20.296
139782,20.296
139783,18.835
139784,20.296
139785,20.296
139786,20.296
139787,20.296
139788,20.296
139789,20.191
139790,21.188
139791,21.188
139792,21.188
139793,21.1288284309838
139794,21.188
139795,20.88
139796,21.876
139797,21.876
139798,21.876
139799,21.876
139800,21.876
139801,22.437
139802,22.228
139803,22.228
139804,22.228
139805,22.228
139806,22.228
139807,22.67
139808,22.448
139809,22.448
139810,22.448
139811,22.4232228114839
139812,22.448
139813,23.073
139814,22.816628724599
139815,22.816628724599
139816,22.816628724599
139817,22.753
139818,22.816628724599
139819,23.068
139820,23.381
139821,23.381
139822,23.381
139823,23.326
139824,23.381
139825,22.591
139826,24.8220029609591
139827,21.012
139828,24.6711008775737
139829,24.8220029609591
139830,24.8220029609591
139831,22.287
139832,25.9278459375179
139833,23.687
139834,25.9278459375179
139835,25.8413092473167
139836,25.9278459375179
139837,22.292
139838,25.667
139839,22.5925677894632
139840,22.2560264880722
139841,25.667
139842,25.667
139843,22.248
139844,25.197
139845,22.312
139846,24.403
139847,21.775
139848,24.1778680204407
139849,21.4977715133688
139850,24.278
139851,21.892
139852,22.73
139853,21.782
139854,22.183
139855,19.967
139856,22.285
139857,20.216
139858,22.25
139859,20.1140268406015
139860,22.097
139861,19.678
139862,22.048
139863,20.568
139864,20.993
139865,20.029
139866,21.932
139867,19.367
139868,21.455
139869,19.3961026043354
139870,21.401
139871,19.0533975638231
139872,19.101
139873,18.4625611156272
139874,19.108
139875,19.9947761102259
139876,20.903
139877,20.004
139878,18.165
139879,18.3254430815742
139880,19.8007388401394
139881,20.435
139882,20.743
139883,20.435
139884,18.349
139885,18.3254430815742
139886,20.713
139887,20.713
139888,20.743
139889,20.743
139890,18.3
139891,18.461
139892,20.7121398176246
139893,20.912
139894,20.912
139895,20.912
139896,18.7333627109706
139897,19.2957601504274
139898,21.733023299422
139899,21.731
139900,21.733023299422
139901,21.733023299422
139902,20.178
139903,19.816
139904,22.228
139905,22.228
139906,22.228
139907,22.228
139908,21.118
139909,20.008
139910,22.228
139911,22.228
139912,22.228
139913,22.228
139914,21.641
139915,19.3684920331793
139916,21.835
139917,21.743
139918,21.835
139919,21.835
139920,21.407
139921,17.4873382842041
139922,19.333
139923,19.333
139924,19.333
139925,19.333
139926,19.327
139927,15.558
139928,18.089
139929,18.089
139930,18.089
139931,18.089
139932,18.089
139933,16.548
139934,18.5402341878192
139935,18.5402341878192
139936,18.5402341878192
139937,18.5402341878192
139938,18.5402341878192
139939,17.681
139940,19.507
139941,19.507
139942,19.507
139943,19.507
139944,19.507
139945,18.5565854258327
139946,20.3531747804556
139947,20.3531747804556
139948,20.3531747804556
139949,20.3531747804556
139950,20.3531747804556
139951,19.1266135938249
139952,21.7798445303261
139953,21.7798445303261
139954,21.7798445303261
139955,21.7798445303261
139956,21.7798445303261
139957,19.314
139958,22.472
139959,22.472
139960,22.472
139961,22.472
139962,22.472
139963,19.565
139964,23.131
139965,23.183
139966,23.183
139967,23.183
139968,23.183
139969,20.438
139970,23.939
139971,24.0799148361232
139972,24.0799148361232
139973,24.0799148361232
139974,24.0799148361232
139975,21.892
139976,25.953
139977,25.953
139978,25.953
139979,25.843
139980,25.879
139981,22.407
139982,25.953
139983,25.953
139984,25.953
139985,22.355
139986,25.953
139987,22.323
139988,25.301
139989,23.4
139990,24.558
139991,22.312
139992,23.474
139993,21.931
139994,21.918
139995,22.911
139996,22.494
139997,22.2099110193991
139998,22.443
139999,20.584
140000,20.4067825576334
140001,21.7570128211615
140002,21.624
140003,20.865
140004,20.4067825576334
140005,20.422
140006,20.1072236228367
140007,22.191
140008,19.964
140009,20.968
140010,20.1072236228367
140011,20.13
140012,19.8320430418695
140013,21.894
140014,20.9671241255711
140015,19.7
140016,20.667
140017,20.3953161946747
140018,19.591
140019,21.728
140020,21.731
140021,20.574135312963
140022,19.478
140023,19.957
140024,19.653
140025,21.733023299422
140026,21.733023299422
140027,20.814
140028,19.653
140029,20.698
140030,20.833
140031,21.733023299422
140032,21.733023299422
140033,21.133
140034,20.615309562068
140035,20.163
140036,21.791
140037,21.9705893718206
140038,21.9705893718206
140039,21.9705893718206
140040,21.434
140041,21.5439757098072
140042,22.182
140043,22.204
140044,22.204
140045,22.204
140046,22.064
140047,21.586
140048,22.242
140049,22.242
140050,22.242
140051,22.242
140052,22.227
140053,21.746
140054,22.4
140055,22.4
140056,22.4
140057,22.4
140058,22.4
140059,19.826517140343
140060,21.963
140061,21.963
140062,21.963
140063,21.963
140064,21.963
140065,19.3085881775102
140066,19.477
140067,19.477
140068,19.477
140069,19.477
140070,19.477
140071,19.247
140072,19.477
140073,19.477
140074,19.477
140075,19.477
140076,19.477
140077,18.690953448462
140078,19.507
140079,19.507
140080,19.507
140081,19.507
140082,19.507
140083,18.8212475635694
140084,20.3531747804556
140085,20.3531747804556
140086,20.3531747804556
140087,20.3531747804556
140088,20.3531747804556
140089,20.753
140090,21.738
140091,21.738
140092,21.738
140093,21.738
140094,21.738
140095,21.518
140096,21.967
140097,21.967
140098,21.967
140099,21.967
140100,21.967
140101,21.66
140102,22.727
140103,22.727
140104,22.727
140105,22.727
140106,22.727
140107,21.243
140108,22.7902797292762
140109,22.7902797292762
140110,22.7902797292762
140111,22.7902797292762
140112,22.7551591546328
140113,21.368
140114,23.247
140115,23.307
140116,23.307
140117,23.307
140118,23.2205119387733
140119,22.534
140120,24.638
140121,25.557
140122,25.557
140123,25.557
140124,24.638
140125,22.577
140126,22.661
140127,25.557
140128,25.557
140129,25.557
140130,24.215867837332
140131,22.2
140132,21.871
140133,22.324
140134,24.038226134181
140135,24.8220029609591
140136,23.011
140137,20.6148785938107
140138,20.3504028586407
140139,20.44
140140,20.16
140141,20.392
140142,20.3504028586407
140143,20.443
140144,20.1072236228367
140145,20.968
140146,20.407
140147,20.117
140148,20.1072236228367
140149,19.835
140150,19.019
140151,20.671
140152,20.3059198779289
140153,19.493
140154,19.019
140155,19.3415182818433
140156,17.891
140157,19.911
140158,19.718
140159,17.891
140160,17.51
140161,19.6493841454677
140162,17.44
140163,20.1480574427403
140164,20.1388127078765
140165,17.471
140166,16.88
140167,19.6399504429849
140168,17.4577157705223
140169,20.1346230379524
140170,20.1346230379524
140171,18.8623780908761
140172,16.882
140173,19.6399504429849
140174,19.423
140175,20.1346230379524
140176,20.1346230379524
140177,19.8418121626802
140178,17.924
140179,18.426
140180,20.1388127078765
140181,20.1480574427403
140182,20.1480574427403
140183,20.1480574427403
140184,19.3
140185,19.031
140186,20.743
140187,20.743
140188,20.743
140189,20.743
140190,19.904
140191,19.6344881632519
140192,21.6171768967842
140193,21.6171768967842
140194,21.627
140195,21.6171768967842
140196,20.72
140197,20.0591795122779
140198,21.966
140199,21.9705893718206
140200,21.981
140201,21.981
140202,21.362
140203,18.4871720616326
140204,20.83
140205,20.83
140206,20.836
140207,20.836
140208,20.096
140209,15.5363587857077
140210,18.066
140211,18.066
140212,18.066
140213,18.066
140214,18.066
140215,15.474
140216,17.862
140217,17.862
140218,17.862
140219,17.847
140220,17.847
140221,15.474
140222,17.847
140223,17.862
140224,17.862
140225,17.847
140226,17.759
140227,15.488
140228,17.6795823372502
140229,17.862
140230,17.862
140231,17.847
140232,17.388
140233,17.4688502138596
140234,19.325
140235,19.333
140236,19.333
140237,19.333
140238,19.325
140239,17.7596204865009
140240,19.459
140241,19.515
140242,19.515
140243,19.515
140244,19.507
140245,18.452
140246,19.964
140247,20.131
140248,20.131
140249,20.131
140250,20.108
140251,18.846
140252,21.137
140253,21.38
140254,21.38
140255,21.38
140256,21.137
140257,19.4178395439444
140258,19.823
140259,23.1227563594938
140260,23.1227563594938
140261,23.1227563594938
140262,19.33
140263,21.13
140264,21.7982902640899
140265,24.298
140266,24.413
140267,24.413
140268,21.407
140269,21.216
140270,21.128
140271,21.845
140272,24.092
140273,24.092
140274,21.106
140275,20.0332880643603
140276,20.1072236228367
140277,20.201
140278,21.37
140279,23.1903601247794
140280,20.117
140281,19.858
140282,19.865
140283,20
140284,19.7012865025644
140285,20
140286,19.85
140287,18.485
140288,17.812
140289,19.568
140290,18.7914026765496
140291,18.5009615346431
140292,17.7871802209644
140293,17.774
140294,16.9
140295,20.047
140296,18.665
140297,17.49
140298,16.853
140299,16.032
140300,15.645
140301,18.574
140302,18.339
140303,16.5856814446147
140304,15.005
140305,15.719
140306,16.729
140307,18.5419248408681
140308,18.6984997470442
140309,18.5419248408681
140310,14.771
140311,16.686
140312,16.884960229295
140313,19.237
140314,19.237
140315,18.823
140316,15.574
140317,16.789
140318,16.8445734314475
140319,19.278
140320,19.278
140321,19.0214171066787
140322,15.665
140323,17.733
140324,17.95
140325,20.144
140326,20.1346230379524
140327,20.077
140328,16.869
140329,18.192
140330,19.437444906919
140331,20.563
140332,20.563
140333,20.555
140334,17.784
140335,19.786
140336,20.3073187631146
140337,21.627
140338,21.627
140339,21.6171768967842
140340,19.5852715639067
140341,20.295
140342,21.1768265274864
140343,22.060336804915
140344,22.060336804915
140345,22.048
140346,20.577
140347,19.842
140348,20.442
140349,21.618
140350,21.618
140351,21.618
140352,19.5852715639067
140353,19.284
140354,19.263
140355,19.5019364109081
140356,19.5019364109081
140357,19.5019364109081
140358,18.344
140359,19.8020163617565
140360,18.055
140361,19.4865263323875
140362,19.477
140363,19.477
140364,17.146
140365,19.9641617240835
140366,18.411
140367,19.657
140368,19.648
140369,19.657
140370,18.0289431001933
140371,21.478
140372,21.148
140373,21.195
140374,21.188
140375,21.188
140376,20.864
140377,22.508
140378,22.234
140379,22.239
140380,22.228
140381,22.228
140382,22.234
140383,22.5730873034502
140384,22.304
140385,22.295
140386,22.285
140387,22.285
140388,22.304
140389,23.259
140390,22.9833883639631
140391,23.005
140392,22.996
140393,22.996
140394,23.0124437571264
140395,23.587
140396,23.3238665578629
140397,23.307
140398,23.307
140399,23.307
140400,22.808
140401,24.984
140402,24.851
140403,24.8220029609591
140404,24.8220029609591
140405,24.8220029609591
140406,24.7306357413293
140407,25.7005038855098
140408,25.5303154222185
140409,24.848
140410,25.667
140411,25.667
140412,24.861
140413,25.514
140414,23.5917836773781
140415,25.4631946166457
140416,25.557
140417,25.557
140418,24.452
140419,22.448
140420,22.2425303342921
140421,22.251
140422,24.8220029609591
140423,24.74
140424,21.9280840851322
140425,20.4086094072833
140426,20.2225782667805
140427,21.018
140428,19.986
140429,22.753
140430,20.146
140431,20.211
140432,19.875
140433,20.942
140434,19.605
140435,19.856
140436,19.865
140437,19.325
140438,18.575
140439,20.54
140440,18.656
140441,18.622
140442,18.575
140443,19.078
140444,17.7871802209644
140445,20.9415085134639
140446,19.5652409986604
140447,18.216
140448,17.7871802209644
140449,18.5187319850623
140450,17.733
140451,20.903
140452,20.887
140453,18.216
140454,17.733
140455,18.3566914742889
140456,17.521
140457,20.743
140458,20.743
140459,18.349
140460,17.521
140461,17.983
140462,17.054
140463,20.278
140464,20.278
140465,18.908
140466,17.006
140467,18.009
140468,17.0147020767409
140469,20.278
140470,20.278
140471,19.373
140472,17.006
140473,19.845
140474,17.495
140475,20.743
140476,20.743
140477,19.835
140478,17.495
140479,19.429
140480,18.124
140481,20.903
140482,20.903
140483,20.54
140484,17.733
140485,21.242
140486,19.074
140487,20.9415085134639
140488,20.9415085134639
140489,20.9415085134639
140490,17.812
140491,21.255
140492,17.6973466623669
140493,20.8958689277938
140494,20.933
140495,20.933
140496,17.6973466623669
140497,20.621
140498,17.502
140499,20.3043728975945
140500,20.296
140501,20.296
140502,17.502
140503,20.44
140504,20.124
140505,20.088
140506,20.115
140507,20.115
140508,20.124
140509,19.9641617240835
140510,18.411
140511,19.657
140512,19.648
140513,19.648
140514,18.997
140515,18.807
140516,19.933
140517,19.933
140518,19.922
140519,19.922
140520,19.933
140521,17.781
140522,19.657
140523,19.657
140524,19.648
140525,19.648
140526,19.657
140527,18.2950226637866
140528,20.3043728975945
140529,20.3043728975945
140530,20.296
140531,20.296
140532,20.3043728975945
140533,18.293
140534,20.442
140535,20.442
140536,20.434
140537,20.434
140538,20.442
140539,19.009
140540,21.828
140541,21.818
140542,21.818
140543,21.818
140544,21.828
140545,20.6238565750572
140546,23.204
140547,23.1903601247794
140548,23.183
140549,23.183
140550,23.204
140551,22.429
140552,22.869
140553,24.8537027098493
140554,24.8384379727141
140555,24.8384379727141
140556,24.73
140557,25.257
140558,25.3808693529931
140559,25.365
140560,25.365
140561,25.365
140562,22.572
140563,24.8090628898944
140564,22.1343928902561
140565,24.8537027098493
140566,24.8384379727141
140567,24.8384379727141
140568,22.706
140569,23.787
140570,21.137
140571,22.0454265303651
140572,23.6200829076309
140573,23.6200829076309
140574,21.148
140575,21.9131308146316
140576,21.151
140577,20.193
140578,20.758
140579,22.273
140580,20.6906292304357
140581,20.1695847874385
140582,19.378
140583,20.439
140584,21.9705893718206
140585,19.878
140586,21.6110635236625
140587,18.64
140588,17.474
140589,19.02
140590,20.713
140591,19.062
140592,17.474
140593,17.817
140594,16.844
140595,19.3
140596,20.1480574427403
140597,20.1480574427403
140598,16.837
140599,17.798
140600,16.809
140601,19.5
140602,20.1346230379524
140603,20.1346230379524
140604,16.809
140605,17.784
140606,17.3204407751733
140607,20.1273771865025
140608,20.1346230379524
140609,20.1346230379524
140610,16.809
140611,17.734
140612,18.955
140613,20.1480574427403
140614,20.1480574427403
140615,20.1480574427403
140616,17.48
140617,17.859
140618,19.367
140619,20.2520848345862
140620,20.2603163886599
140621,20.2603163886599
140622,18.055
140623,18.4613208738382
140624,20.911
140625,17.7223103521836
140626,20.903
140627,20.903
140628,20.577
140629,19.607
140630,21.627
140631,18.623
140632,21.6171768967842
140633,21.6171768967842
140634,21.5499889855227
140635,18.2462975488471
140636,20.649
140637,17.353
140638,20.641
140639,20.641
140640,20.649
140641,15.1653999246694
140642,17.696
140643,14.234
140644,17.696
140645,17.696
140646,17.696
140647,15.8098605271148
140648,17.54
140649,13.6108031605273
140650,17.54
140651,16.538
140652,17.54
140653,17.54
140654,17.54
140655,13.754
140656,16.568
140657,15.6293676967775
140658,17.54
140659,17.81
140660,17.789598448231
140661,14.421
140662,16.234
140663,16.659
140664,17.789598448231
140665,17.907660699908
140666,17.862
140667,14.5106306743587
140668,16.958
140669,17.4043548333245
140670,17.862
140671,18.098
140672,18.055
140673,16.007
140674,18.0158249931258
140675,17.869
140676,18.055
140677,17.907660699908
140678,17.759
140679,16.8000123839795
140680,17.862
140681,17.862
140682,17.823
140683,17.907660699908
140684,17.388
140685,17.258
140686,17.862
140687,17.862
140688,17.4043548333245
140689,19.711
140690,19.392
140691,19.398
140692,19.408
140693,19.408
140694,19.392
140695,23.498
140696,21.873
140697,23.195
140698,23.195
140699,23.195
140700,22.082
140701,23.498
140702,22.403
140703,22.6486190245097
140704,22.101
140705,23.195
140706,22.6486190245097
140707,22.005
140708,21.158
140709,20.011
140710,19.624
140711,19.977
140712,20.993
140713,19.089
140714,18.3562024304532
140715,17.8308725538174
140716,17.867
140717,17.69582599097
140718,17.743
140719,17.681
140720,16.758
140721,17.312
140722,18.6446664045703
140723,17.301
140724,16.758
140725,15.996
140726,15.7105946878098
140727,17.159
140728,18.534
140729,16.634
140730,15.106
140731,15.8031343655755
140732,15.612
140733,18.427
140734,18.3193658096701
140735,17.969
140736,14.472
140737,15.123
140738,14.2994233264637
140739,18.265
140740,18.265
140741,18.141
140742,14.1338822507858
140743,14.734
140744,13.773
140745,18.265
140746,18.265
140747,18.265
140748,13.858
140749,14.287
140750,13.647
140751,18.194
140752,18.194
140753,18.194
140754,13.313
140755,14.287
140756,13.8055300574544
140757,18.194
140758,18.194
140759,18.194
140760,13.313
140761,14.795
140762,14.317
140763,18.265
140764,18.265
140765,18.265
140766,13.8382512066945
140767,15.6567185030982
140768,15.106
140769,18.601
140770,18.601
140771,18.601
140772,14.7222953049566
140773,15.9291226888996
140774,14.67
140775,18.601
140776,18.601
140777,18.601
140778,14.682
140779,14.2
140780,13.2636470749315
140781,18.078
140782,18.078
140783,18.078
140784,13.161
140785,11.622
140786,10.446
140787,15.806
140788,15.861
140789,15.8270628424428
140790,10.446
140791,13.199
140792,10.446
140793,15.806
140794,15.979
140795,15.861
140796,10.446
140797,13.199
140798,10.446
140799,15.85
140800,15.979
140801,15.39
140802,10.446
140803,14.6166835200938
140804,10.446
140805,15.1512459931131
140806,15.9658582051686
140807,15.328
140808,10.446
140809,15.597
140810,12.0899600507418
140811,16.2009890960985
140812,16.4425863099018
140813,16.081
140814,12.0899600507418
140815,16.841
140816,13.647
140817,17.216
140818,17.54
140819,17.481
140820,13.647
140821,16.741
140822,16.431
140823,17.4698891306551
140824,17.716
140825,17.68
140826,14.2785411935292
140827,17.124
140828,17.024
140829,17.888
140830,18.066
140831,18.041
140832,16.054
140833,19.34
140834,22.6122559798841
140835,22.2872705903699
140836,22.6122559798841
140837,22.6122559798841
140838,18.978
140839,22.7742785562552
140840,21.2143573150075
140841,21.898434569294
140842,24.8384379727141
140843,24.721
140844,22.8209675912694
140845,23.965
140846,21.571
140847,22.266
140848,25.2994086561027
140849,24.385
140850,21.571
140851,24.738
140852,21.082
140853,21.722
140854,23.6435035579025
140855,21.9776002959192
140856,21.082
140857,23.086
140858,19.739
140859,20.117
140860,21.1386948688266
140861,20.193
140862,19.5638565402527
140863,20.3
140864,19.311
140865,19.8
140866,19.772
140867,19.953
140868,19.442
140869,18.645
140870,17.749
140871,17.7761276579566
140872,18.206
140873,18.244
140874,17.727
140875,19.6399504429849
140876,16.869
140877,16.809
140878,17.61
140879,16.859
140880,16.809
140881,19.254
140882,15.046
140883,15.421
140884,18.508
140885,15.399
140886,15.005
140887,19.464
140888,16.3998538583146
140889,16.776
140890,18.3064516081503
140891,15.039
140892,15.212
140893,15.762
140894,17.473
140895,18.489
140896,18.42
140897,18.028
140898,15.6896357139916
140899,15.719
140900,18.575
140901,18.489
140902,18.8151770549653
140903,17.951
140904,16.619
140905,17.7223700168707
140906,20.1287966402342
140907,19.7388731334579
140908,20.1273771865025
140909,17.4577157705223
140910,19.433
140911,18.477
140912,20.037
140913,20.207406617149
140914,20.076
140915,18.216
140916,20.026
140917,19.471
140918,21.735
140919,20.808
140920,20.883
140921,20.808
140922,20.824
140923,19.091
140924,20.379
140925,20.579
140926,21.446
140927,20.54
140928,20.3
140929,15.5434132527009
140930,18.028
140931,18.089
140932,18.089
140933,17.998
140934,18.054
140935,15.488
140936,18.055
140937,18.055
140938,18.039
140939,18.039
140940,18.055
140941,15.521
140942,18.066
140943,18.066
140944,18.050474358179
140945,18.066
140946,18.027
140947,17.577
140948,19.4865263323875
140949,19.477
140950,19.477
140951,19.477
140952,19.4865263323875
140953,18.286638551573
140954,20.124
140955,20.115
140956,20.115
140957,20.115
140958,20.066
140959,18.9142722797483
140960,21.219
140961,21.211
140962,21.211
140963,21.211
140964,21.219
140965,21.497
140966,22.3170868432617
140967,22.308
140968,22.308
140969,22.308
140970,22.3170868432617
140971,23.3669482741128
140972,23.1903601247794
140973,23.183
140974,23.183
140975,23.183
140976,23.1903601247794
140977,24.923
140978,24.73
140979,23.918
140980,24.7185149299701
140981,24.7185149299701
140982,24.73
140983,26.3369173834106
140984,26.31269554779
140985,24.0946814809263
140986,26.31269554779
140987,26.31269554779
140988,26.31269554779
140989,26.3369173834106
140990,26.3312963267548
140991,22.438
140992,26.31269554779
140993,26.31269554779
140994,26.3312963267548
140995,23.3287716486661
140996,25.5713036887473
140997,22.2733643120728
140998,22.023
140999,23.575
141000,25.5713036887473
141001,22.507479574022
141002,24.743
141003,21.627
141004,22.016
141005,22.2811132682982
141006,24.743
141007,21.647
141008,23.3332624382584
141009,20.953
141010,21.257
141011,21.478
141012,23.3332624382584
141013,21.843
141014,22.1287474610116
141015,19.7155720897507
141016,21.8478996826877
141017,20.1802343345003
141018,22.102
141019,20.453
141020,22.216
141021,20.1072236228367
141022,21.570243896835
141023,20.144
141024,22.216
141025,20.16216789909
141026,21.434
141027,19.6875820171498
141028,21.825
141029,20.678
141030,21.803
141031,19.888
141032,21.1416700170698
141033,19.227
141034,21.731
141035,20.178
141036,20.7923123914018
141037,19.786
141038,20.428
141039,19.019
141040,21.6171768967842
141041,21.0316861099161
141042,20.387
141043,18.812
141044,19.97
141045,17.804
141046,20.9415085134639
141047,20.9415085134639
141048,19.936
141049,18.881
141050,20.026
141051,18.161
141052,20.9415085134639
141053,20.9415085134639
141054,20.026
141055,19.844
141056,20.626
141057,19.3450474484641
141058,21.733023299422
141059,21.733023299422
141060,20.412
141061,19.996
141062,21.297
141063,19.58
141064,21.894
141065,21.894
141066,21.297
141067,17.734
141068,19.741
141069,19.484
141070,20.146
141071,20.146
141072,19.741
141073,16.137
141074,17.683
141075,17.5258061782948
141076,17.789598448231
141077,17.789598448231
141078,17.604
141079,16.414
141080,17.4247183888922
141081,17.5310329564301
141082,17.705
141083,17.705
141084,16.8060716101922
141085,14.7198914151604
141086,16.252
141087,17.131
141088,17.54
141089,17.54
141090,16.2559938407895
141091,15.3637504735512
141092,16.489
141093,17.423
141094,17.696
141095,17.696
141096,16.552
141097,16.785
141098,16.8899345281931
141099,17.847
141100,17.862
141101,17.862
141102,16.984
141103,17.314
141104,17.237
141105,18.066
141106,18.066
141107,18.066
141108,17.466
141109,19.789
141110,19.4865263323875
141111,19.4865263323875
141112,19.477
141113,19.477
141114,19.4865263323875
141115,20.05
141116,19.76
141117,19.76
141118,19.752
141119,19.752
141120,19.76
141121,23.494
141122,23.1449536898632
141123,23.183
141124,23.183
141125,23.183
141126,23.153
141127,25.1859912408923
141128,25.146
141129,25.245
141130,25.245
141131,25.245
141132,25.102
141133,22.8010607646852
141134,22.708
141135,23.911701819272
141136,24.8220029609591
141137,24.8220029609591
141138,22.816
141139,20.4093669576907
141140,20.2314799930815
141141,23.195
141142,21.225
141143,20.169
141144,20.839
141145,20.185
141146,19.8234221182238
141147,21.803
141148,20.585
141149,19.953
141150,19.8234221182238
141151,18.575
141152,17.812
141153,19.123
141154,19.5652409986604
141155,18.161
141156,17.812
141157,17.784
141158,17.343
141159,19.4949444890383
141160,18.6543286428297
141161,18.746
141162,16.9
141163,17.820802683639
141164,17.49
141165,19.759
141166,19.36
141167,18.382
141168,17.343
141169,17.89
141170,17.4489173233646
141171,19.923
141172,20.1388127078765
141173,18.946
141174,16.891
141175,17.8260882433811
141176,17.965887196271
141177,20.0875810352937
141178,20.1480574427403
141179,19.751
141180,16.891
141181,17.752
141182,19.935
141183,20.1388127078765
141184,20.1480574427403
141185,19.554
141186,17.372
141187,17.81
141188,20.172
141189,20.1634816988748
141190,20.1634816988748
141191,19.94
141192,19.946
141193,18.5187319850623
141194,20.911
141195,20.903
141196,20.903
141197,20.879
141198,20.911
141199,19.602
141200,21.627
141201,21.6171768967842
141202,21.6171768967842
141203,21.6171768967842
141204,21.627
141205,19.6883636314461
141206,22.060336804915
141207,22.048
141208,22.048
141209,22.048
141210,22.060336804915
141211,19.2378497837725
141212,21.618
141213,21.611
141214,21.611
141215,21.611
141216,21.5420123570691
141217,18.293
141218,20.3043728975945
141219,20.296
141220,20.296
141221,20.296
141222,20.0969227664034
141223,17.7558762771806
141224,19.657
141225,19.657
141226,19.648
141227,19.648
141228,19.657
141229,17.623
141230,19.5019364109081
141231,19.5019364109081
141232,19.492
141233,19.492
141234,19.5019364109081
141235,18.163
141236,19.933
141237,19.933
141238,19.922
141239,19.922
141240,19.933
141241,18.1568322622453
141242,19.933
141243,19.933
141244,19.922
141245,19.922
141246,19.933
141247,18.411
141248,20.3043728975945
141249,20.3043728975945
141250,20.296
141251,20.296
141252,20.3043728975945
141253,18.857
141254,21.6070527633712
141255,21.597
141256,21.597
141257,21.597
141258,21.6070527633712
141259,19.105
141260,22.6135239731588
141261,22.6049962898412
141262,22.6049962898412
141263,22.6049962898412
141264,22.6135239731588
141265,19.4116279746531
141266,23.218
141267,23.206
141268,23.195
141269,23.195
141270,23.218
141271,21.223
141272,24.7465355697469
141273,24.7185149299701
141274,24.7185149299701
141275,24.7185149299701
141276,24.7465355697469
141277,20.985
141278,24.427
141279,22.375
141280,21.223
141281,23.2061667943486
141282,24.427
141283,19.907
141284,23.3238665578629
141285,21.344
141286,20.004
141287,20.313290442948
141288,21.586
141289,19.8325090158708
141290,20.234
141291,21.179
141292,20.42
141293,20.0947075744217
141294,20.2111887471291
141295,19.6883636314461
141296,21.035
141297,20.811
141298,19.649
141299,19.8
141300,19.8234221182238
141301,19.106
141302,20.3
141303,20.3
141304,19.133
141305,19.0533975638231
141306,19.107
141307,18.3348464637209
141308,17.474
141309,18.669
141310,19.676
141311,17.555
141312,17.474
141313,17.907
141314,17.006
141315,19.6733467521349
141316,19.249
141317,17.579
141318,17.0147020767409
141319,19.294
141320,16.9
141321,19.315
141322,20.1522383777231
141323,18.8847990710889
141324,16.853
141325,19.659218530005
141326,20.1588903687955
141327,19.5764364430669
141328,20.1480574427403
141329,19.5115431768414
141330,16.891
141331,17.805290866274
141332,16.821
141333,20.0211174550427
141334,20.1346230379524
141335,19.7388731334579
141336,20.144
141337,17.752
141338,16.837
141339,20.139
141340,20.1480574427403
141341,19.5676105069377
141342,16.837
141343,17.907
141344,17.006
141345,20.278
141346,20.278
141347,19.794
141348,17.006
141349,18.183
141350,20.563
141351,20.2311538562577
141352,20.555
141353,19.7985623774855
141354,17.3622022982413
141355,17.752
141356,20.1494752055026
141357,20.1392305671537
141358,20.1303960487056
141359,19.521
141360,16.837
141361,17.4688502138596
141362,19.8550601678246
141363,19.8550601678246
141364,19.8550601678246
141365,19.8458035936294
141366,19.8550601678246
141367,15.5876737213393
141368,18.066
141369,18.066
141370,17.935
141371,17.193
141372,18.066
141373,15.474
141374,17.862
141375,17.862
141376,17.3168910698004
141377,16.841
141378,17.862
141379,15.474
141380,17.862
141381,17.862
141382,17.3168910698004
141383,17.388
141384,17.622
141385,15.5876737213393
141386,17.597
141387,17.998
141388,17.546
141389,17.297
141390,17.9086034922424
141391,17.643755779841
141392,19.353
141393,19.5019364109081
141394,19.492
141395,19.492
141396,19.263
141397,18.303
141398,20.407
141399,19.8568432621219
141400,20.358
141401,20.3282373287346
141402,20.442
141403,19.243
141404,22.4
141405,19.129
141406,22.298
141407,22.039
141408,22.8
141409,23.5167509623665
141410,23.178
141411,19.854
141412,21.981
141413,21.459
141414,21.5310663751328
141415,20.848
141416,21.055
141417,20.713
141418,21.703
141419,21.1296004171384
141420,24.0895550641106
141421,21.797
141422,21.133
141423,21.06
141424,20.895
141425,21.1296004171384
141426,20.504
141427,20.032
141428,19.815
141429,20.311
141430,20.17
141431,20.3602088391617
141432,19.815
141433,23.105
141434,19.609
141435,20.1025453199921
141436,19.876
141437,20.1150603846565
141438,19.609
141439,22.521
141440,22.292
141441,20.2111887471291
141442,19.876
141443,19.7467661899054
141444,20.234
141445,22.25
141446,21.061
141447,19.971
141448,19.295
141449,19.406
141450,22.079
141451,22.2536029959159
141452,19.726
141453,20.3417180174367
141454,19.3701909800664
141455,19.6655821918683
141456,21.054
141457,21.974
141458,21.68
141459,21.421
141460,19.007
141461,19.2884450287052
141462,21.774
141463,19.9065416706498
141464,19.679
141465,21.395
141466,18.943
141467,18.909
141468,21.735
141469,19.617087185412
141470,21.627
141471,21.627
141472,18.689
141473,19.014
141474,21.627
141475,20.351
141476,21.627
141477,18.631
141478,18.742
141479,19.014
141480,21.627
141481,22.181
141482,21.9022747750081
141483,19.298
141484,19.3095451830451
141485,19.538
141486,21.9022747750081
141487,22.328
141488,22.0481025283509
141489,20.577
141490,19.595
141491,19.468
141492,22.060336804915
141493,22.375
141494,21.366
141495,21.225
141496,19.888
141497,22.246
141498,22.0487783110658
141499,21.499
141500,20.192
141501,22.246
141502,22.246
141503,20.2111887471291
141504,20.677
141505,20.777
141506,21.9202446971653
141507,19.498
141508,20.732
141509,19.0701913068504
141510,20.665
141511,20.412
141512,21.195
141513,19.766
141514,18.062
141515,18.533
141516,21.195
141517,20.621
141518,18.155
141519,18.52
141520,17.1549097208974
141521,18.51
141522,20.27
141523,20.582
141524,18.125
141525,18.238
141526,18.194
141527,20.133
141528,20.3043728975945
141529,19.751
141530,19.99
141531,19.066
141532,19.7681749043298
141533,20.363
141534,20.363
141535,21.666
141536,21.38
141537,18.8069135733579
141538,21.38
141539,21.38
141540,21.38
141541,22.4143320174948
141542,22.443
141543,20.622
141544,22.443
141545,22.443
141546,22.443
141547,23.463
141548,23.204
141549,21.941
141550,23.204
141551,23.204
141552,23.204
141553,22.9670514883539
141554,23.3238665578629
141555,21.815
141556,23.3238665578629
141557,23.3238665578629
141558,23.3238665578629
141559,24.8840363866776
141560,24.8649408111619
141561,23.578
141562,24.8649408111619
141563,24.8649408111619
141564,24.8649408111619
141565,24.984
141566,24.805
141567,24.7955061008156
141568,24.8649408111619
141569,24.8649408111619
141570,24.8649408111619
141571,24.984
141572,24.805
141573,24.07
141574,24.8537027098493
141575,24.8537027098493
141576,24.8649408111619
141577,24.492
141578,24.369
141579,24.354
141580,21.637
141581,24.354
141582,24.369
141583,23.772
141584,23.614
141585,23.579
141586,21.527
141587,23.601
141588,23.614
141589,23.234
141590,23.0132866831531
141591,23.0132866831531
141592,21.824
141593,21.111
141594,23.0132866831531
141595,23.234
141596,23.0132866831531
141597,23.0132866831531
141598,22.244
141599,22.663
141600,23.0132866831531
141601,23.1733775978815
141602,22.959
141603,22.959
141604,22.942
141605,22.136
141606,22.959
141607,22.667
141608,22.419
141609,22.397
141610,22.4
141611,22.4
141612,22.419
141613,22.528
141614,22.354
141615,22.354
141616,22.333
141617,22.113
141618,22.354
141619,22.497
141620,22.256
141621,22.256
141622,22.248
141623,21.347
141624,22.256
141625,22.508
141626,22.246
141627,22.246
141628,22.239
141629,22.0890125739807
141630,22.246
141631,22.508
141632,22.1256000740973
141633,22.246
141634,22.239
141635,22.239
141636,22.246
141637,22.5200609656987
141638,21.181
141639,22.256
141640,22.248
141641,22.248
141642,21.6226683843198
141643,22.508
141644,20.783
141645,22.246
141646,22.0113276954111
141647,22.239
141648,21.6210185393279
141649,21.203
141650,20.811
141651,20.89
141652,20.89
141653,20.89
141654,20.78
141655,19.9641617240835
141656,19.657
141657,19.657
141658,19.657
141659,19.657
141660,19.095
141661,19.833
141662,19.3667893061121
141663,19.515
141664,19.515
141665,19.515
141666,19.507
141667,19.943
141668,19.642
141669,19.642
141670,19.642
141671,19.642
141672,19.642
141673,19.955
141674,19.657
141675,19.657
141676,19.657
141677,19.657
141678,19.657
141679,20.621
141680,20.3043728975945
141681,20.3043728975945
141682,20.3043728975945
141683,20.3043728975945
141684,20.3043728975945
141685,20.752
141686,20.442
141687,20.442
141688,20.442
141689,20.442
141690,20.442
141691,22.1225129863452
141692,21.828
141693,21.828
141694,21.828
141695,21.828
141696,21.828
141697,23.663
141698,23.404
141699,23.391
141700,23.391
141701,23.391
141702,23.404
141703,25.3153012076119
141704,25.3121091835405
141705,25.2994086561027
141706,25.2994086561027
141707,25.2994086561027
141708,25.3121091835405
141709,25.3153012076119
141710,25.3121091835405
141711,25.2994086561027
141712,25.2994086561027
141713,25.2994086561027
141714,25.156
141715,24.9694398160573
141716,24.07
141717,24.8384379727141
141718,24.8537027098493
141719,24.8384379727141
141720,22.841
141721,23.803
141722,22.851
141723,23.545
141724,20.842
141725,23.545
141726,21.766
141727,22.546
141728,22.246
141729,22.273
141730,20.981
141731,20.1072236228367
141732,21.225
141733,20.16216789909
141734,21.986
141735,21.969
141736,21.274
141737,19.745
141738,21.835
141739,20.043
141740,20.9061462575097
141741,21.434
141742,20.686
141743,19.8320430418695
141744,20.8969488652329
141745,19.607
141746,21.299
141747,21.353
141748,20.296
141749,19.3831036234891
141750,20.73
141751,19.2801164200165
141752,21.391
141753,20.218
141754,21.334
141755,19.874
141756,21.391
141757,18.594
141758,20.9491498813034
141759,20.017
141760,20.905
141761,19.837
141762,20.9491498813034
141763,19.5498287403671
141764,21.462
141765,20.9804423602611
141766,21.455
141767,20.37
141768,21.462
141769,20.0959285476695
141770,21.981
141771,20.853
141772,21.963
141773,20.888
141774,21.981
141775,20.931
141776,22.246
141777,21.327
141778,22.11
141779,21.205
141780,22.246
141781,22.328
141782,22.246
141783,21.337
141784,22.228
141785,22.0854175743068
141786,22.246
141787,22.443
141788,22.246
141789,22.0012980173342
141790,22.2158259918825
141791,22.228
141792,22.246
141793,19.944
141794,19.642
141795,19.634
141796,19.634
141797,19.634
141798,19.642
141799,18.7667159184876
141800,18.089
141801,18.089
141802,18.089
141803,18.076
141804,18.089
141805,18.7667159184876
141806,18.089
141807,17.9086034922424
141808,18.089
141809,18.089
141810,18.089
141811,19.815
141812,19.4865263323875
141813,19.477
141814,19.477
141815,19.477
141816,19.4865263323875
141817,19.815
141818,19.4865263323875
141819,19.477
141820,19.477
141821,19.477
141822,19.4865263323875
141823,19.825
141824,19.5019364109081
141825,19.492
141826,19.492
141827,19.492
141828,19.5019364109081
141829,19.957
141830,19.657
141831,19.648
141832,19.648
141833,19.648
141834,19.657
141835,20.5771781785237
141836,20.276
141837,20.265
141838,20.265
141839,20.265
141840,20.276
141841,23.4812487129318
141842,23.1903601247794
141843,23.183
141844,23.183
141845,23.183
141846,23.1903601247794
141847,25.2649016548597
141848,25.245
141849,25.245
141850,25.245
141851,25.245
141852,25.245
141853,24.954
141854,24.8537027098493
141855,24.8384379727141
141856,24.8384379727141
141857,24.8384379727141
141858,24.8537027098493
141859,24.349
141860,23.952
141861,21.121
141862,24.065
141863,24.065
141864,23.9335016126167
141865,23.086
141866,20.78
141867,20.144
141868,21.694
141869,22.805
141870,20.154
141871,22.2717147270352
141872,20.8106020174375
141873,19.899
141874,19.54
141875,19.6832461087055
141876,20.8106020174375
141877,19.418
141878,20.0036198903347
141879,18.1154744125236
141880,18.177
141881,17.7223103521836
141882,19.082
141883,19.539
141884,19.246
141885,18.67368833359
141886,20.0503529560442
141887,18.688
141888,19.008
141889,18.853
141890,20.911
141891,18.1154744125236
141892,18.767
141893,17.7223103521836
141894,20.1940280891485
141895,18.805
141896,20.753
141897,17.51
141898,19.229
141899,17.5007070271146
141900,20.753
141901,18.909
141902,20.563
141903,18.146982045039
141904,20.125
141905,17.353
141906,20.563
141907,19.306
141908,20.287
141909,18.979
141910,19.65
141911,17.954
141912,20.287
141913,21.0521296837656
141914,20.579
141915,17.935
141916,19.718
141917,18.349
141918,20.5652761303952
141919,21.216
141920,18.72605185744
141921,19.108
141922,20.614
141923,19.572
141924,20.577
141925,20.025
141926,17.715
141927,19.8
141928,20.197
141929,19.661
141930,17.424
141931,19.167
141932,14.771
141933,18.708
141934,18.441
141935,18.553
141936,14.771
141937,13.1158810008
141938,14.0678830821263
141939,15.8015995332058
141940,16.683
141941,16.48
141942,12.1318970199848
141943,11.622
141944,10.9870529792385
141945,13.219
141946,15.8270628424428
141947,15.25
141948,10.9870529792385
141949,11.622
141950,10.8856636594558
141951,13.87
141952,15.9658582051686
141953,15.488
141954,10.446
141955,11.894
141956,10.737
141957,14.934
141958,15.982
141959,15.982
141960,10.737
141961,13.465
141962,12.514511421491
141963,16.746
141964,16.7943339750891
141965,16.7943339750891
141966,12.514511421491
141967,14.3959295860435
141968,13.4582465693613
141969,17.4764382775975
141970,17.4764382775975
141971,17.4764382775975
141972,13.4582465693613
141973,14.6035585874408
141974,13.678
141975,17.54
141976,17.54
141977,17.54
141978,13.678
141979,15.033
141980,14.105
141981,17.654
141982,17.654
141983,17.654
141984,14.105
141985,15.558
141986,14.6143349588875
141987,18.077
141988,18.077
141989,18.077
141990,14.6143349588875
141991,19.098
141992,18.55
141993,21.946
141994,21.946
141995,21.946
141996,18.58
141997,19.302
141998,19.232
141999,22.4483958804366
142000,22.4483958804366
142001,22.4483958804366
142002,20.138
142003,19.004
142004,19.408
142005,18.2665473675509
142006,21.872
142007,21.872
142008,20.33
142009,17.869
142010,18.805
142011,16.997
142012,18.64
142013,18.908
142014,19.366
142015,17.529
142016,17.808
142017,16.61
142018,19.999
142019,16.797
142020,18.907
142021,15.618
142022,18.5419248408681
142023,14.717
142024,18.792
142025,18.4406260106852
142026,18.75
142027,14.756
142028,14.8345157342487
142029,13.8382512066945
142030,13.21
142031,13.8382512066945
142032,14.317
142033,14.287
142034,13.8055300574544
142035,13.313
142036,12.7065232450676
142037,13.313
142038,13.8055300574544
142039,14.097
142040,13.177
142041,12.688
142042,12
142043,12.688
142044,12.688
142045,13.268
142046,12.2779425282133
142047,12.319
142048,11.571
142049,15.436819839322
142050,12.2779425282133
142051,13.221
142052,12.2779425282133
142053,12.704470195396
142054,11.571
142055,12.2779425282133
142056,12.2779425282133
142057,14.225
142058,13.313
142059,15.546
142060,12.7065232450676
142061,17.289
142062,13.313
142063,15.285
142064,14.406
142065,17.137
142066,14.695
142067,15.025
142068,14.406
142069,15.8065751199006
142070,14.651
142071,17.287
142072,18.073
142073,15.106
142074,14.651
142075,13.155
142076,12.593
142077,14.0783451207536
142078,14.784
142079,13.5277172207514
142080,12.593
142081,10.471
142082,10.446
142083,10.9870529792385
142084,14.1081754276582
142085,10.8856636594558
142086,10.446
142087,10.471
142088,10.446
142089,10.446
142090,9.62973959642424
142091,10.446
142092,10.446
142093,10.471
142094,10.446
142095,10.446
142096,9.62973959642424
142097,10.446
142098,10.446
142099,10.471
142100,10.446
142101,10.446
142102,9.62973959642424
142103,10.446
142104,10.446
142105,10.471
142106,10.446
142107,10.446
142108,9.62973959642424
142109,10.446
142110,10.446
142111,10.471
142112,10.446
142113,10.446
142114,9.62973959642424
142115,10.446
142116,10.446
142117,10.471
142118,10.446
142119,10.446
142120,9.62973959642424
142121,10.446
142122,10.446
142123,11.589
142124,10.446
142125,10.446
142126,9.62973959642424
142127,10.446
142128,10.446
142129,14.181
142130,13.1508796732908
142131,13.1508796732908
142132,12.535
142133,13.1508796732908
142134,13.1508796732908
142135,19.579347460719
142136,18.631
142137,18.631
142138,18.689
142139,18.6586213601944
142140,18.631
142141,21.623
142142,20.182
142143,20.134
142144,19.961
142145,20.146
142146,20.172
142147,21.925
142148,20.4862377820682
142149,20.3602088391617
142150,20.149
142151,20.37
142152,20.4862377820682
142153,22.242
142154,20.254
142155,20.134
142156,19.9226712108088
142157,20.158
142158,20.833
142159,22.345
142160,21.252
142161,20.1150603846565
142162,19.972
142163,20.2111887471291
142164,21.252
142165,22.492
142166,21.675
142167,20.154
142168,21.094
142169,22.246
142170,22.02
142171,22.508
142172,22.246
142173,20.1150603846565
142174,22.042
142175,21.335
142176,22.217
142177,22.496
142178,22.246
142179,20.1150603846565
142180,21.5109330249269
142181,21.335
142182,22.246
142183,22.474
142184,22.2243999157421
142185,20.201
142186,21.731
142187,22.2142516339562
142188,22.2243999157421
142189,22.328
142190,22.060336804915
142191,19.986
142192,21.974
142193,22.060336804915
142194,22.060336804915
142195,22.4833587087145
142196,22.2243999157421
142197,20.201
142198,22.2142516339562
142199,22.2142516339562
142200,22.2243999157421
142201,22.508
142202,22.246
142203,20.2135020350325
142204,22.224
142205,22.239
142206,22.246
142207,23.716
142208,23.561
142209,21.785
142210,23.537
142211,23.547
142212,23.561
142213,23.7524711963549
142214,23.657065735826
142215,21.93
142216,23.634
142217,23.6464420578944
142218,23.657065735826
142219,22.667
142220,22.419
142221,20.3602088391617
142222,22.4
142223,22.407
142224,22.419
142225,19.789
142226,19.4865263323875
142227,19.467
142228,19.477
142229,19.4865263323875
142230,19.4865263323875
142231,17.8785196773215
142232,17.789598448231
142233,17.789598448231
142234,17.789598448231
142235,17.789598448231
142236,17.789598448231
142237,17.768
142238,17.716
142239,17.716
142240,17.716
142241,17.716
142242,17.716
142243,17.4906457386638
142244,17.716
142245,17.716
142246,17.716
142247,17.716
142248,17.716
142249,17.3146145030718
142250,17.789598448231
142251,17.766
142252,17.789598448231
142253,17.789598448231
142254,17.789598448231
142255,17.4906457386638
142256,17.716
142257,17.68
142258,17.716
142259,17.716
142260,17.716
142261,17.608
142262,17.776
142263,17.7359140858817
142264,17.776
142265,17.776
142266,17.776
142267,17.458
142268,17.862
142269,17.862
142270,17.862
142271,17.862
142272,17.862
142273,20.887
142274,20.63
142275,20.63
142276,20.63
142277,20.63
142278,20.63
142279,23.174
142280,24.851
142281,24.851
142282,24.8362853148326
142283,24.8362853148326
142284,24.851
142285,22.0198354951142
142286,24.8649408111619
142287,24.8649408111619
142288,24.8537027098493
142289,24.8537027098493
142290,24.8649408111619
142291,21.938
142292,24.796
142293,24.851
142294,24.8362853148326
142295,24.851
142296,24.851
142297,20.5910650237169
142298,23.0124437571264
142299,23.0124437571264
142300,23.0124437571264
142301,23.0124437571264
142302,23.003
142303,20.3689244085365
142304,22.089
142305,22.292
142306,22.292
142307,22.292
142308,21.176
142309,19.955
142310,20.2803066922337
142311,21.9022747750081
142312,21.9022747750081
142313,21.9022747750081
142314,19.675
142315,20.172
142316,21.981
142317,21.981
142318,21.8008436771775
142319,20.8969488652329
142320,21.8008436771775
142321,20.172
142322,21.981
142323,21.981
142324,19.618
142325,20.6748613470179
142326,21.858
142327,20.6753739484504
142328,19.757
142329,21.986
142330,21.986
142331,21.909
142332,19.851
142333,21.088
142334,19.943
142335,22.060336804915
142336,21.5746028527227
142337,21.1768265274864
142338,19.881
142339,21.476
142340,20.234
142341,22.246
142342,21.864
142343,20.983
142344,20.234
142345,21.938
142346,21.274
142347,22.256
142348,22.242
142349,21.249
142350,20.805
142351,22.404
142352,22.598
142353,23.009
142354,23.028
142355,22.21
142356,22.165
142357,23.164
142358,23.561
142359,23.561
142360,23.561
142361,23.511
142362,23.561
142363,21.86
142364,22.246
142365,22.246
142366,22.246
142367,22.246
142368,22.246
142369,18.303
142370,18.1770637968617
142371,18.1770637968617
142372,18.1770637968617
142373,18.1770637968617
142374,18.1770637968617
142375,17.283
142376,17.54
142377,17.54
142378,17.54
142379,17.54
142380,17.54
142381,17.248
142382,17.54
142383,17.54
142384,17.54
142385,17.54
142386,17.54
142387,16.843
142388,17.54
142389,17.54
142390,17.54
142391,17.54
142392,17.54
142393,16.731
142394,17.4764382775975
142395,17.4764382775975
142396,17.4764382775975
142397,17.4764382775975
142398,17.4764382775975
142399,16.592
142400,17.4764382775975
142401,17.4764382775975
142402,17.4764382775975
142403,17.4764382775975
142404,17.4764382775975
142405,16.054
142406,16.879
142407,16.879
142408,16.879
142409,16.879
142410,16.879
142411,16.801
142412,17.4764382775975
142413,17.4764382775975
142414,17.4764382775975
142415,17.4764382775975
142416,17.4764382775975
142417,18.0029515938229
142418,18.22
142419,18.22
142420,18.22
142421,18.22
142422,18.22
142423,22.672
142424,23.173
142425,23.173
142426,23.173
142427,23.173
142428,23.173
142429,20.172
142430,22.869
142431,22.869
142432,22.869
142433,22.869
142434,22.869
142435,18.437
142436,20.901
142437,20.42
142438,20.901
142439,20.901
142440,20.901
142441,17.796
142442,18.943
142443,18.943
142444,20.144
142445,20.144
142446,19.298
142447,15.719
142448,15.804
142449,17.473
142450,15.5875580522131
142451,18.792
142452,16.4075841019423
142453,15.6344804668441
142454,18.186
142455,18.186
142456,16.318
142457,15.6195945551331
142458,15.128
142459,15.202
142460,17.919
142461,16.946
142462,16.927
142463,14.7548054729146
142464,14.267754441184
142465,15.202
142466,18.018
142467,17.919
142468,17.813
142469,15.577
142470,14.732
142471,15.52
142472,18.475
142473,18.475
142474,18.0235763663976
142475,15.842
142476,18.5211298429665
142477,15.6155698025084
142478,18.601
142479,18.601
142480,18.22
142481,16.548
142482,18.601
142483,15.7760087499758
142484,18.792
142485,18.792
142486,18.724
142487,18.2475049051204
142488,18.792
142489,17.006
142490,18.88
142491,19.278
142492,19.270551861875
142493,18.766
142494,19.278
142495,18.026
142496,17.965887196271
142497,20.1588903687955
142498,20.05
142499,19.309
142500,18.909
142501,19.2876544283008
142502,17.9657232228423
142503,20.1552714446539
142504,20.287
142505,19.533
142506,17.618
142507,20.485
142508,17.436
142509,19.479
142510,20.129
142511,20.129
142512,17.839
142513,18.234
142514,16.529
142515,17.7252206758457
142516,17.776
142517,17.7391820601677
142518,14.6042905968305
142519,16.596
142520,13.715
142521,17.54
142522,17.54
142523,17.221
142524,14.963
142525,15.177
142526,13.715
142527,17.54
142528,16.688
142529,15.951
142530,13.647
142531,14.558
142532,14.216
142533,17.503
142534,15.973
142535,15.825
142536,13.6108031605273
142537,14.6035585874408
142538,14.995
142539,17.54
142540,16.6534623668893
142541,15.976
142542,13.718
142543,15.033
142544,15.57
142545,17.654
142546,16.8680659231552
142547,16.992
142548,15.57
142549,15.343
142550,16.512
142551,17.789598448231
142552,17.537
142553,17.2835568539796
142554,16.512
142555,15.505
142556,17.071
142557,18.066
142558,18.066
142559,18.050474358179
142560,17.012
142561,18.293
142562,20.527
142563,20.527
142564,20.527
142565,20.527
142566,20.15
142567,20.037
142568,23.218
142569,23.218
142570,23.218
142571,23.218
142572,23.1720491041402
142573,20.698260483565
142574,23.404
142575,21.717
142576,23.404
142577,23.344
142578,23.404
142579,20.508
142580,23.1720491041402
142581,20.172
142582,20.0056974561275
142583,21.396
142584,23.178
142585,20.4116946283931
142586,21.703
142587,20.133
142588,19.888
142589,20.133
142590,22.789
142591,20.197
142592,21.168
142593,19.811
142594,19.263
142595,19.481
142596,21.035
142597,19.786
142598,21.577
142599,18.7613469412729
142600,18.944
142601,20.528
142602,21.123
142603,21.925
142604,20.519
142605,19.014
142606,19.065
142607,18.798
142608,19.5852715639067
142609,21.2402695410417
142610,20.522
142611,17.836
142612,17.3680256049785
142613,17.6973466623669
142614,19.9210573539643
142621,21.214
142622,20.911
142623,20.886045047588
142624,17.4684856486852
142625,18.4408628479772
142626,20.9046663404277
142627,21.214
142628,20.911
142629,19.554
142630,17.402
142631,20.886045047588
142632,20.911
142633,21.214
142634,20.911
142635,18.511
142636,20.886045047588
142637,20.894
142638,20.911
142639,21.017
142640,20.911
142641,18.471689594762
142642,20.886045047588
142643,20.911
142644,20.911
142645,20.829
142646,20.9491498813034
142647,18.168
142648,20.084
142649,20.9374311656464
142650,20.9491498813034
142651,19.863
142652,20.144
142653,18.511
142654,19.003
142655,19.92
142656,20.144
142657,16.697
142658,16.879
142659,15.5104181473215
142660,15.8
142661,16.419
142662,16.879
142663,15.862
142664,15.862
142665,14.62
142666,15.8443051108624
142667,15.088
142668,15.2711390294079
142669,15.4386029016128
142670,15.806
142671,14.520836748096
142672,15.806
142673,15.247
142674,15.7854893984969
142675,14.6950288406792
142676,15.579
142677,15.862
142678,15.862
142679,15.862
142680,15.307740254872
142681,15.3692395362781
142682,14.857
142683,15.943
142684,15.943
142685,15.943
142686,14.7314967749672
142687,14.857
142688,14.857
142689,15.943
142690,15.943
142691,15.943
142692,14.7314967749672
142693,15.252
142694,14.857
142695,15.943
142696,15.943
142697,15.943
142698,14.7314967749672
142699,15.690336160447
142700,15.477
142701,16.301
142702,16.301
142703,16.301
142704,15.435
142705,17.935
142706,17.609
142707,18.066
142708,18.066
142709,18.066
142710,17.592
142711,23.434409691386
142712,22.636
142713,23.153
142714,23.153
142715,23.153
142716,23.078
142717,22.2015395156944
142718,21.626
142719,22.99758414963
142720,22.99758414963
142721,22.99758414963
142722,21.626
142723,19.4222815215034
142724,19.856
142725,21.196
142726,21.196
142727,21.196
142728,20.039
142729,17.833
142730,17.733
142731,20.243
142732,20.243
142733,20.243
142734,17.324
142735,17.047
142736,16.2413335343173
142737,19.346
142738,19.346
142739,19.346
142740,16.158
142741,16.015
142742,15.729
142743,18.601
142744,18.5230876432066
142745,18.315
142746,15.506
142747,17.1451502728867
142748,17.1451502728867
142749,17.1451502728867
142750,16.984
142751,17.1451502728867
142752,17.1451502728867
142753,13.8162222527603
142754,14.3509409018749
142755,17.7
142756,16.9406778625366
142757,16.451
142758,13.351721754941
142759,13.8162222527603
142760,14.3509409018749
142761,17.688
142762,17.7
142763,16.974
142764,13.373
142765,14.266
142766,14.867
142767,18.194
142768,18.194
142769,17.699
142770,14.099
142771,14.763
142772,15.5823145985072
142773,18.265
142774,18.249
142775,18.141
142776,14.6528478989802
142777,15.351
142778,16.4979881571266
142779,18.448
142780,18.4367360568368
142781,18.3613393046997
142782,16.024
142783,15.657
142784,16.724
142785,18.792
142786,18.792
142787,18.792
142788,16.5
142789,17.709
142790,17.9411784617141
142791,20.1346230379524
142792,20.1346230379524
142793,20.1346230379524
142794,17.924
142795,15.687795402068
142796,17.993
142797,18.792
142798,18.792
142799,18.792
142800,18.4315545777534
142801,13.106
142802,15.912
142803,16.49
142804,16.49
142805,16.49
142806,15.912
142807,13.1957405107842
142808,15.984
142809,16.2851527144047
142810,16.2851527144047
142811,16.2851527144047
142812,16.252
142813,14.8884451444191
142814,16.326
142815,16.879
142816,16.879
142817,16.879
142818,16.385
142819,15.886
142820,16.752
142821,17.54
142822,17.54
142823,17.54
142824,16.813
142825,16.302
142826,16.841
142827,17.654
142828,17.654
142829,17.654
142830,16.851
142831,16.337
142832,16.4555757163224
142833,17.654
142834,17.654
142835,17.654
142836,16.356
142837,15.9394822000094
142838,15.896
142839,17.54
142840,17.54
142841,17.54
142842,15.976
142843,16.2519805513789
142844,16.2519805513789
142845,17.654
142846,17.654
142847,17.654
142848,16.2519805513789
142849,18.295
142850,18.229
142851,19.402
142852,19.402
142853,19.402
142854,17.4948675594731
142855,20.0763241347247
142856,20.1601406846508
142857,23.153
142858,23.153
142859,23.153
142860,20.144
142861,19.789
142862,19.402
142863,22.497
142864,22.497
142865,22.497
142866,19.294
142867,17.723
142868,16.88
142869,19.888
142870,20.243
142871,20.233
142872,16.88
142873,15.69
142874,15.772
142875,18.504
142876,17.278
142877,16.729
142878,14.8253470100547
142879,15.5896401279213
142880,15.4857772458252
142881,18.265
142882,17.138
142883,15.78
142884,14.651
142885,14.846
142886,14.905
142887,17.686
142888,17.573
142889,15.024
142890,13.9003157431378
142891,14.2461253423582
142892,13.313
142893,18.036
142894,17.526
142895,14.8810066247316
142896,13.313
142897,13.715
142898,14.233
142899,16.876
142900,16.7626375964813
142901,15.0338254620576
142902,13.561
142903,13.518
142904,14.1929926775938
142905,17.372
142906,16.734
142907,15.545
142908,13.706
142909,13.2462792033723
142910,13.2239759687777
142911,17.177
142912,16.424
142913,15.2197817276957
142914,13.3701316167586
142915,13.286
142916,13.747
142917,17.543971025243
142918,17.3423754167231
142919,16.747
142920,13.747
142921,13.626
142922,14.1365260072645
142923,17.566
142924,17.554
142925,16.882
142926,14.548
142927,14.7632943759736
142928,15.875
142929,18.265
142930,18.265
142931,18.141
142932,16.748
142933,15.52
142934,18.123
142935,18.5211298429665
142936,18.5211298429665
142937,18.5211298429665
142938,18.204
142939,14.7475049831128
142940,17.609
142941,18.265
142942,18.265
142943,18.249
142944,17.43
142945,11.622
142946,14.8579026784578
142947,15.794
142948,15.806
142949,15.794
142950,11.3541298866799
142951,11.976
142952,14.3542858904007
142953,15.806
142954,15.806
142955,15.806
142956,13.2286941686129
142957,12.777
142958,12.702
142959,15.806
142960,15.806
142961,15.806
142962,10.971
142963,13.199
142964,12.702
142965,15.806
142966,15.806
142967,15.7854893984969
142968,11.97
142969,13.356
142970,13.153
142971,15.4386029016128
142972,15.806
142973,15.76
142974,11.983
142975,13.896
142976,10.9131261172848
142977,15.76
142978,15.806
142979,15.7854893984969
142980,11.0043295327592
142981,13.956
142982,10.446
142983,15.447
142984,15.806
142985,15.806
142986,10.8856636594558
142987,13.956
142988,10.446
142989,15.76
142990,15.806
142991,15.806
142992,10.8856636594558
142993,17.0904839170731
142994,14.421
142995,17.567
142996,17.789598448231
142997,17.7460833643219
142998,14.421
142999,21.702
143000,19.3831036234891
143001,22.273
143002,22.273
143003,22.273
143004,19.246
143005,18.978
143006,18.5558834659254
143007,21.196
143008,21.196
143009,21.196
143010,17.804
143011,17.707
143012,16.859
143013,19.946
143014,19.156
143015,20.052
143016,16.809
143017,15.6788796572126
143018,15.202
143019,18.5
143020,18.284
143021,18.238
143022,14.756
143023,15.5896401279213
143024,15.133
143025,18.175
143026,18.08
143027,18.183
143028,14.651
143029,14.7799509993002
143030,14.3438861112773
143031,16.7538307653592
143032,17.573
143033,17.679
143034,13.88
143035,14.266
143036,14.1533874352766
143037,16.452
143038,17.613
143039,15.094
143040,13.364
143041,13.2462792033723
143042,13.2051338294365
143043,14.0849634961788
143044,17.0670446543981
143045,15.1191873670769
143046,12.2779425282133
143047,13.218
143048,12.985
143049,16.315
143050,17.3
143051,15.2197817276957
143052,12.2497042318458
143053,13.286
143054,13.438
143055,16.875
143056,17.543971025243
143057,16.747
143058,12.313
143059,13.7640008344116
143060,13.7801993883092
143061,16.885
143062,17.642
143063,17.419
143064,13.2450377718916
143065,15.159
143066,14.4818273270345
143067,17.564
143068,18.194
143069,18.152
143070,15.646
143071,16.681
143072,15.184
143073,17.871
143074,18.387
143075,18.375
143076,14.732
143077,17.659
143078,16.567
143079,17.993
143080,18.792
143081,18.792
143082,15.004
143083,17.911
143084,15.775
143085,18.175
143086,18.601
143087,18.601
143088,17.0223893753342
143089,15.2554112192358
143090,15.2959243358523
143091,16.2629303040212
143092,16.7889020904777
143093,16.7889020904777
143094,13.5418941424139
143095,16.871
143096,16.7387867400377
143097,16.751
143098,16.7889020904777
143099,16.7889020904777
143100,16.242
143101,17.574
143102,17.2037854493838
143103,17.2037854493838
143104,17.54
143105,17.087
143106,16.813
143107,17.81
143108,17.789598448231
143109,17.789598448231
143110,17.789598448231
143111,17.2835568539796
143112,17.789598448231
143113,18.108
143114,17.977
143115,18.066
143116,18.066
143117,18.066
143118,18.066
143119,18.295
143120,17.962
143121,18.1770637968617
143122,18.1770637968617
143123,18.1770637968617
143124,18.1770637968617
143125,19.789
143126,19.4865263323875
143127,19.477
143128,19.477
143129,19.477
143130,19.4865263323875
143131,20.226
143132,19.933
143133,19.922
143134,19.922
143135,19.922
143136,19.933
143137,23.508
143138,23.111
143139,23.195
143140,23.195
143141,23.195
143142,23.206
143143,25.577
143144,24.5603676427579
143145,25.557
143146,25.557
143147,25.557
143148,24.4187300126968
143149,25.2649016548597
143150,22.522
143151,25.245
143152,25.245
143153,25.245
143154,22.312
143155,24.378
143156,21.137
143157,21.128
143158,24.0799148361232
143159,23.9582574310825
143160,21.079
143161,23.494
143162,20.1025453199921
143163,20.117
143164,23.183
143165,22.744
143166,20.1150603846565
143167,21.262
143168,20.1150603846565
143169,20.1802343345003
143170,19.897
143171,20.1072236228367
143172,20.1150603846565
143173,20.158
143174,19.7095864032102
143175,19.762
143176,19.392
143177,19.673
143178,19.7234325057806
143179,19.7213216638345
143180,19.199
143181,19.4570383926999
143182,19.2611663325808
143183,19.059
143184,19.392
143185,19.835
143186,20.428
143187,19.21
143188,21.5602040829358
143189,19.172
143190,20.3073187631146
143191,19.898
143192,20.5828940309881
143193,19.478
143194,21.731
143195,19.509
143196,20.626
143197,20.71
143198,21.10755960735
143199,20.359
143200,21.9705893718206
143201,19.899
143202,20.9061462575097
143203,21.7131423354843
143204,20.9061462575097
143205,19.8320430418695
143206,21.9705893718206
143207,20.816
143208,21.10755960735
143209,22.3207309326482
143210,21.035
143211,20.011
143212,22.048
143213,21.431
143214,21.1768265274864
143215,22.487
143216,21.225
143217,21.073
143218,22.228
143219,21.132
143220,21.225
143221,22.571
143222,21.8663207618942
143223,21.3183523597578
143224,22.333
143225,21.3183523597578
143226,21.8906468907599
143227,22.496
143228,22.0844098212277
143229,21.327
143230,22.228
143231,21.205
143232,22.099
143233,19.833
143234,19.515
143235,19.266
143236,19.507
143237,19.4858945349857
143238,19.515
143239,18.489
143240,18.089
143241,18.089
143242,18.089
143243,18.076
143244,18.089
143245,18.3
143246,18.066
143247,17.8796376630224
143248,18.066
143249,17.789
143250,18.066
143251,18.248
143252,18.066
143253,18.066
143254,18.066
143255,17.8796376630224
143256,18.066
143257,18.248
143258,18.066
143259,18.066
143260,18.066
143261,18.057
143262,18.066
143263,17.999
143264,17.839
143265,17.862
143266,17.862
143267,17.862
143268,17.684
143269,18.1020848182374
143270,17.4043548333245
143271,17.862
143272,17.862
143273,17.862
143274,17.4043548333245
143275,18.469
143276,17.24
143277,17.862
143278,17.862
143279,17.862
143280,17.248
143281,20.916
143282,19.318631722838
143283,20.609
143284,20.609
143285,20.609
143286,19.105
143287,24.286
143288,21.083
143289,23.993
143290,23.993
143291,23.993
143292,21.442
143293,23.4812487129318
143294,20.134
143295,22.648
143296,23.183
143297,23.1048158475489
143298,20.2135020350325
143299,19.875
143300,19.301
143301,19.6006062258462
143302,22.497
143303,22.497
143304,19.301
143305,18.2218823815678
143306,17.3622022982413
143307,17.878
143308,20.673
143309,20.673
143310,17.3622022982413
143311,17.007
143312,16.2413335343173
143313,17.115
143314,17.4708158697996
143315,17.789
143316,16.604
143317,16.1486366852734
143318,15.729
143319,16.676
143320,18.024
143321,16.437
143322,15.612
143323,16.487
143324,15.642
143325,17.013
143326,18.252
143327,15.589055543328
143328,15.282
143329,18.735
143330,18.0873918759253
143331,15.669
143332,18.142
143333,16.5421085661296
143334,18.046
143335,19.115
143336,16.4322056605757
143337,15.701
143338,18.013
143339,17.222787641708
143340,18.131
143341,19.161
143342,15.065
143343,15.701
143344,18.3870621796189
143345,16.927
143346,18.5211298429665
143347,19.256
143348,15.133
143349,15.7105946878098
143350,18.231
143351,17.287
143352,18.328
143353,19.404
143354,14.703
143355,15.758
143356,18.743
143357,17.424
143358,18.237432478245
143359,19.196
143360,14.771
143361,15.943
143362,18.8151770549653
143363,18.489
143364,15.602
143365,17.956
143366,17.006
143367,17.0456847353342
143368,20.278
143369,19.523
143370,17.054
143371,17.8260882433811
143372,16.891
143373,16.88
143374,20.1480574427403
143375,19.554
143376,16.891
143377,16.1482197339405
143378,14.62583006504
143379,15.051
143380,17.654
143381,17.5591437981557
143382,14.62583006504
143383,15.51
143384,13.2661695193936
143385,13.873
143386,16.947
143387,16.575
143388,13.3420825326375
143389,16.839
143390,15.884
143391,15.9393553194491
143392,17.54
143393,17.048
143394,15.1149115974207
143395,17.3543840461681
143396,16.566
143397,16.858643982578
143398,17.776
143399,17.554
143400,16.485
143401,17.683
143402,16.988
143403,17.555
143404,18.03
143405,18.03
143406,17.0326546792336
143407,18.5433688434303
143408,17.9858432657878
143409,18.441
143410,18.525
143411,18.525
143412,17.736
143413,19.834
143414,19.478
143415,19.492
143416,19.492
143417,19.492
143418,19.173
143419,20.6607076921391
143420,20.3440021771873
143421,20.3440021771873
143422,20.3331937211321
143423,20.3331937211321
143424,20.3440021771873
143425,23.663
143426,23.404
143427,23.391
143428,23.381
143429,23.381
143430,23.404
143431,25.577
143432,25.5713036887473
143433,25.557
143434,25.557
143435,25.557
143436,25.5713036887473
143437,25.3153012076119
143438,25.3121091835405
143439,25.2994086561027
143440,25.2994086561027
143441,25.2994086561027
143442,25.3121091835405
143443,24.9694398160573
143444,24.8649408111619
143445,21.918
143446,24.686
143447,24.8384379727141
143448,24.8649408111619
143449,24.234
143450,24.104
143451,21.128
143452,20.867
143453,24.0799148361232
143454,24.104
143455,22.245
143456,22.943
143457,20.313290442948
143458,20.006
143459,20.243
143460,22.943
143461,22.524
143462,22.292
143463,20.201
143464,19.964
143465,20.1072236228367
143466,22.292
143467,21.435
143468,22.046
143469,19.986
143470,21.413
143471,19.911
143472,22.052
143473,20.587
143474,21.9022747750081
143475,21.9022747750081
143476,21.9022747750081
143477,20.305
143478,21.9022747750081
143479,20.351
143480,21.627
143481,21.627
143482,21.627
143483,20.706
143484,21.627
143485,20.643
143486,21.462
143487,21.462
143488,21.462
143489,21.462
143490,21.462
143491,20.883
143492,20.9491498813034
143493,20.564
143494,20.9491498813034
143495,20.9491498813034
143496,20.9491498813034
143497,20.9176677917192
143498,20.9491498813034
143499,18.5009615346431
143500,20.9491498813034
143501,20.9491498813034
143502,20.9491498813034
143503,21.2386905451588
143504,21.391
143505,18.966
143506,21.391
143507,21.391
143508,21.391
143509,19.873
143510,21.627
143511,19.392
143512,21.627
143513,21.627
143514,21.627
143515,19.0423231648863
143516,20.753
143517,18.36
143518,20.753
143519,20.753
143520,20.753
143521,17.82
143522,18.03
143523,17.8460522081251
143524,18.03
143525,18.03
143526,18.03
143527,15.48
143528,17.716
143529,17.716
143530,17.716
143531,17.716
143532,17.716
143533,16.823
143534,17.862
143535,17.862
143536,17.862
143537,17.862
143538,17.862
143539,17.137
143540,18.066
143541,18.066
143542,18.066
143543,18.066
143544,18.066
143545,18.146
143546,18.089
143547,18.089
143548,18.089
143549,18.089
143550,18.089
143551,18.731
143552,17.8796376630224
143553,18.066
143554,18.066
143555,18.066
143556,18.057
143557,17.741
143558,17.616
143559,18.089
143560,18.089
143561,18.089
143562,18.076
143563,18.5433688434303
143564,16.234
143565,18.525
143566,18.525
143567,18.525
143568,17.7949262908721
143569,22.7132944243409
143570,18.6424991218485
143571,22.418
143572,22.418
143573,22.418
143574,18.6424991218485
143575,24.3742815052416
143576,20.504
143577,24.0895550641106
143578,24.077
143579,24.077
143580,20.504
143581,23.5057126847163
143582,19.8
143583,23.204
143584,23.1903601247794
143585,23.1903601247794
143586,19.609
143587,22.4771778301607
143588,19.221
143589,22.46
143590,22.46
143591,22.46
143592,18.794
143593,18.3348464637209
143594,17.521
143595,20.901
143596,20.901
143597,20.901
143598,17.474
143599,17.733
143600,16.869
143601,20.144
143602,20.144
143603,20.144
143604,16.809
143605,15.719
143606,16.619
143607,18.8151770549653
143608,18.8151770549653
143609,18.8151770549653
143610,14.8253470100547
143611,15.659
143612,16.6916757143826
143613,18.758
143614,18.758
143615,18.758
143616,16.6961286265611
143617,15.603
143618,15.635
143619,18.601
143620,18.601
143621,18.601
143622,15.106
143623,15.441
143624,15.323
143625,18.51
143626,18.51
143627,18.51
143628,15.0298137624433
143629,15.3180786567387
143630,15.398
143631,18.427
143632,18.427
143633,18.427
143634,14.459
143635,15.176
143636,16.416
143637,14.267754441184
143638,18.387
143639,18.387
143640,15.15
143641,14.999
143642,16.887
143643,14.0789430396217
143644,18.282
143645,18.282
143646,14.606
143647,14.762
143648,16.641
143649,13.8382512066945
143650,18.265
143651,18.215
143652,16.641
143653,14.742
143654,17.679
143655,13.8382512066945
143656,18.249
143657,14.944
143658,16.498
143659,13.692
143660,15.7148576210316
143661,12.7707889537577
143662,13.957
143663,14.617
143664,16.876
143665,11.598
143666,14.807
143667,10.446
143668,9.62973959642424
143669,10.446
143670,10.662
143671,10.471
143672,10.446
143673,10.446
143674,9.62973959642424
143675,10.446
143676,10.446
143677,10.471
143678,10.446
143679,10.446
143680,9.62973959642424
143681,10.446
143682,10.446
143683,10.471
143684,10.446
143685,10.446
143686,9.62973959642424
143687,10.446
143688,10.446
143689,10.992
143690,10.446
143691,10.446
143692,9.62973959642424
143693,10.8856636594558
143694,10.446
143695,13.199
143696,10.484
143697,10.446
143698,9.67172196508088
143699,11.97
143700,10.446
143701,13.4547645960422
143702,11.983
143703,10.446
143704,13.276
143705,10.9870529792385
143706,10.971
143707,13.896
143708,13.199
143709,10.446
143710,9.62973959642424
143711,11.983
143712,11.983
143713,16.254
143714,15.9394822000094
143715,13.678
143716,15.432
143717,16.002
143718,15.886
143719,22.085
143720,20.803
143721,18.784
143722,19.2838631591194
143723,21.78
143724,21.133
143725,23.2622303183965
143726,21.897
143727,20.125
143728,23.124
143729,23.1788066786605
143730,21.498
143731,22.3907765219489
143732,21.9434715270541
143733,19.865
143734,22.954
143735,23.006
143736,21.6377503009532
143737,21.27
143738,20.872
143739,19.811
143740,21.628
143741,22.9713670676827
143742,20.023
143743,20.122
143744,20.0387227253647
143745,19.8234221182238
143746,19.732
143747,22.597551664175
143748,20.97
143749,19.99
143750,21.4449985867494
143751,19.681095421875
143752,19.431
143753,19.907
143754,21.814
143755,20.912
143756,21.894
143757,19.5523575912236
143758,19.254
143759,19.5523575912236
143760,21.9022747750081
143761,21.139
143762,22.060336804915
143763,19.8234221182238
143764,19.565
143765,19.8234221182238
143766,22.060336804915
143767,21.139
143768,22.060336804915
143769,19.538
143770,19.551
143771,19.811
143772,22.060336804915
143773,21.840612153921
143774,22.060336804915
143775,19.811
143776,19.565
143777,19.8234221182238
143778,22.060336804915
143779,21.306
143780,22.2243999157421
143781,20.149
143782,19.954
143783,20.125
143784,22.2243999157421
143785,21.35
143786,22.246
143787,20.225
143788,19.983
143789,20.125
143790,22.246
143791,22.095
143792,23.0132866831531
143793,21.155
143794,23.0132866831531
143795,23.0132866831531
143796,23.0132866831531
143797,23.714
143798,23.657065735826
143799,21.965
143800,23.657065735826
143801,23.657065735826
143802,23.657065735826
143803,23.7527222277973
143804,23.644
143805,21.94
143806,23.587
143807,23.644
143808,23.644
143809,20.403153775621
143810,20.3043728975945
143811,18.155
143812,20.3043728975945
143813,20.3043728975945
143814,20.3043728975945
143815,18.050474358179
143816,18.066
143817,15.483
143818,17.519
143819,17.789
143820,18.066
143821,17.847
143822,17.862
143823,15.3221962827022
143824,17.648
143825,17.6795823372502
143826,17.862
143827,17.705
143828,17.705
143829,15.695
143830,17.282
143831,17.337
143832,17.705
143833,17.54
143834,17.54
143835,15.886
143836,17.167
143837,17.048
143838,17.54
143839,17.4764382775975
143840,17.4764382775975
143841,15.709
143842,17.0847048648527
143843,17.068
143844,17.4764382775975
143845,16.7943339750891
143846,16.7943339750891
143847,14.7620520362421
143848,16.358
143849,16.505
143850,16.7943339750891
143851,17.4764382775975
143852,17.4764382775975
143853,16.113
143854,17.0950530851376
143855,17.133
143856,17.4764382775975
143857,19.7182036128711
143858,19.628
143859,19.628
143860,19.628
143861,19.628
143862,19.628
143863,24.2382620472238
143864,24.0895550641106
143865,24.0895550641106
143866,24.0895550641106
143867,24.0895550641106
143868,24.0895550641106
143869,24.418
143870,24.358
143871,24.427
143872,24.427
143873,24.427
143874,24.427
143875,21.465
143876,20.741
143877,23.204
143878,23.204
143879,23.204
143880,21.805
143881,19.937
143882,19.881
143883,22.943
143884,22.9713670676827
143885,22.9713670676827
143886,19.961
143887,17.906763350629
143888,18.168
143889,21.027
143890,21.027
143891,21.027
143892,17.812
143893,17.705
143894,16.891
143895,20.1588903687955
143896,20.1588903687955
143897,20.1588903687955
143898,16.844
143899,15.661
143900,15.695
143901,18.8151770549653
143902,18.8151770549653
143903,18.8151770549653
143904,15.212
143905,15.678
143906,15.813
143907,18.8151770549653
143908,18.723
143909,18.416
143910,15.212
143911,15.635
143912,15.753
143913,18.792
143914,18.792
143915,18.3901334219296
143916,14.717
143917,15.635
143918,15.550115058211
143919,18.553
143920,18.792
143921,18.4315545777534
143922,14.7301194870989
143923,15.607
143924,15.506
143925,18.555
143926,18.601
143927,18.241
143928,14.67
143929,15.6788796572126
143930,15.528
143931,18.792
143932,18.792
143933,18.456
143934,14.756
143935,17.7176219493489
143936,16.869
143937,20.144
143938,20.144
143939,19.573
143940,16.809
143941,18.5066423844532
143942,17.733
143943,20.911
143944,20.911
143945,20.911
143946,17.671
143947,17.919
143948,17.038
143949,20.2721359007452
143950,20.2721359007452
143951,20.2721359007452
143952,16.99
143953,14.182
143954,12.7120984583909
143955,16.947
143956,16.947
143957,16.947
143958,12.7120984583909
143959,12.1875123863983
143960,10.446
143961,15.806
143962,15.806
143963,15.806
143964,10.446
143965,12.777
143966,10.446
143967,15.806
143968,15.806
143969,14.657
143970,10.446
143971,13.1668425445951
143972,10.446
143973,14.657
143974,15.806
143975,14.4411835661373
143976,10.446
143977,13.199
143978,10.446
143979,13.905
143980,14.4259946316859
143981,14.034
143982,10.446
143983,13.1668425445951
143984,10.446
143985,13.4547645960422
143986,14.226938450687
143987,13.896
143988,10.446
143989,11.439
143990,10.446
143991,13.356
143992,13.793
143993,13.4547645960422
143994,10.446
143995,11.511
143996,10.446
143997,13.199
143998,13.3813759911863
143999,13.199
144000,10.446
144001,14.089
144002,13.1508796732908
144003,15.709
144004,15.348
144005,15.709
144006,13.1508796732908
144007,17.8936648752847
144008,18.946
144009,19.533
144010,19.6830238694093
144011,18.9056573271913
144012,18.053
144013,18.3769660858431
144014,18.051
144015,19.03
144016,18.765
144017,18.36
144018,18.0721931091948
144019,17.817
144020,17.8531645944009
144021,19.599
144022,16.51
144023,16.891
144024,16.891
144025,16.854
144026,16.137
144027,16.137
144028,15.7668195105205
144029,16.112
144030,16.039
144031,15.7050574639635
144032,15.787
144033,15.801
144034,15.291
144035,15.2207170561861
144036,15.202
144037,15.52
144038,15.657
144039,15.701
144040,15.3950156759748
144041,14.575
144042,15.041
144043,15.202
144044,15.5605594012705
144045,15.5605594012705
144046,15.4810714869146
144047,14.326
144048,14.286
144049,15.348
144050,15.597
144051,15.398
144052,16.7452384881279
144053,14.472
144054,14.705
144055,15.459
144056,16.327
144057,15.643
144058,16.975
144059,14.8827824905816
144060,15.2716876125684
144061,16.092
144062,17.287
144063,15.7105946878098
144064,17.12
144065,15.133
144066,16.421
144067,16.251
144068,18.792
144069,15.7711753132695
144070,17.859
144071,15.5227007268853
144072,17.416
144073,17.616
144074,19.278
144075,16.177
144076,18.529
144077,16.177
144078,19.278
144079,19.2640051614589
144080,18.0712922197873
144081,17.0456847353342
144082,19.249
144083,17.589
144084,20.287
144085,21.189
144086,19.7095864032102
144087,19.673
144088,20.047
144089,19.769
144090,20.4490636983846
144091,21.6433472253754
144092,19.782
144093,19.6875820171498
144094,20.076
144095,19.8275085531197
144096,19.836
144097,19.711
144098,18.415
144099,17.235
144100,18.651
144101,18.122
144102,18.415
144103,18.489
144104,17.9086034922424
144105,17.048
144106,17.39
144107,17.6078167810678
144108,17.6
144109,18.1730054969752
144110,17.837
144111,16.2075992850144
144112,16.975
144113,17.609
144114,17.977
144115,18.145
144116,18.050474358179
144117,15.466
144118,16.608
144119,17.592
144120,18.050474358179
144121,18.166
144122,18.076
144123,16.2075992850144
144124,16.5416605722759
144125,17.297
144126,17.9086034922424
144127,18.7687603109309
144128,18.522
144129,17.689
144130,17.387
144131,17.814
144132,18.454
144133,19.642
144134,19.333
144135,18.755
144136,18.427
144137,18.75
144138,19.333
144139,19.799
144140,19.5019364109081
144141,18.880758223203
144142,18.62
144143,18.939
144144,19.5019364109081
144145,23.5057126847163
144146,23.204
144147,20.4590817856195
144148,20.943
144149,20.893
144150,23.204
144151,24.9694398160573
144152,24.8649408111619
144153,21.426
144154,22.212
144155,22.345
144156,24.8649408111619
144157,24.9694398160573
144158,24.07
144159,21.856
144160,21.687
144161,21.93
144162,24.73
144163,24.3894311751532
144164,24.017
144165,21.068
144166,20.83
144167,21.058
144168,23.9876837937378
144169,21.754
144170,23.218
144171,20.146
144172,19.913
144173,20.127
144174,23.159
144175,20.4338849312831
144176,22.4636024408718
144177,20.1709724917483
144178,19.836
144179,20.080197776148
144180,22.4030204140129
144181,19.535
144182,21.42
144183,19.341
144184,18.3494601275849
144185,18.681
144186,19.311
144187,18.122
144188,20.2721359007452
144189,18.045
144190,16.674
144191,17.002
144192,19.367
144193,16.809
144194,18.792
144195,15.813
144196,15.575196709366
144197,14.8543237625696
144198,18.75
144199,16.8119725928653
144200,18.758
144201,15.758
144202,15.667
144203,15.1582728917748
144204,18.758
144205,16.716
144206,18.601
144207,15.729
144208,16.381
144209,15.506
144210,18.601
144211,16.841
144212,18.601
144213,15.729
144214,17.1325160452344
144215,15.6195945551331
144216,18.601
144217,17.473
144218,18.792
144219,16.567
144220,18.297
144221,15.550115058211
144222,18.792
144223,18.1308480413204
144224,18.904
144225,16.878
144226,18.339
144227,15.743
144228,18.615
144229,18.012
144230,20.172
144231,17.48
144232,19.015
144233,16.8908336850077
144234,19.457
144235,18.154
144236,20.287
144237,18.06
144238,19.36
144239,17.0456847353342
144240,19.385
144241,16.966
144242,17.862
144243,17.685
144244,17.809
144245,15.716
144246,17.426
144247,16.5127257051848
144248,17.768
144249,17.2835568539796
144250,17.0987070286166
144251,14.54
144252,17.066
144253,17.765
144254,17.862
144255,16.71
144256,15.455
144257,14.492
144258,17.6795823372502
144259,17.823
144260,17.862
144261,16.731
144262,15.309
144263,14.5106306743587
144264,17.766
144265,18.104
144266,18.066
144267,17.024
144268,15.62
144269,16.054
144270,17.8796376630224
144271,18.1192424105868
144272,17.8796376630224
144273,17.196
144274,16.529
144275,17.004
144276,17.863
144277,18.14
144278,17.616
144279,17.272
144280,16.681
144281,17.0501837827891
144282,17.616
144283,19.782
144284,19.31
144285,19.459
144286,19.265
144287,18.908
144288,19.304
144289,23.128
144290,21.0117269059614
144291,20.936
144292,22.328
144293,20.936
144294,20.77
144295,24.91
144296,22.986
144297,21.734
144298,23.6435035579025
144299,22.5721398886175
144300,23.768
144301,21.486
144302,21.376
144303,20.207
144304,23.17
144305,21.332
144306,20.2363058483025
144307,20.043
144308,19.673
144309,19.7
144310,21.86
144311,20.904161582778
144312,19.673
144313,18.5381560729407
144314,17.7223103521836
144315,17.743
144316,17.395
144317,18.5205333598619
144318,17.7223103521836
144319,17.808
144320,17.44
144321,17.324
144322,16.5
144323,16.88
144324,16.88
144325,16.206
144326,15.813
144327,16.78
144328,16.5241074682182
144329,15.235
144330,15.212
144331,16.043
144332,15.7105946878098
144333,16.675
144334,18.073
144335,15.133
144336,14.699
144337,16.3131880736628
144338,15.643
144339,15.643
144340,17.8492460358199
144341,14.905
144342,14.905
144343,15.724705695527
144344,15.5605594012705
144345,15.5605594012705
144346,17.805553530187
144347,14.7548054729146
144348,14.355
144349,15.724705695527
144350,15.184
144351,16.28
144352,17.983
144353,15.184
144354,14.298268040721
144355,15.686
144356,15.482
144357,17.067
144358,18.25
144359,15.5257981665032
144360,14.573
144361,16.3131880736628
144362,14.905
144363,17.9663754450161
144364,18.358
144365,17.1204626512558
144366,15.296
144367,16.7001931761315
144368,17.287
144369,18.175
144370,18.534
144371,17.268
144372,16.637
144373,17.97
144374,19.433
144375,19.365
144376,19.9896291076642
144377,17.421
144378,17.272
144379,18.426
144380,20.1634816988748
144381,19.52
144382,19.839
144383,17.48
144384,17.965
144385,18.228
144386,17.862
144387,17.702
144388,17.826
144389,17.384
144390,17.795565074211
144391,18.085
144392,17.789598448231
144393,17.567
144394,17.0987070286166
144395,16.3590212067388
144396,17.789598448231
144397,17.999
144398,17.862
144399,16.9076461155647
144400,15.455
144401,15.986
144402,17.862
144403,18.1730054969752
144404,18.066
144405,17.081
144406,16.582
144407,17.044
144408,18.066
144409,19.642
144410,19.333
144411,19.325
144412,19.315
144413,18.75
144414,19.333
144415,19.782
144416,19.477
144417,19.477
144418,19.477
144419,19.3
144420,19.477
144421,18.839
144422,18.5759727837117
144423,18.5
144424,18.5
144425,18.307
144426,18.5759727837117
144427,19.789
144428,19.477
144429,19.477
144430,19.477
144431,19.477
144432,19.477
144433,22.926
144434,22.624
144435,22.59
144436,22.624
144437,22.573
144438,22.624
144439,24.349
144440,24.065
144441,23.2853784643184
144442,24.065
144443,24.065
144444,24.065
144445,21.582
144446,23.183
144447,20.193
144448,23.131
144449,23.183
144450,23.183
144451,19.6765893715157
144452,22.062
144453,19.172
144454,21.78
144455,20.400485904701
144456,22.273
144457,17.817
144458,19.58
144459,17.324
144460,16.5
144461,20.233
144462,19.888
144463,16.2348531594334
144464,18.51
144465,17.473
144466,15.566
144467,15.813
144468,18.015
144469,16.092
144470,16.548
144471,17.681
144472,15.947
144473,15.4857772458252
144474,15.7105946878098
144475,14.873
144476,15.2766027489809
144477,17.337
144478,17.1256468997924
144479,14.8345157342487
144480,15.197
144481,14.852
144482,15.6424746825529
144483,15.4707957848272
144484,17.9892992006261
144485,14.686
144486,14.3239234440141
144487,13.6435794882534
144488,14.1865254542924
144489,14.944
144490,17.2869632198779
144491,13.7721601931913
144492,13.199
144493,13.662
144494,14.1608009152631
144495,14.924
144496,17.432
144497,15.545
144498,12.691
144499,13.9333387148466
144500,14.2083998446029
144501,15.032
144502,17.559
144503,15.651
144504,12.958
144505,13.773
144506,14.954
144507,15.7148576210316
144508,17.642
144509,16.876
144510,13.066
144511,14.357
144512,16.452
144513,17.554
144514,18.184
144515,17.564
144516,13.647
144517,15.295
144518,15.2050264237716
144519,17.7536521363006
144520,18.249
144521,17.7536521363006
144522,14.2994233264637
144523,15.686
144524,15.5013153939844
144525,18.072
144526,18.375
144527,18.007
144528,15.184
144529,13.09090856141
144530,11.9591951836109
144531,15.2
144532,15.996
144533,15.3030722428499
144534,11.7222008775159
144535,13.89
144536,10.737
144537,14.596
144538,15.566
144539,14.318
144540,10.737
144541,15.543
144542,12.0899600507418
144543,14.5575912445032
144544,15.248
144545,14.59
144546,12.0899600507418
144547,16.3114792104683
144548,15.454
144549,16.237
144550,16.494
144551,16.113
144552,14.945
144553,16.894
144554,15.8814475976559
144555,16.8319490564812
144556,17.0483410405309
144557,16.813
144558,15.839
144559,17.111
144560,16.302
144561,17.447
144562,17.3372321110338
144563,17.337
144564,16.263
144565,17.554
144566,16.725
144567,17.766
144568,17.749
144569,17.766
144570,16.737
144571,18.8617827338157
144572,18.009
144573,18.5759727837117
144574,18.5759727837117
144575,18.563
144576,17.806
144577,23.494
144578,23.1048158475489
144579,23.183
144580,23.183
144581,23.183
144582,21.968
144583,24.165
144584,24.8362853148326
144585,24.8220029609591
144586,24.8220029609591
144587,24.8220029609591
144588,23.117
144589,21.952
144590,21.784
144591,21.577
144592,24.065
144593,24.065
144594,24.077
144595,20.418
144596,20.201
144597,20.144
144598,23.128
144599,21.3336475538186
144600,21.038
144601,19.768
144602,19.651
144603,19.238
144604,19.058
144605,22.067
144606,20.154
144607,18.5506636818999
144608,19.902
144609,18.1154744125236
144610,17.8883057792035
144611,17.8308725538174
144612,19.986378540419
144613,17.820802683639
144614,18.964
144615,16.8908336850077
144616,18.6543286428297
144617,16.8908336850077
144618,20.047
144619,17.8260882433811
144620,19.935
144621,16.88
144622,19.292
144623,16.909
144624,20.1588903687955
144625,18.386
144626,18.36
144627,17.595
144628,19.71
144629,18.012
144630,18.8802494660494
144631,18.421
144632,18.99
144633,17.852
144634,19.848
144635,18.1908833978166
144636,19.715
144637,18.6471987581568
144638,19.5330963440669
144639,17.51
144640,20.713
144641,19.062
144642,19.8432176631123
144643,18.975
144644,19.827
144645,17.733
144646,20.599
144647,19.108
144648,19.116
144649,19.433
144650,19.832
144651,18.146
144652,20.62
144653,19.832
144654,18.741
144655,21.629
144656,20.2627426881876
144657,19.114
144658,21.381
144659,20.248
144660,20.334
144661,21.925
144662,21.123
144663,20.0156775125135
144664,21.627
144665,21.487
144666,21.105
144667,19.4445686104651
144668,20.9137830983393
144669,19.97
144670,20.9491498813034
144671,20.9137830983393
144672,20.9491498813034
144673,18.079
144674,18.5402341878192
144675,18.216
144676,18.5402341878192
144677,18.5402341878192
144678,18.529
144679,18.101
144680,18.066
144681,17.5442232640125
144682,18.066
144683,18.066
144684,18.066
144685,18.5555147755004
144686,18.525
144687,18.441
144688,18.525
144689,18.525
144690,18.525
144691,19.825
144692,19.5019364109081
144693,19.5019364109081
144694,19.5019364109081
144695,19.5019364109081
144696,19.5019364109081
144697,20.538
144698,20.3043728975945
144699,20.3043728975945
144700,20.3043728975945
144701,20.3043728975945
144702,20.3043728975945
144703,21.478
144704,21.195
144705,21.195
144706,21.195
144707,21.195
144708,21.195
144709,22.2131907873762
144710,21.938
144711,21.938
144712,21.938
144713,21.938
144714,21.938
144715,23.105
144716,22.823
144717,22.823
144718,22.811
144719,22.811
144720,22.823
144721,24.984
144722,24.8649408111619
144723,24.8649408111619
144724,24.8537027098493
144725,24.8537027098493
144726,24.8649408111619
144727,26.351
144728,26.3312963267548
144729,26.3312963267548
144730,26.31269554779
144731,26.31269554779
144732,26.3312963267548
144733,25.962
144734,25.943
144735,22.393
144736,25.7600127412033
144737,24.554
144738,25.943
144739,25.401
144740,25.3808693529931
144741,22.312
144742,22.007
144743,22.323
144744,25.3808693529931
144745,24.984
144746,24.8649408111619
144747,21.903
144748,21.621
144749,21.864
144750,24.8649408111619
144751,24.0554641127107
144752,23.807
144753,21.37
144754,21.083
144755,21.306
144756,23.807
144757,22.5607861848928
144758,21.8191813476519
144759,20.201
144760,19.911328519711
144761,20.125
144762,22.292
144763,22.181
144764,20.824
144765,19.5976320937957
144766,19.401
144767,19.538
144768,21.807
144769,21.0435339829222
144770,20.753
144771,19.072
144772,17.89
144773,17.521
144774,20.753
144775,20.5000997587702
144776,20.1588903687955
144777,17.965887196271
144778,19.1747356130132
144779,16.964
144780,20.1588903687955
144781,20.49
144782,20.144
144783,18.943
144784,19.1634187373081
144785,17.4675206610816
144786,20.144
144787,20.154
144788,20.006
144789,18.864
144790,19.254
144791,17.421
144792,20.006
144793,20.245
144794,20.006
144795,19.365
144796,19.303
144797,18.3330290896155
144798,20.006
144799,20.5000997587702
144800,20.1588903687955
144801,19.4474708156338
144802,19.598
144803,19.4474708156338
144804,20.1588903687955
144805,19.378
144806,20.753
144807,19.8432176631123
144808,20.723
144809,19.8432176631123
144810,20.745
144811,19.378
144812,20.753
144813,20.368
144814,20.753
144815,20.093
144816,20.4062465126377
144817,17.525
144818,18.445
144819,18.308
144820,18.445
144821,18.445
144822,18.177
144823,16.2773066267223
144824,17.143
144825,17.031
144826,18.027
144827,17.8796376630224
144828,18.066
144829,15.8
144830,18.066
144831,17.011
144832,17.852
144833,17.8796376630224
144834,18.066
144835,15.5733566371781
144836,18.066
144837,17.196
144838,17.4159104213196
144839,17.789
144840,18.066
144841,16.455
144842,18.066
144843,17.1872850012889
144844,17.136
144845,17.609
144846,18.066
144847,18.184
144848,18.652
144849,18.098
144850,17.821
144851,18.236
144852,18.652
144853,19.645
144854,19.4865263323875
144855,19.209
144856,18.708
144857,18.9203140241547
144858,19.4865263323875
144859,19.833
144860,18.9155046559346
144861,18.366
144862,18.6781513196391
144863,18.7379064858569
144864,18.8889509866842
144865,23.5057126847163
144866,19.394
144867,19.3823415645592
144868,19.542
144869,19.4162462194393
144870,19.441
144871,24.984
144872,22.1343928902561
144873,21.376
144874,21.706
144875,21.939
144876,22.3534225470918
144877,24.984
144878,23.018
144879,21.791
144880,21.561
144881,22.259
144882,24.7158267584533
144883,23.677
144884,23.3051023384855
144885,20.006
144886,20.125
144887,20.006
144888,22.7970261735615
144889,23.5057126847163
144890,23.131
144891,20.1107747419303
144892,19.888
144893,19.5828993073687
144894,21.0459631448994
144895,22.8390405581463
144896,22.261
144897,19.782
144898,19.39
144899,19.192
144900,19.72
144901,21.2627855064057
144902,20.9491498813034
144903,17.812
144904,17.452
144905,17.6973466623669
144906,18.5643982042854
144907,20.5
144908,17.86
144909,17.86
144910,16.521
144911,16.853
144912,18.964
144913,19.7633363593549
144914,16.177
144915,17.738
144916,17.242
144917,15.645
144918,18.7283972256194
144919,19.464
144920,18.042
144921,17.448
144922,17.8052744497899
144923,14.8253470100547
144924,16.78
144925,19.464
144926,15.813
144927,18.489
144928,18.223
144929,14.8253470100547
144930,15.796
144931,20.5000997587702
144932,16.891
144933,19.4474708156338
144934,19.015
144935,16.844
144936,16.891
144937,20.61
144938,17.9657232228423
144939,19.533
144940,19.256
144941,17.0147020767409
144942,17.054
144943,21.2627855064057
144944,18.253
144945,19.639
144946,19.745
144947,18.278
144948,17.812
144949,22.328
144950,19.863
144951,20.995
144952,21.042
144953,20.023
144954,19.986
144955,22.4833587087145
144956,20.149
144957,21.323
144958,21.0802750654412
144959,20.2111887471291
144960,20.234
144961,21.814
144962,18.6802174039012
144963,21.133092573456
144964,20.7131515636533
144965,20.414
144966,18.926
144967,21.478
144968,18.7732734767436
144969,19.837
144970,19.25
144971,19.545924698835
144972,19.002
144973,22.018
144974,20.7147723994414
144975,19.0413775432083
144976,19.48
144977,20.43
144978,21.7458166725509
144979,22.422
144980,22.177
144981,20.893
144982,20.75
144983,21.475
144984,22.177
144985,22.508
144986,22.246
144987,22.217
144988,21.333
144989,21.69
144990,22.246
144991,22.508
144992,22.246
144993,22.246
144994,21.965
144995,21.949
144996,22.246
144997,23.288
144998,23.068
144999,23.068
145000,22.667
145001,22.595
145002,23.068
145003,24.45117240188
145004,24.27
145005,24.27
145006,23.602
145007,23.2211856841255
145008,24.27
145009,25.588
145010,25.5713036887473
145011,24.1604968130726
145012,24.562
145013,23.5640926931739
145014,25.5713036887473
145015,26.4499743873058
145016,26.4259314217741
145017,22.5812866665042
145018,24.077
145019,24.1893225702974
145020,26.4259314217741
145021,26.135
145022,26.112
145023,22.405
145024,22.116
145025,23.257
145026,23.966
145027,25.588
145028,23.5917836773781
145029,22.294
145030,22.035
145031,22.283
145032,22.683
145033,22.2216439943623
145034,22.98
145035,21.939
145036,21.631
145037,21.364
145038,22.731
145039,22.645
145040,22.503
145041,21.796
145042,21.498
145043,21.126
145044,22.088
145045,21.033
145046,20.78
145047,20.2314799930815
145048,19.936
145049,19.741
145050,20.2314799930815
145051,20.364
145052,21.073
145053,20.667
145054,19.898
145055,19.692
145056,20.179
145057,20.171
145058,19.911
145059,21.648503527154
145060,19.732
145061,19.8234221182238
145062,19.8234221182238
145063,19.968
145064,19.645
145065,20.3182993192228
145066,20.5029043162564
145067,19.645
145068,19.5523575912236
145069,19.8080147943608
145070,20.527
145071,20.626
145072,19.8487843963615
145073,19.221
145074,19.2353111631312
145075,19.978
145076,21.541
145077,21.735
145078,20.519
145079,19.713
145080,19.645
145081,20.185
145082,22.0481025283509
145083,20.9379597598416
145084,21.042
145085,20.023
145086,22.060336804915
145087,20.095
145088,22.217
145089,20.983
145090,20.768
145091,20.201
145092,22.246
145093,20.177
145094,22.419
145095,21.777
145096,21.312
145097,20.45
145098,22.419
145099,21.288
145100,22.959
145101,22.161
145102,21.557
145103,21.083
145104,22.959
145105,22.275
145106,22.246
145107,22.246
145108,20.5209663325381
145109,20.111
145110,22.246
145111,22.508
145112,22.246
145113,22.217
145114,19.452
145115,19.1457087617516
145116,22.246
145117,22.508
145118,22.246
145119,21.795
145120,18.872430613305
145121,19.1457087617516
145122,22.246
145123,22.4535956665403
145124,22.191
145125,21.094
145126,18.8624077578503
145127,19.108
145128,22.191
145129,22.508
145130,22.246
145131,22.101
145132,18.872430613305
145133,19.108
145134,22.246
145135,22.5200609656987
145136,22.256
145137,21.7299732449442
145138,18.895
145139,19.167
145140,22.256
145141,23.288
145142,23.068
145143,21.9340228043603
145144,19.783
145145,20.051
145146,23.068
145147,24.45117240188
145148,24.27
145149,22.596
145150,20.392
145151,20.661631430467
145152,24.27
145153,24.984
145154,24.8649408111619
145155,22.307
145156,21.1289292116889
145157,21.219
145158,24.8649408111619
145159,25.588
145160,25.5713036887473
145161,22.3374802580585
145162,21.985
145163,21.753
145164,25.5713036887473
145165,25.588
145166,22.3523551406432
145167,22.297
145168,22.012
145169,22.297
145170,25.5713036887473
145171,25.328978205829
145172,22.009
145173,22.25
145174,21.891
145175,21.759
145176,25.3121091835405
145177,24.984
145178,24.8649408111619
145179,21.864
145180,21.529
145181,21.379
145182,24.8649408111619
145183,22.6283174589112
145184,24.27
145185,21.766
145186,21.395
145187,21.222
145188,24.27
145189,21.589
145190,22.4691252656661
145191,21.374
145192,20.087
145193,19.7822093985785
145194,22.4691252656661
145195,22.3685517197506
145196,22.246
145197,20.2111887471291
145198,19.5655328194039
145199,19.572
145200,22.226
145201,19.827
145202,22.060336804915
145203,21.864
145204,19.551
145205,19.538
145206,21.926
145207,20.066
145208,21.9022747750081
145209,21.598
145210,19.254
145211,19.312
145212,21.9022747750081
145213,19.222
145214,21.627
145215,21.123
145216,18.891
145217,19.014
145218,20.092
145219,18.5563947686975
145220,20.9491498813034
145221,20.171
145222,18.15
145223,18.1442606769881
145224,20.9491498813034
145225,18.543
145226,20.886045047588
145227,20.911
145228,19.716
145229,18.149
145230,19.939
145231,19.704
145232,18.6973468984426
145233,21.462
145234,20.471
145235,19.311
145236,20.596
145237,19.6981070526986
145238,19.855
145239,21.981
145240,20.694
145241,19.838
145242,21.3696850954403
145243,20.276
145244,19.911
145245,22.060336804915
145246,20.728
145247,20.0387227253647
145248,20.506
145249,21.487
145250,19.2353111631312
145251,21.731
145252,20.6971124874154
145253,20.412
145254,19.221
145255,21.76
145256,19.196
145257,21.354
145258,19.639
145259,18.923
145260,20.3454977709172
145261,20.9602259989273
145262,18.734
145263,19.223
145264,17.1549097208974
145265,17.502
145266,19.498
145267,17.932
145268,17.739
145269,17.219
145270,16.483
145271,16.874
145272,17.326
145273,19.833
145274,17.625
145275,16.7034919152387
145276,16.318
145277,16.7034919152387
145278,18.8744677288312
145279,20.435
145280,19.3656722235505
145281,19.3656722235505
145282,17.1549097208974
145283,17.502
145284,18.578
145285,22.079
145286,18.794801449237
145287,21.803
145288,18.341
145289,18.66
145290,18.6424991218485
145291,22.5253518074375
145292,19.609
145293,22.772
145294,19.617
145295,19.58
145296,19.789
145297,23.579
145298,20.389
145299,19.961
145300,19.874
145301,19.788
145302,19.9588142692887
145303,22.446
145304,21.7681824637973
145305,21.791
145306,21.6598073410694
145307,21.864
145308,21.4276464543759
145309,22.832
145310,23.9703109142332
145311,21.855
145312,21.619
145313,21.96
145314,24.771
145315,21.9397822169347
145316,22.4136857307171
145317,21.731
145318,21.475
145319,21.777
145320,21.825
145321,23.3683451289912
145322,21.6277054930305
145323,21.061
145324,20.836
145325,20.653
145326,21.506
145327,23.259
145328,21.831
145329,20.355
145330,20.138
145331,20.0525071183719
145332,20.4862377820682
145333,22.5607861848928
145334,21.7010569738337
145335,19.5828993073687
145336,19.943
145337,20.1107747419303
145338,20.234
145339,22.2536029959159
145340,20.6748613470179
145341,19.331
145342,19.516
145343,19.769
145344,21.4449985867494
145345,20.052
145346,20.367
145347,19.741
145348,21.518
145349,19.741
145350,19.907
145351,19.274
145352,18.63
145353,19.139
145354,20.030979224446
145355,18.562
145356,18.876
145357,18.5506636818999
145358,17.733
145359,18.368
145360,18.184
145361,17.703
145362,17.733
145363,18.201
145364,17.459
145365,17.429
145366,17.413
145367,17.784
145368,17.3622022982413
145369,18.231
145370,17.3622022982413
145371,17.339
145372,18.6851906834616
145373,18.632
145374,17.3622022982413
145375,18.6027316378407
145376,17.921
145377,18.669
145378,19.8244869257081
145379,19.845
145380,17.812
145381,20.158
145382,19.692
145383,21.8008436771775
145384,21.981
145385,21.3696850954403
145386,19.681095421875
145387,20.066
145388,19.695
145389,21.875
145390,21.986
145391,20.91
145392,19.695
145393,17.816
145394,17.373
145395,19.711
145396,19.711
145397,19.711
145398,17.793
145399,17.4688502138596
145400,18.069
145401,18.9828292323573
145402,19.327
145403,19.333
145404,18.996
145405,17.746
145406,19.343
145407,19.343
145408,19.4865263323875
145409,19.4865263323875
145410,19.4865263323875
145411,17.91
145412,19.657
145413,19.657
145414,19.657
145415,19.657
145416,19.657
145417,18.579
145418,20.3043728975945
145419,20.3043728975945
145420,20.3043728975945
145421,20.3043728975945
145422,20.3043728975945
145423,19.019
145424,21.195
145425,21.195
145426,21.195
145427,21.195
145428,21.195
145429,21.37
145430,21.789
145431,21.789
145432,21.789
145433,21.789
145434,21.789
145435,22.663
145436,22.823
145437,22.823
145438,22.823
145439,22.823
145440,22.823
145441,24.984
145442,24.7955061008156
145443,24.8649408111619
145444,24.8649408111619
145445,24.8649408111619
145446,24.8649408111619
145447,25.7005038855098
145448,22.368
145449,25.681
145450,25.681
145451,25.667
145452,25.5991007768042
145453,25.588
145454,22.345
145455,25.5713036887473
145456,25.5713036887473
145457,25.557
145458,22.294
145459,25.588
145460,22.2665248610042
145461,25.5713036887473
145462,25.5713036887473
145463,25.557
145464,22.251
145465,24.984
145466,21.939
145467,24.8649408111619
145468,22.9499026181679
145469,24.8537027098493
145470,21.903
145471,24.492
145472,21.864
145473,24.383668630497
145474,22.488
145475,24.358
145476,21.872
145477,23.772
145478,21.766
145479,23.614
145480,23.215
145481,23.601
145482,21.738
145483,23.234
145484,21.0818583184015
145485,23.0132866831531
145486,23.005
145487,21.1296004171384
145488,21.0818583184015
145489,22.59
145490,20.333
145491,22.354
145492,22.136
145493,20.321
145494,20.333
145495,22.463
145496,20.2111887471291
145497,22.246
145498,22.2003277905189
145499,21.083
145500,20.2111887471291
145501,21.583
145502,20.133
145503,22.246
145504,22.224
145505,21.141
145506,20.133
145507,20.384
145508,20.133
145509,22.246
145510,22.216
145511,21.335
145512,20.125
145513,20.394
145514,20.133
145515,22.234
145516,22.217
145517,22.042
145518,20.125
145519,20.464
145520,20.166
145521,21.3440339665996
145522,22.246
145523,22.246
145524,20.125
145525,20.495
145526,20.146
145527,19.775
145528,22.256
145529,22.256
145530,20.146
145531,20.394
145532,20.2111887471291
145533,20.2111887471291
145534,22.246
145535,22.246
145536,20.2111887471291
145537,19.321
145538,20.109
145539,18.655
145540,21.195
145541,21.195
145542,20.607
145543,19.9381304400413
145544,19.657
145545,16.874
145546,19.657
145547,19.657
145548,19.657
145549,19.793
145550,19.515
145551,16.7034919152387
145552,19.515
145553,19.515
145554,19.515
145555,19.936
145556,19.657
145557,17.2112296824525
145558,19.657
145559,19.657
145560,19.657
145561,19.8007591503683
145562,19.515
145563,17.525
145564,19.515
145565,19.515
145566,19.515
145567,19.8007591503683
145568,19.515
145569,18.9155046559346
145570,19.515
145571,19.515
145572,19.515
145573,19.936
145574,19.657
145575,19.117
145576,19.657
145577,19.657
145578,19.657
145579,21.465
145580,21.183
145581,20.2476869458019
145582,21.183
145583,21.183
145584,21.183
145585,23.5167509623665
145586,23.218
145587,21.768301717172
145588,23.206
145589,23.206
145590,23.218
145591,24.8562651203263
145592,24.8649408111619
145593,23.1
145594,24.8537027098493
145595,24.8537027098493
145596,24.8649408111619
145597,24.0455362477955
145598,24.8649408111619
145599,22.284
145600,23.5530761124574
145601,21.254
145602,24.8649408111619
145603,21.969
145604,24.104
145605,21.137
145606,20.244
145607,20.49
145608,24.104
145609,21.754
145610,23.404
145611,20.38
145612,19.818
145613,19.921
145614,23.404
145615,20.487
145616,22.823
145617,20.123
145618,19.901
145619,19.744
145620,22.823
145621,20.44
145622,22.292
145623,20.1107747419303
145624,21.094
145625,20.1227615736007
145626,22.292
145627,20.442
145628,22.219
145629,20.084
145630,19.914
145631,19.85
145632,22.219
145633,20.292968388883
145634,22.079
145635,19.9236336879291
145636,22.079
145637,21.688
145638,22.079
145639,20.116
145640,21.986
145641,19.741
145642,21.978
145643,21.9786217673469
145644,21.986
145645,20.5605141733067
145646,21.9022747750081
145647,19.816
145648,21.894
145649,21.0289729923332
145650,21.9022747750081
145651,20.8234911945572
145652,21.74
145653,19.06
145654,21.733023299422
145655,20.626
145656,21.74
145657,20.817
145658,21.627
145659,19.186
145660,21.627
145661,21.627
145662,21.627
145663,20.721
145664,21.627
145665,19.254
145666,21.627
145667,21.627
145668,21.627
145669,19.842
145670,21.627
145671,19.079
145672,21.627
145673,21.293
145674,21.627
145675,19.377
145676,20.911
145677,19.939
145678,20.911
145679,20.863
145680,20.911
145681,18.0821754844771
145682,20.017
145683,17.723
145684,20.017
145685,20.006
145686,20.017
145687,16.801
145688,18.525
145689,16.786345692964
145690,18.503
145691,18.2392165725021
145692,18.525
145693,15.558
145694,18.066
145695,17.5334554922671
145696,17.814
145697,17.837
145698,18.066
145699,15.797
145700,18.066
145701,17.443
145702,17.852
145703,17.609
145704,18.066
145705,17.114
145706,18.055
145707,18.055
145708,17.804
145709,17.599
145710,18.039
145711,17.1209803983442
145712,18.066
145713,18.050474358179
145714,17.519
145715,17.466
145716,18.041
145717,16.834
145718,18.5158405635378
145719,18.5402341878192
145720,18.244
145721,18.0385351481263
145722,18.454
145723,19.493
145724,19.295
145725,19.9831350168659
145726,19.966
145727,19.64
145728,19.458
145729,19.919
145730,20.9060099031184
145731,22.449
145732,22.407
145733,20.5560611017395
145734,21.235
145735,20.063
145736,23.204
145737,23.204
145738,22.648
145739,21.277
145740,23.204
145741,19.908
145742,23.218
145743,21.779
145744,22.6486190245097
145745,19.7293067310969
145746,23.218
145747,19.8325090158708
145748,23.204
145749,21.7787723784204
145750,19.897
145751,19.77
145752,23.204
145753,19.8325090158708
145754,23.204
145755,21.306
145756,19.8667166193696
145757,20.1025453199921
145758,23.204
145759,20.458
145760,22.823
145761,21.389
145762,19.8667166193696
145763,20.1150603846565
145764,22.823
145765,21.309
145766,22.104
145767,21.952
145768,19.542
145769,19.481
145770,22.104
145771,21.968
145772,21.74
145773,21.74
145774,18.93
145775,18.909
145776,21.74
145777,18.475
145778,20.911
145779,18.5310337752395
145780,17.3743062249669
145781,17.6595321954514
145782,20.911
145783,20.8721776656613
145784,20.563
145785,17.739
145786,16.975
145787,17.314
145788,20.563
145789,20.5
145790,20.172
145791,17.738
145792,16.467
145793,16.853
145794,20.172
145795,20.5000997587702
145796,20.1588903687955
145797,17.8531645944009
145798,16.421
145799,16.837
145800,20.1588903687955
145801,20.5000997587702
145802,20.1588903687955
145803,19.562
145804,16.421
145805,16.837
145806,20.1588903687955
145807,18.814
145808,20.753
145809,19.9103987891463
145810,17.1767701240915
145811,17.474
145812,20.753
145813,19.6864260139724
145814,21.627
145815,19.558
145816,19.056
145817,19.014
145818,21.627
145819,19.629
145820,21.627
145821,19.392
145822,19.1711741696249
145823,19.182
145824,21.627
145825,18.1820747438961
145826,20.5564332081672
145827,17.812
145828,17.781
145829,17.2656395874294
145830,20.5564332081672
145831,19.598
145832,19.4865263323875
145833,16.676
145834,16.2587820946296
145835,16.676
145836,19.4865263323875
145837,19.807
145838,19.4865263323875
145839,16.676
145840,16.2587820946296
145841,16.676
145842,19.4865263323875
145843,19.658
145844,19.333
145845,16.484
145846,16.069
145847,17.398
145848,19.333
145849,19.2558635735209
145850,19.044
145851,16.676
145852,18.022
145853,19.4649548156085
145854,18.941
145855,18.708
145856,19.019
145857,16.7
145858,19.492
145859,19.5019364109081
145860,18.879
145861,18.412
145862,18.559
145863,18.115
145864,20.3043728975945
145865,20.3043728975945
145866,20.299
145867,18.869
145868,18.551
145869,20.178
145870,21.6070527633712
145871,21.6070527633712
145872,20.501
145873,21.513
145874,20.142
145875,23.123
145876,23.204
145877,23.204
145878,20.232
145879,24.8562651203263
145880,21.965
145881,24.8649408111619
145882,24.8649408111619
145883,24.8649408111619
145884,21.899
145885,24.984
145886,22.7608923186117
145887,24.8649408111619
145888,24.8649408111619
145889,24.8649408111619
145890,22.121
145891,24.984
145892,21.932823990262
145893,24.8649408111619
145894,24.8649408111619
145895,24.7654756039214
145896,22.308
145897,24.984
145898,21.899
145899,24.8649408111619
145900,24.8537027098493
145901,22.841
145902,21.965
145903,24.492
145904,23.003
145905,24.369
145906,22.7329610942887
145907,22.26
145908,22.2493850821749
145909,23.301
145910,23.082
145911,23.082
145912,21.848
145913,22.299
145914,23.082
145915,22.667
145916,22.131
145917,22.108
145918,22.108
145919,22.2
145920,22.419
145921,20.42
145922,20.254
145923,22.229
145924,22.256
145925,22.24
145926,21.1588499904178
145927,20.487
145928,21.02
145929,22.217
145930,22.246
145931,22.229
145932,21.864
145933,20.4749205322862
145934,21.252
145935,22.226
145936,22.246
145937,22.246
145938,22.24
145939,20.4749205322862
145940,21.366
145941,22.246
145942,22.246
145943,22.246
145944,22.1256000740973
145945,21.0592551085601
145946,22.248
145947,22.256
145948,22.256
145949,22.256
145950,22.255
145951,21.941
145952,23.013
145953,23.0132866831531
145954,23.0132866831531
145955,23.0132866831531
145956,23.0132866831531
145957,23.717
145958,23.6521830903798
145959,23.657065735826
145960,23.657065735826
145961,23.657065735826
145962,23.6475636684308
145963,23.7524711963549
145964,23.6521830903798
145965,23.657065735826
145966,23.657065735826
145967,23.657065735826
145968,23.6475636684308
145969,22.4535956665403
145970,22.186
145971,22.191
145972,22.191
145973,22.191
145974,22.186
145975,20.44
145976,20.124
145977,20.124
145978,20.124
145979,20.124
145980,20.124
145981,19.834
145982,19.5019364109081
145983,19.5019364109081
145984,19.5019364109081
145985,19.5019364109081
145986,19.5019364109081
145987,19.814
145988,19.4865263323875
145989,19.4865263323875
145990,19.4865263323875
145991,19.4865263323875
145992,19.4865263323875
145993,19.789
145994,19.477
145995,19.4865263323875
145996,19.4865263323875
145997,19.4865263323875
145998,19.302
145999,18.978
146000,16.374
146001,18.652
146002,18.652
146003,18.652
146004,17.897
146005,18.3258464718049
146006,14.6143349588875
146007,18.089
146008,18.089
146009,18.089
146010,15.466
146011,19.06
146012,15.6223343832968
146013,18.652
146014,18.652
146015,18.652
146016,15.6223343832968
146017,23.089
146018,18.8465011214741
146019,22.8
146020,22.8
146021,22.8
146022,18.8465011214741
146023,24.3742815052416
146024,21.155
146025,24.0895550641106
146026,24.0895550641106
146027,24.0895550641106
146028,21.148
146029,23.5167509623665
146030,20.254
146031,23.165
146032,23.218
146033,23.218
146034,20.7350642422822
146035,20.377
146036,20.194
146037,20.179
146038,21.754
146039,22.4016479536326
146040,20.108
146041,19.617087185412
146042,19.568
146043,19.027
146044,18.703
146045,19.014
146046,19.027
146047,18.535
146048,18.6418028655988
146049,17.733
146050,17.9
146051,17.671
146052,17.703
146053,17.7645265603726
146054,17.839
146055,16.809
146056,19.826
146057,17.3204407751733
146058,16.821
146059,15.678
146060,15.813
146061,14.8543237625696
146062,18.8151770549653
146063,14.771
146064,15.064
146065,15.69
146066,15.064
146067,15.543
146068,18.8151770549653
146069,18.391
146070,14.771
146071,15.678
146072,15.543
146073,14.771
146074,18.792
146075,18.702
146076,14.771
146077,15.6643132668064
146078,16.53
146079,14.77
146080,18.792
146081,18.792
146082,14.7818570660304
146083,15.678
146084,18.476
146085,14.771
146086,18.792
146087,18.792
146088,16.044
146089,17.5556356422522
146090,19.462
146091,16.61
146092,20.006
146093,19.462
146094,19.2334971864837
146095,17.99
146096,20.287
146097,17.006
146098,20.278
146099,19.533
146100,19.6733467521349
146101,20.067
146102,21.981
146103,19.178
146104,20.393
146105,19.825
146106,21.894
146107,21.111
146108,22.079
146109,19.352
146110,19.599
146111,19.352
146112,22.079
146113,19.285
146114,19.5019364109081
146115,16.7
146116,16.289
146117,16.7
146118,19.5019364109081
146119,17.286
146120,17.789598448231
146121,14.421
146122,13.813
146123,14.421
146124,17.789598448231
146125,17.367
146126,17.654
146127,14.105
146128,13.5006902328479
146129,14.105
146130,17.654
146131,17.654
146132,17.654
146133,14.105
146134,13.5006902328479
146135,14.105
146136,17.654
146137,17.705
146138,17.696
146139,15.68
146140,13.642
146141,16.792
146142,17.696
146143,17.54
146144,17.54
146145,15.886
146146,17.1150591946864
146147,17.54
146148,17.54
146149,17.54
146150,17.54
146151,15.896
146152,16.334
146153,17.54
146154,17.54
146155,17.81
146156,17.789598448231
146157,17.11
146158,17.531
146159,17.789598448231
146160,17.789598448231
146161,22.415345492802
146162,22.125
146163,21.752
146164,22.125
146165,22.125
146166,22.125
146167,24.984
146168,24.8649408111619
146169,24.111
146170,24.8649408111619
146171,24.8649408111619
146172,24.8649408111619
146173,24.984
146174,23.994
146175,22.816
146176,24.851
146177,24.851
146178,24.851
146179,24.3742815052416
146180,24.0895550641106
146181,21.14
146182,24.0895550641106
146183,24.0895550641106
146184,24.0895550641106
146185,22.945
146186,23.218
146187,21.37
146188,23.218
146189,23.218
146190,23.218
146191,21.939
146192,21.3113578593736
146193,21.408
146194,22.823
146195,22.823
146196,21.444
146197,20.203
146198,19.863
146199,21.5108853824908
146200,22.104
146201,22.104
146202,19.986
146203,19.617087185412
146204,19.265
146205,21.5499889855227
146206,21.627
146207,21.627
146208,19.2201796411547
146209,19.697
146210,19.392
146211,20.73
146212,21.627
146213,21.627
146214,19.265
146215,19.697
146216,19.5852715639067
146217,20.057
146218,21.627
146219,21.627
146220,19.392
146221,19.759
146222,21.1416700170698
146223,20.541
146224,21.674
146225,21.74
146226,19.679
146227,20.185
146228,22.060336804915
146229,21.035
146230,21.965
146231,22.0481025283509
146232,21.974
146233,20.384
146234,22.2243999157421
146235,21.207
146236,22.2243999157421
146237,22.2243999157421
146238,22.2243999157421
146239,20.384
146240,22.246
146241,20.2111887471291
146242,22.246
146243,22.02
146244,22.246
146245,20.5910650237169
146246,22.419
146247,20.458
146248,22.419
146249,22.401
146250,22.419
146251,20.5910650237169
146252,22.419
146253,21.777
146254,22.419
146255,22.419
146256,22.419
146257,19.559
146258,21.609
146259,20.577
146260,21.609
146261,21.609
146262,21.609
146263,18.0929302151231
146264,19.515
146265,19.507
146266,19.515
146267,19.515
146268,19.515
146269,19.7641940295568
146270,19.4865263323875
146271,19.4865263323875
146272,19.4865263323875
146273,19.4865263323875
146274,19.4865263323875
146275,18.75
146276,18.525
146277,18.4293030446719
146278,18.525
146279,18.525
146280,18.525
146281,18.108
146282,18.066
146283,18.050474358179
146284,18.066
146285,18.066
146286,18.050474358179
146287,17.81
146288,17.789598448231
146289,17.789598448231
146290,17.789598448231
146291,17.789598448231
146292,17.789598448231
146293,17.56
146294,17.56
146295,17.56
146296,17.56
146297,17.56
146298,17.56
146299,17.705
146300,17.696
146301,17.696
146302,17.696
146303,17.696
146304,17.696
146305,20.931
146306,20.6462356101075
146307,20.6462356101075
146308,20.6462356101075
146309,20.6462356101075
146310,20.6462356101075
146311,23.5057126847163
146312,23.204
146313,23.204
146314,23.204
146315,23.204
146316,23.204
146317,22.047
146318,23.204
146319,23.204
146320,23.204
146321,23.204
146322,23.204
146323,20.079
146324,22.737
146325,22.737
146326,22.737
146327,22.737
146328,22.737
146329,18.5781609335807
146330,19.935
146331,20.8158706421984
146332,21.2035766401542
146333,21.2035766401542
146334,19.856
146335,18.495
146336,19.582
146337,20.9508346089283
146338,20.9508346089283
146339,20.9508346089283
146340,19.082
146341,17.869
146342,19.658
146343,20.287
146344,20.287
146345,20.287
146346,18.053
146347,17.721
146348,19.309
146349,20.1588903687955
146350,20.1588903687955
146351,20.1588903687955
146352,18.955
146353,15.678
146354,18.493
146355,18.8151770549653
146356,18.8151770549653
146357,18.575
146358,16.78
146359,15.6643132668064
146360,18.5419248408681
146361,18.792
146362,18.792
146363,18.438
146364,16.582
146365,15.607
146366,18.194
146367,18.601
146368,18.601
146369,17.101
146370,15.506
146371,15.5896401279213
146372,18.175
146373,18.601
146374,18.583
146375,17.641
146376,16.5899879698887
146377,15.5896401279213
146378,18.175
146379,18.593
146380,18.5230876432066
146381,18.088
146382,17.007
146383,15.607
146384,17.302
146385,16.3121362519695
146386,18.583
146387,17.93
146388,16.6570007026918
146389,15.646
146390,17.993
146391,16.929
146392,18.6984997470442
146393,18.242
146394,18.3901334219296
146395,15.5896401279213
146396,17.159
146397,17.7
146398,18.231
146399,18.315
146400,18.175
146401,14.5745422861827
146402,17.689
146403,17.025103260789
146404,18.165
146405,17.7372004381838
146406,17.709
146407,12.833
146408,15.3910532514075
146409,14.742
146410,16.0976844598908
146411,15.561
146412,14.3497096847129
146413,11.622
146414,12.702
146415,14.827
146416,15.643
146417,12.218
146418,10.446
146419,11.622
146420,10.446
146421,13.706
146422,15.794
146423,11.983
146424,10.446
146425,11.622
146426,10.446
146427,13.7779398464364
146428,15.5106514803016
146429,11.0043295327592
146430,10.8856636594558
146431,11.622
146432,11.983
146433,10.446
146434,14.524
146435,10.971
146436,10.446
146437,11.622
146438,10.446
146439,13.555
146440,13.926
146441,11.042405421291
146442,10.446
146443,11.7780813399722
146444,10.626
146445,12.0579546486885
146446,14.218
146447,11.43
146448,10.626
146449,12.068
146450,10.9451522077787
146451,10.9578753710207
146452,12.922
146453,12.807
146454,10.9451522077787
146455,14.287
146456,13.313
146457,17.005200991595
146458,16.103
146459,14.233
146460,13.313
146461,14.586
146462,13.6233052837288
146463,17.229
146464,17.075
146465,14.509
146466,13.6233052837288
146467,13.715
146468,12.7707889537577
146469,16.84
146470,16.7167664858836
146471,12.7707889537577
146472,12.7707889537577
146473,13.286
146474,12.313
146475,14.4493846991555
146476,16.596
146477,12.313
146478,12.313
146479,12.9877130912129
146480,11.9839633781919
146481,12.2394399565768
146482,16.103
146483,11.9839633781919
146484,11.9839633781919
146485,12.068
146486,10.9451522077787
146487,13.6628483891017
146488,14.0319642420711
146489,13.683
146490,10.9451522077787
146491,11.8155755109777
146492,10.6601232824134
146493,15.5209409863503
146494,15.374
146495,12.705
146496,10.6601232824134
146497,11.8155755109777
146498,10.6601232824134
146499,12.799
146500,12.944
146501,10.958
146502,10.6601232824134
146503,11.8155755109777
146504,10.6601232824134
146505,16.661
146506,12.803
146507,11.954
146508,10.6601232824134
146509,11.8155755109777
146510,10.6601232824134
146511,16.338
146512,13.624
146513,13.089
146514,10.6601232824134
146515,11.8155755109777
146516,10.6601232824134
146517,16.276
146518,15.374
146519,12.37
146520,10.6601232824134
146521,11.8155755109777
146522,10.6601232824134
146523,16.58
146524,15.374
146525,12.493
146526,10.6601232824134
146527,11.8372357962929
146528,10.68
146529,16.675
146530,14.6128769147936
146531,11.5436868440592
146532,10.68
146533,12.068
146534,10.9451522077787
146535,16.4775558517535
146536,14.074
146537,10.9389906826236
146538,10.9451522077787
146539,13.571
146540,12.616
146541,17.4450693906998
146542,14.21
146543,13.15
146544,12.616
146545,13.783
146546,12.566
146547,17.391
146548,13.721
146549,12.566
146550,12.566
146551,13.5041724182854
146552,11.769
146553,16.747
146554,11.034
146555,11.769
146556,11.769
146557,13.8771642543882
146558,14.296
146559,14.313
146560,11.034
146561,11.769
146562,11.769
146563,15.581
146564,15.597
146565,13.392
146566,11.375
146567,12.0899600507418
146568,15.015
146569,17.418
146570,15.997
146571,13.159
146572,11.912
146573,13.228
146574,16.072
146575,17.521
146576,13.662
146577,13.662
146578,13.6688857876276
146579,15.873
146580,15.873
146581,18.157
146582,13.915
146583,14.6379805631725
146584,14.757
146585,16.001
146586,13.915
146587,18.157
146588,13.915
146589,17.001
146590,15.447
146591,16.843
146592,13.915
146593,19.232
146594,14.5971988958377
146595,17.997
146596,17.0577050492307
146597,18.576
146598,14.5971988958377
146599,19.874
146600,15.749
146601,19.234
146602,18.9006711444785
146603,19.393
146604,15.749
146605,19.76
146606,15.574
146607,19.134
146608,18.859
146609,19.278
146610,15.574
146611,19.419
146612,14.717
146613,16.6202003108961
146614,18.297
146615,18.792
146616,14.717
146617,19
146618,14.651
146619,17.087
146620,17.138
146621,17.822
146622,14.651
146623,15.52
146624,14.575
146625,14.575
146626,18.0235763663976
146627,16.965
146628,14.575
146629,15.3643338396705
146630,14.447
146631,15.287721724602
146632,18.299
146633,17.9773531946915
146634,14.447
146635,15.3491929555621
146636,14.43
146637,15.162
146638,18.358
146639,17.659
146640,14.43
146641,15.19
146642,14.267754441184
146643,18.072
146644,18.25
146645,17.919
146646,14.267754441184
146647,14.999
146648,14.0789430396217
146649,18.282
146650,18.219
146651,17.799
146652,14.0789430396217
146653,15.3180786567387
146654,14.406
146655,14.406
146656,18.427
146657,18.4153993273245
146658,14.406
146659,15.4896928105872
146660,15.985
146661,14.575
146662,18.5211298429665
146663,18.5211298429665
146664,14.651
146665,15.607
146666,17.667
146667,14.67
146668,18.601
146669,18.601
146670,14.738
146671,15.69
146672,18.013
146673,14.771
146674,18.792
146675,18.792
146676,15.625
146677,17.707
146678,19.564
146679,16.809
146680,20.144
146681,20.1287966402342
146682,19.298
146683,18.166
146684,20.04
146685,16.837
146686,20.1588903687955
146687,19.76
146688,19.4474708156338
146689,19.863
146690,20.02
146691,16.809
146692,16.394
146693,16.809
146694,17.891
146695,19.6273147536153
146696,18.989
146697,16.484
146698,16.069
146699,16.484
146700,17.576
146701,20.126
146702,19.359
146703,16.7
146704,16.289
146705,17.0928471459661
146706,19.191
146707,19.857
146708,19.278
146709,16.7
146710,18.0946096363903
146711,19.01
146712,19.559
146713,19.871
146714,19.582
146715,16.7034919152387
146716,18.793
146717,19.331
146718,19.582
146719,20.752
146720,20.453
146721,17.352
146722,17.499
146723,19.549
146724,20.453
146725,21.058
146726,20.759
146727,17.525
146728,18.4982576901856
146729,19.542
146730,20.759
146731,22.285
146732,21.987
146733,18.598
146734,20.242
146735,20.025
146736,21.987
146737,23.5057126847163
146738,23.204
146739,19.7557523499182
146740,19.968
146741,21.7787723784204
146742,23.204
146743,23.677
146744,23.404
146745,20.0173058819824
146746,20.211
146747,21.6998605041663
146748,23.404
146749,24.541
146750,24.288
146751,20.915
146752,22.587
146753,24.191
146754,24.288
146755,24.849
146756,24.7465355697469
146757,21.233
146758,23.6656159140605
146759,24.7465355697469
146760,24.7465355697469
146761,24.1720142921249
146762,24.7465355697469
146763,21.126
146764,24.6761150164859
146765,24.7465355697469
146766,24.7465355697469
146767,23.8190670114006
146768,24.27
146769,21.3251338155218
146770,24.27
146771,24.27
146772,24.27
146773,23.756
146774,23.614
146775,21.6717266398064
146776,23.578
146777,23.614
146778,23.614
