"id","target"
133627,88.9319915771484
133629,58.0968437194824
133630,53.1489906311035
133631,49.7465438842773
133633,49.7981796264648
133634,65.036003112793
133635,58.1603126525879
133637,60.9460678100586
133638,55.6328277587891
133639,51.8737106323242
133641,50.1987419128418
133642,63.193187713623
133643,94.2517623901367
133645,64.4275131225586
133646,60.1093635559082
133647,54.7678756713867
133649,52.3668594360352
133650,60.7552299499512
133651,90.7190093994141
133653,64.1042251586914
133654,58.930534362793
133655,57.5470695495605
133657,54.4199028015137
133658,64.815544128418
133659,92.0384979248047
133661,65.2810974121094
133662,58.9125823974609
133663,58.4500999450684
133665,58.7924270629883
133666,65.1790008544922
133667,93.3206024169922
133669,65.2240676879883
133670,60.2122573852539
133671,58.3656883239746
133673,59.0425415039062
133674,65.2240676879883
133675,90.8578186035156
133677,65.3261566162109
133678,59.3730697631836
133679,58.3656883239746
133681,58.6064224243164
133682,63.6243896484375
133683,101.757049560547
133685,75.8496551513672
133686,67.965705871582
133687,71.1008758544922
133689,68.9853591918945
133690,75.0041198730469
133691,86.3002853393555
133693,73.8337631225586
133694,65.5801239013672
133695,68.3157043457031
133697,68.4760360717773
133698,72.6195297241211
133699,78.6321411132812
133701,68.0576477050781
133702,59.726490020752
133703,62.340950012207
133705,59.2441825866699
133706,65.3240585327148
133707,72.5013656616211
133709,63.6958808898926
133710,63.2442665100098
133711,61.1860237121582
133713,58.5668411254883
133714,63.6958808898926
133715,76.2460708618164
133717,66.1474456787109
133718,60.5599899291992
133719,51.1740493774414
133721,60.5335388183594
133722,63.9158821105957
133723,78.8683319091797
133725,67.1269302368164
133726,66.5300064086914
133727,67.5314331054688
133729,63.336986541748
133730,66.5807189941406
133731,72.5889663696289
133733,64.3854827880859
133734,63.4026107788086
133735,77.8922271728516
133737,66.6830825805664
133738,63.2151184082031
133739,66.403190612793
133741,64.4572067260742
133742,61.6113624572754
133743,80.3304214477539
133745,62.8789253234863
133746,63.3487968444824
133747,69.7252883911133
133749,64.8786087036133
133750,66.2667465209961
133751,62.4171676635742
133753,64.2267761230469
133754,61.6911582946777
133755,76.5937042236328
133757,82.7430877685547
133758,76.8530807495117
133759,74.5293884277344
133761,75.9832763671875
133762,78.7811431884766
133763,91.2467193603516
133765,83.8794784545898
133766,81.8512725830078
133767,78.0938720703125
133769,73.8373565673828
133770,80.1317138671875
133771,78.7209396362305
133773,83.3567428588867
133774,89.73583984375
133775,86.0669631958008
133777,75.3743209838867
133778,83.9065170288086
133779,177.840454101562
133781,162.631256103516
133782,165.479782104492
133783,161.760116577148
133785,147.791015625
133786,154.912338256836
133787,213.172729492188
133789,181.684829711914
133790,189.433349609375
133791,168.206787109375
133793,174.265045166016
133794,179.273132324219
133795,75.8084716796875
133797,57.3416938781738
133798,70.9193878173828
133799,56.5640029907227
133801,63.1915893554688
133802,57.0369682312012
133803,61.3638610839844
133805,51.2962417602539
133806,55.8806953430176
133807,52.2001457214355
133809,55.8847541809082
133810,51.1794776916504
133811,61.308521270752
133813,51.4544410705566
133814,53.4526252746582
133815,56.2936668395996
133817,54.3496932983398
133818,51.4475975036621
133819,49.7269515991211
133820,34.6269149780273
133821,37.0748405456543
133822,35.4158897399902
133823,36.97314453125
133824,33.5682830810547
133825,43.6571960449219
133826,31.5176277160645
133827,31.7075958251953
133828,32.2320785522461
133829,30.4928741455078
133830,29.9967136383057
133831,43.5944747924805
133832,31.3828868865967
133833,32.1761665344238
133834,32.2960929870605
133835,31.3828868865967
133836,30.3823108673096
133837,48.5061721801758
133838,32.247184753418
133839,32.1658592224121
133840,32.2857856750488
133841,32.1640014648438
133842,31.5730686187744
133843,60.0925674438477
133844,32.2949600219727
133845,32.1904754638672
133846,32.2857856750488
133847,32.2857856750488
133848,32.2857856750488
133849,60.0925674438477
133850,32.2949600219727
133851,32.1904754638672
133852,32.2857856750488
133853,32.2857856750488
133854,32.2857856750488
133855,61.4305191040039
133856,35.7731246948242
133857,35.6550521850586
133858,35.7731246948242
133859,35.7639503479004
133860,35.8120002746582
133861,62.2915802001953
133862,36.6684226989746
133863,35.6617164611816
133864,36.6539688110352
133865,36.7920761108398
133866,36.6592483520508
133867,43.7166862487793
133868,28.6141128540039
133869,27.7993927001953
133870,28.623291015625
133871,28.7296295166016
133872,28.6141128540039
133873,41.4502410888672
133874,25.7154064178467
133875,25.6748180389404
133876,25.8152294158936
133877,25.9426441192627
133878,25.7154064178467
133879,40.034366607666
133880,24.7836284637451
133881,24.7031993865967
133882,25.2152004241943
133883,25.286828994751
133884,24.7873382568359
133885,40.2855339050293
133886,26.0500984191895
133887,25.3401565551758
133888,26.9524402618408
133889,26.619945526123
133890,26.1272354125977
133891,40.7729301452637
133892,27.3169918060303
133893,25.2099075317383
133894,27.6032791137695
133895,27.4934711456299
133896,27.24609375
133897,41.8351860046387
133898,28.8360004425049
133899,26.1182136535645
133900,28.9423770904541
133901,29.1045989990234
133902,28.8360004425049
133903,43.3712730407715
133904,31.1047172546387
133905,28.8202838897705
133906,31.0005664825439
133907,31.062967300415
133908,31.0566368103027
133909,43.9516105651855
133910,31.1176452636719
133911,29.8075008392334
133912,31.0477409362793
133913,31.1019077301025
133914,30.9693355560303
133915,50.4020538330078
133916,41.6216850280762
133917,38.7010116577148
133918,41.7267608642578
133919,41.9740867614746
133920,41.6968650817871
133921,58.2537002563477
133922,41.4582138061523
133923,34.481990814209
133924,43.3757400512695
133925,43.5020446777344
133926,43.1748580932617
133927,62.1705703735352
133928,38.3175888061523
133929,36.8890647888184
133930,46.7181091308594
133931,46.8628196716309
133932,44.7496681213379
133933,239.034149169922
133934,187.968704223633
133935,179.272384643555
133936,176.570465087891
133937,179.21696472168
133938,180.027618408203
133939,219.466751098633
133940,170.281265258789
133941,168.541885375977
133942,173.876647949219
133943,174.583984375
133944,174.938079833984
133945,64.2539672851562
133946,36.2962532043457
133947,33.7712364196777
133948,38.9239273071289
133949,38.9090728759766
133950,34.3207588195801
133951,42.3141899108887
133952,33.9780960083008
133953,31.6755714416504
133954,37.1458206176758
133955,37.116886138916
133956,32.3910713195801
133957,40.6904945373535
133958,30.7467842102051
133959,29.6249103546143
133960,32.460578918457
133961,35.1476554870605
133962,29.9980030059814
133963,40.1724166870117
133964,30.2759246826172
133965,32.0619659423828
133966,28.7701549530029
133967,32.975643157959
133968,32.9722328186035
133969,37.0162582397461
133970,29.4518260955811
133971,30.4439239501953
133972,28.2527179718018
133973,28.2023849487305
133974,29.0621089935303
133975,39.7076606750488
133976,31.5472240447998
133977,29.2695770263672
133978,32.2065124511719
133979,31.372579574585
133980,30.1166610717773
133981,40.2592239379883
133982,32.1731758117676
133983,30.464319229126
133984,32.2857856750488
133985,31.3400650024414
133986,31.5797309875488
133987,42.1167373657227
133988,32.4809494018555
133989,31.4774055480957
133990,32.2857856750488
133991,31.6692409515381
133992,32.3591651916504
133993,44.2324562072754
133994,33.3999786376953
133995,32.3579597473145
133996,33.3908042907715
133997,32.6895179748535
133998,33.5859680175781
133999,53.3421516418457
134000,35.959114074707
134001,34.5668754577637
134002,35.7639503479004
134003,34.8217506408691
134004,35.997989654541
134005,57.6784744262695
134006,39.1555404663086
134007,38.3537673950195
134008,38.9070472717285
134009,38.6795310974121
134010,39.1555404663086
134011,38.5921859741211
134012,27.9930095672607
134013,27.9070358276367
134014,27.9649028778076
134015,28.0739078521729
134016,27.9930095672607
134017,41.4214172363281
134018,24.5713043212891
134019,24.554838180542
134020,24.6656589508057
134021,24.755989074707
134022,24.5713043212891
134023,39.8110504150391
134024,24.8006801605225
134025,24.8896427154541
134026,24.9868183135986
134027,25.1708374023438
134028,24.8006801605225
134029,40.5082817077637
134030,26.4342041015625
134031,26.8079662322998
134032,27.2687282562256
134033,27.4030361175537
134034,26.4342041015625
134035,41.6012496948242
134036,28.01096534729
134037,28.6609897613525
134038,44.8136024475098
134039,29.4568996429443
134040,28.01096534729
134041,43.4718322753906
134042,31.0194721221924
134043,31.592342376709
134044,33.8498916625977
134045,45.5005760192871
134046,30.8957366943359
134047,43.9941368103027
134048,31.4779167175293
134049,32.0847816467285
134050,32.8891334533691
134051,32.4761924743652
134052,31.4648189544678
134053,44.722110748291
134054,31.5869846343994
134055,33.2424812316895
134056,38.2045478820801
134057,43.142635345459
134058,31.5869846343994
134059,53.5819320678711
134060,42.6250839233398
134061,43.3422927856445
134062,52.5732460021973
134063,35.4316749572754
134064,43.2273292541504
134065,60.3068313598633
134066,46.5275039672852
134067,47.6714782714844
134068,47.7668380737305
134069,47.1945114135742
134070,46.7695770263672
134071,61.7858505249023
134072,49.5388145446777
134073,50.0125503540039
134074,50.9002380371094
134075,39.8929977416992
134076,49.3214340209961
134077,1459.70568847656
134078,1403.67907714844
134079,1423.29467773438
134080,1424.32641601562
134081,1317.59985351562
134082,1401.90734863281
134083,257.547943115234
134084,240.345092773438
134085,237.122100830078
134086,237.872543334961
134087,235.824645996094
134088,244.481735229492
134089,44.4625282287598
134090,33.1703491210938
134091,33.3944358825684
134092,36.0857887268066
134093,38.8981132507324
134094,34.5256271362305
134095,38.047191619873
134096,26.8825759887695
134097,28.54368019104
134098,28.4658260345459
134099,28.9691066741943
134100,26.5396881103516
134101,35.0997352600098
134102,24.7044906616211
134103,28.8426074981689
134104,26.4342746734619
134105,25.5577945709229
134106,24.6892700195312
134107,35.2818794250488
134108,21.6969089508057
134109,22.8250274658203
134110,24.4737701416016
134111,24.032772064209
134112,21.4013633728027
134113,34.3291931152344
134114,20.6219215393066
134115,23.9858570098877
134116,25.0522155761719
134117,21.580659866333
134118,19.5945873260498
134119,34.1106262207031
134120,19.5657539367676
134121,25.1670303344727
134122,25.5091209411621
134123,23.2243614196777
134124,19.4508304595947
134125,33.2475128173828
134126,18.9821949005127
134127,25.1085205078125
134128,25.6352062225342
134129,23.7166862487793
134130,19.1165790557861
134131,34.8846130371094
134132,19.2742710113525
134133,25.313289642334
134134,26.763952255249
134135,26.1429061889648
134136,21.7740383148193
134137,36.1301574707031
134138,20.6981925964355
134139,25.9492683410645
134140,27.4124813079834
134141,27.3271083831787
134142,22.1103439331055
134143,36.3470001220703
134144,20.8736190795898
134145,26.1257152557373
134146,27.8963470458984
134147,27.9006977081299
134148,24.1102161407471
134149,37.8855819702148
134150,23.772705078125
134151,29.0292892456055
134152,30.4215621948242
134153,30.2460956573486
134154,28.1148166656494
134155,24.2587394714355
134156,18.0946159362793
134157,21.9566326141357
134158,22.2366390228271
134159,22.1827831268311
134160,17.7962512969971
134161,23.5390338897705
134162,17.2595520019531
134163,22.1120300292969
134164,22.2298107147217
134165,22.2632122039795
134166,18.3539009094238
134167,27.784236907959
134168,17.7396011352539
134169,22.3481826782227
134170,22.9089107513428
134171,22.9287052154541
134172,16.5190525054932
134173,31.0499248504639
134174,21.9259357452393
134175,23.3488616943359
134176,23.7938919067383
134177,23.8265609741211
134178,16.8597393035889
134179,38.9044609069824
134180,27.5205097198486
134181,27.4993515014648
134182,28.2414722442627
134183,27.984094619751
134184,24.1500282287598
134185,43.6082916259766
134186,34.7748336791992
134187,31.9395523071289
134188,40.2746124267578
134189,34.4821929931641
134190,30.8436546325684
134191,45.5709228515625
134192,49.3278160095215
134193,37.0491256713867
134194,54.1919975280762
134195,38.7440719604492
134196,46.012264251709
134197,48.4872550964355
134198,88.1483535766602
134199,43.9161643981934
134200,44.7068214416504
134201,43.7146606445312
134202,54.6684532165527
134203,54.5361595153809
134204,100.975967407227
134205,65.4013824462891
134206,65.8069076538086
134207,66.8987655639648
134208,104.441284179688
134209,47.8187980651855
134210,112.013549804688
134211,56.7450866699219
134212,58.9460487365723
134213,58.2281875610352
134214,102.326759338379
134215,64.5219879150391
134216,89.8015213012695
134217,56.4698143005371
134218,59.6938323974609
134219,58.1377258300781
134220,93.8882522583008
134221,110.58837890625
134222,130.115417480469
134223,103.221267700195
134224,106.849029541016
134225,112.577903747559
134226,137.354843139648
134227,51.3527297973633
134228,45.9327354431152
134229,31.9353294372559
134230,52.6870346069336
134231,47.3415756225586
134232,47.4813537597656
134233,33.4164428710938
134234,31.1155796051025
134235,25.3444995880127
134236,22.6836681365967
134237,34.1508407592773
134238,30.0444297790527
134239,30.3846549987793
134240,26.3605842590332
134241,23.0273494720459
134242,22.1253795623779
134243,22.4569702148438
134244,26.4202899932861
134245,28.8896675109863
134246,21.6765213012695
134247,20.3116645812988
134248,17.8550968170166
134249,19.4374961853027
134250,20.8914985656738
134251,30.4146099090576
134252,20.5902061462402
134253,20.6328048706055
134254,17.5533008575439
134255,18.7812194824219
134256,20.6370811462402
134257,28.7168998718262
134258,17.4354629516602
134259,18.9044818878174
134260,17.5246963500977
134261,16.594295501709
134262,17.5824775695801
134263,23.9447593688965
134264,13.6641817092896
134265,16.7835369110107
134266,19.1840591430664
134267,14.9622898101807
134268,13.8134365081787
134269,23.9413166046143
134270,13.9986896514893
134271,18.9551296234131
134272,21.4510498046875
134273,18.6308193206787
134274,13.995475769043
134275,24.283504486084
134276,14.292387008667
134277,17.6565608978271
134278,22.3942623138428
134279,20.1972522735596
134280,14.1765270233154
134281,27.7937793731689
134282,17.7514381408691
134283,21.9730167388916
134284,24.6133403778076
134285,22.1609401702881
134286,17.3481845855713
134287,30.43528175354
134288,20.6735877990723
134289,23.8146820068359
134290,25.5751190185547
134291,23.3803615570068
134292,20.6228542327881
134293,32.9972763061523
134294,22.9121494293213
134295,26.2391109466553
134296,27.5192432403564
134297,26.0869007110596
134298,24.3735008239746
134299,29.8520984649658
134300,17.7766284942627
134301,23.5861282348633
134302,23.6126594543457
134303,22.0528869628906
134304,18.9915733337402
134305,32.6035575866699
134306,17.7553806304932
134307,21.8298530578613
134308,25.6968421936035
134309,24.232349395752
134310,18.0203418731689
134311,26.7433757781982
134312,18.7199478149414
134313,22.36448097229
134314,26.8742942810059
134315,25.8397808074951
134316,18.8558502197266
134317,25.2815551757812
134318,20.1617221832275
134319,25.1704692840576
134320,28.4988956451416
134321,27.9936008453369
134322,20.2562465667725
134323,43.6456604003906
134324,23.8139152526855
134325,27.8731937408447
134326,30.6606616973877
134327,29.7910118103027
134328,23.2959175109863
134329,47.808708190918
134330,27.743091583252
134331,33.4833679199219
134332,35.4081611633301
134333,33.877799987793
134334,28.6545009613037
134335,48.7014694213867
134336,33.3704833984375
134337,36.4226417541504
134338,48.1927490234375
134339,37.6872863769531
134340,30.1476879119873
134341,61.293586730957
134342,40.4499435424805
134343,52.765869140625
134344,62.4598731994629
134345,58.8272094726562
134346,47.0111351013184
134347,70.2454376220703
134348,43.0500602722168
134349,65.9822311401367
134350,72.6777801513672
134351,75.3963088989258
134352,43.5625228881836
134353,65.4601821899414
134354,34.5719223022461
134355,48.7010765075684
134356,69.6939086914062
134357,61.6024627685547
134358,35.0269393920898
134359,86.6208419799805
134360,49.9224891662598
134361,53.1257781982422
134362,92.6413955688477
134363,73.4518661499023
134364,50.6637496948242
134365,339.880432128906
134366,210.324249267578
134367,264.140533447266
134368,275.050476074219
134369,278.654663085938
134370,272.493286132812
134371,66.3295669555664
134372,58.8649368286133
134373,50.040225982666
134374,50.9775848388672
134375,67.4060516357422
134376,58.1427574157715
134377,65.7174606323242
134378,31.2707653045654
134379,29.171802520752
134380,27.4281005859375
134381,29.3793830871582
134382,28.9134693145752
134383,37.221866607666
134384,26.6486625671387
134385,27.2619075775146
134386,24.5573501586914
134387,26.5136699676514
134388,26.0079441070557
134389,45.8741073608398
134390,26.3731117248535
134391,27.8542308807373
134392,23.9415435791016
134393,25.4592971801758
134394,28.7170600891113
134395,295.252807617188
134396,293.695922851562
134397,293.695922851562
134398,293.177642822266
134399,299.387359619141
134400,293.695922851562
134401,289.633880615234
134402,288.089294433594
134403,288.089294433594
134404,287.571044921875
134405,293.903900146484
134406,288.089294433594
134407,287.653564453125
134408,286.109008789062
134409,286.109008789062
134410,285.590759277344
134411,291.923614501953
134412,286.109008789062
134413,286.227905273438
134414,284.620574951172
134415,284.620574951172
134416,284.102294921875
134417,290.435211181641
134418,284.620574951172
134419,285.372924804688
134420,283.765563964844
134421,283.765563964844
134422,283.247283935547
134423,289.580230712891
134424,283.765563964844
134425,285.4609375
134426,283.853576660156
134427,283.853576660156
134428,283.335296630859
134429,289.580230712891
134430,283.853576660156
134431,284.879425048828
134432,283.272033691406
134433,283.272033691406
134434,282.753753662109
134435,289.109588623047
134436,283.272033691406
134437,312.234741210938
134438,310.835174560547
134439,310.835174560547
134440,310.316925048828
134441,315.559265136719
134442,310.835174560547
134443,308.794555664062
134444,308.375518798828
134445,308.375518798828
134446,307.857238769531
134447,313.154083251953
134448,308.375518798828
134449,303.186065673828
134450,303.350067138672
134451,303.350067138672
134452,302.864837646484
134453,308.804901123047
134454,303.350067138672
134455,294.285766601562
134456,294.476470947266
134457,294.476470947266
134458,293.9912109375
134459,300.494323730469
134460,294.476470947266
134461,292.104949951172
134462,292.295654296875
134463,292.295654296875
134464,291.810424804688
134465,298.670166015625
134466,292.295654296875
134467,287.198760986328
134468,287.389434814453
134469,287.389434814453
134470,286.904235839844
134471,293.763977050781
134472,287.389434814453
134473,277.179321289062
134474,277.369964599609
134475,277.369964599609
134476,276.884735107422
134477,283.831970214844
134478,277.369964599609
134479,274.273895263672
134480,274.132720947266
134481,274.132720947266
134482,273.700927734375
134483,280.594604492188
134484,274.132720947266
134485,270.804321289062
134486,270.663177490234
134487,270.663177490234
134488,270.231353759766
134489,277.125
134490,270.663177490234
134491,291.608764648438
134492,291.539367675781
134493,291.539367675781
134494,291.107513427734
134495,298.001251220703
134496,291.539367675781
134497,296.471466064453
134498,296.195831298828
134499,296.195831298828
134500,295.764007568359
134501,302.171783447266
134502,296.195831298828
134503,306.805145263672
134504,306.458831787109
134505,306.458831787109
134506,306.056488037109
134507,310.30419921875
134508,306.458831787109
134509,320.426116943359
134510,319.264923095703
134511,319.264923095703
134512,318.840057373047
134513,322.768798828125
134514,319.264923095703
134515,319.097503662109
134516,317.845153808594
134517,317.845153808594
134518,317.393920898438
134519,321.236450195312
134520,317.845153808594
134521,279.009185791016
134522,277.467559814453
134523,277.467559814453
134524,277.016296386719
134525,282.695465087891
134526,277.467559814453
134527,282.842224121094
134528,281.194000244141
134529,281.194000244141
134530,280.729125976562
134531,286.908477783203
134532,281.194000244141
134533,284.284454345703
134534,282.604156494141
134535,282.604156494141
134536,282.139282226562
134537,288.431182861328
134538,282.604156494141
134539,54.6363067626953
134540,32.5334358215332
134541,32.293529510498
134542,29.5058879852295
134543,27.4916706085205
134544,32.5334358215332
134545,59.6784362792969
134546,32.5334358215332
134547,32.3566207885742
134548,27.8667545318604
134549,28.3907947540283
134550,32.5334358215332
134551,61.3344802856445
134552,32.5231285095215
134553,32.3463134765625
134554,30.6060352325439
134555,31.4721870422363
134556,32.5231285095215
134557,63.8228759765625
134558,32.487060546875
134559,32.3818321228027
134560,31.4497318267822
134561,32.3010711669922
134562,32.4484596252441
134563,64.3958740234375
134564,31.3466987609863
134565,28.4547004699707
134566,31.2278327941895
134567,31.3177719116211
134568,31.3466987609863
134569,62.4914817810059
134570,30.5334568023682
134571,28.3673896789551
134572,30.4524173736572
134573,30.4953460693359
134574,30.5334568023682
134575,63.0032577514648
134576,31.3558769226074
134577,30.5721111297607
134578,31.2278327941895
134579,31.1478309631348
134580,31.3558769226074
134581,62.3315353393555
134582,33.5401954650879
134583,32.4019546508789
134584,33.4078788757324
134585,33.2774505615234
134586,33.5401954650879
134587,304.750549316406
134588,305.492919921875
134589,305.492919921875
134590,304.910461425781
134591,311.056274414062
134592,305.492919921875
134593,284.623992919922
134594,284.446105957031
134595,284.446105957031
134596,283.776550292969
134597,290.938751220703
134598,284.446105957031
134599,271.803344726562
134600,271.557006835938
134601,271.557006835938
134602,270.887481689453
134603,278.049560546875
134604,271.557006835938
134605,271.839172363281
134606,271.648956298828
134607,271.648956298828
134608,270.979431152344
134609,278.141510009766
134610,271.648956298828
134611,278.625
134612,279.324829101562
134613,279.324829101562
134614,278.702972412109
134615,285.817626953125
134616,279.324829101562
134617,280.555816650391
134618,281.352905273438
134619,281.352905273438
134620,280.754577636719
134621,287.836242675781
134622,281.352905273438
134623,279.583343505859
134624,280.461212158203
134625,280.461212158203
134626,279.956756591797
134627,286.944610595703
134628,280.461212158203
134629,277.786865234375
134630,277.9775390625
134631,277.9775390625
134632,277.492309570312
134633,284.448577880859
134634,277.9775390625
134635,287.191497802734
134636,287.453918457031
134637,287.453918457031
134638,286.968688964844
134639,294.01220703125
134640,287.453918457031
134641,294.172973632812
134642,294.246185302734
134643,294.246185302734
134644,293.760955810547
134645,300.804412841797
134646,294.246185302734
134647,310.122802734375
134648,309.820434570312
134649,309.820434570312
134650,309.358917236328
134651,315.371612548828
134652,309.820434570312
134653,317.465576171875
134654,316.304382324219
134655,316.304382324219
134656,315.853149414062
134657,319.789825439453
134658,316.304382324219
134659,316.647277832031
134660,315.39501953125
134661,315.39501953125
134662,314.943756103516
134663,318.769592285156
134664,315.39501953125
134665,281.362121582031
134666,279.627746582031
134667,279.627746582031
134668,279.162902832031
134669,285.442565917969
134670,279.627746582031
134671,282.903717041016
134672,281.359039306641
134673,281.359039306641
134674,280.840728759766
134675,287.173828125
134676,281.359039306641
134677,285.758636474609
134678,284.214019775391
134679,284.214019775391
134680,283.695739746094
134681,290.028717041016
134682,284.214019775391
134683,291.043762207031
134684,289.922637939453
134685,289.922637939453
134686,289.385131835938
134687,295.737243652344
134688,289.922637939453
134689,289.603363037109
134690,288.363647460938
134691,288.363647460938
134692,287.732330322266
134693,294.178253173828
134694,288.363647460938
134695,288.016815185547
134696,286.469848632812
134697,286.469848632812
134698,285.815002441406
134699,292.284454345703
134700,286.469848632812
134701,286.454071044922
134702,284.844329833984
134703,284.844329833984
134704,284.189422607422
134705,290.755340576172
134706,284.844329833984
134707,286.332885742188
134708,284.72314453125
134709,284.72314453125
134710,284.068237304688
134711,290.634155273438
134712,284.72314453125
134713,286.791259765625
134714,285.568511962891
134715,285.568511962891
134716,284.937194824219
134717,291.479431152344
134718,285.568511962891
134719,287.149841308594
134720,285.966003417969
134721,285.966003417969
134722,285.428466796875
134723,291.876892089844
134724,285.966003417969
134725,314.791015625
134726,313.93994140625
134727,313.93994140625
134728,313.402404785156
134729,318.536865234375
134730,313.93994140625
134731,295.986267089844
134732,295.713165283203
134733,295.713165283203
134734,295.043640136719
134735,301.173522949219
134736,295.713165283203
134737,263.420379638672
134738,262.700012207031
134739,262.700012207031
134740,261.994567871094
134741,269.079986572266
134742,262.700012207031
134743,263.2568359375
134744,262.563995361328
134745,262.563995361328
134746,261.837768554688
134747,268.833129882812
134748,262.563995361328
134749,263.561248779297
134750,262.840911865234
134751,262.840911865234
134752,262.135467529297
134753,269.198059082031
134754,262.840911865234
134755,264.021881103516
134756,263.28857421875
134757,263.28857421875
134758,262.619018554688
134759,269.557678222656
134760,263.28857421875
134761,264.039855957031
134762,263.306549072266
134763,263.306549072266
134764,262.636993408203
134765,269.575653076172
134766,263.306549072266
134767,272.557922363281
134768,272.367706298828
134769,272.367706298828
134770,271.698181152344
134771,278.724151611328
134772,272.367706298828
134773,275.638366699219
134774,276.105438232422
134775,276.105438232422
134776,275.435852050781
134777,282.461944580078
134778,276.105438232422
134779,287.382019042969
134780,288.153564453125
134781,288.153564453125
134782,287.53173828125
134783,294.510131835938
134784,288.153564453125
134785,291.367279052734
134786,291.980773925781
134787,291.980773925781
134788,291.382415771484
134789,298.415740966797
134790,291.980773925781
134791,303.0341796875
134792,303.107391357422
134793,303.107391357422
134794,302.622161865234
134795,309.530120849609
134796,303.107391357422
134797,322.233551025391
134798,321.0478515625
134799,321.0478515625
134800,320.582977294922
134801,325.732849121094
134802,321.0478515625
134803,324.914398193359
134804,323.443725585938
134805,323.443725585938
134806,322.978851318359
134807,328.128723144531
134808,323.443725585938
134809,287.279663085938
134810,285.825805664062
134811,285.825805664062
134812,285.046844482422
134813,291.736846923828
134814,285.825805664062
134815,290.554779052734
134816,289.5244140625
134817,289.5244140625
134818,288.726196289062
134819,295.339050292969
134820,289.5244140625
134821,285.926086425781
134822,283.882965087891
134823,283.882965087891
134824,282.919647216797
134825,289.697692871094
134826,283.882965087891
134827,23.8305511474609
134828,15.9111661911011
134829,21.8080043792725
134830,23.1380748748779
134831,23.1173629760742
134832,17.4028491973877
134833,23.5088710784912
134834,19.1070289611816
134835,22.1574058532715
134836,23.7090473175049
134837,23.617166519165
134838,18.1867427825928
134839,272.326843261719
134840,269.014221191406
134841,269.014221191406
134842,268.032318115234
134843,274.925109863281
134844,269.014221191406
134845,272.326843261719
134846,269.014221191406
134847,269.014221191406
134848,268.032318115234
134849,274.925109863281
134850,269.014221191406
134851,274.624420166016
134852,271.237060546875
134853,271.237060546875
134854,270.488616943359
134855,277.14794921875
134856,271.237060546875
134857,275.306793212891
134858,271.906341552734
134859,271.906341552734
134860,271.203796386719
134861,277.817199707031
134862,271.906341552734
134863,287.187133789062
134864,285.040924072266
134865,285.040924072266
134866,284.338348388672
134867,290.951904296875
134868,285.040924072266
134869,311.669799804688
134870,309.807403564453
134871,309.807403564453
134872,309.104827880859
134873,314.492370605469
134874,309.807403564453
134875,276.443389892578
134876,275.750518798828
134877,275.750518798828
134878,275.024353027344
134879,282.107666015625
134880,275.750518798828
134881,259.966125488281
134882,260.444519042969
134883,260.444519042969
134884,259.592529296875
134885,266.801696777344
134886,260.444519042969
134887,259.692291259766
134888,260.186218261719
134889,260.186218261719
134890,259.3154296875
134891,266.543395996094
134892,260.186218261719
134893,259.305328369141
134894,259.734741210938
134895,259.734741210938
134896,258.903991699219
134897,266.091979980469
134898,259.734741210938
134899,261.939331054688
134900,261.467102050781
134901,261.467102050781
134902,260.719818115234
134903,267.736236572266
134904,261.467102050781
134905,263.276489257812
134906,262.556091308594
134907,262.556091308594
134908,261.826904296875
134909,268.913238525391
134910,262.556091308594
134911,263.121765136719
134912,262.388427734375
134913,262.388427734375
134914,261.695129394531
134915,268.745574951172
134916,262.388427734375
134917,262.822326660156
134918,262.088989257812
134919,262.088989257812
134920,261.395690917969
134921,268.533477783203
134922,262.088989257812
134923,272.402221679688
134924,271.709869384766
134925,271.709869384766
134926,271.040344238281
134927,278.154296875
134928,271.709869384766
134929,275.590911865234
134930,274.463958740234
134931,274.463958740234
134932,273.79443359375
134933,280.908386230469
134934,274.463958740234
134935,310.539489746094
134936,311.175018310547
134937,311.175018310547
134938,310.670471191406
134939,317.609954833984
134940,311.175018310547
134941,325.171997070312
134942,323.980773925781
134943,323.980773925781
134944,323.420989990234
134945,328.665832519531
134946,323.980773925781
134947,323.295379638672
134948,322.181915283203
134949,322.181915283203
134950,321.402954101562
134951,326.866943359375
134952,322.181915283203
134953,289.655609130859
134954,288.201812744141
134955,288.201812744141
134956,287.4228515625
134957,294.112762451172
134958,288.201812744141
134959,290.498626708984
134960,289.429351806641
134961,289.429351806641
134962,288.537322998047
134963,295.340301513672
134964,289.429351806641
134965,286.228515625
134966,284.185363769531
134967,284.185363769531
134968,283.222045898438
134969,290.096435546875
134970,284.185363769531
134971,23.6938514709473
134972,15.8217267990112
134973,22.4000854492188
134974,22.847583770752
134975,22.4000854492188
134976,15.0272655487061
134977,23.5018444061279
134978,15.7604789733887
134979,22.2808876037598
134980,23.1111030578613
134981,22.3800449371338
134982,14.2888355255127
134983,23.2523803710938
134984,15.5028772354126
134985,21.6147480010986
134986,23.7090473175049
134987,23.317907333374
134988,14.443941116333
134989,22.8298358917236
134990,14.6296615600586
134991,21.7641487121582
134992,23.5024089813232
134993,23.4178447723389
134994,13.2625694274902
134995,24.91552734375
134996,17.6870861053467
134997,22.0593662261963
134998,23.9451599121094
134999,23.8699970245361
135000,17.6791343688965
135001,25.2104759216309
135002,18.250415802002
135003,22.6109161376953
135004,24.0093154907227
135005,23.9514484405518
135006,17.7526454925537
135007,30.1698570251465
135008,23.4912033081055
135009,26.1501483917236
135010,26.8556022644043
135011,26.8556022644043
135012,23.2763137817383
135013,34.6156234741211
135014,29.2191505432129
135015,29.2331409454346
135016,29.9568004608154
135017,29.8217639923096
135018,26.7595024108887
135019,16.686695098877
135020,22.1542854309082
135021,22.095588684082
135022,22.1914119720459
135023,22.289270401001
135024,21.4657859802246
135025,10.2404041290283
135026,20.2188205718994
135027,20.2420177459717
135028,20.3005619049072
135029,20.3890228271484
135030,20.2188205718994
135031,9.54120349884033
135032,20.0759201049805
135033,20.2773380279541
135034,20.2457733154297
135035,20.4071922302246
135036,20.0759201049805
135037,11.1521778106689
135038,20.6732940673828
135039,21.0981178283691
135040,20.9013481140137
135041,20.976261138916
135042,20.6405696868896
135043,16.2012538909912
135044,22.760705947876
135045,22.8182640075684
135046,22.9698352813721
135047,22.8051910400391
135048,22.7506732940674
135049,18.0884437561035
135050,23.2353515625
135051,23.4188117980957
135052,23.4036045074463
135053,23.5310192108154
135054,23.1872711181641
135055,21.5610980987549
135056,25.0851440429688
135057,25.6535606384277
135058,25.5811080932617
135059,25.25510597229
135060,25.0851440429688
135061,22.3709487915039
135062,23.5860900878906
135063,25.4321880340576
135064,24.7888431549072
135065,24.9429206848145
135066,22.5136947631836
135067,24.5445213317871
135068,22.1923046112061
135069,33.2707748413086
135070,22.7814121246338
135071,27.3317909240723
135072,25.3224697113037
135073,26.66357421875
135074,24.7709674835205
135075,37.4240493774414
135076,21.4732074737549
135077,24.6724491119385
135078,25.1051998138428
135079,28.9854869842529
135080,28.3503360748291
135081,40.4627456665039
135082,25.6067657470703
135083,27.3709735870361
135084,28.3379707336426
135085,42.729175567627
135086,41.2132415771484
135087,50.8388023376465
135088,33.3422889709473
135089,36.2785987854004
135090,38.9240989685059
135091,39.1803817749023
135092,38.5927352905273
135093,36.5488700866699
135094,34.4021606445312
135095,34.8675727844238
135096,38.3930740356445
135097,30.9483375549316
135098,25.0917301177979
135099,24.6098213195801
135100,28.9692840576172
135101,26.4838085174561
135102,26.0091915130615
135103,31.7678279876709
135104,22.7895202636719
135105,24.3568000793457
135106,28.6697692871094
135107,25.9761447906494
135108,22.7186698913574
135109,29.2869453430176
135110,20.9609394073486
135111,23.8119659423828
135112,27.2561511993408
135113,26.607494354248
135114,22.6853179931641
135115,23.7887268066406
135116,15.311993598938
135117,21.6793899536133
135118,23.776948928833
135119,23.7015342712402
135120,14.2096138000488
135121,23.8909149169922
135122,15.7117977142334
135123,21.7796936035156
135124,23.7575225830078
135125,23.7624206542969
135126,14.4743776321411
135127,24.0189647674561
135128,15.3044395446777
135129,22.3800449371338
135130,23.6542644500732
135131,21.7941436767578
135132,14.2219724655151
135133,23.6787853240967
135134,16.004150390625
135135,23.0531558990479
135136,23.4129467010498
135137,22.4962387084961
135138,14.4395351409912
135139,25.0828227996826
135140,19.1828022003174
135141,23.6664791107178
135142,23.7510433197021
135143,23.2061195373535
135144,19.2368202209473
135145,26.3683223724365
135146,21.2864322662354
135147,23.6814556121826
135148,23.766019821167
135149,23.7709178924561
135150,20.4839859008789
135151,34.8653793334961
135152,28.3975925445557
135153,28.4067707061768
135154,28.4554595947266
135155,28.4554595947266
135156,26.8976173400879
135157,36.8342933654785
135158,30.2204360961914
135159,30.9590320587158
135160,31.1030826568604
135161,31.1030826568604
135162,30.4200401306152
135163,21.7813014984131
135164,22.0097274780273
135165,22.6629810333252
135166,22.6629810333252
135167,22.7814998626709
135168,20.7409858703613
135169,22.0257701873779
135170,22.1755828857422
135171,22.1987800598145
135172,22.3483982086182
135173,22.3448963165283
135174,22.1004199981689
135175,20.8118495941162
135176,22.0888919830322
135177,22.3204250335693
135178,22.3483982086182
135179,22.4594268798828
135180,22.0888919830322
135181,19.9170093536377
135182,21.177074432373
135183,23.0845565795898
135184,23.1086235046387
135185,22.9854507446289
135186,21.177074432373
135187,24.1075172424316
135188,24.4346942901611
135189,26.373556137085
135190,26.4429149627686
135191,26.491792678833
135192,24.656270980835
135193,25.7685985565186
135194,26.2064552307129
135195,27.7095718383789
135196,27.9394264221191
135197,27.7246780395508
135198,26.4729747772217
135199,26.4978084564209
135200,26.5514125823975
135201,28.1223888397217
135202,27.8832015991211
135203,28.1752052307129
135204,26.0108089447021
135205,27.0588645935059
135206,26.0486831665039
135207,29.2761173248291
135208,29.1415004730225
135209,29.2032489776611
135210,26.6837043762207
135211,30.7428131103516
135212,34.2569961547852
135213,32.242992401123
135214,21.3864154815674
135215,38.8475914001465
135216,34.3116645812988
135217,31.6862239837646
135218,35.6505470275879
135219,34.7858924865723
135220,35.3954696655273
135221,33.4106407165527
135222,36.8204040527344
135223,32.6176795959473
135224,36.36474609375
135225,29.8297080993652
135226,29.4351501464844
135227,35.2971076965332
135228,31.0768756866455
135229,45.2676963806152
135230,43.1203079223633
135231,38.4501686096191
135232,42.213752746582
135233,43.5016288757324
135234,43.0354042053223
135235,40.1907348632812
135236,35.3081436157227
135237,35.2658309936523
135238,32.4105110168457
135239,34.9253273010254
135240,35.3177185058594
135241,34.7165832519531
135242,25.8966941833496
135243,27.9715709686279
135244,25.754955291748
135245,25.4799404144287
135246,27.8440608978271
135247,30.8760299682617
135248,24.6235961914062
135249,27.0251007080078
135250,26.0595836639404
135251,24.4688835144043
135252,25.0802726745605
135253,31.6139984130859
135254,21.7904167175293
135255,24.4925651550293
135256,23.8699359893799
135257,23.8362083435059
135258,22.8439502716064
135259,297.749053955078
135260,296.292785644531
135261,25.2577953338623
135262,26.5550136566162
135263,25.7752380371094
135264,296.292785644531
135265,295.205230712891
135266,293.162170410156
135267,25.1910533905029
135268,26.6000194549561
135269,25.1542510986328
135270,293.162170410156
135271,292.182495117188
135272,289.585113525391
135273,23.7572536468506
135274,25.3420791625977
135275,23.7166862487793
135276,289.585113525391
135277,291.219390869141
135278,288.544494628906
135279,24.9972362518311
135280,25.5421600341797
135281,24.0758724212646
135282,288.544494628906
135283,292.163757324219
135284,289.566375732422
135285,25.614049911499
135286,25.7059307098389
135287,25.3232803344727
135288,289.566375732422
135289,298.052978515625
135290,296.179718017578
135291,27.0899066925049
135292,27.0899066925049
135293,27.0572547912598
135294,296.179718017578
135295,301.301727294922
135296,300.062805175781
135297,27.7280540466309
135298,27.7280540466309
135299,27.7188758850098
135300,300.062805175781
135301,324.544738769531
135302,323.396728515625
135303,30.0036373138428
135304,29.9582080841064
135305,29.7958011627197
135306,323.396728515625
135307,289.414154052734
135308,288.680755615234
135309,22.664623260498
135310,22.664623260498
135311,22.7831420898438
135312,288.680755615234
135313,276.118133544922
135314,275.469451904297
135315,21.4214782714844
135316,21.4903812408447
135317,21.5712356567383
135318,275.469451904297
135319,276.599548339844
135320,275.90673828125
135321,22.1733474731445
135322,22.1601085662842
135323,22.1788959503174
135324,275.90673828125
135325,275.416229248047
135326,274.695892333984
135327,22.6729640960693
135328,22.4459381103516
135329,22.5227241516113
135330,274.695892333984
135331,275.805755615234
135332,275.072448730469
135333,22.2250423431396
135334,22.7995548248291
135335,22.9648914337158
135336,275.072448730469
135337,284.593200683594
135338,284.847808837891
135339,24.4978771209717
135340,26.2988128662109
135341,26.3785648345947
135342,284.847808837891
135343,288.265258789062
135344,288.999664306641
135345,27.9992866516113
135346,29.7162132263184
135347,29.6901607513428
135348,288.999664306641
135349,285.478942871094
135350,286.255432128906
135351,21.6920871734619
135352,29.7788467407227
135353,30.0636119842529
135354,286.255432128906
135355,294.43115234375
135356,295.195129394531
135357,30.0673770904541
135358,38.6810989379883
135359,38.8135108947754
135360,295.195129394531
135361,299.361022949219
135362,299.920349121094
135363,30.2704925537109
135364,32.5768508911133
135365,37.7469367980957
135366,299.920349121094
135367,314.248291015625
135368,314.299407958984
135369,26.8538856506348
135370,25.9277896881104
135371,26.9509716033936
135372,314.299407958984
135373,325.059356689453
135374,323.922271728516
135375,33.5107269287109
135376,33.5992622375488
135377,35.2169761657715
135378,323.922271728516
135379,324.92529296875
135380,323.515655517578
135381,33.5351791381836
135382,35.6670761108398
135383,33.9018821716309
135384,323.515655517578
135385,297.335144042969
135386,295.881317138672
135387,26.2775821685791
135388,26.1396293640137
135389,24.3226737976074
135390,295.881317138672
135391,298.542816162109
135392,297.110229492188
135393,26.7243366241455
135394,28.8308258056641
135395,25.5942783355713
135396,297.110229492188
135397,299.744384765625
135398,298.735260009766
135399,24.1819095611572
135400,27.48854637146
135401,26.2575759887695
135402,298.735260009766
135403,29.5460834503174
135404,20.9566345214844
135405,23.8707866668701
135406,22.9164485931396
135407,21.5340728759766
135408,20.9181098937988
135409,27.4492454528809
135410,18.9366664886475
135411,23.4935665130615
135412,23.5115127563477
135413,21.0405197143555
135414,19.6601543426514
135415,24.0260982513428
135416,16.3498363494873
135417,21.8493480682373
135418,23.7951068878174
135419,23.3911266326904
135420,15.7207469940186
135421,24.6482238769531
135422,17.6800327301025
135423,22.7598495483398
135424,23.766019821167
135425,23.7709178924561
135426,19.1422710418701
135427,24.5259494781494
135428,20.1544876098633
135429,23.3748798370361
135430,23.766019821167
135431,23.7709178924561
135432,20.5065135955811
135433,23.5776481628418
135434,20.3180885314941
135435,23.7382659912109
135436,23.766019821167
135437,23.7709178924561
135438,20.5419635772705
135439,28.3913345336914
135440,22.5818328857422
135441,25.9307136535645
135442,25.9307136535645
135443,25.9307136535645
135444,22.5149078369141
135445,31.5051174163818
135446,25.6394271850586
135447,29.0013027191162
135448,29.1545314788818
135449,29.0467319488525
135450,25.6658058166504
135451,17.5067100524902
135452,19.8486728668213
135453,22.5245571136475
135454,22.5943279266357
135455,22.6006088256836
135456,18.1309871673584
135457,14.1904535293579
135458,20.3462867736816
135459,21.316089630127
135460,21.3198261260986
135461,21.4190425872803
135462,19.0244007110596
135463,13.7172384262085
135464,17.5609378814697
135465,21.3754692077637
135466,21.3775291442871
135467,21.4968338012695
135468,16.8534660339355
135469,14.2676410675049
135470,17.9211120605469
135471,22.1334743499756
135472,22.1801986694336
135473,22.004955291748
135474,17.3521404266357
135475,14.8747577667236
135476,16.2171382904053
135477,21.8084239959717
135478,22.3657150268555
135479,22.3814678192139
135480,16.3850173950195
135481,16.5605945587158
135482,16.4455394744873
135483,20.9241962432861
135484,22.6770343780518
135485,22.659875869751
135486,16.0386905670166
135487,21.6175842285156
135488,17.9966316223145
135489,23.3216381072998
135490,13.383936882019
135491,24.6902446746826
135492,17.9264106750488
135493,24.3257541656494
135494,19.461971282959
135495,22.1031684875488
135496,26.0940856933594
135497,26.1500129699707
135498,19.4843864440918
135499,29.0989532470703
135500,24.4098796844482
135501,28.8432807922363
135502,29.0539321899414
135503,36.964111328125
135504,23.8018474578857
135505,28.2719402313232
135506,23.1985301971436
135507,25.6554222106934
135508,31.8056755065918
135509,38.4534530639648
135510,23.6591320037842
135511,30.6944580078125
135512,26.7368755340576
135513,26.6687412261963
135514,33.8734512329102
135515,24.9166107177734
135516,26.9002227783203
135517,39.7247200012207
135518,35.9415092468262
135519,34.3239288330078
135520,43.0106544494629
135521,49.1323852539062
135522,35.544246673584
135523,34.9289855957031
135524,32.5122680664062
135525,29.6160144805908
135526,37.4748573303223
135527,31.4871845245361
135528,29.5773506164551
135529,30.5324802398682
135530,26.298303604126
135531,24.3838367462158
135532,30.0720386505127
135533,26.8897819519043
135534,25.8899955749512
135535,29.3314075469971
135536,22.6122016906738
135537,24.2690601348877
135538,27.5559387207031
135539,24.2705345153809
135540,22.4789009094238
135541,28.3283176422119
135542,21.882833480835
135543,23.5895195007324
135544,26.8412303924561
135545,23.6706085205078
135546,20.9688873291016
135547,28.3046894073486
135548,20.012508392334
135549,23.8911323547363
135550,26.5515327453613
135551,24.0296897888184
135552,19.4267520904541
135553,26.8222980499268
135554,18.9769630432129
135555,22.280517578125
135556,24.6337699890137
135557,23.673490524292
135558,20.2932071685791
135559,26.5879421234131
135560,19.0279197692871
135561,24.1331901550293
135562,25.4453811645508
135563,22.1470813751221
135564,21.9066429138184
135565,23.5224132537842
135566,20.710262298584
135567,22.4000854492188
135568,23.7056446075439
135569,21.7187595367432
135570,20.597583770752
135571,23.5600833892822
135572,23.8000049591064
135573,23.1464500427246
135574,23.7056446075439
135575,21.8999156951904
135576,23.7835388183594
135577,31.7429447174072
135578,23.8000049591064
135579,23.7032260894775
135580,23.7624549865723
135581,22.3025970458984
135582,23.8000049591064
135583,57.5566558837891
135584,25.5673713684082
135585,25.5421562194824
135586,25.5673713684082
135587,23.8687267303467
135588,25.6000232696533
135589,46.3674392700195
135590,24.3836822509766
135591,26.5311851501465
135592,26.2689838409424
135593,24.7513618469238
135594,22.8447666168213
135595,21.1174354553223
135596,22.6715106964111
135597,22.6715106964111
135598,22.6715106964111
135599,22.132080078125
135600,20.1709232330322
135601,16.0615158081055
135602,21.4564762115479
135603,21.4407291412354
135604,21.427770614624
135605,21.5027561187744
135606,21.4564762115479
135607,13.8742332458496
135608,21.390007019043
135609,21.5010738372803
135610,21.415189743042
135611,21.0824661254883
135612,21.390007019043
135613,14.948127746582
135614,22.161039352417
135615,22.4231433868408
135616,22.1150817871094
135617,19.7202339172363
135618,21.6213245391846
135619,18.0540008544922
135620,22.255708694458
135621,23.0211582183838
135622,22.2948894500732
135623,20.23486328125
135624,21.6987724304199
135625,24.9670925140381
135626,25.7583408355713
135627,26.0326480865479
135628,25.3052959442139
135629,23.8965816497803
135630,26.0626964569092
135631,31.083869934082
135632,27.5610370635986
135633,26.4343547821045
135634,25.3759269714355
135635,26.4790840148926
135636,27.2143878936768
135637,36.1893157958984
135638,31.4997806549072
135639,31.2939205169678
135640,30.0979175567627
135641,29.6850528717041
135642,28.1410579681396
135643,47.3343811035156
135644,39.3712615966797
135645,38.8736801147461
135646,40.3965797424316
135647,42.313232421875
135648,29.9878787994385
135649,49.0483932495117
135650,47.1687545776367
135651,38.6196823120117
135652,44.7486343383789
135653,47.1167297363281
135654,30.1828651428223
135655,44.2617301940918
135656,34.4577293395996
135657,38.8024215698242
135658,46.3566627502441
135659,39.2026443481445
135660,39.3383331298828
135661,50.9782867431641
135662,50.7208557128906
135663,44.4692573547363
135664,39.5050811767578
135665,43.1968231201172
135666,56.8378715515137
135667,44.2111778259277
135668,48.8732643127441
135669,37.3376045227051
135670,36.1760597229004
135671,35.0532455444336
135672,46.075325012207
135673,62.7018127441406
135674,37.5454521179199
135675,31.6128253936768
135676,29.5087566375732
135677,29.8753261566162
135678,38.0962944030762
135679,54.8190803527832
135680,33.5592842102051
135681,29.3733386993408
135682,32.8199195861816
135683,28.7105655670166
135684,34.1269950866699
135685,38.21826171875
135686,31.6814212799072
135687,27.691032409668
135688,27.3682174682617
135689,26.9074802398682
135690,29.6219615936279
135691,31.6017074584961
135692,25.6260395050049
135693,25.5571727752686
135694,27.0240840911865
135695,25.3883972167969
135696,23.0660305023193
135697,30.5398178100586
135698,22.7259616851807
135699,24.6488609313965
135700,26.4360122680664
135701,24.6488609313965
135702,23.5740737915039
135703,33.4795303344727
135704,24.6404457092285
135705,27.2143630981445
135706,28.146577835083
135707,27.36279296875
135708,24.4900608062744
135709,33.9337921142578
135710,25.6242084503174
135711,25.6362400054932
135712,28.91432762146
135713,28.2125511169434
135714,25.504207611084
135715,48.4853744506836
135716,27.2174854278564
135717,26.8193950653076
135718,28.9946269989014
135719,28.6080684661865
135720,25.9685935974121
135721,34.2576751708984
135722,27.6650886535645
135723,28.9167041778564
135724,29.8801517486572
135725,29.3921718597412
135726,28.2310523986816
135727,35.4499320983887
135728,30.170934677124
135729,31.4878616333008
135730,32.2962379455566
135731,31.3505229949951
135732,30.0053939819336
135733,39.6706848144531
135734,34.2391319274902
135735,35.1788024902344
135736,35.3344039916992
135737,35.1788024902344
135738,33.6756477355957
135739,24.3707427978516
135740,26.3519611358643
135741,26.3519611358643
135742,26.3519611358643
135743,26.3880004882812
135744,25.9424915313721
135745,18.0142250061035
135746,22.6920680999756
135747,22.6920680999756
135748,22.6920680999756
135749,22.7941207885742
135750,22.0182228088379
135751,20.1946773529053
135752,24.6030349731445
135753,24.6973896026611
135754,24.6973896026611
135755,24.7215538024902
135756,24.6030349731445
135757,21.7054061889648
135758,26.0616703033447
135759,26.2293186187744
135760,26.4337463378906
135761,26.3399772644043
135762,24.8673057556152
135763,23.8372917175293
135764,26.0509910583496
135765,27.362190246582
135766,27.3017845153809
135767,27.4107894897461
135768,26.14182472229
135769,27.6668167114258
135770,30.9941501617432
135771,31.1171264648438
135772,31.2755355834961
135773,30.9571666717529
135774,30.9435253143311
135775,28.6148910522461
135776,31.5200881958008
135777,30.8580856323242
135778,31.6726398468018
135779,31.67041015625
135780,31.5069904327393
135781,34.1061897277832
135782,32.3968162536621
135783,30.3599815368652
135784,32.506275177002
135785,32.3268127441406
135786,32.5368118286133
135787,41.0409049987793
135788,46.3260307312012
135789,42.1288719177246
135790,46.0114364624023
135791,44.394947052002
135792,46.436351776123
135793,41.1937675476074
135794,44.0938491821289
135795,32.2948417663574
135796,38.0140190124512
135797,44.687858581543
135798,46.556640625
135799,40.599552154541
135800,47.6030082702637
135801,37.5743751525879
135802,32.5751037597656
135803,37.368953704834
135804,47.4872398376465
135805,60.2182235717773
135806,62.473819732666
135807,53.7328834533691
135808,48.5024070739746
135809,49.2917442321777
135810,57.9600028991699
135811,45.5920562744141
135812,42.8175315856934
135813,39.4862327575684
135814,43.4577217102051
135815,35.7025604248047
135816,42.7554130554199
135817,34.5068664550781
135818,28.8910903930664
135819,28.5946884155273
135820,32.1081275939941
135821,31.2701263427734
135822,28.5946884155273
135823,32.8314666748047
135824,25.4109077453613
135825,27.1089973449707
135826,31.0559635162354
135827,27.8076095581055
135828,25.2519645690918
135829,32.7726821899414
135830,25.4981727600098
135831,27.2295188903809
135832,31.2033996582031
135833,27.0751609802246
135834,25.6756210327148
135835,31.4768829345703
135836,24.9977588653564
135837,27.022668838501
135838,27.2966060638428
135839,27.1770553588867
135840,23.4026317596436
135841,31.8275146484375
135842,23.6110897064209
135843,26.4345550537109
135844,27.4031162261963
135845,26.3977527618408
135846,23.452075958252
135847,35.9380722045898
135848,23.4402847290039
135849,27.702392578125
135850,27.7602596282959
135851,27.7602596282959
135852,23.4248905181885
135853,33.777027130127
135854,24.5907917022705
135855,27.9956035614014
135856,27.9956035614014
135857,27.9956035614014
135858,24.6471843719482
135859,35.286548614502
135860,25.0565853118896
135861,28.5616989135742
135862,28.5708770751953
135863,28.5616989135742
135864,25.0550117492676
135865,37.7858581542969
135866,24.860279083252
135867,29.0233898162842
135868,29.0233898162842
135869,29.0233898162842
135870,25.5724067687988
135871,38.0404434204102
135872,28.137056350708
135873,32.3054122924805
135874,32.3054122924805
135875,32.3054122924805
135876,28.4157009124756
135877,41.1409606933594
135878,33.0539283752441
135879,35.5225715637207
135880,35.5225715637207
135881,35.568000793457
135882,33.2177696228027
135883,28.8681869506836
135884,24.866060256958
135885,26.0107231140137
135886,26.0188236236572
135887,26.1297721862793
135888,25.2965793609619
135889,33.455883026123
135890,22.6222915649414
135891,22.6441497802734
135892,22.6579036712646
135893,22.7853183746338
135894,22.6222915649414
135895,30.5208053588867
135896,22.7250556945801
135897,22.7098484039307
135898,22.7378807067871
135899,22.856409072876
135900,22.640453338623
135901,31.2969818115234
135902,24.737434387207
135903,24.7429237365723
135904,24.9680118560791
135905,24.8983058929443
135906,24.6589488983154
135907,32.5547218322754
135908,27.1805362701416
135909,27.0435237884521
135910,27.2356853485107
135911,27.2835121154785
135912,27.1004600524902
135913,33.6067924499512
135914,29.9130191802979
135915,25.9715232849121
135916,30.1541023254395
135917,30.0558738708496
135918,29.9130191802979
135919,36.764533996582
135920,31.7281455993652
135921,31.2225494384766
135922,31.6286220550537
135923,31.4556579589844
135924,31.6854629516602
135925,37.9654083251953
135926,32.6258926391602
135927,31.3051643371582
135928,32.7517127990723
135929,31.7995052337646
135930,32.6825256347656
135931,48.0994911193848
135932,46.045238494873
135933,35.1183433532715
135934,44.0464668273926
135935,46.1466751098633
135936,46.314769744873
135937,47.5020294189453
135938,44.3462905883789
135939,30.5839614868164
135940,45.2327346801758
135941,47.8537521362305
135942,47.5662841796875
135943,51.4955940246582
135944,42.0903816223145
135945,41.8464164733887
135946,50.5949668884277
135947,50.8609848022461
135948,50.8323402404785
135949,246.099411010742
135950,230.045288085938
135951,232.447830200195
135952,276.796630859375
135953,244.34733581543
135954,240.145889282227
135955,60.7703628540039
135956,50.8017120361328
135957,51.2260971069336
135958,51.4250144958496
135959,48.9139747619629
135960,50.7636985778809
135961,42.9928092956543
135962,31.9960403442383
135963,31.3403263092041
135964,29.5253677368164
135965,31.4411735534668
135966,33.7128791809082
135967,39.3833198547363
135968,29.5505981445312
135969,29.8024196624756
135970,28.9992141723633
135971,28.7483825683594
135972,28.276891708374
135973,37.5331382751465
135974,26.8216361999512
135975,29.5459804534912
135976,29.5331592559814
135977,28.0123329162598
135978,26.5750350952148
135979,36.3038673400879
135980,24.9512958526611
135981,27.0261726379395
135982,26.8709182739258
135983,26.9874782562256
135984,25.0907096862793
135985,35.5744247436523
135986,23.5735130310059
135987,27.2052803039551
135988,27.4667797088623
135989,25.9064846038818
135990,23.5770721435547
135991,36.2410163879395
135992,23.0739517211914
135993,27.03049659729
135994,27.4795265197754
135995,27.3878688812256
135996,23.2473449707031
135997,36.4951553344727
135998,23.2234172821045
135999,27.4557189941406
136000,27.4557189941406
136001,27.4557189941406
136002,23.2234172821045
136003,35.2591667175293
136004,22.4913673400879
136005,27.143346786499
136006,27.1525249481201
136007,27.1525249481201
136008,23.4104022979736
136009,38.585334777832
136010,25.2405319213867
136011,28.8258934020996
136012,28.8350715637207
136013,28.8350715637207
136014,25.3606071472168
136015,40.7481918334961
136016,26.8557624816895
136017,30.2628993988037
136018,30.2628993988037
136019,30.2628993988037
136020,26.9705181121826
136021,46.1012344360352
136022,29.5730686187744
136023,33.3007507324219
136024,33.1475296020508
136025,33.2203254699707
136026,30.0496196746826
136027,35.089656829834
136028,23.4014892578125
136029,26.0107231140137
136030,26.0188236236572
136031,26.1462383270264
136032,24.0292778015137
136033,35.2476348876953
136034,21.8086185455322
136035,22.744327545166
136036,22.7516632080078
136037,22.8854961395264
136038,20.8056106567383
136039,36.3563461303711
136040,21.210075378418
136041,24.6148452758789
136042,24.3363857269287
136043,24.742259979248
136044,23.0703105926514
136045,29.9117984771729
136046,19.6528015136719
136047,24.9701557159424
136048,24.6763706207275
136049,24.9387760162354
136050,21.2672500610352
136051,27.0380668640137
136052,22.4322204589844
136053,27.0768165588379
136054,26.357234954834
136055,27.1068248748779
136056,21.3721733093262
136057,30.799243927002
136058,26.7462825775146
136059,30.4585075378418
136060,29.9008903503418
136061,30.956615447998
136062,26.9103393554688
136063,30.7264518737793
136064,29.3092632293701
136065,29.92724609375
136066,28.015869140625
136067,25.0200576782227
136068,28.1478462219238
136069,37.4824104309082
136070,35.8511810302734
136071,36.1057586669922
136072,31.3655395507812
136073,36.7598419189453
136074,35.0748519897461
136075,39.7080421447754
136076,45.2226257324219
136077,42.5909843444824
136078,40.4217491149902
136079,46.1939735412598
136080,48.8779258728027
136081,44.0154190063477
136082,51.5077629089355
136083,46.5924835205078
136084,49.3914108276367
136085,43.0791091918945
136086,39.2382278442383
136087,45.8020286560059
136088,44.7929191589355
136089,40.1124801635742
136090,47.3171997070312
136091,49.1937103271484
136092,45.066032409668
136093,191.310653686523
136094,182.538452148438
136095,184.480438232422
136096,184.613647460938
136097,191.067153930664
136098,173.897003173828
136099,49.5865592956543
136100,40.6239318847656
136101,39.0926246643066
136102,34.6608238220215
136103,39.2985687255859
136104,43.7281265258789
136105,38.5260848999023
136106,31.3341217041016
136107,30.5692234039307
136108,30.6878471374512
136109,30.4873199462891
136110,31.1544513702393
136111,33.2178344726562
136112,29.9978065490723
136113,28.9254379272461
136114,27.4536151885986
136115,28.9541358947754
136116,27.4646625518799
136117,33.9060096740723
136118,26.8241271972656
136119,27.8734188079834
136120,28.8997535705566
136121,28.5648517608643
136122,27.9309387207031
136123,32.1730995178223
136124,22.8439846038818
136125,24.2139186859131
136126,27.5417327880859
136127,27.4014129638672
136128,23.0343360900879
136129,32.9096412658691
136130,23.9243717193604
136131,25.6651706695557
136132,27.2561511993408
136133,27.2610492706299
136134,25.1843013763428
136135,34.978946685791
136136,26.0037384033203
136137,26.1192836761475
136138,27.3855819702148
136139,27.3855819702148
136140,25.9286003112793
136141,34.8027648925781
136142,23.9091968536377
136143,25.5479183197021
136144,26.8142166137695
136145,26.8142166137695
136146,24.859525680542
136147,34.0194053649902
136148,25.4669342041016
136149,26.6198711395264
136150,26.8475685119629
136151,26.8475685119629
136152,24.9503326416016
136153,32.8931655883789
136154,27.4797630310059
136155,27.5117301940918
136156,27.5209083557129
136157,27.5117301940918
136158,26.9315166473389
136159,35.8001365661621
136160,29.5147132873535
136161,29.4727649688721
136162,29.4819431304932
136163,29.4727649688721
136164,28.2367877960205
136165,42.0567626953125
136166,33.723014831543
136167,35.6983909606934
136168,35.7075653076172
136169,35.7075653076172
136170,35.7548141479492
136171,28.8904933929443
136172,25.3484992980957
136173,26.7710914611816
136174,26.7710914611816
136175,26.8709182739258
136176,26.3607273101807
136177,31.8134422302246
136178,24.3121948242188
136179,24.7317523956299
136180,24.7317523956299
136181,24.859167098999
136182,24.7034759521484
136183,24.884557723999
136184,24.766809463501
136185,24.7786197662354
136186,24.7786197662354
136187,24.9060344696045
136188,24.766809463501
136189,23.3504867553711
136190,25.6648426055908
136191,25.9112873077393
136192,25.7848777770996
136193,25.8000659942627
136194,25.7830982208252
136195,24.4909954071045
136196,26.7953224182129
136197,27.5903911590576
136198,26.4536914825439
136199,26.8574676513672
136200,27.3380489349365
136201,27.7922248840332
136202,30.8599605560303
136203,31.1316909790039
136204,31.0796909332275
136205,30.8146133422852
136206,31.0948963165283
136207,28.7608985900879
136208,31.1403636932373
136209,31.1159782409668
136210,31.0865535736084
136211,31.1162757873535
136212,31.1311855316162
136213,32.3392562866211
136214,33.4716911315918
136215,33.486873626709
136216,33.3157043457031
136217,33.6197776794434
136218,33.4716911315918
136219,36.7844200134277
136220,46.3550987243652
136221,46.2217445373535
136222,43.5838203430176
136223,46.2995376586914
136224,46.4375953674316
136225,43.0067901611328
136226,51.1862182617188
136227,42.1734619140625
136228,50.4173736572266
136229,47.7826538085938
136230,51.1985740661621
136231,46.5884704589844
136232,53.3079566955566
136233,45.0609092712402
136234,43.4587783813477
136235,53.0149154663086
136236,53.6276206970215
136237,268.400939941406
136238,266.765716552734
136239,214.807632446289
136240,219.707122802734
136241,205.601867675781
136242,273.323425292969
136243,64.8313446044922
136244,58.1042785644531
136245,45.0191612243652
136246,51.5910949707031
136247,50.0567474365234
136248,42.8037185668945
136249,43.2481269836426
136250,38.1101264953613
136251,32.1840667724609
136252,34.4098320007324
136253,32.6150932312012
136254,31.3408317565918
136255,40.7841835021973
136256,28.7408847808838
136257,30.5817241668701
136258,29.519380569458
136259,29.323766708374
136260,31.7735061645508
136261,39.4067764282227
136262,32.9864921569824
136263,30.3718376159668
136264,32.3079223632812
136265,28.7556934356689
136266,27.3903656005859
136267,38.2726707458496
136268,32.3578186035156
136269,28.5738964080811
136270,29.7796211242676
136271,29.7568492889404
136272,28.282678604126
136273,39.2628288269043
136274,28.1808300018311
136275,28.4238090515137
136276,31.7114105224609
136277,31.1376934051514
136278,27.532600402832
136279,39.9398384094238
136280,30.5368518829346
136281,30.3331260681152
136282,32.3371391296387
136283,32.2153549194336
136284,30.1807079315186
136285,40.6626434326172
136286,30.2019748687744
136287,31.5883636474609
136288,32.3010711669922
136289,32.310245513916
136290,28.4405403137207
136291,42.3571624755859
136292,29.3484916687012
136293,32.3010711669922
136294,32.310245513916
136295,32.310245513916
136296,28.5681438446045
136297,43.9678115844727
136298,30.2976684570312
136299,32.3371391296387
136300,32.3463134765625
136301,32.3463134765625
136302,30.6936302185059
136303,41.7257461547852
136304,28.5733642578125
136305,32.3371391296387
136306,32.3463134765625
136307,32.3463134765625
136308,30.4060668945312
136309,44.9507217407227
136310,31.7934818267822
136311,35.7648010253906
136312,35.6925010681152
136313,35.5975685119629
136314,35.0080795288086
136315,34.6237487792969
136316,26.931526184082
136317,27.1841926574707
136318,27.1841926574707
136319,27.2931976318359
136320,25.2993469238281
136321,34.959156036377
136322,24.734037399292
136323,24.5561676025391
136324,24.5679779052734
136325,24.6746864318848
136326,24.5846405029297
136327,35.5795555114746
136328,24.6315078735352
136329,24.6030349731445
136330,24.6148452758789
136331,24.742259979248
136332,24.6196975708008
136333,30.6158981323242
136334,26.3861923217773
136335,26.5371780395508
136336,26.4601745605469
136337,26.587589263916
136338,26.3695297241211
136339,27.6235542297363
136340,27.2427005767822
136341,27.6607475280762
136342,27.329553604126
136343,27.6845073699951
136344,27.281644821167
136345,34.0188369750977
136346,31.0948963165283
136347,31.3115997314453
136348,31.140869140625
136349,31.2285785675049
136350,31.2330074310303
136351,34.1378707885742
136352,31.2015399932861
136353,31.1534614562988
136354,31.3570690155029
136355,31.4271583557129
136356,31.1442832946777
136357,35.6144256591797
136358,31.5679893493652
136359,31.5781230926514
136360,31.8741855621338
136361,31.635196685791
136362,31.5810871124268
136363,40.224967956543
136364,43.2108039855957
136365,43.4773254394531
136366,43.4550476074219
136367,43.2913284301758
136368,43.5152740478516
136369,43.6837425231934
136370,46.126766204834
136371,46.0352020263672
136372,46.0992469787598
136373,45.8849411010742
136374,42.3682899475098
136375,51.082462310791
136376,49.5406799316406
136377,49.3893165588379
136378,49.3021621704102
136379,49.4697227478027
136380,43.5942649841309
136381,64.6214599609375
136382,50.8824272155762
136383,46.9949226379395
136384,39.6607971191406
136385,43.3286781311035
136386,60.9266090393066
136387,49.6479034423828
136388,45.4860076904297
136389,34.4966850280762
136390,36.618049621582
136391,36.9335060119629
136392,41.5021133422852
136393,37.9199295043945
136394,29.3172607421875
136395,27.4380550384521
136396,27.5190601348877
136397,28.8812561035156
136398,29.0823974609375
136399,34.7859687805176
136400,24.7349624633789
136401,25.7984848022461
136402,26.1647357940674
136403,26.4422798156738
136404,26.5905933380127
136405,33.8444900512695
136406,22.6557102203369
136407,24.7627086639404
136408,26.6818389892578
136409,24.9224433898926
136410,22.5610599517822
136411,30.5318336486816
136412,23.535041809082
136413,24.5320987701416
136414,27.6610469818115
136415,25.2589054107666
136416,23.4733123779297
136417,34.0273971557617
136418,20.3583660125732
136419,23.8437385559082
136420,27.2863368988037
136421,26.0550727844238
136422,22.4930725097656
136423,33.1967430114746
136424,20.7911491394043
136425,23.7057762145996
136426,26.9259796142578
136427,26.3098316192627
136428,21.9374752044678
136429,30.1784152984619
136430,20.2446556091309
136431,25.0439643859863
136432,26.5102558135986
136433,26.0464496612549
136434,22.0252685546875
136435,32.7017974853516
136436,19.5089645385742
136437,25.7175216674805
136438,25.945219039917
136439,25.5506401062012
136440,21.4762897491455
136441,31.8633251190186
136442,21.1372222900391
136443,26.8777542114258
136444,26.8777542114258
136445,26.8777542114258
136446,22.5779819488525
136447,36.3052253723145
136448,23.0383396148682
136449,27.4666213989258
136450,27.4757995605469
136451,27.4666213989258
136452,23.2133102416992
136453,41.5514068603516
136454,27.4158039093018
136455,30.9754753112793
136456,31.0300827026367
136457,30.8950462341309
136458,26.9331912994385
136459,27.6305675506592
136460,20.2535514831543
136461,24.5892353057861
136462,24.6010456085205
136463,24.7220420837402
136464,21.2628955841064
136465,30.0729751586914
136466,20.6919727325439
136467,22.6683731079102
136468,22.6821269989014
136469,22.8095417022705
136470,21.0200443267822
136471,27.6574668884277
136472,19.6519031524658
136473,22.8255100250244
136474,22.8255100250244
136475,22.9130096435547
136476,19.4876308441162
136477,21.9969730377197
136478,17.0920333862305
136479,22.9041957855225
136480,23.0845565795898
136481,22.9529247283936
136482,16.9650363922119
136483,23.7476768493652
136484,19.9160232543945
136485,26.2238311767578
136486,26.3945636749268
136487,26.2660007476807
136488,22.3207206726074
136489,26.8598480224609
136490,23.7122554779053
136491,27.5638809204102
136492,27.5820960998535
136493,27.440975189209
136494,23.6777896881104
136495,31.4577407836914
136496,25.0055904388428
136497,28.9002571105957
136498,28.8850498199463
136499,28.9849700927734
136500,25.7746257781982
136501,36.8144149780273
136502,27.1842021942139
136503,31.4919891357422
136504,31.493766784668
136505,31.4813251495361
136506,26.9706707000732
136507,46.536563873291
136508,34.1058082580566
136509,42.5500335693359
136510,42.5267944335938
136511,42.564754486084
136512,29.1031608581543
136513,46.9225196838379
136514,31.7027225494385
136515,44.2876815795898
136516,44.2330436706543
136517,44.2557983398438
136518,30.6971263885498
136519,47.2525367736816
136520,39.6919097900391
136521,29.687255859375
136522,45.8095626831055
136523,44.0304527282715
136524,31.36598777771
136525,51.8554916381836
136526,43.6045265197754
136527,36.6133232116699
136528,40.4214897155762
136529,46.5477333068848
136530,42.3273887634277
136531,39.2141761779785
136532,35.1499290466309
136533,32.3799819946289
136534,33.0080604553223
136535,32.7857284545898
136536,32.7919006347656
136537,34.1060218811035
136538,24.9135837554932
136539,23.9616222381592
136540,26.8390102386475
136541,25.7006282806396
136542,23.9257621765137
136543,29.9424133300781
136544,24.056037902832
136545,25.9581699371338
136546,26.0722827911377
136547,25.7601528167725
136548,23.7624111175537
136549,28.5079498291016
136550,19.2607727050781
136551,23.7166061401367
136552,21.97971534729
136553,21.1235275268555
136554,19.1868591308594
136555,28.9791698455811
136556,19.8072738647461
136557,24.3112163543701
136558,25.7064552307129
136559,23.8105907440186
136560,19.054874420166
136561,27.4440689086914
136562,16.5835208892822
136563,24.2180557250977
136564,24.1739139556885
136565,22.4734706878662
136566,16.6013526916504
136567,27.298225402832
136568,17.846923828125
136569,23.984058380127
136570,24.9350986480713
136571,22.6713733673096
136572,16.5573577880859
136573,27.5149974822998
136574,16.0297622680664
136575,25.0073928833008
136576,24.9750919342041
136577,23.3152313232422
136578,20.4605674743652
136579,25.2710418701172
136580,16.7980518341064
136581,24.0416946411133
136582,23.7130298614502
136583,22.2112731933594
136584,16.8841533660889
136585,24.8407421112061
136586,16.5298023223877
136587,24.0416946411133
136588,24.0367965698242
136589,22.5428276062012
136590,18.3561153411865
136591,29.0842170715332
136592,17.0401802062988
136593,25.6969032287598
136594,25.6895866394043
136595,24.9020195007324
136596,23.4334926605225
136597,31.3416404724121
136598,19.0286598205566
136599,27.9798107147217
136600,27.94167137146
136601,27.1480751037598
136602,21.3361968994141
136603,18.9875335693359
136604,12.7772092819214
136605,22.6687145233154
136606,22.6633224487305
136607,22.1829948425293
136608,16.1340007781982
136609,17.6868934631348
136610,19.2404174804688
136611,22.1671733856201
136612,22.1679058074951
136613,22.2553939819336
136614,17.104133605957
136615,20.5375537872314
136616,21.8966732025146
136617,22.1206874847412
136618,22.0890502929688
136619,22.1430892944336
136620,19.3496036529541
136621,26.010986328125
136622,16.4332904815674
136623,22.5292873382568
136624,22.1913890838623
136625,21.9777050018311
136626,20.305326461792
136627,29.0046253204346
136628,16.596715927124
136629,23.1785697937012
136630,22.8486366271973
136631,22.7567081451416
136632,17.1012802124023
136633,35.9023170471191
136634,23.8711547851562
136635,26.9394016265869
136636,26.9737720489502
136637,26.9542217254639
136638,20.9647369384766
136639,38.1643714904785
136640,22.3984031677246
136641,28.655424118042
136642,28.6094436645508
136643,28.5475215911865
136644,24.7560043334961
136645,42.2804946899414
136646,27.007173538208
136647,31.3775291442871
136648,31.6504802703857
136649,31.3514308929443
136650,27.1463527679443
136651,51.659595489502
136652,35.2446517944336
136653,42.0699424743652
136654,42.028564453125
136655,41.9670066833496
136656,34.5749664306641
136657,58.2185859680176
136658,41.9943313598633
136659,45.8044624328613
136660,45.986255645752
136661,45.903377532959
136662,38.7515487670898
136663,43.6246871948242
136664,41.5270843505859
136665,46.4089279174805
136666,49.4031028747559
136667,49.4347877502441
136668,35.8780479431152
136669,49.8849029541016
136670,40.7718276977539
136671,39.1636161804199
136672,47.5703506469727
136673,51.7522163391113
136674,38.9039077758789
136675,34.2031173706055
136676,31.2270221710205
136677,30.8359680175781
136678,26.494909286499
136679,36.670482635498
136680,33.0971565246582
136681,30.4099369049072
136682,26.5692939758301
136683,23.7879333496094
136684,25.1880378723145
136685,25.5825138092041
136686,27.6025867462158
136687,29.593448638916
136688,27.0871334075928
136689,23.435962677002
136690,25.3480625152588
136691,26.0580062866211
136692,26.5355129241943
136693,28.4526996612549
136694,24.3707656860352
136695,22.7505016326904
136696,21.8126220703125
136697,22.8091526031494
136698,23.5919818878174
136699,28.5689125061035
136700,26.0888042449951
136701,25.3288650512695
136702,23.5915966033936
136703,22.5684471130371
136704,31.4633541107178
136705,28.0444030761719
136706,25.3880767822266
136707,25.1732769012451
136708,24.958532333374
136709,23.4461421966553
136710,23.133939743042
136711,27.0379066467285
136712,23.820592880249
136713,23.7055053710938
136714,24.7822761535645
136715,23.582540512085
136716,21.0156764984131
136717,26.541036605835
136718,24.1735973358154
136719,23.9051074981689
136720,24.7714328765869
136721,23.2807140350342
136722,21.649133682251
136723,27.0674209594727
136724,25.7137508392334
136725,24.3347644805908
136726,24.8795204162598
136727,23.0147895812988
136728,20.2997665405273
136729,28.6582584381104
136730,27.001127243042
136731,26.0234203338623
136732,25.0521697998047
136733,24.5072937011719
136734,19.9480628967285
136735,29.2837047576904
136736,24.4756641387939
136737,26.9344921112061
136738,25.5831203460693
136739,25.4238662719727
136740,22.604829788208
136741,31.5406360626221
136742,28.7453594207764
136743,29.9338493347168
136744,28.537223815918
136745,27.986852645874
136746,26.9558963775635
136747,22.9364490509033
136748,24.5099239349365
136749,26.1116886138916
136750,25.4113368988037
136751,23.5508403778076
136752,22.1436614990234
136753,23.4270725250244
136754,25.1955795288086
136755,24.6362800598145
136756,23.9047012329102
136757,24.0302543640137
136758,21.6265258789062
136759,25.6928405761719
136760,25.6840038299561
136761,25.856409072876
136762,25.3246040344238
136763,25.5322513580322
136764,21.6342144012451
136765,31.466365814209
136766,26.4091739654541
136767,27.0600471496582
136768,27.2017765045166
136769,27.1922912597656
136770,24.8268928527832
136771,34.7802848815918
136772,30.1496028900146
136773,30.4057083129883
136774,29.9966087341309
136775,30.4379138946533
136776,31.1430225372314
136777,37.3545532226562
136778,34.0019645690918
136779,33.4124336242676
136780,33.1793785095215
136781,33.5442657470703
136782,35.0976181030273
136783,42.4306640625
136784,37.4312019348145
136785,36.2681427001953
136786,36.1583595275879
136787,36.3205146789551
136788,40.6467933654785
136789,48.0651168823242
136790,40.9400978088379
136791,36.9449234008789
136792,37.7082366943359
136793,37.0508880615234
136794,43.732795715332
136795,59.4075317382812
136796,63.344913482666
136797,49.4436187744141
136798,50.4538726806641
136799,49.343994140625
136800,66.7123107910156
136801,63.713321685791
136802,64.4841156005859
136803,50.0222816467285
136804,51.132080078125
136805,49.863712310791
136806,64.8822937011719
136807,73.9430694580078
136808,68.3766632080078
136809,53.1251335144043
136810,52.8761253356934
136811,54.1504516601562
136812,72.7727127075195
136813,79.0342788696289
136814,65.2294921875
136815,52.8627853393555
136816,67.7550888061523
136817,61.4453773498535
136818,62.4997367858887
136819,43.0689010620117
136820,36.1605186462402
136821,31.1027526855469
136822,39.3790397644043
136823,39.3561172485352
136824,34.4477157592773
136825,30.4409446716309
136826,26.0213928222656
136827,24.4226722717285
136828,21.6606941223145
136829,23.4941062927246
136830,25.7063961029053
136831,29.1545372009277
136832,23.5384635925293
136833,23.7232055664062
136834,19.5201930999756
136835,22.7309837341309
136836,23.193187713623
136837,27.8295669555664
136838,20.5830764770508
136839,21.6346893310547
136840,17.7718677520752
136841,19.146068572998
136842,19.6815128326416
136843,26.0912132263184
136844,17.244119644165
136845,21.6072597503662
136846,17.376522064209
136847,17.3813323974609
136848,16.4563808441162
136849,22.8374786376953
136850,13.0238847732544
136851,19.907678604126
136852,19.0157108306885
136853,14.9374313354492
136854,12.8979644775391
136855,22.8455753326416
136856,13.3694171905518
136857,21.0693397521973
136858,19.468599319458
136859,15.8903169631958
136860,13.4948530197144
136861,22.999568939209
136862,15.1983976364136
136863,21.6378936767578
136864,21.5182285308838
136865,16.4938316345215
136866,16.8839416503906
136867,23.0996761322021
136868,13.378662109375
136869,21.140998840332
136870,21.4878883361816
136871,18.5017108917236
136872,15.076753616333
136873,23.4947376251221
136874,13.670690536499
136875,21.8845100402832
136876,21.64573097229
136877,19.2148666381836
136878,14.057731628418
136879,28.1410217285156
136880,19.9450740814209
136881,24.6919460296631
136882,25.0584392547607
136883,22.8481559753418
136884,19.5618457794189
136885,30.6851234436035
136886,22.1040725708008
136887,26.1157741546631
136888,27.1953449249268
136889,25.1236000061035
136890,22.5951805114746
136891,16.9746417999268
136892,13.3353567123413
136893,19.7610321044922
136894,19.5702896118164
136895,16.8714065551758
136896,15.4977188110352
136897,16.4723320007324
136898,12.0500650405884
136899,19.3968906402588
136900,15.7520275115967
136901,15.7496290206909
136902,18.6470012664795
136903,16.7170295715332
136904,17.4293365478516
136905,18.2519207000732
136906,15.3282165527344
136907,16.0668792724609
136908,16.0821361541748
136909,21.2855949401855
136910,20.5019607543945
136911,20.7158870697021
136912,15.5667142868042
136913,16.7857246398926
136914,20.6271820068359
136915,28.2888069152832
136916,26.2804985046387
136917,26.9857616424561
136918,22.684642791748
136919,23.9540424346924
136920,26.4648742675781
136921,41.4897956848145
136922,32.3249702453613
136923,33.7307968139648
136924,30.3892784118652
136925,29.8723068237305
136926,32.4811401367188
136927,47.5179634094238
136928,35.3489456176758
136929,35.9498138427734
136930,31.442419052124
136931,31.7584552764893
136932,35.5106582641602
136933,51.0412368774414
136934,38.8684501647949
136935,37.846607208252
136936,33.0514717102051
136937,33.6699981689453
136938,39.0114822387695
136939,63.8013687133789
136940,52.2088584899902
136941,50.9007034301758
136942,43.6529159545898
136943,42.5971412658691
136944,52.3931884765625
136945,67.8843612670898
136946,53.5323181152344
136947,52.4478034973145
136948,47.8047027587891
136949,43.6026649475098
136950,53.7168350219727
136951,95.7046661376953
136952,76.0225067138672
136953,69.4963073730469
136954,63.8341293334961
136955,65.100212097168
136956,78.8359451293945
136957,650.566467285156
136958,614.009643554688
136959,586.749389648438
136960,599.696899414062
136961,617.143493652344
136962,628.263122558594
136963,54.7842445373535
136964,45.4903755187988
136965,43.7489318847656
136966,47.0471496582031
136967,45.4644966125488
136968,45.7801780700684
136969,55.8979301452637
136970,28.5563011169434
136971,28.0566368103027
136972,27.2719688415527
136973,27.7838840484619
136974,28.1630725860596
136975,40.2565422058105
136976,27.5924167633057
136977,27.7789096832275
136978,26.1805038452148
136979,26.8152408599854
136980,26.7776679992676
136981,34.5632667541504
136982,28.2834072113037
136983,28.1763305664062
136984,25.2569122314453
136985,25.6062526702881
136986,31.5873374938965
136987,31.2056407928467
136988,29.6283569335938
136989,27.493595123291
136990,23.3565731048584
136991,24.2091751098633
136992,27.7234897613525
136993,31.6987552642822
136994,21.3293113708496
136995,25.0947551727295
136996,24.5549144744873
136997,22.287036895752
136998,21.1169548034668
136999,30.7657814025879
137000,23.2099647521973
137001,25.0041618347168
137002,24.3629665374756
137003,22.5140380859375
137004,19.8800144195557
137005,34.5956916809082
137006,21.1653099060059
137007,25.1988315582275
137008,25.7203178405762
137009,23.3902549743652
137010,20.1655921936035
137011,48.0387344360352
137012,20.524772644043
137013,25.9561386108398
137014,26.7659797668457
137015,23.8788356781006
137016,27.0406951904297
137017,34.1657485961914
137018,28.7207927703857
137019,26.5329113006592
137020,26.9927425384521
137021,24.0431270599365
137022,27.9836521148682
137023,35.4784889221191
137024,31.6900882720947
137025,30.7748012542725
137026,30.5689392089844
137027,28.2309494018555
137028,31.3076515197754
137029,39.6076698303223
137030,33.8094444274902
137031,33.433422088623
137032,33.3076591491699
137033,31.2731914520264
137034,32.0135917663574
137035,31.9986820220947
137036,27.9997825622559
137037,26.0495929718018
137038,27.183744430542
137039,25.793306350708
137040,29.1429748535156
137041,28.035062789917
137042,22.2944660186768
137043,23.2939300537109
137044,24.1555957794189
137045,21.8108253479004
137046,22.4726238250732
137047,29.5427932739258
137048,20.5385437011719
137049,25.870023727417
137050,22.1295795440674
137051,21.5578155517578
137052,21.2503852844238
137053,30.090295791626
137054,25.0531673431396
137055,31.3541851043701
137056,25.7299938201904
137057,26.2162609100342
137058,24.7544651031494
137059,30.2821731567383
137060,24.5534763336182
137061,32.3428192138672
137062,28.0501651763916
137063,28.3641757965088
137064,24.7573776245117
137065,31.5314636230469
137066,26.0918827056885
137067,35.4452514648438
137068,33.0710258483887
137069,32.9584541320801
137070,26.2783985137939
137071,31.9844665527344
137072,24.9740295410156
137073,35.729248046875
137074,34.0629463195801
137075,33.8853187561035
137076,25.5428428649902
137077,41.4448890686035
137078,27.4975090026855
137079,41.4759407043457
137080,41.8143768310547
137081,37.5277137756348
137082,27.5036315917969
137083,56.1724700927734
137084,32.3297805786133
137085,50.0667457580566
137086,56.5787696838379
137087,49.7488899230957
137088,32.3128509521484
137089,64.113639831543
137090,32.7830467224121
137091,51.350513458252
137092,33.5079879760742
137093,51.4135055541992
137094,33.3239250183105
137095,78.3378295898438
137096,41.5803604125977
137097,60.3409004211426
137098,49.4588394165039
137099,50.7945594787598
137100,41.2472648620605
137101,137.29899597168
137102,94.6372756958008
137103,87.9622421264648
137104,95.8801651000977
137105,89.5359115600586
137106,94.7197799682617
137107,77.0982666015625
137108,51.097095489502
137109,46.5471801757812
137110,59.4166412353516
137111,54.9624786376953
137112,49.6823997497559
137113,62.5533828735352
137114,37.7644233703613
137115,32.1772804260254
137116,34.0511779785156
137117,37.5928535461426
137118,35.7014846801758
137119,63.7756843566895
137120,34.8182716369629
137121,31.9468555450439
137122,31.8078212738037
137123,31.1552104949951
137124,34.8637466430664
137125,59.273567199707
137126,35.7887763977051
137127,37.6562614440918
137128,30.477725982666
137129,30.4438934326172
137130,34.2005043029785
137131,65.265869140625
137132,30.8870964050293
137133,33.4333076477051
137134,28.6146411895752
137135,28.5509433746338
137136,29.3693561553955
137137,41.9380264282227
137138,32.9451866149902
137139,31.8049354553223
137140,32.7743492126465
137141,27.4701919555664
137142,32.491771697998
137143,37.5491065979004
137144,32.8106346130371
137145,33.2860832214355
137146,32.525089263916
137147,29.4212779998779
137148,32.7144737243652
137149,41.4796371459961
137150,32.5139694213867
137151,33.4151840209961
137152,31.4862327575684
137153,29.4113235473633
137154,32.8047904968262
137155,44.3278503417969
137156,31.1714744567871
137157,32.4660682678223
137158,32.2030410766602
137159,31.7841892242432
137160,31.9743614196777
137161,45.6333541870117
137162,29.8082580566406
137163,32.7597389221191
137164,32.7640419006348
137165,33.4230003356934
137166,32.2976684570312
137167,57.3008232116699
137168,29.8305740356445
137169,33.4729537963867
137170,33.480770111084
137171,33.4729537963867
137172,31.1561508178711
137173,56.0369834899902
137174,33.0981140136719
137175,37.610221862793
137176,37.5957679748535
137177,37.7408638000488
137178,33.5142478942871
137179,41.5028381347656
137180,26.7828235626221
137181,31.8117046356201
137182,31.8254737854004
137183,31.9801712036133
137184,26.9458770751953
137185,40.9091453552246
137186,24.3184413909912
137187,26.2708263397217
137188,26.7678565979004
137189,26.9011154174805
137190,26.1350917816162
137191,41.1034736633301
137192,25.4563312530518
137193,25.961311340332
137194,26.1542377471924
137195,19.9766654968262
137196,25.8665199279785
137197,40.5376510620117
137198,25.8818969726562
137199,25.9089889526367
137200,26.0845127105713
137201,24.1410846710205
137202,25.8943843841553
137203,40.7670288085938
137204,26.7241497039795
137205,25.5468635559082
137206,24.2058868408203
137207,26.853343963623
137208,26.6227836608887
137209,41.4148750305176
137210,27.6491947174072
137211,24.3696041107178
137212,27.6777648925781
137213,26.9835205078125
137214,27.6491947174072
137215,40.8924217224121
137216,28.6610946655273
137217,28.5989665985107
137218,27.7066593170166
137219,26.1640872955322
137220,28.6610946655273
137221,42.2243728637695
137222,30.0036888122559
137223,29.9636039733887
137224,27.4914436340332
137225,27.3407955169678
137226,30.0036888122559
137227,53.9713020324707
137228,43.2159614562988
137229,43.1359329223633
137230,36.980655670166
137231,35.2756042480469
137232,43.2159614562988
137233,59.0862236022949
137234,44.694019317627
137235,44.5543899536133
137236,27.7868900299072
137237,43.100643157959
137238,44.694019317627
137239,68.7898254394531
137240,52.3993492126465
137241,48.7919921875
137242,38.5518379211426
137243,51.5019493103027
137244,52.4241256713867
137245,281.889801025391
137246,248.08186340332
137247,229.809524536133
137248,227.665130615234
137249,240.781143188477
137250,248.271957397461
137251,82.2090301513672
137252,60.7677192687988
137253,53.4045829772949
137254,57.1457405090332
137255,59.769905090332
137256,60.808422088623
137257,62.5264129638672
137258,40.5543785095215
137259,36.7455787658691
137260,40.114429473877
137261,39.9186058044434
137262,38.7304801940918
137263,45.0899314880371
137264,34.8169136047363
137265,33.794189453125
137266,36.2610855102539
137267,36.2006568908691
137268,35.4748573303223
137269,42.2116851806641
137270,32.2712516784668
137271,34.1776466369629
137272,34.3207588195801
137273,34.3285751342773
137274,31.8721618652344
137275,43.3123893737793
137276,31.7863159179688
137277,33.3948554992676
137278,33.3037071228027
137279,33.3115234375
137280,31.1880187988281
137281,41.0782051086426
137282,32.1099853515625
137283,32.0119476318359
137284,32.0583648681641
137285,30.4692974090576
137286,31.67799949646
137287,40.6821136474609
137288,30.4937477111816
137289,30.3875160217285
137290,30.453197479248
137291,28.9202060699463
137292,30.5267772674561
137293,40.3749313354492
137294,29.8066520690918
137295,29.7257633209229
137296,29.7914447784424
137297,29.5791854858398
137298,29.8396816253662
137299,39.6860542297363
137300,29.7603244781494
137301,29.7373027801514
137302,29.7451171875
137303,29.6626377105713
137304,29.7837429046631
137305,39.8332977294922
137306,29.8349170684814
137307,29.8036842346191
137308,29.8114986419678
137309,29.7950325012207
137310,29.8501243591309
137311,40.438175201416
137312,32.3006973266602
137313,32.0599555969238
137314,32.0583648681641
137315,32.0583648681641
137316,32.2822189331055
137317,42.6762542724609
137318,35.420467376709
137319,33.2652740478516
137320,35.260555267334
137321,35.260555267334
137322,35.420467376709
137323,24.4641227722168
137324,24.702299118042
137325,22.8460292816162
137326,24.702299118042
137327,24.8415241241455
137328,24.702299118042
137329,22.5643463134766
137330,22.1914310455322
137331,22.1914310455322
137332,22.2766170501709
137333,22.3860950469971
137334,22.2066383361816
137335,21.9667167663574
137336,22.1364402770996
137337,22.1364402770996
137338,22.2885131835938
137339,22.4396419525146
137340,22.1364402770996
137341,21.6760654449463
137342,22.2522373199463
137343,22.3425331115723
137344,22.9349021911621
137345,22.9097633361816
137346,22.2522373199463
137347,28.8068199157715
137348,22.7263355255127
137349,23.1418628692627
137350,23.5368633270264
137351,23.5386238098145
137352,22.7263355255127
137353,35.2044868469238
137354,26.4711933135986
137355,26.810546875
137356,29.4212837219238
137357,27.8090991973877
137358,26.4435234069824
137359,39.5640640258789
137360,27.9319858551025
137361,27.8003349304199
137362,28.2636890411377
137363,29.1691188812256
137364,27.9319858551025
137365,40.547119140625
137366,28.4783134460449
137367,28.2769718170166
137368,29.8012580871582
137369,29.7056617736816
137370,28.4188652038574
137371,51.9776077270508
137372,40.7910461425781
137373,40.7156829833984
137374,41.1069068908691
137375,40.4736938476562
137376,40.7910461425781
137377,59.3491249084473
137378,45.4643630981445
137379,45.3140754699707
137380,46.546932220459
137381,44.6152572631836
137382,45.4934997558594
137383,68.3615417480469
137384,52.9777450561523
137385,53.3482818603516
137386,52.2178192138672
137387,52.1309700012207
137388,53.4722023010254
137389,87.6106109619141
137390,63.4658737182617
137391,63.328254699707
137392,59.9517402648926
137393,60.8706321716309
137394,64.0532455444336
137395,69.3328857421875
137396,41.4211578369141
137397,45.7066650390625
137398,47.2714424133301
137399,47.2714424133301
137400,41.5886192321777
137401,55.9496078491211
137402,27.3047370910645
137403,29.3298206329346
137404,27.9867248535156
137405,26.1658134460449
137406,27.3677291870117
137407,35.2475433349609
137408,23.1201190948486
137409,25.7031211853027
137410,23.1146869659424
137411,21.9124870300293
137412,23.1128368377686
137413,34.0199966430664
137414,23.2005958557129
137415,25.5514678955078
137416,23.7334861755371
137417,22.18918800354
137418,20.5649471282959
137419,31.1938304901123
137420,17.8506088256836
137421,23.0064182281494
137422,24.4360370635986
137423,19.811071395874
137424,17.1775321960449
137425,26.7045917510986
137426,15.6294813156128
137427,21.3397464752197
137428,22.3164710998535
137429,20.6196060180664
137430,15.1832609176636
137431,26.5940074920654
137432,17.352611541748
137433,21.9091663360596
137434,23.1352100372314
137435,21.7453708648682
137436,18.6894397735596
137437,26.433536529541
137438,20.4206829071045
137439,23.3757419586182
137440,23.0932140350342
137441,21.8270683288574
137442,19.3517684936523
137443,27.5067920684814
137444,20.5532970428467
137445,23.9856586456299
137446,23.888879776001
137447,22.0686740875244
137448,20.5794315338135
137449,28.1374893188477
137450,20.8241004943848
137451,24.045825958252
137452,23.6468963623047
137453,23.0556545257568
137454,20.4720668792725
137455,29.0315856933594
137456,20.7505588531494
137457,24.0922889709473
137458,23.6480865478516
137459,23.4530334472656
137460,20.3219528198242
137461,33.0179176330566
137462,24.8402976989746
137463,26.9801769256592
137464,26.7815189361572
137465,26.0376472473145
137466,24.3283081054688
137467,23.2046089172363
137468,21.9907455444336
137469,22.2306823730469
137470,22.241361618042
137471,21.7327213287354
137472,20.6819496154785
137473,17.6819515228271
137474,20.6178207397461
137475,20.6738891601562
137476,20.68434715271
137477,20.8062229156494
137478,19.9385108947754
137479,19.995698928833
137480,21.19020652771
137481,21.1866092681885
137482,21.3367004394531
137483,21.3312587738037
137484,21.019172668457
137485,28.0076599121094
137486,22.1864147186279
137487,22.317497253418
137488,22.6702136993408
137489,22.5735378265381
137490,22.1664276123047
137491,34.6397743225098
137492,22.9159736633301
137493,23.2095813751221
137494,23.4336204528809
137495,23.3422222137451
137496,22.8698139190674
137497,39.0682945251465
137498,26.5160636901855
137499,26.4982452392578
137500,27.0058078765869
137501,26.8700752258301
137502,26.4251976013184
137503,41.1776847839355
137504,27.8787822723389
137505,27.6479339599609
137506,28.3311138153076
137507,28.2849216461182
137508,27.8787822723389
137509,40.3885078430176
137510,28.3725776672363
137511,28.0953788757324
137512,28.7654628753662
137513,28.4231967926025
137514,28.2682304382324
137515,50.2553100585938
137516,37.006908416748
137517,39.0552406311035
137518,39.1813659667969
137519,39.2903671264648
137520,39.4709434509277
137521,59.4080047607422
137522,44.9004745483398
137523,44.5181045532227
137524,44.2713966369629
137525,44.4847679138184
137526,45.4265556335449
137527,58.7464942932129
137528,48.8995399475098
137529,48.3806228637695
137530,48.0545845031738
137531,40.8571128845215
137532,49.7754096984863
137533,73.5948333740234
137534,58.5355072021484
137535,50.8026809692383
137536,41.7284126281738
137537,51.058162689209
137538,57.895580291748
137539,52.6471977233887
137540,37.3745460510254
137541,36.7604484558105
137542,32.1959114074707
137543,32.6942176818848
137544,40.162223815918
137545,38.1383094787598
137546,28.087984085083
137547,28.5007152557373
137548,24.4337520599365
137549,25.3554973602295
137550,28.0764560699463
137551,37.2898826599121
137552,26.0003910064697
137553,26.7062168121338
137554,22.7597484588623
137555,23.696138381958
137556,26.300745010376
137557,36.6999206542969
137558,24.9520969390869
137559,25.0203189849854
137560,24.3891048431396
137561,23.4085559844971
137562,25.1075496673584
137563,36.3409843444824
137564,22.8005256652832
137565,23.5285568237305
137566,23.281078338623
137567,22.5561809539795
137568,22.0662841796875
137569,34.9055480957031
137570,22.3361148834229
137571,24.1844387054443
137572,24.250940322876
137573,22.4952907562256
137574,21.9363021850586
137575,33.5098190307617
137576,22.2198638916016
137577,22.8612442016602
137578,24.0388965606689
137579,22.4098739624023
137580,19.9619617462158
137581,35.0253257751465
137582,23.4938220977783
137583,24.1960735321045
137584,24.7447280883789
137585,23.3934936523438
137586,20.7065773010254
137587,43.3779487609863
137588,26.0565452575684
137589,26.7942504882812
137590,26.8694133758545
137591,26.7942504882812
137592,23.686674118042
137593,41.814624786377
137594,26.4797306060791
137595,27.044506072998
137596,27.044506072998
137597,27.044506072998
137598,25.5156097412109
137599,39.4290008544922
137600,27.7082977294922
137601,28.194034576416
137602,28.2018489837646
137603,28.2018489837646
137604,26.3342037200928
137605,40.5856323242188
137606,29.5992832183838
137607,30.7542533874512
137608,30.7542533874512
137609,30.7542533874512
137610,29.1160697937012
137611,26.6614570617676
137612,22.0926189422607
137613,22.757682800293
137614,22.757682800293
137615,22.8850975036621
137616,20.8462867736816
137617,23.8598594665527
137618,21.1993885040283
137619,21.3272533416748
137620,21.2866191864014
137621,21.4370822906494
137622,20.8800392150879
137623,32.572021484375
137624,21.4186458587646
137625,21.4403896331787
137626,21.4133625030518
137627,21.5659694671631
137628,21.4186458587646
137629,32.2966995239258
137630,22.2053661346436
137631,22.2507495880127
137632,22.3520336151123
137633,22.3645572662354
137634,22.2407398223877
137635,35.192066192627
137636,22.8060207366943
137637,22.8224716186523
137638,23.1234149932861
137639,23.0064907073975
137640,22.7437858581543
137641,35.8329696655273
137642,23.4735069274902
137643,23.4401416778564
137644,23.5395851135254
137645,23.6834659576416
137646,23.4494400024414
137647,38.7256736755371
137648,26.2991771697998
137649,26.3479633331299
137650,23.9920253753662
137651,26.3472747802734
137652,26.2558574676514
137653,39.4063034057617
137654,26.9841938018799
137655,27.1480274200439
137656,27.0778045654297
137657,24.844762802124
137658,27.1103820800781
137659,49.8065414428711
137660,39.1012420654297
137661,38.6452369689941
137662,38.7526550292969
137663,37.3899993896484
137664,38.9768905639648
137665,58.8385543823242
137666,44.8054237365723
137667,44.504337310791
137668,44.504337310791
137669,44.4863166809082
137670,44.810661315918
137671,64.3445281982422
137672,47.2428245544434
137673,48.4028091430664
137674,40.8543357849121
137675,48.4229316711426
137676,48.550853729248
137677,84.4528121948242
137678,60.3329124450684
137679,59.8392372131348
137680,43.9375114440918
137681,50.9211807250977
137682,59.4259452819824
137683,59.3429718017578
137684,40.5235710144043
137685,36.7595481872559
137686,35.6675796508789
137687,37.2777442932129
137688,41.6694488525391
137689,52.5466461181641
137690,30.7848320007324
137691,29.3068752288818
137692,27.7611103057861
137693,29.334192276001
137694,31.0119094848633
137695,40.5890922546387
137696,30.9871139526367
137697,30.7453670501709
137698,28.0254783630371
137699,28.9532718658447
137700,30.9871139526367
137701,41.8869247436523
137702,26.4284725189209
137703,26.3738422393799
137704,26.5167713165283
137705,25.0620880126953
137706,27.8170604705811
137707,43.0037651062012
137708,23.8926086425781
137709,26.0080242156982
137710,25.3136787414551
137711,24.585168838501
137712,23.8548603057861
137713,42.8553886413574
137714,23.3023338317871
137715,25.8934440612793
137716,26.4581356048584
137717,25.3448352813721
137718,23.13352394104
137719,52.8242263793945
137720,23.9016761779785
137721,26.9705581665039
137722,27.5087127685547
137723,26.05588722229
137724,23.9016761779785
137725,43.3005905151367
137726,26.1673755645752
137727,28.0894641876221
137728,28.1646270751953
137729,28.0821475982666
137730,24.6997928619385
137731,42.3331832885742
137732,27.4844608306885
137733,28.8754291534424
137734,28.883243560791
137735,28.883243560791
137736,26.9955959320068
137737,44.2639198303223
137738,28.7898540496826
137739,29.7914447784424
137740,29.7836303710938
137741,29.7914447784424
137742,28.1821975708008
137743,44.8435897827148
137744,31.3088321685791
137745,32.0505485534668
137746,32.0505485534668
137747,32.0583648681641
137748,30.4121284484863
137749,47.2232780456543
137750,36.7496337890625
137751,36.7878456115723
137752,36.7878456115723
137753,36.7878456115723
137754,36.0256996154785
137755,31.5380516052246
137756,27.364933013916
137757,27.3656158447266
137758,27.3656158447266
137759,27.4746208190918
137760,27.298267364502
137761,33.6496315002441
137762,25.9539890289307
137763,25.946174621582
137764,25.946174621582
137765,26.0735893249512
137766,25.9539890289307
137767,38.1806182861328
137768,24.9191036224365
137769,24.9191036224365
137770,24.9279899597168
137771,25.0465183258057
137772,24.9343109130859
137773,38.4342460632324
137774,24.7293167114258
137775,24.7293167114258
137776,24.7966537475586
137777,24.8415241241455
137778,24.7293167114258
137779,40.6531944274902
137780,26.0160636901855
137781,26.086935043335
137782,26.2108764648438
137783,26.2649307250977
137784,26.0160636901855
137785,41.603889465332
137786,27.4309158325195
137787,27.7062187194824
137788,27.7866535186768
137789,27.895658493042
137790,27.4309158325195
137791,42.8601303100586
137792,29.3106956481934
137793,29.5073146820068
137794,29.4608135223389
137795,29.589038848877
137796,29.3106956481934
137797,45.2230224609375
137798,32.2491722106934
137799,32.3969917297363
137800,32.2226638793945
137801,32.3124732971191
137802,32.2215042114258
137803,54.6085662841797
137804,42.909351348877
137805,43.2242584228516
137806,42.982421875
137807,43.3119621276855
137808,43.0276527404785
137809,60.3102035522461
137810,47.1523475646973
137811,47.473503112793
137812,47.2322654724121
137813,43.7620239257812
137814,47.1759185791016
137815,80.0057678222656
137816,58.5658874511719
137817,58.8826332092285
137818,58.7304725646973
137819,58.670036315918
137820,58.6165809631348
137821,86.7188110351562
137822,62.7386703491211
137823,62.4674224853516
137824,61.3418350219727
137825,58.3753128051758
137826,62.0241203308105
137827,65.5293655395508
137828,42.8078575134277
137829,50.498046875
137830,48.2452011108398
137831,47.5630722045898
137832,43.8872222900391
137833,55.2044639587402
137834,31.0074024200439
137835,31.9572467803955
137836,29.0953254699707
137837,31.1067047119141
137838,31.615743637085
137839,44.8039054870605
137840,30.6898803710938
137841,31.7313632965088
137842,29.063325881958
137843,30.5986518859863
137844,33.0042915344238
137845,44.6926803588867
137846,29.179443359375
137847,31.0872611999512
137848,28.9116382598877
137849,29.5003204345703
137850,29.7334098815918
137851,43.4823684692383
137852,30.0189247131348
137853,31.507532119751
137854,28.9847354888916
137855,29.3928890228271
137856,29.5710029602051
137857,41.8992958068848
137858,29.1458015441895
137859,30.3828182220459
137860,29.0895080566406
137861,29.4753360748291
137862,28.5037422180176
137863,47.2236480712891
137864,28.8293876647949
137865,29.0195236206055
137866,29.765739440918
137867,29.2134399414062
137868,27.4747314453125
137869,58.3314094543457
137870,30.2552947998047
137871,30.3780345916748
137872,30.4453830718994
137873,30.3780345916748
137874,29.0541133880615
137875,62.9266357421875
137876,30.8291358947754
137877,30.4614925384521
137878,30.5271739959717
137879,30.5271739959717
137880,30.1054401397705
137881,63.086353302002
137882,32.4503288269043
137883,31.2058792114258
137884,32.0505485534668
137885,32.0583648681641
137886,31.35129737854
137887,62.1269874572754
137888,33.9206886291504
137889,33.4241905212402
137890,33.4151840209961
137891,33.4230003356934
137892,33.4447631835938
137893,65.1806488037109
137894,37.3218421936035
137895,35.5725250244141
137896,36.642749786377
137897,36.7956619262695
137898,37.1767463684082
137899,44.1713943481445
137900,28.3416042327881
137901,26.6948795318604
137902,27.9757328033447
137903,28.08473777771
137904,28.3054847717285
137905,41.9048614501953
137906,25.1816177368164
137907,24.2262420654297
137908,24.900369644165
137909,25.0070781707764
137910,25.1816177368164
137911,38.3131637573242
137912,22.8704261779785
137913,22.6757888793945
137914,22.7528018951416
137915,22.8521747589111
137916,22.8704261779785
137917,36.2699813842773
137918,22.8856334686279
137919,22.7336559295654
137920,23.0256576538086
137921,22.8610610961914
137922,22.8856334686279
137923,39.4359016418457
137924,25.1540699005127
137925,25.3414440155029
137926,25.3414440155029
137927,25.4599628448486
137928,24.9860305786133
137929,40.7995796203613
137930,27.3545455932617
137931,27.7583160400391
137932,27.6610317230225
137933,27.7569389343262
137934,27.3623600006104
137935,42.1057548522949
137936,28.9442081451416
137937,29.0098533630371
137938,29.0098533630371
137939,29.2292404174805
137940,28.9520225524902
137941,43.0075187683105
137942,29.7636699676514
137943,29.8076629638672
137944,29.8053569793701
137945,28.6907634735107
137946,29.7636699676514
137947,54.2223968505859
137948,43.0141868591309
137949,43.0279541015625
137950,42.902286529541
137951,40.1425514221191
137952,43.0141868591309
137953,59.4361152648926
137954,45.4283676147461
137955,45.8257179260254
137956,45.4203071594238
137957,45.4942436218262
137958,45.4361839294434
137959,69.1275863647461
137960,52.8881454467773
137961,53.4657325744629
137962,52.9003295898438
137963,52.7201652526855
137964,52.8910980224609
137965,223.403961181641
137966,187.887466430664
137967,191.122161865234
137968,188.366485595703
137969,183.708358764648
137970,187.461929321289
137971,77.9840774536133
137972,41.2982063293457
137973,40.7381134033203
137974,45.558765411377
137975,51.2540626525879
137976,45.3174057006836
137977,44.1587982177734
137978,29.7286357879639
137979,31.2556228637695
137980,29.8391265869141
137981,36.2732620239258
137982,31.3824157714844
137983,40.4585800170898
137984,28.8488616943359
137985,29.2027378082275
137986,27.9043273925781
137987,28.8454437255859
137988,29.2696685791016
137989,37.974494934082
137990,25.8730068206787
137991,26.4319686889648
137992,27.6566638946533
137993,26.3073329925537
137994,25.9214935302734
137995,44.318187713623
137996,25.3425750732422
137997,25.2329216003418
137998,28.764762878418
137999,26.1320095062256
138000,25.2538757324219
138001,44.2583351135254
138002,25.5285377502441
138003,26.8877944946289
138004,28.3204784393311
138005,26.8338432312012
138006,25.5603713989258
138007,38.4435272216797
138008,24.6458225250244
138009,26.5629825592041
138010,28.0383529663086
138011,26.4057159423828
138012,23.922248840332
138013,37.6934280395508
138014,25.3748760223389
138015,27.2796592712402
138016,27.7997436523438
138017,26.8184089660645
138018,24.6317310333252
138019,38.3944358825684
138020,27.0768871307373
138021,27.9433498382568
138022,28.2918510437012
138023,27.8528842926025
138024,25.1592960357666
138025,41.1376571655273
138026,27.0654773712158
138027,28.8100605010986
138028,28.8930377960205
138029,28.3017292022705
138030,27.0485858917236
138031,41.634407043457
138032,29.2400054931641
138033,29.8036842346191
138034,29.8036842346191
138035,29.5992393493652
138036,28.9767055511475
138037,43.388240814209
138038,33.7461929321289
138039,33.9320030212402
138040,33.8631362915039
138041,33.2462844848633
138042,33.0243606567383
138043,27.9347724914551
138044,24.8683586120605
138045,24.702299118042
138046,24.702299118042
138047,24.8208179473877
138048,24.2983531951904
138049,22.116907119751
138050,20.7064552307129
138051,20.7064552307129
138052,20.6832695007324
138053,20.8347492218018
138054,20.7216625213623
138055,30.0813274383545
138056,21.3436889648438
138057,21.3436889648438
138058,21.3762340545654
138059,21.4683856964111
138060,21.3436889648438
138061,31.1609172821045
138062,22.3430099487305
138063,22.3525657653809
138064,22.4628849029541
138065,22.5280208587646
138066,22.3430099487305
138067,36.5716781616211
138068,23.0402774810791
138069,23.210865020752
138070,23.2239627838135
138071,23.3293838500977
138072,23.0402774810791
138073,41.3246765136719
138074,27.8951377868652
138075,27.6479339599609
138076,27.7091121673584
138077,27.7700366973877
138078,27.7867813110352
138079,42.9569931030273
138080,29.9087924957275
138081,29.5579872131348
138082,29.6060581207275
138083,29.6579074859619
138084,29.9087924957275
138085,45.4760627746582
138086,32.7606239318848
138087,32.410758972168
138088,32.5368843078613
138089,32.5115623474121
138090,32.7606239318848
138091,54.0405616760254
138092,43.9535293579102
138093,43.1981620788574
138094,43.1521339416504
138095,43.1748886108398
138096,44.0384178161621
138097,60.6560134887695
138098,48.3601837158203
138099,47.3334541320801
138100,47.1152801513672
138101,47.1397247314453
138102,48.2734069824219
138103,73.7796936035156
138104,54.8606262207031
138105,55.386116027832
138106,55.1628570556641
138107,55.1507911682129
138108,54.0535621643066
138109,101.105194091797
138110,63.8326148986816
138111,71.0480651855469
138112,70.1936340332031
138113,68.2822036743164
138114,66.4614334106445
138115,76.5971374511719
138116,39.6093940734863
138117,50.4150314331055
138118,50.5063400268555
138119,47.694408416748
138120,37.4681968688965
138121,39.3135261535645
138122,27.6958236694336
138123,31.1810703277588
138124,28.181116104126
138125,32.8874053955078
138126,27.7960605621338
138127,34.654914855957
138128,25.7104911804199
138129,27.9554004669189
138130,26.8766174316406
138131,26.2571983337402
138132,25.1412181854248
138133,34.0614700317383
138134,22.5805034637451
138135,24.7279224395752
138136,25.1044521331787
138137,24.6697387695312
138138,22.1283512115479
138139,35.3771820068359
138140,21.4902839660645
138141,23.772144317627
138142,21.8634624481201
138143,21.0421333312988
138144,20.0509567260742
138145,31.0302848815918
138146,21.3878631591797
138147,22.7767372131348
138148,24.145715713501
138149,22.0670909881592
138150,17.60182762146
138151,30.8487091064453
138152,22.3905773162842
138153,23.8298282623291
138154,25.6058769226074
138155,22.3814888000488
138156,21.6571941375732
138157,30.8918952941895
138158,22.4551448822021
138159,23.0031776428223
138160,25.9024887084961
138161,22.6317691802979
138162,21.3078212738037
138163,33.3621063232422
138164,24.4259395599365
138165,24.5566730499268
138166,26.1488761901855
138167,25.5096206665039
138168,22.7297344207764
138169,37.4612770080566
138170,26.7569026947021
138171,28.1953525543213
138172,28.6197662353516
138173,28.5446033477783
138174,25.3014698028564
138175,39.9086494445801
138176,29.3854141235352
138177,29.7740154266357
138178,29.8066673278809
138179,29.7315044403076
138180,27.2568302154541
138181,43.2140960693359
138182,31.2946491241455
138183,33.9573860168457
138184,34.1027908325195
138185,34.0301818847656
138186,30.525936126709
138187,30.0028591156006
138188,24.2986965179443
138189,26.2724857330322
138190,26.2646713256836
138191,26.3910045623779
138192,21.6553382873535
138193,27.0344409942627
138194,19.5858383178711
138195,22.2001914978027
138196,22.2092418670654
138197,22.3187103271484
138198,19.5500049591064
138199,34.094409942627
138200,21.4320030212402
138201,22.2479629516602
138202,22.2873115539551
138203,22.3664817810059
138204,20.1595249176025
138205,32.4772872924805
138206,22.1093406677246
138207,22.7805233001709
138208,22.9453868865967
138209,22.9620609283447
138210,22.0101928710938
138211,40.0980453491211
138212,26.9112319946289
138213,27.0335998535156
138214,27.0602226257324
138215,27.1734580993652
138216,26.9659767150879
138217,41.8153762817383
138218,28.9785575866699
138219,28.9845104217529
138220,29.0456886291504
138221,29.0935153961182
138222,28.9785575866699
138223,44.1097640991211
138224,32.1715812683105
138225,32.1768646240234
138226,32.092887878418
138227,32.3126449584961
138228,32.1715812683105
138229,41.032039642334
138230,32.5788879394531
138231,32.2247695922852
138232,32.0417900085449
138233,32.1811332702637
138234,32.4815101623535
138235,43.6508331298828
138236,41.9126319885254
138237,42.901195526123
138238,40.0945434570312
138239,42.4187316894531
138240,43.3627815246582
138241,51.5217437744141
138242,39.0743637084961
138243,45.3716735839844
138244,38.4719734191895
138245,45.1593780517578
138246,38.5278625488281
138247,53.4171867370605
138248,38.2746696472168
138249,51.2546539306641
138250,51.0725288391113
138251,51.1428375244141
138252,42.0738639831543
138253,57.4356117248535
138254,46.548770904541
138255,45.1645431518555
138256,42.7684707641602
138257,59.4393768310547
138258,45.7383232116699
138259,47.2092399597168
138260,37.1494255065918
138261,37.8973007202148
138262,33.4592781066895
138263,34.6588973999023
138264,36.4034423828125
138265,37.819938659668
138266,27.5722923278809
138267,29.5147972106934
138268,27.9501266479492
138269,27.1507453918457
138270,26.9770660400391
138271,37.9983520507812
138272,25.0237216949463
138273,28.4655799865723
138274,26.4935417175293
138275,26.9030132293701
138276,25.0067768096924
138277,34.8202743530273
138278,22.6799259185791
138279,26.4370937347412
138280,25.9356269836426
138281,25.1863193511963
138282,21.8063812255859
138283,42.8395156860352
138284,21.4960479736328
138285,24.1342964172363
138286,25.8723793029785
138287,23.1705303192139
138288,20.0773086547852
138289,34.8239440917969
138290,23.0748538970947
138291,24.8951110839844
138292,26.4324054718018
138293,23.0499057769775
138294,20.4764499664307
138295,39.8493270874023
138296,22.7032775878906
138297,24.5663261413574
138298,26.08740234375
138299,24.8655395507812
138300,21.2494010925293
138301,49.3352508544922
138302,24.1881637573242
138303,26.5576610565186
138304,27.0931835174561
138305,27.0180206298828
138306,23.3548641204834
138307,53.2856712341309
138308,25.1648540496826
138309,28.3949851989746
138310,28.4528522491455
138311,28.4528522491455
138312,25.0979290008545
138313,56.4120025634766
138314,28.0522003173828
138315,29.4297218322754
138316,29.4297218322754
138317,29.4297218322754
138318,26.2277851104736
138319,60.4342842102051
138320,30.463846206665
138321,31.138256072998
138322,31.1304416656494
138323,31.138256072998
138324,29.1458015441895
138325,63.8428802490234
138326,36.642951965332
138327,36.810115814209
138328,36.7878456115723
138329,36.7956619262695
138330,36.039737701416
138331,43.1488723754883
138332,26.6810607910156
138333,26.6730499267578
138334,26.6730499267578
138335,26.7993831634521
138336,26.2880573272705
138337,37.737003326416
138338,22.2530155181885
138339,22.2363529205322
138340,22.2454032897949
138341,22.3548717498779
138342,22.2530155181885
138343,37.5516967773438
138344,22.4130096435547
138345,22.3938674926758
138346,22.3947467803955
138347,22.4996585845947
138348,22.4130096435547
138349,37.0209465026855
138350,22.8123931884766
138351,22.7859153747559
138352,22.8562698364258
138353,22.9096202850342
138354,22.8038959503174
138355,40.5100708007812
138356,25.9622459411621
138357,26.1731491088867
138358,26.2343006134033
138359,26.1096210479736
138360,25.9621524810791
138361,41.5904159545898
138362,28.1314239501953
138363,28.1959095001221
138364,28.2090072631836
138365,28.3049144744873
138366,28.1147613525391
138367,43.9725074768066
138368,30.7356967926025
138369,30.5951976776123
138370,30.9676074981689
138371,30.8365058898926
138372,30.8173446655273
138373,39.8733749389648
138374,32.2300872802734
138375,32.1447792053223
138376,32.2378692626953
138377,32.3124732971191
138378,32.2319984436035
138379,53.6956253051758
138380,40.4058990478516
138381,35.9514389038086
138382,42.9398727416992
138383,42.794189453125
138384,40.0191879272461
138385,46.6092567443848
138386,36.9368629455566
138387,40.9152870178223
138388,44.2866554260254
138389,44.373405456543
138390,35.4889678955078
138391,52.8681373596191
138392,35.0369491577148
138393,40.8244819641113
138394,32.1875610351562
138395,33.3931045532227
138396,34.9984931945801
138397,82.4881210327148
138398,43.2594451904297
138399,39.737377166748
138400,51.4773483276367
138401,54.3425598144531
138402,43.502872467041
138403,54.5081062316895
138404,32.8060913085938
138405,32.2969131469727
138406,31.1423854827881
138407,30.0872058868408
138408,33.7681503295898
138409,48.1380386352539
138410,26.9855518341064
138411,32.0277976989746
138412,31.4569644927979
138413,30.2991504669189
138414,25.8926753997803
138415,38.7138137817383
138416,22.5946350097656
138417,28.6166553497314
138418,28.4046211242676
138419,28.9887714385986
138420,22.1862258911133
138421,36.0943183898926
138422,20.932638168335
138423,27.1696624755859
138424,26.9236907958984
138425,26.9149742126465
138426,19.6785774230957
138427,29.9303894042969
138428,18.1090831756592
138429,23.7045612335205
138430,25.0483512878418
138431,25.0516300201416
138432,18.4331932067871
138433,30.3886470794678
138434,17.499568939209
138435,23.7552452087402
138436,23.8202285766602
138437,22.4700965881348
138438,15.7904634475708
138439,30.3011341094971
138440,18.7038860321045
138441,23.7552452087402
138442,23.8366947174072
138443,23.4327144622803
138444,16.2899398803711
138445,32.916576385498
138446,17.9467144012451
138447,23.7470531463623
138448,23.8316173553467
138449,23.8200492858887
138450,17.4860363006592
138451,35.5376091003418
138452,20.0089454650879
138453,23.7470531463623
138454,23.8316173553467
138455,23.8365154266357
138456,20.0089454650879
138457,37.0702362060547
138458,20.4745445251465
138459,23.5995960235596
138460,23.8366947174072
138461,23.8415927886963
138462,20.3913917541504
138463,39.4074325561523
138464,21.1539497375488
138465,23.602954864502
138466,24.0308113098145
138467,24.0308113098145
138468,20.8179988861084
138469,39.5599632263184
138470,25.2939796447754
138471,25.0417022705078
138472,26.2644901275635
138473,26.2644901275635
138474,24.1564140319824
138475,25.0436916351318
138476,21.8547592163086
138477,21.9299221038818
138478,21.928991317749
138479,22.0484409332275
138480,20.1268920898438
138481,16.380931854248
138482,19.8021869659424
138483,19.7994232177734
138484,19.7791805267334
138485,19.9389781951904
138486,19.0869159698486
138487,15.11252784729
138488,19.2737331390381
138489,19.7122478485107
138490,19.7072601318359
138491,19.8405418395996
138492,18.8871726989746
138493,11.9458265304565
138494,18.2235336303711
138495,19.8056488037109
138496,19.8864631652832
138497,19.9565925598145
138498,18.2235336303711
138499,10.1282224655151
138500,19.5259437561035
138501,20.0691204071045
138502,20.3331260681152
138503,20.3564472198486
138504,19.5699825286865
138505,10.9000558853149
138506,20.1809310913086
138507,20.5308570861816
138508,20.6432285308838
138509,20.9225101470947
138510,20.0067195892334
138511,15.4730978012085
138512,18.5630435943604
138513,22.0264587402344
138514,21.6463279724121
138515,22.2854747772217
138516,20.3082809448242
138517,15.7876977920532
138518,17.9503707885742
138519,22.2865562438965
138520,22.1964530944824
138521,22.5738697052002
138522,18.3729438781738
138523,15.0425825119019
138524,16.1928806304932
138525,27.0460453033447
138526,27.0809326171875
138527,27.137393951416
138528,17.038402557373
138529,16.1347637176514
138530,16.8481349945068
138531,27.5933170318604
138532,22.9558162689209
138533,27.8844890594482
138534,17.0633583068848
138535,31.9732570648193
138536,28.0225830078125
138537,40.0385551452637
138538,27.4024562835693
138539,27.1820602416992
138540,26.9469909667969
138541,42.578971862793
138542,36.451587677002
138543,45.1888236999512
138544,33.6410598754883
138545,35.5491218566895
138546,35.2707481384277
138547,34.4196434020996
138548,27.78928565979
138549,33.7780494689941
138550,28.869686126709
138551,26.2367038726807
138552,26.9128494262695
138553,28.713249206543
138554,19.5562610626221
138555,23.9284114837646
138556,23.2078037261963
138557,20.5613384246826
138558,19.899658203125
138559,26.4175796508789
138560,16.5342788696289
138561,23.6248893737793
138562,21.9205131530762
138563,20.742748260498
138564,16.8827686309814
138565,22.8374786376953
138566,14.454948425293
138567,21.7063961029053
138568,23.0131988525391
138569,21.6111545562744
138570,13.9387407302856
138571,21.802095413208
138572,12.7636585235596
138573,20.0252323150635
138574,18.7249622344971
138575,18.266996383667
138576,12.3527317047119
138577,20.3644142150879
138578,12.0222129821777
138579,19.0938568115234
138580,21.8908348083496
138581,18.7410850524902
138582,11.6821804046631
138583,19.7748756408691
138584,11.7704792022705
138585,18.5640335083008
138586,21.7895774841309
138587,18.7238311767578
138588,11.4158382415771
138589,17.9758281707764
138590,11.7430553436279
138591,19.7501392364502
138592,21.3940563201904
138593,21.1991310119629
138594,10.5752582550049
138595,17.6153964996338
138596,12.1341600418091
138597,20.4326591491699
138598,21.8013534545898
138599,21.7001037597656
138600,10.7298402786255
138601,17.606632232666
138602,13.5078630447388
138603,20.2471027374268
138604,21.7790336608887
138605,21.7349720001221
138606,11.7765512466431
138607,18.0646018981934
138608,13.9660243988037
138609,19.9622268676758
138610,21.8528881072998
138611,21.8261222839355
138612,13.1966590881348
138613,22.1865615844727
138614,16.2264385223389
138615,23.4217681884766
138616,24.5577030181885
138617,24.5127620697021
138618,15.2801504135132
138619,8.14347076416016
138620,9.56959533691406
138621,18.2249908447266
138622,19.3419170379639
138623,19.5134162902832
138624,7.89665508270264
138625,3.92416858673096
138626,4.90076398849487
138627,17.5595512390137
138628,17.3860168457031
138629,17.663459777832
138630,3.69735932350159
138631,3.16773915290833
138632,2.7447726726532
138633,17.5037784576416
138634,17.3942680358887
138635,17.6411457061768
138636,2.67281794548035
138637,4.17969608306885
138638,3.74205780029297
138639,18.4268455505371
138640,18.3915100097656
138641,18.6235847473145
138642,3.74205780029297
138643,7.93751621246338
138644,6.10100030899048
138645,19.6516799926758
138646,20.0167369842529
138647,19.8781700134277
138648,6.10100030899048
138649,18.0593700408936
138650,9.10286331176758
138651,21.3737449645996
138652,21.5157337188721
138653,21.7133312225342
138654,8.90767574310303
138655,26.329517364502
138656,11.8582801818848
138657,22.6816310882568
138658,22.8764400482178
138659,22.8702239990234
138660,11.3529615402222
138661,29.4837493896484
138662,12.9258460998535
138663,23.23362159729
138664,23.5231456756592
138665,23.4148788452148
138666,14.370964050293
138667,31.8714370727539
138668,15.0789337158203
138669,29.1092281341553
138670,29.2433891296387
138671,29.2303886413574
138672,15.1616897583008
138673,40.6496238708496
138674,21.558141708374
138675,37.6479568481445
138676,37.7706260681152
138677,37.7321815490723
138678,21.7065505981445
138679,44.5063514709473
138680,27.8037261962891
138681,44.0998382568359
138682,44.1015434265137
138683,44.3517036437988
138684,28.1963539123535
138685,43.8365592956543
138686,34.0491065979004
138687,52.377124786377
138688,49.1806602478027
138689,52.4961814880371
138690,34.5110969543457
138691,34.5033531188965
138692,28.1179218292236
138693,32.957763671875
138694,28.7761745452881
138695,32.5449600219727
138696,28.4552135467529
138697,30.719799041748
138698,24.2445297241211
138699,27.935525894165
138700,24.8452949523926
138701,26.396900177002
138702,24.5917301177979
138703,29.1710472106934
138704,19.8674602508545
138705,24.9652233123779
138706,21.5010623931885
138707,20.9460201263428
138708,19.9173526763916
138709,28.1150493621826
138710,18.0263252258301
138711,23.4679431915283
138712,22.8681125640869
138713,19.105583190918
138714,17.9380531311035
138715,23.5811462402344
138716,14.9191331863403
138717,22.2455673217773
138718,19.3365268707275
138719,19.7553234100342
138720,13.8747262954712
138721,23.476203918457
138722,15.0544357299805
138723,22.406005859375
138724,21.633373260498
138725,19.4139995574951
138726,13.8929796218872
138727,22.7984943389893
138728,15.9151878356934
138729,22.784818649292
138730,22.8700542449951
138731,19.7638454437256
138732,13.9339694976807
138733,23.7255630493164
138734,19.2475814819336
138735,23.5890007019043
138736,23.1352100372314
138737,20.8789825439453
138738,15.9726552963257
138739,24.0849132537842
138740,20.6565284729004
138741,23.8415927886963
138742,23.1967544555664
138743,21.7777080535889
138744,18.7483100891113
138745,29.3246173858643
138746,24.4303035736084
138747,25.9024887084961
138748,25.2768478393555
138749,23.7969837188721
138750,22.665210723877
138751,34.4722175598145
138752,27.3497886657715
138753,28.5569343566895
138754,27.9545459747314
138755,26.4949283599854
138756,27.3377780914307
138757,37.2897758483887
138758,31.2215557098389
138759,32.2273750305176
138760,31.467658996582
138761,30.0225124359131
138762,30.3984699249268
138763,23.984302520752
138764,26.1294193267822
138765,26.2773284912109
138766,26.2009811401367
138767,24.60302734375
138768,25.6012783050537
138769,19.2071304321289
138770,22.7094326019287
138771,22.7148246765137
138772,22.6515655517578
138773,22.4318580627441
138774,22.6342697143555
138775,22.8466453552246
138776,22.2082271575928
138777,22.7148246765137
138778,22.460054397583
138779,22.7628841400146
138780,21.8023910522461
138781,22.564868927002
138782,21.633113861084
138783,22.8419494628906
138784,23.0295295715332
138785,23.0052833557129
138786,21.8979396820068
138787,29.6517810821533
138788,24.3669357299805
138789,24.7675476074219
138790,25.1984977722168
138791,25.112491607666
138792,23.5641555786133
138793,33.3073043823242
138794,27.5667858123779
138795,27.6327266693115
138796,28.0306529998779
138797,27.9966640472412
138798,27.5667858123779
138799,36.5467567443848
138800,29.0482845306396
138801,29.0864410400391
138802,29.5038452148438
138803,29.3892135620117
138804,29.0482845306396
138805,37.1577568054199
138806,32.3800506591797
138807,32.6750144958496
138808,32.9159812927246
138809,32.8276672363281
138810,32.3800506591797
138811,42.9075469970703
138812,42.9655342102051
138813,43.1220703125
138814,43.4336280822754
138815,43.2827568054199
138816,43.1110534667969
138817,47.191722869873
138818,45.4046249389648
138819,45.7321319580078
138820,36.0528221130371
138821,45.7176170349121
138822,40.5488739013672
138823,64.7878952026367
138824,59.1180801391602
138825,52.2803268432617
138826,58.0622787475586
138827,59.2480087280273
138828,48.1098213195801
138829,56.0479888916016
138830,55.8941116333008
138831,43.3357810974121
138832,59.6765327453613
138833,56.6426429748535
138834,52.6106491088867
138835,47.106201171875
138836,42.0937042236328
138837,43.5906181335449
138838,33.6800270080566
138839,33.6252670288086
138840,45.3578834533691
138841,34.6837615966797
138842,30.3866062164307
138843,33.0828514099121
138844,24.8046035766602
138845,26.1720943450928
138846,32.2808685302734
138847,34.9441452026367
138848,28.2167053222656
138849,30.9382057189941
138850,27.6605339050293
138851,24.991720199585
138852,28.7509822845459
138853,36.9544982910156
138854,28.2085971832275
138855,30.7030048370361
138856,28.0814437866211
138857,27.5032501220703
138858,26.4494190216064
138859,33.1982574462891
138860,24.4870357513428
138861,26.7302474975586
138862,24.9700164794922
138863,23.8636207580566
138864,25.0644035339355
138865,33.7784652709961
138866,24.808032989502
138867,26.2669143676758
138868,26.5977096557617
138869,24.2735157012939
138870,23.5542125701904
138871,36.4141960144043
138872,27.3099365234375
138873,27.8248443603516
138874,27.1217994689941
138875,24.4331092834473
138876,24.2562408447266
138877,39.0260543823242
138878,27.1527919769287
138879,28.6970901489258
138880,26.9529457092285
138881,26.9780693054199
138882,24.9645652770996
138883,42.110782623291
138884,23.8011531829834
138885,29.3941879272461
138886,27.3292293548584
138887,27.563117980957
138888,26.5791625976562
138889,44.6051712036133
138890,26.6023273468018
138891,30.5006504058838
138892,28.517126083374
138893,28.5042724609375
138894,27.333683013916
138895,44.6425437927246
138896,28.8270683288574
138897,33.5343971252441
138898,32.5557250976562
138899,31.1860523223877
138900,28.5258235931396
138901,47.1834106445312
138902,30.4250793457031
138903,36.9353103637695
138904,35.7580337524414
138905,34.4394721984863
138906,32.0329933166504
138907,32.5885238647461
138908,20.7549705505371
138909,27.8125553131104
138910,27.7625026702881
138911,27.0343074798584
138912,20.5330562591553
138913,32.4758453369141
138914,16.0182666778564
138915,24.7141094207764
138916,24.7229957580566
138917,24.4372653961182
138918,16.4178447723389
138919,34.6825904846191
138920,18.8690547943115
138921,24.7609767913818
138922,24.8435211181641
138923,23.386625289917
138924,18.4794330596924
138925,33.203182220459
138926,22.8036231994629
138927,26.4021873474121
138928,22.4316310882568
138929,24.2245254516602
138930,22.7159862518311
138931,32.1344184875488
138932,24.4720249176025
138933,27.9276008605957
138934,27.9535446166992
138935,27.2700176239014
138936,25.1919689178467
138937,35.9019203186035
138938,28.8934097290039
138939,32.0916023254395
138940,32.2167510986328
138941,31.9650688171387
138942,28.9931945800781
138943,33.8584213256836
138944,29.6727848052979
138945,32.1660003662109
138946,32.7273979187012
138947,32.1923789978027
138948,30.7719039916992
138949,31.0390014648438
138950,31.5296211242676
138951,26.4129047393799
138952,33.4529113769531
138953,33.419132232666
138954,31.6476936340332
138955,34.5699768066406
138956,44.4213600158691
138957,32.9288024902344
138958,46.0172958374023
138959,45.9120941162109
138960,43.819408416748
138961,44.7969512939453
138962,47.7858085632324
138963,47.7584609985352
138964,47.9413185119629
138965,47.9081420898438
138966,47.6336898803711
138967,64.2198181152344
138968,58.4453048706055
138969,58.4791641235352
138970,43.7318840026855
138971,58.5415725708008
138972,55.2606735229492
138973,75.4983978271484
138974,58.408821105957
138975,58.0251922607422
138976,39.0922660827637
138977,40.6967658996582
138978,54.8549194335938
138979,73.2154693603516
138980,45.6658592224121
138981,48.1214828491211
138982,33.0923728942871
138983,35.6105079650879
138984,42.4999084472656
138985,49.7549934387207
138986,31.533727645874
138987,34.4731559753418
138988,28.6768398284912
138989,30.1854953765869
138990,30.9314804077148
138991,40.7499237060547
138992,28.0700778961182
138993,31.8434162139893
138994,27.4679431915283
138995,29.4654407501221
138996,28.4291648864746
138997,37.0128326416016
138998,26.4868869781494
138999,32.5495567321777
139000,29.9558582305908
139001,30.1897392272949
139002,27.6813201904297
139003,45.2255935668945
139004,29.3534832000732
139005,33.2799491882324
139006,33.1659812927246
139007,32.3420486450195
139008,28.5264225006104
139009,52.646614074707
139010,27.7538795471191
139011,32.0049591064453
139012,32.0357437133789
139013,32.0435600280762
139014,27.3709545135498
139015,53.7041168212891
139016,27.7618999481201
139017,31.2494926452637
139018,31.241678237915
139019,31.2494926452637
139020,27.1844272613525
139021,54.0271377563477
139022,29.2491645812988
139023,31.2543239593506
139024,31.246509552002
139025,31.246509552002
139026,27.9805812835693
139027,46.3608627319336
139028,29.1970653533936
139029,31.246509552002
139030,31.246509552002
139031,31.246509552002
139032,28.9776020050049
139033,43.7065391540527
139034,28.9590721130371
139035,32.1980133056641
139036,31.3348922729492
139037,32.1980133056641
139038,28.1754245758057
139039,41.5562477111816
139040,32.5077171325684
139041,33.4581642150879
139042,33.5626487731934
139043,33.5626487731934
139044,31.9333686828613
139045,44.2119178771973
139046,35.9709053039551
139047,35.7955627441406
139048,36.8630104064941
139049,36.7279281616211
139050,35.1215438842773
139051,29.1898670196533
139052,28.2929801940918
139053,26.9786033630371
139054,27.9861850738525
139055,28.6691932678223
139056,28.2929801940918
139057,25.0397052764893
139058,26.3230686187744
139059,25.5908260345459
139060,26.1902923583984
139061,26.3611164093018
139062,25.5911712646484
139063,26.1215896606445
139064,25.0742282867432
139065,24.205207824707
139066,21.6344375610352
139067,25.0933856964111
139068,24.709997177124
139069,32.5185089111328
139070,26.0097045898438
139071,24.9703559875488
139072,25.9930419921875
139073,26.0337657928467
139074,26.0097045898438
139075,36.5960884094238
139076,27.2837333679199
139077,25.9376354217529
139078,27.370433807373
139079,24.0091571807861
139080,27.4719314575195
139081,38.6811447143555
139082,28.7249298095703
139083,27.824649810791
139084,26.9441375732422
139085,26.2279319763184
139086,28.7249298095703
139087,43.2909774780273
139088,32.1851425170898
139089,29.7365245819092
139090,32.1205368041992
139091,32.2413063049316
139092,32.1851425170898
139093,41.8107452392578
139094,32.3205833435059
139095,31.3801288604736
139096,32.4766654968262
139097,32.1976089477539
139098,32.3205833435059
139099,49.8332633972168
139100,45.525146484375
139101,45.7731170654297
139102,28.9873561859131
139103,38.2892265319824
139104,45.486270904541
139105,49.7497787475586
139106,47.6134071350098
139107,47.9688720703125
139108,29.955150604248
139109,31.7188091278076
139110,47.6505393981934
139111,70.7982635498047
139112,60.9182014465332
139113,57.5921478271484
139114,56.0665283203125
139115,45.9519882202148
139116,60.7515411376953
139117,70.7705307006836
139118,60.8754005432129
139119,60.767650604248
139120,48.3925247192383
139121,53.7495384216309
139122,61.31689453125
139123,52.0570068359375
139124,50.6557312011719
139125,47.8998146057129
139126,47.7612953186035
139127,48.2867851257324
139128,48.8983879089355
139129,41.7999076843262
139130,36.8484115600586
139131,33.7866744995117
139132,36.7012977600098
139133,36.544075012207
139134,36.7373809814453
139135,40.1803436279297
139136,36.0032005310059
139137,32.9849090576172
139138,35.8387870788574
139139,35.203239440918
139140,34.7805709838867
139141,40.3265800476074
139142,31.0709896087646
139143,30.9222469329834
139144,32.4895210266113
139145,33.2902565002441
139146,31.6280670166016
139147,40.4922828674316
139148,32.6458282470703
139149,32.6203231811523
139150,33.2799491882324
139151,33.2877655029297
139152,32.7996444702148
139153,42.7292938232422
139154,27.8359813690186
139155,30.4930763244629
139156,30.4687957763672
139157,30.4852619171143
139158,28.2526454925537
139159,43.5901412963867
139160,26.2830104827881
139161,29.5970096588135
139162,29.5970096588135
139163,29.5970096588135
139164,26.1630039215088
139165,44.0436058044434
139166,26.1881942749023
139167,29.4587497711182
139168,29.4587497711182
139169,29.4587497711182
139170,26.1881942749023
139171,50.0579414367676
139172,27.6074657440186
139173,29.4842205047607
139174,29.2676105499268
139175,29.4842205047607
139176,26.2136650085449
139177,46.107421875
139178,29.6248531341553
139179,30.0382919311523
139180,29.6974353790283
139181,30.0382919311523
139182,27.9315986633301
139183,54.1022872924805
139184,33.7516784667969
139185,32.3391304016113
139186,32.275951385498
139187,33.5217475891113
139188,33.2396278381348
139189,55.6240081787109
139190,37.0546226501465
139191,34.3788757324219
139192,35.2536468505859
139193,36.6311454772949
139194,36.9115142822266
139195,32.2762756347656
139196,27.3910312652588
139197,22.6557712554932
139198,26.5988960266113
139199,27.3519420623779
139200,27.3825340270996
139201,32.1377067565918
139202,22.7336559295654
139203,19.7178192138672
139204,22.6776390075684
139205,22.8521747589111
139206,22.7336559295654
139207,34.6013565063477
139208,22.7356128692627
139209,20.7517547607422
139210,22.2813453674316
139211,22.8541316986084
139212,22.7356128692627
139213,29.8006935119629
139214,22.7662029266357
139215,20.6874675750732
139216,21.9604816436768
139217,22.8990097045898
139218,22.6795120239258
139219,34.682918548584
139220,24.4957180023193
139221,22.7067394256592
139222,24.102165222168
139223,24.7113475799561
139224,24.5155220031738
139225,35.8618774414062
139226,26.0999031066895
139227,22.8124237060547
139228,25.6664409637451
139229,25.7981395721436
139230,26.0831470489502
139231,36.1562995910645
139232,27.0266456604004
139233,23.5701999664307
139234,26.3482971191406
139235,26.7152290344238
139236,27.0802059173584
139237,33.5273170471191
139238,27.711498260498
139239,24.7680683135986
139240,25.3514766693115
139241,26.7566452026367
139242,27.7003574371338
139243,39.7395477294922
139244,38.5224914550781
139245,32.6021385192871
139246,26.6000194549561
139247,37.2971382141113
139248,38.5136032104492
139249,46.0843238830566
139250,44.4085845947266
139251,36.1465263366699
139252,35.647705078125
139253,42.5269012451172
139254,44.3260879516602
139255,62.8847885131836
139256,58.016773223877
139257,48.0076942443848
139258,55.8190383911133
139259,53.6699829101562
139260,55.5332221984863
139261,62.9729957580566
139262,55.2593231201172
139263,50.8783340454102
139264,49.5720520019531
139265,49.0694541931152
139266,55.7678565979004
139267,52.005199432373
139268,38.9195251464844
139269,42.8488082885742
139270,38.1841697692871
139271,36.4725532531738
139272,42.2633171081543
139273,41.1865730285645
139274,30.0998287200928
139275,31.8687114715576
139276,29.4721508026123
139277,29.1382179260254
139278,30.4733829498291
139279,41.0838851928711
139280,28.4088096618652
139281,30.4652919769287
139282,29.795467376709
139283,27.9841957092285
139284,28.7293090820312
139285,41.354320526123
139286,25.5220203399658
139287,29.365478515625
139288,28.6178932189941
139289,27.36106300354
139290,25.2988033294678
139291,50.7616195678711
139292,24.5220317840576
139293,27.1259231567383
139294,28.3477840423584
139295,28.3399696350098
139296,23.8198471069336
139297,39.1749839782715
139298,24.0141620635986
139299,27.6911678314209
139300,27.765832901001
139301,27.765832901001
139302,21.9700489044189
139303,40.2453918457031
139304,23.9984588623047
139305,27.4142875671387
139306,27.3979759216309
139307,27.40647315979
139308,23.1264514923096
139309,37.7039222717285
139310,25.3168087005615
139311,27.4145069122314
139312,27.3566398620605
139313,27.4145069122314
139314,24.0064926147461
139315,38.0363502502441
139316,24.9617404937744
139317,28.1130180358887
139318,28.0378551483154
139319,28.1130180358887
139320,24.723970413208
139321,38.9276809692383
139322,25.4753227233887
139323,28.6265773773193
139324,28.5514144897461
139325,28.6265773773193
139326,25.5616016387939
139327,39.5788497924805
139328,28.0999622344971
139329,29.0088043212891
139330,29.2491302490234
139331,29.5657215118408
139332,27.4555168151855
139333,43.5340728759766
139334,32.1241035461426
139335,31.2540988922119
139336,32.1142807006836
139337,32.8202285766602
139338,30.837833404541
139339,29.8318824768066
139340,24.5655136108398
139341,22.1596584320068
139342,24.2670726776123
139343,24.9995727539062
139344,21.6321907043457
139345,30.6576099395752
139346,22.1250286102295
139347,21.0320453643799
139348,22.179859161377
139349,22.2777843475342
139350,21.4861621856689
139351,29.0759601593018
139352,22.1135005950928
139353,22.0898303985596
139354,22.1497402191162
139355,22.3645572662354
139356,21.4588279724121
139357,30.0331039428711
139358,19.8282337188721
139359,22.2244472503662
139360,21.8647384643555
139361,22.4417266845703
139362,19.4556427001953
139363,32.4289665222168
139364,22.6926860809326
139365,22.9111175537109
139366,22.5473213195801
139367,23.016263961792
139368,22.6853694915771
139369,31.7440795898438
139370,25.0440063476562
139371,25.1418285369873
139372,25.0444869995117
139373,24.9772338867188
139374,24.9202499389648
139375,35.8873481750488
139376,26.7182121276855
139377,26.7103977203369
139378,26.6216888427734
139379,26.609281539917
139380,26.7198944091797
139381,36.3476219177246
139382,27.1912441253662
139383,27.1834297180176
139384,27.0499000549316
139385,27.3479194641113
139386,27.1912441253662
139387,44.3504028320312
139388,38.3963661193848
139389,38.4686317443848
139390,36.6876792907715
139391,38.5458946228027
139392,38.3963661193848
139393,48.5563430786133
139394,44.6926498413086
139395,44.5126113891602
139396,44.5753898620605
139397,30.8696250915527
139398,44.6349296569824
139399,71.9924697875977
139400,58.1248474121094
139401,58.3112411499023
139402,48.7410850524902
139403,40.5572891235352
139404,54.4218940734863
139405,70.4509353637695
139406,56.8654670715332
139407,59.4840202331543
139408,50.2108879089355
139409,57.7702293395996
139410,52.1582679748535
139411,50.8080787658691
139412,38.0527610778809
139413,44.6989555358887
139414,41.8548202514648
139415,45.5242042541504
139416,37.851146697998
139417,59.2110633850098
139418,30.5378570556641
139419,31.0198402404785
139420,32.4389610290527
139421,32.9694213867188
139422,31.0479965209961
139423,47.5497016906738
139424,28.2677993774414
139425,30.8523845672607
139426,29.8864555358887
139427,30.0867252349854
139428,28.7309913635254
139429,53.8942489624023
139430,25.1100025177002
139431,28.2018604278564
139432,27.0747890472412
139433,25.1415500640869
139434,25.1274471282959
139435,51.0094451904297
139436,24.2794303894043
139437,28.5547676086426
139438,28.7746505737305
139439,28.7824649810791
139440,22.9176807403564
139441,38.0583000183105
139442,21.9593830108643
139443,27.8296585083008
139444,27.8218441009521
139445,27.8296585083008
139446,21.87473487854
139447,40.7502555847168
139448,22.6861686706543
139449,27.1012172698975
139450,27.0934028625488
139451,27.1012172698975
139452,20.1773147583008
139453,42.9556503295898
139454,22.9774074554443
139455,27.2388324737549
139456,27.0362071990967
139457,27.2388324737549
139458,22.9658794403076
139459,44.103946685791
139460,23.6334362030029
139461,26.84739112854
139462,26.84739112854
139463,26.84739112854
139464,23.0994758605957
139465,43.5920639038086
139466,24.9097328186035
139467,27.7991142272949
139468,27.8069286346436
139469,27.8069286346436
139470,24.4139404296875
139471,43.955623626709
139472,26.4235401153564
139473,27.8877849578857
139474,27.962947845459
139475,27.9707622528076
139476,24.6446914672852
139477,44.7572784423828
139478,28.7919979095459
139479,30.7003192901611
139480,30.877233505249
139481,30.8850479125977
139482,27.2908992767334
139483,26.8644313812256
139484,18.4719257354736
139485,22.727575302124
139486,22.8108386993408
139487,22.921257019043
139488,18.4364795684814
139489,22.7959594726562
139490,20.3785552978516
139491,21.2065601348877
139492,21.3038558959961
139493,21.3927211761475
139494,18.4292984008789
139495,24.4121036529541
139496,20.3338069915771
139497,21.179271697998
139498,21.2029495239258
139499,21.3297538757324
139500,18.7804775238037
139501,14.9380302429199
139502,18.8880863189697
139503,20.6512279510498
139504,20.75901222229
139505,20.8474731445312
139506,17.2298107147217
139507,16.0597476959229
139508,20.6045970916748
139509,21.6450996398926
139510,21.9638481140137
139511,21.80295753479
139512,20.3136405944824
139513,17.5127201080322
139514,21.1095676422119
139515,22.6358318328857
139516,22.760913848877
139517,22.8845138549805
139518,21.3525581359863
139519,18.4132251739502
139520,20.1768627166748
139521,23.0660514831543
139522,23.1774826049805
139523,23.2960014343262
139524,20.7699089050293
139525,19.246509552002
139526,19.1688632965088
139527,23.1389465332031
139528,23.2418804168701
139529,23.3603992462158
139530,17.5126514434814
139531,20.3437423706055
139532,18.7895965576172
139533,29.3999786376953
139534,29.4328956604004
139535,29.500358581543
139536,19.2065677642822
139537,28.2677135467529
139538,25.2659206390381
139539,37.3653221130371
139540,37.0333976745605
139541,37.087718963623
139542,23.7782573699951
139543,42.4913902282715
139544,36.0252571105957
139545,52.258602142334
139546,51.2836151123047
139547,51.1659889221191
139548,36.4397048950195
139549,42.9342231750488
139550,37.5458602905273
139551,48.7650184631348
139552,50.6438903808594
139553,50.9575881958008
139554,38.5385856628418
139555,35.3772277832031
139556,29.5918998718262
139557,32.6368637084961
139558,40.053279876709
139559,39.1842727661133
139560,29.0900745391846
139561,30.8682422637939
139562,21.4583625793457
139563,22.6183261871338
139564,26.8145599365234
139565,25.0160617828369
139566,21.0200824737549
139567,28.7404937744141
139568,19.5506534576416
139569,22.4799060821533
139570,21.3359699249268
139571,22.5438766479492
139572,19.2425155639648
139573,23.597541809082
139574,14.5279350280762
139575,17.5175247192383
139576,17.6436538696289
139577,19.0198020935059
139578,13.9979038238525
139579,17.8955249786377
139580,11.681583404541
139581,15.0463714599609
139582,21.0368347167969
139583,16.4281101226807
139584,10.8230009078979
139585,16.0531597137451
139586,10.5287942886353
139587,15.8339385986328
139588,19.4712543487549
139589,12.0044527053833
139590,9.97272205352783
139591,15.8430967330933
139592,9.75516033172607
139593,15.5010805130005
139594,19.5553607940674
139595,15.6424255371094
139596,9.45753479003906
139597,14.9664106369019
139598,10.1392498016357
139599,14.5425605773926
139600,19.1351509094238
139601,16.2297611236572
139602,9.28641986846924
139603,15.0053262710571
139604,11.0451154708862
139605,15.8525371551514
139606,19.3919410705566
139607,16.5121250152588
139608,11.3984928131104
139609,15.0113210678101
139610,11.0581111907959
139611,16.3195400238037
139612,20.3762340545654
139613,16.9681072235107
139614,11.146240234375
139615,16.155574798584
139616,14.2977294921875
139617,18.2697811126709
139618,20.6060619354248
139619,19.108757019043
139620,15.0567474365234
139621,18.123067855835
139622,16.9568405151367
139623,21.2132091522217
139624,22.6844749450684
139625,21.2132091522217
139626,18.5778789520264
139627,7.80283212661743
139628,13.8416614532471
139629,18.6251029968262
139630,18.5915012359619
139631,14.0277481079102
139632,13.8030996322632
139633,4.95179843902588
139634,11.124608039856
139635,17.2925910949707
139636,17.1618709564209
139637,16.2901668548584
139638,8.52692222595215
139639,3.47761034965515
139640,4.79505300521851
139641,17.3551864624023
139642,17.1490497589111
139643,15.9069986343384
139644,5.4785943031311
139645,4.60855913162231
139646,3.90172457695007
139647,17.7989807128906
139648,17.3211612701416
139649,14.4393634796143
139650,3.54559826850891
139651,11.7899532318115
139652,6.841233253479
139653,17.7874240875244
139654,19.0578289031982
139655,18.6553287506104
139656,6.34882497787476
139657,14.3557529449463
139658,10.0495748519897
139659,19.2864952087402
139660,19.9270629882812
139661,19.8706760406494
139662,9.49640941619873
139663,24.951639175415
139664,14.7712650299072
139665,20.8750782012939
139666,21.3532199859619
139667,21.0432300567627
139668,13.9428300857544
139669,29.8727359771729
139670,16.0184364318848
139671,21.2197685241699
139672,22.37233543396
139673,22.0638370513916
139674,15.5399446487427
139675,19.2906055450439
139676,18.3898506164551
139677,26.0534572601318
139678,27.1931915283203
139679,28.2449550628662
139680,17.8233871459961
139681,40.5379447937012
139682,31.1416015625
139683,29.7779483795166
139684,35.2996940612793
139685,33.9665565490723
139686,26.761402130127
139687,74.3114395141602
139688,47.9947471618652
139689,37.9451065063477
139690,50.5807762145996
139691,45.9604377746582
139692,40.9949989318848
139693,75.1185760498047
139694,57.7931213378906
139695,35.5930557250977
139696,49.155143737793
139697,43.6203880310059
139698,39.5930671691895
139699,69.7117004394531
139700,47.0529441833496
139701,27.349328994751
139702,34.6685256958008
139703,36.4895362854004
139704,37.0261917114258
139705,61.5876922607422
139706,26.3692665100098
139707,21.5754890441895
139708,25.8564357757568
139709,25.5557250976562
139710,26.2810802459717
139711,30.886848449707
139712,29.5784645080566
139713,19.2571487426758
139714,22.9822845458984
139715,19.699047088623
139716,32.8459663391113
139717,27.2311344146729
139718,29.5035743713379
139719,16.2324352264404
139720,17.7837333679199
139721,16.2917404174805
139722,29.5738849639893
139723,26.1390552520752
139724,14.0976009368896
139725,18.3288841247559
139726,18.778772354126
139727,16.4158515930176
139728,13.5984582901001
139729,22.9372539520264
139730,13.2784061431885
139731,19.6693458557129
139732,19.2731132507324
139733,15.5406494140625
139734,14.6082639694214
139735,23.1739845275879
139736,13.3962306976318
139737,20.0646266937256
139738,21.1529922485352
139739,18.8795738220215
139740,13.8246335983276
139741,28.9071884155273
139742,12.9636392593384
139743,19.9454307556152
139744,21.7513599395752
139745,19.4854869842529
139746,17.9812507629395
139747,26.6533279418945
139748,15.1831178665161
139749,21.0626125335693
139750,21.9328155517578
139751,18.923698425293
139752,15.1417751312256
139753,25.45361328125
139754,17.8945751190186
139755,22.540002822876
139756,22.5591068267822
139757,20.2249240875244
139758,18.3623657226562
139759,30.7743358612061
139760,23.1685562133789
139761,25.8305988311768
139762,26.339319229126
139763,24.5453968048096
139764,26.2690715789795
139765,38.0358543395996
139766,29.4991550445557
139767,31.3861064910889
139768,31.3861064910889
139769,29.3973121643066
139770,29.8030872344971
139771,26.5365524291992
139772,22.2652816772461
139773,25.9645137786865
139774,25.8803520202637
139775,24.0406379699707
139776,22.8367710113525
139777,22.7077369689941
139778,21.975061416626
139779,22.7247276306152
139780,22.6614685058594
139781,22.1957187652588
139782,21.092752456665
139783,21.3836841583252
139784,21.2133865356445
139785,22.7285785675049
139786,22.6147079467773
139787,20.5502185821533
139788,22.7285785675049
139789,23.3808250427246
139790,22.722448348999
139791,22.781888961792
139792,21.0781307220459
139793,19.2105541229248
139794,22.781888961792
139795,26.6203327178955
139796,25.9930419921875
139797,26.0008563995361
139798,23.7893943786621
139799,23.7262706756592
139800,26.0008563995361
139801,32.3638916015625
139802,27.1976757049561
139803,27.3029518127441
139804,25.7879695892334
139805,26.4056777954102
139806,27.2670707702637
139807,34.7237167358398
139808,28.3700428009033
139809,27.9856948852539
139810,25.8785743713379
139811,25.9374332427979
139812,28.2225914001465
139813,34.4384956359863
139814,27.9271755218506
139815,28.2168407440186
139816,25.6025276184082
139817,24.7047290802002
139818,27.9271755218506
139819,38.5488891601562
139820,38.5474815368652
139821,38.7233085632324
139822,35.4355278015137
139823,32.5020523071289
139824,38.4785690307617
139825,38.2447242736816
139826,43.9166564941406
139827,30.4023475646973
139828,35.6971702575684
139829,39.5648727416992
139830,44.2395210266113
139831,45.0527687072754
139832,51.6978378295898
139833,39.5678367614746
139834,51.4317588806152
139835,45.713249206543
139836,53.643009185791
139837,44.7719383239746
139838,49.3057479858398
139839,39.811824798584
139840,37.4625244140625
139841,48.9202079772949
139842,53.8826484680176
139843,36.7015914916992
139844,37.532398223877
139845,33.0619239807129
139846,36.4701881408691
139847,28.373291015625
139848,36.685962677002
139849,31.4742908477783
139850,30.358736038208
139851,27.8618240356445
139852,27.9449234008789
139853,25.3443851470947
139854,28.2943592071533
139855,29.6359901428223
139856,27.5850391387939
139857,24.1106033325195
139858,26.7606906890869
139859,20.6537265777588
139860,26.4468631744385
139861,28.2676830291748
139862,26.8427181243896
139863,23.0389728546143
139864,22.9236888885498
139865,22.0572700500488
139866,24.8213367462158
139867,24.3089027404785
139868,22.3852958679199
139869,19.1330871582031
139870,21.6466541290283
139871,15.7438907623291
139872,16.7029151916504
139873,23.5864887237549
139874,19.4176712036133
139875,20.4781589508057
139876,23.3776473999023
139877,20.4781589508057
139878,16.5054473876953
139879,23.5475158691406
139880,20.3454113006592
139881,20.6233825683594
139882,23.8240089416504
139883,20.6164150238037
139884,17.854320526123
139885,23.544563293457
139886,21.7814846038818
139887,21.9283885955811
139888,23.8404750823975
139889,22.432674407959
139890,17.5091361999512
139891,25.06325340271
139892,21.153678894043
139893,22.5154247283936
139894,24.0696601867676
139895,23.5341377258301
139896,18.9906940460205
139897,25.8800373077393
139898,23.8451175689697
139899,23.0789585113525
139900,24.4843730926514
139901,24.4018936157227
139902,20.6832237243652
139903,33.4238815307617
139904,28.2953033447266
139905,27.4815673828125
139906,28.6666297912598
139907,28.6579780578613
139908,25.2929916381836
139909,36.455924987793
139910,31.507661819458
139911,30.2337265014648
139912,31.7221908569336
139913,31.5235328674316
139914,28.1917114257812
139915,22.3420696258545
139916,24.743724822998
139917,22.2158966064453
139918,24.7780590057373
139919,24.8890075683594
139920,21.458137512207
139921,16.1241798400879
139922,21.5774955749512
139923,20.3057155609131
139924,21.951078414917
139925,22.1087551116943
139926,19.3425807952881
139927,13.9982252120972
139928,21.2367000579834
139929,20.8155651092529
139930,21.3198413848877
139931,21.4491271972656
139932,21.000617980957
139933,14.2496385574341
139934,21.3607788085938
139935,21.3046875
139936,21.5169582366943
139937,21.6269950866699
139938,21.3456573486328
139939,15.9290323257446
139940,21.5485324859619
139941,22.3150997161865
139942,22.5830116271973
139943,22.6530895233154
139944,21.4046478271484
139945,18.1947231292725
139946,21.7821292877197
139947,23.1855602264404
139948,23.2227249145508
139949,23.3370418548584
139950,21.7304172515869
139951,21.864107131958
139952,23.8993606567383
139953,25.1946296691895
139954,25.17942237854
139955,25.3068370819092
139956,23.8993606567383
139957,23.880485534668
139958,25.3563079833984
139959,26.5751457214355
139960,26.6203441619873
139961,26.6873531341553
139962,25.0285339355469
139963,28.4948139190674
139964,30.8032283782959
139965,37.1066665649414
139966,37.1066665649414
139967,37.2266883850098
139968,31.2453575134277
139969,34.232494354248
139970,34.4223365783691
139971,43.1500587463379
139972,43.018913269043
139973,43.0582389831543
139974,38.3186264038086
139975,47.6999816894531
139976,48.006950378418
139977,53.9533538818359
139978,53.6149597167969
139979,45.9232482910156
139980,47.5836410522461
139981,46.6071662902832
139982,50.7982292175293
139983,49.424503326416
139984,51.9739036560059
139985,38.1076965332031
139986,46.9449729919434
139987,41.741340637207
139988,39.0272026062012
139989,35.9294166564941
139990,37.6810073852539
139991,32.61962890625
139992,35.9674301147461
139993,33.0895919799805
139994,27.8949203491211
139995,29.0917072296143
139996,28.0140552520752
139997,28.3751945495605
139998,28.6504611968994
139999,32.9759712219238
140000,24.2633476257324
140001,25.997371673584
140002,25.3829498291016
140003,24.7820720672607
140004,24.1889133453369
140005,34.0382232666016
140006,21.0407238006592
140007,25.9441452026367
140008,21.8206310272217
140009,23.7723960876465
140010,20.4534435272217
140011,32.6997375488281
140012,20.4504642486572
140013,23.7879905700684
140014,21.7315483093262
140015,18.0920181274414
140016,22.0998821258545
140017,35.6943168640137
140018,20.724666595459
140019,24.1066722869873
140020,24.0401763916016
140021,22.1253318786621
140022,19.9110565185547
140023,36.2698707580566
140024,19.8879051208496
140025,23.7375335693359
140026,23.3663921356201
140027,21.1958389282227
140028,19.8879051208496
140029,40.4892883300781
140030,22.5778846740723
140031,25.3760299682617
140032,25.1582260131836
140033,22.6203022003174
140034,22.4578800201416
140035,40.1742553710938
140036,24.6137809753418
140037,26.6836090087891
140038,26.0734062194824
140039,25.3088455200195
140040,23.6108112335205
140041,45.2946701049805
140042,27.1324920654297
140043,28.6192073822021
140044,28.2168445587158
140045,27.9875755310059
140046,26.7315559387207
140047,45.8428115844727
140048,29.5767078399658
140049,29.9558486938477
140050,29.8728713989258
140051,29.3362121582031
140052,28.5384979248047
140053,47.2183876037598
140054,33.4476203918457
140055,33.5676803588867
140056,33.3509140014648
140057,32.768611907959
140058,32.8017730712891
140059,27.0027923583984
140060,26.0903549194336
140061,26.082540512085
140062,26.0579891204834
140063,26.1537704467773
140064,26.0324878692627
140065,24.696310043335
140066,22.2001914978027
140067,22.1837253570557
140068,22.2198467254639
140069,22.3187103271484
140070,22.2001914978027
140071,21.7035522460938
140072,22.2001914978027
140073,22.2001914978027
140074,22.22412109375
140075,22.3187103271484
140076,22.2001914978027
140077,19.0626239776611
140078,22.1411991119385
140079,22.2479629516602
140080,22.2878837585449
140081,22.3564491271973
140082,21.7478065490723
140083,20.3303546905518
140084,22.3192405700684
140085,22.799280166626
140086,22.980899810791
140087,22.9177989959717
140088,22.3625164031982
140089,24.9976787567139
140090,23.9137687683105
140091,24.9650840759277
140092,25.1405811309814
140093,25.0317249298096
140094,24.2681713104248
140095,27.0908489227295
140096,24.8023681640625
140097,26.5172882080078
140098,26.5172882080078
140099,26.6358070373535
140100,25.1074714660645
140101,26.8715724945068
140102,24.3134288787842
140103,26.9048919677734
140104,26.9048919677734
140105,26.9974670410156
140106,25.3353805541992
140107,30.4788570404053
140108,30.050313949585
140109,35.9159622192383
140110,36.0049324035645
140111,36.0344772338867
140112,30.0248260498047
140113,34.4216957092285
140114,33.1035842895508
140115,40.3556785583496
140116,40.4075584411621
140117,40.3491516113281
140118,32.8629493713379
140119,50.4510459899902
140120,45.788948059082
140121,56.015510559082
140122,55.5383491516113
140123,55.1030082702637
140124,45.6326484680176
140125,48.1305236816406
140126,41.5476722717285
140127,53.1462440490723
140128,51.2775077819824
140129,51.5721168518066
140130,44.8471908569336
140131,43.4283027648926
140132,31.6404457092285
140133,33.5894470214844
140134,36.3303833007812
140135,38.7941436767578
140136,34.4126892089844
140137,33.4339599609375
140138,22.7960262298584
140139,24.9894180297852
140140,21.5292930603027
140141,23.5469970703125
140142,22.9590606689453
140143,34.2976264953613
140144,20.5385475158691
140145,24.0726127624512
140146,22.2042808532715
140147,21.0094985961914
140148,20.4329776763916
140149,31.9740142822266
140150,15.4518423080444
140151,20.5873241424561
140152,19.8086605072021
140153,18.6743221282959
140154,15.3760499954224
140155,33.0949020385742
140156,16.3617000579834
140157,20.4446487426758
140158,19.7604427337646
140159,15.44677734375
140160,15.0365581512451
140161,33.8505516052246
140162,15.9989614486694
140163,21.4584865570068
140164,21.1529922485352
140165,15.6954669952393
140166,14.5616245269775
140167,33.9124336242676
140168,16.1916751861572
140169,22.1178207397461
140170,21.8950176239014
140171,18.6909847259521
140172,14.7047510147095
140173,34.1853446960449
140174,19.7449779510498
140175,21.9923324584961
140176,22.9298152923584
140177,20.1008777618408
140178,17.2113513946533
140179,29.5762100219727
140180,21.3483142852783
140181,22.9337596893311
140182,23.3556652069092
140183,22.3979892730713
140184,19.4922542572021
140185,32.0200843811035
140186,22.6053638458252
140187,23.795618057251
140188,23.862886428833
140189,23.2467384338379
140190,20.4657764434814
140191,28.7919826507568
140192,23.4737396240234
140193,24.1129951477051
140194,24.0378322601318
140195,23.5062484741211
140196,20.8872718811035
140197,33.368839263916
140198,26.6764659881592
140199,28.2861499786377
140200,27.6931686401367
140201,26.7061595916748
140202,24.9115657806396
140203,18.8344631195068
140204,21.3372955322266
140205,22.5062522888184
140206,22.5062522888184
140207,21.2596225738525
140208,18.9274349212646
140209,11.6183776855469
140210,20.4603595733643
140211,20.4849720001221
140212,20.4534683227539
140213,19.7314453125
140214,17.8097038269043
140215,9.62751579284668
140216,19.656608581543
140217,20.1007499694824
140218,19.969259262085
140219,19.6983661651611
140220,19.3566741943359
140221,8.86392498016357
140222,19.5727405548096
140223,20.0751667022705
140224,20.0721092224121
140225,19.7624073028564
140226,18.6781578063965
140227,8.10218620300293
140228,17.8665332794189
140229,19.8963565826416
140230,20.0060844421387
140231,19.5902614593506
140232,16.3419704437256
140233,13.9809551239014
140234,17.9801750183105
140235,21.8050956726074
140236,22.0845317840576
140237,21.7978591918945
140238,18.5888423919678
140239,15.2253427505493
140240,18.0771160125732
140241,22.1738090515137
140242,22.3658981323242
140243,22.5058174133301
140244,19.056697845459
140245,17.771915435791
140246,17.8821811676025
140247,22.5147724151611
140248,22.4513301849365
140249,22.750394821167
140250,19.0589199066162
140251,19.6763076782227
140252,21.3216152191162
140253,28.4410572052002
140254,27.3789596557617
140255,26.2829742431641
140256,21.6201419830322
140257,25.7392673492432
140258,22.2199954986572
140259,33.55517578125
140260,31.0734043121338
140261,32.8837394714355
140262,23.2564392089844
140263,41.3385009765625
140264,36.7981376647949
140265,40.4452857971191
140266,44.4038581848145
140267,47.4563827514648
140268,38.3567161560059
140269,40.4313125610352
140270,36.6277732849121
140271,35.2294883728027
140272,42.7824287414551
140273,45.978214263916
140274,35.8400382995605
140275,32.9112968444824
140276,24.7228565216064
140277,28.4580001831055
140278,29.1426448822021
140279,35.7392730712891
140280,27.6688137054443
140281,28.3868980407715
140282,19.3856410980225
140283,21.6855564117432
140284,18.2783966064453
140285,21.1427440643311
140286,19.7132625579834
140287,22.8383979797363
140288,14.5615682601929
140289,19.0464210510254
140290,16.6063671112061
140291,16.5579681396484
140292,13.4398336410522
140293,21.9009590148926
140294,13.128604888916
140295,20.0620670318604
140296,16.3868160247803
140297,15.0615673065186
140298,12.4440126419067
140299,19.8331871032715
140300,12.8968591690063
140301,17.3677139282227
140302,15.6827278137207
140303,13.7727117538452
140304,11.3695421218872
140305,17.8875427246094
140306,13.5090589523315
140307,17.6853656768799
140308,17.1049785614014
140309,17.6559715270996
140310,10.7215852737427
140311,20.8128223419189
140312,14.5958299636841
140313,21.1315822601318
140314,20.4473323822021
140315,18.9919776916504
140316,12.1845188140869
140317,20.9178714752197
140318,14.6244668960571
140319,21.7811336517334
140320,21.212308883667
140321,19.2893352508545
140322,12.9606113433838
140323,22.6223640441895
140324,17.3578758239746
140325,23.0168018341064
140326,22.7799110412598
140327,20.8997325897217
140328,13.9979448318481
140329,24.1624202728271
140330,19.7695388793945
140331,23.7779655456543
140332,23.7730674743652
140333,22.1242694854736
140334,15.8875226974487
140335,26.9671154022217
140336,20.3484230041504
140337,23.9321823120117
140338,23.9272842407227
140339,22.7142009735107
140340,19.2158432006836
140341,35.6130676269531
140342,26.2835083007812
140343,29.6743354797363
140344,29.5211067199707
140345,28.4344444274902
140346,27.5685863494873
140347,25.4006233215332
140348,19.4846019744873
140349,23.1550254821777
140350,23.1550254821777
140351,22.0289974212646
140352,18.7596187591553
140353,22.3548049926758
140354,17.7402362823486
140355,22.1977577209473
140356,22.1984901428223
140357,22.1759967803955
140358,15.4133424758911
140359,26.7414875030518
140360,14.541522026062
140361,22.2237014770508
140362,22.2055110931396
140363,22.2366065979004
140364,12.8701477050781
140365,32.5737915039062
140366,14.8668718338013
140367,22.2547187805176
140368,22.1364688873291
140369,21.7463626861572
140370,14.1356983184814
140371,37.1503486633301
140372,19.2305202484131
140373,22.9109153747559
140374,23.2254467010498
140375,22.9099750518799
140376,18.2989673614502
140377,41.5762062072754
140378,24.3525104522705
140379,27.194206237793
140380,27.3555545806885
140381,27.4155464172363
140382,24.4251766204834
140383,42.5271301269531
140384,25.8970146179199
140385,28.615406036377
140386,28.6285037994385
140387,28.7244110107422
140388,27.1452732086182
140389,43.1702537536621
140390,26.6516723632812
140391,29.4650344848633
140392,29.5034809112549
140393,29.5993881225586
140394,28.490966796875
140395,51.4033241271973
140396,33.0005073547363
140397,39.0753555297852
140398,39.0833892822266
140399,39.1923904418945
140400,33.2342376708984
140401,59.4154930114746
140402,39.0293617248535
140403,44.6616554260254
140404,44.8647766113281
140405,44.8329887390137
140406,40.0964851379395
140407,79.316162109375
140408,46.6574249267578
140409,44.6784248352051
140410,55.6433639526367
140411,53.293155670166
140412,50.0771102905273
140413,65.0022201538086
140414,44.0072326660156
140415,44.464168548584
140416,52.9839553833008
140417,48.3680305480957
140418,48.4717063903809
140419,44.4296455383301
140420,33.8213920593262
140421,33.452075958252
140422,42.0923004150391
140423,37.5393257141113
140424,35.3217391967773
140425,31.9564151763916
140426,23.827938079834
140427,24.7363128662109
140428,23.1943016052246
140429,27.0791835784912
140430,23.1580867767334
140431,29.3821067810059
140432,20.2750129699707
140433,23.2838821411133
140434,16.4978218078613
140435,18.9138202667236
140436,20.0467510223389
140437,24.2429447174072
140438,14.9201536178589
140439,20.1103057861328
140440,13.238302230835
140441,14.7047500610352
140442,13.7879085540771
140443,28.3566722869873
140444,13.9458999633789
140445,22.3820838928223
140446,19.3986473083496
140447,15.934494972229
140448,14.0194578170776
140449,24.3195781707764
140450,15.2591514587402
140451,21.9346103668213
140452,21.6620483398438
140453,16.4564056396484
140454,14.6211624145508
140455,24.3331451416016
140456,15.6503591537476
140457,23.2113475799561
140458,22.134090423584
140459,17.768835067749
140460,14.477198600769
140461,24.2395706176758
140462,14.5464162826538
140463,22.9210014343262
140464,22.0004978179932
140465,18.8922786712646
140466,13.6825294494629
140467,24.0250930786133
140468,13.5874900817871
140469,23.3415946960449
140470,22.3200302124023
140471,19.5598564147949
140472,13.2114896774292
140473,33.2890129089355
140474,14.1580848693848
140475,23.2113475799561
140476,22.7558078765869
140477,20.3703022003174
140478,14.2128992080688
140479,31.8811492919922
140480,16.118631362915
140481,22.4913101196289
140482,22.3496799468994
140483,20.6303367614746
140484,14.5901374816895
140485,48.3842430114746
140486,21.3483295440674
140487,24.3455638885498
140488,25.0724468231201
140489,23.9459228515625
140490,17.3665084838867
140491,46.8113212585449
140492,16.4531364440918
140493,23.4507122039795
140494,24.4642734527588
140495,23.9495143890381
140496,16.5772533416748
140497,40.2293930053711
140498,12.8210372924805
140499,20.9357776641846
140500,22.6800212860107
140501,21.7130756378174
140502,12.8009376525879
140503,39.5678901672363
140504,22.1829833984375
140505,19.1590900421143
140506,22.2787284851074
140507,22.0842781066895
140508,23.7841472625732
140509,35.6368064880371
140510,15.9407300949097
140511,20.1510772705078
140512,21.6883926391602
140513,20.9420299530029
140514,16.9776802062988
140515,20.2009391784668
140516,22.799934387207
140517,21.7765369415283
140518,22.5527896881104
140519,22.6268539428711
140520,23.6145801544189
140521,15.1134805679321
140522,22.1494789123535
140523,22.2025165557861
140524,22.5292263031006
140525,22.7188014984131
140526,23.0266876220703
140527,15.7794952392578
140528,22.6561126708984
140529,22.7674217224121
140530,23.1137199401855
140531,23.1988162994385
140532,23.4440231323242
140533,15.7558660507202
140534,22.6659603118896
140535,22.8596115112305
140536,23.3297233581543
140537,23.2219276428223
140538,23.5132579803467
140539,20.6238498687744
140540,28.3156299591064
140541,28.5270366668701
140542,28.6854248046875
140543,28.8039436340332
140544,29.2448291778564
140545,30.6224575042725
140546,37.1176528930664
140547,37.3102378845215
140548,37.5515213012695
140549,37.5468444824219
140550,37.7460098266602
140551,51.1474647521973
140552,37.5832290649414
140553,50.8771362304688
140554,49.4252891540527
140555,49.4042778015137
140556,43.3003273010254
140557,68.989372253418
140558,46.7889137268066
140559,49.8486175537109
140560,49.6380348205566
140561,49.8270950317383
140562,38.1890106201172
140563,60.656623840332
140564,34.3138427734375
140565,40.9879570007324
140566,41.7270011901855
140567,42.8760833740234
140568,34.7188911437988
140569,54.5471038818359
140570,25.7401428222656
140571,27.4854564666748
140572,30.7222671508789
140573,30.6746120452881
140574,26.3176021575928
140575,40.9776954650879
140576,24.84743309021
140577,23.9032649993896
140578,24.0001983642578
140579,27.8922882080078
140580,24.4042720794678
140581,35.471492767334
140582,16.6456642150879
140583,21.9629802703857
140584,24.7315101623535
140585,20.8746547698975
140586,22.9784641265869
140587,30.1565914154053
140588,13.6802186965942
140589,19.1757469177246
140590,21.6615600585938
140591,19.3533325195312
140592,13.5195713043213
140593,25.3837413787842
140594,13.6600036621094
140595,19.1835021972656
140596,23.3398246765137
140597,21.5020389556885
140598,12.9605884552002
140599,27.1730976104736
140600,13.0535640716553
140601,19.8200607299805
140602,23.4295349121094
140603,22.5593357086182
140604,12.9087495803833
140605,23.5936737060547
140606,15.0125417709351
140607,21.3312950134277
140608,23.3959274291992
140609,23.3122940063477
140610,13.6312656402588
140611,22.702953338623
140612,18.9111766815186
140613,22.7446842193604
140614,23.4382953643799
140615,23.4524421691895
140616,15.2828245162964
140617,24.5848140716553
140618,19.5375080108643
140619,21.8037567138672
140620,23.7257652282715
140621,23.735013961792
140622,17.4442958831787
140623,27.8888568878174
140624,22.9271717071533
140625,16.3384914398193
140626,24.6793460845947
140627,24.6793460845947
140628,21.6553268432617
140629,31.7459869384766
140630,26.6957206726074
140631,17.673942565918
140632,27.2021198272705
140633,27.2021198272705
140634,25.3277378082275
140635,20.4459190368652
140636,23.981653213501
140637,12.8866376876831
140638,22.8918113708496
140639,23.0192260742188
140640,23.5712814331055
140641,9.87848854064941
140642,19.841423034668
140643,8.09472179412842
140644,19.8285236358643
140645,19.5970077514648
140646,19.841423034668
140647,11.7415151596069
140648,19.7581157684326
140649,7.59205389022827
140650,19.8496932983398
140651,12.8440961837769
140652,19.7581157684326
140653,28.5348033905029
140654,19.7472229003906
140655,7.26019334793091
140656,12.322548866272
140657,10.1819219589233
140658,19.7472229003906
140659,30.7689666748047
140660,19.9631652832031
140661,7.50521039962769
140662,11.4242210388184
140663,12.5099105834961
140664,19.9631652832031
140665,30.9156112670898
140666,20.0884971618652
140667,7.79873418807983
140668,12.8637609481812
140669,17.5982608795166
140670,20.0884971618652
140671,31.7955646514893
140672,20.4314479827881
140673,10.4218587875366
140674,19.9763984680176
140675,19.6688594818115
140676,20.4314479827881
140677,31.0059146881104
140678,18.9603900909424
140679,12.6304655075073
140680,20.4888153076172
140681,20.6558685302734
140682,19.5904808044434
140683,35.4943695068359
140684,20.0023746490479
140685,18.7446632385254
140686,26.7421588897705
140687,26.9269580841064
140688,20.9345550537109
140689,43.2180557250977
140690,21.9344654083252
140691,23.0391635894775
140692,29.8967170715332
140693,30.0120086669922
140694,21.9344654083252
140695,71.9018859863281
140696,36.2013282775879
140697,42.6770935058594
140698,45.6835899353027
140699,45.554069519043
140700,38.1788024902344
140701,71.5289306640625
140702,39.2979927062988
140703,37.6115493774414
140704,34.7978973388672
140705,42.6257362365723
140706,39.3052520751953
140707,44.8124389648438
140708,28.4687423706055
140709,26.5323657989502
140710,20.9534397125244
140711,25.1731357574463
140712,28.3428516387939
140713,31.5098419189453
140714,17.2149829864502
140715,16.0522003173828
140716,13.5425043106079
140717,14.1565599441528
140718,15.198751449585
140719,25.3980407714844
140720,13.9021253585815
140721,15.0569524765015
140722,16.5493679046631
140723,14.0367574691772
140724,13.7368516921997
140725,16.790246963501
140726,11.3490772247314
140727,13.7997140884399
140728,16.7941646575928
140729,12.3556776046753
140730,9.7480525970459
140731,15.6553564071655
140732,10.4673376083374
140733,20.6778106689453
140734,15.5229110717773
140735,14.9943380355835
140736,8.80333805084229
140737,14.8456926345825
140738,8.42177486419678
140739,19.3555202484131
140740,19.4363765716553
140741,16.6094036102295
140742,8.33145427703857
140743,14.0615425109863
140744,7.62793970108032
140745,19.9521102905273
140746,20.1262683868408
140747,19.8425045013428
140748,8.09342670440674
140749,13.5371217727661
140750,7.59008169174194
140751,20.0213680267334
140752,20.2593841552734
140753,19.7566928863525
140754,7.36746740341187
140755,13.413722038269
140756,7.65008735656738
140757,19.9703922271729
140758,20.2978706359863
140759,19.8094501495361
140760,7.02556324005127
140761,14.342041015625
140762,8.23966121673584
140763,19.1557426452637
140764,20.5123863220215
140765,20.1287708282471
140766,7.92087697982788
140767,15.7471733093262
140768,9.29256343841553
140769,20.5613250732422
140770,20.99782371521
140771,20.7505950927734
140772,9.1339807510376
140773,17.5708904266357
140774,10.8637189865112
140775,23.1618099212646
140776,23.0304851531982
140777,22.5797309875488
140778,10.8637189865112
140779,6.68887948989868
140780,5.84759378433228
140781,18.9502391815186
140782,18.8653812408447
140783,18.4403820037842
140784,5.63700771331787
140785,3.51618099212646
140786,2.55784797668457
140787,17.1640892028809
140788,17.1238212585449
140789,16.8213272094727
140790,2.40401077270508
140791,7.99587249755859
140792,2.01431822776794
140793,17.2456569671631
140794,17.135181427002
140795,16.9787082672119
140796,2.01431822776794
140797,7.50941181182861
140798,1.71641099452972
140799,17.0170917510986
140800,16.805908203125
140801,14.7765054702759
140802,1.7103351354599
140803,18.9601802825928
140804,1.95441019535065
140805,14.4213180541992
140806,17.0359058380127
140807,15.093189239502
140808,1.95441019535065
140809,19.8845481872559
140810,3.74118280410767
140811,17.1973037719727
140812,17.8140659332275
140813,17.2003803253174
140814,3.58816719055176
140815,19.9220638275146
140816,5.29307842254639
140817,17.8104553222656
140818,19.526496887207
140819,19.1361598968506
140820,5.09962272644043
140821,15.5793323516846
140822,9.98167514801025
140823,17.9748973846436
140824,19.6900577545166
140825,19.306921005249
140826,5.78937578201294
140827,15.7410736083984
140828,13.4222011566162
140829,22.5532894134521
140830,24.6754951477051
140831,24.2480583190918
140832,10.0639877319336
140833,24.3521289825439
140834,26.8451862335205
140835,24.6460132598877
140836,32.3918571472168
140837,29.8977603912354
140838,19.4373245239258
140839,49.9487762451172
140840,35.3864898681641
140841,34.439567565918
140842,46.8069076538086
140843,41.7132797241211
140844,43.469425201416
140845,63.5553436279297
140846,35.9176368713379
140847,33.9152412414551
140848,46.1553497314453
140849,41.1409606933594
140850,38.0826606750488
140851,56.6506118774414
140852,28.5734977722168
140853,29.7758865356445
140854,36.2260665893555
140855,33.3878593444824
140856,28.8609237670898
140857,60.371265411377
140858,20.0455837249756
140859,21.5054950714111
140860,24.3153953552246
140861,24.1074733734131
140862,19.9443626403809
140863,35.484489440918
140864,18.3589267730713
140865,18.6547183990479
140866,21.1987342834473
140867,21.6589603424072
140868,18.437686920166
140869,27.9183769226074
140870,13.4409923553467
140871,13.687481880188
140872,15.7544803619385
140873,16.2017250061035
140874,13.3791933059692
140875,33.1918754577637
140876,13.6189851760864
140877,12.8491697311401
140878,14.7900199890137
140879,12.9444465637207
140880,12.7405672073364
140881,32.3918418884277
140882,11.7833633422852
140883,12.7509784698486
140884,17.6036243438721
140885,12.0960168838501
140886,11.3724431991577
140887,56.5322608947754
140888,13.9621114730835
140889,14.6955690383911
140890,16.8879337310791
140891,11.9207010269165
140892,12.2419996261597
140893,20.5497455596924
140894,16.0213508605957
140895,17.4980316162109
140896,17.5678634643555
140897,16.6845664978027
140898,13.368275642395
140899,20.0911140441895
140900,18.6557598114014
140901,18.1829967498779
140902,20.7050590515137
140903,16.509801864624
140904,14.5830144882202
140905,22.6344203948975
140906,21.3786697387695
140907,20.0167694091797
140908,21.277717590332
140909,15.5731058120728
140910,19.6943416595459
140911,24.3540630340576
140912,20.6491527557373
140913,20.6339321136475
140914,20.0378971099854
140915,16.0824222564697
140916,20.6217555999756
140917,30.2156028747559
140918,27.4832973480225
140919,24.4940395355225
140920,24.0240898132324
140921,24.4940395355225
140922,25.8655395507812
140923,20.1435165405273
140924,19.70969581604
140925,19.613941192627
140926,21.6823673248291
140927,19.7092151641846
140928,19.6240921020508
140929,13.7197608947754
140930,16.4857978820801
140931,21.1448822021484
140932,20.441349029541
140933,18.9989318847656
140934,16.8623065948486
140935,10.670431137085
140936,20.0660820007324
140937,20.5435581207275
140938,19.6918315887451
140939,20.1499576568604
140940,20.0548076629639
140941,11.101975440979
140942,20.4610919952393
140943,20.712776184082
140944,20.134708404541
140945,20.6681709289551
140946,19.8833599090576
140947,15.5587787628174
140948,19.4070606231689
140949,22.5316371917725
140950,22.1168479919434
140951,22.383861541748
140952,19.1919040679932
140953,17.4322261810303
140954,20.0844268798828
140955,23.2767181396484
140956,22.9795875549316
140957,23.4336547851562
140958,18.850399017334
140959,20.3214550018311
140960,21.842565536499
140961,23.3431224822998
140962,23.6455879211426
140963,23.682933807373
140964,20.1345481872559
140965,26.185230255127
140966,25.1680202484131
140967,25.644136428833
140968,25.8978958129883
140969,25.9046440124512
140970,24.7357730865479
140971,38.3633422851562
140972,37.5253028869629
140973,37.3376884460449
140974,37.5704956054688
140975,36.5460510253906
140976,37.499568939209
140977,50.2696723937988
140978,45.859302520752
140979,36.2332496643066
140980,43.4027328491211
140981,43.3972511291504
140982,45.859302520752
140983,77.5212936401367
140984,62.9248580932617
140985,44.4823799133301
140986,59.8264999389648
140987,55.4416961669922
140988,62.8094177246094
140989,79.5374526977539
140990,63.3940925598145
140991,43.5023498535156
140992,59.4629669189453
140993,50.6302375793457
140994,63.8448944091797
140995,52.8727760314941
140996,48.7128372192383
140997,34.2136154174805
140998,32.2879905700684
140999,39.1000022888184
141000,48.7735404968262
141001,45.88818359375
141002,35.1944732666016
141003,26.8824596405029
141004,26.667028427124
141005,28.430549621582
141006,35.2118682861328
141007,43.7734107971191
141008,34.5172157287598
141009,26.5211410522461
141010,27.8017597198486
141011,28.8077526092529
141012,34.1649169921875
141013,45.5828971862793
141014,28.0978145599365
141015,21.8775386810303
141016,26.6421661376953
141017,24.5386161804199
141018,28.0463638305664
141019,40.8976860046387
141020,27.5775146484375
141021,21.6485004425049
141022,25.2481441497803
141023,23.1942939758301
141024,27.7363433837891
141025,39.181324005127
141026,23.842716217041
141027,19.2581443786621
141028,24.7596530914307
141029,23.4818458557129
141030,25.0385761260986
141031,38.120719909668
141032,23.6955490112305
141033,18.9768104553223
141034,24.886474609375
141035,22.6598110198975
141036,23.173168182373
141037,33.5609703063965
141038,20.9868469238281
141039,15.2039022445679
141040,23.8430042266846
141041,21.0233020782471
141042,20.7899570465088
141043,32.8624496459961
141044,21.164665222168
141045,15.5879173278809
141046,24.1915168762207
141047,23.7969379425049
141048,20.8724708557129
141049,32.3237686157227
141050,21.8706569671631
141051,16.57790184021
141052,24.1915168762207
141053,24.1336498260498
141054,20.9985599517822
141055,34.554859161377
141056,24.3863925933838
141057,18.9604568481445
141058,25.8987712860107
141059,25.8987712860107
141060,22.9665336608887
141061,36.7836494445801
141062,27.2755451202393
141063,21.2490653991699
141064,27.7963905334473
141065,27.3153953552246
141066,26.6240615844727
141067,19.975040435791
141068,19.965799331665
141069,18.4140281677246
141070,21.923168182373
141071,20.9810123443604
141072,19.1527805328369
141073,12.4935111999512
141074,14.8539686203003
141075,14.8025207519531
141076,20.0534400939941
141077,19.9381275177002
141078,14.4584360122681
141079,12.8117713928223
141080,16.2126426696777
141081,17.2961902618408
141082,19.8550281524658
141083,20.0033550262451
141084,12.6172800064087
141085,9.21927165985107
141086,12.3051166534424
141087,16.1423587799072
141088,19.9297103881836
141089,20.0101528167725
141090,12.2772827148438
141091,9.40857601165771
141092,12.1116323471069
141093,17.1756916046143
141094,20.1678371429443
141095,20.0907211303711
141096,12.2750015258789
141097,12.5021276473999
141098,12.8209199905396
141099,19.519229888916
141100,20.5034637451172
141101,20.42991065979
141102,14.4995832443237
141103,21.6667709350586
141104,16.4884300231934
141105,20.4486560821533
141106,20.9959297180176
141107,21.1619129180908
141108,16.5914764404297
141109,28.8389282226562
141110,18.6325931549072
141111,22.2278537750244
141112,22.7049942016602
141113,22.8040351867676
141114,18.630895614624
141115,35.4994659423828
141116,23.2075538635254
141117,28.5514106750488
141118,28.9956607818604
141119,29.0506725311279
141120,22.7093620300293
141121,48.1832656860352
141122,32.682731628418
141123,38.328182220459
141124,38.7891807556152
141125,38.5896530151367
141126,32.388744354248
141127,65.5704803466797
141128,48.6164093017578
141129,48.6529998779297
141130,51.4256629943848
141131,51.2698249816895
141132,47.906852722168
141133,52.0425796508789
141134,43.5044097900391
141135,41.8842887878418
141136,49.0790328979492
141137,49.076976776123
141138,43.5577087402344
141139,36.440242767334
141140,29.651050567627
141141,33.7577857971191
141142,29.3783130645752
141143,26.1711730957031
141144,30.1697998046875
141145,29.7684421539307
141146,20.3751449584961
141147,24.6636829376221
141148,22.7815437316895
141149,21.4301528930664
141150,19.5054473876953
141151,23.9920902252197
141152,15.2665138244629
141153,19.3389778137207
141154,19.4280166625977
141155,15.4045963287354
141156,14.8491277694702
141157,22.9876956939697
141158,15.8738145828247
141159,19.8782024383545
141160,17.3470001220703
141161,18.1505508422852
141162,14.3140001296997
141163,25.1489772796631
141164,16.2876377105713
141165,20.1186504364014
141166,19.3664379119873
141167,17.7504501342773
141168,15.9410104751587
141169,25.8036727905273
141170,16.0864353179932
141171,20.272123336792
141172,21.2545013427734
141173,18.4642581939697
141174,14.5815572738647
141175,23.5110263824463
141176,17.4264240264893
141177,20.9444255828857
141178,21.8123016357422
141179,20.1317672729492
141180,14.2470388412476
141181,23.0466823577881
141182,20.2940673828125
141183,21.5188522338867
141184,22.976203918457
141185,19.9170341491699
141186,15.4769248962402
141187,23.4033756256104
141188,23.5389728546143
141189,21.5949897766113
141190,23.256326675415
141191,20.3474464416504
141192,20.246732711792
141193,24.3019485473633
141194,23.9747886657715
141195,22.4851970672607
141196,23.4848556518555
141197,21.9907035827637
141198,22.5149421691895
141199,25.7662448883057
141200,24.2152996063232
141201,23.5542774200439
141202,23.6416645050049
141203,22.295747756958
141204,22.6796703338623
141205,32.5400123596191
141206,29.9879417419434
141207,29.6790580749512
141208,28.8148937225342
141209,28.5691165924072
141210,28.3633403778076
141211,24.0485649108887
141212,25.2627716064453
141213,25.2823143005371
141214,23.866081237793
141215,23.4056568145752
141216,23.3982200622559
141217,17.9652442932129
141218,21.0405254364014
141219,22.8332061767578
141220,22.7580432891846
141221,20.9593181610107
141222,19.4905834197998
141223,16.669527053833
141224,22.257848739624
141225,22.3178043365479
141226,22.2549839019775
141227,21.9191188812256
141228,22.2851524353027
141229,16.0914058685303
141230,22.2983055114746
141231,22.2338123321533
141232,22.2316818237305
141233,21.8247051239014
141234,22.0997200012207
141235,17.4179706573486
141236,22.3007850646973
141237,22.7858104705811
141238,23.1569423675537
141239,22.9700565338135
141240,19.9657764434814
141241,17.2089233398438
141242,22.7924213409424
141243,23.0376510620117
141244,23.1193580627441
141245,23.1835899353027
141246,21.4633617401123
141247,17.2415790557861
141248,22.4759826660156
141249,23.2121105194092
141250,23.1885662078857
141251,22.8986778259277
141252,21.7910461425781
141253,16.0904369354248
141254,22.0732173919678
141255,23.071798324585
141256,22.951774597168
141257,22.6509571075439
141258,21.7366733551025
141259,22.4071063995361
141260,27.8474082946777
141261,32.9734420776367
141262,32.9149894714355
141263,32.0116767883301
141264,32.7429161071777
141265,27.7683181762695
141266,38.7260093688965
141267,35.979907989502
141268,38.6738090515137
141269,37.2623710632324
141270,38.7145347595215
141271,38.9425163269043
141272,49.8338813781738
141273,44.5420532226562
141274,45.9110679626465
141275,45.6875190734863
141276,49.7447547912598
141277,38.7115783691406
141278,49.152214050293
141279,36.714168548584
141280,32.021614074707
141281,40.280200958252
141282,49.1300773620605
141283,33.388557434082
141284,37.9146118164062
141285,30.0498867034912
141286,23.1345195770264
141287,27.8964920043945
141288,30.6041679382324
141289,29.166166305542
141290,23.8105049133301
141291,23.993766784668
141292,21.9425811767578
141293,20.0613269805908
141294,23.6768417358398
141295,27.1724548339844
141296,22.9010276794434
141297,21.947229385376
141298,16.847074508667
141299,17.2676525115967
141300,18.4912967681885
141301,23.489387512207
141302,20.5507431030273
141303,20.2759990692139
141304,17.2505989074707
141305,15.6052703857422
141306,16.4668731689453
141307,23.6631317138672
141308,13.6143751144409
141309,18.6972122192383
141310,19.7554454803467
141311,14.7492990493774
141312,13.6143751144409
141313,23.326904296875
141314,13.6481962203979
141315,20.0917263031006
141316,19.086877822876
141317,15.1780652999878
141318,13.6593055725098
141319,30.7428855895996
141320,15.0304985046387
141321,19.6385498046875
141322,21.2670841217041
141323,18.755672454834
141324,13.1598453521729
141325,33.0536575317383
141326,22.3130912780762
141327,19.9406642913818
141328,21.7294483184814
141329,19.8439655303955
141330,14.210075378418
141331,23.8013916015625
141332,13.5723171234131
141333,20.4431476593018
141334,21.7899475097656
141335,20.1148452758789
141336,21.6607360839844
141337,22.7040920257568
141338,13.0260753631592
141339,21.3600883483887
141340,22.0502948760986
141341,19.953519821167
141342,13.0260753631592
141343,22.7924118041992
141344,13.0947399139404
141345,21.5212154388428
141346,23.1063938140869
141347,20.1333141326904
141348,13.0947399139404
141349,25.6833381652832
141350,26.0721740722656
141351,22.5597629547119
141352,24.3442783355713
141353,22.3814678192139
141354,16.7880382537842
141355,23.17041015625
141356,25.0277271270752
141357,23.0173187255859
141358,22.6925258636475
141359,21.3389739990234
141360,15.110330581665
141361,14.4382677078247
141362,21.3958778381348
141363,21.6498355865479
141364,20.9161109924316
141365,18.7836742401123
141366,21.8036918640137
141367,10.4149732589722
141368,20.2275428771973
141369,20.2084484100342
141370,17.4805183410645
141371,13.9225931167603
141372,20.2110767364502
141373,8.10869884490967
141374,19.6600475311279
141375,19.5804195404053
141376,14.8447532653809
141377,12.3881578445435
141378,19.6778240203857
141379,7.89421987533569
141380,19.2584991455078
141381,19.5777950286865
141382,15.7498407363892
141383,15.7213659286499
141384,16.7587184906006
141385,11.2659530639648
141386,15.4650421142578
141387,19.6653366088867
141388,17.6754341125488
141389,17.0732078552246
141390,17.560827255249
141391,13.8773059844971
141392,17.4615821838379
141393,21.7195358276367
141394,17.7774467468262
141395,18.5030384063721
141396,16.5843811035156
141397,14.9313526153564
141398,19.6423530578613
141399,16.7457466125488
141400,18.3618259429932
141401,18.9292984008789
141402,21.9714374542236
141403,23.8421688079834
141404,27.4269847869873
141405,20.96164894104
141406,25.9470844268799
141407,26.2054634094238
141408,33.8872985839844
141409,56.7788009643555
141410,33.2742156982422
141411,25.0121269226074
141412,27.2467041015625
141413,26.4336891174316
141414,28.3341884613037
141415,39.8875350952148
141416,31.1956748962402
141417,30.7347412109375
141418,34.445556640625
141419,33.9388847351074
141420,40.269359588623
141421,43.6536331176758
141422,33.0452079772949
141423,29.9499244689941
141424,32.4228172302246
141425,34.0127906799316
141426,29.5437393188477
141427,34.9860076904297
141428,24.6947231292725
141429,24.6517333984375
141430,25.142406463623
141431,27.1122608184814
141432,24.7027053833008
141433,63.0657768249512
141434,20.5999641418457
141435,20.7367572784424
141436,17.7883472442627
141437,21.290491104126
141438,20.3114490509033
141439,52.3016014099121
141440,27.9213199615479
141441,23.1318168640137
141442,16.8070316314697
141443,19.3946285247803
141444,24.1383476257324
141445,49.1488914489746
141446,24.1998043060303
141447,21.4747619628906
141448,15.5419778823853
141449,18.447244644165
141450,26.650089263916
141451,58.1759033203125
141452,19.0860214233398
141453,21.8282470703125
141454,15.8314256668091
141455,17.4241638183594
141456,22.3849716186523
141457,47.4161643981934
141458,24.2781162261963
141459,23.0646953582764
141460,15.11181640625
141461,17.2326259613037
141462,26.0991458892822
141463,34.1680679321289
141464,21.8621311187744
141465,23.5150089263916
141466,15.6004018783569
141467,16.9928817749023
141468,24.3436088562012
141469,31.4943008422852
141470,25.0659561157227
141471,24.5665111541748
141472,13.4032154083252
141473,15.9086627960205
141474,25.3031272888184
141475,39.0162200927734
141476,25.2685699462891
141477,15.7786960601807
141478,15.5762662887573
141479,16.3081798553467
141480,26.0327110290527
141481,62.2644157409668
141482,27.4976406097412
141483,20.1890239715576
141484,18.9017925262451
141485,19.1259517669678
141486,28.2753295898438
141487,63.9968605041504
141488,27.4321937561035
141489,24.142068862915
141490,20.1940002441406
141491,20.7047634124756
141492,29.3175868988037
141493,53.3923873901367
141494,29.1726379394531
141495,28.3325119018555
141496,22.313045501709
141497,31.3377170562744
141498,30.2751350402832
141499,41.7069473266602
141500,26.1930103302002
141501,30.9286422729492
141502,30.7832279205322
141503,26.2600440979004
141504,27.3576622009277
141505,28.005298614502
141506,24.1048488616943
141507,19.8261337280273
141508,20.3729553222656
141509,18.7019824981689
141510,21.7624282836914
141511,24.3441333770752
141512,21.9472064971924
141513,16.8981227874756
141514,10.486403465271
141515,14.1673011779785
141516,20.748966217041
141517,29.554536819458
141518,14.7473278045654
141519,16.0961856842041
141520,9.84718608856201
141521,15.9838371276855
141522,19.8238410949707
141523,27.8742961883545
141524,14.5158014297485
141525,15.1503210067749
141526,13.8614416122437
141527,18.4289283752441
141528,20.7696094512939
141529,23.3413391113281
141530,17.7720336914062
141531,16.3356742858887
141532,16.3355350494385
141533,22.1742076873779
141534,19.6647205352783
141535,37.3013687133789
141536,24.8566417694092
141537,17.8345508575439
141538,22.7063789367676
141539,25.245267868042
141540,24.8665962219238
141541,33.0277633666992
141542,26.622486114502
141543,20.7322444915771
141544,26.4465961456299
141545,26.8213977813721
141546,26.622486114502
141547,40.2036323547363
141548,37.2570037841797
141549,27.6380729675293
141550,37.3429107666016
141551,37.4427795410156
141552,37.3079795837402
141553,43.6909675598145
141554,40.6233253479004
141555,29.4002590179443
141556,40.6270599365234
141557,40.7593612670898
141558,40.9482002258301
141559,66.2811660766602
141560,50.6077156066895
141561,43.333911895752
141562,52.1472358703613
141563,52.4329452514648
141564,52.7096252441406
141565,80.6013717651367
141566,45.4043731689453
141567,44.9640159606934
141568,51.1334457397461
141569,51.3006782531738
141570,51.8174896240234
141571,76.0661010742188
141572,40.7055969238281
141573,39.3846282958984
141574,44.7627944946289
141575,44.9969024658203
141576,45.4569625854492
141577,67.5165405273438
141578,33.3434753417969
141579,34.0380401611328
141580,28.2617492675781
141581,34.1683311462402
141582,34.2580528259277
141583,67.7112274169922
141584,34.9220695495605
141585,32.0666275024414
141586,27.1952228546143
141587,33.9441299438477
141588,34.9901962280273
141589,67.8582992553711
141590,32.6297492980957
141591,31.6407947540283
141592,27.5804710388184
141593,27.2767295837402
141594,32.6297492980957
141595,67.8631820678711
141596,32.6563987731934
141597,31.6029186248779
141598,28.6281871795654
141599,29.5176696777344
141600,32.6297492980957
141601,66.5954208374023
141602,32.471305847168
141603,31.5497550964355
141604,30.7156352996826
141605,28.1396636962891
141606,32.471305847168
141607,67.8660736083984
141608,32.3074111938477
141609,29.7003059387207
141610,31.2411689758301
141611,29.8598213195801
141612,32.2385444641113
141613,58.741771697998
141614,30.6036682128906
141615,30.2773628234863
141616,30.2617588043213
141617,28.2004127502441
141618,30.3915061950684
141619,58.3952102661133
141620,30.8422050476074
141621,29.3481025695801
141622,30.1875553131104
141623,26.8827457427979
141624,30.5372772216797
141625,65.811653137207
141626,30.0375022888184
141627,29.2413349151611
141628,29.7545757293701
141629,27.8834056854248
141630,30.1172847747803
141631,66.8122329711914
141632,28.6236972808838
141633,29.7253551483154
141634,29.4582424163818
141635,29.4395408630371
141636,29.7850818634033
141637,67.4833297729492
141638,30.0393333435059
141639,32.6491546630859
141640,31.9355564117432
141641,31.3651828765869
141642,30.1023292541504
141643,60.6034278869629
141644,27.6984901428223
141645,29.4098815917969
141646,28.404125213623
141647,29.9681243896484
141648,28.0468330383301
141649,40.3492622375488
141650,20.328197479248
141651,21.249641418457
141652,22.1474475860596
141653,22.2161750793457
141654,20.2115783691406
141655,38.2126579284668
141656,19.7437725067139
141657,22.222131729126
141658,22.2295417785645
141659,22.3748874664307
141660,16.8549175262451
141661,37.1049690246582
141662,17.5200061798096
141663,22.2394275665283
141664,22.2122745513916
141665,22.4500503540039
141666,18.8426570892334
141667,36.6550216674805
141668,20.0478630065918
141669,22.0037460327148
141670,22.435359954834
141671,22.4225006103516
141672,20.162467956543
141673,36.6550216674805
141674,21.8752784729004
141675,21.789852142334
141676,22.6248054504395
141677,22.5223522186279
141678,22.2829818725586
141679,37.7938537597656
141680,22.8270053863525
141681,22.6780338287354
141682,23.1185474395752
141683,23.4604396820068
141684,22.8280181884766
141685,37.9015655517578
141686,22.8269195556641
141687,22.7505626678467
141688,23.3652477264404
141689,23.4654750823975
141690,22.8727569580078
141691,43.2547264099121
141692,29.8307189941406
141693,29.9103546142578
141694,30.4148178100586
141695,30.3935222625732
141696,29.9142932891846
141697,56.7983665466309
141698,37.6484680175781
141699,40.5140113830566
141700,40.8466911315918
141701,40.8667221069336
141702,40.5139694213867
141703,78.9483871459961
141704,47.8724021911621
141705,51.9145317077637
141706,54.1881637573242
141707,53.9704360961914
141708,49.9126472473145
141709,80.1570739746094
141710,45.603458404541
141711,49.5829315185547
141712,51.5044708251953
141713,53.6611480712891
141714,44.5576820373535
141715,75.3899154663086
141716,39.491584777832
141717,42.7525634765625
141718,40.1329345703125
141719,44.6175308227539
141720,36.1392478942871
141721,66.0211181640625
141722,29.1977424621582
141723,29.932056427002
141724,26.0500679016113
141725,30.6663131713867
141726,27.7766017913818
141727,57.1572303771973
141728,27.4111728668213
141729,27.9258098602295
141730,25.1933155059814
141731,22.7528514862061
141732,25.8754730224609
141733,35.4062004089355
141734,24.9308376312256
141735,24.83616065979
141736,22.5439758300781
141737,19.2679462432861
141738,24.295280456543
141739,35.6652870178223
141740,23.7087726593018
141741,23.8111991882324
141742,22.9989395141602
141743,21.540843963623
141744,23.7087726593018
141745,32.7677917480469
141746,22.729248046875
141747,22.6867027282715
141748,21.1473197937012
141749,19.0622653961182
141750,21.9771537780762
141751,32.9360733032227
141752,23.6120910644531
141753,21.6765956878662
141754,22.9506607055664
141755,21.3672485351562
141756,23.7055721282959
141757,32.8635559082031
141758,23.9603176116943
141759,21.7750453948975
141760,22.9506607055664
141761,21.5519599914551
141762,23.9086494445801
141763,34.2292556762695
141764,24.0146961212158
141765,22.2144622802734
141766,23.6107540130615
141767,21.8900375366211
141768,23.9708728790283
141769,37.1340980529785
141770,27.0326118469238
141771,23.8162975311279
141772,25.2846546173096
141773,23.8214550018311
141774,26.5913219451904
141775,41.5572738647461
141776,28.8193893432617
141777,26.0149898529053
141778,27.0862312316895
141779,25.8716583251953
141780,28.694730758667
141781,53.5564804077148
141782,32.0710639953613
141783,28.7159385681152
141784,30.660026550293
141785,30.1299819946289
141786,32.580265045166
141787,51.2977714538574
141788,30.3376235961914
141789,28.5978260040283
141790,29.0255584716797
141791,29.1696491241455
141792,31.1203575134277
141793,36.8808822631836
141794,22.3226356506348
141795,20.345027923584
141796,21.6062259674072
141797,20.3725929260254
141798,22.3141384124756
141799,35.140811920166
141800,21.3272533416748
141801,21.2134685516357
141802,21.1848087310791
141803,20.8544521331787
141804,21.3107872009277
141805,35.2074394226074
141806,21.2693862915039
141807,18.8188915252686
141808,21.6350021362305
141809,21.4604988098145
141810,21.3272533416748
141811,36.9655380249023
141812,22.2075157165527
141813,21.2633228302002
141814,22.8196201324463
141815,22.7428607940674
141816,22.2075157165527
141817,32.6020812988281
141818,22.2864742279053
141819,22.41286277771
141820,23.0118408203125
141821,23.0567150115967
141822,23.0506496429443
141823,30.0428409576416
141824,22.3088855743408
141825,22.6853771209717
141826,23.259614944458
141827,23.0791263580322
141828,23.183084487915
141829,35.6396903991699
141830,22.3665790557861
141831,22.8015975952148
141832,23.2546253204346
141833,23.2351875305176
141834,23.6841106414795
141835,42.6413269042969
141836,29.7476863861084
141837,29.5836143493652
141838,29.9375553131104
141839,29.9234142303467
141840,31.4965686798096
141841,55.5553016662598
141842,38.8737678527832
141843,38.6981315612793
141844,39.1724090576172
141845,38.9136734008789
141846,42.9504165649414
141847,84.4414520263672
141848,51.756477355957
141849,52.5718574523926
141850,52.5935363769531
141851,52.4022598266602
141852,59.5194053649902
141853,82.8578109741211
141854,43.3948554992676
141855,50.6837768554688
141856,47.4674987792969
141857,50.6927146911621
141858,57.3957252502441
141859,71.3019485473633
141860,34.9943580627441
141861,29.6434097290039
141862,35.4894943237305
141863,39.4927711486816
141864,35.2612991333008
141865,62.6385459899902
141866,24.1466541290283
141867,22.020191192627
141868,24.2008609771729
141869,27.8807563781738
141870,21.7897071838379
141871,49.4014358520508
141872,22.4383068084717
141873,21.42942237854
141874,18.8441543579102
141875,18.5423336029053
141876,22.4948711395264
141877,33.8371810913086
141878,20.5008792877197
141879,16.4210357666016
141880,15.7617206573486
141881,15.5655937194824
141882,18.9728832244873
141883,28.7622146606445
141884,18.0443248748779
141885,14.7054748535156
141886,19.7480068206787
141887,14.4995632171631
141888,15.7840270996094
141889,30.1601943969727
141890,22.5385837554932
141891,16.4073677062988
141892,17.7708206176758
141893,14.6762580871582
141894,20.4552574157715
141895,31.0030860900879
141896,23.4637775421143
141897,15.0889329910278
141898,18.9909782409668
141899,14.4618873596191
141900,24.7428226470947
141901,32.934814453125
141902,24.1917190551758
141903,17.9479751586914
141904,20.2604522705078
141905,15.2211313247681
141906,27.8691387176514
141907,32.8983383178711
141908,23.5476226806641
141909,19.0711135864258
141910,19.5481452941895
141911,16.7185764312744
141912,24.6493091583252
141913,51.9269790649414
141914,20.9511909484863
141915,16.3535537719727
141916,19.8552150726318
141917,17.8659744262695
141918,20.7211513519287
141919,52.7446937561035
141920,17.8892250061035
141921,19.4823036193848
141922,20.5215759277344
141923,20.0711231231689
141924,20.3393936157227
141925,40.3722534179688
141926,17.2659759521484
141927,22.2945766448975
141928,22.0254688262939
141929,22.0284023284912
141930,17.0880546569824
141931,30.5243816375732
141932,12.8661956787109
141933,19.2269268035889
141934,18.0721054077148
141935,19.0476608276367
141936,12.0725727081299
141937,5.08125448226929
141938,7.83338308334351
141939,11.4626379013062
141940,15.8336553573608
141941,15.0016660690308
141942,4.66921472549438
141943,3.2905707359314
141944,4.33665180206299
141945,8.11556720733643
141946,16.2899570465088
141947,14.4913177490234
141948,4.11139535903931
141949,3.17295718193054
141950,3.81840753555298
141951,8.62275409698486
141952,16.5859756469727
141953,15.8512363433838
141954,2.97399306297302
141955,2.93276810646057
141956,3.19506907463074
141957,13.9373731613159
141958,16.8355236053467
141959,17.2332191467285
141960,2.83408856391907
141961,4.21265411376953
141962,4.07413005828857
141963,18.0177745819092
141964,18.4603614807129
141965,18.6445636749268
141966,4.05309867858887
141967,5.40239477157593
141968,5.11914443969727
141969,19.0622959136963
141970,19.3471164703369
141971,19.468204498291
141972,5.16107606887817
141973,5.57054090499878
141974,5.13180589675903
141975,19.420036315918
141976,19.9537944793701
141977,19.8010921478271
141978,5.37795686721802
141979,5.88164234161377
141980,6.41443824768066
141981,24.3686122894287
141982,24.7666759490967
141983,24.5730571746826
141984,6.18411350250244
141985,9.30318069458008
141986,7.91665172576904
141987,26.3865909576416
141988,26.4511489868164
141989,26.4075298309326
141990,7.94193077087402
141991,25.4452304840088
141992,16.6656856536865
141993,36.6807136535645
141994,34.6741638183594
141995,36.160343170166
141996,17.3821773529053
141997,30.1459445953369
141998,21.076473236084
141999,37.077579498291
142000,38.5818710327148
142001,34.6245803833008
142002,26.0557384490967
142003,23.4456787109375
142004,20.7034034729004
142005,13.2441730499268
142006,25.5889530181885
142007,27.484827041626
142008,21.9960765838623
142009,22.7019901275635
142010,19.2252788543701
142011,12.2153940200806
142012,16.8117122650146
142013,18.331241607666
142014,20.0713310241699
142015,21.6690349578857
142016,17.3937530517578
142017,11.759482383728
142018,20.7027378082275
142019,13.1238441467285
142020,19.2921123504639
142021,17.3702163696289
142022,18.3103866577148
142023,9.40268325805664
142024,19.1606216430664
142025,16.8870944976807
142026,19.0437641143799
142027,18.2756175994873
142028,10.3781843185425
142029,7.57513999938965
142030,3.69112730026245
142031,7.54068613052368
142032,9.01287651062012
142033,19.7213726043701
142034,8.68170261383057
142035,6.99116182327271
142036,3.69412684440613
142037,6.94105911254883
142038,8.62265491485596
142039,19.1013717651367
142040,8.20834922790527
142041,6.33018112182617
142042,1.98586094379425
142043,6.28126621246338
142044,7.50274658203125
142045,18.4869041442871
142046,7.72357034683228
142047,6.33860158920288
142048,1.69200849533081
142049,11.4990453720093
142050,7.69583606719971
142051,18.3164653778076
142052,7.3029088973999
142053,6.8409276008606
142054,2.18820691108704
142055,5.67173337936401
142056,7.41518402099609
142057,19.1289043426514
142058,8.3418664932251
142059,10.7791032791138
142060,3.15793395042419
142061,13.96080493927
142062,8.41443061828613
142063,20.4888210296631
142064,9.39272975921631
142065,13.4173631668091
142066,5.80439043045044
142067,9.54298782348633
142068,9.31397724151611
142069,20.4734935760498
142070,11.7393169403076
142071,15.5781526565552
142072,15.2463874816895
142073,11.2756061553955
142074,12.0286493301392
142075,10.950831413269
142076,6.0890154838562
142077,7.89809989929199
142078,6.14847183227539
142079,6.79759073257446
142080,6.23354053497314
142081,7.09713077545166
142082,3.32202982902527
142083,3.86837267875671
142084,7.9209942817688
142085,3.63613271713257
142086,3.32202982902527
142087,5.99495315551758
142088,2.41959381103516
142089,1.51538252830505
142090,-2.28093147277832
142091,1.6296511888504
142092,2.41959381103516
142093,3.98022675514221
142094,1.77795648574829
142095,1.37632894515991
142096,-2.44606781005859
142097,1.45416307449341
142098,1.58164834976196
142099,1.6636655330658
142100,1.53264093399048
142101,1.37733852863312
142102,-2.46506810188293
142103,1.4449405670166
142104,1.53264093399048
142105,1.91952621936798
142106,1.65217816829681
142107,1.49687612056732
142108,-2.34553575515747
142109,1.56447720527649
142110,1.65217816829681
142111,1.91952621936798
142112,1.66363453865051
142113,1.50833225250244
142114,-2.32592725753784
142115,1.57593393325806
142116,1.66363453865051
142117,2.03772449493408
142118,1.75423455238342
142119,1.5989316701889
142120,-2.23532509803772
142121,1.67407190799713
142122,1.75423455238342
142123,2.90596485137939
142124,2.41439032554626
142125,2.30005216598511
142126,-1.49634313583374
142127,2.3598473072052
142128,2.41439032554626
142129,6.24166250228882
142130,4.96675491333008
142131,4.70465850830078
142132,1.11231195926666
142133,4.79543256759644
142134,4.95916986465454
142135,31.3263187408447
142136,18.768949508667
142137,18.4868412017822
142138,15.7148656845093
142139,18.6090793609619
142140,18.7609672546387
142141,52.1957511901855
142142,34.4354591369629
142143,32.464241027832
142144,32.5812339782715
142145,32.5030326843262
142146,33.1995811462402
142147,54.720287322998
142148,34.9080085754395
142149,31.4288997650146
142150,30.4239330291748
142151,32.0463600158691
142152,34.5935516357422
142153,61.3647575378418
142154,30.4720401763916
142155,24.7009773254395
142156,22.6760749816895
142157,24.9256591796875
142158,31.1940174102783
142159,68.2490844726562
142160,30.7411823272705
142161,24.8218269348145
142162,23.9042549133301
142163,25.6887550354004
142164,30.9642143249512
142165,71.9499893188477
142166,30.0950679779053
142167,24.8484554290771
142168,25.2373237609863
142169,28.1450443267822
142170,30.8466949462891
142171,79.8455657958984
142172,32.7502326965332
142173,24.0183181762695
142174,26.9752750396729
142175,26.0384941101074
142176,31.5496654510498
142177,79.8015670776367
142178,32.8153648376465
142179,23.7796936035156
142180,25.4127445220947
142181,26.571310043335
142182,32.751407623291
142183,79.7730178833008
142184,32.4433135986328
142185,26.3246822357178
142186,26.0683193206787
142187,30.406229019165
142188,32.1784706115723
142189,79.9088287353516
142190,32.0352783203125
142191,26.5707130432129
142192,27.3303241729736
142193,31.2070369720459
142194,32.0352783203125
142195,79.802375793457
142196,32.4433135986328
142197,27.7888107299805
142198,30.6716365814209
142199,32.4173774719238
142200,32.4433135986328
142201,80.2549057006836
142202,33.6382713317871
142203,29.337043762207
142204,32.0571212768555
142205,33.5066604614258
142206,33.6382713317871
142207,87.5166091918945
142208,44.1320381164551
142209,39.5665168762207
142210,43.1549224853516
142211,43.9772186279297
142212,44.1320381164551
142213,89.1607513427734
142214,48.2679901123047
142215,42.6204643249512
142216,46.332447052002
142217,45.6210403442383
142218,48.4971237182617
142219,58.437328338623
142220,32.4926109313965
142221,26.0719718933105
142222,32.2360725402832
142223,31.5785083770752
142224,32.3044013977051
142225,46.5467910766602
142226,23.7278747558594
142227,20.0087203979492
142228,21.9844264984131
142229,21.893949508667
142230,23.7278747558594
142231,39.157112121582
142232,21.4811191558838
142233,20.0110626220703
142234,20.0530128479004
142235,20.2260475158691
142236,21.4811191558838
142237,30.6755180358887
142238,19.9534149169922
142239,19.5950984954834
142240,19.8205738067627
142241,19.9936084747314
142242,19.9923305511475
142243,23.4504146575928
142244,19.8653144836426
142245,19.7549514770508
142246,19.8474903106689
142247,20.0205249786377
142248,19.8653144836426
142249,23.7960815429688
142250,19.9854888916016
142251,19.865650177002
142252,19.9676647186279
142253,20.1406993865967
142254,19.9854888916016
142255,26.1112003326416
142256,19.7678718566895
142257,19.2414054870605
142258,19.7231311798096
142259,19.8961658477783
142260,19.7678718566895
142261,26.1319274902344
142262,19.7885990142822
142263,19.2872714996338
142264,19.7438583374023
142265,19.9168930053711
142266,19.7885990142822
142267,25.2667789459229
142268,26.4259605407715
142269,26.3671875
142270,26.3842239379883
142271,26.5440216064453
142272,26.4259605407715
142273,33.6205177307129
142274,31.0643215179443
142275,30.8359375
142276,30.8359375
142277,30.9544563293457
142278,31.0643215179443
142279,58.5049438476562
142280,56.7203330993652
142281,57.1972274780273
142282,57.1702194213867
142283,57.1702194213867
142284,56.8432502746582
142285,54.5122947692871
142286,53.5744934082031
142287,56.6326103210449
142288,56.4146003723145
142289,56.5216331481934
142290,54.3654937744141
142291,44.8567771911621
142292,42.0556182861328
142293,46.4563674926758
142294,46.1523017883301
142295,46.1781692504883
142296,46.2688140869141
142297,38.407844543457
142298,30.9925403594971
142299,31.1732120513916
142300,31.1497955322266
142301,31.1497955322266
142302,30.6259346008301
142303,36.6956329345703
142304,30.38743019104
142305,29.6016502380371
142306,29.6051483154297
142307,29.5973339080811
142308,27.2140922546387
142309,33.935962677002
142310,25.9695587158203
142311,27.2349529266357
142312,27.261869430542
142313,27.1597900390625
142314,23.247444152832
142315,40.8911056518555
142316,29.8070259094238
142317,27.6052646636963
142318,25.0473194122314
142319,23.977445602417
142320,26.2220516204834
142321,42.2591209411621
142322,30.4539184570312
142323,27.8468704223633
142324,21.6295375823975
142325,23.7807312011719
142326,27.0862712860107
142327,46.7358665466309
142328,24.7161636352539
142329,28.1053218841553
142330,26.531665802002
142331,25.8969917297363
142332,25.7172412872314
142333,50.4067077636719
142334,27.4945888519287
142335,29.8971538543701
142336,25.9150695800781
142337,25.9444103240967
142338,26.754114151001
142339,54.0988998413086
142340,29.1239395141602
142341,30.6081104278564
142342,27.164701461792
142343,26.463960647583
142344,28.8168163299561
142345,58.1803092956543
142346,31.1475772857666
142347,31.7926120758057
142348,30.2571964263916
142349,27.6600894927979
142350,30.8199195861816
142351,58.9230842590332
142352,35.1575889587402
142353,34.9338264465332
142354,33.6631889343262
142355,30.7434349060059
142356,33.849308013916
142357,65.9455718994141
142358,40.2282562255859
142359,39.2832069396973
142360,39.2910232543945
142361,36.8014717102051
142362,39.792552947998
142363,44.2364807128906
142364,31.7354488372803
142365,31.1891956329346
142366,31.4218349456787
142367,28.4392871856689
142368,31.7354488372803
142369,28.3422565460205
142370,21.6241474151611
142371,20.811502456665
142372,21.3271827697754
142373,21.0909538269043
142374,22.6861953735352
142375,18.4773139953613
142376,20.5731620788574
142377,19.8810882568359
142378,19.8660144805908
142379,20.0258483886719
142380,21.1793231964111
142381,23.9393901824951
142382,19.856502532959
142383,19.856502532959
142384,19.8249988555908
142385,19.9847965240479
142386,19.856502532959
142387,22.763614654541
142388,19.7798080444336
142389,19.744234085083
142390,19.6994934082031
142391,19.8725280761719
142392,19.7733898162842
142393,21.5463333129883
142394,19.6978225708008
142395,19.6622486114502
142396,19.6192378997803
142397,19.8174591064453
142398,19.6914043426514
142399,20.008810043335
142400,19.6819171905518
142401,19.6732597351074
142402,19.591609954834
142403,19.77463722229
142404,19.6819171905518
142405,19.5344524383545
142406,19.3500308990479
142407,19.3173751831055
142408,19.1237659454346
142409,19.3989849090576
142410,19.3500308990479
142411,23.9104175567627
142412,26.1442680358887
142413,25.9842586517334
142414,25.9010944366455
142415,26.085636138916
142416,26.1251735687256
142417,30.2801456451416
142418,29.2292289733887
142419,29.0634937286377
142420,28.96462059021
142421,29.127742767334
142422,29.2101345062256
142423,60.0613861083984
142424,47.9364700317383
142425,47.8263740539551
142426,48.0258293151855
142427,46.8630523681641
142428,47.9221534729004
142429,42.2030563354492
142430,41.8728065490723
142431,39.1821823120117
142432,41.0331954956055
142433,39.1535377502441
142434,39.3151016235352
142435,27.487491607666
142436,25.633975982666
142437,22.5508041381836
142438,29.1697692871094
142439,27.6770095825195
142440,25.6046028137207
142441,23.3014183044434
142442,18.9265193939209
142443,18.7857532501221
142444,23.5679779052734
142445,22.8259124755859
142446,19.1456928253174
142447,18.5530071258545
142448,12.9165296554565
142449,15.3747787475586
142450,9.79720020294189
142451,20.5331707000732
142452,13.3474912643433
142453,16.6873512268066
142454,16.2471714019775
142455,16.1633491516113
142456,10.2159929275513
142457,11.0679311752319
142458,10.5081253051758
142459,15.2988500595093
142460,15.9677047729492
142461,13.3971300125122
142462,11.5803995132446
142463,9.48749923706055
142464,8.94558715820312
142465,15.208104133606
142466,16.3202056884766
142467,15.2915449142456
142468,14.8649349212646
142469,11.0940179824829
142470,9.43453121185303
142471,16.3988265991211
142472,17.950511932373
142473,17.2864074707031
142474,15.5796384811401
142475,11.9716653823853
142476,21.3256511688232
142477,16.752555847168
142478,21.112771987915
142479,19.3863964080811
142480,16.1689643859863
142481,12.9527997970581
142482,21.0365524291992
142483,19.5996990203857
142484,21.2343711853027
142485,21.1362266540527
142486,17.5719547271729
142487,16.6411056518555
142488,21.3161964416504
142489,26.1529731750488
142490,20.885383605957
142491,23.0650177001953
142492,20.5074253082275
142493,18.3192691802979
142494,23.1346473693848
142495,32.2541580200195
142496,19.5928230285645
142497,23.7249412536621
142498,20.9419975280762
142499,19.8105449676514
142500,20.8780670166016
142501,38.7615966796875
142502,20.3790893554688
142503,23.1739330291748
142504,24.1462459564209
142505,21.928430557251
142506,19.2247447967529
142507,57.7001876831055
142508,18.3719310760498
142509,21.8359375
142510,22.8918685913086
142511,23.1492290496826
142512,19.4517955780029
142513,20.6089401245117
142514,12.029655456543
142515,14.1898460388184
142516,16.6031875610352
142517,15.8566827774048
142518,9.54956245422363
142519,15.8181056976318
142520,8.22933387756348
142521,19.5417957305908
142522,19.1427936553955
142523,17.9293193817139
142524,9.95861530303955
142525,9.90550231933594
142526,7.54339218139648
142527,19.6301097869873
142528,15.2333431243896
142529,12.1234331130981
142530,7.06193733215332
142531,7.26499938964844
142532,7.51898717880249
142533,19.0574779510498
142534,10.6192979812622
142535,10.4564733505249
142536,6.53099155426025
142537,7.64403581619263
142538,9.03518772125244
142539,19.6370468139648
142540,14.5186443328857
142541,12.0347089767456
142542,7.24703025817871
142543,7.99465084075928
142544,9.38969326019287
142545,19.7417182922363
142546,14.3803005218506
142547,15.5402269363403
142548,9.33622169494629
142549,8.71601390838623
142550,10.8406372070312
142551,20.0013008117676
142552,18.0330486297607
142553,16.91037940979
142554,10.8406372070312
142555,11.2843179702759
142556,15.2187747955322
142557,26.6957416534424
142558,25.6961269378662
142559,25.6652812957764
142560,14.4108190536499
142561,20.1752128601074
142562,24.4520874023438
142563,30.8182048797607
142564,31.0985126495361
142565,30.9812469482422
142566,22.4053344726562
142567,46.8578567504883
142568,46.852653503418
142569,44.3553199768066
142570,48.7260284423828
142571,47.0623054504395
142572,42.1258544921875
142573,50.6468353271484
142574,43.5666007995605
142575,38.0787734985352
142576,47.2873840332031
142577,41.633056640625
142578,46.9091758728027
142579,45.871337890625
142580,37.5211334228516
142581,29.1763477325439
142582,31.1536464691162
142583,33.2557067871094
142584,37.2797813415527
142585,39.8106803894043
142586,30.1454105377197
142587,22.6465511322021
142588,20.1073627471924
142589,22.3686580657959
142590,30.435131072998
142591,40.1960411071777
142592,29.0670070648193
142593,21.3014965057373
142594,18.4933109283447
142595,21.0263118743896
142596,28.9046497344971
142597,40.3195457458496
142598,25.7639503479004
142599,16.0619888305664
142600,16.4340476989746
142601,21.917631149292
142602,24.3480167388916
142603,66.3707122802734
142604,24.3384437561035
142605,16.5629844665527
142606,18.2160472869873
142607,16.317512512207
142608,22.6493110656738
142609,69.6277236938477
142610,24.5204887390137
142611,17.6857681274414
142612,13.1350564956665
142613,16.0483112335205
142614,23.6885318756104
142621,71.69287109375
142622,26.3556709289551
142623,23.5401039123535
142624,14.569299697876
142625,18.6218700408936
142626,25.9287395477295
142627,73.0267791748047
142628,26.5303421020508
142629,21.4494132995605
142630,14.2656784057617
142631,23.4499168395996
142632,27.309886932373
142633,74.541618347168
142634,27.6088790893555
142635,19.7882137298584
142636,23.4035301208496
142637,23.2325172424316
142638,27.6088790893555
142639,55.8275871276855
142640,27.6749153137207
142641,19.491584777832
142642,23.2661170959473
142643,23.6522922515869
142644,27.6749153137207
142645,50.2905921936035
142646,29.3529663085938
142647,20.0360927581787
142648,23.5410861968994
142649,25.6082763671875
142650,29.1306476593018
142651,38.5250968933105
142652,25.3523654937744
142653,19.5757503509521
142654,19.0705127716064
142655,20.538969039917
142656,25.3523654937744
142657,27.4114723205566
142658,20.6595134735107
142659,11.9753589630127
142660,11.5439558029175
142661,15.9778099060059
142662,20.6595134735107
142663,31.815803527832
142664,19.6731014251709
142665,13.9925918579102
142666,16.936695098877
142667,15.4775400161743
142668,16.7394123077393
142669,24.1423988342285
142670,18.1703433990479
142671,13.7843399047852
142672,18.0125541687012
142673,16.8013687133789
142674,17.6959838867188
142675,19.627592086792
142676,17.3548488616943
142677,18.2143650054932
142678,17.9889011383057
142679,18.2656707763672
142680,16.4235820770264
142681,22.843994140625
142682,15.1843767166138
142683,18.4278545379639
142684,18.1578063964844
142685,18.5394458770752
142686,14.5526580810547
142687,21.1779766082764
142688,14.9364652633667
142689,18.4437942504883
142690,18.2711086273193
142691,18.5487365722656
142692,13.7910041809082
142693,22.7261295318604
142694,14.7392921447754
142695,18.4278545379639
142696,18.2551689147949
142697,18.5487365722656
142698,14.5463438034058
142699,21.9134426116943
142700,15.6534767150879
142701,18.8313789367676
142702,18.6460914611816
142703,18.9270305633545
142704,14.9359893798828
142705,30.4097690582275
142706,19.6919937133789
142707,26.7457962036133
142708,26.6321449279785
142709,26.8051795959473
142710,20.1634826660156
142711,64.9788131713867
142712,38.9135055541992
142713,45.324405670166
142714,45.225715637207
142715,45.9411163330078
142716,39.0729637145996
142717,50.9899024963379
142718,33.1463088989258
142719,42.2251472473145
142720,42.2174491882324
142721,42.1042098999023
142722,33.1318550109863
142723,33.9746780395508
142724,22.1077308654785
142725,29.9104290008545
142726,28.7742481231689
142727,28.1440200805664
142728,22.4132614135742
142729,25.8163433074951
142730,18.1618137359619
142731,28.408130645752
142732,25.1592540740967
142733,24.5531349182129
142734,17.0714321136475
142735,22.3511219024658
142736,14.0451793670654
142737,22.8412532806396
142738,21.3964004516602
142739,20.7385959625244
142740,13.3926000595093
142741,17.0599308013916
142742,11.5877723693848
142743,20.7920246124268
142744,16.589391708374
142745,16.9717922210693
142746,10.7181873321533
142747,264.876403808594
142748,262.863922119141
142749,262.874816894531
142750,261.678131103516
142751,268.774932861328
142752,262.863922119141
142753,13.4551687240601
142754,9.10158252716064
142755,19.2105407714844
142756,13.6997394561768
142757,13.2258138656616
142758,7.38015460968018
142759,13.2650413513184
142760,9.42172431945801
142761,18.2833518981934
142762,18.3667316436768
142763,14.8128271102905
142764,7.37159442901611
142765,14.3915424346924
142766,10.6527462005615
142767,19.651798248291
142768,18.9855060577393
142769,15.8639669418335
142770,9.29172897338867
142771,16.5866470336914
142772,11.9675664901733
142773,20.2981014251709
142774,18.4963130950928
142775,16.5610904693604
142776,10.1456565856934
142777,18.0038108825684
142778,12.8026447296143
142779,20.3609294891357
142780,18.5674362182617
142781,16.8255748748779
142782,11.6266479492188
142783,21.0655727386475
142784,14.3108224868774
142785,21.7128372192383
142786,21.3020496368408
142787,20.2968101501465
142788,13.1487369537354
142789,26.7112121582031
142790,19.2863521575928
142791,25.2786884307861
142792,25.083475112915
142793,24.8141212463379
142794,18.8520431518555
142795,17.9901523590088
142796,15.7550487518311
142797,21.3402004241943
142798,21.1166648864746
142799,21.2242469787598
142800,15.9619693756104
142801,8.56431865692139
142802,13.3448286056519
142803,18.7811336517334
142804,18.6207847595215
142805,18.8876857757568
142806,12.8702230453491
142807,8.37177848815918
142808,16.2504081726074
142809,18.78249168396
142810,18.6263446807861
142811,18.8781433105469
142812,16.6399955749512
142813,10.4735527038574
142814,16.2696418762207
142815,19.254524230957
142816,19.1063823699951
142817,19.3884906768799
142818,16.28639793396
142819,12.0543403625488
142820,15.2124681472778
142821,19.7171821594238
142822,19.6939964294434
142823,19.8454761505127
142824,15.3069944381714
142825,13.1767282485962
142826,15.0148296356201
142827,19.7230243682861
142828,19.6998386383057
142829,19.851318359375
142830,15.0788440704346
142831,13.4547605514526
142832,12.1535348892212
142833,19.7243709564209
142834,19.6928672790527
142835,19.8526649475098
142836,11.9700212478638
142837,13.1010503768921
142838,11.3549861907959
142839,19.7346038818359
142840,19.679630279541
142841,19.8526649475098
142842,11.7884836196899
142843,12.1475687026978
142844,11.1209878921509
142845,19.7553310394287
142846,19.7105903625488
142847,19.8836250305176
142848,11.1209878921509
142849,17.6680335998535
142850,16.0350170135498
142851,27.8707141876221
142852,27.8266429901123
142853,27.8709926605225
142854,14.4879179000854
142855,37.9434967041016
142856,31.9441509246826
142857,42.8784103393555
142858,43.8634643554688
142859,41.6397247314453
142860,30.7586402893066
142861,32.4428100585938
142862,25.4648590087891
142863,33.0964965820312
142864,36.9790267944336
142865,34.7892723083496
142866,24.0510787963867
142867,22.2755832672119
142868,15.446249961853
142869,21.5340251922607
142870,27.2786540985107
142871,24.0135955810547
142872,13.7754945755005
142873,17.609748840332
142874,13.3144159317017
142875,19.035514831543
142876,14.3201484680176
142877,14.7122936248779
142878,10.9006214141846
142879,15.3366432189941
142880,10.0589418411255
142881,16.4777584075928
142882,11.7995109558105
142883,11.2444171905518
142884,8.80360507965088
142885,14.3226518630981
142886,9.30706405639648
142887,15.5993804931641
142888,13.2652082443237
142889,9.76852989196777
142890,7.89243936538696
142891,13.6580781936646
142892,7.52233362197876
142893,15.8806800842285
142894,14.2368259429932
142895,10.3030376434326
142896,7.11659669876099
142897,12.6298160552979
142898,8.72098922729492
142899,13.7544975280762
142900,13.1222705841064
142901,10.0907707214355
142902,7.71467208862305
142903,12.5978851318359
142904,8.79963684082031
142905,15.2488136291504
142906,13.357310295105
142907,11.3752660751343
142908,8.21362686157227
142909,12.2627048492432
142910,7.65261363983154
142911,17.4966201782227
142912,13.1053743362427
142913,11.6181030273438
142914,8.23739814758301
142915,12.5306739807129
142916,8.00429439544678
142917,18.6201190948486
142918,14.0621824264526
142919,13.7284955978394
142920,8.10473537445068
142921,12.8097314834595
142922,8.7911548614502
142923,19.3379764556885
142924,18.0921535491943
142925,14.8308162689209
142926,9.97585678100586
142927,14.9364814758301
142928,11.6229400634766
142929,20.3545818328857
142930,20.6912326812744
142931,16.3929328918457
142932,13.2516450881958
142933,18.5216274261475
142934,17.5835857391357
142935,22.7650394439697
142936,23.2728729248047
142937,21.9920997619629
142938,18.2304039001465
142939,14.7414665222168
142940,15.4344177246094
142941,18.968900680542
142942,20.4318408966064
142943,18.5576934814453
142944,14.3298482894897
142945,5.02859306335449
142946,10.797046661377
142947,15.5882654190063
142948,17.1014308929443
142949,15.4937534332275
142950,5.11230802536011
142951,5.44458484649658
142952,12.4131011962891
142953,17.2748470306396
142954,17.0647735595703
142955,17.2658538818359
142956,8.51694011688232
142957,6.71925783157349
142958,6.44712448120117
142959,17.2584743499756
142960,17.0532417297363
142961,17.2372779846191
142962,3.96697592735291
142963,8.42502021789551
142964,6.34417867660522
142965,17.1362361907959
142966,17.060827255249
142967,16.8321170806885
142968,5.1200532913208
142969,9.53605651855469
142970,6.99477052688599
142971,15.7967052459717
142972,17.0738410949707
142973,16.8229885101318
142974,5.27412128448486
142975,10.916410446167
142976,3.48816108703613
142977,16.7091159820557
142978,17.0912456512451
142979,17.0464134216309
142980,3.8673255443573
142981,14.5406274795532
142982,2.727947473526
142983,15.9479942321777
142984,17.0782680511475
142985,17.269889831543
142986,3.49395084381104
142987,14.6575059890747
142988,2.5032696723938
142989,16.5405883789062
142990,17.1619338989258
142991,17.3445568084717
142992,3.57852029800415
142993,15.4048681259155
142994,6.66804981231689
142995,19.3073635101318
142996,24.3574695587158
142997,23.3495197296143
142998,6.73323345184326
142999,41.3050804138184
143000,22.4881381988525
143001,33.9176254272461
143002,34.0836639404297
143003,33.5273666381836
143004,20.3213958740234
143005,28.3344688415527
143006,19.1968612670898
143007,27.9946460723877
143008,27.4685153961182
143009,28.3594589233398
143010,15.751070022583
143011,22.5132751464844
143012,14.2260942459106
143013,21.7826957702637
143014,19.9299449920654
143015,23.2052230834961
143016,12.7934188842773
143017,17.288064956665
143018,10.8837451934814
143019,18.5694370269775
143020,16.6742610931396
143021,17.0981388092041
143022,10.0605516433716
143023,15.3685741424561
143024,9.29752445220947
143025,15.6966218948364
143026,15.1210842132568
143027,16.1937732696533
143028,8.91285419464111
143029,13.9916839599609
143030,8.39034175872803
143031,12.8994550704956
143032,12.7653779983521
143033,14.6482715606689
143034,7.98803853988647
143035,13.4408178329468
143036,8.41452121734619
143037,12.5383796691895
143038,14.2719011306763
143039,10.4670896530151
143040,7.40247488021851
143041,12.3166751861572
143042,7.55328416824341
143043,9.62982082366943
143044,13.7014961242676
143045,11.0250835418701
143046,6.34871244430542
143047,12.4272193908691
143048,7.34333753585815
143049,13.2334308624268
143050,18.3111000061035
143051,11.4705514907837
143052,6.19873523712158
143053,12.79443359375
143054,7.71837902069092
143055,14.7955474853516
143056,19.3464622497559
143057,13.721529006958
143058,6.6104531288147
143059,13.1834735870361
143060,8.38025665283203
143061,14.6845760345459
143062,19.7218990325928
143063,15.2416934967041
143064,7.14747190475464
143065,15.6684637069702
143066,9.61782073974609
143067,15.6799964904785
143068,20.6134243011475
143069,18.6013526916504
143070,11.5029697418213
143071,19.1096935272217
143072,10.4573202133179
143073,15.3010587692261
143074,20.9061088562012
143075,18.9098663330078
143076,9.34609317779541
143077,24.436408996582
143078,14.8180646896362
143079,17.3512077331543
143080,23.7460308074951
143081,21.6411533355713
143082,12.3731393814087
143083,23.2753639221191
143084,13.2677345275879
143085,17.7036800384521
143086,22.9980545043945
143087,22.2849216461182
143088,15.2092638015747
143089,10.4619750976562
143090,10.0406894683838
143091,12.6397609710693
143092,18.3335914611816
143093,18.5257720947266
143094,6.93194198608398
143095,28.7898406982422
143096,18.2023963928223
143097,18.5350074768066
143098,19.1185321807861
143099,19.0148468017578
143100,15.3754024505615
143101,31.6208076477051
143102,16.8852081298828
143103,16.884485244751
143104,19.6255779266357
143105,17.1062469482422
143106,15.3336505889893
143107,29.1295757293701
143108,19.6789836883545
143109,19.7847766876221
143110,19.8068828582764
143111,16.7705459594727
143112,19.8855590820312
143113,30.1283283233643
143114,19.1025733947754
143115,20.4390296936035
143116,20.393030166626
143117,20.4869270324707
143118,20.4593334197998
143119,31.9609336853027
143120,18.708402633667
143121,21.217004776001
143122,21.2330360412598
143123,21.334228515625
143124,21.2212409973145
143125,34.565372467041
143126,19.405294418335
143127,22.2995567321777
143128,22.574520111084
143129,22.4094200134277
143130,22.2470455169678
143131,35.9487915039062
143132,19.1714954376221
143133,22.8488063812256
143134,23.1202049255371
143135,23.0342960357666
143136,22.7773170471191
143137,51.7940139770508
143138,31.8731784820557
143139,38.7310752868652
143140,38.9533004760742
143141,38.8782539367676
143142,36.4934043884277
143143,87.2493667602539
143144,49.5118637084961
143145,56.4605255126953
143146,58.7963714599609
143147,58.3405838012695
143148,50.4107551574707
143149,76.8649291992188
143150,36.4956588745117
143151,44.1084785461426
143152,45.7102813720703
143153,43.689754486084
143154,35.8012313842773
143155,73.8757934570312
143156,32.9393196105957
143157,33.0241584777832
143158,42.8864402770996
143159,37.3987731933594
143160,31.6949100494385
143161,71.962272644043
143162,25.5618934631348
143163,28.0124359130859
143164,35.6292495727539
143165,33.3769989013672
143166,27.3439311981201
143167,38.0202026367188
143168,20.3667755126953
143169,22.7953033447266
143170,19.4388008117676
143171,20.2333431243896
143172,20.1877765655518
143173,34.7244300842285
143174,18.8689250946045
143175,19.7832164764404
143176,17.183910369873
143177,18.3629398345947
143178,18.9315204620361
143179,30.4186859130859
143180,16.1485443115234
143181,18.9357795715332
143182,18.1961307525635
143183,16.4208068847656
143184,18.0574111938477
143185,38.221492767334
143186,21.6862010955811
143187,18.4032287597656
143188,22.9440441131592
143189,17.9509468078613
143190,21.5689010620117
143191,39.7508888244629
143192,23.9248313903809
143193,21.8163089752197
143194,25.5366878509521
143195,21.9761486053467
143196,23.8839225769043
143197,43.4888534545898
143198,24.6017456054688
143199,23.2662162780762
143200,26.6270523071289
143201,22.8936500549316
143202,24.3506259918213
143203,46.9971351623535
143204,25.4353160858154
143205,22.4258308410645
143206,26.7667446136475
143207,24.0396900177002
143208,25.0281715393066
143209,63.7823905944824
143210,27.4979953765869
143211,24.1479625701904
143212,27.5690879821777
143213,25.3464336395264
143214,27.0104503631592
143215,66.7609405517578
143216,29.0494041442871
143217,25.8304176330566
143218,28.6001262664795
143219,25.8359928131104
143220,28.5705375671387
143221,69.3693084716797
143222,32.518123626709
143223,29.168478012085
143224,32.7208480834961
143225,29.168478012085
143226,32.5186653137207
143227,64.7641220092773
143228,32.5676345825195
143229,28.327205657959
143230,31.9029178619385
143231,28.2072048187256
143232,32.5804786682129
143233,39.0949783325195
143234,22.3068828582764
143235,18.0727310180664
143236,22.3063449859619
143237,19.5910167694092
143238,21.5471782684326
143239,36.0653228759766
143240,21.179271697998
143241,20.9601707458496
143242,21.1444435119629
143243,20.5917835235596
143244,21.1843109130859
143245,33.2450981140137
143246,20.6496505737305
143247,18.8528385162354
143248,20.594877243042
143249,18.158504486084
143250,20.6655902862549
143251,32.6732444763184
143252,20.6396179199219
143253,20.6116237640381
143254,20.5074691772461
143255,19.4418048858643
143256,20.6396179199219
143257,32.3649139404297
143258,20.3922481536865
143259,20.4637317657471
143260,20.4355754852295
143261,20.4771614074707
143262,20.3079032897949
143263,30.1373977661133
143264,19.5602531433105
143265,20.1198711395264
143266,20.2196483612061
143267,20.1884117126465
143268,18.663667678833
143269,30.0473213195801
143270,16.5874214172363
143271,20.0512962341309
143272,20.3692302703857
143273,20.3300952911377
143274,16.774658203125
143275,30.2458934783936
143276,14.3925113677979
143277,19.8018169403076
143278,20.0955791473389
143279,20.0770111083984
143280,15.3213310241699
143281,41.6578826904297
143282,17.7350311279297
143283,28.4412269592285
143284,28.6807460784912
143285,28.5529384613037
143286,17.4669761657715
143287,76.7095184326172
143288,34.7195205688477
143289,44.9804496765137
143290,46.8383407592773
143291,44.6879119873047
143292,36.9752464294434
143293,66.7139358520508
143294,27.3211631774902
143295,32.4286155700684
143296,37.2838134765625
143297,33.1705169677734
143298,30.7738151550293
143299,34.0091438293457
143300,21.4376087188721
143301,23.3269100189209
143302,31.4667739868164
143303,30.294397354126
143304,21.8617115020752
143305,24.238525390625
143306,16.4785232543945
143307,17.6933479309082
143308,26.9419918060303
143309,25.2858505249023
143310,16.5518131256104
143311,21.324893951416
143312,13.4545593261719
143313,14.8735752105713
143314,14.0246143341064
143315,16.0838050842285
143316,14.3286066055298
143317,16.9541759490967
143318,11.2310447692871
143319,12.7638597488403
143320,13.7402486801147
143321,12.1106424331665
143322,10.4898414611816
143323,17.9778099060059
143324,10.650541305542
143325,13.1755676269531
143326,15.4489450454712
143327,10.7586860656738
143328,9.72637844085693
143329,25.8571815490723
143330,15.2936992645264
143331,11.0102434158325
143332,15.1010789871216
143333,12.2294368743896
143334,15.1248588562012
143335,32.7853202819824
143336,12.4920463562012
143337,11.3958101272583
143338,13.7884187698364
143339,14.0845184326172
143340,17.0666332244873
143341,52.0126838684082
143342,9.89071464538574
143343,11.205491065979
143344,16.008113861084
143345,13.5247840881348
143346,25.7426929473877
143347,53.1724815368652
143348,10.187424659729
143349,11.8616056442261
143350,16.0444412231445
143351,14.4844026565552
143352,18.2777042388916
143353,45.2334289550781
143354,10.6894636154175
143355,12.4895439147949
143356,19.2744293212891
143357,15.0456647872925
143358,15.9890108108521
143359,33.4072914123535
143360,11.876558303833
143361,13.807165145874
143362,21.3053970336914
143363,17.7853488922119
143364,13.1464967727661
143365,28.1724720001221
143366,15.8171081542969
143367,16.4080104827881
143368,24.9037094116211
143369,21.5323162078857
143370,16.295259475708
143371,26.2706184387207
143372,15.8500461578369
143373,16.0808029174805
143374,24.9955730438232
143375,21.2922897338867
143376,15.8500957489014
143377,10.6940155029297
143378,7.90622568130493
143379,8.90950775146484
143380,19.4887390136719
143381,14.1964874267578
143382,8.14218425750732
143383,13.7711954116821
143384,6.67309427261353
143385,8.07698917388916
143386,18.82399559021
143387,16.1588249206543
143388,6.73535919189453
143389,20.0674381256104
143390,11.3296813964844
143391,11.51136302948
143392,19.3702659606934
143393,16.6370716094971
143394,8.89673328399658
143395,20.8255062103271
143396,11.3651189804077
143397,12.7880077362061
143398,19.6901817321777
143399,17.8292026519775
143400,10.5459117889404
143401,23.251594543457
143402,13.1291341781616
143403,16.4281616210938
143404,20.7501831054688
143405,20.6403312683105
143406,13.295859336853
143407,26.1946048736572
143408,15.6640729904175
143409,19.8010559082031
143410,21.7139701843262
143411,21.8371772766113
143412,14.9285020828247
143413,28.4493007659912
143414,18.4648952484131
143415,20.0685520172119
143416,22.7079792022705
143417,22.8257656097412
143418,16.2062358856201
143419,32.9414749145508
143420,22.5978050231934
143421,22.6937141418457
143422,23.3898944854736
143423,23.4434680938721
143424,20.3042011260986
143425,48.7058143615723
143426,40.5363464355469
143427,40.0860023498535
143428,40.8189315795898
143429,40.4369506835938
143430,40.4745979309082
143431,82.6212615966797
143432,61.3140830993652
143433,59.1480293273926
143434,62.5849723815918
143435,60.9911041259766
143436,61.4389419555664
143437,73.6810913085938
143438,47.3555068969727
143439,46.6965599060059
143440,47.1151504516602
143441,44.9167060852051
143442,47.3555068969727
143443,72.2611923217773
143444,45.5600852966309
143445,35.5489387512207
143446,39.2027587890625
143447,44.0824737548828
143448,45.5986862182617
143449,64.0866851806641
143450,42.2216911315918
143451,33.8763465881348
143452,31.9282531738281
143453,38.5680122375488
143454,43.2408561706543
143455,48.4099235534668
143456,29.7597370147705
143457,25.9402294158936
143458,22.4635448455811
143459,24.5564136505127
143460,29.9227504730225
143461,56.5849227905273
143462,27.3816261291504
143463,24.21653175354
143464,23.0905704498291
143465,22.0074138641357
143466,27.6169815063477
143467,44.2529563903809
143468,25.8034496307373
143469,23.1197872161865
143470,24.0408401489258
143471,22.0011672973633
143472,26.481559753418
143473,42.2943267822266
143474,27.20729637146
143475,26.8351459503174
143476,25.9173603057861
143477,22.8047103881836
143478,28.2779865264893
143479,41.1058006286621
143480,25.0467700958252
143481,25.046257019043
143482,24.8340282440186
143483,21.8478622436523
143484,25.1690082550049
143485,42.4172439575195
143486,25.7916946411133
143487,24.5141277313232
143488,25.0355739593506
143489,23.5841903686523
143490,25.0499382019043
143491,43.874927520752
143492,26.5684299468994
143493,21.9569835662842
143494,25.0182781219482
143495,24.4696235656738
143496,30.1253147125244
143497,45.0584831237793
143498,26.3159637451172
143499,19.5315265655518
143500,25.2716960906982
143501,25.196533203125
143502,27.9195327758789
143503,42.4547805786133
143504,27.6978015899658
143505,18.7315368652344
143506,25.2716960906982
143507,25.2716960906982
143508,28.6478977203369
143509,40.7815475463867
143510,28.4325122833252
143511,21.4841728210449
143512,27.569803237915
143513,27.569803237915
143514,28.5381355285645
143515,37.0654830932617
143516,28.535135269165
143517,21.0046615600586
143518,27.0860538482666
143519,27.089168548584
143520,28.697301864624
143521,16.7760143280029
143522,21.4977245330811
143523,14.9805126190186
143524,20.6207084655762
143525,20.7904033660889
143526,19.5431118011475
143527,10.1947908401489
143528,19.4125556945801
143529,19.3545894622803
143530,19.7805938720703
143531,19.9727973937988
143532,20.2525978088379
143533,13.0865507125854
143534,20.0486888885498
143535,20.0675659179688
143536,20.0544166564941
143537,20.2060604095459
143538,20.0651550292969
143539,16.9451465606689
143540,20.4566192626953
143541,20.4414119720459
143542,20.4298362731934
143543,20.5697059631348
143544,20.353572845459
143545,27.2804756164551
143546,21.0528163909912
143547,21.1433963775635
143548,21.3101024627686
143549,21.290807723999
143550,21.0450954437256
143551,31.0368328094482
143552,19.2501049041748
143553,20.6122589111328
143554,21.0326919555664
143555,21.1420116424561
143556,20.4432888031006
143557,25.6807651519775
143558,17.2780704498291
143559,21.3285522460938
143560,21.5370006561279
143561,21.7986927032471
143562,20.5753479003906
143563,26.2922210693359
143564,11.9406309127808
143565,21.6627998352051
143566,21.804859161377
143567,22.0931835174561
143568,15.2303524017334
143569,36.6255416870117
143570,17.3224582672119
143571,32.6112785339355
143572,32.6693000793457
143573,32.6681480407715
143574,17.5156631469727
143575,71.8811721801758
143576,31.6058826446533
143577,48.0906562805176
143578,48.4528388977051
143579,48.4577331542969
143580,32.6386604309082
143581,70.3300552368164
143582,24.1047248840332
143583,38.3254203796387
143584,38.2971076965332
143585,38.3098182678223
143586,23.9469013214111
143587,51.2734909057617
143588,18.7147922515869
143589,33.285831451416
143590,33.2544059753418
143591,33.2512664794922
143592,18.2406120300293
143593,23.8957824707031
143594,15.4795179367065
143595,29.2632808685303
143596,29.2209548950195
143597,29.228967666626
143598,14.0621738433838
143599,22.1093673706055
143600,13.4532403945923
143601,23.2768497467041
143602,23.3230476379395
143603,23.4401836395264
143604,12.9188709259033
143605,19.8080520629883
143606,14.2687931060791
143607,22.3048553466797
143608,21.90793800354
143609,22.3740310668945
143610,11.702299118042
143611,17.6760730743408
143612,13.6610307693481
143613,21.4014415740967
143614,19.3488006591797
143615,21.767484664917
143616,13.5113182067871
143617,16.3975238800049
143618,11.5744495391846
143619,21.285306930542
143620,20.8711566925049
143621,20.7689208984375
143622,10.1543865203857
143623,15.9132118225098
143624,10.6113452911377
143625,20.932071685791
143626,20.9678153991699
143627,19.4055805206299
143628,9.92515087127686
143629,15.5756578445435
143630,11.0531425476074
143631,19.5530586242676
143632,20.939603805542
143633,20.9097805023193
143634,9.76207542419434
143635,17.1400241851807
143636,13.5451593399048
143637,8.74781227111816
143638,20.939603805542
143639,21.0065593719482
143640,11.2209939956665
143641,18.3883457183838
143642,14.9419107437134
143643,8.43152332305908
143644,20.9320240020752
143645,21.0065593719482
143646,11.4908142089844
143647,19.8862323760986
143648,14.2909488677979
143649,8.00491142272949
143650,19.0825042724609
143651,18.7684078216553
143652,14.2706489562988
143653,20.1994724273682
143654,17.2631912231445
143655,10.6056346893311
143656,20.5553379058838
143657,11.689136505127
143658,14.9215869903564
143659,17.1535701751709
143660,14.2250967025757
143661,9.13562393188477
143662,7.28733825683594
143663,11.4344987869263
143664,15.9681158065796
143665,7.59486484527588
143666,10.74001121521
143667,2.80146193504333
143668,-0.738137125968933
143669,2.87128400802612
143670,4.88059663772583
143671,5.61910343170166
143672,3.27982115745544
143673,2.23312258720398
143674,-1.4334260225296
143675,2.64139366149902
143676,3.35177540779114
143677,2.72517108917236
143678,2.33363080024719
143679,1.54065811634064
143680,-2.05749678611755
143681,2.49647855758667
143682,2.32282590866089
143683,1.93925702571869
143684,1.82828402519226
143685,1.62367248535156
143686,-1.66115832328796
143687,2.55711770057678
143688,1.97164535522461
143689,3.09737086296082
143690,2.02368140220642
143691,1.91342651844025
143692,-1.2039783000946
143693,4.14973068237305
143694,2.02368140220642
143695,7.6207537651062
143696,2.83383512496948
143697,2.50946426391602
143698,-0.0544336475431919
143699,5.86430788040161
143700,2.44103765487671
143701,9.85960102081299
143702,5.31694030761719
143703,2.22935104370117
143704,7.35082721710205
143705,4.7722282409668
143706,3.69514417648315
143707,10.5497179031372
143708,7.23329496383667
143709,2.22935104370117
143710,-0.880135655403137
143711,6.44484853744507
143712,5.34710597991943
143713,13.7288751602173
143714,11.8945369720459
143715,5.85084962844849
143716,9.00992393493652
143717,12.6186714172363
143718,10.7518930435181
143719,49.1967811584473
143720,26.6765575408936
143721,20.1467247009277
143722,23.6216659545898
143723,30.4361362457275
143724,26.7231388092041
143725,61.3912620544434
143726,31.0905151367188
143727,24.8271026611328
143728,32.8730621337891
143729,36.3285446166992
143730,30.7049827575684
143731,59.0968780517578
143732,32.1929740905762
143733,24.0998821258545
143734,32.4062080383301
143735,35.4110450744629
143736,30.5378150939941
143737,51.1720848083496
143738,29.9017581939697
143739,23.0554237365723
143740,28.7110729217529
143741,35.195987701416
143742,28.8838119506836
143743,50.3515701293945
143744,26.4752349853516
143745,20.582462310791
143746,20.8053722381592
143747,25.992992401123
143748,27.4217090606689
143749,49.2121734619141
143750,26.1128463745117
143751,19.3287410736084
143752,17.6877193450928
143753,22.0201625823975
143754,27.1942081451416
143755,53.3391380310059
143756,27.9156875610352
143757,19.6699485778809
143758,16.5605869293213
143759,20.0707187652588
143760,28.7784633636475
143761,54.7869758605957
143762,30.4145526885986
143763,20.5986862182617
143764,17.7257499694824
143765,19.7571506500244
143766,30.429759979248
143767,56.9890480041504
143768,32.0623664855957
143769,22.612247467041
143770,18.4348602294922
143771,21.555492401123
143772,32.0623664855957
143773,63.2720527648926
143774,32.2225494384766
143775,24.6043071746826
143776,19.4647998809814
143777,22.013671875
143778,32.2225494384766
143779,56.3611602783203
143780,32.7576332092285
143781,25.8059139251709
143782,23.1003494262695
143783,22.8953590393066
143784,32.7576332092285
143785,57.6661643981934
143786,33.8721313476562
143787,29.3709564208984
143788,25.865629196167
143789,24.2304630279541
143790,33.8721313476562
143791,61.0351448059082
143792,37.5088768005371
143793,33.1393203735352
143794,35.3947830200195
143795,36.4072952270508
143796,37.5088768005371
143797,71.6436157226562
143798,44.7799530029297
143799,40.7651634216309
143800,42.3240242004395
143801,43.0391502380371
143802,44.7076530456543
143803,72.2720489501953
143804,43.6578674316406
143805,39.7890472412109
143806,40.8427200317383
143807,42.0946884155273
143808,43.599796295166
143809,45.9217414855957
143810,24.7305793762207
143811,17.1636562347412
143812,21.6521148681641
143813,23.5919361114502
143814,24.4182777404785
143815,35.7010307312012
143816,22.0308971405029
143817,12.3239316940308
143818,16.4519119262695
143819,18.3513641357422
143820,22.0461044311523
143821,33.5934410095215
143822,21.5097026824951
143823,9.90656185150146
143824,17.1253814697266
143825,18.8620700836182
143826,21.5097026824951
143827,31.2443866729736
143828,21.2140979766846
143829,9.88469123840332
143830,16.4519023895264
143831,17.2902336120605
143832,21.2140979766846
143833,29.0692024230957
143834,20.8247394561768
143835,11.2839193344116
143836,16.7439880371094
143837,17.2736873626709
143838,21.1028575897217
143839,28.7053527832031
143840,19.8664779663086
143841,10.9316692352295
143842,16.6810073852539
143843,17.6604862213135
143844,19.9243297576904
143845,28.464054107666
143846,19.3389701843262
143847,11.048529624939
143848,16.302583694458
143849,17.974178314209
143850,19.3389701843262
143851,28.559061050415
143852,19.6541213989258
143853,11.9239931106567
143854,16.4902114868164
143855,18.1572685241699
143856,19.6484432220459
143857,38.9908599853516
143858,28.645336151123
143859,22.0362110137939
143860,24.8458232879639
143861,26.6837635040283
143862,28.645336151123
143863,74.9379653930664
143864,50.7404899597168
143865,49.883674621582
143866,51.5172233581543
143867,52.5557746887207
143868,50.7985610961914
143869,61.533073425293
143870,40.251277923584
143871,44.0787925720215
143872,43.337158203125
143873,43.3955116271973
143874,42.0869178771973
143875,46.8935699462891
143876,30.8796672821045
143877,38.1133003234863
143878,37.2170104980469
143879,37.256591796875
143880,31.693811416626
143881,40.1840667724609
143882,26.2075729370117
143883,33.3193778991699
143884,34.7607688903809
143885,34.470760345459
143886,27.0202751159668
143887,30.1806163787842
143888,17.9531536102295
143889,24.5612773895264
143890,24.1298770904541
143891,24.1536693572998
143892,16.3750858306885
143893,28.3191623687744
143894,15.8406276702881
143895,23.6862888336182
143896,23.567455291748
143897,23.31955909729
143898,14.5765142440796
143899,25.1815910339355
143900,13.7573289871216
143901,22.5347137451172
143902,23.0713977813721
143903,22.2862529754639
143904,13.1592636108398
143905,24.8654689788818
143906,13.8915529251099
143907,21.6979942321777
143908,18.8307571411133
143909,17.6134910583496
143910,12.8911771774292
143911,22.8213672637939
143912,12.933765411377
143913,21.0538864135742
143914,20.8504180908203
143915,16.8494186401367
143916,11.5494356155396
143917,22.8426342010498
143918,12.0758848190308
143919,18.2941818237305
143920,21.8227310180664
143921,17.3815097808838
143922,11.2508993148804
143923,21.774133682251
143924,11.4581022262573
143925,18.7215270996094
143926,21.8705711364746
143927,17.7691783905029
143928,10.593861579895
143929,22.8479824066162
143930,11.8796806335449
143931,20.8681488037109
143932,21.7431449890137
143933,17.8909759521484
143934,11.0079746246338
143935,27.9599533081055
143936,14.9043292999268
143937,23.1820392608643
143938,23.2570343017578
143939,20.6236515045166
143940,13.4952974319458
143941,29.7733669281006
143942,17.4133110046387
143943,26.6825084686279
143944,26.3377742767334
143945,24.7920951843262
143946,16.4193305969238
143947,26.2782173156738
143948,15.7371473312378
143949,25.4118232727051
143950,25.9175968170166
143951,25.2786273956299
143952,15.1776838302612
143953,10.016489982605
143954,5.87815809249878
143955,18.6895923614502
143956,19.1752605438232
143957,19.4229621887207
143958,5.68799018859863
143959,9.99362373352051
143960,2.61378908157349
143961,17.34033203125
143962,17.0832843780518
143963,17.2489109039307
143964,2.60818839073181
143965,6.39248704910278
143966,2.23615193367004
143967,17.2386608123779
143968,17.0155334472656
143969,13.8660469055176
143970,2.23205351829529
143971,6.95011186599731
143972,2.00255370140076
143973,13.4542922973633
143974,16.4996147155762
143975,12.4967308044434
143976,2.17688989639282
143977,7.06279373168945
143978,1.9352992773056
143979,8.92780590057373
143980,12.3537302017212
143981,12.1884822845459
143982,1.94283890724182
143983,7.07098627090454
143984,1.70010328292847
143985,8.16808223724365
143986,11.337459564209
143987,8.66605758666992
143988,1.70010328292847
143989,3.12561178207397
143990,1.71572625637054
143991,7.93465709686279
143992,7.27921772003174
143993,8.26665115356445
143994,1.71201694011688
143995,2.72760272026062
143996,1.64304852485657
143997,6.66865587234497
143998,7.07869100570679
143999,7.12449645996094
144000,1.64304852485657
144001,4.64962816238403
144002,4.9744439125061
144003,9.98892784118652
144004,9.9329719543457
144005,9.60408973693848
144006,4.75378322601318
144007,26.3315601348877
144008,24.370267868042
144009,23.6374664306641
144010,23.6745414733887
144011,21.5411796569824
144012,21.5517921447754
144013,24.2016143798828
144014,17.3189601898193
144015,20.2093734741211
144016,18.8780078887939
144017,18.7317371368408
144018,17.3478946685791
144019,22.7989959716797
144020,17.6289081573486
144021,21.1203594207764
144022,12.6455974578857
144023,15.0265665054321
144024,14.3199377059937
144025,20.9845409393311
144026,14.4135608673096
144027,14.30091381073
144028,11.2787351608276
144029,13.3395481109619
144030,13.3284301757812
144031,17.3373641967773
144032,11.2631216049194
144033,11.2728023529053
144034,7.329749584198
144035,9.96021175384521
144036,10.0535459518433
144037,15.5325126647949
144038,10.556324005127
144039,10.5543766021729
144040,7.34485864639282
144041,8.69722461700439
144042,9.13806247711182
144043,14.8709554672241
144044,10.4304800033569
144045,10.0364627838135
144046,7.48231506347656
144047,8.10817432403564
144048,8.21852397918701
144049,15.1901454925537
144050,10.2848711013794
144051,9.53678894042969
144052,10.2841081619263
144053,8.41541290283203
144054,8.7103214263916
144055,17.2436428070068
144056,11.9022092819214
144057,10.5120153427124
144058,11.2082300186157
144059,8.9463005065918
144060,9.75668621063232
144061,20.2367630004883
144062,14.5146570205688
144063,11.4885139465332
144064,12.0421295166016
144065,10.0797214508057
144066,12.5626001358032
144067,23.1122741699219
144068,20.9182033538818
144069,12.1594619750977
144070,14.0468664169312
144071,11.4265098571777
144072,15.0899438858032
144073,30.0541172027588
144074,22.5518341064453
144075,13.7481966018677
144076,17.5112209320068
144077,14.0128440856934
144078,21.6949882507324
144079,39.5828628540039
144080,18.9610023498535
144081,14.8192224502563
144082,19.1316452026367
144083,16.0796184539795
144084,23.6471481323242
144085,48.9698829650879
144086,23.0541553497314
144087,20.3640766143799
144088,22.4880409240723
144089,21.4694080352783
144090,26.043436050415
144091,49.3776359558105
144092,24.6884670257568
144093,22.1126670837402
144094,23.2775421142578
144095,23.5146369934082
144096,25.5824737548828
144097,32.7707595825195
144098,18.0885047912598
144099,14.7404747009277
144100,16.7686424255371
144101,16.1801433563232
144102,17.6911067962646
144103,33.7145462036133
144104,18.4288730621338
144105,13.8411636352539
144106,14.7241716384888
144107,17.3958339691162
144108,17.3753566741943
144109,33.3902778625488
144110,17.8963451385498
144111,11.2332887649536
144112,12.7559547424316
144113,16.8252620697021
144114,18.8938140869141
144115,32.736400604248
144116,20.071044921875
144117,10.3568439483643
144118,12.5646953582764
144119,16.6848773956299
144120,20.071044921875
144121,34.1684608459473
144122,20.7157764434814
144123,11.985595703125
144124,12.01198387146
144125,17.3428115844727
144126,19.6666736602783
144127,34.5941581726074
144128,20.73557472229
144129,13.5555868148804
144130,12.4807415008545
144131,15.3084735870361
144132,19.782154083252
144133,35.8629989624023
144134,21.5655078887939
144135,15.3871793746948
144136,14.2884273529053
144137,15.8829441070557
144138,21.2578582763672
144139,36.5401649475098
144140,21.8223209381104
144141,15.8680801391602
144142,14.8775100708008
144143,16.1307201385498
144144,22.1075553894043
144145,50.4986534118652
144146,35.2959518432617
144147,25.6271190643311
144148,25.8024559020996
144149,26.1418361663818
144150,36.4686470031738
144151,83.2725296020508
144152,54.0973739624023
144153,37.5887069702148
144154,41.1231727600098
144155,41.8797492980957
144156,54.0137023925781
144157,72.7466735839844
144158,39.9776992797852
144159,32.7732543945312
144160,34.8445510864258
144161,35.8179397583008
144162,40.4287376403809
144163,75.4772033691406
144164,38.720703125
144165,31.5224571228027
144166,30.7887287139893
144167,32.2380142211914
144168,38.575740814209
144169,48.4066886901855
144170,34.8563003540039
144171,28.6004314422607
144172,24.6525077819824
144173,26.377779006958
144174,34.6919784545898
144175,35.6340637207031
144176,25.62571144104
144177,22.5777359008789
144178,17.1903095245361
144179,19.4217681884766
144180,25.5666751861572
144181,28.6791954040527
144182,22.0076522827148
144183,18.7992553710938
144184,12.0951509475708
144185,14.00266456604
144186,18.6689338684082
144187,27.6681270599365
144188,21.9963035583496
144189,17.4533786773682
144190,11.755744934082
144191,13.4713945388794
144192,19.6735210418701
144193,21.6319160461426
144194,22.4473667144775
144195,12.7863025665283
144196,10.1368093490601
144197,11.3870630264282
144198,18.7078170776367
144199,21.0310459136963
144200,22.6060428619385
144201,12.3913602828979
144202,9.8357982635498
144203,11.1204986572266
144204,19.9605522155762
144205,19.802942276001
144206,22.4911975860596
144207,11.890284538269
144208,10.6203746795654
144209,11.316351890564
144210,19.584529876709
144211,19.8707942962646
144212,22.6001129150391
144213,11.9074563980103
144214,12.7599906921387
144215,11.3601179122925
144216,20.8664512634277
144217,22.8010520935059
144218,23.043306350708
144219,13.5094614028931
144220,14.8569917678833
144221,11.7423181533813
144222,20.7070770263672
144223,26.8898582458496
144224,23.7702407836914
144225,14.9662284851074
144226,16.0941276550293
144227,12.8248205184937
144228,19.1596527099609
144229,29.1969566345215
144230,26.4186458587646
144231,17.6054668426514
144232,20.084114074707
144233,15.92493724823
144234,21.9234714508057
144235,30.7904396057129
144236,25.6941909790039
144237,19.3222713470459
144238,21.0608444213867
144239,16.3425922393799
144240,22.0976982116699
144241,13.2304649353027
144242,18.4681453704834
144243,14.3561792373657
144244,14.5944175720215
144245,9.636887550354
144246,13.3551301956177
144247,11.7343254089355
144248,17.0937156677246
144249,16.1435050964355
144250,12.1802272796631
144251,8.50812530517578
144252,12.5176258087158
144253,24.8790073394775
144254,19.8907222747803
144255,11.2059020996094
144256,7.97417593002319
144257,7.83625888824463
144258,17.1914405822754
144259,27.1177635192871
144260,20.0309619903564
144261,11.2908983230591
144262,7.66488361358643
144263,8.03435802459717
144264,18.8428134918213
144265,29.8171081542969
144266,20.3292331695557
144267,13.6007804870605
144268,8.73979568481445
144269,10.8981142044067
144270,18.1853904724121
144271,31.1525592803955
144272,18.7181034088135
144273,15.068699836731
144274,10.9713926315308
144275,12.526460647583
144276,18.0681171417236
144277,33.8326988220215
144278,18.0100593566895
144279,16.9708385467529
144280,13.4055347442627
144281,14.6439361572266
144282,17.310733795166
144283,35.4426002502441
144284,17.5608139038086
144285,18.2336521148682
144286,16.9619388580322
144287,16.0425472259521
144288,16.8276062011719
144289,47.4794883728027
144290,24.7479362487793
144291,24.2724533081055
144292,27.7397499084473
144293,24.2097187042236
144294,24.7643089294434
144295,79.0307693481445
144296,42.2051048278809
144297,36.4312515258789
144298,41.322452545166
144299,38.4263916015625
144300,44.1517448425293
144301,43.3359260559082
144302,30.1419448852539
144303,27.1706848144531
144304,33.8571281433105
144305,30.1408004760742
144306,29.1439170837402
144307,31.6804485321045
144308,21.5825691223145
144309,21.193042755127
144310,27.3754444122314
144311,25.8272113800049
144312,20.2539310455322
144313,25.2965488433838
144314,16.4938812255859
144315,16.7162132263184
144316,13.6067724227905
144317,19.1004238128662
144318,15.5181007385254
144319,24.406608581543
144320,15.2444982528687
144321,15.0852060317993
144322,11.3088846206665
144323,12.9947919845581
144324,13.4932909011841
144325,18.8770866394043
144326,12.1583013534546
144327,13.6379508972168
144328,10.9919748306274
144329,10.8342761993408
144330,10.9506883621216
144331,16.6799011230469
144332,11.2199048995972
144333,12.8568992614746
144334,14.0324363708496
144335,9.94234752655029
144336,9.50649452209473
144337,17.4798641204834
144338,10.9565744400024
144339,10.83997631073
144340,13.1085796356201
144341,8.98861122131348
144342,9.16824340820312
144343,15.7511672973633
144344,10.5044832229614
144345,10.4807224273682
144346,14.1685285568237
144347,9.02878284454346
144348,8.78385829925537
144349,15.6041278839111
144350,9.62679958343506
144351,11.8075885772705
144352,14.9074783325195
144353,9.54194259643555
144354,8.54922771453857
144355,15.6921014785767
144356,10.6251039505005
144357,13.760048866272
144358,15.5192346572876
144359,10.9536037445068
144360,9.06307220458984
144361,17.8999824523926
144362,9.83220672607422
144363,15.1697340011597
144364,15.8623304367065
144365,13.6659832000732
144366,10.3629503250122
144367,19.2071628570557
144368,14.7485580444336
144369,16.0005416870117
144370,17.0627193450928
144371,14.3279085159302
144372,13.0450782775879
144373,26.9891300201416
144374,22.6040420532227
144375,20.9885425567627
144376,22.6240558624268
144377,17.1316471099854
144378,16.6756019592285
144379,30.5492076873779
144380,25.1612930297852
144381,21.4212646484375
144382,21.0388832092285
144383,17.39328956604
144384,18.7187366485596
144385,17.2570896148682
144386,19.6540393829346
144387,14.3181400299072
144388,15.7505378723145
144389,12.6141242980957
144390,14.6643514633179
144391,24.3577919006348
144392,19.9883441925049
144393,17.2664318084717
144394,12.5863065719604
144395,11.1045589447021
144396,20.0230197906494
144397,30.895486831665
144398,20.1524848937988
144399,12.7878007888794
144400,7.94793605804443
144401,10.5632743835449
144402,20.1251258850098
144403,32.7140769958496
144404,20.5817832946777
144405,13.7474660873413
144406,12.2136688232422
144407,12.6591758728027
144408,20.573429107666
144409,36.0928649902344
144410,22.0985279083252
144411,18.9582767486572
144412,17.499719619751
144413,15.9291706085205
144414,22.1543235778809
144415,36.5016746520996
144416,22.3315486907959
144417,20.5516567230225
144418,18.0777816772461
144419,17.5935878753662
144420,22.3417816162109
144421,34.6207656860352
144422,21.4130249023438
144423,19.6575584411621
144424,18.818675994873
144425,17.7189044952393
144426,21.3870525360107
144427,36.5445823669434
144428,22.3377418518066
144429,19.2580490112305
144430,20.9900131225586
144431,19.3275375366211
144432,22.4164276123047
144433,46.6598434448242
144434,32.9643630981445
144435,26.8401012420654
144436,29.6479320526123
144437,26.6604175567627
144438,32.9643630981445
144439,77.2384490966797
144440,51.5043869018555
144441,39.2651786804199
144442,41.7321815490723
144443,42.41357421875
144444,51.3581275939941
144445,43.4520874023438
144446,36.6315689086914
144447,27.1068248748779
144448,33.1254196166992
144449,35.5531539916992
144450,37.0747337341309
144451,27.9111270904541
144452,25.2445411682129
144453,16.9686622619629
144454,24.6514797210693
144455,22.2143325805664
144456,28.0455513000488
144457,25.0670719146729
144458,21.4056606292725
144459,16.0774021148682
144460,12.7429962158203
144461,24.006046295166
144462,21.6864471435547
144463,18.9225730895996
144464,17.5299339294434
144465,14.8921308517456
144466,9.22225761413574
144467,12.2810115814209
144468,15.7044372558594
144469,16.6685600280762
144470,12.4070777893066
144471,14.8150300979614
144472,9.34922218322754
144473,10.1304292678833
144474,11.4029607772827
144475,14.8295793533325
144476,10.6950616836548
144477,14.106463432312
144478,11.9936304092407
144479,9.17550659179688
144480,10.3900575637817
144481,14.4427547454834
144482,11.2731122970581
144483,10.8432769775391
144484,14.8093967437744
144485,9.78006553649902
144486,8.6882848739624
144487,12.9321975708008
144488,8.69969177246094
144489,10.0923652648926
144490,13.9187812805176
144491,8.27141189575195
144492,7.23934268951416
144493,13.0366792678833
144494,8.57348728179932
144495,10.0285387039185
144496,16.9910488128662
144497,11.3818140029907
144498,6.70823669433594
144499,13.0808820724487
144500,8.8189001083374
144501,10.1757030487061
144502,17.8784809112549
144503,11.7923784255981
144504,6.7990140914917
144505,13.0863656997681
144506,10.2570447921753
144507,12.0737171173096
144508,18.1440849304199
144509,14.0451517105103
144510,6.93903923034668
144511,13.9335880279541
144512,12.8448791503906
144513,14.7466125488281
144514,18.0641193389893
144515,15.3432216644287
144516,7.68626737594604
144517,16.5464019775391
144518,11.6866893768311
144519,17.5405025482178
144520,20.772533416748
144521,17.5240364074707
144522,10.2201976776123
144523,17.0983295440674
144524,12.3748760223389
144525,17.8629932403564
144526,20.1439533233643
144527,17.8517436981201
144528,11.8795566558838
144529,7.62868642807007
144530,5.78110885620117
144531,11.4851417541504
144532,15.6626319885254
144533,11.7929830551147
144534,5.494797706604
144535,10.5028438568115
144536,3.33079600334167
144537,13.4886846542358
144538,14.2975769042969
144539,9.9689826965332
144540,3.18895363807678
144541,19.1628723144531
144542,4.6595516204834
144543,10.6391716003418
144544,10.390983581543
144545,10.6159257888794
144546,4.83163404464722
144547,19.858097076416
144548,9.41033172607422
144549,14.3590002059937
144550,11.4989833831787
144551,11.7458562850952
144552,8.62129497528076
144553,20.6849803924561
144554,11.3644666671753
144555,15.7190914154053
144556,16.01442527771
144557,15.7982530593872
144558,11.0444450378418
144559,22.2145671844482
144560,11.5340175628662
144561,18.0136241912842
144562,17.6518115997314
144563,17.5801753997803
144564,11.1069917678833
144565,23.6742725372314
144566,11.2379388809204
144567,18.561487197876
144568,18.3817119598389
144569,18.8345069885254
144570,11.702205657959
144571,30.0389080047607
144572,15.6644849777222
144573,20.909122467041
144574,21.0646781921387
144575,20.6211566925049
144576,15.1921043395996
144577,46.1522789001465
144578,32.238338470459
144579,35.5375862121582
144580,36.1034202575684
144581,35.6883659362793
144582,30.0792102813721
144583,61.2535705566406
144584,53.1845893859863
144585,47.4230842590332
144586,49.4021034240723
144587,48.2462692260742
144588,50.2410202026367
144589,44.0936470031738
144590,34.9703025817871
144591,31.7135486602783
144592,38.6093597412109
144593,38.6472091674805
144594,49.8185577392578
144595,35.733081817627
144596,28.9227333068848
144597,26.2047176361084
144598,32.3249626159668
144599,29.1638813018799
144600,31.5454940795898
144601,28.223108291626
144602,21.720085144043
144603,18.0705184936523
144604,16.396656036377
144605,25.2695617675781
144606,22.8756523132324
144607,24.5979175567627
144608,20.4491539001465
144609,16.0199165344238
144610,14.4179048538208
144611,15.7533807754517
144612,20.7791633605957
144613,23.4323291778564
144614,18.9691963195801
144615,15.0231914520264
144616,17.4874572753906
144617,14.5298357009888
144618,21.2840232849121
144619,23.5838031768799
144620,20.3831424713135
144621,15.0531997680664
144622,19.1894359588623
144623,14.7302951812744
144624,23.6319904327393
144625,24.8456707000732
144626,18.0066108703613
144627,15.8467512130737
144628,19.8814373016357
144629,16.129861831665
144630,19.4337882995605
144631,28.7244338989258
144632,19.6025714874268
144633,16.9110946655273
144634,20.2430458068848
144635,18.2219581604004
144636,21.5115509033203
144637,29.181734085083
144638,20.3894386291504
144639,15.0399742126465
144640,21.9985809326172
144641,19.7061157226562
144642,21.5855007171631
144643,32.4714317321777
144644,20.6715488433838
144645,15.6433057785034
144646,20.8313102722168
144647,19.8097457885742
144648,20.5293807983398
144649,36.8642082214355
144650,21.4748344421387
144651,18.223840713501
144652,21.7530422210693
144653,21.4746551513672
144654,19.9813957214355
144655,49.6614799499512
144656,21.8563575744629
144657,19.5217113494873
144658,23.3756484985352
144659,21.8546371459961
144660,22.005558013916
144661,56.5516624450684
144662,24.0898475646973
144663,23.0318260192871
144664,27.394172668457
144665,25.3314018249512
144666,24.1843452453613
144667,38.8833694458008
144668,25.3040885925293
144669,23.6644401550293
144670,27.2952461242676
144671,25.2073268890381
144672,25.7693347930908
144673,19.6746692657471
144674,18.9399261474609
144675,16.3235511779785
144676,21.4211139678955
144677,19.0452442169189
144678,18.7020683288574
144679,19.7120037078857
144680,20.5426864624023
144681,14.7715034484863
144682,20.6489677429199
144683,20.7147579193115
144684,20.3053321838379
144685,25.8214416503906
144686,21.3034763336182
144687,19.197904586792
144688,21.3150501251221
144689,21.0650901794434
144690,20.8299541473389
144691,26.2786636352539
144692,22.2374019622803
144693,21.7697582244873
144694,22.2858543395996
144695,22.2932796478271
144696,22.2137317657471
144697,27.2982654571533
144698,22.7659530639648
144699,22.823263168335
144700,23.1522274017334
144701,22.988956451416
144702,23.1339073181152
144703,30.847225189209
144704,22.891092300415
144705,23.1586360931396
144706,23.2856369018555
144707,23.4041557312012
144708,23.4263801574707
144709,35.9515762329102
144710,26.3996257781982
144711,26.6905536651611
144712,26.7795162200928
144713,26.9086132049561
144714,27.2434101104736
144715,39.7542266845703
144716,27.661808013916
144717,27.8428630828857
144718,28.0501956939697
144719,27.9855175018311
144720,29.309289932251
144721,56.3884887695312
144722,44.377384185791
144723,40.8814811706543
144724,43.6340713500977
144725,43.6670379638672
144726,48.6253814697266
144727,91.7697601318359
144728,61.7189331054688
144729,52.6529006958008
144730,55.3972129821777
144731,51.2462463378906
144732,68.8745803833008
144733,78.3579330444336
144734,50.9650611877441
144735,38.4730033874512
144736,42.679386138916
144737,42.3824195861816
144738,58.5238342285156
144739,77.3424835205078
144740,47.9914321899414
144741,36.125919342041
144742,33.6104278564453
144743,36.5985221862793
144744,55.3367919921875
144745,76.9961013793945
144746,45.8341178894043
144747,33.5727844238281
144748,31.3999309539795
144749,32.8173561096191
144750,53.7152061462402
144751,65.8418731689453
144752,34.3242416381836
144753,28.415979385376
144754,24.6291942596436
144755,25.6748847961426
144756,41.6990737915039
144757,64.8912200927734
144758,25.8292121887207
144759,23.8111991882324
144760,20.5700035095215
144761,21.1094532012939
144762,36.7764892578125
144763,62.7486267089844
144764,22.6734752655029
144765,18.9855098724365
144766,18.1796016693115
144767,17.1734027862549
144768,26.2324199676514
144769,47.7182731628418
144770,29.816011428833
144771,19.5029201507568
144772,15.3345861434937
144773,14.8776149749756
144774,29.7146377563477
144775,55.744270324707
144776,29.2477912902832
144777,17.4420967102051
144778,19.0669288635254
144779,14.844259262085
144780,29.7048053741455
144781,54.8755836486816
144782,29.2588443756104
144783,18.9861316680908
144784,19.0450801849365
144785,15.8125190734863
144786,29.7601222991943
144787,37.1726455688477
144788,29.086727142334
144789,18.6825428009033
144790,19.0464286804199
144791,15.7032747268677
144792,29.6128616333008
144793,38.4640007019043
144794,29.071605682373
144795,19.641040802002
144796,19.1672058105469
144797,17.9151401519775
144798,29.599925994873
144799,53.3672904968262
144800,27.4735050201416
144801,19.7894172668457
144802,19.5242290496826
144803,19.777889251709
144804,27.6116580963135
144805,36.4641952514648
144806,30.9187183380127
144807,22.4188442230225
144808,23.7333545684814
144809,22.4188442230225
144810,26.2230110168457
144811,35.3853950500488
144812,27.4087715148926
144813,22.5385971069336
144814,24.4513988494873
144815,22.5122146606445
144816,23.3617057800293
144817,16.5607204437256
144818,21.9080371856689
144819,16.1253890991211
144820,20.3778858184814
144821,18.42724609375
144822,15.9846067428589
144823,12.4519910812378
144824,12.6620988845825
144825,12.8126258850098
144826,18.107027053833
144827,17.9011611938477
144828,22.6711330413818
144829,10.628643989563
144830,20.321008682251
144831,13.330680847168
144832,16.4008884429932
144833,17.9807319641113
144834,22.5565185546875
144835,9.4451265335083
144836,20.1070232391357
144837,13.6547842025757
144838,12.452880859375
144839,17.6871128082275
144840,21.4923477172852
144841,11.5903434753418
144842,20.5194358825684
144843,13.8441457748413
144844,12.7039251327515
144845,17.4038867950439
144846,21.9959163665771
144847,18.4584407806396
144848,21.7136707305908
144849,15.1458349227905
144850,14.1622877120972
144851,17.3593158721924
144852,23.0416984558105
144853,24.2425308227539
144854,19.5568675994873
144855,15.7954530715942
144856,14.4312934875488
144857,15.7717418670654
144858,19.1670417785645
144859,33.560230255127
144860,15.5404205322266
144861,14.0762748718262
144862,14.4541425704956
144863,14.8897485733032
144864,15.5295486450195
144865,48.9616279602051
144866,24.7894172668457
144867,22.4253559112549
144868,21.4405326843262
144869,22.7020301818848
144870,25.488166809082
144871,78.3578262329102
144872,42.747013092041
144873,32.8135147094727
144874,35.615421295166
144875,36.583610534668
144876,44.198055267334
144877,71.5298461914062
144878,38.3841247558594
144879,28.4739589691162
144880,26.2769565582275
144881,33.5467872619629
144882,42.0579643249512
144883,71.1516418457031
144884,39.1543502807617
144885,25.2378692626953
144886,23.1648559570312
144887,25.2143135070801
144888,38.1804962158203
144889,70.4002532958984
144890,36.9713592529297
144891,23.5276393890381
144892,20.9187889099121
144893,23.0679512023926
144894,31.9071292877197
144895,62.8037300109863
144896,26.5983810424805
144897,18.7967510223389
144898,13.9452486038208
144899,16.608528137207
144900,20.4122924804688
144901,60.1604995727539
144902,24.3230457305908
144903,14.4490623474121
144904,10.6661691665649
144905,13.2659645080566
144906,17.8012065887451
144907,56.8180389404297
144908,17.0601291656494
144909,16.7299518585205
144910,10.6883277893066
144911,12.7805376052856
144912,18.9324169158936
144913,57.2749900817871
144914,13.8656120300293
144915,16.0381641387939
144916,13.435154914856
144917,12.2927913665771
144918,17.8800182342529
144919,56.8379707336426
144920,16.9981288909912
144921,16.0373249053955
144922,14.8954496383667
144923,12.3427991867065
144924,14.9748277664185
144925,53.778678894043
144926,13.8417778015137
144927,18.3216800689697
144928,15.8024806976318
144929,12.3347091674805
144930,13.7109756469727
144931,58.8962440490723
144932,15.2292594909668
144933,19.7894172668457
144934,18.5350723266602
144935,13.8494415283203
144936,14.902042388916
144937,58.8944664001465
144938,17.2310771942139
144939,19.8766212463379
144940,19.1456432342529
144941,13.6917104721069
144942,14.6637077331543
144943,61.1446266174316
144944,17.2461643218994
144945,20.3648433685303
144946,19.9949016571045
144947,16.6920604705811
144948,16.3236827850342
144949,67.7236709594727
144950,24.1115760803223
144951,26.2765808105469
144952,25.8213768005371
144953,25.0756301879883
144954,25.2985763549805
144955,66.658447265625
144956,24.8388061523438
144957,27.3297805786133
144958,26.5404186248779
144959,26.1819114685059
144960,26.3341064453125
144961,40.5403480529785
144962,15.1846485137939
144963,18.9733200073242
144964,17.7455921173096
144965,17.9874725341797
144966,16.4369869232178
144967,39.9435997009277
144968,15.2441816329956
144969,17.1268825531006
144970,15.6890325546265
144971,16.8677940368652
144972,17.7175426483154
144973,41.4752807617188
144974,19.9740753173828
144975,17.867094039917
144976,16.7596263885498
144977,19.0799942016602
144978,25.0951271057129
144979,41.5200233459473
144980,26.3768711090088
144981,20.8128833770752
144982,20.0711727142334
144983,21.108907699585
144984,26.726001739502
144985,41.8083381652832
144986,27.4682273864746
144987,24.1693420410156
144988,20.8902835845947
144989,22.1174621582031
144990,27.3068695068359
144991,42.9206275939941
144992,28.3182430267334
144993,25.8206195831299
144994,23.7968444824219
144995,24.2787666320801
144996,28.2362384796143
144997,45.0735473632812
144998,30.8478851318359
144999,28.7004928588867
145000,26.3525981903076
145001,26.5207405090332
145002,30.7492351531982
145003,46.6259803771973
145004,33.3843955993652
145005,30.2987861633301
145006,28.5474376678467
145007,28.5051155090332
145008,33.4113121032715
145009,60.0650520324707
145010,49.2472190856934
145011,38.3011741638184
145012,39.0654296875
145013,37.6020355224609
145014,49.2472190856934
145015,87.4496688842773
145016,62.7871704101562
145017,42.067699432373
145018,44.7111053466797
145019,44.6407508850098
145020,62.4618721008301
145021,76.8718032836914
145022,44.5674171447754
145023,35.8164520263672
145024,32.8970603942871
145025,38.7226295471191
145026,40.7671813964844
145027,76.3244018554688
145028,42.0516357421875
145029,35.3575630187988
145030,32.8094596862793
145031,34.481029510498
145032,39.6608810424805
145033,48.5907020568848
145034,37.472843170166
145035,34.3322257995605
145036,30.4697322845459
145037,31.2559680938721
145038,37.3209457397461
145039,43.2483711242676
145040,29.7034015655518
145041,28.4037799835205
145042,24.1184120178223
145043,25.1062755584717
145044,29.9348754882812
145045,40.8563690185547
145046,25.2626628875732
145047,24.313892364502
145048,20.6776828765869
145049,20.9537105560303
145050,25.2331256866455
145051,34.1255531311035
145052,24.3093147277832
145053,23.6027565002441
145054,18.9354972839355
145055,18.7272510528564
145056,23.4202251434326
145057,30.2781448364258
145058,20.3958053588867
145059,23.3686943054199
145060,19.6375942230225
145061,18.4714736938477
145062,19.2430019378662
145063,30.1465606689453
145064,20.2167701721191
145065,22.2889842987061
145066,21.9222946166992
145067,18.878776550293
145068,19.1620082855225
145069,31.8992900848389
145070,22.7709140777588
145071,22.6094169616699
145072,21.1242866516113
145073,17.8281593322754
145074,18.2900314331055
145075,34.4080543518066
145076,24.7854957580566
145077,24.7671089172363
145078,22.6775932312012
145079,20.8881721496582
145080,20.9168090820312
145081,34.5819435119629
145082,27.1329536437988
145083,24.7574920654297
145084,24.3382396697998
145085,23.722282409668
145086,27.4966239929199
145087,35.3707160949707
145088,28.3219718933105
145089,25.7110958099365
145090,25.0172214508057
145091,24.7589778900146
145092,29.4505062103271
145093,39.8763084411621
145094,33.3610496520996
145095,30.0486679077148
145096,29.1568126678467
145097,28.8428325653076
145098,33.3229484558105
145099,44.8642196655273
145100,34.1411437988281
145101,30.8241767883301
145102,29.8236961364746
145103,29.6784915924072
145104,34.0662155151367
145105,35.4970474243164
145106,27.9646244049072
145107,26.8773746490479
145108,22.2296409606934
145109,21.3519039154053
145110,28.1043872833252
145111,39.489429473877
145112,27.3054332733154
145113,24.6367034912109
145114,17.6356811523438
145115,18.6716270446777
145116,27.3284549713135
145117,40.5807991027832
145118,27.3138294219971
145119,22.9281959533691
145120,15.8236951828003
145121,18.4069499969482
145122,27.2986221313477
145123,42.2118835449219
145124,26.8890018463135
145125,21.2061996459961
145126,15.1377019882202
145127,17.4437465667725
145128,26.8890018463135
145129,42.3291397094727
145130,27.3704986572266
145131,23.7156810760498
145132,15.9426012039185
145133,18.2928409576416
145134,27.2686004638672
145135,42.946102142334
145136,28.5222511291504
145137,23.1092929840088
145138,17.3666439056396
145139,19.8318309783936
145140,28.5222511291504
145141,43.3038864135742
145142,30.1590518951416
145143,24.245304107666
145144,19.4385089874268
145145,22.1476993560791
145146,30.1590518951416
145147,45.4828834533691
145148,32.7758903503418
145149,26.6147136688232
145150,22.1237392425537
145151,24.2337741851807
145152,32.6675300598145
145153,66.7194366455078
145154,48.8772583007812
145155,37.8138465881348
145156,32.9661865234375
145157,34.5673713684082
145158,48.7857704162598
145159,72.1703643798828
145160,53.651294708252
145161,39.7705116271973
145162,36.9090614318848
145163,37.6403388977051
145164,51.5977401733398
145165,66.5343551635742
145166,35.1938819885254
145167,34.3572578430176
145168,32.0174217224121
145169,35.3765106201172
145170,42.7883262634277
145171,62.7962913513184
145172,33.4934425354004
145173,32.2756805419922
145174,29.8272647857666
145175,31.317798614502
145176,45.2178115844727
145177,64.6521682739258
145178,43.0437889099121
145179,30.5711421966553
145180,27.8742790222168
145181,29.4974403381348
145182,43.1444320678711
145183,41.0690231323242
145184,33.3111572265625
145185,26.677490234375
145186,23.5500717163086
145187,25.1335582733154
145188,33.1893730163574
145189,39.6991729736328
145190,30.1903018951416
145191,26.1424674987793
145192,19.9088459014893
145193,21.6935939788818
145194,29.8785972595215
145195,50.2293701171875
145196,28.4276313781738
145197,23.4357681274414
145198,17.2870960235596
145199,19.7860260009766
145200,26.8315334320068
145201,32.3543167114258
145202,27.7706604003906
145203,25.5664100646973
145204,17.2835807800293
145205,19.400936126709
145206,26.0502834320068
145207,34.5250129699707
145208,25.9150543212891
145209,24.3611526489258
145210,16.6192150115967
145211,18.3262500762939
145212,26.1223297119141
145213,25.9425640106201
145214,24.3839073181152
145215,21.1321201324463
145216,14.5031700134277
145217,14.7374849319458
145218,19.8077716827393
145219,26.2978096008301
145220,24.3548202514648
145221,20.9335231781006
145222,15.9423017501831
145223,15.9155511856079
145224,22.9091148376465
145225,26.4127922058105
145226,22.4408187866211
145227,22.9579181671143
145228,19.9981746673584
145229,16.0436134338379
145230,20.920280456543
145231,29.9965476989746
145232,16.2247619628906
145233,23.7556114196777
145234,20.3476676940918
145235,18.4745807647705
145236,21.1154041290283
145237,32.0508880615234
145238,23.8383750915527
145239,27.4897079467773
145240,24.2464027404785
145241,23.0628261566162
145242,25.5229530334473
145243,34.739990234375
145244,22.3367214202881
145245,27.7365589141846
145246,24.2140712738037
145247,23.9387359619141
145248,24.6298313140869
145249,35.7378730773926
145250,17.6031341552734
145251,24.6290836334229
145252,21.9239311218262
145253,22.0111560821533
145254,17.6047992706299
145255,37.6149291992188
145256,15.7426338195801
145257,19.618143081665
145258,15.9764595031738
145259,14.7614498138428
145260,18.1569194793701
145261,29.8041706085205
145262,15.5646638870239
145263,15.9526891708374
145264,8.73792839050293
145265,11.8680400848389
145266,16.636510848999
145267,16.6953735351562
145268,13.3452949523926
145269,11.4858989715576
145270,7.49616575241089
145271,10.5227222442627
145272,12.0176010131836
145273,34.9918441772461
145274,13.4391269683838
145275,10.9071712493896
145276,7.12664699554443
145277,10.4748020172119
145278,15.8954935073853
145279,26.2826652526855
145280,16.7739734649658
145281,16.3816699981689
145282,8.00866222381592
145283,11.3185596466064
145284,15.9126777648926
145285,31.57301902771
145286,15.7667617797852
145287,22.5637435913086
145288,12.2286224365234
145289,15.0286064147949
145290,14.764554977417
145291,33.9203910827637
145292,18.8562202453613
145293,24.7518119812012
145294,18.2361240386963
145295,18.8944244384766
145296,19.8877048492432
145297,55.721061706543
145298,31.1442279815674
145299,29.3457775115967
145300,29.553674697876
145301,29.814920425415
145302,30.2995090484619
145303,50.2247734069824
145304,35.9485778808594
145305,35.0115203857422
145306,35.812858581543
145307,37.1230888366699
145308,39.0622215270996
145309,48.3986968994141
145310,40.3153381347656
145311,32.624324798584
145312,31.9599151611328
145313,35.3825721740723
145314,46.2234535217285
145315,45.3026847839355
145316,37.1199073791504
145317,31.8643741607666
145318,29.8460273742676
145319,34.2362937927246
145320,36.300407409668
145321,61.2109298706055
145322,35.1586532592773
145323,30.1286354064941
145324,28.5850830078125
145325,29.7434177398682
145326,34.239818572998
145327,67.2615203857422
145328,27.7225971221924
145329,23.1903114318848
145330,22.2279415130615
145331,22.6642589569092
145332,26.5908393859863
145333,64.5404052734375
145334,25.6380271911621
145335,19.9814739227295
145336,20.0561370849609
145337,20.9654941558838
145338,26.4811134338379
145339,63.8141975402832
145340,22.878755569458
145341,17.2748336791992
145342,18.340217590332
145343,19.1698017120361
145344,25.2524108886719
145345,33.2142524719238
145346,22.381893157959
145347,19.0652751922607
145348,22.7316341400146
145349,18.9540119171143
145350,21.9602432250977
145351,27.1202030181885
145352,16.5317363739014
145353,18.210563659668
145354,19.9194221496582
145355,14.7092046737671
145356,16.9583492279053
145357,27.4989395141602
145358,15.7578458786011
145359,17.4901485443115
145360,16.1218032836914
145361,15.1501188278198
145362,15.6251182556152
145363,27.7334384918213
145364,16.3332271575928
145365,14.9377346038818
145366,12.7879419326782
145367,15.6197452545166
145368,15.4276294708252
145369,30.9618434906006
145370,15.4621486663818
145371,14.6065340042114
145372,17.5270938873291
145373,18.5648536682129
145374,15.0063781738281
145375,35.2038307189941
145376,17.6024169921875
145377,18.903434753418
145378,19.9928684234619
145379,20.6046886444092
145380,15.8026742935181
145381,43.1102485656738
145382,22.4269313812256
145383,26.2636470794678
145384,26.7317333221436
145385,24.9876117706299
145386,22.013204574585
145387,39.0541229248047
145388,22.5494174957275
145389,26.5074520111084
145390,28.4675197601318
145391,25.0211639404297
145392,22.7349033355713
145393,23.3061790466309
145394,15.5964155197144
145395,20.5313701629639
145396,22.0701122283936
145397,20.7192707061768
145398,16.7200794219971
145399,16.1573009490967
145400,14.819860458374
145401,16.6134147644043
145402,18.4554576873779
145403,19.932804107666
145404,17.3589649200439
145405,16.7473907470703
145406,17.3161888122559
145407,17.3193416595459
145408,21.4204158782959
145409,22.1275634765625
145410,21.1850929260254
145411,16.7148742675781
145412,22.1114597320557
145413,20.068078994751
145414,22.3652763366699
145415,22.4616603851318
145416,22.0003070831299
145417,18.5458068847656
145418,22.8168239593506
145419,22.3756370544434
145420,23.0421733856201
145421,22.9654521942139
145422,22.7219676971436
145423,20.5269908905029
145424,22.8701362609863
145425,22.8977794647217
145426,23.2607460021973
145427,23.0085315704346
145428,22.76051902771
145429,26.2080497741699
145430,25.0948619842529
145431,25.1097774505615
145432,25.5191783905029
145433,25.2659893035889
145434,24.9900703430176
145435,32.2951774597168
145436,26.6269092559814
145437,27.0749187469482
145438,27.4843235015869
145439,27.35471534729
145440,27.0395278930664
145441,47.2932395935059
145442,37.392261505127
145443,43.3254470825195
145444,43.5717468261719
145445,43.4024391174316
145446,40.7041702270508
145447,76.4671325683594
145448,41.2325134277344
145449,54.6053657531738
145450,54.7557487487793
145451,54.620906829834
145452,48.1599655151367
145453,72.9049835205078
145454,35.9139442443848
145455,46.131477355957
145456,48.336597442627
145457,48.8711090087891
145458,34.9658432006836
145459,71.9829635620117
145460,35.6871109008789
145461,45.019588470459
145462,48.7142066955566
145463,48.8033561706543
145464,35.2583160400391
145465,72.2258148193359
145466,35.1639633178711
145467,44.6786689758301
145468,36.6900634765625
145469,44.6786689758301
145470,34.2661666870117
145471,68.0278167724609
145472,28.5332584381104
145473,33.1290092468262
145474,29.0936470031738
145475,33.3747787475586
145476,28.3807678222656
145477,68.233772277832
145478,30.5804309844971
145479,33.4638252258301
145480,31.2639026641846
145481,33.8301620483398
145482,28.9113349914551
145483,68.7719650268555
145484,28.845853805542
145485,31.5778064727783
145486,29.9103584289551
145487,26.7465724945068
145488,27.4164981842041
145489,65.9439468383789
145490,29.7085742950439
145491,30.2773628234863
145492,28.0376148223877
145493,25.6920776367188
145494,28.4799671173096
145495,59.9020652770996
145496,29.3581295013428
145497,29.853157043457
145498,27.9036026000977
145499,26.3029308319092
145500,28.4376392364502
145501,48.9749069213867
145502,27.5750465393066
145503,29.2056293487549
145504,27.6748104095459
145505,25.7813148498535
145506,27.6419906616211
145507,48.5307731628418
145508,27.5495491027832
145509,29.1909999847412
145510,27.5572929382324
145511,26.0044269561768
145512,26.4927253723145
145513,50.9487457275391
145514,27.6224555969238
145515,27.4009532928467
145516,27.4999084472656
145517,27.2015781402588
145518,26.7945652008057
145519,56.0588111877441
145520,28.7024936676025
145521,25.7656555175781
145522,28.3116283416748
145523,28.2630653381348
145524,27.2566967010498
145525,54.8331451416016
145526,29.4560737609863
145527,25.5124378204346
145528,31.8268947601318
145529,31.2445106506348
145530,29.4743041992188
145531,50.9692344665527
145532,30.7598648071289
145533,27.3976593017578
145534,32.0275802612305
145535,31.7306308746338
145536,31.000581741333
145537,31.4594955444336
145538,20.3882751464844
145539,13.6223068237305
145540,22.8232498168945
145541,22.9260520935059
145542,20.6206188201904
145543,33.9364242553711
145544,22.4201126098633
145545,12.1999235153198
145546,22.3349781036377
145547,22.4500503540039
145548,22.9225463867188
145549,27.0748558044434
145550,22.0243110656738
145551,12.3228664398193
145552,22.3735942840576
145553,22.4919586181641
145554,20.8290328979492
145555,28.5972805023193
145556,22.1449775695801
145557,13.028037071228
145558,22.4701099395752
145559,22.5008449554443
145560,21.8359222412109
145561,33.1507759094238
145562,22.3869094848633
145563,13.4995441436768
145564,22.4701099395752
145565,22.6504039764404
145566,22.3003311157227
145567,34.3226013183594
145568,22.4033756256104
145569,16.2139320373535
145570,22.5970821380615
145571,22.8988170623779
145572,22.3003311157227
145573,33.2905883789062
145574,22.5025482177734
145575,16.6603984832764
145576,22.8544635772705
145577,22.86350440979
145578,22.4725723266602
145579,32.0694122314453
145580,22.9276275634766
145581,17.3097171783447
145582,23.3352031707764
145583,23.2834587097168
145584,22.9413814544678
145585,41.6628150939941
145586,38.8615455627441
145587,28.2798290252686
145588,39.1081924438477
145589,39.0603637695312
145590,38.8101539611816
145591,64.4686737060547
145592,51.6844940185547
145593,43.9826316833496
145594,51.4303092956543
145595,51.2046127319336
145596,51.545711517334
145597,60.6964797973633
145598,45.8605804443359
145599,36.5797691345215
145600,38.9781799316406
145601,32.0813179016113
145602,45.9659957885742
145603,50.85791015625
145604,44.4644889831543
145605,34.2970237731934
145606,28.2650947570801
145607,30.2245388031006
145608,43.4993133544922
145609,50.2474632263184
145610,40.63525390625
145611,29.9507942199707
145612,26.1267375946045
145613,28.2556133270264
145614,40.2060432434082
145615,41.3468780517578
145616,32.6024284362793
145617,22.8774356842041
145618,20.5108032226562
145619,22.4227523803711
145620,31.8504962921143
145621,40.4910507202148
145622,32.4170455932617
145623,21.9820289611816
145624,24.9500179290771
145625,22.676197052002
145626,31.398193359375
145627,39.0571937561035
145628,32.4471168518066
145629,21.3949661254883
145630,20.9907875061035
145631,22.1366176605225
145632,31.8839206695557
145633,42.4056816101074
145634,31.8400363922119
145635,22.1722736358643
145636,28.1016311645508
145637,25.5526008605957
145638,30.7853984832764
145639,39.2953834533691
145640,30.4811134338379
145641,20.4459686279297
145642,26.3623580932617
145643,25.8747234344482
145644,29.7696533203125
145645,44.1232261657715
145646,30.3134288787842
145647,21.9425086975098
145648,26.8666038513184
145649,23.9533195495605
145650,30.28391456604
145651,42.9251441955566
145652,30.0205059051514
145653,19.6455364227295
145654,26.6991081237793
145655,23.4645729064941
145656,29.99098777771
145657,40.1740493774414
145658,27.6759071350098
145659,17.4654235839844
145660,24.246768951416
145661,23.9588317871094
145662,27.6759071350098
145663,39.9804000854492
145664,27.7040023803711
145665,17.7369842529297
145666,24.7061901092529
145667,23.8071422576904
145668,27.7040023803711
145669,33.190616607666
145670,27.7407760620117
145671,17.4839363098145
145672,25.2183036804199
145673,22.4622611999512
145674,27.7407760620117
145675,35.3789901733398
145676,28.7514362335205
145677,23.4155979156494
145678,26.3220062255859
145679,24.9850692749023
145680,28.7514362335205
145681,18.5842952728271
145682,23.4710636138916
145683,14.5903062820435
145684,21.6481628417969
145685,19.9004020690918
145686,23.3210697174072
145687,15.7961664199829
145688,22.7482471466064
145689,13.4131708145142
145690,18.7604522705078
145691,17.8778953552246
145692,21.4244041442871
145693,12.7791585922241
145694,20.6752166748047
145695,14.8782596588135
145696,17.2099838256836
145697,18.5596084594727
145698,20.6752166748047
145699,12.5124015808105
145700,20.4981651306152
145701,13.9315605163574
145702,17.7253589630127
145703,17.7991542816162
145704,20.4076080322266
145705,15.3734245300293
145706,20.3611354827881
145707,20.4693279266357
145708,17.7314949035645
145709,17.6375579833984
145710,19.9408702850342
145711,15.3560123443604
145712,20.4403591156006
145713,19.3549690246582
145714,16.2562522888184
145715,16.7541370391846
145716,20.0201377868652
145717,15.6833829879761
145718,20.2666130065918
145719,20.6833343505859
145720,17.3193035125732
145721,17.01393699646
145722,19.3075828552246
145723,22.1134395599365
145724,16.5651588439941
145725,22.0061149597168
145726,18.4662780761719
145727,16.856876373291
145728,16.9555034637451
145729,37.1607627868652
145730,29.0708122253418
145731,36.0712661743164
145732,32.4833145141602
145733,28.0823535919189
145734,29.1326389312744
145735,42.7152519226074
145736,43.5380783081055
145737,40.7577629089355
145738,37.4974021911621
145739,33.417366027832
145740,42.3332099914551
145741,40.332202911377
145742,41.0927467346191
145743,32.7035522460938
145744,34.977653503418
145745,27.0390434265137
145746,41.0927467346191
145747,36.3938636779785
145748,39.455696105957
145749,31.1594295501709
145750,26.3631401062012
145751,24.9768753051758
145752,39.4635124206543
145753,36.6322784423828
145754,38.4647483825684
145755,30.4422740936279
145756,22.6512050628662
145757,25.1321125030518
145758,38.3730506896973
145759,35.1125297546387
145760,29.0112266540527
145761,24.9058113098145
145762,17.769510269165
145763,20.8433284759521
145764,29.0769081115723
145765,38.3778228759766
145766,26.8696899414062
145767,25.3887977600098
145768,16.8910102844238
145769,18.9486827850342
145770,27.4796543121338
145771,48.2122039794922
145772,26.4406623840332
145773,24.7249507904053
145774,15.0704250335693
145775,16.904239654541
145776,26.4153671264648
145777,25.9078407287598
145778,23.9572467803955
145779,17.6957893371582
145780,11.6765022277832
145781,14.256217956543
145782,24.2643070220947
145783,45.6262435913086
145784,23.8486614227295
145785,16.1015853881836
145786,11.6425485610962
145787,14.1335344314575
145788,24.2812843322754
145789,50.5213851928711
145790,23.846227645874
145791,17.0566596984863
145792,10.9062271118164
145793,13.5949535369873
145794,24.4167995452881
145795,58.085563659668
145796,23.8174152374268
145797,17.120698928833
145798,10.5751371383667
145799,13.5234813690186
145800,24.5765171051025
145801,52.2461280822754
145802,23.8123760223389
145803,20.2099533081055
145804,10.9710121154785
145805,13.6479148864746
145806,24.9140625
145807,32.6758308410645
145808,24.2908897399902
145809,20.7934246063232
145810,12.0499811172485
145811,14.329610824585
145812,25.3925762176514
145813,30.1657276153564
145814,24.3425254821777
145815,19.6434173583984
145816,15.8388090133667
145817,15.0904359817505
145818,25.4442119598389
145819,33.0882797241211
145820,26.5555171966553
145821,20.1972599029541
145822,19.20729637146
145823,18.4764957427979
145824,27.686206817627
145825,24.4470825195312
145826,22.8729057312012
145827,14.5087127685547
145828,13.380485534668
145829,12.9196043014526
145830,23.6486988067627
145831,25.0957183837891
145832,22.155403137207
145833,11.5248012542725
145834,8.44243907928467
145835,11.2353420257568
145836,22.7600479125977
145837,27.0984516143799
145838,22.0526351928711
145839,11.1241598129272
145840,7.80931329727173
145841,10.7129030227661
145842,22.776538848877
145843,26.6808643341064
145844,20.3506946563721
145845,10.7009773254395
145846,7.53225994110107
145847,12.592306137085
145848,19.4043884277344
145849,21.683988571167
145850,16.3159122467041
145851,10.9678421020508
145852,12.9480485916138
145853,18.4781684875488
145854,16.2031288146973
145855,19.059326171875
145856,16.133825302124
145857,11.1888542175293
145858,17.9851531982422
145859,22.4439907073975
145860,15.7487516403198
145861,16.8399219512939
145862,15.6171789169312
145863,14.3351697921753
145864,22.9007091522217
145865,23.140811920166
145866,20.0949306488037
145867,17.0885124206543
145868,12.750054359436
145869,17.0894680023193
145870,23.0775279998779
145871,23.2049427032471
145872,18.1609535217285
145873,34.7548713684082
145874,26.1474838256836
145875,32.5966835021973
145876,38.6093635559082
145877,38.5726089477539
145878,31.0174732208252
145879,69.3559112548828
145880,41.4543762207031
145881,51.28466796875
145882,53.9099655151367
145883,52.0546836853027
145884,43.8547096252441
145885,76.6177978515625
145886,38.1409378051758
145887,45.5862617492676
145888,45.5830497741699
145889,45.5059204101562
145890,40.7039527893066
145891,76.9878463745117
145892,36.0781440734863
145893,45.5137367248535
145894,45.4345932006836
145895,40.2125473022461
145896,38.4814186096191
145897,77.207633972168
145898,35.9060363769531
145899,44.7331085205078
145900,42.810245513916
145901,36.6792449951172
145902,37.1754913330078
145903,68.1664962768555
145904,33.5391387939453
145905,34.0302238464355
145906,29.6103076934814
145907,29.9863433837891
145908,32.7316246032715
145909,67.8498077392578
145910,34.5972709655762
145911,32.4998550415039
145912,28.2629737854004
145913,29.2104244232178
145914,35.4994773864746
145915,66.4847564697266
145916,32.9721832275391
145917,28.749397277832
145918,28.4719772338867
145919,28.9391326904297
145920,34.7342872619629
145921,44.1278190612793
145922,29.4709968566895
145923,28.6494045257568
145924,29.1469841003418
145925,28.6929225921631
145926,30.0782432556152
145927,48.7459831237793
145928,30.5181713104248
145929,28.2993583679199
145930,29.250768661499
145931,28.3546104431152
145932,31.003475189209
145933,48.7808265686035
145934,30.7737827301025
145935,28.382209777832
145936,29.4774799346924
145937,28.6639156341553
145938,32.539134979248
145939,49.7142562866211
145940,30.89377784729
145941,29.2413349151611
145942,29.7858085632324
145943,29.6530933380127
145944,32.5222434997559
145945,53.2984390258789
145946,32.7904396057129
145947,30.194507598877
145948,30.2187881469727
145949,30.1363086700439
145950,33.3553886413574
145951,56.1074066162109
145952,35.0174026489258
145953,31.0145092010498
145954,31.6607685089111
145955,31.64430809021
145956,35.022705078125
145957,69.7700958251953
145958,37.4807548522949
145959,33.5378074645996
145960,33.9519462585449
145961,33.9441299438477
145962,37.5725860595703
145963,76.3766708374023
145964,39.5762062072754
145965,36.5982131958008
145966,37.353099822998
145967,37.3452835083008
145968,39.6680374145508
145969,55.4886283874512
145970,28.3732681274414
145971,26.1457538604736
145972,26.5575141906738
145973,26.6682186126709
145974,28.3732681274414
145975,45.0663146972656
145976,22.8886947631836
145977,22.8253231048584
145978,22.8086605072021
145979,22.9271793365479
145980,23.3004188537598
145981,38.2147560119629
145982,22.3204135894775
145983,22.2677631378174
145984,22.2817935943604
145985,22.3796520233154
145986,22.2623329162598
145987,36.9135589599609
145988,21.8929138183594
145989,22.218563079834
145990,22.3037738800049
145991,22.4253520965576
145992,22.2214794158936
145993,36.5371475219727
145994,18.5383644104004
145995,22.1635799407959
145996,22.400899887085
145997,22.4125556945801
145998,16.8814697265625
145999,35.2674980163574
146000,12.1883945465088
146001,21.6233558654785
146002,22.0073909759521
146003,22.1663761138916
146004,14.9292526245117
146005,34.2570152282715
146006,10.1162853240967
146007,21.154109954834
146008,21.5820026397705
146009,21.7294769287109
146010,11.2275485992432
146011,35.3595161437988
146012,10.7238187789917
146013,21.6218013763428
146014,21.9944305419922
146015,22.0969791412354
146016,10.9341058731079
146017,48.2765731811523
146018,18.9590396881104
146019,33.6404762268066
146020,33.6133117675781
146021,33.6145477294922
146022,19.0094032287598
146023,76.7256622314453
146024,35.4430084228516
146025,50.1220054626465
146026,47.1218185424805
146027,46.7191390991211
146028,35.3044967651367
146029,70.2536087036133
146030,29.4052867889404
146031,34.2296905517578
146032,38.6433563232422
146033,38.5909767150879
146034,29.8818702697754
146035,39.0424194335938
146036,27.7747955322266
146037,27.4705619812012
146038,28.1759090423584
146039,31.0051307678223
146040,24.1026363372803
146041,27.9326572418213
146042,22.2758445739746
146043,15.6708984375
146044,12.6823396682739
146045,14.740927696228
146046,16.2302989959717
146047,25.5731334686279
146048,20.4024982452393
146049,14.4159078598022
146050,13.8614940643311
146051,13.6144590377808
146052,15.4957637786865
146053,26.9630031585693
146054,18.5672016143799
146055,13.3402471542358
146056,19.0858478546143
146057,14.8076105117798
146058,15.1622228622437
146059,23.4824542999268
146060,14.8167705535889
146061,12.1939535140991
146062,21.0133895874023
146063,11.4301538467407
146064,13.3733415603638
146065,25.4683685302734
146066,13.7914562225342
146067,13.1357679367065
146068,22.383903503418
146069,18.3897743225098
146070,13.2598752975464
146071,24.0546875
146072,13.5254421234131
146073,10.8311891555786
146074,21.8710689544678
146075,18.1988754272461
146076,12.2252788543701
146077,23.6134033203125
146078,14.2443904876709
146079,10.8727769851685
146080,21.1145000457764
146081,21.2219886779785
146082,12.4192056655884
146083,24.1676483154297
146084,18.3215560913086
146085,10.753529548645
146086,20.2254829406738
146087,20.4935493469238
146088,14.0539150238037
146089,28.4957180023193
146090,20.9870910644531
146091,12.5704278945923
146092,21.6910877227783
146093,19.7177677154541
146094,20.4608402252197
146095,33.399055480957
146096,24.134256362915
146097,13.5176200866699
146098,21.6200866699219
146099,20.1005344390869
146100,22.1047687530518
146101,41.41064453125
146102,28.7062397003174
146103,17.3320922851562
146104,21.7075138092041
146105,20.1048145294189
146106,27.4482650756836
146107,50.4073677062988
146108,33.0063018798828
146109,22.6897888183594
146110,20.1239967346191
146111,22.3278312683105
146112,32.0799674987793
146113,30.1835250854492
146114,23.7864799499512
146115,12.1759967803955
146116,9.06343460083008
146117,12.1064949035645
146118,23.3750629425049
146119,24.5364418029785
146120,21.2809886932373
146121,8.36819553375244
146122,5.2720308303833
146123,8.54336071014404
146124,21.2809886932373
146125,29.2527084350586
146126,21.0212574005127
146127,7.2357006072998
146128,4.84960794448853
146129,8.04012584686279
146130,21.0212574005127
146131,34.3194236755371
146132,20.9989337921143
146133,7.23251390457153
146134,4.89849853515625
146135,8.07782363891602
146136,20.9989337921143
146137,37.9852676391602
146138,20.9862003326416
146139,9.60061836242676
146140,4.65270519256592
146141,12.8691062927246
146142,20.9964332580566
146143,37.9037666320801
146144,20.3451671600342
146145,10.6410388946533
146146,15.8051023483276
146147,19.4856758117676
146148,20.0886631011963
146149,32.6840782165527
146150,19.8192520141602
146151,11.3949890136719
146152,11.7215929031372
146153,19.9808082580566
146154,19.8192520141602
146155,30.8209934234619
146156,20.0849437713623
146157,15.6155633926392
146158,16.9434490203857
146159,20.1792125701904
146160,20.0580272674561
146161,47.6297416687012
146162,33.107723236084
146163,26.0506916046143
146164,32.5883522033691
146165,31.5748176574707
146166,33.0808067321777
146167,82.7119064331055
146168,56.8888244628906
146169,47.0064926147461
146170,51.2015724182129
146171,51.4949531555176
146172,55.0950508117676
146173,80.1843414306641
146174,41.9499130249023
146175,37.180606842041
146176,40.9527397155762
146177,45.5086212158203
146178,47.4117698669434
146179,81.3161697387695
146180,40.0563430786133
146181,33.7763633728027
146182,38.4361953735352
146183,42.8747291564941
146184,44.7196922302246
146185,62.3109893798828
146186,38.8352279663086
146187,31.2977046966553
146188,38.9871444702148
146189,39.0386161804199
146190,40.3278923034668
146191,55.1049690246582
146192,28.7142848968506
146193,24.9824104309082
146194,28.2055416107178
146195,28.2133560180664
146196,28.8327236175537
146197,42.371410369873
146198,22.8572978973389
146199,23.6476707458496
146200,26.3186092376709
146201,26.3186092376709
146202,24.582555770874
146203,34.3625335693359
146204,19.4730758666992
146205,22.4789237976074
146206,24.1856594085693
146207,24.1856594085693
146208,18.9174556732178
146209,38.38037109375
146210,20.7768306732178
146211,21.0293483734131
146212,24.2471370697021
146213,24.1719741821289
146214,19.5971298217773
146215,39.3825798034668
146216,22.9333648681641
146217,21.1243934631348
146218,24.8671932220459
146219,24.8671932220459
146220,21.5534191131592
146221,42.3121643066406
146222,26.6738777160645
146223,23.8037395477295
146224,24.7594547271729
146225,26.5160655975342
146226,25.4690628051758
146227,45.4600028991699
146228,31.9658603668213
146229,25.8399429321289
146230,26.3787784576416
146231,26.8766860961914
146232,30.5665798187256
146233,45.4826164245605
146234,32.7805709838867
146235,26.4268856048584
146236,28.4379196166992
146237,27.9668025970459
146238,32.2848091125488
146239,46.2856521606445
146240,33.9335632324219
146241,26.8755302429199
146242,28.174617767334
146243,27.5927314758301
146244,32.8757514953613
146245,47.0835723876953
146246,35.6572151184082
146247,28.2433948516846
146248,30.9966239929199
146249,29.4235973358154
146250,34.37060546875
146251,46.0869522094727
146252,37.4649658203125
146253,31.951416015625
146254,33.7740859985352
146255,33.6208648681641
146256,36.6409072875977
146257,29.5600051879883
146258,27.5652351379395
146259,20.6285457611084
146260,24.9068584442139
146261,25.034273147583
146262,27.2226219177246
146263,23.6832504272461
146264,23.8713912963867
146265,18.8353595733643
146266,22.3233680725098
146267,22.4500503540039
146268,23.514232635498
146269,30.079984664917
146270,23.8352298736572
146271,20.0095729827881
146272,22.2872066497803
146273,22.4138889312744
146274,23.4588451385498
146275,30.8646697998047
146276,20.7543525695801
146277,18.761812210083
146278,21.4476890563965
146279,21.5966949462891
146280,21.1222248077393
146281,30.432731628418
146282,20.5058670043945
146283,19.9918060302734
146284,20.6482429504395
146285,20.8203983306885
146286,20.1160106658936
146287,29.3891792297363
146288,19.9872245788574
146289,20.0051784515381
146290,20.0555934906006
146291,20.2277488708496
146292,19.9090309143066
146293,30.0724201202393
146294,19.6441764831543
146295,19.8670425415039
146296,19.7492275238037
146297,19.9707527160645
146298,19.5761871337891
146299,30.2105979919434
146300,19.7072315216064
146301,19.8537998199463
146302,19.8113555908203
146303,19.9999771118164
146304,19.7033653259277
146305,41.4843788146973
146306,29.5867309570312
146307,29.400016784668
146308,29.3767757415771
146309,29.5041904449463
146310,29.588809967041
146311,72.8816452026367
146312,47.5990715026855
146313,45.4950675964355
146314,44.8752212524414
146315,44.8752212524414
146316,47.7509002685547
146317,49.1958961486816
146318,39.0090065002441
146319,39.6882400512695
146320,39.7010879516602
146321,36.7722549438477
146322,40.0766525268555
146323,38.3294486999512
146324,32.2698135375977
146325,30.5347480773926
146326,34.4215850830078
146327,33.2567291259766
146328,32.9455642700195
146329,27.6964664459229
146330,24.4598255157471
146331,24.2509822845459
146332,26.3537712097168
146333,29.1403293609619
146334,23.8396053314209
146335,24.9953269958496
146336,22.0568866729736
146337,22.7794513702393
146338,22.2960205078125
146339,23.0373973846436
146340,21.1195201873779
146341,25.1603984832764
146342,21.6174468994141
146343,23.1289653778076
146344,21.896951675415
146345,22.0289077758789
146346,18.9659652709961
146347,26.3079662322998
146348,21.0893115997314
146349,22.4908618927002
146350,22.3901882171631
146351,22.0967025756836
146352,20.4889678955078
146353,24.0199203491211
146354,19.8380107879639
146355,20.678035736084
146356,20.3718967437744
146357,18.8429260253906
146358,16.3017864227295
146359,19.9809265136719
146360,18.7523307800293
146361,21.28444480896
146362,19.5095882415771
146363,17.4820861816406
146364,14.6716804504395
146365,19.585018157959
146366,18.1840419769287
146367,19.5188827514648
146368,19.1961841583252
146369,14.1133308410645
146370,12.5883369445801
146371,21.4454021453857
146372,17.7683753967285
146373,20.9967079162598
146374,18.8430633544922
146375,14.6435041427612
146376,14.1044902801514
146377,19.6629104614258
146378,17.7087516784668
146379,19.8675441741943
146380,16.6410903930664
146381,15.7111768722534
146382,14.9659156799316
146383,21.3407688140869
146384,15.6292123794556
146385,12.6503324508667
146386,18.8332576751709
146387,14.9946060180664
146388,14.18239402771
146389,21.6911869049072
146390,17.7348194122314
146391,15.5499563217163
146392,18.4005260467529
146393,18.2230987548828
146394,18.2358093261719
146395,19.7590484619141
146396,15.797266960144
146397,16.346887588501
146398,17.4052848815918
146399,18.4530029296875
146400,17.7553825378418
146401,12.2280406951904
146402,14.7712593078613
146403,12.6101341247559
146404,16.5868663787842
146405,14.2331943511963
146406,14.7994842529297
146407,6.58554983139038
146408,11.7242527008057
146409,9.80220890045166
146410,11.7459506988525
146411,11.1982717514038
146412,9.57388687133789
146413,3.40520715713501
146414,6.92313194274902
146415,13.1005611419678
146416,13.7469568252563
146417,5.89113426208496
146418,3.18052673339844
146419,2.93779873847961
146420,2.61353397369385
146421,8.65152263641357
146422,14.7513418197632
146423,5.70306873321533
146424,2.79990291595459
146425,2.9019136428833
146426,2.44720435142517
146427,8.79757499694824
146428,13.4097146987915
146429,4.17604398727417
146430,3.67436861991882
146431,3.01532673835754
146432,5.73846101760864
146433,2.66391038894653
146434,8.52497673034668
146435,3.79991626739502
146436,2.7162811756134
146437,3.07265830039978
146438,2.90842270851135
146439,8.14290237426758
146440,7.27355480194092
146441,3.85574460029602
146442,2.3755042552948
146443,5.80169010162354
146444,3.37278270721436
146445,6.18535757064819
146446,8.34511184692383
146447,5.19568967819214
146448,3.16471886634827
146449,12.5457382202148
146450,7.72293472290039
146451,8.37507724761963
146452,10.1736507415771
146453,11.2246704101562
146454,7.72293472290039
146455,16.0875282287598
146456,9.95977973937988
146457,18.4703674316406
146458,13.2452096939087
146459,12.192437171936
146460,9.92320919036865
146461,15.5358448028564
146462,8.09005355834961
146463,14.7483415603638
146464,12.7027893066406
146465,9.57494735717773
146466,7.72940587997437
146467,14.4804677963257
146468,6.70192956924438
146469,15.6536836624146
146470,13.213809967041
146471,7.49209356307983
146472,6.6358790397644
146473,14.3604936599731
146474,6.54677629470825
146475,10.3613319396973
146476,14.1276264190674
146477,6.90863466262817
146478,6.52792024612427
146479,13.9921865463257
146480,5.33310651779175
146481,6.34880352020264
146482,10.7865877151489
146483,5.66100215911865
146484,5.33310651779175
146485,11.7085075378418
146486,4.7714056968689
146487,9.64387130737305
146488,7.89082527160645
146489,9.65044784545898
146490,4.7714056968689
146491,10.9086723327637
146492,4.40946197509766
146493,12.927698135376
146494,10.0150499343872
146495,7.73661518096924
146496,4.40946197509766
146497,10.6269683837891
146498,4.33867883682251
146499,8.4376220703125
146500,5.53794050216675
146501,5.4247727394104
146502,4.33867883682251
146503,10.7071018218994
146504,4.33867883682251
146505,17.0501136779785
146506,5.03293752670288
146507,7.22609233856201
146508,4.33867883682251
146509,10.7071018218994
146510,4.33867883682251
146511,13.7374181747437
146512,6.81800937652588
146513,8.42610549926758
146514,4.33867883682251
146515,10.7071018218994
146516,4.40473318099976
146517,13.6653003692627
146518,9.90402889251709
146519,7.4492654800415
146520,4.33867883682251
146521,10.7071018218994
146522,4.58094072341919
146523,16.6223125457764
146524,9.90402889251709
146525,7.51642036437988
146526,4.46367359161377
146527,10.8232202529907
146528,4.62988042831421
146529,17.5611972808838
146530,8.81284999847412
146531,6.51069068908691
146532,4.56382751464844
146533,11.185263633728
146534,5.02348232269287
146535,14.3300628662109
146536,7.97817277908325
146537,5.153648853302
146538,4.8786792755127
146539,14.8523006439209
146540,8.17945098876953
146541,19.5769157409668
146542,7.88654327392578
146543,8.91971111297607
146544,8.17945098876953
146545,14.6284646987915
146546,8.02933979034424
146547,18.3013916015625
146548,7.30605602264404
146549,7.92499923706055
146550,8.55283546447754
146551,7.20743942260742
146552,3.42547607421875
146553,16.32594871521
146554,-0.435677915811539
146555,3.45923542976379
146556,3.44251370429993
146557,8.13178634643555
146558,8.16781997680664
146559,9.37222957611084
146560,-0.385901659727097
146561,3.62609934806824
146562,3.23396587371826
146563,18.2833995819092
146564,13.5606927871704
146565,7.32563209533691
146566,0.191399022936821
146567,4.36698389053345
146568,10.3853816986084
146569,26.1427879333496
146570,13.7601528167725
146571,6.17492437362671
146572,0.822228610515594
146573,5.8956093788147
146574,14.7653913497925
146575,25.4403209686279
146576,5.44217252731323
146577,6.10610246658325
146578,3.46876978874207
146579,10.2720708847046
146580,10.2388410568237
146581,28.8797988891602
146582,5.38844156265259
146583,7.56493806838989
146584,5.79347038269043
146585,11.4731197357178
146586,5.38954830169678
146587,29.2043895721436
146588,5.43028020858765
146589,15.3728590011597
146590,8.32390403747559
146591,15.0841789245605
146592,5.43028020858765
146593,37.7447891235352
146594,8.14991760253906
146595,15.5471878051758
146596,13.2278842926025
146597,24.1213550567627
146598,8.14290142059326
146599,65.9130249023438
146600,15.4187965393066
146601,25.1910305023193
146602,22.361421585083
146603,32.3839492797852
146604,14.7462348937988
146605,59.9968719482422
146606,11.6468639373779
146607,20.9787578582764
146608,19.7668762207031
146609,26.5211734771729
146610,11.5384883880615
146611,57.8940734863281
146612,10.479380607605
146613,13.5446634292603
146614,15.7596197128296
146615,23.0683174133301
146616,10.1263999938965
146617,56.8043060302734
146618,9.75887680053711
146619,14.1242446899414
146620,13.3618259429932
146621,16.2596187591553
146622,9.75887680053711
146623,15.8021125793457
146624,9.6823787689209
146625,9.2429895401001
146626,15.0715713500977
146627,13.0441236495972
146628,9.69787120819092
146629,14.940486907959
146630,9.26668643951416
146631,9.76699447631836
146632,15.2807550430298
146633,14.7075395584106
146634,9.26668643951416
146635,18.2233505249023
146636,9.31858921051025
146637,9.55374240875244
146638,17.1059150695801
146639,14.167387008667
146640,9.25883960723877
146641,20.146598815918
146642,9.46477890014648
146643,16.0210838317871
146644,15.3577499389648
146645,14.9441585540771
146646,9.79956912994385
146647,20.1926689147949
146648,10.2427663803101
146649,20.840425491333
146650,18.2409973144531
146651,15.9249477386475
146652,9.3937520980835
146653,20.703296661377
146654,10.3094663619995
146655,8.37695407867432
146656,20.3812217712402
146657,18.7549991607666
146658,9.89706611633301
146659,21.7577323913574
146660,13.1656675338745
146661,9.16176223754883
146662,21.2688102722168
146663,20.8631935119629
146664,11.2574710845947
146665,22.5101470947266
146666,16.1408271789551
146667,9.96258163452148
146668,21.4107494354248
146669,21.4720478057861
146670,11.5233421325684
146671,24.2777976989746
146672,17.5812683105469
146673,11.760160446167
146674,21.8652153015137
146675,21.926513671875
146676,13.9350624084473
146677,28.0760536193848
146678,22.7495212554932
146679,15.2841367721558
146680,25.5952377319336
146681,23.261116027832
146682,21.5042686462402
146683,30.389123916626
146684,23.9986228942871
146685,15.4415321350098
146686,25.5868473052979
146687,21.8918972015381
146688,22.3029861450195
146689,30.3779373168945
146690,21.1810302734375
146691,12.8048372268677
146692,8.80317401885986
146693,11.6720304489136
146694,16.5063018798828
146695,27.4509296417236
146696,17.5506134033203
146697,12.150354385376
146698,7.59089231491089
146699,10.860954284668
146700,15.1819982528687
146701,33.0229225158691
146702,18.5266780853271
146703,12.8196325302124
146704,8.20163822174072
146705,12.4103565216064
146706,18.3175277709961
146707,34.5957908630371
146708,18.6359119415283
146709,13.2252569198608
146710,13.8190841674805
146711,16.7770290374756
146712,20.6944923400879
146713,39.213508605957
146714,21.8212223052979
146715,13.2860546112061
146716,15.6899375915527
146717,17.1227130889893
146718,21.9164505004883
146719,42.2916717529297
146720,24.3427104949951
146721,14.1258716583252
146722,11.5813484191895
146723,17.3620738983154
146724,24.2927417755127
146725,43.7679786682129
146726,24.847375869751
146727,13.9829540252686
146728,14.5994739532471
146729,17.2089729309082
146730,24.8386039733887
146731,44.1588096618652
146732,24.8709831237793
146733,14.7873249053955
146734,17.1778106689453
146735,17.8541660308838
146736,24.9172992706299
146737,67.6361541748047
146738,42.7252769470215
146739,29.7851734161377
146740,29.7707595825195
146741,33.2190742492676
146742,42.5918121337891
146743,77.7490539550781
146744,48.3496398925781
146745,34.2159385681152
146746,33.8733940124512
146747,37.1434898376465
146748,48.2534446716309
146749,79.0485382080078
146750,49.1249656677246
146751,36.1378440856934
146752,37.9275665283203
146753,41.4622497558594
146754,48.0812301635742
146755,71.9504776000977
146756,49.1610336303711
146757,35.5904808044434
146758,41.0157318115234
146759,45.74072265625
146760,47.9430809020996
146761,68.9713973999023
146762,46.6247100830078
146763,35.3614692687988
146764,42.2959976196289
146765,45.0438919067383
146766,45.5484199523926
146767,68.6164245605469
146768,40.6638565063477
146769,34.0760726928711
146770,36.6658096313477
146771,36.41552734375
146772,41.0410690307617
146773,72.7947692871094
146774,40.8057060241699
146775,34.6550559997559
146776,36.4736785888672
146777,37.8882522583008
146778,40.0143508911133
