"id","target"
133627,82.5183549663954
133629,30.6297224387719
133630,32.2688772247466
133631,25.486641131787
133633,29.4508254619161
133634,31.4556907136245
133635,33.544735786221
133637,30.3880219747557
133638,30.4503428371352
133639,25.0194327116639
133641,28.8503068322027
133642,29.7922093597184
133643,95.0337626324416
133645,29.4795202996673
133646,28.9412523728973
133647,26.6405906225584
133649,30.0957704691121
133650,29.584070710563
133651,101.385217123057
133653,30.507044006512
133654,30.9820060605937
133655,27.0536462981909
133657,30.8881293811035
133658,30.2989028630329
133659,85.3286549560795
133661,32.8600006304912
133662,30.9359478504655
133663,27.0966374425014
133665,29.3036839149153
133666,32.1627584696726
133667,90.5868110734126
133669,34.1382337562321
133670,31.7524685858941
133671,26.8252212336069
133673,27.4905798457265
133674,33.7372274190875
133675,97.5269668683446
133677,35.9930955402871
133678,31.214654937691
133679,26.8805840618659
133681,29.5035462683224
133682,34.3346637701812
133683,75.3949622344643
133685,30.7079100673485
133686,27.9331991995492
133687,25.9947502967136
133689,29.3817740359609
133690,30.9653148920219
133691,30.059747228722
133693,24.2702976132668
133694,21.9286373085839
133695,22.5552585745861
133697,22.7330768331031
133698,24.9918270103584
133699,24.6587757878798
133701,21.6384827713516
133702,20.2752569554884
133703,21.0124439042356
133705,21.3587332578663
133706,21.2519576497547
133707,22.8598943390617
133709,19.0804782114245
133710,19.175271682224
133711,20.692322095134
133713,20.8751069488429
133714,19.257953595034
133715,22.5359058128169
133717,19.6851312838825
133718,20.3084498424057
133719,22.8881777483795
133721,22.5570914560062
133722,19.8745083779529
133723,22.3765033029184
133725,21.3051959581131
133726,21.8103988162184
133727,23.1450967792883
133729,23.4146202116664
133730,21.5025400768593
133731,25.3829568091019
133733,24.2705627942391
133734,23.5103507644501
133735,24.9484826714763
133737,24.2191980334897
133738,23.8905181662842
133739,26.0893771688662
133741,26.4524080087158
133742,24.0346482481595
133743,24.1609574167045
133745,26.9940540152238
133746,26.2953787233048
133747,24.6472505559516
133749,25.799315657866
133750,24.0125679078251
133751,25.4411702332423
133753,27.7668198703684
133754,24.9534191652767
133755,26.5163889549944
133757,29.2504896294798
133758,25.1150512347724
133759,31.1282441296616
133761,27.805117437025
133762,28.0132677320354
133763,37.453417697916
133765,33.3870702769423
133766,27.2829842915529
133767,35.9972349507286
133769,30.4374740927263
133770,30.8002841998165
133771,52.0655261456087
133773,44.4160450701224
133774,34.1242995030223
133775,37.1478869024116
133777,39.0622505992837
133778,45.6028737264638
133779,80.678717370252
133781,123.760644057638
133782,80.973421534185
133783,48.7899583648434
133785,85.9492578515514
133786,106.53131924983
133787,91.3881011396265
133789,98.8424000876252
133790,77.5322823163234
133791,30.6894053812915
133793,83.2444735871568
133794,94.5919555182906
133795,75.7837751954318
133797,40.7225092673053
133798,44.1733166069547
133799,29.1304362133579
133801,45.1367356621151
133802,42.1630633681485
133803,67.8312452660143
133805,29.7258502400863
133806,31.2539083318599
133807,27.0874735633427
133809,34.6020529689619
133810,30.9636423154833
133811,66.6966434353416
133813,26.9312156993192
133814,29.3163995700201
133815,26.883310640863
133817,29.2517982430736
133818,27.050675922467
133819,94.4843608102875
133820,25.9481315380651
133821,27.8492959861976
133822,26.6653104375294
133823,27.6889047483897
133824,26.9501262109067
133825,84.846022979072
133826,25.0633064491384
133827,25.8848571344455
133828,25.3586826182327
133829,28.2168615422685
133830,26.2890699023816
133831,73.2293642047339
133832,22.9244343861985
133833,24.7318084201324
133834,22.3276848579611
133835,24.5167989092161
133836,23.0538402347482
133837,68.2527766988067
133838,22.967980883956
133839,23.9478312210562
133840,21.6406367699457
133841,23.5013302600361
133842,22.732584429722
133843,67.3732570018352
133844,25.3866617605079
133845,24.3449543230147
133846,22.1676460529482
133847,24.8625131323027
133848,23.4833252818343
133849,93.2706851703333
133850,31.6125015378618
133851,26.8247932431324
133852,24.5413512839175
133853,28.0829625901769
133854,29.7139349470657
133855,96.6336011961001
133856,40.1911189032924
133857,31.7183112993825
133858,26.3475586548493
133859,32.2165877416637
133860,36.3695932844617
133861,83.4022753149932
133862,39.6672505890516
133863,28.488483357781
133864,26.211327635121
133865,31.3427854808721
133866,34.3320945604552
133867,29.973589868409
133868,22.0545284653506
133869,18.7327483415918
133870,20.0596562144818
133871,20.471023344748
133872,21.4959194167576
133873,23.5356886298589
133874,17.9033964681483
133875,17.3814926172084
133876,17.8129930845785
133877,17.5162758838302
133878,18.4957357370872
133879,22.9009545074227
133880,18.310241532855
133881,17.6165794235003
133882,19.9449644977842
133883,21.0565985144692
133884,18.0418701995643
133885,22.5624483227959
133886,19.0528125423103
133887,18.8763070828655
133888,22.434855165274
133889,22.4896032154717
133890,18.9037482893846
133891,25.1367025465477
133892,20.4811451535544
133893,21.4040341911818
133894,22.1984711987662
133895,23.7608584130367
133896,21.1963099099922
133897,29.6952545370221
133898,23.2437414037179
133899,22.8716421413609
133900,23.1926823575056
133901,25.9129286552425
133902,23.6700399069602
133903,30.9708547678126
133904,25.0040439921451
133905,25.6693492359699
133906,23.8193441005347
133907,27.3163343901173
133908,25.4146883403712
133909,35.8968970661546
133910,26.7773146257556
133911,26.0334405611769
133912,26.8412663702385
133913,31.1629651899871
133914,24.8030524259219
133915,34.5303675867068
133916,28.4040139270667
133917,26.1297110952034
133918,26.6900776274812
133919,36.8652290328655
133920,27.5591707030553
133921,47.2672954303767
133922,28.6241930722955
133923,26.1786947712661
133924,30.7796148743075
133925,38.4848394801005
133926,29.3271697563622
133927,54.1860908527896
133928,39.0138303252814
133929,34.9071067693118
133930,36.2549138531349
133931,39.9856757664417
133932,41.6935005270878
133933,79.181304117307
133934,98.2993521529363
133935,63.7922676237512
133936,59.3773426789417
133937,56.8126176333433
133938,106.261007389758
133939,82.3415859737267
133940,66.7351234596407
133941,70.5681406041524
133942,53.5155650298307
133943,49.459164197746
133944,63.7722417890153
133945,63.8461959854437
133946,44.6466696692221
133947,47.2041423843937
133948,37.9919427995889
133949,45.7108507616295
133950,43.0896561340178
133951,56.9812993051207
133952,34.5456827351204
133953,37.8526845842644
133954,31.1976164755701
133955,37.4412311239757
133956,35.0294802809535
133957,62.6150429413925
133958,26.530718571161
133959,28.765942577853
133960,28.883249978657
133961,32.8536070569338
133962,25.9186664563553
133963,61.9201645582193
133964,26.4535320046988
133965,28.6726950007988
133966,21.9849030379043
133967,26.8852923505596
133968,28.1640149126956
133969,47.5074014327275
133970,25.7072096787291
133971,27.9600275022403
133972,23.9234781132323
133973,27.9217799631389
133974,26.0963930772467
133975,57.1202610642374
133976,26.4380869692496
133977,27.5997982902894
133978,24.6101477256524
133979,28.9556198595607
133980,26.2982325483225
133981,59.6062305431788
133982,27.1435349171881
133983,27.4987179851861
133984,24.3061804102628
133985,27.0951352038087
133986,26.7011579739739
133987,65.9165159588347
133988,29.55602352756
133989,28.4510716774319
133990,25.0113252701133
133991,27.3938363367151
133992,28.402978007135
133993,75.1522257586537
133994,35.4158337317604
133995,31.5306632598437
133996,26.5061923238165
133997,32.7749068435199
133998,33.9363650574652
133999,100.243008646177
134000,37.8453452378019
134001,35.2483695940078
134002,27.7981786322864
134003,34.6217535802911
134004,40.0242201213048
134005,84.2770658366321
134006,36.9714538153953
134007,33.0340598558968
134008,27.2406003201713
134009,32.9543515796787
134010,36.8109319653566
134011,27.8977408111987
134012,20.8973524531481
134013,20.5707766395906
134014,20.2440373095579
134015,21.2688156395106
134016,20.7774211894868
134017,20.0486218427157
134018,17.9109855983338
134019,17.9678122286358
134020,18.1589114094627
134021,17.9782483297695
134022,18.0210250448882
134023,20.1715960765029
134024,18.7059612686068
134025,19.2570819564003
134026,19.6468511462486
134027,22.9608469683809
134028,18.0389214665022
134029,24.1684342051701
134030,21.1280796440047
134031,22.0777653360617
134032,23.1961405743139
134033,27.6698017603992
134034,20.8271041029635
134035,28.1920340512789
134036,22.3733228067188
134037,26.3375773753618
134038,27.1994400424306
134039,32.1994018847257
134040,22.9325751053747
134041,31.2096877626854
134042,25.3005413647199
134043,29.8215159578368
134044,26.1152421043293
134045,34.4506456022739
134046,25.813906871158
134047,33.1593691762933
134048,27.0854584118793
134049,30.565072917949
134050,26.7946619825909
134051,35.7247446427744
134052,27.400871650854
134053,36.150063270472
134054,28.9180217930182
134055,34.7761041265546
134056,28.1700281205611
134057,35.7152433376833
134058,29.8973681367869
134059,38.7885610888105
134060,35.1954038702906
134061,34.7988006517139
134062,30.4982756384352
134063,33.548090564981
134064,32.3888176265525
134065,46.0790720388315
134066,38.0428274451653
134067,36.8156250970454
134068,38.9000403216686
134069,37.4070351702292
134070,36.4353573689842
134071,56.5674493045258
134072,59.0357597317113
134073,37.3995779840231
134074,42.0542966179929
134075,41.9955832446253
134076,54.7875632357467
134077,235.650012880863
134078,397.699942398615
134079,376.192051730919
134080,62.0564435484888
134081,273.888279107336
134082,461.337575923449
134083,104.888170818134
134084,91.2282191961185
134085,108.468917223678
134086,54.4880548060184
134087,74.3786930656665
134088,103.725001238916
134089,55.0458717754959
134090,25.8962371125432
134091,37.4204577051261
134092,32.5346977613252
134093,36.8507398035813
134094,30.0875071072428
134095,50.0902939333556
134096,12.9473234647012
134097,29.2032606455565
134098,22.2793094651612
134099,28.1448103740689
134100,14.4276370436874
134101,42.1657513464884
134102,9.92288856538988
134103,25.1411755707421
134104,19.6495300798907
134105,24.549023089794
134106,12.2347904695918
134107,36.2212633029225
134108,7.3171226678667
134109,22.8459957059243
134110,19.2758275927089
134111,23.1849159485804
134112,8.59542290143783
134113,28.0244955877248
134114,6.79603887877522
134115,19.968130612356
134116,18.7578814628266
134117,21.7808892475406
134118,7.63491270317955
134119,22.8011790162619
134120,7.44812340991521
134121,17.6271981784164
134122,18.3876849825099
134123,17.9390061171434
134124,7.43968812012779
134125,24.185642410019
134126,9.3218608264545
134127,18.4697475872109
134128,18.1620530855203
134129,16.6308408792881
134130,8.00280206643594
134131,23.7084980442393
134132,8.76314652185567
134133,18.8882260023954
134134,18.668419418583
134135,17.3773104322875
134136,10.5908763111783
134137,29.5492199236354
134138,12.7536742792055
134139,20.5890197302279
134140,19.9808115654673
134141,20.1162298897757
134142,12.4121493346534
134143,35.1793084457885
134144,11.6197013925063
134145,21.323292686726
134146,20.6771815583012
134147,21.9005020069142
134148,13.9234933522576
134149,29.6719024804496
134150,14.1175837629744
134151,20.0540598406017
134152,20.4809209725158
134153,20.7765586864083
134154,12.6846969703753
134155,26.2788088040772
134156,12.5576184361219
134157,14.8607289178764
134158,17.1566809354577
134159,17.1436290685933
134160,12.5975106574198
134161,22.8461746415255
134162,12.1947540249082
134163,14.0706944461668
134164,16.6078349423041
134165,16.6735125483382
134166,12.9272387188283
134167,21.6627904370659
134168,15.1546011726354
134169,16.162164943493
134170,18.2727070934845
134171,18.8603231916192
134172,13.7097583185302
134173,22.5562499375138
134174,19.0001163358035
134175,19.2720271040968
134176,21.6781175102152
134177,24.1242741621773
134178,16.7010907261585
134179,27.3376211143986
134180,22.5880351516794
134181,24.5064144510754
134182,24.8410679295928
134183,29.8521456165468
134184,20.1357736324658
134185,37.3968192301095
134186,27.9188413248793
134187,31.768093132368
134188,26.5544702001805
134189,33.8924894128744
134190,26.0234994454858
134191,43.2636434800881
134192,32.6460801261364
134193,32.4403085308375
134194,27.8677001664765
134195,34.2274661033756
134196,27.8677714069902
134197,47.1673468000464
134198,37.4041297143921
134199,29.3872932369678
134200,26.3559561109515
134201,33.3596858301693
134202,32.7327905799346
134203,30.7766277250921
134204,40.1438565478268
134205,29.7481114028316
134206,30.9080489263256
134207,31.3402130455757
134208,37.3843639390236
134209,33.1779288380105
134210,41.9273398912029
134211,23.4552057804827
134212,32.8455031854862
134213,28.2011684610171
134214,37.3202923822703
134215,67.7452589313408
134216,71.8077017044649
134217,28.1340488899826
134218,32.9919932906377
134219,37.2461631060132
134220,54.0653305770202
134221,86.448549588961
134222,157.878476543174
134223,61.717580612879
134224,51.3447461464659
134225,50.601201499593
134226,166.86942517321
134227,49.8651335920708
134228,29.0494648952528
134229,36.8065480111886
134230,36.96709386807
134231,27.1099897727801
134232,33.6336620433508
134233,37.149874040293
134234,16.3908483065578
134235,30.2778091234746
134236,12.3804281466325
134237,27.6288444100102
134238,17.0320432734585
134239,29.6459058438589
134240,15.7593871464313
134241,25.4148009096169
134242,16.1210247534007
134243,22.3526695821181
134244,17.2153025560008
134245,25.56125059561
134246,12.5308039056418
134247,20.9162924518548
134248,14.0787690296791
134249,21.4946807599959
134250,13.1016620272536
134251,30.4835580429304
134252,14.0709900132263
134253,20.696388638217
134254,13.683223501878
134255,22.5055528423114
134256,14.8436658324957
134257,31.0605491711715
134258,13.8943564193232
134259,19.9660157699418
134260,15.8544390258519
134261,18.7379100094371
134262,14.1388935718847
134263,25.9831277154451
134264,13.0075233437351
134265,19.2460614664366
134266,16.3619329593565
134267,16.8177738988831
134268,12.735402622029
134269,25.5140661419279
134270,14.3565963854405
134271,19.5625031949254
134272,17.0207152742372
134273,18.2729923294224
134274,13.4432572734922
134275,29.1678853782138
134276,14.635142296557
134277,19.2171796394675
134278,17.8405715586114
134279,18.6887561142559
134280,13.4901603536523
134281,31.3979053867773
134282,14.7471050088833
134283,20.3875472453248
134284,19.0853344692537
134285,20.4229939134579
134286,15.1637209107475
134287,33.2191478822656
134288,14.8246403795784
134289,21.9132542470356
134290,20.5234309735857
134291,24.0485021890914
134292,16.1261476416917
134293,31.0712038285899
134294,15.2656308733034
134295,20.6555748282508
134296,20.3938142897285
134297,23.2210725297982
134298,16.8152943782628
134299,27.1403961018211
134300,14.9044270079056
134301,19.5302136314999
134302,19.1743869824498
134303,20.2426788451841
134304,16.7211565450506
134305,26.7717147324372
134306,15.9118630779268
134307,18.7748967330086
134308,18.1548511619538
134309,19.8325148830144
134310,17.0868161622737
134311,23.7337126515471
134312,16.7983471316279
134313,18.577268807723
134314,18.6067470586858
134315,20.7407884448143
134316,15.7135116354923
134317,20.734092448508
134318,18.5962180658244
134319,20.4410728564297
134320,20.0175848953946
134321,21.8225882738218
134322,16.7392001850638
134323,35.4719052712861
134324,24.9211467266345
134325,23.7075338194423
134326,21.2712936165708
134327,25.441575600336
134328,20.4640636362079
134329,36.5150868940982
134330,25.9781467781851
134331,27.2139731194655
134332,22.2337152212655
134333,29.8366889944694
134334,25.6686043548728
134335,40.9597153600011
134336,30.1556078104399
134337,25.6771033800799
134338,23.6194050238464
134339,34.8725733317558
134340,28.4507689526218
134341,41.6100090126494
134342,25.2575206401286
134343,24.5094468273149
134344,24.7607224978788
134345,38.2987791032237
134346,32.1183728317122
134347,48.6409702036214
134348,24.6864358294601
134349,22.2687528752667
134350,25.1468108831469
134351,45.7856456404827
134352,23.2084007601033
134353,52.9925095665149
134354,27.6542362154868
134355,23.1674140817324
134356,28.1378863307842
134357,39.7210664268774
134358,26.3139741613697
134359,89.7124089659588
134360,46.4160660918141
134361,24.6077719752636
134362,37.4792231182222
134363,56.5353632814447
134364,41.2854911606482
134365,78.7535051697459
134366,62.8249978372509
134367,23.1358781029175
134368,52.3565147031183
134369,78.7784747973215
134370,56.1053069112348
134371,56.0315318558096
134372,43.9876209030364
134373,32.5523787811769
134374,17.9669909832754
134375,39.9033382059316
134376,46.9486438117001
134377,60.0573212482373
134378,33.6072687353622
134379,34.4134571702978
134380,11.488658756811
134381,32.1275382656277
134382,29.1649774735478
134383,45.4121222516594
134384,25.4416646283236
134385,32.5948227145031
134386,13.3614789363153
134387,32.9995754285939
134388,25.1691901540282
134389,54.4622285823869
134390,25.5333493781681
134391,29.7266465376124
134392,12.7727419179329
134393,24.7313439605887
134394,30.3757409916047
134395,30.6588795184171
134396,29.9930582281903
134397,21.0284462814354
134398,14.6933046083793
134399,47.4818844788543
134400,31.69710201848
134401,29.517577768681
134402,29.9960460159005
134403,20.3104925134266
134404,13.8701573455255
134405,45.6255545651307
134406,31.2675233624806
134407,28.9586867261069
134408,29.5697906084705
134409,20.6031324018774
134410,13.1715684504858
134411,43.7284785050933
134412,30.9435116951823
134413,28.6369941345277
134414,29.8094385296744
134415,20.3360546024917
134416,13.5250375135092
134417,42.6401462155307
134418,31.0731292752854
134419,28.8415068339259
134420,29.9142108742551
134421,21.0196778041425
134422,13.5754293519059
134423,41.7965139112643
134424,31.45726148569
134425,29.8567457672647
134426,30.279918662049
134427,22.494374677419
134428,13.7868670119905
134429,40.9117061981698
134430,32.1033016642667
134431,29.8895500039075
134432,30.9133439959883
134433,23.0170261064628
134434,14.1262294757815
134435,40.5550991683309
134436,32.7980806844674
134437,28.577180845558
134438,31.2710915317913
134439,22.7564060470842
134440,14.2005131127824
134441,41.1081585816267
134442,33.0460459093673
134443,23.5766852492164
134444,30.2279239133386
134445,22.1697274253256
134446,14.195958210348
134447,41.8225504244933
134448,32.4537094282687
134449,11.2543654516059
134450,30.0002882417474
134451,22.386154845766
134452,15.0404396843696
134453,42.0621646892946
134454,30.467645617343
134455,7.87039501324158
134456,28.1719728935637
134457,22.1197918206641
134458,14.3229894931713
134459,43.3655719821623
134460,28.1163506422793
134461,6.03361053717957
134462,28.0406253492446
134463,21.7144877939867
134464,15.5702493029519
134465,44.5681672165056
134466,27.1317627663133
134467,4.97486573851206
134468,28.2888908693783
134469,23.3569843709181
134470,16.2859358004528
134471,48.5126878426573
134472,27.5958102191389
134473,3.75634798350221
134474,27.9917740692232
134475,23.898801320674
134476,16.3954767985892
134477,47.3469402257614
134478,27.090970778676
134479,2.94733008987114
134480,28.6104028354761
134481,24.3912001751043
134482,16.8265842331187
134483,48.4785942779912
134484,27.240016675227
134485,2.34230065414558
134486,29.2266107610712
134487,25.790733895075
134488,16.9327282798095
134489,52.3601057403342
134490,27.3431973637119
134491,3.14567337437634
134492,28.1890179531397
134493,25.8287461621956
134494,16.9295095955608
134495,53.4208848632153
134496,25.672688522744
134497,7.63349687770865
134498,31.9825804468829
134499,27.8756634292489
134500,16.9913254440953
134501,56.5242541066125
134502,30.2533614525298
134503,16.5358244507686
134504,35.5916855405068
134505,29.4812881972171
134506,17.045853052017
134507,58.5300266131421
134508,34.2203157122894
134509,35.9749768421909
134510,47.551259181888
134511,31.6515911745405
134512,17.0786557548672
134513,68.6338594089141
134514,42.1483010270446
134515,37.0594209048922
134516,47.5384166955273
134517,30.9406251500136
134518,17.0450597804719
134519,67.388477874966
134520,42.1477365575969
134521,33.5847272797228
134522,37.5976460013443
134523,28.0831555918981
134524,17.0031101580526
134525,55.8913401164159
134526,37.107572953361
134527,32.1387462395278
134528,36.9981749884976
134529,26.4464951480602
134530,17.0132824823851
134531,52.3360388516406
134532,37.0860695722551
134533,31.7927236095874
134534,34.6977836784898
134535,25.07865146281
134536,17.000348556789
134537,50.7903608428942
134538,33.635959599405
134539,82.2110919221079
134540,25.9328541125503
134541,25.8570010129239
134542,24.0105150083399
134543,29.7789918229959
134544,25.11046491168
134545,66.940050960491
134546,25.0114630453518
134547,24.6324666300359
134548,21.2839593159631
134549,24.8930094524466
134550,23.6243758050663
134551,61.7155117795659
134552,24.1004095567327
134553,24.0703843771048
134554,20.1829727849388
134555,23.2584626280065
134556,23.520146717548
134557,71.7859913899947
134558,22.870459760471
134559,24.1224828695587
134560,21.2208419455569
134561,24.1206050918165
134562,21.9728809682705
134563,68.6280089538443
134564,23.3360142425573
134565,23.7809356533349
134566,21.0948809836413
134567,22.4411933735951
134568,23.8433388006638
134569,60.0440552492615
134570,24.9789530271662
134571,23.6136707127109
134572,21.0663459435716
134573,22.9327334245773
134574,25.0118483622822
134575,56.8165884410516
134576,25.257948382386
134577,23.4743323926269
134578,20.7842954578369
134579,23.4163298104122
134580,26.0109683748025
134581,47.4924914020386
134582,24.31658398458
134583,22.089159901825
134584,20.4795828937024
134585,22.1934462728149
134586,25.6263746794108
134587,9.88831605522965
134588,22.4025769181462
134589,17.6699664148806
134590,8.02051742620067
134591,40.3501982098862
134592,22.5963733607635
134593,3.3470367916198
134594,18.7212237177404
134595,16.0537672979638
134596,4.48193915337591
134597,27.778142989595
134598,17.2919584421871
134599,1.36550109012504
134600,17.9617823431759
134601,15.5156031004154
134602,4.36590585317024
134603,25.3288714729687
134604,15.3857526457737
134605,0.466557224447776
134606,18.5177188127596
134607,15.5578234260885
134608,3.8316357896481
134609,25.5896344140804
134610,16.7131529068848
134611,-0.198450171619942
134612,20.6566889167116
134613,17.0018692479705
134614,4.81108901664766
134615,37.9474009408996
134616,19.7866100286235
134617,-0.414820944843452
134618,20.9248002542976
134619,17.7424053326421
134620,3.42471233398264
134621,40.68442672216
134622,20.0198646791016
134623,-0.280573594104983
134624,21.91202104486
134625,20.1857333461668
134626,3.87611392009426
134627,40.2170251987776
134628,20.8829246587496
134629,-0.391732163399677
134630,23.7745822728719
134631,21.9393586807331
134632,6.66953234462434
134633,40.2210055530904
134634,23.4839896806064
134635,0.495286103300032
134636,23.5218413038886
134637,22.9125204687528
134638,10.4345627142583
134639,40.4628535201107
134640,22.9157511091069
134641,5.07161451565144
134642,25.2049124285884
134643,24.8439015929374
134644,13.3869612087991
134645,45.2795982008221
134646,24.5181461114758
134647,11.264866710485
134648,31.4379033972505
134649,27.1030055766446
134650,15.6932224704422
134651,47.362337654625
134652,30.6381441987651
134653,35.5660639901392
134654,42.3393514989643
134655,32.0957115158183
134656,16.8933837885381
134657,53.4449634917494
134658,39.7961581982417
134659,31.4188397402722
134660,34.5907236985488
134661,29.4176481725184
134662,17.0264091359347
134663,53.739616729586
134664,34.7973100767115
134665,30.2338391644896
134666,31.7551437973071
134667,25.550132130761
134668,16.3562975610632
134669,49.7801885680856
134670,31.7261440834685
134671,29.2946563689938
134672,28.4738337586635
134673,23.2775585837451
134674,15.4053048293199
134675,47.8466755313713
134676,29.7055112958896
134677,26.4173687813076
134678,26.6426967602673
134679,21.7061502581354
134680,13.0542545152438
134681,46.4457005829762
134682,28.2029705817338
134683,23.1111453851603
134684,23.4081029059319
134685,20.2335781312111
134686,9.93135243398953
134687,47.0826043835586
134688,23.8005998764203
134689,21.9238475706062
134690,22.7638343352005
134691,18.1410721196425
134692,9.64520568937543
134693,45.6945073280162
134694,23.0743440709327
134695,22.0919849957493
134696,23.4656424742738
134697,17.80661878595
134698,9.11746498544912
134699,40.8562206183728
134700,23.3646506247517
134701,23.1379072436639
134702,23.5079712340969
134703,17.6530684139741
134704,8.412921470017
134705,38.3188825378886
134706,23.6490310847697
134707,24.6726013566629
134708,23.9257814369441
134709,17.9198417123994
134710,6.46789361801996
134711,38.522974226979
134712,23.805985555054
134713,25.4595797867421
134714,24.5110143698421
134715,18.5102210660742
134716,6.3723878323133
134717,38.1465299377911
134718,24.7442375671018
134719,26.6751337281201
134720,26.4747773822096
134721,21.3415981924895
134722,6.75851997678657
134723,37.6803382124181
134724,26.6942004928667
134725,24.6985948460412
134726,26.2632937536238
134727,20.5491612081978
134728,6.76238198254611
134729,37.6958439891475
134730,26.4844401375303
134731,8.09239860832675
134732,19.005149874017
134733,16.940831556992
134734,3.66262885437786
134735,25.7648391799369
134736,17.6161861319045
134737,2.90469069331142
134738,12.3808327748412
134739,11.1741182861079
134740,-1.02168596286968
134741,13.1631208098533
134742,8.63395172490024
134743,2.41355943202537
134744,11.8568482273831
134745,10.8139168005688
134746,-2.15059392380248
134747,13.1158969901691
134748,8.18584694223734
134749,2.25986447169487
134750,12.1526285997732
134751,11.2220928322479
134752,-2.20228597507306
134753,13.8819969299959
134754,8.48115625754332
134755,2.20274109183689
134756,14.4412617924703
134757,11.8269432005608
134758,-2.58344176075323
134759,14.1389196948697
134760,10.8567980007329
134761,1.11952222815572
134762,16.6557044306632
134763,14.6260418335521
134764,-1.8758677753152
134765,23.7068920120692
134766,13.593969604633
134767,-0.0970865651006747
134768,18.5888492856075
134769,16.0514903402306
134770,-1.86464525140349
134771,24.2694405523565
134772,17.4131359101637
134773,-1.5272431309635
134774,20.0325333654514
134775,18.2362004670248
134776,-1.27969695176141
134777,27.9701658421481
134778,19.2474174422122
134779,-2.24889325141586
134780,20.312710976523
134781,20.0948155943258
134782,1.54423734821241
134783,35.0418299690399
134784,19.4858488674292
134785,-0.420535463376943
134786,20.4531976355499
134787,19.8308480816648
134788,2.02706355769982
134789,37.9036823272171
134790,19.3584429221718
134791,4.32517408578917
134792,26.0423912734513
134793,23.950207563488
134794,9.73101354965459
134795,44.3702411531762
134796,25.8784777391456
134797,32.0773482953975
134798,35.7937251244273
134799,28.1799636505531
134800,12.6949565967201
134801,48.9494467355441
134802,35.9335999477479
134803,31.3879823642142
134804,30.4854479298448
134805,26.677135568099
134806,13.9705327506564
134807,46.3491973820277
134808,31.4678960949722
134809,28.5782693119275
134810,26.5676724797934
134811,23.5437821049346
134812,12.7873908803146
134813,43.8547285114609
134814,29.8640722851461
134815,23.5482366407629
134816,19.9253735695427
134817,19.1630741990979
134818,8.73444653502177
134819,42.7786838836848
134820,22.1457936090832
134821,20.6457400062642
134822,18.840390443598
134823,17.1223904987157
134824,6.41713573295289
134825,29.9564362648344
134826,20.3156296834745
134827,18.768882737654
134828,8.82398625471262
134829,15.9306554403887
134830,16.3050857210176
134831,17.2540960127752
134832,11.0992631287989
134833,17.2298713132597
134834,16.8054684553807
134835,15.6892293407221
134836,16.6685707288609
134837,16.7102541386429
134838,14.8235497985156
134839,16.5072908827218
134840,14.1394276316184
134841,15.0196882998758
134842,-0.961762603889795
134843,15.1451236528655
134844,14.0460463662371
134845,16.9010570651108
134846,15.2886017205771
134847,14.8325538793349
134848,-3.15465220747911
134849,15.2418006542847
134850,14.6702438042805
134851,17.5029649889928
134852,17.1251315765602
134853,14.7099798681885
134854,-3.8467885545063
134855,14.2173192313333
134856,15.5626746898238
134857,18.5696017634279
134858,18.3342339365474
134859,15.4366010083155
134860,-2.84395447035144
134861,21.8460146198983
134862,16.7848463296714
134863,21.9529314608776
134864,21.8586425193902
134865,16.514429169384
134866,-1.65496139402332
134867,26.0586707246588
134868,22.7161908160757
134869,20.9857064361335
134870,21.7008933530511
134871,15.7895442115045
134872,-1.78662570698062
134873,26.0702769049403
134874,22.2391276376369
134875,1.99266296878843
134876,14.3645181959831
134877,10.6549790997558
134878,-3.35263325970806
134879,13.1626862455411
134880,10.8322376196992
134881,0.118756243865
134882,5.33611129975774
134883,7.68337029944726
134884,-3.20488419552287
134885,11.2826384377549
134886,3.52518273165846
134887,-0.0964025173888956
134888,4.19707461596457
134889,7.54308132049684
134890,-3.19768203248192
134891,11.372552954214
134892,1.46071727965104
134893,-0.378871550633942
134894,7.23824889387521
134895,7.52835642894041
134896,-3.26747144196514
134897,11.5917070086382
134898,4.95679054451715
134899,2.30040945506908
134900,10.8369115479043
134901,8.18597020287363
134902,-3.39023305930915
134903,12.1311807407207
134904,7.43887552015934
134905,2.47855839453787
134906,12.2651280628247
134907,10.1603087701611
134908,-3.31609492469774
134909,13.1864105232381
134910,8.40068549028357
134911,1.52882928387885
134912,14.4672577303342
134913,11.3158066893506
134914,-3.39597261282233
134915,13.7631800604462
134916,10.7980618433642
134917,-1.68543002096853
134918,14.7360571300911
134919,11.4688887213559
134920,-3.65507901348129
134921,14.0625303524378
134922,11.0915931429906
134923,-4.07705949200818
134924,14.6121150243866
134925,12.2934921919432
134926,-3.84117685091377
134927,14.8805229786828
134928,10.9669203621304
134929,-2.69864562071816
134930,15.2904461362415
134931,15.0258912545521
134932,-2.89159699320443
134933,24.0393612643633
134934,12.80595710499
134935,0.356249559582068
134936,20.4348301244234
134937,20.7487334762306
134938,0.785269622888563
134939,40.8949081661971
134940,19.3015048783766
134941,31.0727921295379
134942,30.4283633630677
134943,25.5489943424011
134944,7.62485045404512
134945,44.3958383023765
134946,32.8463456016571
134947,31.4596850785976
134948,27.2780904883102
134949,24.6058141522917
134950,11.4196412690533
134951,43.8156794735895
134952,31.1633736683665
134953,28.67595608106
134954,24.5156490069071
134955,22.7012999142804
134956,8.91133802936163
134957,40.4156452569622
134958,28.6143077189504
134959,24.3168298879
134960,21.0588355954428
134961,18.3415153180551
134962,5.41992884568855
134963,38.4320005730428
134964,23.8424105174958
134965,21.0724194594003
134966,19.827131850628
134967,16.5378557921148
134968,3.5542665083982
134969,28.2134496373544
134970,21.8727204935961
134971,20.3772118700918
134972,12.1521439805506
134973,17.9861361114824
134974,17.1272708591245
134975,17.0904571848861
134976,11.5203210872213
134977,18.3404164992446
134978,14.6472145020696
134979,17.332013649824
134980,15.6755269949956
134981,17.1056035834152
134982,14.449018835996
134983,18.888874982646
134984,15.5648726061796
134985,17.3117237986354
134986,16.4626099859659
134987,17.1391875144171
134988,15.4289048794991
134989,19.7060499418299
134990,15.1507174892848
134991,17.2761294822352
134992,16.4394621133759
134993,17.3160591018286
134994,13.7430352734733
134995,20.5956513943283
134996,14.9902010178705
134997,17.6119012258048
134998,16.6261504031742
134999,17.3622471615166
135000,15.3482695903936
135001,22.0778451761394
135002,18.1834750673022
135003,19.5167304149525
135004,18.4509199047612
135005,18.7739452802602
135006,16.0608715640979
135007,21.5678542622649
135008,17.0016636457612
135009,21.2017197354908
135010,20.1571833315677
135011,20.2991769234468
135012,17.847603636097
135013,22.1250968165731
135014,16.0870956773523
135015,18.9057243058517
135016,20.2056749646902
135017,19.1776774644418
135018,16.1833177537524
135019,14.0367181411246
135020,10.9243034454651
135021,14.5774422519485
135022,15.9239991030879
135023,15.7315555175487
135024,10.8125328569114
135025,7.06936433237241
135026,11.1700993801403
135027,15.5185511053148
135028,17.2218470668872
135029,18.0715316652789
135030,11.4892252463492
135031,5.0278212753254
135032,13.4099656096613
135033,18.0953438483183
135034,19.2567439237762
135035,19.6822656520991
135036,13.1863754025636
135037,4.43035450127543
135038,15.6246008629996
135039,19.3625795218374
135040,21.0192964862138
135041,24.0859172949014
135042,15.1064935728275
135043,6.10022850988337
135044,17.7221138854478
135045,20.6695770249868
135046,21.4469623856335
135047,25.9269054631667
135048,17.8624722763377
135049,7.79553591272168
135050,21.3035676493988
135051,21.504337189217
135052,23.2935778154053
135053,26.4547482522
135054,20.8933341769508
135055,-0.174327993688387
135056,22.1135761276397
135057,22.7658991646471
135058,24.7457596654452
135059,25.5021204049027
135060,21.6262908665225
135061,-0.0788325140599113
135062,19.6344042596319
135063,20.2590130290982
135064,22.951528674443
135065,22.0678817411729
135066,19.1458703650599
135067,0.361541976529409
135068,15.8692123321816
135069,20.4415447021795
135070,14.2577163046345
135071,21.398924004397
135072,17.6821054112262
135073,0.899884970528337
135074,17.5089722203992
135075,22.1554127731503
135076,4.82020059107577
135077,20.5454052631722
135078,16.2686387287221
135079,19.4933671504328
135080,23.0615121333247
135081,28.8554466273835
135082,10.6291222301239
135083,24.1033173915804
135084,22.6098025465909
135085,38.3092948548974
135086,36.0605470470527
135087,43.1801531324542
135088,17.5256850105522
135089,27.1798568874847
135090,33.444240702053
135091,33.0919084920635
135092,19.8371672735465
135093,31.5425164595845
135094,25.6368638737439
135095,28.9369377344249
135096,21.4766959335499
135097,29.4189205476245
135098,16.048734423274
135099,26.3949500634538
135100,24.015205290882
135101,25.282202063994
135102,17.2001616550916
135103,25.710904429477
135104,13.2195178392959
135105,22.8374897393317
135106,21.664494453523
135107,22.613270086209
135108,13.7044470683378
135109,23.1825603198768
135110,10.7566991218673
135111,20.735239357515
135112,19.5793416268771
135113,19.5962792360424
135114,12.9696492000499
135115,21.1031818641741
135116,8.31051557434124
135117,18.5003551146819
135118,18.0123220836394
135119,17.5444204860338
135120,8.80222430943972
135121,18.317836907971
135122,8.62550948804697
135123,17.3528537899945
135124,16.519984219575
135125,16.97975695706
135126,8.8242971453817
135127,18.1457028345168
135128,7.63191652196928
135129,16.8356409850936
135130,15.6697554058536
135131,15.9426444643195
135132,8.44218235493803
135133,18.175913221656
135134,10.0313642394879
135135,16.7151836777501
135136,15.7848935252592
135137,16.3986059044582
135138,9.74238142961902
135139,19.4450112475434
135140,11.3729342300772
135141,16.7572645615685
135142,16.1494285114547
135143,16.2404193343556
135144,12.0049029014597
135145,20.5843538640651
135146,14.6429471646935
135147,17.5282481182719
135148,17.3676688418282
135149,17.8226619999767
135150,14.8059948430928
135151,24.0799627244527
135152,19.9981806491604
135153,22.4959309717966
135154,22.1842714655181
135155,22.7308587531076
135156,19.2585316844768
135157,23.2037881038591
135158,18.7653802803047
135159,21.8735562253139
135160,21.9031314164797
135161,21.8854932065323
135162,19.4406583615619
135163,17.6149164878989
135164,15.3683996612363
135165,15.6082699786689
135166,17.2127495225915
135167,15.8338331475707
135168,15.3214295324897
135169,16.0062942125502
135170,13.9547501849606
135171,15.8720180209211
135172,17.167134772803
135173,16.1677928256127
135174,14.0224973888554
135175,14.4313483597959
135176,15.6279512602833
135177,17.0972098497892
135178,17.9984162985302
135179,17.7919590844622
135180,15.2909249146205
135181,12.9621011205456
135182,16.853684816024
135183,18.6633926175402
135184,18.3800366938245
135185,21.7677513177176
135186,16.9781414934274
135187,14.8451133495612
135188,20.1281908631113
135189,21.4440757409111
135190,21.9294541989415
135191,25.1791239840296
135192,19.8757889604089
135193,13.3672949856564
135194,21.7519946382081
135195,25.7660933701703
135196,24.6598647120283
135197,27.5626924946975
135198,21.5898087392151
135199,4.59618839830467
135200,20.4166028342382
135201,22.5871748228217
135202,23.9168833607396
135203,25.8133561192791
135204,19.8266482914486
135205,-2.76773844437724
135206,15.7163940138131
135207,20.9750346293235
135208,24.515393946854
135209,23.7062542128749
135210,17.0886412919296
135211,-3.6671741619669
135212,15.8141521059472
135213,18.9728153378744
135214,0.229641871760467
135215,21.3030844083076
135216,16.2630301332505
135217,11.4494053165979
135218,16.0120137301292
135219,21.2555196773072
135220,20.3756456227969
135221,19.7174666682496
135222,19.4405400549774
135223,29.8496614892565
135224,27.1793897342341
135225,24.2068138238771
135226,21.7341934537428
135227,27.4118569930956
135228,24.3461576086843
135229,51.5691140267837
135230,45.6913619228347
135231,36.4324063604719
135232,29.7695062001875
135233,41.1040798531801
135234,43.9231048276672
135235,48.6552102395641
135236,25.7050776347448
135237,35.2131088104508
135238,26.1985136666131
135239,32.819784973396
135240,28.6102368880873
135241,46.1187273981107
135242,17.0180682422448
135243,29.1795004851002
135244,21.6816687863241
135245,29.0203477463425
135246,19.4614295538308
135247,34.5348156613247
135248,13.97211083069
135249,24.3157542482078
135250,19.3049654534942
135251,25.3792408248385
135252,15.4038130055424
135253,30.2446705061769
135254,13.0450512302452
135255,21.7630958771913
135256,19.4717750836008
135257,21.2601563510264
135258,12.6909950294724
135259,22.0165985842662
135260,20.8120405703346
135261,21.1604865145
135262,19.4930125959305
135263,20.1008649500932
135264,23.0972404433431
135265,21.1393040607793
135266,19.7990482477792
135267,19.6404766002377
135268,18.6239172535878
135269,18.3231542131901
135270,21.5878547089463
135271,21.3500633108694
135272,19.3532159435101
135273,19.9188209525074
135274,18.8308704343667
135275,19.2853736684766
135276,20.7336672824308
135277,21.0783143017481
135278,18.9039138611234
135279,18.9689137661625
135280,18.0758891683179
135281,18.2839211574688
135282,20.3474484122744
135283,21.3777636587892
135284,19.3811721059952
135285,19.5306891297176
135286,18.4125606076949
135287,18.4024464128836
135288,20.6644128917363
135289,21.777544351699
135290,20.8710558753264
135291,20.8310717886268
135292,18.8912303726418
135293,19.0497493577868
135294,22.617413871543
135295,23.2745488509319
135296,22.3179364324958
135297,20.763932307783
135298,20.2136423476274
135299,20.4734431986962
135300,23.8626631159211
135301,22.0249463649295
135302,22.1043176515844
135303,19.3213672074023
135304,19.3031387269821
135305,19.2937254103847
135306,23.6254385062612
135307,1.01183797230292
135308,15.342155123375
135309,14.2602040662367
135310,16.3261699104267
135311,15.8338143451068
135312,11.7293077973049
135313,2.2384252490356
135314,12.6153738789257
135315,15.3237738201183
135316,17.287017823969
135317,17.253250829963
135318,8.90691518752883
135319,0.289532334647962
135320,12.9680703225745
135321,16.9305341972082
135322,17.8815022113703
135323,17.8498024819107
135324,9.16805127457101
135325,-1.88484059588594
135326,12.3600392757522
135327,17.6367363306152
135328,17.8532123932814
135329,20.8487413428951
135330,9.06630650629643
135331,-5.47655804734991
135332,13.7907491735038
135333,18.2422003062913
135334,20.4992183810987
135335,22.7158620188478
135336,11.0037118794235
135337,-9.81918794261242
135338,17.447810729631
135339,18.7668915593821
135340,22.018563382926
135341,22.1940858438565
135342,17.4806258033909
135343,-11.5443960293984
135344,18.8782364607651
135345,19.407997808401
135346,23.4104774834703
135347,22.8056951979795
135348,20.0611390833132
135349,-11.569729914987
135350,18.6584051259447
135351,13.273764961768
135352,24.685710384311
135353,23.5342258107364
135354,19.8044892123086
135355,-10.5340449745175
135356,16.9209386547525
135357,16.1132865877918
135358,24.7321938390885
135359,22.3358759873239
135360,18.1087726255891
135361,-9.17091729162359
135362,17.5159844105015
135363,17.7770889026096
135364,20.1420098117485
135365,20.6185193279133
135366,18.1833142864076
135367,0.080703572369643
135368,22.9776554614794
135369,24.2998623939214
135370,14.303668163482
135371,19.3751932713299
135372,23.6836239551714
135373,30.5188637337978
135374,30.1539417507987
135375,32.4823940659268
135376,20.4977877836594
135377,27.9762618635961
135378,31.7171010541106
135379,30.3897149620116
135380,27.9837493286392
135381,32.7235173648922
135382,25.3353143532074
135383,27.6808527902416
135384,30.0488435708643
135385,28.7145487468357
135386,26.8217789223395
135387,25.2936893785856
135388,23.3325845572776
135389,24.8834647695005
135390,30.2385833604444
135391,25.6339671652481
135392,23.8020914866613
135393,23.4983292926958
135394,20.142875892432
135395,22.1304705225986
135396,27.241406101189
135397,24.1560464297409
135398,21.2326069397825
135399,21.058315135153
135400,19.5520760994515
135401,20.2162753643475
135402,23.2781530638268
135403,27.3613907099589
135404,13.9252660212186
135405,20.7422282203474
135406,17.9421936489245
135407,21.1468471028947
135408,13.5723139360508
135409,25.1994348609102
135410,16.35886087307
135411,18.9734852497291
135412,18.0665727167986
135413,20.2675711016414
135414,15.7037774541597
135415,23.98745917787
135416,14.3359201359321
135417,18.5129142069716
135418,17.2916961907841
135419,17.8235683741739
135420,11.2182195261496
135421,26.2812750321457
135422,16.4727327075658
135423,18.4458620480299
135424,16.8298944793498
135425,17.4658476716883
135426,16.3469945536406
135427,24.5094568313578
135428,14.7517937904256
135429,17.8649193617908
135430,16.5586022947624
135431,17.2371613976699
135432,16.5448109932061
135433,19.7736982917924
135434,17.656421575123
135435,17.8561510567663
135436,17.2727538321031
135437,17.5447195859934
135438,17.3450809279888
135439,20.4529515137792
135440,20.5602252055134
135441,19.1681435218615
135442,19.1327954982692
135443,18.9254042610738
135444,19.24527320161
135445,21.359879451135
135446,19.889672854602
135447,17.8042355432443
135448,18.8544490383334
135449,17.741250741477
135450,18.5862125749065
135451,23.8933495814244
135452,14.4878178944074
135453,13.4172548742938
135454,15.7033132237679
135455,14.5767255535109
135456,14.5664155907352
135457,18.1301572633973
135458,14.527331016429
135459,14.4530113620379
135460,17.3595359485954
135461,15.6754509164921
135462,14.3206666010077
135463,12.1553418663842
135464,14.4046934383265
135465,15.6356742972038
135466,18.0526610198182
135467,17.3956870709956
135468,14.4425579099683
135469,4.72064929192039
135470,15.467548830899
135471,16.2059142382569
135472,19.458423549722
135473,19.5369929980342
135474,16.3883029646511
135475,10.2031185884124
135476,14.7774693545045
135477,17.6924052592586
135478,18.6802642724169
135479,20.697865335018
135480,15.151571142549
135481,7.09315960927709
135482,15.6102980373714
135483,18.5925400378244
135484,20.9731876181869
135485,21.2871373596328
135486,14.6770310032966
135487,8.1241449859934
135488,16.8212107896625
135489,20.6018911161991
135490,8.50594778504163
135491,20.4254451581516
135492,14.8145689537152
135493,12.5216186481448
135494,16.280348290105
135495,18.3211252305837
135496,23.6574353862277
135497,21.8782550390655
135498,14.714591072792
135499,10.9169162332111
135500,16.715136509139
135501,18.7308388866935
135502,20.8676312890628
135503,22.2768660346436
135504,15.9368644265064
135505,19.6933961689334
135506,15.6030881594711
135507,19.4995675422207
135508,21.1768824633236
135509,22.9654967126226
135510,15.5791941626159
135511,27.8381365277723
135512,19.1350773329655
135513,25.3240591173999
135514,25.7421512669241
135515,14.9937373802722
135516,19.0587019629325
135517,39.8801975958362
135518,24.3268969825728
135519,30.0840258187956
135520,29.1502902617725
135521,35.1831577966403
135522,21.3393982652289
135523,36.8555980687747
135524,19.3305082964217
135525,28.2922463009263
135526,28.2961213617207
135527,28.4641896843669
135528,18.4457936169324
135529,32.4786276336167
135530,18.883748936426
135531,25.2575363419541
135532,23.0752396130255
135533,25.5225834101369
135534,18.6802253274774
135535,27.4009192430342
135536,15.8720441479294
135537,23.0104462140508
135538,20.6949689971036
135539,22.5615512558451
135540,15.7613507681624
135541,25.3485782806153
135542,14.965623164216
135543,21.0600733417236
135544,19.4899511752922
135545,21.1745183721873
135546,14.567910532933
135547,24.1395344655792
135548,14.0771607894977
135549,19.9269594258107
135550,18.4738674979737
135551,19.9364500876676
135552,14.320584653435
135553,22.9477894826372
135554,15.5054611201292
135555,19.9358436135697
135556,18.2786439850137
135557,18.273056205205
135558,14.8163925198957
135559,24.3182684593199
135560,16.4991520078753
135561,19.8337892085603
135562,17.8231488954736
135563,19.204210532011
135564,17.0259837567439
135565,18.4760253939613
135566,17.7388141370848
135567,19.1964647243201
135568,16.8156461799168
135569,18.345643850465
135570,17.95618817979
135571,23.8606971035978
135572,19.7289925032206
135573,18.9000203982835
135574,16.8610307806561
135575,17.7709770823792
135576,18.0333525211041
135577,29.4811968609322
135578,19.0898762695949
135579,17.972080776631
135580,17.0159611742309
135581,18.0847345580191
135582,19.2038679003344
135583,36.7198828998609
135584,19.3677785458368
135585,18.1430451920322
135586,17.5349804628466
135587,18.1831808464844
135588,19.939769850778
135589,26.995502763055
135590,19.3197485716292
135591,17.9502535380211
135592,17.577580980134
135593,18.2906855069217
135594,19.2600933247072
135595,25.0000038269058
135596,19.6378968246444
135597,18.5562202394718
135598,16.2736552349215
135599,15.0830909891653
135600,17.1547593573342
135601,19.9820575854349
135602,16.7058565865611
135603,14.5678244037129
135604,16.4884946360549
135605,15.6572520227358
135606,15.9054060029279
135607,1.26554300098796
135608,17.0009623315228
135609,16.2410966701439
135610,17.6717194882712
135611,16.1261148625806
135612,16.1932727073358
135613,-0.74216785568002
135614,20.3425948047172
135615,19.1745605826137
135616,17.0662257807893
135617,14.7031724897127
135618,18.4792461681202
135619,-1.54374275711259
135620,20.8074686556054
135621,20.2207664195966
135622,19.2326327425132
135623,16.390484459012
135624,19.3911189153224
135625,8.67429715493093
135626,19.2386656639702
135627,21.3004756408121
135628,20.5353758828095
135629,19.1338228222716
135630,19.7809205627421
135631,20.5836705220082
135632,23.3255819724887
135633,22.0427519131602
135634,21.317407012223
135635,21.1933015365141
135636,22.5164391969998
135637,30.5966090857565
135638,26.9906455392464
135639,25.3856421795599
135640,24.95834807197
135641,26.7871043194277
135642,27.4671471709347
135643,35.4148492602191
135644,31.8600374573353
135645,27.1796227700253
135646,26.174310620484
135647,28.3192632600875
135648,25.1659859762083
135649,37.0137179894784
135650,31.8882317649549
135651,28.4564399678673
135652,22.8741119816005
135653,30.0985175929096
135654,19.6965234295112
135655,45.0511835052111
135656,32.9359926448223
135657,33.9531595685558
135658,30.413906299879
135659,32.0217232677426
135660,38.0311347743499
135661,47.3194219937194
135662,51.0158929516739
135663,50.5580598079048
135664,18.7630233248763
135665,39.8053497716371
135666,53.0145245211463
135667,35.7925079003529
135668,44.021425159748
135669,43.6862613307131
135670,27.7745149030111
135671,33.4183719357634
135672,44.114417907099
135673,59.2106978891664
135674,29.1502380368275
135675,32.7900286754277
135676,23.9430739647956
135677,30.4715686263565
135678,31.2415016348378
135679,55.5183907757476
135680,25.2214731141857
135681,29.6561041161631
135682,26.0646908061185
135683,27.5087763752737
135684,24.4914819399194
135685,52.352449187311
135686,24.5183692427619
135687,26.425960124949
135688,21.0258449326634
135689,24.198533643554
135690,23.8322238580117
135691,25.530939357447
135692,20.2475542276261
135693,22.9752003557504
135694,20.4773298232366
135695,22.9727233689208
135696,18.1970017435376
135697,23.5691483898066
135698,18.403517321037
135699,22.092715117453
135700,20.8724666277462
135701,21.5531059849773
135702,18.7038527316171
135703,26.1705781055374
135704,19.9048155320255
135705,21.3566272521928
135706,20.0416243659428
135707,20.4984939994214
135708,18.8619885560791
135709,25.1095682260113
135710,18.5711161805475
135711,22.2417212480722
135712,19.8979711575587
135713,21.1019209947748
135714,20.8665816819912
135715,31.3246379921523
135716,22.0554774948681
135717,22.5451152699386
135718,20.1505087505664
135719,21.1830902550452
135720,20.5666880338777
135721,23.4935457223413
135722,20.253469844361
135723,23.3284740657661
135724,20.871857146918
135725,22.1646906063924
135726,22.9037806460827
135727,31.9398993813108
135728,22.8155928495006
135729,24.3106666325256
135730,21.692639227007
135731,25.1232758176044
135732,24.0003303453201
135733,32.9376847719181
135734,23.7475767591478
135735,23.0945277706846
135736,22.1285173740977
135737,23.4982480249295
135738,24.1082456293418
135739,21.0342828581269
135740,19.6853166279514
135741,17.9487072650292
135742,18.877392782455
135743,18.6483594389981
135744,18.2906605134366
135745,13.6929172941681
135746,17.8884638153851
135747,16.9541036883686
135748,17.8337807933506
135749,17.5558613618344
135750,16.9922885250799
135751,9.83835550611449
135752,18.9753760225152
135753,18.2335386755216
135754,18.8952192114384
135755,19.7161864905085
135756,18.3131466470181
135757,7.73779860036838
135758,19.7376985001425
135759,20.6304846714079
135760,19.8647155384732
135761,22.8017429026115
135762,18.815645716891
135763,10.0223661992912
135764,21.6823003309073
135765,24.4180772418147
135766,21.763284861894
135767,25.3367105430229
135768,21.371097812994
135769,16.3514640227913
135770,26.6859593120397
135771,29.5713275290421
135772,25.5644486626422
135773,28.0254942047132
135774,27.1148647974891
135775,22.7893890995884
135776,28.1557380883998
135777,28.7475475713411
135778,26.4226044123427
135779,30.8923135659738
135780,28.4386358550674
135781,24.9943830188383
135782,29.5827115140513
135783,29.1948924037624
135784,29.899486620731
135785,30.9818628810241
135786,30.7351897175525
135787,25.0817450894028
135788,33.8369977382765
135789,26.1711373872094
135790,28.0383188016313
135791,26.528424235009
135792,31.9955071119441
135793,29.0145486209818
135794,32.2998535846177
135795,26.3694069599404
135796,27.188839649719
135797,26.800375869043
135798,31.0597879943051
135799,41.2123165893078
135800,46.5034671199954
135801,30.7565487970704
135802,22.1253553378741
135803,31.9712892029609
135804,38.1868706814782
135805,54.262965475066
135806,48.2417124675542
135807,46.5794106565408
135808,28.7156393314844
135809,49.3854041396875
135810,49.8350825267131
135811,51.5937166320621
135812,38.7496619765758
135813,36.9658460355292
135814,35.0283450622195
135815,43.1754151743232
135816,38.5595180627766
135817,41.8991059846983
135818,22.9847114171271
135819,30.545138990148
135820,28.365756246225
135821,35.3306483139719
135822,21.6946612100637
135823,35.1865407089605
135824,15.4273714445347
135825,25.9866904542561
135826,25.6433236169687
135827,27.8587854627995
135828,17.1149097111552
135829,31.4243658377225
135830,15.3235292762896
135831,23.2132370946276
135832,23.0006523328761
135833,23.6542785414804
135834,15.6463924038301
135835,23.450012809387
135836,13.9963083274934
135837,21.8666352031414
135838,21.710805036835
135839,21.7847046544379
135840,14.0702241698844
135841,25.085786061674
135842,14.5758848914008
135843,20.6587334428786
135844,20.5816507840055
135845,21.3021710433114
135846,14.6613872861174
135847,26.9325941052375
135848,14.4657261254113
135849,19.9306561900306
135850,19.609700786192
135851,20.1145960879985
135852,14.9940463644112
135853,20.6448428303356
135854,14.7961245051811
135855,19.6007960610123
135856,19.2199286485822
135857,20.0204520249555
135858,15.8842355417804
135859,21.2939485040425
135860,15.210416789847
135861,19.5067202557106
135862,19.9658810209221
135863,20.5476613565805
135864,15.0361134210741
135865,29.5996650616239
135866,16.5084247981353
135867,20.1901424417293
135868,20.8885812659469
135869,21.3698668703006
135870,17.0839261144715
135871,36.4193015491611
135872,20.9593639214228
135873,22.997118131667
135874,22.4557734489568
135875,23.3277116440535
135876,21.3860857571557
135877,32.992893961099
135878,23.1256140141203
135879,22.091673355877
135880,22.6865606062656
135881,22.638471659394
135882,21.9767839070286
135883,25.9423915204021
135884,17.2086558972087
135885,16.7703366796308
135886,18.3015104014705
135887,17.8622968867213
135888,16.5963629835283
135889,23.0613825800593
135890,15.2525265179919
135891,16.2952959851327
135892,16.8843749454863
135893,17.4709418483724
135894,15.3470303222416
135895,20.5151162172899
135896,16.7310542254183
135897,17.6827780237752
135898,17.8654008870675
135899,20.5364806909526
135900,16.1030521023442
135901,21.2131615912057
135902,19.0944329892976
135903,19.7407534787242
135904,19.9518400541637
135905,23.789139194641
135906,18.4711713123409
135907,20.9661465261566
135908,22.298430195362
135909,24.895152305958
135910,23.1033735843911
135911,26.66021354061
135912,21.705396279322
135913,24.262505052582
135914,24.6672663343062
135915,27.0155554201601
135916,25.897711802354
135917,31.1848726442261
135918,27.2129335033933
135919,27.6563013527459
135920,25.6075584818309
135921,30.9092912734821
135922,27.4308153797866
135923,31.3399870561257
135924,27.0592864826409
135925,31.1524469804811
135926,26.7582470523421
135927,31.0997169491394
135928,28.1126342391273
135929,30.9508349861033
135930,30.6045867450345
135931,34.1617468703541
135932,32.7891383771824
135933,29.3402044518775
135934,27.3021132556624
135935,34.3267015500813
135936,33.9514815278447
135937,36.3102476421436
135938,33.1425298876717
135939,27.6493402734028
135940,30.3460499313149
135941,36.8433276001272
135942,34.8775180238744
135943,56.3300995251613
135944,62.1614407177636
135945,37.8021561254823
135946,40.5772615792441
135947,55.0419563018806
135948,68.0210271184342
135949,83.8905763780741
135950,88.3880087888811
135951,58.5120847971161
135952,57.3891420312274
135953,101.545527312952
135954,107.242531699612
135955,62.705625100138
135956,50.0264745714485
135957,51.7860307626537
135958,42.1946168761863
135959,55.0521827186457
135960,58.3830990370416
135961,54.5931927243221
135962,26.5344982656523
135963,36.5863056030156
135964,28.460748836504
135965,37.7143151224853
135966,31.057103073005
135967,51.9616471324369
135968,18.7834414867487
135969,29.1760713684305
135970,27.0319221141249
135971,31.3249177788037
135972,21.0763933049733
135973,47.5049760378496
135974,18.8872935610785
135975,27.0648669945526
135976,27.75233091216
135977,29.2359290482308
135978,22.9856925651593
135979,33.3957234044184
135980,12.5211645476618
135981,22.1705121034943
135982,22.0553296919557
135983,22.8942984832155
135984,13.8657168842803
135985,30.3312320837117
135986,11.9962383599672
135987,20.8028391015523
135988,21.2340671929976
135989,21.5691912884158
135990,12.0756930271468
135991,31.0896742583409
135992,10.5401123936897
135993,20.1587483684689
135994,20.157269775236
135995,20.7696355578449
135996,11.6120547212756
135997,28.5999360032267
135998,10.8009291267325
135999,19.6013546473869
136000,19.7005523240065
136001,20.1573292099105
136002,11.2764035653605
136003,23.3490444141968
136004,11.1356745161567
136005,18.8594253850124
136006,19.2173616938999
136007,18.8542145586153
136008,11.0884677034668
136009,32.9864830489208
136010,14.1198304640051
136011,21.231657452034
136012,20.2928093954163
136013,20.7688254450986
136014,17.0452156038713
136015,42.6072840362171
136016,20.5734679433751
136017,23.4350142914301
136018,21.7285534421631
136019,22.9748924629232
136020,20.6541647134463
136021,41.2989472210831
136022,23.2773550816852
136023,22.0955607590157
136024,21.8008314351229
136025,22.4409535882764
136026,22.6785071262777
136027,26.5244051229405
136028,17.8904271970442
136029,17.2488746121109
136030,18.4770978911823
136031,17.924115337128
136032,18.2291415532455
136033,21.0372784552476
136034,18.34094218921
136035,17.0977155042978
136036,18.0446797651183
136037,18.274629711485
136038,18.3413998810816
136039,23.6307983647104
136040,18.537087448381
136041,19.5077168747067
136042,18.8795551200973
136043,19.9175148393081
136044,18.2967221634594
136045,18.3649783835783
136046,17.3887885364865
136047,20.2025614046993
136048,19.4295184311264
136049,22.8972107177273
136050,17.8935474657533
136051,21.3877361231171
136052,18.8729990834483
136053,23.9433017366744
136054,21.1246658948675
136055,25.2815851659747
136056,18.7885556196036
136057,17.1453703204464
136058,21.5492151069381
136059,27.7653639702683
136060,23.9361344787887
136061,27.8247704439258
136062,23.5213323797554
136063,17.1234617213164
136064,25.65424524408
136065,29.2814511399313
136066,25.7294402104778
136067,27.9746540897528
136068,27.2265675633538
136069,28.6190711015042
136070,30.427366895514
136071,29.4874342475559
136072,25.2613076154937
136073,32.1917512873137
136074,31.3249406275323
136075,29.7642294415675
136076,32.7974783077339
136077,25.7938432129939
136078,31.4353862616955
136079,34.0090943388637
136080,42.1675943626112
136081,35.1337916223842
136082,42.7228809768121
136083,30.1983222741298
136084,30.1722663913103
136085,34.5649394479106
136086,34.4202362774063
136087,46.8847811008328
136088,49.5626332023365
136089,31.7244184463419
136090,38.6215723499427
136091,61.2727730717083
136092,49.7903514779312
136093,93.4419935311936
136094,71.732049112322
136095,44.1479941837927
136096,32.3420649649757
136097,90.7108749370776
136098,70.8642169039462
136099,62.0845399057639
136100,38.4656647212014
136101,52.8852467534937
136102,23.664926584873
136103,54.4384641303915
136104,39.6031943753727
136105,47.1047602557109
136106,22.6147205603926
136107,33.460280450722
136108,29.8267605691124
136109,37.246401570554
136110,25.0690141351238
136111,37.7507514141148
136112,20.1557594813049
136113,26.6162221703573
136114,27.8647699013082
136115,27.361182013478
136116,15.8758040588253
136117,38.3178821629486
136118,22.1139456748352
136119,24.0163281923853
136120,21.5377298461133
136121,24.0675552989133
136122,17.5361066455063
136123,26.0700762772935
136124,8.69634720470773
136125,21.6999696022819
136126,20.5982013345081
136127,20.8358769478543
136128,10.3341910892682
136129,29.3055557596337
136130,10.7470715108196
136131,20.3833920508937
136132,19.3548152351296
136133,19.8708061394224
136134,14.8588677344128
136135,25.3825169775194
136136,15.7637043893351
136137,19.7308725858143
136138,19.0037450836028
136139,19.6771301364514
136140,17.7853777499024
136141,22.7896227402933
136142,12.3982078113692
136143,18.9313210840287
136144,18.1914298889476
136145,18.8187771755064
136146,14.501060642687
136147,20.1662621229106
136148,13.9851902787564
136149,19.0422738655833
136150,18.1042415694303
136151,18.5977637326985
136152,14.7676761509059
136153,21.2188656072125
136154,16.682153716456
136155,19.935303947791
136156,19.5839454060826
136157,19.6875271221365
136158,16.9972128019159
136159,28.0751339195952
136160,21.408829031798
136161,23.7396335777639
136162,21.2017183809937
136163,21.811328697179
136164,21.3481640960516
136165,37.6766752057708
136166,25.741347582233
136167,25.0081376928628
136168,21.7021671216956
136169,23.4170709658361
136170,26.0893768673872
136171,22.5593344650669
136172,20.1069441342371
136173,19.0830633396223
136174,19.6154924492076
136175,18.7718678931602
136176,20.0040048401973
136177,19.5318611165979
136178,18.615971654029
136179,18.4905802424504
136180,18.7493329247691
136181,18.2062694820495
136182,17.7977092995204
136183,20.1867546915461
136184,20.2266587680312
136185,18.6723948791031
136186,19.1857517550531
136187,19.7304568616812
136188,18.5069987612376
136189,19.344381111666
136190,20.355224074069
136191,20.2628514107224
136192,19.4369987327117
136193,21.2664288436962
136194,20.1663257645299
136195,18.663481043956
136196,22.8453496017233
136197,24.4656211464435
136198,21.2017226713261
136199,23.5854831255564
136200,22.856851417503
136201,20.7710706520359
136202,25.9376724140098
136203,28.311832563195
136204,24.2453070667936
136205,27.501560340068
136206,27.7685320661884
136207,23.1688496132586
136208,26.5100268634339
136209,28.2321743712881
136210,24.9922623800063
136211,27.3943638401062
136212,27.7656792996372
136213,27.2250273596077
136214,31.4915084882661
136215,30.5010165582788
136216,25.5549489945099
136217,31.0997053536957
136218,34.1301542388855
136219,30.9206133426481
136220,38.3179802872542
136221,27.42035304701
136222,25.1436311320279
136223,32.804486796595
136224,35.7207065947923
136225,38.6763671589743
136226,49.1852300205405
136227,27.5191650021013
136228,28.043045667235
136229,36.0658614623176
136230,39.5242359849787
136231,51.0990613353981
136232,74.0749963113875
136233,34.0701825694927
136234,34.4519558754422
136235,55.5563340912912
136236,67.6641684579555
136237,89.1834296313573
136238,114.208852411988
136239,57.2793265662899
136240,57.6653277130943
136241,69.1777234291372
136242,105.049957551295
136243,63.7155569829285
136244,55.1197634687417
136245,52.3190680880391
136246,43.8113601777367
136247,49.5557696735427
136248,41.9717335636836
136249,55.9406544413155
136250,31.431461986246
136251,35.684468471302
136252,31.5138839721817
136253,37.2781879125222
136254,33.5170009621966
136255,53.7372883703168
136256,24.9346784514331
136257,30.4897234710719
136258,27.5109556690273
136259,31.7771883630409
136260,26.6911753181892
136261,52.1981905408989
136262,27.9867983143817
136263,28.6198006395588
136264,27.6703844937939
136265,28.8495354604367
136266,23.6911539967723
136267,51.0187121290469
136268,22.8320972140922
136269,26.8723472888431
136270,22.6609947475559
136271,25.9726973491267
136272,22.8815176049561
136273,55.7461752525558
136274,20.3663728015649
136275,26.1167707841367
136276,21.8116004766175
136277,24.9368841444305
136278,22.4438745811187
136279,51.6754332113036
136280,24.8991183978258
136281,26.1012873207043
136282,21.5528382407607
136283,24.0769149476018
136284,24.1862121883956
136285,44.678583146981
136286,24.2318811331053
136287,26.1710305844431
136288,21.3649339554968
136289,23.2146710562457
136290,20.9727727129895
136291,47.8942546826186
136292,24.4960836510395
136293,25.8000473009054
136294,21.2860407582545
136295,22.9749841003195
136296,24.4047581809275
136297,60.4043413415283
136298,27.0270957062569
136299,26.1310939128883
136300,21.5284537592661
136301,23.474735809282
136302,25.8284876268413
136303,61.8498944530907
136304,26.6975287959569
136305,26.9140393766751
136306,23.15584098961
136307,25.3667793826957
136308,28.3745358710059
136309,55.6718765613572
136310,26.6400816291568
136311,24.6661023767665
136312,23.4046763978989
136313,24.3240829133144
136314,27.4308136540163
136315,24.1902950125194
136316,21.2280540649224
136317,19.254121550916
136318,19.6477940436615
136319,18.7981280335315
136320,21.1167786786375
136321,18.6049354295014
136322,19.8287976104176
136323,17.2393611559342
136324,18.6192529926063
136325,17.4320765629967
136326,19.1070878156939
136327,19.6210831861928
136328,20.1786048965388
136329,17.7129202187071
136330,18.7371730888085
136331,19.7381620054525
136332,18.9678856570515
136333,18.7641698781422
136334,21.3814052244695
136335,19.7199387517455
136336,20.0821936897721
136337,22.828829608875
136338,20.9115942707566
136339,19.1686235047894
136340,23.0720890222663
136341,24.4160901822918
136342,21.8992714270734
136343,24.9432620741978
136344,23.1648921631939
136345,23.3015389495906
136346,25.8562523948485
136347,28.6222625801436
136348,25.1089077551396
136349,26.9418126359557
136350,27.4149052202905
136351,25.0619293804576
136352,27.4323168438936
136353,30.383054771268
136354,26.9020715476162
136355,28.6851826689194
136356,29.1590966651198
136357,28.1155989099276
136358,28.5809948681479
136359,30.3660128831202
136360,28.3776918663051
136361,30.1349386341104
136362,32.3051886993563
136363,29.2090930779456
136364,29.6946462741238
136365,31.9044580728007
136366,28.2922735708959
136367,30.3042909678807
136368,36.632701339468
136369,29.3536357166387
136370,31.533563547219
136371,30.4468664743245
136372,29.3399260948206
136373,27.8848856680377
136374,29.8609786141252
136375,57.0087518852807
136376,36.4396118738569
136377,36.343809277733
136378,42.4790480150718
136379,50.3029701238286
136380,39.6116700528767
136381,73.1844321485663
136382,39.0147988687077
136383,43.7030895519378
136384,23.9568045915172
136385,48.1677021610883
136386,52.2414145206488
136387,57.379971484978
136388,24.7613071332547
136389,37.129872401137
136390,28.2682330164546
136391,40.6646513411437
136392,24.5845264129666
136393,51.6168622436451
136394,14.0896026039994
136395,27.8095212063046
136396,25.0824431744847
136397,29.6306591923474
136398,16.4935360088956
136399,40.3564894429032
136400,11.4874983947105
136401,24.9165533094045
136402,22.7199910238322
136403,25.0167690657882
136404,16.6081264675363
136405,34.2627065433018
136406,11.1255905335789
136407,23.1822059936686
136408,21.2219756675413
136409,23.3860724606486
136410,12.2878900047062
136411,30.0716976996214
136412,16.2703686452415
136413,22.3964406194072
136414,20.3271597205761
136415,21.5418178581582
136416,17.0388144602548
136417,29.5061739496475
136418,10.9794116654778
136419,21.1369575663335
136420,18.9527283769768
136421,19.9298029641045
136422,12.6354757241327
136423,27.6461170053355
136424,13.5043722877255
136425,20.6428190765838
136426,18.8730990562239
136427,19.2573689636507
136428,13.8254846421056
136429,25.4574741597914
136430,14.8366912537973
136431,19.7602995420753
136432,18.5979701625493
136433,18.9715872741161
136434,12.1738138755449
136435,26.1806340589318
136436,15.5520496140207
136437,19.3719867377889
136438,18.3842802277202
136439,18.9122108662963
136440,15.001016071444
136441,26.3249262214605
136442,16.3237411654917
136443,19.2986596701275
136444,18.754666706915
136445,19.4165041455278
136446,14.8094302499005
136447,32.7198663760846
136448,17.8221286822462
136449,20.3740454387012
136450,19.9722047590088
136451,20.6859697283861
136452,17.3580752056808
136453,39.124388328558
136454,17.3989960651764
136455,21.5027590289358
136456,20.7575699325843
136457,21.0022270137821
136458,16.939839632124
136459,26.1267488209807
136460,15.7900961439839
136461,15.887531009832
136462,18.535820747797
136463,17.317686973044
136464,14.8040075324453
136465,25.9637038175358
136466,15.4158449973377
136467,15.3304177323828
136468,16.6732567858835
136469,18.1074835083785
136470,16.1477048869539
136471,22.9263021443573
136472,16.7325964213621
136473,17.2578455620102
136474,17.2680257601733
136475,19.4869909255582
136476,16.6603286369098
136477,20.4231719151856
136478,16.2342814044514
136479,19.7107484725585
136480,19.1722272645989
136481,21.6434375927806
136482,16.2248847604332
136483,20.1512381684827
136484,17.7210296593351
136485,20.8817893639585
136486,21.095600396125
136487,23.3503824583515
136488,17.9837199949117
136489,22.2482286682438
136490,18.7171820586663
136491,24.4211982650947
136492,23.1605284298842
136493,24.0756296619609
136494,20.6922673725239
136495,22.4520161302575
136496,17.0816882358749
136497,27.0298721404238
136498,24.8518359247589
136499,25.6565914129285
136500,20.3220999173475
136501,28.0962876236942
136502,19.2429690665179
136503,27.8909671103971
136504,25.7065189911587
136505,28.1230838468332
136506,22.5037406929593
136507,32.2000966177274
136508,21.8745163272855
136509,28.8139732342194
136510,25.8506573625826
136511,29.4768416175578
136512,19.829229581307
136513,31.9014121292944
136514,21.969574444696
136515,31.136783339983
136516,26.1087280935542
136517,29.4176796939588
136518,20.6992202733012
136519,51.9062320948671
136520,37.3692831673096
136521,25.6582682730316
136522,30.2615656229498
136523,37.6458606276344
136524,23.7563931369651
136525,67.5371543576402
136526,33.9336369429619
136527,33.8382813426565
136528,26.2763866435633
136529,47.6147088892961
136530,36.0279548846847
136531,44.9511256749157
136532,23.3983718107408
136533,33.3731521833786
136534,25.4578818584065
136535,32.7132298151754
136536,22.1260838088084
136537,40.6692057082651
136538,17.0551891340186
136539,27.98219188368
136540,23.4256445748481
136541,26.8158464958878
136542,16.5395252827879
136543,26.9552656902001
136544,14.2541392069568
136545,24.5205642997524
136546,20.1379177974011
136547,23.8989122444267
136548,18.1166368180716
136549,24.3782570958927
136550,10.8260263190419
136551,22.5068249794053
136552,18.8645424057576
136553,22.755700994294
136554,12.3718232889885
136555,25.5780350809987
136556,13.5161825875299
136557,22.5736157650238
136558,19.8590522114693
136559,21.6947768182846
136560,13.5928373765726
136561,25.0211676074231
136562,17.9258086535101
136563,21.3632562916063
136564,18.9903684348881
136565,19.9123875303419
136566,18.8320309124068
136567,26.0251033327678
136568,19.9212467959153
136569,21.3760490504288
136570,18.7383588782331
136571,19.7085264119151
136572,18.5945280101074
136573,24.8751428905043
136574,18.9685384747778
136575,19.8122834185298
136576,18.1896360884164
136577,19.260624208044
136578,21.4801948052539
136579,23.7927510742105
136580,21.4111505504458
136581,19.2920650356346
136582,17.4907411144836
136583,18.7911365066819
136584,20.626260331347
136585,22.0762664638798
136586,20.5397081241018
136587,19.4814882141166
136588,17.9550830582826
136589,19.643904741722
136590,21.4710204526089
136591,24.2000839715046
136592,21.6013769198778
136593,20.028098511405
136594,18.4778343698828
136595,20.498459305282
136596,26.8214831009326
136597,25.2619233697387
136598,20.4456608516593
136599,18.847491074839
136600,18.430640807271
136601,19.6259341050681
136602,19.355133515663
136603,15.6288182520536
136604,15.0325223048734
136605,16.578560680698
136606,16.2697430072253
136607,16.8085216338551
136608,18.0419189926147
136609,9.46179118911255
136610,16.2258694337345
136611,14.9573158417318
136612,16.2559383358413
136613,16.334467952065
136614,17.0782769338478
136615,8.35166040436714
136616,18.1267355219823
136617,15.9021260997783
136618,16.456601969091
136619,17.6121236799342
136620,17.3040860578873
136621,13.6991581986839
136622,15.3918139969667
136623,18.5678655748997
136624,17.88049262081
136625,18.883776843515
136626,18.9881422078406
136627,15.7524397112206
136628,16.7243922629596
136629,20.3096497181446
136630,19.6389192474198
136631,22.1856309966401
136632,17.3158387603831
136633,22.5560574484233
136634,21.398513284694
136635,23.85920335902
136636,23.3603614208217
136637,25.8573946721099
136638,20.1248022079185
136639,25.9357172289107
136640,20.4835574977301
136641,25.7743334634709
136642,25.2622401426506
136643,25.783187527408
136644,23.2512294862526
136645,32.8686836805019
136646,23.2701745952446
136647,26.8285013499872
136648,27.1725666666769
136649,29.4750348283747
136650,25.2224846229631
136651,41.3632060400581
136652,28.8076491679166
136653,28.6084818437903
136654,25.0902683384583
136655,32.6911385265448
136656,26.751498037416
136657,41.1354081587839
136658,33.7464757482086
136659,31.3233158354183
136660,25.8936513922052
136661,36.7904287722036
136662,34.127347596821
136663,51.2510255398774
136664,59.9835100689495
136665,48.2444473363019
136666,31.6773629734626
136667,70.5232767025682
136668,44.2430212176798
136669,56.7442421374161
136670,48.0039482163598
136671,46.0373385336223
136672,31.8107760803283
136673,56.5466985646128
136674,38.8259128314672
136675,34.3940341267105
136676,27.1103741055833
136677,33.5703404759449
136678,17.8636271931146
136679,32.5438784517556
136680,25.9005824386743
136681,30.7712920919892
136682,25.0938618944389
136683,28.1562870723666
136684,23.7046400707837
136685,25.8253840839781
136686,25.6511879221011
136687,24.4922195751797
136688,22.1400779737286
136689,24.8174620028417
136690,19.9688006857156
136691,23.9658800783128
136692,23.5131413703313
136693,24.8836629667792
136694,21.6977021375266
136695,22.7852348088224
136696,19.0690484338473
136697,22.3375067636374
136698,21.8316573599451
136699,18.9258973131085
136700,24.2769139184506
136701,21.6560260732825
136702,18.8199327134523
136703,21.9425123891494
136704,25.0771156837768
136705,23.3738274988557
136706,21.3861175662056
136707,21.0640752259001
136708,18.5845013998756
136709,19.921604235426
136710,21.6115937320734
136711,25.5189398177063
136712,20.7622031490731
136713,20.9692051783926
136714,18.5680722440898
136715,19.3669359758463
136716,20.7753445348572
136717,23.7452898990342
136718,19.8892774821097
136719,19.9698869779988
136720,18.219817858509
136721,19.0976406520664
136722,19.9892873107165
136723,26.827926870909
136724,20.1625102982752
136725,20.2467492377648
136726,18.4261055562539
136727,19.6816800526235
136728,19.8771500669484
136729,30.2065351089606
136730,21.2446182600128
136731,21.7684041380332
136732,19.8086541581627
136733,21.4325237168727
136734,21.0162104560853
136735,29.6802755933509
136736,21.9221160108069
136737,23.9319337837905
136738,21.4703068812173
136739,24.8899383460353
136740,22.3216314797044
136741,29.5088928389646
136742,22.600724318986
136743,23.4199480821942
136744,21.0753431411865
136745,23.3580476113084
136746,22.9079845894324
136747,17.6882574470148
136748,21.106747252854
136749,20.0184669887036
136750,19.392949765345
136751,20.9618047950676
136752,19.432135140905
136753,12.6501435689098
136754,21.0654320579983
136755,17.9485274259888
136756,17.8542100001068
136757,18.9365962929559
136758,18.8748965584259
136759,11.6469822920259
136760,21.5951120329523
136761,19.8360925142941
136762,18.4595174398314
136763,21.5381471004647
136764,19.8196628723462
136765,19.0487099015633
136766,24.0197563007034
136767,23.4949445847093
136768,21.5217424163723
136769,26.2294566165589
136770,23.6497644834554
136771,22.4960480789565
136772,29.0066976017727
136773,28.3906721502556
136774,23.9161539481803
136775,29.4133773763408
136776,28.9658852731151
136777,23.1031391856126
136778,35.9153121472073
136779,34.6504015021029
136780,26.2334464938209
136781,32.6598616082294
136782,36.1975848013042
136783,28.4477907997889
136784,39.3702477944076
136785,36.1930086866795
136786,25.1775230940128
136787,36.2367126358428
136788,38.0541489073196
136789,39.9135025352429
136790,38.1045529149197
136791,28.8130752687517
136792,25.1864127287089
136793,35.4470045642546
136794,36.5089859070145
136795,45.9574230149379
136796,38.0404185477034
136797,30.0045727138515
136798,25.8752881762593
136799,35.4810252141862
136800,36.1225826272474
136801,52.3682479617491
136802,38.8355470783092
136803,27.7011625536478
136804,25.4862710794068
136805,35.689077364537
136806,40.079342721915
136807,110.479285036736
136808,136.625050181398
136809,56.1998976230866
136810,31.9547567997278
136811,79.3747878220458
136812,166.96302046976
136813,80.1457577881514
136814,81.4686698886756
136815,56.2957384003877
136816,39.0712106872376
136817,61.3011558629098
136818,97.2117319087284
136819,38.8770864307559
136820,28.2127368906951
136821,38.7601541197197
136822,31.0687093760786
136823,34.3972947432393
136824,27.4970200328044
136825,27.9378238616834
136826,19.8285192483338
136827,27.194144279176
136828,14.9946740092746
136829,23.9916260444127
136830,20.1432310197013
136831,22.4687778350617
136832,17.969045892982
136833,24.5152234242927
136834,9.97666900630306
136835,22.5108749897601
136836,17.5169227731133
136837,20.6054686995174
136838,18.3682926450295
136839,22.5333546746723
136840,13.6496582871946
136841,21.7899500284061
136842,16.1344584068143
136843,19.4478183796211
136844,16.6541199793038
136845,21.9520459907124
136846,15.1981148522584
136847,21.4589976230326
136848,13.2249062075736
136849,19.0810862367777
136850,13.1523596129255
136851,20.7121942681233
136852,16.2048007142147
136853,18.8802181804964
136854,12.200492731416
136855,18.0716716232824
136856,15.514275826989
136857,20.3524271329974
136858,16.0880048222863
136859,18.4588203784747
136860,17.4909416597844
136861,19.0095341143317
136862,17.6700835871907
136863,20.0303276214368
136864,16.6189114223356
136865,19.1994510177148
136866,19.3601406585028
136867,20.4445606900545
136868,17.665304056198
136869,19.4467549262349
136870,16.757305541494
136871,19.7666468774825
136872,16.9130452984271
136873,21.1163293452164
136874,17.616583703793
136875,20.7339963522083
136876,18.1747120469188
136877,21.1396174441358
136878,19.563778958688
136879,23.631645328476
136880,19.6092392197217
136881,21.7206832481205
136882,19.8555855215535
136883,23.4474620631642
136884,19.3486065884063
136885,24.9528166088459
136886,19.6000650181878
136887,21.8697351073468
136888,20.9589570690946
136889,23.8715894810123
136890,20.7541075361489
136891,13.5044162589124
136892,13.506038223684
136893,17.8494635589651
136894,16.8094400260937
136895,17.8478254061071
136896,15.3617775433972
136897,5.96528011179013
136898,10.9879779794194
136899,15.3975711719434
136900,13.6327851439167
136901,15.989356663112
136902,14.2334681887145
136903,2.70431489781365
136904,12.933667449421
136905,15.7774453526932
136906,7.84893617953526
136907,16.4680653094038
136908,12.0401952693453
136909,2.93457121856241
136910,17.3114771063232
136911,19.5288307334441
136912,8.41926088472205
136913,19.9521252978491
136914,16.7979834707924
136915,6.38153971330838
136916,19.3448215672258
136917,24.4941724509851
136918,17.8329103571779
136919,27.2422761640841
136920,18.7564364907864
136921,20.4765127030969
136922,27.0648984577098
136923,30.2644602426105
136924,24.0866542185955
136925,31.5389657662086
136926,26.8413133662001
136927,39.0356500059595
136928,33.035467982093
136929,32.8992567158482
136930,23.1595261811365
136931,35.5965932958273
136932,32.1142756676254
136933,45.1177620879697
136934,38.1057586574008
136935,33.8850100897688
136936,23.771537980451
136937,39.8283025753401
136938,38.0331058918996
136939,51.8761570583395
136940,41.4064153032513
136941,30.487893689965
136942,22.3924819801066
136943,43.1617749234908
136944,43.3340993943436
136945,61.6677131578332
136946,50.9282402642266
136947,32.1860923737567
136948,23.404317616285
136949,54.0381617175058
136950,53.1969758982867
136951,125.755225803636
136952,176.756705035522
136953,41.7350843882412
136954,32.8892113486376
136955,116.066254710431
136956,205.943720899758
136957,101.329848295064
136958,229.1043450965
136959,43.9558003828346
136960,31.6112831711394
136961,197.563263139071
136962,260.955917510774
136963,46.4844450894624
136964,46.8185013049847
136965,42.0295323900885
136966,24.5771233862564
136967,47.2439265189466
136968,49.5755896942647
136969,59.555369003407
136970,27.268854353794
136971,44.3333259618471
136972,18.8506300195059
136973,32.1434543153024
136974,27.1355628403464
136975,45.2131615776669
136976,21.726328208459
136977,35.0192358791954
136978,15.2727709316834
136979,33.185351845803
136980,22.5730445994174
136981,34.8145987001684
136982,23.9393862633817
136983,29.1070563157465
136984,15.9444992488063
136985,28.6496009512407
136986,26.7279150066216
136987,28.2509252204384
136988,25.9149327549927
136989,27.0725336084676
136990,12.4788360352869
136991,24.8218238109303
136992,24.1479536057887
136993,26.2188359902498
136994,20.8506834181369
136995,26.184842919302
136996,18.7776812621283
136997,24.8248394840324
136998,19.1866248382364
136999,25.9538994207491
137000,20.0689362053291
137001,25.0995172571112
137002,19.4212386294504
137003,24.8264931279472
137004,18.7240075900419
137005,31.7724890899548
137006,21.2431515459619
137007,24.7676175184425
137008,19.7622319828506
137009,24.743385262917
137010,21.164168837999
137011,38.0021811565965
137012,19.1048312627256
137013,25.0465249504148
137014,20.4689986310804
137015,24.8931532961743
137016,22.8515843142302
137017,26.0893860848906
137018,24.8814038315437
137019,25.7829953689372
137020,21.0671305152092
137021,25.7615413397021
137022,25.7897518104995
137023,29.6089992256959
137024,30.7418580157473
137025,28.4778927789633
137026,21.3550997516456
137027,28.2898371948526
137028,27.9483264404978
137029,33.223818712333
137030,29.7692430030082
137031,27.6182796247735
137032,20.4442397301887
137033,27.3747628890815
137034,29.4233404331226
137035,28.2468446376927
137036,24.2020776799886
137037,24.6256617299799
137038,19.6896859986502
137039,23.862645147853
137040,24.2468477523725
137041,26.1899183373872
137042,20.2594681496933
137043,22.1940703024117
137044,18.4461375281939
137045,22.0829145835011
137046,22.076496761634
137047,27.9365914043041
137048,19.2108754720193
137049,24.331612757329
137050,16.9705203755048
137051,18.1990845244961
137052,19.9458386817694
137053,28.6189140043267
137054,21.8652410218447
137055,26.7108341548816
137056,16.9567925625938
137057,27.1379148167712
137058,22.9151370849544
137059,30.457683884757
137060,22.9114873132342
137061,29.4087851164274
137062,21.0588120239625
137063,32.2485320915788
137064,26.2273688866815
137065,33.6778459700687
137066,25.4473503139527
137067,44.0299901594929
137068,23.7476272048859
137069,47.9832383278145
137070,24.5485103946673
137071,36.6077216821088
137072,20.6212071862568
137073,46.0445532527457
137074,24.3522030538696
137075,64.3442369324924
137076,21.5783080341528
137077,38.7292777414336
137078,20.8500237340075
137079,60.7267196796284
137080,25.6263698876615
137081,80.3785747555987
137082,19.9844096881984
137083,41.8972417865325
137084,19.9664394568289
137085,50.8494663282604
137086,26.5250187288228
137087,82.0918091735355
137088,18.9356203368594
137089,49.6370397008037
137090,20.2601864489599
137091,52.9269415505763
137092,17.9860885579501
137093,71.9778934195801
137094,21.0931006938218
137095,75.4094910246472
137096,39.7382249471702
137097,63.5833817412898
137098,36.701327820606
137099,87.6721616773163
137100,35.6871522516196
137101,91.3982155259212
137102,59.262836227508
137103,55.9062951042287
137104,50.5540840900176
137105,54.0898403234104
137106,56.0150848347211
137107,65.3757652521518
137108,53.5351034027585
137109,44.6490672537666
137110,47.6554571777495
137111,56.3275395373468
137112,55.3460346478952
137113,60.6797460412783
137114,46.8701685052645
137115,38.3199410685302
137116,26.2362174008169
137117,49.1350053797121
137118,46.6531283221115
137119,60.5153736391892
137120,31.874568418455
137121,37.773298509413
137122,24.6236120138212
137123,34.6882014953876
137124,33.5738674031215
137125,60.2024266404866
137126,28.5904800382012
137127,32.1478818426015
137128,23.0139602281557
137129,32.809166024743
137130,30.1480337787006
137131,73.2731930254675
137132,28.9236077614197
137133,33.5707904564234
137134,22.061158409216
137135,31.5138216504089
137136,27.6618497658543
137137,50.9069328274443
137138,26.0887982018963
137139,27.171071509505
137140,24.3334707905428
137141,31.7465512094912
137142,26.7274925140746
137143,35.6593008052589
137144,26.3030338683346
137145,27.1662974001983
137146,23.1488782429373
137147,29.8215448117134
137148,26.2651382245657
137149,46.7719825630709
137150,25.9318773881656
137151,27.271196945368
137152,22.4130186779597
137153,27.8918856218082
137154,26.5536715849745
137155,49.773558461381
137156,28.126108022223
137157,26.7557893541785
137158,22.7598223648466
137159,27.6866126057669
137160,27.9678444069985
137161,54.912237129402
137162,29.4398280656751
137163,28.5471675807892
137164,24.4596305628801
137165,28.9288604796885
137166,28.8533490797047
137167,79.8554324947984
137168,32.570684714797
137169,34.8192599870495
137170,28.6840892298998
137171,31.5418257856809
137172,34.1514263956581
137173,67.0634376138002
137174,30.6730786438745
137175,32.7991692372259
137176,28.668212519959
137177,29.404507965999
137178,32.1470906738185
137179,27.9139631400688
137180,23.563684719607
137181,24.9003422082061
137182,22.5884416644642
137183,22.9001644784796
137184,23.7202734339379
137185,21.2100977797001
137186,20.5010529065198
137187,22.3448322860494
137188,19.8656613327036
137189,20.8575807428019
137190,20.9531588127314
137191,19.5391790852595
137192,19.8463731229889
137193,20.0659728671772
137194,19.1995378706578
137195,19.420080916996
137196,19.2772810916368
137197,19.3868792559078
137198,19.9971616749279
137199,20.9780099805963
137200,19.6023228552579
137201,21.2574058661651
137202,19.9024367563311
137203,20.1044712074859
137204,21.0422231901506
137205,22.5513391351429
137206,19.8373679634844
137207,23.1483283322508
137208,21.2879881855885
137209,20.7654648271036
137210,22.7584551150993
137211,23.3680557230946
137212,22.5556254228129
137213,24.7643963102615
137214,21.6526402285397
137215,22.684220913713
137216,24.3378761495459
137217,26.6025224077108
137218,23.1377669042747
137219,26.7513512424372
137220,22.8448288052885
137221,24.4337923649218
137222,25.55611621023
137223,27.885724431435
137224,24.728320055099
137225,28.7409691580745
137226,25.7937051707496
137227,27.6570667063382
137228,30.9901386043772
137229,31.3962823625887
137230,27.8924296441302
137231,33.4332526577257
137232,31.4767335694377
137233,37.2475799286337
137234,34.6049234278391
137235,37.9439469038106
137236,18.7002860791477
137237,42.0154788824859
137238,36.1975951243027
137239,81.9970345918078
137240,95.5393264478793
137241,62.7514306539266
137242,34.7926530315382
137243,72.486745330041
137244,90.7672671699203
137245,132.455469349897
137246,131.885062188053
137247,102.129866187816
137248,57.9016915985931
137249,102.938252862618
137250,126.168022862118
137251,77.9085821751986
137252,71.4173302018104
137253,72.7573249094537
137254,54.4680398328002
137255,62.034567882294
137256,68.4402232200168
137257,70.1056322310877
137258,53.199266249932
137259,49.235322718145
137260,36.7120866898453
137261,46.4111543154431
137262,51.4244934309
137263,62.1917942334447
137264,35.1459637785269
137265,38.7656306408503
137266,32.4267451457616
137267,37.6830480453409
137268,37.1447024307165
137269,56.6045713466853
137270,23.6482765820886
137271,32.5084061306666
137272,29.0524082920918
137273,31.7632533185494
137274,26.5486804789738
137275,51.2684216311933
137276,19.4095191136507
137277,26.3994137346689
137278,25.0169457076324
137279,28.2883242811954
137280,18.5725472756444
137281,41.8665210692553
137282,19.34099758363
137283,25.6491445587112
137284,22.3959065378374
137285,26.5998036638938
137286,18.6008319295748
137287,44.3934200054275
137288,20.2014657937365
137289,25.1555277970569
137290,21.5677756387248
137291,25.6096216353783
137292,18.6412560827463
137293,38.0708608245826
137294,19.3065048750858
137295,24.6146119602955
137296,21.1916578242397
137297,24.0947805030501
137298,18.3566457293496
137299,30.8252764173446
137300,20.8604762519893
137301,23.6204583275337
137302,21.4408690248655
137303,23.3698359806264
137304,20.7844636615033
137305,33.0020360286607
137306,21.7091601123162
137307,24.0895837976711
137308,22.0823309451668
137309,25.745128709843
137310,22.0427308395754
137311,35.2701227463965
137312,25.7185524484517
137313,25.3148740883834
137314,23.1798114781852
137315,26.9602956140695
137316,26.1554065338918
137317,33.6470037431441
137318,25.7867393688733
137319,23.4590544786822
137320,23.4487069036714
137321,26.183292941823
137322,27.3442665745378
137323,20.033464213573
137324,17.8443149477227
137325,16.6761124633002
137326,18.998401050877
137327,20.9603683523589
137328,17.1584170570881
137329,14.8608560132216
137330,15.2350325709385
137331,16.4467685649073
137332,17.5952761607718
137333,20.3854759086158
137334,14.3046366875194
137335,14.4095693198178
137336,15.4892357361832
137337,17.1374756286708
137338,18.2933137276685
137339,22.2289083404696
137340,15.1216494449269
137341,13.7461358065771
137342,16.0350277659174
137343,17.5973443528523
137344,21.1946391449049
137345,27.2074409514987
137346,15.5942191248524
137347,15.6910108399986
137348,17.9213636374856
137349,18.5458561797413
137350,22.1968018990568
137351,27.7755082956624
137352,17.8755081089754
137353,18.6744041902399
137354,21.3970392551809
137355,20.4705598290688
137356,25.4595948509123
137357,26.0906974701437
137358,20.4624754790467
137359,20.0062689053979
137360,22.9227315304759
137361,23.4282095343362
137362,25.9143091492758
137363,27.4498455139452
137364,23.4129616384263
137365,23.9566182555856
137366,25.2984389847646
137367,25.8269421316847
137368,27.8011881793293
137369,29.0200082692752
137370,25.6562820528522
137371,29.6167831315576
137372,28.3049391982472
137373,27.8219400367607
137374,30.0001849349838
137375,30.4133927589138
137376,32.1356483843626
137377,41.8499611828883
137378,39.8889733193331
137379,36.1039103961436
137380,33.1387795992976
137381,36.6612177470411
137382,44.935254829904
137383,86.8078683053763
137384,103.021783176409
137385,78.4919570420643
137386,48.4397347113844
137387,71.7338193817483
137388,82.8444789687871
137389,97.0970903949937
137390,61.5300764295023
137391,65.0236309131696
137392,53.0994460913612
137393,53.0551899318775
137394,59.7996333762421
137395,64.947504908698
137396,21.3263400066521
137397,35.2831444062239
137398,38.4417796267067
137399,31.9660901884085
137400,24.8422204171287
137401,50.9385764495067
137402,12.7981595988265
137403,26.2737222626249
137404,26.2294077666271
137405,24.145760970975
137406,14.6551159893642
137407,34.0886029667304
137408,11.4116717231217
137409,24.6352449547196
137410,22.975999349194
137411,21.3388666862755
137412,9.22587427337601
137413,25.1831071747352
137414,9.56683143546796
137415,22.7132279322439
137416,21.9233062342494
137417,21.9390021277629
137418,11.5559564824243
137419,23.7574005527663
137420,5.78037657103473
137421,20.3979403498932
137422,19.1041813187747
137423,20.0239897110717
137424,7.1639959355645
137425,22.5849256321067
137426,4.82229934178996
137427,22.050333779298
137428,17.467272985928
137429,20.4292022588384
137430,6.21198743442182
137431,21.8665726828601
137432,9.75587558850694
137433,20.3167417397214
137434,17.3736102717496
137435,20.0204878358982
137436,14.094198508134
137437,23.0229269015391
137438,14.9442623733835
137439,19.3485789728896
137440,17.3468039824962
137441,19.645340380088
137442,14.9473278747891
137443,24.3615870166068
137444,13.6949632433285
137445,20.2993195828474
137446,17.3973313311397
137447,20.031306517646
137448,14.4152263721614
137449,24.6173054831774
137450,14.0082302839093
137451,18.242989155053
137452,17.3400679819304
137453,20.9248171799456
137454,16.5879562022305
137455,27.0213457493502
137456,19.5276146617554
137457,20.2951769913939
137458,19.144139568751
137459,20.9321989034812
137460,17.8410300856351
137461,28.597640724227
137462,20.2036376112245
137463,19.1847732799166
137464,19.6255317587267
137465,21.3503831812804
137466,20.1894455672831
137467,27.1230087765501
137468,17.8152129242036
137469,17.6756684849557
137470,16.2768162244435
137471,16.9317853202254
137472,15.3590342553887
137473,19.5347736866157
137474,15.7153889740717
137475,15.3803882864589
137476,17.4461389518026
137477,16.6526272178695
137478,14.108779353687
137479,20.2070708964635
137480,13.8982446615675
137481,16.6107834252286
137482,18.6547997449202
137483,18.8049023774367
137484,13.128542717643
137485,21.8926897217166
137486,19.3010631254432
137487,16.7691498698847
137488,21.2249733110699
137489,22.9007415911045
137490,18.3956411457596
137491,23.4022740749648
137492,21.2665738638431
137493,18.1102455880114
137494,22.937835056154
137495,25.575603380361
137496,20.5103583213617
137497,23.4955793045636
137498,23.8866421410062
137499,19.4634877377998
137500,24.6761921481302
137501,26.439107661362
137502,23.4281264309934
137503,25.5849276930148
137504,25.3895843582467
137505,22.0518469283036
137506,25.8323758066854
137507,26.1138534133301
137508,26.4500741426925
137509,27.7423278066525
137510,27.0320771543041
137511,23.3542260483107
137512,27.8207436838013
137513,27.4056605808076
137514,26.711267906529
137515,34.8553875407258
137516,26.5393283846428
137517,25.8723605654069
137518,28.9059019108756
137519,27.9069161890673
137520,28.3922011580864
137521,42.4800054849593
137522,31.3565042048002
137523,27.8102589856592
137524,30.167133393461
137525,30.4817236978664
137526,31.6127210881907
137527,58.4501781063728
137528,59.1772756587004
137529,52.3954268877275
137530,49.1646985339315
137531,48.8442389510611
137532,54.5045425726923
137533,67.2399750928539
137534,47.8672239208052
137535,52.0864324637643
137536,22.308500544556
137537,47.8227962921492
137538,50.6689225662571
137539,59.8394716310067
137540,19.8603095863246
137541,31.4932930937082
137542,16.4975813677925
137543,23.4711407118543
137544,20.7584318400753
137545,47.7303647148691
137546,13.8501610194778
137547,26.5051923734194
137548,18.457611154567
137549,23.2021431332304
137550,15.6363700802907
137551,41.1341451004619
137552,13.8337100411042
137553,24.3983531328888
137554,17.9101784060529
137555,23.3880780157046
137556,14.1188862245675
137557,36.5082539332966
137558,14.6832243862499
137559,23.7018669248301
137560,19.5503440050654
137561,23.1047180201863
137562,18.4410537253646
137563,30.1137371837107
137564,17.273865695532
137565,20.520909715863
137566,18.0730445118238
137567,19.4575278632914
137568,15.953742337608
137569,25.6169242931178
137570,16.40593884302
137571,20.3539331729277
137572,16.2223642504244
137573,17.3321232551801
137574,17.0068241303405
137575,26.2148025379939
137576,19.608333575531
137577,20.0868659912051
137578,16.366103017735
137579,16.5530095825082
137580,15.4744862680632
137581,26.3865059355177
137582,17.5460631851483
137583,19.8833735320678
137584,16.8749742937227
137585,16.0566470246351
137586,15.2722835332618
137587,31.2303608142374
137588,19.1170503337991
137589,19.7098088608247
137590,17.6300281666916
137591,18.158248257966
137592,15.5177120002332
137593,31.0791604552792
137594,20.4649487167267
137595,20.2867742120401
137596,18.1270806684618
137597,19.1656003904065
137598,18.7074429824707
137599,30.4474019081484
137600,22.0151824884354
137601,20.8635477259333
137602,19.0130178027538
137603,20.7595369518144
137604,19.5509188666147
137605,30.8267360644241
137606,21.6698523571238
137607,20.6127477572481
137608,19.204159420664
137609,19.8238997623964
137610,19.9586382982489
137611,24.6126163621562
137612,14.4462899763191
137613,17.5002891701596
137614,15.6805491976353
137615,15.9646957198751
137616,14.3871500525074
137617,20.4589569052481
137618,12.6599085552047
137619,16.8740955954468
137620,16.1177491876211
137621,16.7981900253939
137622,12.5484209485156
137623,18.9789171140557
137624,13.6111004647135
137625,15.854676798196
137626,17.0588811530202
137627,19.7882316998473
137628,13.5120834361997
137629,19.2110297229736
137630,15.6993500300139
137631,18.6080313412618
137632,17.9817025639272
137633,22.0491529473591
137634,17.6461236281457
137635,22.1869584830866
137636,18.6911326761432
137637,20.1379524622169
137638,19.6928722972892
137639,21.9275546479328
137640,18.6482042669681
137641,21.7068923658791
137642,19.977915034321
137643,20.5458915984647
137644,21.4236929873425
137645,21.2983178734257
137646,20.0056961360996
137647,23.4018057534369
137648,20.3114905254382
137649,21.1509055183431
137650,20.0087675925531
137651,20.1977360905086
137652,20.6157581025253
137653,25.8738138165835
137654,21.0300739333965
137655,22.5662887946006
137656,25.7840939284609
137657,22.9056479356732
137658,20.3549575804452
137659,31.6449386059305
137660,24.873090839693
137661,25.6627103942679
137662,28.7895996695454
137663,26.7206628036619
137664,22.4777806776839
137665,39.2378285853933
137666,32.8884053524691
137667,29.4846645990267
137668,31.8101306461095
137669,31.9352038802308
137670,32.2696083430181
137671,70.2066298649414
137672,39.6010888359312
137673,55.6661439357635
137674,43.4753265582414
137675,57.6933122233776
137676,54.8226024370261
137677,75.9055881272198
137678,50.9207733690332
137679,60.8688717765059
137680,40.8580650720243
137681,46.8028190054749
137682,51.6385371735161
137683,68.325027312095
137684,23.2434007371322
137685,33.0805691727942
137686,29.0710591840721
137687,28.3952018635751
137688,25.2727932961226
137689,63.9154259392775
137690,18.2890722349886
137691,28.3401491052345
137692,23.7402158219591
137693,27.7874847072331
137694,23.5675033725519
137695,52.2862768529626
137696,19.991586492808
137697,25.0023160378583
137698,20.6857709531403
137699,24.6245142656505
137700,22.1335898132708
137701,39.6182331462438
137702,17.8819257617587
137703,24.1230201735823
137704,20.6805930969577
137705,22.1818370159902
137706,20.7543851233375
137707,36.2064534564208
137708,16.9428947604773
137709,21.7027151073636
137710,20.1225415707449
137711,21.0779789681514
137712,17.0233396650738
137713,31.6138011294547
137714,17.209640289485
137715,20.2270307578169
137716,18.4536233567264
137717,19.7739972298757
137718,17.3024374573271
137719,34.3233237279902
137720,19.0475902550492
137721,20.892303246519
137722,18.4491473718717
137723,19.2318486019905
137724,17.5176160916687
137725,29.066268040056
137726,19.996995656064
137727,19.8057213119582
137728,18.5922200394901
137729,19.9856336606877
137730,18.4636612239095
137731,32.6757168971989
137732,19.3570780744416
137733,19.8518336756028
137734,19.4357401972117
137735,21.005323546776
137736,21.1074370094165
137737,40.9924811635784
137738,22.1477607949687
137739,21.6637470821981
137740,21.7144262900107
137741,22.8013304792007
137742,22.6776587574313
137743,49.8538481439962
137744,25.2926120294056
137745,26.061527872775
137746,22.4318814447558
137747,26.1392131360961
137748,24.5958579890269
137749,53.9765199519904
137750,25.8309415379739
137751,25.411368594149
137752,22.0261658900247
137753,24.2991212191007
137754,26.6861200483035
137755,28.0041196684914
137756,22.3320661644824
137757,19.4126119312886
137758,20.1536070214759
137759,19.3966653826098
137760,21.6077549907707
137761,25.6355298972894
137762,19.4323008847338
137763,18.0342076464679
137764,18.5664413027482
137765,19.2396406246726
137766,19.3000726347489
137767,23.5341504227592
137768,20.037169156737
137769,19.9151793762299
137770,19.2101478608755
137771,21.2034450916702
137772,19.4997401466826
137773,23.6901099839466
137774,19.3531211876164
137775,20.4375093113124
137776,19.651865554928
137777,21.6176814983642
137778,19.0625731080806
137779,23.346691443265
137780,20.4954250746862
137781,21.5307578495744
137782,20.4163488642712
137783,24.397761000355
137784,19.5173580903422
137785,25.9508896200841
137786,21.9479943066385
137787,24.4873438841355
137788,23.4785837907523
137789,26.7581602241127
137790,21.6928244048048
137791,32.8838417848666
137792,24.7000338974061
137793,26.1170260043862
137794,25.7956214087205
137795,25.2415867383533
137796,24.6503691358146
137797,33.2757332743816
137798,26.3939677051899
137799,29.1502268554551
137800,28.527461694121
137801,28.7785395194764
137802,25.787260604073
137803,42.1624910979215
137804,29.7409919397519
137805,31.6675050840112
137806,31.4550931835512
137807,36.6307617873503
137808,28.6929474200533
137809,50.3801123930222
137810,36.6319856790258
137811,50.2531520679516
137812,47.3237568003472
137813,48.9134214806428
137814,34.8468141192605
137815,85.6865788035663
137816,73.0902875323477
137817,93.1771723605064
137818,55.9289903959464
137819,90.0539906925036
137820,72.082401105014
137821,80.9112620360415
137822,72.8110270756557
137823,82.3912714202477
137824,58.3424501180716
137825,68.2894659772292
137826,69.2054282576364
137827,67.9528223946426
137828,35.4540367851817
137829,42.8156317492929
137830,42.2658630181441
137831,40.0950209441538
137832,38.9025356441162
137833,66.0222315360179
137834,25.2153547499738
137835,34.9052142251828
137836,24.1895945499235
137837,27.0361738129239
137838,29.3039900704893
137839,59.12115372691
137840,22.7254177654149
137841,30.9432153128558
137842,23.6336541965913
137843,27.0292614018727
137844,27.7780637990325
137845,54.286953433788
137846,21.7304874859752
137847,26.7388586898214
137848,21.6548699189552
137849,26.3942501961592
137850,23.6632814881145
137851,46.5379076183246
137852,22.7141054981474
137853,25.750112865271
137854,21.6090899692577
137855,24.123379846049
137856,24.1078545698527
137857,36.9835441379799
137858,23.6689721362175
137859,25.0760912262186
137860,21.9453850383767
137861,24.0068854302158
137862,23.8391675686671
137863,40.6818781015908
137864,23.1713330243074
137865,24.4174285387925
137866,21.9030892545828
137867,23.1230346938461
137868,23.3590997175281
137869,48.0062195106126
137870,22.6260959681108
137871,23.4552049065134
137872,22.2150475932057
137873,23.1214793252083
137874,23.0369820898453
137875,57.0071580498991
137876,23.6259123448916
137877,23.43248498314
137878,22.0064259143954
137879,22.2667611809342
137880,23.3473520713079
137881,58.1766239466861
137882,23.3436658346037
137883,25.0976932155553
137884,23.2216621468367
137885,24.5275054263426
137886,24.0150124753754
137887,54.6169118145036
137888,24.2610534984768
137889,26.1844250571875
137890,24.6946975856296
137891,27.1290096046841
137892,23.7800156726507
137893,61.0894413028277
137894,24.6387576780758
137895,25.3867095375613
137896,24.5056240420291
137897,26.2974267773794
137898,24.7933797603312
137899,27.9848850981704
137900,21.7054007579591
137901,20.5961701728028
137902,21.8349175366525
137903,20.8826379627575
137904,20.9641548828544
137905,18.930805088731
137906,19.3077634420456
137907,17.3662572651205
137908,18.8636811372785
137909,18.1167692674828
137910,18.8146256410275
137911,17.8418021590348
137912,18.9400958140866
137913,17.0664045092445
137914,18.5947821945666
137915,20.2794708098505
137916,18.5533979799577
137917,18.603465964814
137918,19.4997113076293
137919,17.4009944380363
137920,18.1524607930603
137921,20.4206176535714
137922,19.002230126305
137923,20.5852660587204
137924,21.8969515314231
137925,18.6626831816103
137926,20.9217819666531
137927,22.412089141695
137928,20.4462604675676
137929,22.5300516415508
137930,23.9810657403127
137931,22.1923153535427
137932,23.3696535562134
137933,26.3034943485871
137934,23.4077936227682
137935,26.5858608092875
137936,26.5082956809906
137937,25.4155672219092
137938,24.8247724884204
137939,27.9612608163861
137940,26.4340988861814
137941,30.4900166507861
137942,27.0973291067451
137943,27.6761780960716
137944,28.2526107070556
137945,30.3468859616819
137946,28.2490110970443
137947,37.8784120071861
137948,32.3834533983926
137949,32.573903578036
137950,31.7621335205762
137951,35.6776567719259
137952,31.569430096283
137953,52.1289721586629
137954,43.673168705425
137955,43.0849302409246
137956,40.449416966984
137957,50.5038010056833
137958,43.0853120057417
137959,94.7259753939349
137960,88.7647079905651
137961,92.6029543086688
137962,58.2667799556841
137963,99.812869448286
137964,101.637627799238
137965,103.990885628637
137966,72.3466119910473
137967,91.0191226241232
137968,66.335663801773
137969,85.184311718963
137970,81.1852367198657
137971,76.4800896028806
137972,37.7672120576905
137973,43.8494567905095
137974,41.8482614575299
137975,45.4061599179448
137976,43.8585290635649
137977,60.0522867836468
137978,22.1684614281652
137979,32.1307188552921
137980,27.5689307156551
137981,29.7598361223214
137982,26.2793477271034
137983,52.3399747612496
137984,19.1180956300721
137985,26.7789054793191
137986,25.7146833237374
137987,23.54873889869
137988,18.9956003320029
137989,39.6574397865349
137990,12.6040902431488
137991,24.0555457562468
137992,22.9150527358085
137993,22.3449556419567
137994,16.1135805233305
137995,43.6729632990254
137996,9.45426225177853
137997,22.4258643877236
137998,21.8337970065435
137999,22.049552082343
138000,10.5184196961311
138001,39.5418748100257
138002,10.269064563898
138003,21.327170094844
138004,19.9871314061425
138005,20.7235492557143
138006,13.7312902139986
138007,28.7423086916089
138008,11.0939855535915
138009,20.146193795781
138010,18.5154240609746
138011,19.2773321681809
138012,12.225172281633
138013,25.562697290641
138014,12.9365751283291
138015,19.3023475545542
138016,18.2843802878582
138017,18.4702494770216
138018,13.0076301540558
138019,29.6827760758287
138020,16.4990594897215
138021,19.6749348907848
138022,18.3592204629951
138023,18.6787790683763
138024,14.3873631972182
138025,38.4404768672176
138026,17.2141928557048
138027,21.2272322709203
138028,19.8352237077771
138029,20.0516325037452
138030,16.9373357027576
138031,44.6970193027326
138032,19.2718332370491
138033,24.1862604944161
138034,22.1654317788675
138035,22.7703041322677
138036,19.52279372783
138037,41.2956448809039
138038,20.5097364678599
138039,22.877001442735
138040,22.4135979121802
138041,22.3029319982955
138042,20.7679660518146
138043,21.5083070075703
138044,17.0634096544358
138045,14.9898388838719
138046,17.8961028848133
138047,16.7461129627318
138048,16.0939672402374
138049,13.3297155284679
138050,13.6786099425288
138051,14.1360111725213
138052,15.9113227842788
138053,17.288442717829
138054,13.5634011416788
138055,15.4502538441692
138056,14.2296157096561
138057,15.6940562114088
138058,17.4854082322479
138059,20.6271290497346
138060,14.3939130953247
138061,16.6966382988946
138062,17.5959731850342
138063,16.5957283684238
138064,18.1602386773597
138065,22.7531715864863
138066,16.9010617662041
138067,19.1150735942739
138068,22.373270427623
138069,18.336274392215
138070,21.6476479732556
138071,24.9744434571548
138072,21.9333083365517
138073,21.6638179056197
138074,26.834301802739
138075,22.4789298607036
138076,24.5222700086011
138077,27.4318747399305
138078,26.601988250272
138079,27.7598200943134
138080,28.6771756961742
138081,27.8008603412804
138082,27.9900236036286
138083,29.0438627290804
138084,30.253080342076
138085,31.4498053525444
138086,28.7548358690595
138087,30.0498122154866
138088,30.4139138668143
138089,32.989560676587
138090,33.3830037228678
138091,37.3963216187248
138092,35.2345712870717
138093,34.6416385962652
138094,33.7955229611536
138095,37.3593712037271
138096,34.5339228172492
138097,46.2284976111823
138098,55.4091142362379
138099,54.7021278355518
138100,42.1837831457092
138101,50.0224747445398
138102,48.595631755677
138103,99.9232349180122
138104,86.2404290122149
138105,100.326491435479
138106,61.8558936081017
138107,80.3883725999501
138108,87.5097098651583
138109,102.381803957935
138110,63.9819113706903
138111,83.8494986311428
138112,61.2765032828426
138113,70.3118858668251
138114,69.1858911008829
138115,70.1426004544104
138116,21.9460671627618
138117,43.3902088548772
138118,39.4549651259569
138119,40.2841598737017
138120,21.1103049880072
138121,53.376814642885
138122,12.2051181224497
138123,28.2981628631313
138124,24.6961573144709
138125,27.8800443083789
138126,14.4191583697764
138127,39.5088418000044
138128,10.3208281779237
138129,25.0814497871466
138130,20.1288695661307
138131,24.548192200827
138132,12.1693689792526
138133,31.7150648808494
138134,9.42099979754107
138135,23.4333360766327
138136,20.1353566682433
138137,22.7258530412753
138138,10.6556165097053
138139,30.8619138241079
138140,10.1816853027462
138141,21.7329331449367
138142,19.1642196500265
138143,23.4422430330181
138144,9.56438821649928
138145,23.0769194241582
138146,10.4921901936353
138147,20.5093628547471
138148,18.2757586932092
138149,19.5708461320121
138150,9.00420125369473
138151,21.540109374289
138152,11.801588335756
138153,19.0963916275068
138154,17.2611200067907
138155,18.2783904162795
138156,12.1930930054122
138157,21.2653875976273
138158,12.1580316248437
138159,19.0510554832343
138160,17.1425113456438
138161,17.9993243335178
138162,10.9408971704353
138163,23.4057945849086
138164,15.2371147024269
138165,19.883551739834
138166,17.5317819883748
138167,18.8750584462114
138168,14.1242910885402
138169,27.3379874377443
138170,17.4088079212817
138171,21.6592960418611
138172,19.014663770268
138173,21.1666162421877
138174,17.0107652727343
138175,34.8038985541426
138176,22.0995762565963
138177,24.0164913708448
138178,21.4973082712864
138179,23.0697406116434
138180,20.6371499899509
138181,39.9003831557039
138182,21.1347323667417
138183,24.1452106723456
138184,22.5525359761114
138185,23.3973074187678
138186,21.2407311073626
138187,23.2749912069565
138188,17.9379644212072
138189,17.6598542148917
138190,17.9679933115399
138191,17.9352889638906
138192,16.0943556342768
138193,15.5382970184388
138194,15.8904886832768
138195,15.2600153488365
138196,16.9744336658163
138197,18.1063944035381
138198,16.2971218629857
138199,16.7397724291042
138200,17.2664794863632
138201,16.6386181005637
138202,17.3304625654288
138203,20.8492557883781
138204,17.5929662101066
138205,19.1827777843347
138206,18.4590783849967
138207,18.1984095333856
138208,18.5773065398216
138209,22.4340073808271
138210,19.011257075095
138211,21.8693123716312
138212,22.8212093291535
138213,21.5883920484798
138214,22.132205470337
138215,25.9025707282453
138216,22.5963884942676
138217,24.9663050020296
138218,25.9937818960457
138219,26.26953298354
138220,25.5287072255809
138221,26.478577628565
138222,26.7231775829889
138223,27.6606825044102
138224,28.3508694911523
138225,28.3947172100891
138226,27.1778443921805
138227,28.7046308206334
138228,28.3751903014086
138229,23.6508204249725
138230,27.6804759541121
138231,29.6492473524371
138232,29.7790257903876
138233,30.2395929227622
138234,29.1981700350332
138235,22.6007553106016
138236,29.4224745225139
138237,31.2522798158178
138238,28.7998165946633
138239,33.0223272791248
138240,32.0250961827031
138241,36.775886205532
138242,32.3243013681499
138243,36.3968003400952
138244,34.163528900843
138245,38.5207468789994
138246,31.6111628544061
138247,61.7431537013409
138248,46.8169432081775
138249,52.8098672206986
138250,52.8155623206502
138251,61.8870923268082
138252,50.8051189592368
138253,66.6894313680092
138254,48.0527974444311
138255,56.8368415401997
138256,28.2500211603338
138257,59.7051370833678
138258,49.9607084644259
138259,54.2110195206951
138260,22.5066087846048
138261,34.4490647835207
138262,21.8204088898334
138263,36.4979668025421
138264,25.5228528554084
138265,50.2729338511394
138266,15.974838232114
138267,27.4376503371909
138268,25.1032869772663
138269,29.4707691386595
138270,17.503428199148
138271,47.255991756604
138272,13.517739633081
138273,24.9491044372889
138274,20.9513189209181
138275,25.8949635053013
138276,15.4144080025391
138277,35.8072771677528
138278,11.3444328293448
138279,23.6868971435423
138280,21.9080655969794
138281,24.9505403322809
138282,11.7765849197115
138283,37.7249190904364
138284,13.0182557604834
138285,23.062246780889
138286,20.6512544642283
138287,24.4528439276046
138288,11.9756452596872
138289,28.621525317835
138290,16.075405975907
138291,22.056727732331
138292,19.7621468881483
138293,22.9825031367224
138294,14.8435221631472
138295,31.7854344967961
138296,15.8341178113541
138297,21.3589486975249
138298,18.9414871959095
138299,20.8072797358202
138300,13.8859546156234
138301,34.1296590325816
138302,14.3550846066015
138303,21.2901262272617
138304,18.9217099649818
138305,20.519377658214
138306,14.1819986510147
138307,38.1978286931368
138308,14.8683688005603
138309,21.9657933908155
138310,19.2784331574636
138311,21.4498744932284
138312,15.2215229476556
138313,45.4827332033878
138314,19.2344921191701
138315,23.7710913628757
138316,20.8249880254366
138317,22.5019348584782
138318,17.8060993010834
138319,55.2772560034872
138320,23.3449154361246
138321,25.9588280664067
138322,22.6685759499458
138323,25.0858117059417
138324,23.2151771242426
138325,60.5456603148041
138326,24.8718296876679
138327,25.713436738825
138328,22.6673131900626
138329,25.2423441977308
138330,25.0477451582267
138331,25.0752542115829
138332,19.9830291670699
138333,19.5685245687756
138334,18.3764839922498
138335,19.2959728097346
138336,19.3804370835255
138337,16.0194207574001
138338,17.1752713196179
138339,17.0314033572958
138340,16.3930930473879
138341,19.1894597419911
138342,17.0826922364767
138343,16.7129486475758
138344,18.18134990579
138345,17.7238324402246
138346,17.7248527060687
138347,21.3988798917504
138348,17.7184897214546
138349,18.9587825349928
138350,19.4094872077032
138351,18.9483127662809
138352,18.5807242257497
138353,22.5032070826841
138354,18.8211573072945
138355,20.6005886310979
138356,22.6528042310203
138357,21.7280535638461
138358,21.0104403957214
138359,23.3554627083198
138360,21.9369148463718
138361,21.2876857319736
138362,26.1465345922128
138363,24.3498016423397
138364,24.3932278024928
138365,25.2442139936086
138366,25.5409414933834
138367,27.7290551583088
138368,27.2279393202918
138369,26.8723466289375
138370,27.6905918414486
138371,27.9432500186677
138372,28.9560984694033
138373,23.4575868727757
138374,26.5626570475536
138375,27.2639748673857
138376,28.3912888987251
138377,29.4415396387415
138378,28.7430122539082
138379,38.5187472257037
138380,28.1326206938409
138381,26.467738270038
138382,32.3214963808019
138383,31.8534984415227
138384,29.1322860364655
138385,32.1707132438777
138386,25.7957547481118
138387,30.0100556141079
138388,38.2026373955045
138389,38.6369187032056
138390,24.4281764259481
138391,55.3171663759797
138392,30.2040210235147
138393,38.1346115555525
138394,18.6966896886433
138395,29.1661927230311
138396,33.6009287260506
138397,78.6042750196183
138398,27.6057003101331
138399,36.0816869165157
138400,41.9665292607148
138401,52.283957726614
138402,34.39852381678
138403,52.5845537918449
138404,17.4344477474827
138405,28.6183775271855
138406,27.47104919758
138407,30.9751284813831
138408,18.3249043939216
138409,50.6501082235136
138410,14.1386088033577
138411,25.4296519675281
138412,26.9628982676399
138413,27.4147473576135
138414,14.5092101180129
138415,39.1768368550501
138416,10.5871405496143
138417,23.8762812346055
138418,23.7756173468089
138419,24.2525559832709
138420,11.3410608552606
138421,32.3251884513537
138422,8.87708703934261
138423,23.0955342307263
138424,21.7927281741418
138425,22.8028428917414
138426,9.64679738505864
138427,29.4651107844291
138428,9.70262557148835
138429,22.0313590013124
138430,20.3035904231807
138431,21.9165583213792
138432,11.2018559936216
138433,25.1616643902013
138434,11.9495856533132
138435,21.1836837730302
138436,18.6950170874471
138437,21.127402709909
138438,10.9890548379295
138439,25.1070121533661
138440,12.4043775587205
138441,20.316147398699
138442,17.9093224807519
138443,21.1969590020293
138444,12.1590754912873
138445,26.2759098578244
138446,10.8232220265155
138447,19.8323391454074
138448,17.7587362892272
138449,21.0040186139802
138450,11.458970237104
138451,29.2187843367505
138452,12.2095074417795
138453,20.0277073677213
138454,18.3607502697253
138455,20.848048119263
138456,13.203128922198
138457,30.4216540385157
138458,13.9702240681597
138459,21.0028203110363
138460,18.5747805050559
138461,21.4003204670041
138462,14.0516387084851
138463,32.7150404004387
138464,14.8271387939507
138465,21.5432492178018
138466,19.3414560955886
138467,22.7992715296202
138468,15.2968090778466
138469,30.3655521595648
138470,15.7283798995583
138471,21.9723379001527
138472,20.0236416244379
138473,22.8446459065119
138474,16.3035955353066
138475,17.9803976797167
138476,9.31608208433262
138477,15.7376472618048
138478,15.9612551503805
138479,15.5071705981492
138480,9.39741892240507
138481,9.71713870649946
138482,7.23895677003384
138483,13.4591681819194
138484,16.0955657875106
138485,15.987036570619
138486,7.27290027120631
138487,9.293340402197
138488,7.04205441858001
138489,14.8953697392855
138490,17.1994919456828
138491,19.5487707867521
138492,7.56026860919794
138493,1.01290846820131
138494,7.13688163095322
138495,16.5696391377501
138496,19.5517719525822
138497,23.1868842123735
138498,7.794292493122
138499,-1.70419023116676
138500,12.2413286425426
138501,18.3143830382218
138502,21.9051169433177
138503,25.8733756018535
138504,12.521529564289
138505,-3.5804763831831
138506,14.8602053004864
138507,19.0394355517161
138508,21.6703063050113
138509,27.8158695203984
138510,14.2008686250389
138511,-6.36804692841415
138512,14.8885565699105
138513,19.7677234094783
138514,22.4171071777187
138515,24.7976643726169
138516,17.744011880936
138517,-1.705108504083
138518,14.4876766155174
138519,20.28150453938
138520,22.6720805928985
138521,23.8400266934798
138522,15.1764205666033
138523,-1.70563860602456
138524,12.221259623316
138525,21.6613571984272
138526,23.5621169968476
138527,22.5877399085559
138528,13.045435679948
138529,2.7824347827315
138530,14.0636321704318
138531,24.3499055471015
138532,22.9987309182043
138533,22.9231672861637
138534,15.7672343007353
138535,24.8187786263932
138536,19.6032449276207
138537,34.5093968164734
138538,17.8597707647241
138539,23.12231959518
138540,20.5490049146686
138541,41.0921074027305
138542,25.4917075955998
138543,33.6770481520489
138544,19.6132836873153
138545,26.5893985682495
138546,23.5408757982067
138547,31.1330949544731
138548,16.1504398249937
138549,28.1573030831015
138550,25.2411320845988
138551,19.4387972402627
138552,15.1088503922959
138553,26.0047083525494
138554,8.41276656252286
138555,23.2055524870354
138556,22.9932572177489
138557,18.8869067221089
138558,11.6447624126875
138559,24.0543999050234
138560,8.89131419809649
138561,22.4266850408778
138562,21.0586243573345
138563,20.4288471186261
138564,12.9805972912477
138565,18.3060168078666
138566,8.3145345149934
138567,21.951031341868
138568,18.4919377072921
138569,20.6077524309673
138570,10.3070302025314
138571,15.6758403529356
138572,2.90597627891693
138573,20.2399751347064
138574,20.0289861636265
138575,20.4812164361439
138576,-0.0267720872392943
138577,16.1695575521469
138578,2.58274646978952
138579,19.6567978151887
138580,18.2592882985479
138581,19.5054765751636
138582,0.113151697756596
138583,18.0669832294889
138584,1.40852798463686
138585,18.9799310127716
138586,17.864711896092
138587,18.7556066886602
138588,0.59990736781209
138589,21.1626207651106
138590,3.18840858652582
138591,17.6488759812837
138592,17.7697315883704
138593,18.7119419275508
138594,1.93710436184893
138595,22.0933555662741
138596,4.81233927086732
138597,17.1916109338423
138598,18.2442212993422
138599,18.150711730763
138600,4.60102620325784
138601,22.6059207119482
138602,6.91371548126493
138603,18.0435748345814
138604,18.7275400966868
138605,18.167348285089
138606,6.27050212866293
138607,23.5822981436096
138608,7.61740780169393
138609,19.3025871382135
138610,19.126142070369
138611,19.3942236063533
138612,6.67289785897633
138613,27.2104971317838
138614,8.6571031469683
138615,19.489813418809
138616,19.0080399819882
138617,18.5175474852585
138618,7.37455875107501
138619,12.7762146363142
138620,-0.0984131603990157
138621,13.5393581160813
138622,16.7234087917925
138623,14.3980182164755
138624,-0.295265059723938
138625,3.05514904431029
138626,-9.36749307645774
138627,9.92778096624318
138628,14.35797467681
138629,17.1871714785483
138630,-11.0160679098467
138631,-2.41264634363345
138632,-12.3266254255473
138633,10.7418144793441
138634,16.3873350526043
138635,20.2583745554228
138636,-12.7341514049958
138637,-1.39727974564811
138638,-12.4584005777252
138639,14.9815864942571
138640,19.9232633830868
138641,25.289983183558
138642,-10.6679821004601
138643,0.496974091678474
138644,-7.63437775204074
138645,18.6097888115371
138646,22.3129597477968
138647,29.6298011477827
138648,-8.69345156083249
138649,3.88184147711953
138650,-0.192240038260813
138651,20.6354432541441
138652,24.4792974368055
138653,30.2834607163751
138654,-0.357181446032254
138655,11.8042414297456
138656,6.65478394250157
138657,22.8365998906755
138658,25.34954832287
138659,28.0584687557092
138660,7.18919192401501
138661,18.9432759711153
138662,11.0542400643442
138663,22.6997977909592
138664,26.3899997179498
138665,27.7195628373057
138666,14.0061118763143
138667,19.7173674731822
138668,13.1524359144632
138669,23.8476918725022
138670,28.2019895692118
138671,26.2204654994052
138672,15.1197745709116
138673,21.9298913339162
138674,12.9657344944131
138675,28.7038162414281
138676,29.2990260749116
138677,27.3295565732586
138678,14.3247969702098
138679,42.2075115687061
138680,22.9581568218776
138681,51.8609566580626
138682,41.998095485873
138683,50.7781325610176
138684,27.2808986902423
138685,42.2955150655585
138686,25.9225799210096
138687,49.6223591200638
138688,42.9011434533019
138689,43.3119682300541
138690,27.5368928730266
138691,30.0083538071684
138692,17.8428040956715
138693,30.5362049907767
138694,21.5293448831963
138695,27.8615167626168
138696,18.988358719926
138697,25.4990591120452
138698,13.6315923666291
138699,26.5808284896515
138700,19.4501266054039
138701,22.6491023252459
138702,15.4496686474629
138703,24.9121452071155
138704,10.1152441695693
138705,23.8336959357627
138706,18.7247166034919
138707,20.9022753889862
138708,12.369775723463
138709,26.4178269573038
138710,9.57414287220714
138711,21.5401664582276
138712,19.7769962966671
138713,21.1776824963183
138714,10.9831065838184
138715,22.3149013640309
138716,9.74724434845617
138717,20.2404550812514
138718,18.1651655296566
138719,20.7046234419314
138720,9.98257976679461
138721,20.076277608117
138722,10.7632727645502
138723,19.5735612402342
138724,17.8740302957398
138725,20.3224420383881
138726,10.2555346189192
138727,20.5663134424338
138728,12.8610891964518
138729,19.5774313718004
138730,16.9018810812251
138731,19.909021598718
138732,11.9328087919226
138733,20.6222950258474
138734,13.6558874061047
138735,19.6396929450159
138736,16.6887740347458
138737,19.2855022176017
138738,13.1018399196753
138739,23.0934008061988
138740,15.8991814221341
138741,19.7690887270295
138742,16.7288753397411
138743,19.5935279178016
138744,15.6217337126793
138745,25.1262350384145
138746,20.4580048797999
138747,21.873797602292
138748,18.9370594521229
138749,20.9544552875453
138750,19.4828318586142
138751,29.6222116485292
138752,23.9390963986253
138753,23.8709875416042
138754,22.4069426840093
138755,24.6185420588595
138756,24.4642041814469
138757,28.2591091336968
138758,24.3181984922409
138759,25.5206506507424
138760,23.0183728375606
138761,24.9529490628796
138762,23.7437170556687
138763,22.0836910794184
138764,19.916485783235
138765,20.0514702976944
138766,19.7243121238263
138767,20.1942741115987
138768,19.0722498052427
138769,15.4502726975795
138770,17.2076710921783
138771,14.545150125
138772,16.9258155632108
138773,16.9632983138408
138774,16.2744887985789
138775,16.6775941215698
138776,16.6535623293405
138777,15.2246491639109
138778,16.9281144817593
138779,19.7160052022391
138780,16.758388175971
138781,16.8769535312137
138782,17.4185190046131
138783,17.8602896394307
138784,18.9225330430104
138785,22.4649288031115
138786,17.916275801482
138787,19.5665343867331
138788,20.1602342027299
138789,20.5435331534916
138790,21.1679244034726
138791,24.9075070938976
138792,19.7401831878864
138793,22.3760642163847
138794,24.6474942399474
138795,23.5755381526587
138796,24.0817079893908
138797,27.2561748598066
138798,23.3941704804943
138799,30.8682617065064
138800,27.6479334002191
138801,26.9985942939452
138802,26.7851527379643
138803,27.7077099510219
138804,28.0808239496698
138805,29.7328088990825
138806,30.7035592636625
138807,30.5548807797861
138808,30.4485768537396
138809,31.980665567924
138810,30.8541373920782
138811,32.1562030778036
138812,33.5548287810963
138813,37.0724399527685
138814,33.0375404154546
138815,33.8566831093012
138816,33.8335643815397
138817,36.9531548881996
138818,48.4323235550404
138819,54.3130953055964
138820,34.0964834814128
138821,46.4232428319137
138822,42.7520225566323
138823,59.6690447729763
138824,91.5521079091781
138825,88.933134309404
138826,49.8626300002851
138827,86.779927987119
138828,51.4679854398022
138829,57.250661758137
138830,51.1947823389859
138831,61.3134644289526
138832,48.9930946762755
138833,64.5896895807936
138834,56.1394725681386
138835,51.9550080885978
138836,27.7372356035996
138837,38.9546058588659
138838,22.1997391547676
138839,27.5297582498021
138840,34.7849672636508
138841,39.4392406375129
138842,20.5718697590734
138843,33.1862528544977
138844,14.279585861323
138845,25.5101797112696
138846,25.6101358692082
138847,42.3864837077981
138848,21.8821698468356
138849,29.130898762966
138850,21.6747865184926
138851,24.5385597837298
138852,23.9936272011481
138853,40.402727228286
138854,20.1868493065654
138855,26.8296295144243
138856,21.4544224853955
138857,24.7506161972043
138858,17.4611840127905
138859,28.7383861332904
138860,13.2371394296972
138861,24.2363528882297
138862,21.0142502184943
138863,24.5999448693139
138864,15.2894744373662
138865,29.8059513195387
138866,17.9405892142316
138867,24.348701407177
138868,21.769761306654
138869,24.9999303185248
138870,14.6059699761777
138871,29.5083398636938
138872,17.8681367491845
138873,24.3096223076524
138874,21.6232700701254
138875,24.8895110550588
138876,14.3001473557713
138877,34.4892945742872
138878,16.2602492360992
138879,24.302202966307
138880,22.3341700026169
138881,24.7640503077197
138882,17.4317826481735
138883,41.362211755053
138884,21.0072874930316
138885,24.4354616723893
138886,22.7507889755958
138887,24.9268702629524
138888,19.8104758420583
138889,51.5426458267648
138890,22.6507323378552
138891,26.819805977714
138892,23.6773437548164
138893,25.8437628387606
138894,22.6799232895523
138895,58.2711477511187
138896,26.2629834925245
138897,29.7591231317822
138898,24.4723860084175
138899,28.5875551707044
138900,25.6779996162747
138901,63.2563678887413
138902,23.1975261915631
138903,27.9839126258594
138904,25.1047593494677
138905,28.786310929713
138906,23.7915648641292
138907,33.4059121629894
138908,18.4184956791567
138909,23.5588847885904
138910,22.4456590084917
138911,23.4498139387832
138912,19.0386285550067
138913,27.2069735717671
138914,16.5269301627119
138915,18.9981017593371
138916,18.8900974162169
138917,20.4829379232437
138918,16.894876644946
138919,25.2735959336861
138920,18.8743063392978
138921,20.373729004084
138922,19.4285845564463
138923,21.3990068459149
138924,19.6849112490651
138925,25.0412854080252
138926,21.5391012179063
138927,22.9991500314509
138928,18.3588188299292
138929,23.2367588187045
138930,21.0678546517328
138931,23.9866825454277
138932,24.0967438228675
138933,26.4603702303489
138934,23.7410255307996
138935,26.4624953241697
138936,24.9906061527792
138937,27.4174775213769
138938,30.2736217487669
138939,32.0608934696439
138940,27.124065332395
138941,31.6791981475215
138942,30.6761214441968
138943,28.6111835444193
138944,32.1465906133142
138945,36.4346983327468
138946,29.4602454726466
138947,33.5353897200937
138948,34.9275220240109
138949,32.1478990374764
138950,37.5275910021714
138951,33.0353643053707
138952,32.3244930722998
138953,37.568153965802
138954,38.2700148452566
138955,26.4040354697706
138956,44.1350309446266
138957,36.6621047513877
138958,29.8743841749918
138959,41.4243800724358
138960,41.0116362409509
138961,44.2378582810312
138962,56.1513230142681
138963,46.3911422519214
138964,33.5239263449898
138965,56.0190577616755
138966,55.0807898470079
138967,59.0591510123355
138968,86.0278116434995
138969,67.7863330885825
138970,32.3389000491586
138971,73.6012512718568
138972,78.9001735891657
138973,67.62526967901
138974,70.7572637260106
138975,62.6428262655735
138976,22.1681579169419
138977,48.4011993754975
138978,69.8623347691553
138979,65.0988720599863
138980,43.9024420275206
138981,42.4647412181605
138982,26.0863805517811
138983,38.9035030089818
138984,42.8829422348142
138985,57.7339055260928
138986,28.3228955586742
138987,32.5072651796064
138988,28.5759466682347
138989,30.5112895844376
138990,29.3437338170113
138991,55.1261937994189
138992,25.8314147124679
138993,29.9988736810364
138994,24.7984308268004
138995,29.1090314452657
138996,27.2103863880988
138997,46.5388257932216
138998,24.3516857505369
138999,27.6539354545308
139000,25.3397204572962
139001,27.7388786655815
139002,25.4832104603108
139003,57.5810198881576
139004,25.8921831630129
139005,27.8492358257959
139006,25.5857681092465
139007,28.156009338189
139008,26.4234436019366
139009,54.6703088617379
139010,24.1162450290761
139011,28.3897812540084
139012,24.3288787988413
139013,26.7300229110303
139014,25.5982931265418
139015,54.2509437157202
139016,26.4151035987335
139017,28.6306081610786
139018,24.3653509534248
139019,27.142021101621
139020,26.125924274072
139021,52.3118726694727
139022,27.3964218523785
139023,28.6050498420083
139024,23.4368252133582
139025,26.5375771677074
139026,26.9687824283181
139027,48.3330776765074
139028,27.7008790135404
139029,27.8813128208336
139030,23.3646686900349
139031,26.0397852736847
139032,28.5625708047358
139033,45.3650830813066
139034,28.0700412298058
139035,27.8856322965886
139036,22.875110550951
139037,26.4752121038651
139038,27.8346155423516
139039,57.2700011743265
139040,30.6365918104807
139041,28.7138995794997
139042,25.1770776276543
139043,28.9133409907569
139044,31.1718977910752
139045,55.2993341992662
139046,29.9249325421389
139047,27.353926969086
139048,25.5628170698873
139049,25.9994823518892
139050,29.6335284565618
139051,28.3480295881258
139052,25.7679187937483
139053,22.5240864757597
139054,21.9445852597221
139055,22.2570004013423
139056,26.047928744328
139057,23.7421436497831
139058,22.5963755496251
139059,20.9851399189081
139060,19.9948375781407
139061,21.3087087160181
139062,21.7491004139671
139063,24.6442593797425
139064,21.6364817742158
139065,20.2806806579632
139066,18.6100313395988
139067,21.881266551574
139068,21.0531270491686
139069,23.0874142233603
139070,22.8370552715052
139071,20.9627164451765
139072,20.6909707892305
139073,23.1385794513992
139074,22.1771790415125
139075,25.5524744265674
139076,25.2199125566421
139077,21.9394761242048
139078,22.0775412062374
139079,25.3966382435868
139080,23.9681160677293
139081,27.5777125868617
139082,26.942554966579
139083,25.6344034896787
139084,23.5500648130054
139085,26.4175455249718
139086,26.6110811890059
139087,34.0619952861966
139088,28.3364399287946
139089,27.8224855928597
139090,27.4287649533446
139091,32.4185551704824
139092,28.7439481969276
139093,33.4283722982869
139094,33.017685217384
139095,29.9633643073981
139096,32.1339849559389
139097,36.1546764497967
139098,31.4766589199663
139099,36.4680194541234
139100,42.8521358664499
139101,40.8156014157569
139102,18.8726472580554
139103,36.2016485183326
139104,37.7409842300033
139105,44.6736551011781
139106,51.7609983606218
139107,50.113958132553
139108,19.1980418000923
139109,32.5749456876338
139110,50.4748136614374
139111,60.8141090069199
139112,71.3483369943783
139113,82.3887914432784
139114,53.7024665510904
139115,56.8605839399741
139116,87.4342800606522
139117,64.4123718648962
139118,52.2511581397194
139119,69.0097068394662
139120,39.3346106291512
139121,72.8426903526992
139122,56.4033200191798
139123,61.4343246772597
139124,42.5891139757775
139125,45.3388442627455
139126,38.8500279146271
139127,55.1012972311811
139128,46.8171380630695
139129,61.8375433983951
139130,32.493911597024
139131,33.7330629695299
139132,34.7007601686998
139133,40.1214145456973
139134,31.5138353885839
139135,55.3871199944669
139136,29.3619130983512
139137,32.8116602588022
139138,31.3466642219641
139139,33.34126874052
139140,29.7392377918732
139141,54.4196322159375
139142,24.735316627921
139143,28.1239288500535
139144,27.0450614320906
139145,29.9337972974908
139146,24.6103741901355
139147,49.6600252976786
139148,26.1088037102875
139149,28.2836771985682
139150,24.9280117483045
139151,28.1168156324032
139152,26.2458741506909
139153,44.6590998802397
139154,19.8418690182429
139155,25.5794699908271
139156,22.9498496334062
139157,25.4898961875855
139158,20.6943512055622
139159,41.2911618499122
139160,18.802773669665
139161,24.6579736590254
139162,21.961252535112
139163,24.3431421512826
139164,19.5105421919029
139165,39.9194477120616
139166,18.2444471841624
139167,23.983432157083
139168,21.4736976995069
139169,23.7261501926453
139170,18.853096646359
139171,44.9238936041971
139172,18.3547664846453
139173,24.6829414964604
139174,21.1613740989773
139175,23.2217508269806
139176,18.621057511139
139177,47.925329545155
139178,20.3471807700445
139179,25.4793399901066
139180,22.4299940771831
139181,24.0966352297368
139182,19.5651867311002
139183,54.70296223154
139184,24.4254356086375
139185,26.1332947157148
139186,22.9289254376908
139187,25.4783410191337
139188,23.8689318394587
139189,59.7351035943092
139190,25.2781995155967
139191,25.1836413375686
139192,23.245858830274
139193,25.5456208371283
139194,24.556463030488
139195,25.6738617585314
139196,20.9990796684274
139197,21.5329139100727
139198,20.1866064482932
139199,20.5613199463475
139200,19.3378856349228
139201,16.6792472701252
139202,18.6985539528127
139203,15.8367990984235
139204,16.8666158956601
139205,17.4187372742061
139206,18.0607777453712
139207,16.6649694284361
139208,18.2000386878744
139209,17.1689822144503
139210,16.5107870262112
139211,19.4549878412544
139212,17.3439164280703
139213,16.4230843425281
139214,18.7918950813882
139215,17.7596277713551
139216,16.9434126768186
139217,20.4849223268532
139218,17.9761544118131
139219,18.0949242265964
139220,20.0152411151158
139221,19.859098201538
139222,18.9492985064531
139223,22.6931807360185
139224,19.8632312357021
139225,19.4124208203252
139226,22.9016590383628
139227,20.2795970952499
139228,20.4707268137176
139229,22.4980975391176
139230,21.9318277742678
139231,21.2784037302479
139232,24.4868836577281
139233,20.9200771857582
139234,22.6948192363222
139235,24.7632755308395
139236,25.1678431197444
139237,21.0498085540922
139238,25.8614360559471
139239,22.640902266028
139240,24.1981488448763
139241,25.273504962195
139242,26.1157532773094
139243,23.907459690516
139244,28.0787923191818
139245,25.3464389763489
139246,21.9189694724392
139247,27.4559588283333
139248,28.4299294476168
139249,31.1021839124076
139250,34.7766416442766
139251,32.3731376211127
139252,29.9714338453892
139253,37.5482449142169
139254,43.5185650189739
139255,57.1600510699561
139256,65.1219828430711
139257,57.8893087461177
139258,46.7707843025444
139259,82.1093141779181
139260,62.3497126865875
139261,64.2500046263238
139262,45.933870758664
139263,60.8557760284779
139264,42.8207403706873
139265,60.0058795272331
139266,48.2568157800743
139267,66.2392737775039
139268,30.1805775895118
139269,44.3619231271484
139270,34.5209020739468
139271,41.5723444104451
139272,32.2400896387104
139273,60.5581799215817
139274,21.9476081360795
139275,33.9112315532608
139276,29.3407174677068
139277,32.0956731891792
139278,21.7929926958934
139279,56.5976112761079
139280,21.1321761830085
139281,29.1320358696912
139282,26.4804665938076
139283,28.6001620780164
139284,22.2286966338805
139285,48.5837562187804
139286,16.9912533333206
139287,26.7563761653431
139288,24.1505791672843
139289,26.4019016375679
139290,16.9287406464126
139291,48.4808066371908
139292,15.9869503314156
139293,24.8109632349624
139294,22.9734450209486
139295,25.0541961945888
139296,13.8008905472718
139297,35.0312515654491
139298,18.4088086494396
139299,23.5995235983123
139300,20.7871462761857
139301,23.5993058664995
139302,15.4299358196915
139303,34.356246234525
139304,18.6719469170032
139305,22.716750162145
139306,19.3801747265973
139307,23.0397769297416
139308,17.5872960893292
139309,29.7062237471476
139310,16.3594720530133
139311,21.8111278862503
139312,19.2809574249612
139313,21.7461429828654
139314,18.0350195942598
139315,26.9505146999069
139316,16.8673337404711
139317,22.3790771903942
139318,19.203891828005
139319,21.7428008903156
139320,18.1975142280462
139321,30.4385185747922
139322,21.111144811568
139323,23.7667696929322
139324,20.2944191753253
139325,22.7592399274563
139326,20.0773841640691
139327,36.9052313041911
139328,22.5716144652349
139329,25.1709091703432
139330,21.5142182831816
139331,22.7023704393431
139332,21.0419532959718
139333,42.6980236049169
139334,24.273345798006
139335,25.4850598207036
139336,21.2267698793621
139337,23.3763733759504
139338,22.8723139132452
139339,22.4176809531191
139340,17.9953426981853
139341,19.3878279192202
139342,17.9116708514066
139343,19.9821775925304
139344,17.0390635601703
139345,15.6413727310666
139346,15.3051526900467
139347,15.7088239146105
139348,16.2975014172134
139349,18.590620668924
139350,15.4450295852576
139351,15.968072413595
139352,16.2953392279912
139353,16.5243911298846
139354,16.6400214125825
139355,19.0022062375698
139356,15.8260536982938
139357,17.1471114618886
139358,15.6495928180255
139359,17.5915782630631
139360,17.0969381596861
139361,20.0590761408511
139362,15.3844461285634
139363,18.5964150318903
139364,18.5690670038912
139365,18.9428727569706
139366,18.0197254142741
139367,22.220477313837
139368,18.4448946706397
139369,19.606062600654
139370,22.1335681751939
139371,21.4162194495241
139372,21.4981818740569
139373,24.2485197193914
139374,22.5126602929484
139375,20.4820549529536
139376,23.0553852449575
139377,23.440459806036
139378,23.583395858199
139379,25.8712811495165
139380,23.6002110724418
139381,22.9260129247751
139382,24.6230607634263
139383,24.98529797851
139384,26.36400323567
139385,27.9091178153834
139386,25.4402631572557
139387,25.6550141812046
139388,24.9782216212719
139389,27.1772054968064
139390,27.0333375134205
139391,28.7949671553108
139392,26.9761892602481
139393,34.2542783283279
139394,32.9858790311374
139395,40.3882568009448
139396,41.3209798287543
139397,27.0860613227645
139398,39.9433444565603
139399,81.3575805910683
139400,54.7163348168074
139401,94.5957705462974
139402,47.4896893727634
139403,39.7213895953146
139404,61.801281846126
139405,73.3600690204448
139406,47.7524831288852
139407,69.5186905133745
139408,42.1900830271758
139409,61.9838760335545
139410,47.8157754010394
139411,62.3342704165879
139412,29.4446292993777
139413,44.7463016914864
139414,39.8197397562026
139415,43.0102444763204
139416,31.8260534815348
139417,70.1059419062943
139418,21.1178067563723
139419,34.3194127050339
139420,31.8449230928399
139421,32.311799335205
139422,23.6747267073081
139423,55.1083134199464
139424,19.6874314017218
139425,28.0066448190052
139426,24.0607680047647
139427,28.6279778038975
139428,21.1604598189975
139429,50.1247797911769
139430,16.6688828919178
139431,24.774848645231
139432,23.4181630481388
139433,24.9671321329295
139434,17.0905311729367
139435,42.2916168798762
139436,17.4754506609446
139437,24.7956459745579
139438,23.5729139605676
139439,24.8676611361226
139440,11.7560714981755
139441,32.8052709079174
139442,16.2524119703776
139443,22.4684018592602
139444,21.5161104488921
139445,23.1521874022667
139446,14.9741359760147
139447,31.9953644837954
139448,16.3141250945907
139449,21.263618981399
139450,20.0404911156502
139451,21.6294171798719
139452,14.263822570865
139453,33.2934391493129
139454,16.4038564537579
139455,20.5940906532673
139456,19.6559381654256
139457,21.4335550444708
139458,14.9863756380426
139459,32.5812824941464
139460,14.6001866576759
139461,20.80162761634
139462,19.7679824324189
139463,20.9485281632457
139464,15.6363140958894
139465,33.3356689887843
139466,19.0033680979052
139467,22.1244470885016
139468,19.975942843683
139469,21.1840872218184
139470,16.8648843610683
139471,35.9606512223016
139472,20.6729802505572
139473,21.9119284535302
139474,20.7311582143274
139475,21.5218617951664
139476,18.3858740810115
139477,38.5337030245782
139478,18.6160397581014
139479,21.8507828443711
139480,21.6244388313889
139481,22.4961581055588
139482,18.9242507487449
139483,27.4139245914518
139484,16.1696215242289
139485,15.381399818235
139486,17.6810060992775
139487,16.7415178867519
139488,15.5950358186583
139489,21.1168742844479
139490,14.1576031283959
139491,13.7424460822957
139492,17.0607955058672
139493,17.0354964943686
139494,14.3156498517256
139495,21.9966804511906
139496,13.2473998555773
139497,14.6296323553122
139498,17.5146777688048
139499,19.0159071562362
139500,13.2933518614236
139501,16.8048773645229
139502,12.8718457854
139503,16.9929586128118
139504,19.0291362273378
139505,21.39079263189
139506,13.5285065365605
139507,16.0963988824444
139508,14.5216183470753
139509,17.0261544115665
139510,20.3036280304017
139511,23.8585416264053
139512,14.2152199416372
139513,15.258182834349
139514,16.5733762964204
139515,17.3319949725562
139516,21.8324745117527
139517,25.1429927000059
139518,16.5654539932238
139519,10.555206255193
139520,16.8935515364975
139521,18.0094164372077
139522,21.8252880139238
139523,24.1094427107796
139524,17.437664814071
139525,-3.83803449400773
139526,17.4252139196506
139527,19.0598725596515
139528,22.4387378448879
139529,21.5386324420401
139530,15.3123020460572
139531,-3.36088114446786
139532,14.6865168092658
139533,20.5101730432076
139534,25.4018263191913
139535,23.739723748727
139536,15.2044955728789
139537,13.4531998503334
139538,13.0621432056197
139539,25.2652677755285
139540,29.0700143992744
139541,28.068615422622
139542,12.8893117562677
139543,40.2834514466933
139544,23.7099136139142
139545,45.9922784324404
139546,45.5174311052731
139547,60.5241385133014
139548,25.1842450569602
139549,42.1149870550082
139550,21.4906297227376
139551,38.7042507369086
139552,42.9349693541964
139553,40.5376373930579
139554,22.4014657247099
139555,32.3092878062765
139556,13.9280248993833
139557,28.8318663904008
139558,30.985058876237
139559,27.4009534753403
139560,14.4211787328501
139561,30.6625278702883
139562,7.73132341773137
139563,22.7178189274677
139564,24.5105676576627
139565,22.8298106916796
139566,7.61599065099431
139567,27.4579075824079
139568,7.58522859984964
139569,21.7587168394661
139570,17.9526286915043
139571,19.146348924073
139572,8.44800188922225
139573,23.1418787015801
139574,6.52682402845207
139575,20.8050967793178
139576,18.2691713232902
139577,16.8111338862931
139578,6.0522640463336
139579,13.5281289828079
139580,-1.64318092381321
139581,15.9823787634579
139582,16.7616446055621
139583,11.5450667753492
139584,-1.45741852877218
139585,15.086836154085
139586,-1.91944241214577
139587,14.311802332681
139588,17.1971552511117
139589,9.33423134304035
139590,-1.08189258623846
139591,15.1692328727851
139592,-2.12569339795217
139593,13.3353758939933
139594,16.3757213569026
139595,7.21276980889762
139596,-2.97050579096058
139597,16.4902747517149
139598,-4.25652970336266
139599,12.5510482551542
139600,16.6781484031495
139601,8.30294887078309
139602,-1.54864266252986
139603,15.014287671448
139604,-3.58453666726569
139605,13.0399114865186
139606,16.2233693435543
139607,9.00317483093727
139608,-1.19242499126604
139609,20.2592848342167
139610,-2.36349505871194
139611,14.1491631744948
139612,16.891320946698
139613,10.9291118288247
139614,0.169466774020449
139615,22.2114573770959
139616,3.61876317737141
139617,15.3586663646155
139618,17.4766972551063
139619,16.0904710590616
139620,6.94203510155253
139621,21.4320274452821
139622,7.38313137468095
139623,14.441057774012
139624,17.7582059866656
139625,16.2813063378232
139626,9.61346017901277
139627,14.4690901300645
139628,10.2453580591002
139629,8.8744204750159
139630,15.6758845962883
139631,9.50734894376707
139632,10.008663987306
139633,7.29468068798558
139634,1.67257982400987
139635,7.52557308790932
139636,9.6883641948276
139637,8.68339454403251
139638,3.14925095251109
139639,1.20342270476377
139640,-3.46528450592206
139641,8.70654344550634
139642,9.66549098012781
139643,10.532031414868
139644,-5.26174569782645
139645,2.79046468672523
139646,-5.14361231087948
139647,9.54898616422962
139648,10.4321482996719
139649,11.5467992120639
139650,-5.43680773128504
139651,7.67501669775547
139652,0.574517509816857
139653,9.8550058987248
139654,15.9636851962269
139655,17.451958681598
139656,2.20975310064182
139657,15.2452482581438
139658,10.6991052296216
139659,14.2945618478762
139660,20.5285798096756
139661,20.0488282032496
139662,9.57816229277325
139663,22.9305035441573
139664,14.43387192806
139665,17.8985038334939
139666,22.8737666981488
139667,20.470861692729
139668,15.4874178510997
139669,24.9075442985853
139670,12.2320246450422
139671,18.3050304913272
139672,25.9032082158837
139673,19.5585068025886
139674,14.2111380166307
139675,20.1086226073755
139676,17.3677237029063
139677,17.9087014905452
139678,25.0512320269889
139679,19.0928756978726
139680,18.6012057914098
139681,32.9423113854287
139682,22.9399173864819
139683,22.1181394038653
139684,28.5822512567269
139685,22.9995671320372
139686,20.0237623272748
139687,61.7199739855087
139688,31.6451133259166
139689,36.2919053039417
139690,37.7829184806402
139691,36.3641377550352
139692,29.7305214434873
139693,78.3484963837173
139694,30.8112806041957
139695,29.6633373095723
139696,33.1235715667702
139697,27.0550024285413
139698,25.4905656267522
139699,71.105576891889
139700,28.9704909340957
139701,23.4735555276052
139702,23.55989292603
139703,20.8119202474911
139704,23.362027547686
139705,53.8273216850489
139706,23.4503658249297
139707,20.7754438967556
139708,23.2572504786807
139709,20.9522251679757
139710,21.4814056660713
139711,34.9645982687036
139712,23.9151273550364
139713,20.6742261183186
139714,18.6974926920446
139715,17.8197036184048
139716,24.2407806352829
139717,32.5676334091779
139718,24.7603928752847
139719,20.1130381521336
139720,15.1233943897271
139721,15.1349131713266
139722,21.2830388370086
139723,25.483094849717
139724,17.5233647536382
139725,17.0203176242487
139726,16.0340974027281
139727,12.083276962743
139728,15.42458603002
139729,24.9404444073591
139730,15.285522434512
139731,15.7046626782757
139732,15.8900126240608
139733,9.27446975728676
139734,16.9812432574332
139735,28.2439061884487
139736,16.0342388131589
139737,15.4233949790983
139738,14.6739287931933
139739,10.3771222430711
139740,17.4415666199094
139741,30.7167441137274
139742,15.9765012048711
139743,15.6433514548028
139744,15.3360455683165
139745,10.686576888598
139746,18.7025121817169
139747,28.6545384549674
139748,18.7618700917531
139749,17.2912405942194
139750,15.8207384803277
139751,10.8344862036929
139752,19.6171031069129
139753,25.1538087445938
139754,19.9659988198625
139755,19.9067499419133
139756,18.6302683286556
139757,14.0933672583626
139758,20.1199767173657
139759,28.1858186182569
139760,20.535219750386
139761,22.503667025297
139762,21.7448654558824
139763,20.786771121662
139764,22.0808329772256
139765,34.2953451676918
139766,21.96281941825
139767,23.0995978535246
139768,23.2910650052328
139769,20.9433910295054
139770,22.302629743363
139771,26.7127438734689
139772,19.3260974892224
139773,18.7676453424355
139774,19.4452916157427
139775,16.8317263687365
139776,19.2506890980753
139777,22.2328479026536
139778,18.6341767609864
139779,13.2945475017279
139780,16.6560483875066
139781,14.796827355806
139782,18.5248471222798
139783,19.8654346094297
139784,18.8061648134678
139785,17.1756861046476
139786,16.8886164755814
139787,14.8745936578677
139788,20.0048659950524
139789,24.3224840463319
139790,20.4106349207615
139791,18.4788868320271
139792,17.6308023012641
139793,17.2372361264503
139794,19.7290221456915
139795,25.2821537391743
139796,20.9759896936185
139797,21.4432237282698
139798,18.4166013634179
139799,19.9687742510146
139800,19.9173397320742
139801,27.4513860075889
139802,21.4794018993918
139803,23.7224977881484
139804,21.0671474407644
139805,22.9176267136347
139806,22.2855993908697
139807,30.7882940587088
139808,23.6707409116518
139809,26.1193556561528
139810,21.84313718259
139811,24.2461250617001
139812,23.8217185076358
139813,30.7262880221131
139814,22.4949167276835
139815,23.3906828169724
139816,20.6039490302163
139817,22.7319980230842
139818,21.7297420380327
139819,30.94787479846
139820,25.7092000667081
139821,25.2392214290048
139822,21.010177646622
139823,24.4257955159563
139824,23.9205561686848
139825,32.7769664190362
139826,33.6762599267577
139827,26.4042937135078
139828,24.1524532319729
139829,30.7985973539394
139830,30.4447916798031
139831,43.2552859401307
139832,62.0239168222248
139833,43.3210894402963
139834,41.1811636714829
139835,50.6221859286815
139836,55.3334403504059
139837,42.318462151767
139838,40.4582035720354
139839,36.9133483901368
139840,23.3737380259897
139841,37.3128659560611
139842,42.853784449369
139843,33.6067114235017
139844,28.7539771452566
139845,29.2742687820159
139846,30.1639069659782
139847,23.2480179438328
139848,26.5508216296483
139849,27.2405990435384
139850,27.3472709726029
139851,25.9698217420549
139852,21.9794035889135
139853,22.6269828137475
139854,18.5560149209571
139855,20.5751609826887
139856,21.1347009809447
139857,22.6466407204518
139858,21.7514859018519
139859,20.1101932826706
139860,17.6563424799326
139861,19.4460464884254
139862,20.9992753778833
139863,20.1414956050918
139864,18.8154808637389
139865,18.7745059521753
139866,17.5629440780173
139867,21.8249899810633
139868,15.7408421908855
139869,18.1784068211563
139870,17.3481463776603
139871,17.7909520534278
139872,12.2244242196196
139873,17.2019273806033
139874,11.5841716431025
139875,17.6480131409929
139876,16.1065639236796
139877,17.2017403672365
139878,9.57599490657608
139879,17.6642020781693
139880,12.1091017345913
139881,17.0098556829135
139882,16.4665252961299
139883,15.309407594132
139884,11.2627824563351
139885,17.8728803599646
139886,13.3253566673657
139887,16.88383782577
139888,16.6549393467837
139889,16.0685847737801
139890,11.2502567637159
139891,18.7688776490621
139892,13.3175672204021
139893,17.1642883257885
139894,16.8920961589384
139895,17.5719079543443
139896,12.1256135045459
139897,19.8341793868709
139898,16.6185093576142
139899,19.9296196904642
139900,18.801126772789
139901,20.797031120231
139902,13.5564697363746
139903,20.8786422880145
139904,20.1606693286653
139905,22.5964309465305
139906,23.2660029860377
139907,25.2533574584329
139908,17.2671061939557
139909,25.9657466211281
139910,19.5953079028629
139911,22.796272810639
139912,24.3102411368458
139913,25.6553775324966
139914,17.2568036842857
139915,23.8986423514197
139916,15.7733641996808
139917,17.2902660577412
139918,18.552279012167
139919,19.1229332351177
139920,14.6709878461215
139921,17.5313931611807
139922,13.0724133201274
139923,13.5222442335964
139924,16.7308344306911
139925,17.7202191271099
139926,11.3167875089196
139927,13.0367634330791
139928,11.0293324853979
139929,14.4833348822613
139930,18.3076294810562
139931,19.3506154078096
139932,10.8912073054049
139933,5.25301454769356
139934,11.905827100847
139935,15.8337627188662
139936,18.5304759296754
139937,22.9315323512228
139938,11.7041225751086
139939,1.01879280956792
139940,13.8331510793009
139941,17.5381466679272
139942,19.4055658081989
139943,24.7658078138819
139944,13.6564675084833
139945,1.37797870321642
139946,16.1550713830651
139947,19.7127553791855
139948,22.3311226602598
139949,27.2865341233974
139950,17.0754958093075
139951,0.27596585429621
139952,17.8092181817576
139953,22.3135520836758
139954,23.7779268924536
139955,27.6929708976224
139956,18.3473107655479
139957,0.964962980788037
139958,18.285722337266
139959,23.2161984512835
139960,25.4832183985553
139961,28.5528841506072
139962,18.7593598793543
139963,-2.74118810358759
139964,19.8957659585216
139965,25.0097487780143
139966,27.8290365942737
139967,29.3564008348704
139968,21.0107058473824
139969,8.8478488485717
139970,23.3714106792457
139971,34.8069989191817
139972,34.4814717843471
139973,35.626414610304
139974,27.3994122069737
139975,42.0005578352485
139976,51.6624691808596
139977,57.3819718404896
139978,40.455362060705
139979,51.0566214766251
139980,54.383262429098
139981,47.9463739499681
139982,34.747213361133
139983,46.2329547212759
139984,37.0058383117429
139985,31.1333542036865
139986,37.0751762576108
139987,43.7600620842966
139988,25.636268410644
139989,31.6652889942193
139990,33.0264717082885
139991,26.4216826918443
139992,23.5556741338518
139993,36.8011163493293
139994,16.6454639911864
139995,27.2620640506645
139996,24.9087408173212
139997,24.955243378278
139998,20.6273955892951
139999,30.2695715560893
140000,12.2219716080578
140001,24.6040704936312
140002,22.6810678568472
140003,22.824521872874
140004,12.7049376684829
140005,25.8565611593525
140006,9.78087223869479
140007,22.1993939998853
140008,19.6359775444686
140009,22.881170806291
140010,11.1390452549356
140011,22.856370911059
140012,12.3196707097341
140013,20.6902284663355
140014,19.5126238640266
140015,18.8177047601309
140016,13.1557119535321
140017,26.2622498472412
140018,11.8421963843848
140019,19.4847362953653
140020,18.5698538405127
140021,21.1441876307986
140022,12.0156115874069
140023,25.7876868793702
140024,11.8565457650197
140025,19.2581699737773
140026,18.3004939624192
140027,20.9918005433936
140028,12.1713412933489
140029,27.267768805941
140030,13.5513173526089
140031,19.0090517214572
140032,18.2038278160271
140033,20.5594937368642
140034,13.9037765246698
140035,26.922416620608
140036,14.6028818444558
140037,19.7934286044888
140038,18.6433242333832
140039,20.1892645170335
140040,14.4169026938971
140041,33.0293757092229
140042,16.3661205372681
140043,21.9319693475758
140044,20.8452620350626
140045,22.4964205702811
140046,16.7006358608688
140047,42.4127785832787
140048,19.1081082755426
140049,24.4733288735829
140050,23.5037979790844
140051,24.0485200549328
140052,19.2769858309833
140053,47.2774525371077
140054,20.1075425315434
140055,26.1385274848336
140056,24.0915654904605
140057,24.7973268999496
140058,20.8373286006801
140059,22.1078087132084
140060,16.50193217596
140061,17.9390898072765
140062,19.2849092553323
140063,19.3983637104858
140064,16.4646099701672
140065,15.8031326303804
140066,13.5644432876076
140067,13.8129339835121
140068,17.2538733084413
140069,17.5263996649989
140070,12.2626691109679
140071,14.1898906623419
140072,14.4391162711043
140073,14.9710673630086
140074,17.7297219572761
140075,19.2728982290282
140076,13.7836026942359
140077,9.0592244153246
140078,14.9632863835235
140079,16.2316724698887
140080,18.4681701194755
140081,21.6259386914801
140082,14.6635485319477
140083,9.37386557895584
140084,16.731072268893
140085,17.1733734313587
140086,19.2391324742671
140087,22.7188840823439
140088,17.0148855574228
140089,14.6317471148569
140090,19.4752921954317
140091,20.0189654060081
140092,22.2353217586064
140093,24.7097241003977
140094,19.5514951422543
140095,14.6341342274233
140096,19.1756929442419
140097,21.5552176581405
140098,23.762757539598
140099,26.146764743596
140100,19.2002315412542
140101,10.8435777001336
140102,18.9473126740379
140103,22.7500920662773
140104,24.5477336880057
140105,28.331411658803
140106,19.7170359159492
140107,11.3169857387337
140108,20.2354109700134
140109,23.989212956954
140110,25.1268564490877
140111,28.4363134726199
140112,20.2844895362155
140113,16.2159000559794
140114,22.7778418930431
140115,31.2905161440048
140116,31.4275565120308
140117,34.9612206906054
140118,22.879781271849
140119,42.8979580343186
140120,36.6537417447454
140121,63.8564151020836
140122,49.0348375024836
140123,65.4165237857014
140124,41.8331815656641
140125,45.4503636343376
140126,20.9209805833945
140127,40.5165254113558
140128,41.8512377349418
140129,42.8680216595589
140130,23.6418127476554
140131,41.5842958590291
140132,14.0003971589167
140133,27.8531549229066
140134,28.7177069721061
140135,29.2313705872506
140136,17.1527648961256
140137,28.0809056817456
140138,8.0901292467974
140139,23.1666317858506
140140,18.7294335744419
140141,19.6199705639127
140142,7.38093631310065
140143,24.6685880915548
140144,5.30101787703177
140145,21.6520689780988
140146,19.3959003044366
140147,17.933261100985
140148,7.93674997143061
140149,22.3990896527125
140150,4.70668726901968
140151,19.9775696070427
140152,18.5884976551641
140153,16.7407640123412
140154,7.37813438216488
140155,22.0988051896161
140156,8.73684112164935
140157,19.2081738308134
140158,20.1941777428893
140159,18.5314880836108
140160,6.42475962446351
140161,23.7189370615195
140162,7.92552272992565
140163,18.2553974170669
140164,19.0920687939114
140165,16.9213495673137
140166,5.84908485310082
140167,23.5675029780421
140168,7.09146695616846
140169,18.0435539167524
140170,17.3132338818995
140171,13.1360224248053
140172,6.65774391788316
140173,23.6438414261425
140174,7.14476792772744
140175,17.7659472368358
140176,17.0823998812409
140177,14.198657286503
140178,6.84549317727375
140179,22.2854413800221
140180,9.77561935135872
140181,18.1386058344688
140182,18.3427268311157
140183,17.8592497589668
140184,8.65711759497793
140185,22.7687506656018
140186,13.1178397716582
140187,19.5275524650595
140188,20.1295802927521
140189,20.4855121185414
140190,13.5527057245859
140191,23.0696191635616
140192,16.8213260220783
140193,22.4248746707076
140194,22.8077351515867
140195,22.3591424533945
140196,17.0631006911812
140197,25.2797312633412
140198,16.9280641114567
140199,22.2086628145275
140200,22.3171454750477
140201,22.9524317753789
140202,16.6280947077372
140203,16.7268147203942
140204,12.8969522003615
140205,16.6150175717305
140206,19.30906868143
140207,18.2825915097831
140208,12.782157355064
140209,9.0393233842828
140210,10.1096824389314
140211,14.3180906454818
140212,16.6525043251843
140213,15.3612849995275
140214,8.91733125342837
140215,1.49267193382897
140216,9.65303394211726
140217,16.9032223206584
140218,16.7345657633762
140219,15.8546897859358
140220,10.6748111955109
140221,-3.25785481880675
140222,9.46284612031169
140223,17.9533878088897
140224,17.5020667417176
140225,17.2322232254406
140226,10.0610794466831
140227,-5.12024334406599
140228,8.6897707293118
140229,18.6165757109865
140230,20.538251542467
140231,21.1186987449806
140232,8.3327411823306
140233,-4.4593030233063
140234,10.9053448769795
140235,18.4890597567761
140236,22.7739416303968
140237,21.9865195435626
140238,11.4267591028235
140239,-3.11590584260824
140240,11.103944494688
140241,18.0385526658201
140242,23.947157541274
140243,23.1322547651198
140244,12.5327137054906
140245,-0.979062922050463
140246,11.4509089609539
140247,17.616142674374
140248,23.8957219331973
140249,21.1110802074826
140250,14.5290574677313
140251,5.28068583857064
140252,15.4164577895496
140253,20.5379633493141
140254,25.3447724055524
140255,22.0792834258728
140256,16.1725299559611
140257,15.6922249213209
140258,14.7535480839771
140259,25.2215478107765
140260,24.29778392992
140261,25.4395002455701
140262,16.0966220958623
140263,33.644160433107
140264,23.6218555893459
140265,32.976328322806
140266,30.5644233240994
140267,34.2470874947465
140268,24.9732018873635
140269,35.2981938507024
140270,16.7784757121666
140271,27.4619825230831
140272,29.1209539768639
140273,27.3684059298246
140274,15.5362118506301
140275,24.939201887109
140276,9.360732923043
140277,22.0459902820035
140278,25.1032253613622
140279,21.9619466643428
140280,11.5478866975598
140281,22.2824328439249
140282,6.83244113556884
140283,20.7997682143687
140284,15.7458731260284
140285,19.4913647801123
140286,5.30974780703202
140287,17.4982177909952
140288,4.25431495522689
140289,20.0922533371395
140290,19.1409569323458
140291,18.5594764147675
140292,2.90496406749874
140293,22.6467728442099
140294,-1.10688007953986
140295,19.8013776444375
140296,18.9091546996767
140297,15.8235590279014
140298,-3.98042450000495
140299,16.994634855336
140300,9.12077375755231
140301,18.7121258415269
140302,17.7860687097778
140303,12.0381099198964
140304,8.48450602629896
140305,19.5582684306692
140306,12.378136787276
140307,18.1827845490344
140308,20.2358707357961
140309,17.2846517766565
140310,10.2233330955309
140311,24.1736864732649
140312,15.5795347091471
140313,17.5891953551464
140314,18.0807768823569
140315,17.2696751481022
140316,13.9065058130398
140317,23.3499482398806
140318,16.5304495539882
140319,16.9663711169923
140320,17.603644670669
140321,15.9387092366118
140322,14.6005274304887
140323,25.0611405837743
140324,16.7155757188345
140325,18.5460619938814
140326,18.3007626007868
140327,17.565231106264
140328,12.6602357134933
140329,28.2349713958945
140330,20.2345536377741
140331,20.6894669616985
140332,20.8282216205433
140333,19.8767193689511
140334,16.7233342254794
140335,33.8073579194197
140336,20.6669033452876
140337,22.6043301736967
140338,24.3142092519267
140339,22.2179004945981
140340,20.3572463103028
140341,36.2434207456066
140342,24.4155070793532
140343,23.334983153748
140344,24.5475680702921
140345,22.6735619689273
140346,22.3599150166149
140347,22.5035298698269
140348,17.4786451159812
140349,19.2586944362921
140350,22.4984829935731
140351,20.6519014094739
140352,18.3668720770192
140353,17.5857654734734
140354,16.4043518104866
140355,15.1404256129538
140356,18.8607436669056
140357,17.6011542855442
140358,15.8737711241267
140359,25.0490227112141
140360,14.0792317032333
140361,17.1756968837144
140362,18.7639861423571
140363,17.9519551815552
140364,12.322814733978
140365,26.0988436584249
140366,14.6555883231985
140367,18.3322075039494
140368,19.698400006
140369,18.6839126026388
140370,14.398972920909
140371,26.0048853697453
140372,18.7067226658681
140373,20.7635832477052
140374,22.6222968483682
140375,22.511707354226
140376,17.9430885013928
140377,24.375265082091
140378,22.0804056819287
140379,22.8795341854342
140380,25.6141373910892
140381,26.5813748213047
140382,21.8883202974227
140383,26.3040297469972
140384,22.5629551071649
140385,24.8841832711264
140386,27.3244262928034
140387,28.2487253632035
140388,22.4579546310363
140389,32.5342212663679
140390,23.4670105544028
140391,27.7371846623448
140392,29.0288736059671
140393,31.5853829600897
140394,24.9172389276001
140395,36.1040869367635
140396,23.1313259063432
140397,27.2239243904337
140398,28.3300563269245
140399,31.2929401771807
140400,21.9452042111491
140401,54.82619737411
140402,36.0651893293219
140403,35.3336745822966
140404,33.6672357049288
140405,42.2894574292173
140406,34.5649456222122
140407,96.2230955835261
140408,44.9969983530112
140409,44.3219628936202
140410,42.3150934821609
140411,67.6938968898747
140412,50.1126482953347
140413,52.2395759838902
140414,28.1572861726461
140415,37.8183502474068
140416,36.9975362636157
140417,38.1260612240155
140418,31.6179270994991
140419,41.7034929698216
140420,21.9961450251076
140421,27.9489732075383
140422,29.3779427308991
140423,29.0886358859433
140424,20.3758033278924
140425,29.5307836065564
140426,15.1514905900799
140427,24.2336573393069
140428,20.6362759178472
140429,24.488919542642
140430,15.1964445768324
140431,30.5754617328374
140432,14.6414101702825
140433,23.0277349884732
140434,14.5957977201341
140435,20.3524138827718
140436,14.4097776581839
140437,30.9099059184155
140438,11.3371552100755
140439,21.3103070880879
140440,16.8774690903091
140441,17.4036534671158
140442,9.72753087764022
140443,34.7329798361904
140444,12.8195946390388
140445,22.1513991737665
140446,16.9257004651719
140447,16.4568447325884
140448,12.016068722242
140449,27.861617849649
140450,13.5668332623294
140451,21.9246731401177
140452,18.631037987117
140453,16.543258443337
140454,13.4866544960671
140455,25.4845257479505
140456,13.6611481224582
140457,21.3384510360996
140458,18.0208937038795
140459,16.4337007654604
140460,11.5997790819027
140461,25.1383082130452
140462,13.5551877482314
140463,20.0084210165462
140464,18.1933719036352
140465,15.7764415859887
140466,10.4410959077853
140467,25.542817901136
140468,12.0685667840912
140469,19.7783453668477
140470,19.0288344851168
140471,14.5779100130158
140472,11.2399270019459
140473,31.0419055492077
140474,13.6224759948587
140475,19.846392111862
140476,19.3199864912348
140477,16.1345488163553
140478,13.851487065624
140479,30.1634109851819
140480,20.0448153620636
140481,21.6002237386608
140482,19.8116573340825
140483,18.4662734723048
140484,15.7687431028674
140485,46.5375493587084
140486,21.3002317998683
140487,20.2280827067574
140488,20.7153886178375
140489,21.7578321563251
140490,18.5608027555614
140491,32.1648033422024
140492,13.5697767559984
140493,22.1419916626272
140494,20.3135948521117
140495,20.2987405769466
140496,13.8026568799607
140497,24.7607371789274
140498,14.6219421492398
140499,19.0550972130551
140500,19.9495882827136
140501,19.1333388413041
140502,11.9002903927132
140503,29.0178748137732
140504,21.7548790917588
140505,15.7972486999462
140506,20.1376174007334
140507,20.5973925957788
140508,20.6665012863469
140509,18.8996802183028
140510,18.0405810491731
140511,16.8683401416064
140512,20.2413081936292
140513,21.257899947246
140514,20.3372153724858
140515,5.09986644001299
140516,17.8031449298623
140517,17.4106917838824
140518,21.222348571261
140519,22.0929401343593
140520,15.5694249032413
140521,-3.00727323374254
140522,16.1400939720996
140523,18.4855475903
140524,21.9524611814845
140525,25.6781760469809
140526,16.0925235119472
140527,-3.5342664558749
140528,18.3797274817789
140529,19.5103637320229
140530,24.4992704709921
140531,26.730707803377
140532,17.0434672099662
140533,-3.1223285615156
140534,17.7977623060996
140535,19.8315170518224
140536,25.3885630394917
140537,26.2259961220328
140538,18.518515681913
140539,4.13745945558911
140540,22.9794845467617
140541,21.9216753050255
140542,27.4299922506773
140543,26.1938143283819
140544,24.132622721048
140545,17.141240054017
140546,31.0789106229295
140547,26.9881972876259
140548,28.7433279868322
140549,28.5623259885313
140550,33.9449621387735
140551,55.1399944661648
140552,37.1272573300082
140553,45.7216332052832
140554,35.378400982904
140555,42.7320763289178
140556,42.3220118288002
140557,75.6891216640087
140558,32.3122031990589
140559,39.3211905382942
140560,36.2855718009285
140561,36.593151335945
140562,26.3201924847239
140563,63.0621120316477
140564,24.1749496268163
140565,32.0148151539149
140566,31.0341100224275
140567,30.7707682585586
140568,24.541069439799
140569,57.0765707126726
140570,21.6494953876375
140571,26.3871628669718
140572,28.7034518502685
140573,25.8909189322359
140574,21.0817602869564
140575,44.9160106765159
140576,20.4757423478401
140577,22.8935080060937
140578,19.0621890909289
140579,22.187506053692
140580,21.7094329604287
140581,36.7773820782314
140582,10.9234106097533
140583,22.0007372337166
140584,21.8134949470144
140585,20.500776228035
140586,22.647983846518
140587,36.2229294951969
140588,7.04181459644079
140589,17.8375130679564
140590,18.1764717959965
140591,16.348132900945
140592,4.14238304785997
140593,26.0414505010773
140594,8.94355806324549
140595,17.1572866093198
140596,18.1760014022385
140597,18.5530881569435
140598,3.59353683199369
140599,29.9175218276082
140600,8.07762649896011
140601,17.5744672783335
140602,18.2621964823331
140603,19.3423282434915
140604,3.47023937724186
140605,22.0439211926844
140606,12.644033942142
140607,17.9821257798028
140608,19.2444726020326
140609,19.6335854818772
140610,10.2366444030915
140611,19.4598183176149
140612,15.2901960427549
140613,19.8593348931347
140614,19.410746569767
140615,19.8488798445479
140616,12.6817506243079
140617,20.1997717793486
140618,17.8664889912559
140619,18.9244525332942
140620,20.1796822277556
140621,20.448864752119
140622,15.9262337983051
140623,23.6145044030264
140624,20.0241586523649
140625,17.4157978813892
140626,21.7100114796223
140627,21.9451335813615
140628,20.0143984132124
140629,28.6866023489674
140630,23.1542017018197
140631,14.4163565467545
140632,23.463158299267
140633,23.3094627533292
140634,22.5286316452926
140635,22.2890516242842
140636,16.4749372165019
140637,10.0560134728547
140638,19.4540114666523
140639,19.1111470570243
140640,16.2444026374282
140641,6.36546754702731
140642,13.3600451345347
140643,4.42078512333997
140644,17.3995919860301
140645,12.871318834199
140646,12.9490727129707
140647,6.12150108173175
140648,14.2637343319953
140649,3.84958365585561
140650,16.2990999469998
140651,7.92079448262514
140652,13.937061034348
140653,13.681833606854
140654,15.4578922892476
140655,2.14189663768272
140656,12.275942692537
140657,5.67790274824979
140658,14.913481162147
140659,13.8606231574643
140660,12.6108622825451
140661,2.12044667238734
140662,9.29832374681044
140663,7.1496184178494
140664,15.0060284417858
140665,14.5935315988374
140666,12.1373682215558
140667,3.434922770278
140668,13.5014150451894
140669,16.8966212825696
140670,12.3299338703467
140671,14.7494476519736
140672,12.9149752898468
140673,6.58924943060402
140674,18.3141125373907
140675,20.3114619661458
140676,12.4138157527244
140677,16.3469838740307
140678,10.6121841529994
140679,8.20098088054568
140680,19.8931945449059
140681,23.9482636675826
140682,10.568745461485
140683,13.0316243720304
140684,8.89831350611491
140685,11.6304528658309
140686,20.2581198329111
140687,23.8821776256173
140688,8.57302007338351
140689,26.4160180065992
140690,15.3594063281211
140691,15.7929625243295
140692,23.5013536651802
140693,21.298740605697
140694,15.8071359131699
140695,66.1160023601635
140696,32.0412991184816
140697,35.2576043443993
140698,38.0478012995855
140699,39.1443047243577
140700,30.723445355449
140701,58.4340765200292
140702,20.1854587967946
140703,29.4033878185495
140704,32.0123070378954
140705,28.8604790608093
140706,21.9462949376689
140707,37.1047648403396
140708,13.7254342414206
140709,22.2928939420322
140710,20.1632089222155
140711,19.4624825554846
140712,13.2405953903295
140713,24.9369738008797
140714,7.47251277935165
140715,20.4268781272239
140716,18.2329990559658
140717,12.6400541707374
140718,4.72667951827411
140719,16.6021902901322
140720,-0.0181514963533473
140721,20.3289199181708
140722,20.1333700573764
140723,16.2463249993371
140724,0.120507712901482
140725,9.16490871997427
140726,-7.17554202929044
140727,19.618653930323
140728,19.8640549357024
140729,19.330618883239
140730,-9.28879320447662
140731,11.2623723322772
140732,-15.9054225069423
140733,18.3177467437574
140734,18.9974934607837
140735,18.8114838816942
140736,-17.7527782728207
140737,11.0043230502107
140738,-18.4787579994468
140739,17.5926284390803
140740,17.5833358961383
140741,17.7151802856934
140742,-20.040593189986
140743,12.4120750001014
140744,-18.7958726743828
140745,16.6064641247394
140746,16.7533458537346
140747,19.8581483709931
140748,-18.2815053472683
140749,16.2326473064364
140750,-18.1272858847686
140751,16.9383300248157
140752,16.8421559518316
140753,18.8568326928377
140754,-19.5193771225689
140755,16.7141282416442
140756,-19.204547811875
140757,17.4052091423773
140758,18.748841617216
140759,18.8013930658295
140760,-20.9004963850949
140761,15.1160048896209
140762,-16.3734168238226
140763,19.001435998017
140764,19.6189775747522
140765,20.7835510359254
140766,-17.525550194635
140767,18.8004578481452
140768,-6.54874150609034
140769,21.7473048812899
140770,20.7583782505039
140771,23.2955133370999
140772,-5.4656508972134
140773,17.0843315629108
140774,-6.69347924700471
140775,22.7079237240989
140776,20.5745318673376
140777,21.7163003427542
140778,-4.43870791451473
140779,8.20409495117681
140780,-11.6692806912621
140781,16.893330017906
140782,18.4596085416821
140783,17.9749191897791
140784,-11.7728955075406
140785,-0.522325071105254
140786,-14.3198522041215
140787,10.8416146849386
140788,13.070376273452
140789,13.9444799349376
140790,-15.9479118375384
140791,0.421554201745376
140792,-15.7841686842882
140793,9.56052571811647
140794,14.2422813160891
140795,17.3313222854038
140796,-15.433238993995
140797,1.03070514683414
140798,-15.3345957653227
140799,10.9225071441114
140800,12.9336355658008
140801,16.4087942063305
140802,-14.9281905391187
140803,7.62248489382721
140804,-12.9633133555778
140805,9.59499768945134
140806,14.1701553102064
140807,21.8727442899798
140808,-12.8713901540641
140809,9.49806779257067
140810,-7.72196526829422
140811,13.5052065017907
140812,15.7489146717673
140813,22.3287268959436
140814,-9.08022824271245
140815,14.4969073264392
140816,-3.8018358081288
140817,14.5102098509608
140818,19.4743747369288
140819,24.6012750375205
140820,-4.00071219707211
140821,17.4003100930749
140822,7.15121990253665
140823,14.3962199347882
140824,20.0098700045345
140825,26.9167616562267
140826,-1.01597243869207
140827,17.8402233546392
140828,11.3175937716666
140829,14.8365949954293
140830,21.3194520032238
140831,26.1280317988569
140832,8.17692839963656
140833,25.3740956846059
140834,29.1809504391773
140835,22.6902629930287
140836,27.4838932722515
140837,24.3333195539797
140838,18.7082160254462
140839,62.0556741590113
140840,28.7840896496985
140841,37.6188167964893
140842,37.5838976813833
140843,41.6373383826001
140844,75.7587655357347
140845,63.7725333577551
140846,19.5183640296668
140847,37.3019070596865
140848,38.0567770697787
140849,35.3601622735913
140850,21.6166473587682
140851,60.0491198607183
140852,16.0928404427147
140853,30.0403817264874
140854,24.9402390386806
140855,28.0281263306335
140856,19.5313152695653
140857,56.6399457715385
140858,11.0234894982455
140859,22.7767008037891
140860,19.6564124130087
140861,22.2911734280116
140862,11.8594535100997
140863,28.1396652954441
140864,7.85252415376414
140865,20.3854728337698
140866,17.9113711475787
140867,18.3041069926564
140868,11.138781536632
140869,22.868656093993
140870,7.66281946919209
140871,17.1525440960477
140872,16.4626387582411
140873,13.4761555218693
140874,7.52740372512217
140875,26.4916127121498
140876,7.8149042480407
140877,17.1562698778965
140878,15.9389378435813
140879,13.406416729711
140880,7.83320496787618
140881,26.4882910462287
140882,6.63943713520601
140883,17.0663803870004
140884,15.7945694734534
140885,12.2698927251679
140886,3.76096609666233
140887,50.8254498445418
140888,11.0612604505723
140889,17.195957473993
140890,14.4089643488658
140891,9.49150550759891
140892,9.36375338400199
140893,22.9980432075795
140894,14.0235838326989
140895,16.9327256259569
140896,13.6613021789261
140897,13.4010311689338
140898,10.4455302366223
140899,19.6717489697536
140900,16.0381969898341
140901,17.4710893171554
140902,13.9153785528963
140903,14.5880925658836
140904,12.2411958231718
140905,21.3585557230616
140906,18.3194506056022
140907,21.8909149311126
140908,16.1040033716505
140909,15.4251102089927
140910,17.2330859724385
140911,21.8435281244086
140912,21.2197251779307
140913,21.229303878591
140914,17.4393134509511
140915,16.3898895784028
140916,23.0165769325608
140917,23.8340530844063
140918,22.3117575084365
140919,22.4668957766909
140920,20.1833691756899
140921,19.6205145839184
140922,23.2365470076469
140923,16.8762214682449
140924,18.9753433898586
140925,19.2330433496209
140926,18.9643629781581
140927,19.0856339521244
140928,19.3951257581511
140929,11.113136864537
140930,14.7881463261516
140931,12.7034793658438
140932,14.1458764527834
140933,13.6902921638855
140934,14.0356270117239
140935,5.56108494082651
140936,15.6713013770748
140937,14.6763795363013
140938,13.8002923557523
140939,16.5952253301953
140940,14.7467494343251
140941,6.14388697802639
140942,15.8108528459412
140943,16.5572227846636
140944,16.6326273744871
140945,21.0877298472521
140946,14.3239468930726
140947,10.1826733299227
140948,15.8201194452394
140949,17.4236444628765
140950,19.1443783281004
140951,23.2182946000036
140952,14.6945997860457
140953,13.806111174085
140954,18.2728064864975
140955,19.5527140907276
140956,20.7049506593345
140957,26.0035754912914
140958,16.7922056379132
140959,21.2651184490198
140960,20.4951845387963
140961,21.5135835988097
140962,25.5981405219065
140963,28.0936755679241
140964,19.242084463844
140965,22.7188683747061
140966,22.5794969268086
140967,23.7829672639735
140968,26.8281226418462
140969,29.0359370034705
140970,21.1685612701728
140971,27.1126222580867
140972,28.2250892380219
140973,27.4255111890725
140974,30.9785215283739
140975,30.6300350283593
140976,27.872036879869
140977,39.6827773142206
140978,57.0858871769349
140979,34.0702626622617
140980,40.5225978783848
140981,48.4993558505634
140982,48.5632523728327
140983,78.998694598291
140984,220.197788720188
140985,84.498165698397
140986,59.5307737237713
140987,99.5776570845258
140988,177.760162637128
140989,78.7026083621901
140990,90.613082686802
140991,64.9564650643152
140992,54.221123845162
140993,52.8705156999827
140994,78.8558304989213
140995,65.264559893052
140996,61.0400321481553
140997,44.055791488205
140998,18.1016617793152
140999,35.933603212653
141000,55.7093784069415
141001,63.2371774839515
141002,35.4252631312613
141003,32.8923892597592
141004,22.3247517603668
141005,30.9621729720556
141006,34.8714000029388
141007,49.5042157443515
141008,25.4022391031841
141009,26.5235330834774
141010,21.9324184858836
141011,26.6424015424823
141012,28.2470383224372
141013,39.5799957741659
141014,17.6365997580872
141015,19.1765452554815
141016,23.7839426632982
141017,25.4708109985709
141018,20.5901369667084
141019,30.8420741522886
141020,16.8309284478726
141021,21.7977634823248
141022,21.4570192950777
141023,24.0303660185779
141024,19.8028223498462
141025,27.9767683266389
141026,13.9585579305016
141027,20.5600003542264
141028,18.2067020543456
141029,20.6642122989089
141030,17.6690996739475
141031,26.1650176572408
141032,13.7886613855165
141033,19.2121295286832
141034,17.9883098159284
141035,18.706638440976
141036,15.2802999977056
141037,25.3001857301387
141038,12.5399978498866
141039,18.4092749899472
141040,18.7046919101817
141041,19.6451456621298
141042,13.9690020323255
141043,25.0433437764431
141044,14.0532722528583
141045,17.3502292186702
141046,18.7234979888111
141047,20.3450984601787
141048,13.0928951613309
141049,24.3686566618042
141050,14.5005615167026
141051,20.0869088881014
141052,18.4716178735695
141053,20.9470822707793
141054,14.4654034889125
141055,23.3448025956313
141056,17.5274162093617
141057,20.8708229819051
141058,20.3803685066357
141059,22.6933266448304
141060,16.7275598578983
141061,23.5572651407165
141062,18.4526774548394
141063,20.4294714707689
141064,19.8526682258546
141065,21.9421342642562
141066,18.4181699383215
141067,14.9827528323648
141068,12.4619704780291
141069,19.0138901454401
141070,16.3866288877371
141071,18.1095019397762
141072,13.0686978616959
141073,14.1604507595006
141074,8.62860703081481
141075,13.6803504383606
141076,15.8540841898365
141077,16.65243215239
141078,8.33029424817082
141079,12.3710019273634
141080,9.66524783663414
141081,14.8292883233579
141082,17.7916219920719
141083,19.9985479233448
141084,10.0569748759458
141085,5.57862512999397
141086,8.99067215140606
141087,13.9326040142783
141088,19.4039797780577
141089,23.810865819846
141090,8.62273416853909
141091,4.49892093096514
141092,8.73139347060668
141093,14.4338151009249
141094,21.2321574129001
141095,30.9890728786613
141096,8.82661814720184
141097,5.3834300243084
141098,11.9150649644001
141099,16.7327802255686
141100,21.0508921668003
141101,27.3583081633631
141102,10.3690670116614
141103,21.0706320469315
141104,15.9135203496913
141105,18.6088311636142
141106,22.0042420447818
141107,28.6423182891391
141108,15.5960455246229
141109,26.2585957664129
141110,18.9387379140985
141111,20.3435724442042
141112,22.0169096738903
141113,29.9140205934938
141114,19.5299740929953
141115,27.7084334267461
141116,21.0480479014506
141117,21.1091197411577
141118,24.4452409752289
141119,27.30480208586
141120,20.4779181752642
141121,37.0190526563812
141122,31.4657029358928
141123,28.1517518149377
141124,34.3559930325774
141125,34.6103436510093
141126,32.0105745859329
141127,58.4549780730006
141128,40.2037490812921
141129,40.2549748143614
141130,48.5428516209108
141131,65.3929068910563
141132,45.4007403599285
141133,50.29961387828
141134,23.6497464634231
141135,31.0209379295991
141136,35.3286367600958
141137,37.2220198969052
141138,22.870869422437
141139,29.3802482037378
141140,15.2209951983464
141141,25.2834197291046
141142,24.2195656929492
141143,22.1692567233658
141144,11.2865704235081
141145,23.6666180439899
141146,7.55789310357031
141147,22.9853060794511
141148,20.8243510873621
141149,18.5208682788874
141150,10.1193332154753
141151,21.2462555803159
141152,10.1141455218085
141153,21.7526072050541
141154,19.6261627193067
141155,14.7966867961099
141156,1.06569179342013
141157,21.0297424106138
141158,8.3059052814994
141159,22.0545641597748
141160,19.409801068042
141161,20.3326949490205
141162,7.0245778792692
141163,21.5566409951898
141164,8.11773276857164
141165,22.6670878988205
141166,19.4153645002837
141167,19.8715350441254
141168,6.11361085150047
141169,23.7215128358263
141170,9.89542616311051
141171,22.3049200984564
141172,19.1847905843349
141173,21.1242934636618
141174,12.1720468726807
141175,23.6341851295281
141176,11.107247040895
141177,22.4151088209155
141178,18.7227842590402
141179,20.3376289566829
141180,9.37272039798438
141181,24.9555051600975
141182,14.3468915773455
141183,20.9487608312814
141184,18.8127166090267
141185,20.5512846769548
141186,15.5886499814439
141187,25.3248060758139
141188,17.9724289318363
141189,21.9167196552889
141190,19.1376819396672
141191,20.1315446547708
141192,15.7035546074108
141193,25.5843193902124
141194,22.3333031999137
141195,21.9991496660361
141196,19.8029841583882
141197,21.8003114269377
141198,20.0560052637107
141199,25.832293521757
141200,23.6437567558223
141201,22.1847430923878
141202,21.8600362805897
141203,23.3594744070025
141204,20.6155994781505
141205,30.1403465343615
141206,23.0030651684552
141207,23.5672436282267
141208,22.4660236908273
141209,24.2191378544892
141210,21.8463898601926
141211,27.3458468954805
141212,22.442542997624
141213,20.5859726737346
141214,19.7237402240525
141215,21.2885558628662
141216,21.0881525372204
141217,24.317234336104
141218,20.0872689758981
141219,19.3835703125647
141220,18.1090855973627
141221,21.1361779542137
141222,18.290129191897
141223,20.7466171804395
141224,21.2600598913552
141225,19.7035558521216
141226,18.2612218049359
141227,22.0778960534133
141228,19.6160856471757
141229,16.2859993152335
141230,21.6165824975942
141231,19.8599107963074
141232,18.0314681734459
141233,22.2118756759406
141234,21.989819172764
141235,9.39953591262725
141236,21.7310809602755
141237,20.568683470153
141238,20.1327310629106
141239,27.1989056475324
141240,18.8034601974702
141241,1.32950182112574
141242,22.1514342220192
141243,21.3093443286247
141244,20.8476406470254
141245,27.2383974938503
141246,19.735835057702
141247,2.00034352908809
141248,21.9606155523026
141249,21.1625740300284
141250,21.5906674577403
141251,26.1020418585632
141252,22.5071253398338
141253,1.45714931635821
141254,23.3429165946433
141255,21.5764505303121
141256,24.0363402346094
141257,24.9236984395708
141258,23.4798947260406
141259,5.88110704324673
141260,27.3921178107928
141261,22.9782841698237
141262,24.6636703850683
141263,25.926064726931
141264,29.1230548627107
141265,21.4707172657982
141266,35.0958432063284
141267,28.00583502634
141268,31.4874284793714
141269,31.9888574450938
141270,36.2684223389263
141271,32.713850420299
141272,36.0596927242863
141273,38.0211143057429
141274,36.1910486734168
141275,37.3771724171714
141276,40.7857216115333
141277,32.7290914951856
141278,28.649249671613
141279,29.2231038874272
141280,19.7363223730854
141281,30.2507000060464
141282,32.2685828763019
141283,25.7671520428524
141284,25.8930669561778
141285,24.7629909672824
141286,18.4417088078577
141287,27.020520049332
141288,24.1771969655459
141289,24.6287023667124
141290,21.286153207721
141291,23.229413966032
141292,20.8827722188251
141293,23.9867633480644
141294,20.9880820399683
141295,24.1444193613966
141296,22.0016000457652
141297,21.6799401874734
141298,19.6013654886153
141299,22.8328841265599
141300,17.3595396513759
141301,23.0818129658906
141302,19.6112879005537
141303,20.5422065769097
141304,20.5033942040588
141305,22.2181651706831
141306,17.4243860203604
141307,21.4713711266548
141308,14.6158566378761
141309,19.8462799735655
141310,20.7353362243608
141311,22.7001018944819
141312,12.3484475777244
141313,24.763887469676
141314,14.752308680727
141315,20.224158895159
141316,19.4986566654254
141317,20.4210337766347
141318,11.8148944598901
141319,29.7041188323477
141320,14.7655781502324
141321,19.8559509701614
141322,18.6317726160588
141323,20.243157072107
141324,10.0879416725104
141325,35.7153542226558
141326,15.9920590187234
141327,19.651716043514
141328,17.9361833318822
141329,20.2763330130707
141330,17.1056583917649
141331,25.3772552275882
141332,12.823597164674
141333,20.1493208592247
141334,17.6750628702731
141335,20.3571945867868
141336,15.8900736952047
141337,24.5254698997279
141338,14.6162119847669
141339,20.8089219344668
141340,18.6053897486734
141341,21.3252111446359
141342,13.5661068600214
141343,24.8435264517991
141344,14.5008203825537
141345,21.8049183672221
141346,20.6988548575162
141347,22.691040025384
141348,15.2613908136076
141349,26.2279437875039
141350,25.7719293363832
141351,22.310263786514
141352,21.0214552024043
141353,23.8662920842003
141354,19.9243890352223
141355,20.7401196383776
141356,24.5391530921512
141357,20.2890466374156
141358,20.325172473446
141359,22.0054541580239
141360,15.0142681297006
141361,16.2582252425486
141362,20.5781033674516
141363,20.355128111258
141364,19.0556922257698
141365,21.3661495662903
141366,22.3353162341553
141367,15.4809952363863
141368,19.4101622840552
141369,18.2682578437311
141370,16.7803163941331
141371,16.2830406804701
141372,18.1371667787068
141373,9.36488305214422
141374,17.4593756989932
141375,17.9593872361619
141376,15.6155955873528
141377,15.8536874633779
141378,18.5526325886678
141379,5.00884582274569
141380,15.4635616524776
141381,18.8396955826572
141382,16.9875010068443
141383,17.307946886905
141384,13.5565755722961
141385,6.93541244809559
141386,13.5864076427479
141387,19.900817558484
141388,18.5439114626456
141389,19.792320903265
141390,15.3937359657718
141391,8.39213505447751
141392,15.2693316332251
141393,20.9854840132457
141394,17.1388377491493
141395,21.987741801668
141396,17.4649911494476
141397,6.18016860424524
141398,22.4591656634471
141399,18.9943987043483
141400,17.9540668964641
141401,22.8981912247632
141402,23.2246279907532
141403,15.7878106446918
141404,26.1497149716856
141405,15.7439402867882
141406,20.0435579954136
141407,25.5868631238795
141408,30.2196057707131
141409,53.3881040001276
141410,33.1560864753293
141411,19.6431012093856
141412,22.0043002833703
141413,31.4094931736233
141414,32.8130158166618
141415,39.1410761828083
141416,30.2918464389489
141417,24.1192233478532
141418,20.6006412467174
141419,31.8932297349635
141420,45.1128750414526
141421,45.475462551903
141422,26.2554353387314
141423,26.9457033900973
141424,20.889584657222
141425,27.9687072686926
141426,20.7191320609813
141427,28.4157155189048
141428,19.2248537260075
141429,23.4422673166316
141430,16.9873502964491
141431,21.9893037655136
141432,20.8400347101327
141433,54.4537857440824
141434,17.8874040309601
141435,22.7913240139858
141436,10.3269789667467
141437,23.1294068798461
141438,18.8263172952328
141439,47.1233248502083
141440,28.5930512675908
141441,23.5032683316399
141442,8.08515336201565
141443,13.1464823116436
141444,22.3593859738196
141445,44.229840529779
141446,24.9944364779593
141447,22.2836125819819
141448,8.14616982701691
141449,11.4929393926449
141450,26.6919035569187
141451,48.0247709221869
141452,22.592056947725
141453,22.6941119192512
141454,15.3310701742094
141455,20.045557931434
141456,22.4771440057051
141457,41.3761159407966
141458,23.2808139014615
141459,23.2001763067922
141460,13.8944450479519
141461,19.0438563700689
141462,25.8929388113675
141463,34.7577357568312
141464,22.2705873736816
141465,23.9070910977711
141466,13.8963293023932
141467,15.6174572338564
141468,26.2745646519127
141469,33.0161002157308
141470,26.7880883877592
141471,24.8737307408905
141472,8.23437623814192
141473,16.7188397740042
141474,27.1834579527905
141475,43.389844585912
141476,30.3279983757793
141477,19.0134619507514
141478,12.0026227778582
141479,18.4802105405854
141480,30.8340774555631
141481,44.8873213014088
141482,25.7638845404462
141483,21.6312301610074
141484,15.1736478781993
141485,15.689774717397
141486,26.5299807137771
141487,50.7746251904222
141488,23.8549134041688
141489,26.3972789940674
141490,14.0462123427939
141491,14.7047093596464
141492,25.8503797718332
141493,46.9073973088959
141494,24.2841646356427
141495,27.295038768163
141496,10.0971805403959
141497,29.2949657364388
141498,23.5225322489388
141499,39.7759509191454
141500,21.1371118485563
141501,25.6293220857728
141502,24.631892379879
141503,27.6683471975259
141504,18.908038620194
141505,23.5408624091916
141506,21.4763413162673
141507,18.8745466463131
141508,19.443348432993
141509,20.1861647085261
141510,20.1609976096824
141511,21.1025193793224
141512,19.7198615647754
141513,15.7870522561598
141514,7.19506274059157
141515,20.5316657857256
141516,19.5906266413818
141517,20.0868004938735
141518,16.3593934148213
141519,13.1909446497977
141520,3.86331325855852
141521,22.0789791105179
141522,18.5139945938213
141523,21.0274949606213
141524,15.855211616284
141525,10.7747553618621
141526,7.84816919948797
141527,22.4021083247211
141528,18.3216208220967
141529,21.0627929675716
141530,19.5994485647894
141531,13.2601982878622
141532,16.1795063681966
141533,24.8897103549984
141534,18.4430235720289
141535,22.8882072291537
141536,22.3853436511092
141537,14.6410775233187
141538,21.1394764253708
141539,29.3073367785285
141540,23.5920917728723
141541,27.3952874825505
141542,23.8688499521417
141543,20.9146019883639
141544,25.0711072998511
141545,28.9671961030933
141546,23.3233071478579
141547,30.5646100634024
141548,27.8976077855147
141549,24.1094908199223
141550,27.8818382012761
141551,29.2372164787128
141552,26.4676121030069
141553,36.7508994668025
141554,36.2731497193888
141555,26.8618441402262
141556,31.7485555547511
141557,35.8227412126176
141558,32.0452730960524
141559,53.7495076925644
141560,52.6558974371153
141561,50.8324305019801
141562,40.7341693742082
141563,45.0471452754653
141564,60.5722385775477
141565,69.5395530958532
141566,32.1575686316376
141567,40.7517820143754
141568,41.6498833698058
141569,40.4261071203488
141570,38.6315410045192
141571,69.878488508484
141572,28.9963567565445
141573,34.1784104454772
141574,35.6884533271792
141575,40.3614350664852
141576,34.9431559220839
141577,82.2305100791928
141578,30.9448316671604
141579,34.6325343101398
141580,20.7336030005208
141581,38.7247108630246
141582,32.2796644746119
141583,89.2575667153853
141584,33.2849654994191
141585,29.8724063698809
141586,19.0158266022029
141587,36.3399990039835
141588,35.374260247658
141589,90.8766509415117
141590,34.068336658301
141591,29.1292017130481
141592,22.745832686361
141593,30.9449818858463
141594,34.4718586492026
141595,80.2780599483485
141596,32.6836036661549
141597,28.3584967351568
141598,23.3860265372454
141599,30.6416766158069
141600,31.8974818344705
141601,57.1880793474314
141602,33.3026359895729
141603,27.2330387192732
141604,26.5811731063989
141605,30.1491337929376
141606,30.8703129393522
141607,67.0744223371638
141608,29.9435269192969
141609,27.724534263291
141610,27.3457004219595
141611,28.1795365846754
141612,31.114219876397
141613,46.3281091496073
141614,27.8386946839661
141615,26.5666507432411
141616,26.8121992367967
141617,27.4928311819097
141618,27.4918721806678
141619,42.3148186738027
141620,27.1225697879276
141621,26.8557768022975
141622,26.5135369878155
141623,24.6094237399035
141624,27.1894224479345
141625,59.2781122876913
141626,28.1026082406947
141627,26.7177753394324
141628,26.2718347036283
141629,25.0643671375188
141630,27.9872671010371
141631,69.5435646126383
141632,27.6909049991695
141633,26.8729669490198
141634,25.2530307831405
141635,26.8929206350207
141636,28.8736014942065
141637,78.4057215530297
141638,25.9912816876488
141639,28.9715378670155
141640,24.5997935540703
141641,27.0215329406923
141642,25.418752404419
141643,44.8684263925422
141644,22.0778408398501
141645,26.8425064627956
141646,21.9491125450248
141647,25.5502604124012
141648,22.0752440885875
141649,18.3678835693391
141650,16.7420052788097
141651,16.6919909148682
141652,19.5842222355113
141653,21.4876034119461
141654,17.8037991687898
141655,17.7358034421199
141656,16.2376476164633
141657,15.1642888543321
141658,18.8306447977314
141659,20.7953269014506
141660,17.1635623709087
141661,17.0384424087184
141662,16.2606933748051
141663,15.0224186394021
141664,19.5927134592551
141665,22.4612630432392
141666,17.3129911852045
141667,16.9560344522184
141668,16.1981771065858
141669,14.777422561794
141670,20.6801601760062
141671,24.2803066584647
141672,17.592206481959
141673,16.4449824985583
141674,17.5277967116346
141675,15.3091639132636
141676,21.8564007585164
141677,24.0348513352323
141678,17.5472176798806
141679,16.7766584625769
141680,18.6942694234764
141681,16.6378691041235
141682,22.5093475013712
141683,26.4678786300464
141684,18.4158574452215
141685,18.2106848159935
141686,18.8357482993602
141687,17.3370156345248
141688,24.1866018472766
141689,27.0190402887599
141690,18.7475188949558
141691,21.4454922190148
141692,24.6551310157558
141693,23.3966046695023
141694,27.0103475202315
141695,30.0127571877008
141696,24.6358815351881
141697,46.3708239003955
141698,39.7591969004159
141699,42.1171405877042
141700,38.3357014608242
141701,50.5316346872874
141702,44.6715584283482
141703,118.058029502739
141704,61.9664736902589
141705,91.2813458715403
141706,60.0517976480131
141707,104.922885590823
141708,75.4780794135872
141709,80.4494803457052
141710,46.218142030135
141711,44.7595540303392
141712,50.3968748584394
141713,58.4004659523562
141714,42.2688528036023
141715,74.3062509254433
141716,31.8290814477401
141717,30.8418427554947
141718,33.2907796163627
141719,41.4818319291192
141720,28.4111561271484
141721,57.6714205596906
141722,25.7932242225899
141723,25.2813462342749
141724,23.2681019781752
141725,28.040864636354
141726,24.2129946457035
141727,43.0823270054833
141728,25.2218572010104
141729,23.5745773706669
141730,22.6639723344577
141731,19.9162597527914
141732,26.0375886476014
141733,26.1153435053541
141734,27.2921790720335
141735,22.2569105766022
141736,22.1383383280637
141737,19.3723767541221
141738,26.7592111433384
141739,25.950513909651
141740,20.6522420444922
141741,23.1282056925591
141742,20.2846747365611
141743,23.2904844168018
141744,20.9542052522703
141745,25.1353853154584
141746,19.978755166878
141747,21.9439360011292
141748,20.51746542408
141749,22.6294144263874
141750,21.0447376634883
141751,26.0682541576683
141752,20.0865964271018
141753,20.9640507465669
141754,21.0633641077267
141755,23.1757569767186
141756,22.6531467454216
141757,25.9621542126382
141758,21.18358510157
141759,20.6033099710858
141760,20.1258830916781
141761,22.5490879610495
141762,24.321467092331
141763,28.3670498702779
141764,22.3741802635439
141765,21.3955527442821
141766,21.3947325630364
141767,24.3606141825021
141768,26.2426054603482
141769,28.4096198573905
141770,29.5576109031919
141771,23.4760318984424
141772,22.3269380337196
141773,25.8712254976415
141774,37.6567196629064
141775,33.1458866854209
141776,38.9701702584636
141777,27.3041564026329
141778,24.9540243949307
141779,29.8207046695069
141780,38.9183523426438
141781,44.5793793614708
141782,40.395483848985
141783,27.9725279704339
141784,25.1971280696916
141785,31.8026403190226
141786,38.4162925843568
141787,31.4569982787268
141788,30.9883367996264
141789,25.2330789450521
141790,23.5984556236349
141791,29.2227423442268
141792,32.7049551435062
141793,20.4687928734543
141794,26.5207819524697
141795,15.7460957625367
141796,20.043596460671
141797,21.5740800387895
141798,25.2388050367919
141799,16.6753831896363
141800,22.7723452792702
141801,14.1066686017055
141802,16.3244211271732
141803,18.5832962899563
141804,20.8852620667991
141805,17.3683316221365
141806,21.7744004137148
141807,12.9196600143724
141808,20.5254773237036
141809,25.1204034454183
141810,20.6390757470035
141811,18.55802166403
141812,23.5839093012123
141813,14.5943464391308
141814,23.4191014481734
141815,27.9091962691097
141816,22.1075854142911
141817,18.5690716148211
141818,22.9757809701324
141819,17.0279595151367
141820,24.4631510288384
141821,29.8703918881191
141822,22.2373389865925
141823,19.4583599500351
141824,23.2270915129263
141825,18.3741311915655
141826,25.6009424936475
141827,31.3111929238809
141828,22.94849755652
141829,20.0441031129362
141830,21.3071453054211
141831,19.8136235878291
141832,25.8469723965529
141833,34.5698660089123
141834,21.8003181902966
141835,22.7716823139393
141836,23.4718301562602
141837,21.4318772722155
141838,27.2157153937535
141839,31.7470656216256
141840,23.3519005815114
141841,46.7004232967462
141842,33.8338399233508
141843,33.6622454093818
141844,31.2073225106669
141845,39.8440704475952
141846,41.5722594600687
141847,140.585422525914
141848,60.889371892919
141849,62.0769473398703
141850,41.0702283046285
141851,56.4331091156845
141852,68.4256781829905
141853,75.5536094247858
141854,31.8895277976113
141855,40.2439326347864
141856,33.6194494922209
141857,35.7384713638394
141858,41.1033047715038
141859,73.0078511924877
141860,27.3606124528769
141861,28.0717481455827
141862,26.4616768866988
141863,30.1336156229257
141864,26.2500274359671
141865,66.6697021212981
141866,20.65608768886
141867,22.5623451624207
141868,21.5127604473389
141869,25.4123088820003
141870,21.3920915627901
141871,41.3978564552738
141872,21.1897506145422
141873,22.1241316983932
141874,19.4124250855557
141875,21.5159942345564
141876,22.9237065334494
141877,27.2478286723663
141878,21.5919272461804
141879,20.0613440266517
141880,17.7871995578295
141881,19.2061260650638
141882,21.1777288968846
141883,20.8129444309469
141884,18.8132972723832
141885,21.0118790295682
141886,17.4885167731001
141887,21.2474395759846
141888,17.3300329478969
141889,22.3246566046899
141890,24.6827511127599
141891,19.0422786638069
141892,16.1623059904763
141893,18.3793832813633
141894,25.707015231416
141895,23.3793017335309
141896,25.4020914953395
141897,17.8815814940836
141898,13.60708113252
141899,14.4049357536939
141900,28.6273262780328
141901,23.3516953080895
141902,27.8479370327685
141903,17.6968105624749
141904,15.2809178459641
141905,13.9827294491163
141906,29.8327464573299
141907,25.2440752123767
141908,34.291416765246
141909,17.327069237677
141910,14.0986501965531
141911,16.2579666210468
141912,34.5286626105864
141913,40.4469746401961
141914,25.391890354426
141915,18.5212316790652
141916,15.2986107871699
141917,16.6577274899522
141918,27.9302433249702
141919,42.5061847135998
141920,25.2542767672206
141921,20.0845953499489
141922,17.6451361096249
141923,18.6454586698405
141924,30.9731941791017
141925,38.5890786894395
141926,23.9007196211844
141927,19.216174556214
141928,18.3151297138507
141929,17.9255092386482
141930,21.0726773498715
141931,21.2899852180091
141932,17.8117373686192
141933,16.4002909591931
141934,15.9815062864351
141935,16.8792952413249
141936,15.6936745739914
141937,-1.71907259986895
141938,7.69153520373143
141939,10.4265309289082
141940,12.3923901598145
141941,14.1990859873701
141942,2.63678683209277
141943,-0.83002020413295
141944,0.464603615044442
141945,2.8315496347119
141946,11.0975504398753
141947,14.8277572114797
141948,0.121854498108732
141949,-1.42115701924563
141950,-7.39506919277378
141951,3.70454397645819
141952,13.3796316348407
141953,20.2163525851308
141954,-10.5223454594722
141955,-2.25506158295495
141956,-9.35154183290681
141957,11.6924889358224
141958,14.739318935815
141959,25.1246841929457
141960,-12.1474549344506
141961,-1.82063215644877
141962,-14.4758202052205
141963,16.6641347275652
141964,16.992778513186
141965,26.6028311062777
141966,-11.1844757240274
141967,-0.0274992035681443
141968,-10.2748943033285
141969,18.5063769958974
141970,21.3897619003219
141971,28.8880891796399
141972,-10.5678021607463
141973,0.203752553313993
141974,-9.82805420715073
141975,20.4985134167673
141976,22.6111536377152
141977,31.7767081141743
141978,-9.2028694946048
141979,-0.876368898624101
141980,0.814238712781112
141981,21.2096387826679
141982,22.8571296716424
141983,35.2250434606172
141984,2.82262937823061
141985,4.42044410046998
141986,1.51765678077361
141987,25.5045196113684
141988,25.2215428096725
141989,31.7223983555887
141990,7.19001002554453
141991,26.5411863486416
141992,12.8417335473933
141993,32.2795056588719
141994,29.6474217717608
141995,33.308616773708
141996,15.3042257194231
141997,25.1858850730241
141998,14.0294070234168
141999,26.3854876136263
142000,29.1929507372919
142001,22.9596664313817
142002,19.3550705517869
142003,20.9331394520214
142004,15.9473335662201
142005,17.8909830153829
142006,23.0129447560924
142007,23.8238780527088
142008,19.5892964824043
142009,19.6639065982609
142010,15.4938180981524
142011,18.7982523399932
142012,16.8683342229135
142013,18.599439812298
142014,17.2360452635063
142015,19.9022665545348
142016,12.7846655099024
142017,16.5388830104429
142018,19.1778612643002
142019,17.1942485316145
142020,15.7363801689758
142021,13.5209172983547
142022,14.1696459552943
142023,14.4281019576855
142024,18.56594294904
142025,18.9868149921816
142026,16.3090004505782
142027,7.6197039756867
142028,-2.48604431095658
142029,9.67326563509588
142030,0.844384828561036
142031,-13.1277122592822
142032,-5.0214792967228
142033,9.35547259756933
142034,-5.47930675891805
142035,8.2200172479065
142036,0.161565605912994
142037,-17.6062877873411
142038,-5.46603023715311
142039,10.9067669112358
142040,-6.89136200615173
142041,5.33061027803885
142042,-2.44567981145598
142043,-2.48322754671536
142044,-9.821930036142
142045,9.37356418748065
142046,-8.35401996476281
142047,5.00731825876167
142048,-3.77993886407302
142049,8.59678249418778
142050,-8.56639919270313
142051,8.2951774850446
142052,-8.85746756304678
142053,8.82106347266718
142054,-5.7610203343738
142055,-23.4773251431952
142056,-11.3527782704497
142057,10.0093172934564
142058,-6.451202226168
142059,13.5925232629411
142060,-5.71690465188529
142061,5.94905739596664
142062,-8.03485771906259
142063,13.015352079448
142064,-0.261281073777656
142065,19.9587594788947
142066,1.54859845735149
142067,2.46894565593303
142068,-0.627906534822699
142069,15.6477199055955
142070,1.13589613944501
142071,20.1557645656878
142072,8.04616420614695
142073,0.489755489998842
142074,0.105004021674045
142075,4.14914158686913
142076,-7.31793359951536
142077,10.5935866871737
142078,1.83812910870862
142079,-6.40671507263415
142080,-9.33670995573143
142081,1.2747588875517
142082,-16.2043656584038
142083,-6.96777012801472
142084,4.38703304241256
142085,-3.72124770556253
142086,-14.941535040789
142087,-4.89866783304267
142088,-18.8670339156169
142089,-9.65025607741203
142090,-4.55395321562222
142091,-5.80845027722911
142092,-20.1471117166957
142093,-3.55451458196127
142094,-19.0509607266176
142095,-8.79367178947933
142096,-4.78736126314007
142097,-9.36012523159348
142098,-19.7033339258657
142099,-3.99123338392981
142100,-18.4817229181147
142101,-7.50924473860672
142102,-4.63812314407091
142103,-11.0716951808218
142104,-19.24550393017
142105,-4.44816109573137
142106,-15.777527527305
142107,-6.31896472604054
142108,-4.00524055011253
142109,-10.2735146566803
142110,-16.787045980145
142111,-3.77595085395371
142112,-14.6668341761791
142113,-6.39015663158142
142114,-2.9025390157667
142115,-12.6047364147269
142116,-16.3683390000132
142117,-3.32000114639634
142118,-15.1717882775672
142119,-7.12583917430353
142120,-2.81875616222715
142121,-12.2179903557662
142122,-16.4492244311545
142123,-3.21634717054148
142124,-15.3289867388043
142125,-6.01599322547096
142126,-2.6745533185452
142127,-14.8021001767675
142128,-15.4566457322888
142129,-1.32217490253059
142130,-13.3417213280813
142131,2.43069750814089
142132,-2.05959749372888
142133,-12.2660189095609
142134,-9.47714508496216
142135,32.4366368164623
142136,13.634988555846
142137,17.9082299990327
142138,4.89675093769124
142139,3.28522964771065
142140,14.8835004958803
142141,47.4738843762353
142142,23.1656343190189
142143,25.3047297994658
142144,15.4234530241344
142145,18.3704003529788
142146,22.7569625981114
142147,51.9267869918812
142148,23.9551238611572
142149,25.9882406631011
142150,13.5520777686051
142151,21.0488288159555
142152,23.8524795006074
142153,55.72073841092
142154,23.6756202449717
142155,23.7474041100807
142156,11.7749863244453
142157,18.6183227613263
142158,26.1958859000375
142159,57.6830071865988
142160,25.3866267581838
142161,23.2686369601258
142162,11.3679259243999
142163,19.5434799931058
142164,24.8284382440305
142165,64.036355044797
142166,22.972650441285
142167,21.5200446704634
142168,13.8594994710513
142169,25.5609581268185
142170,21.6184683127903
142171,76.4170747006677
142172,24.060953432794
142173,20.7115060386288
142174,17.3198523766093
142175,18.0614904863066
142176,23.5101136362185
142177,69.986232355457
142178,23.8223317717444
142179,20.0811787764961
142180,14.4870778193349
142181,17.3901603887549
142182,24.4421206501552
142183,73.2427386689232
142184,23.0820067842352
142185,20.1751895869958
142186,14.3105488331405
142187,22.5674580134488
142188,22.8898069346624
142189,71.6201450382553
142190,22.0221721279632
142191,20.5380409471251
142192,15.3200233251613
142193,22.2179620898945
142194,21.7805509326095
142195,71.4961654422795
142196,23.477081252238
142197,20.4265108454239
142198,19.3601698182797
142199,23.0819094453945
142200,24.8384184222853
142201,79.9977927464957
142202,24.4368411290639
142203,23.3196895364608
142204,20.1534310499056
142205,25.5842662879982
142206,26.4445923248897
142207,83.9115596652128
142208,34.3242134758302
142209,25.5871706043504
142210,25.9928452787977
142211,32.2757631497952
142212,39.3403602478784
142213,91.779088727126
142214,37.616728570646
142215,24.6969532978086
142216,28.9836350992449
142217,29.3761736391974
142218,37.7927880349531
142219,34.9172773476531
142220,25.1967597172818
142221,18.7710153818372
142222,23.7630947737604
142223,19.7900821546603
142224,26.3988914913262
142225,16.2035965286452
142226,17.9837052339901
142227,13.7997357485197
142228,14.4596025403536
142229,14.3024987934696
142230,18.3984017404517
142231,16.0089828861381
142232,18.9485276411186
142233,13.6874117497509
142234,14.8052363812314
142235,17.0670890295484
142236,18.7123223494251
142237,15.1552007586061
142238,14.9686752537963
142239,12.6570249258221
142240,14.584224165919
142241,16.6410067471537
142242,16.1526449640537
142243,13.350893797706
142244,14.6080025537765
142245,12.08900091449
142246,14.8716728988267
142247,16.2775471206507
142248,16.0679921868093
142249,13.4760716646497
142250,15.1497010871199
142251,11.6989464430464
142252,14.5237744923765
142253,16.032763091496
142254,16.2354432578607
142255,13.312630357638
142256,14.175995491628
142257,10.7720188396247
142258,13.7147324993497
142259,14.3205496799136
142260,15.8055358575971
142261,13.145091010527
142262,12.7011578955949
142263,9.51371883137387
142264,13.9153490965657
142265,12.8816449735522
142266,14.5047843124358
142267,13.6561921189552
142268,13.4180325237538
142269,10.6400698851661
142270,14.3403266690249
142271,12.2009798718159
142272,15.1040573558032
142273,27.1315219714948
142274,29.7662900864179
142275,21.8712888514679
142276,24.206165307622
142277,21.4264873594096
142278,29.3257154582477
142279,60.8819076288043
142280,61.0544640018766
142281,60.2792776899127
142282,49.9258958622706
142283,71.6876743013246
142284,57.79942811872
142285,49.4873294113098
142286,29.4033132257092
142287,37.3750263162773
142288,46.1213830792628
142289,43.9840695005865
142290,31.0602129629827
142291,35.167853072711
142292,22.8147607234372
142293,31.1916645544769
142294,35.1170376493744
142295,36.3993807372801
142296,28.6959533884569
142297,24.1028946670823
142298,18.8440770336854
142299,26.2722338954062
142300,27.8936487052453
142301,28.3813529159449
142302,18.3904303855843
142303,19.7455800855673
142304,16.6758805054154
142305,22.1387248619016
142306,23.5794699488426
142307,26.6203184894304
142308,15.6904973218316
142309,18.5390871510373
142310,11.7128830328941
142311,21.44146521837
142312,21.1426503002468
142313,23.4940944217636
142314,11.5261084037401
142315,31.6841164049063
142316,16.750658056275
142317,26.1896363944895
142318,16.6472321903945
142319,20.7952680418804
142320,16.4040859744601
142321,33.0149235340575
142322,18.4093907491334
142323,26.0101647944757
142324,11.522825508538
142325,20.2254729129718
142326,15.9457807161128
142327,34.3760691643611
142328,17.6859160763008
142329,26.6164289281428
142330,21.0411553879233
142331,24.9180544165672
142332,16.3200630663865
142333,34.1219886711241
142334,19.4511730944874
142335,27.4947825638319
142336,16.0908673543257
142337,21.8982883606201
142338,16.4702570255569
142339,35.8465119308538
142340,21.5008000075198
142341,27.17348607355
142342,18.3200861164717
142343,20.8009158584052
142344,17.7100748224091
142345,39.5793160719299
142346,23.9141696658052
142347,29.4469972014526
142348,22.2859558753079
142349,21.1959166124202
142350,21.3079194644647
142351,42.9398729736695
142352,28.5811099102981
142353,30.9390653817231
142354,24.6854012995115
142355,23.3355274704081
142356,25.1148908678929
142357,48.9002205682137
142358,30.8352432432173
142359,29.309827528404
142360,26.284484627127
142361,25.5356390015588
142362,28.1345363913493
142363,24.839456842971
142364,22.0947549818923
142365,23.4938111608799
142366,23.1336111371214
142367,22.3796760783601
142368,21.6796135533362
142369,14.4859662758469
142370,16.854032609171
142371,16.119907273746
142372,15.2019225682361
142373,15.8425607521295
142374,16.6387421746116
142375,12.7599769119396
142376,16.4463322811131
142377,14.9268627505
142378,15.3246144067225
142379,16.3585269567658
142380,16.8272656913457
142381,13.6073482886552
142382,15.8824741615654
142383,14.3231211344175
142384,14.8636013518464
142385,15.5202907501008
142386,15.6840218230615
142387,12.8817998976291
142388,15.9170275478875
142389,13.1356216166651
142390,14.1028859321994
142391,14.3931401724761
142392,16.7506785332855
142393,11.367992666484
142394,15.7996522080782
142395,13.3883723401677
142396,14.5357903632104
142397,13.8374036900062
142398,16.1950433975917
142399,10.2730638825474
142400,15.5597088481369
142401,12.3994592348045
142402,14.0724141159746
142403,11.441393413753
142404,16.0109864082067
142405,9.11997196982888
142406,14.167288903026
142407,10.442244431832
142408,13.3458621010327
142409,10.966027257607
142410,14.1908487523179
142411,11.1094095403357
142412,13.6238849458474
142413,12.9512886183707
142414,14.9923330673947
142415,12.0420505448174
142416,14.6359847121776
142417,23.2203626961148
142418,23.0655164906294
142419,19.6130016371576
142420,19.1025675294304
142421,20.2218614519369
142422,24.0985628489594
142423,50.9748400883632
142424,48.1430916456532
142425,31.5690070722364
142426,33.6328109223019
142427,41.0948457068699
142428,45.2169733564433
142429,34.4169491421273
142430,31.1089590288412
142431,21.6555955502087
142432,29.2381827757277
142433,25.3021098977822
142434,29.8131841321216
142435,20.9155669701465
142436,22.2448555471453
142437,19.5281666249372
142438,23.7951336695221
142439,21.6234852087419
142440,21.617659575693
142441,14.7245957870623
142442,19.3037137834605
142443,17.6880655047675
142444,20.040055607597
142445,19.4408472666745
142446,18.6396318989469
142447,11.0557559012624
142448,12.7991736489801
142449,16.3545716951593
142450,6.1771934508878
142451,18.2015528239327
142452,15.138175490773
142453,8.16969051379238
142454,14.8581893086822
142455,16.2611624854627
142456,7.07408009545744
142457,9.7602953340272
142458,11.2516660133443
142459,12.5038638198727
142460,14.4614770161493
142461,16.3149590007361
142462,9.72649861149644
142463,8.97852789982687
142464,2.74569144192819
142465,10.7987584997663
142466,10.7451157752409
142467,16.2587426665642
142468,9.03537887181691
142469,11.9831002189323
142470,6.57705250942645
142471,12.4884982956179
142472,17.7631609292624
142473,16.814844483532
142474,7.99311214422402
142475,11.6559060445971
142476,18.2033663860907
142477,13.9711812552138
142478,17.917556611663
142479,17.0819271721921
142480,7.70707673455581
142481,10.1874398953839
142482,18.9916204122685
142483,13.0044713239782
142484,20.2900275643152
142485,17.9654121678814
142486,12.652298256621
142487,13.1685934399366
142488,15.4744215057968
142489,17.4197547085832
142490,19.9932310993671
142491,20.7788573181686
142492,13.7054581729405
142493,15.2236535032343
142494,22.1179449623667
142495,24.0708284799825
142496,17.8796130122091
142497,21.999302304883
142498,15.0540244847225
142499,17.0463521831489
142500,20.4205304059939
142501,31.0243071516132
142502,17.6882592083898
142503,20.6972162013443
142504,20.7832888426503
142505,16.3870571668533
142506,18.497661165251
142507,31.0817893427175
142508,11.8457141201497
142509,16.1735553558607
142510,13.7956133664995
142511,17.4296016887889
142512,12.0896253801287
142513,9.10489200664037
142514,8.37352592380066
142515,8.98423152751115
142516,9.43147334424507
142517,5.78909560278964
142518,7.34366328767546
142519,8.68794869512811
142520,2.03196173123601
142521,8.26627363010825
142522,9.67289239193114
142523,4.60875684569971
142524,5.25332311826727
142525,1.89632049282062
142526,1.70796719370369
142527,6.22960623956841
142528,6.62261745246417
142529,1.56299834412475
142530,1.0694965598342
142531,-1.95590294919846
142532,2.74758135127809
142533,6.53253454074971
142534,6.49210727819884
142535,5.29547679249396
142536,0.721332394140774
142537,-2.99800128289556
142538,4.88116671993947
142539,10.1439948927133
142540,7.80248676459706
142541,8.88900630192555
142542,2.28694620100353
142543,-1.38224435052365
142544,5.29117553746863
142545,13.0876589667605
142546,8.72513363375496
142547,11.1917782965067
142548,3.96396735185548
142549,-0.957230109292261
142550,6.57405933776989
142551,13.8896761723606
142552,11.992616106429
142553,13.1555596134255
142554,4.97862682901435
142555,2.17469833824396
142556,10.3208015230214
142557,16.0221300162077
142558,17.2721732856793
142559,21.2159459148478
142560,9.60951953880602
142561,15.1324294905076
142562,27.2010836466286
142563,24.0994463713563
142564,25.295940356442
142565,31.292748732161
142566,26.5836605170959
142567,42.4892938163293
142568,46.1516938232606
142569,42.6576530974826
142570,36.8273922470769
142571,50.0813072982294
142572,40.6185615187631
142573,46.247146678822
142574,33.7788028097385
142575,35.7820343803439
142576,37.4124629390753
142577,34.2732223586499
142578,36.0717942587137
142579,47.96931989078
142580,27.1708817998182
142581,25.1691444826588
142582,23.2047151387001
142583,35.0203195073138
142584,27.5642299844151
142585,42.7873338414486
142586,23.6587781013716
142587,21.5121728666379
142588,11.1866832164164
142589,18.0790666487526
142590,23.2953844628357
142591,44.0375616686119
142592,19.9879840499942
142593,19.1710127506592
142594,7.66783399786548
142595,11.7191531806598
142596,20.5580664683574
142597,46.6838035499512
142598,17.7889242960221
142599,17.3281484069551
142600,15.728750997837
142601,24.3327818704314
142602,19.0658994701802
142603,65.2124642856861
142604,17.2928995936387
142605,18.9637667104633
142606,16.2033205713846
142607,7.47312549707416
142608,18.3968729974044
142609,61.2562158094496
142610,16.302317949647
142611,20.0767038580825
142612,2.82278061419641
142613,-6.90109743146719
142614,17.7032276762788
142621,50.4355122782135
142622,15.3731293129894
142623,24.4278108923378
142624,-1.34109580557135
142625,1.06078960823509
142626,18.0260265842527
142627,55.6219473636734
142628,15.5338907452342
142629,23.2586468288059
142630,-4.20951356850359
142631,18.9099304906765
142632,18.1251290297859
142633,56.281277973039
142634,16.8207547188919
142635,21.6496165392129
142636,14.0081169182089
142637,20.8780319141451
142638,17.7872020526173
142639,34.5315095044778
142640,19.0346106756623
142641,20.071855756724
142642,13.8500349019202
142643,20.9155782557251
142644,18.0523760502096
142645,34.6178597389944
142646,21.0717487668646
142647,20.1077110311233
142648,9.18553631482012
142649,23.6188527881863
142650,20.4700541625112
142651,24.9288545000607
142652,14.9516271052126
142653,14.6693285678768
142654,0.200576867840368
142655,11.4559811849248
142656,14.8745106678735
142657,12.1011384748845
142658,8.49438438079094
142659,3.07299764243349
142660,-1.11041819456196
142661,3.79852146218544
142662,9.15549951083122
142663,10.3642110025248
142664,7.76283635345903
142665,3.56293268315826
142666,4.59684180927113
142667,4.60712856763072
142668,7.53171006663571
142669,9.08534292845009
142670,7.6073427179424
142671,1.39134982746465
142672,6.40985557561895
142673,4.86611911712025
142674,7.37098264186599
142675,8.67279378389865
142676,8.08836865583164
142677,4.23021451431251
142678,5.88501270761254
142679,6.96250262901034
142680,8.3884080854513
142681,8.88024365844173
142682,7.23441796363635
142683,5.88027096645584
142684,6.8713589106601
142685,8.82363113965647
142686,7.74156997557998
142687,7.60900420964418
142688,7.05710221177946
142689,7.48454759274172
142690,8.43847331302215
142691,10.1740605413413
142692,6.86585601066035
142693,7.86304323053522
142694,6.28864217750161
142695,8.11794657184932
142696,9.98904904932017
142697,14.0649240289418
142698,6.95046373782437
142699,8.71439815316428
142700,5.96293868465173
142701,8.81286850721302
142702,11.7247659651788
142703,13.3817743974513
142704,5.69593692867661
142705,17.3534681572146
142706,16.2188247766478
142707,14.3422170881989
142708,16.6378931102695
142709,17.0114908257469
142710,14.9334572136859
142711,49.6442915081393
142712,44.4239505353378
142713,41.1730910049157
142714,33.5311874946234
142715,45.3061053220111
142716,44.7162190819598
142717,35.8933001761178
142718,26.2336941864149
142719,29.1636189392892
142720,29.7508186081923
142721,28.9496751043731
142722,24.1448504816868
142723,25.3961331238043
142724,19.3379794039294
142725,25.3085503113182
142726,24.3716454812515
142727,22.0449067967033
142728,20.7640710340666
142729,14.8763390834093
142730,6.81725997820776
142731,22.0210869378406
142732,18.8551974537432
142733,18.4050322748387
142734,3.733227831463
142735,10.8815930155342
142736,0.536435163305892
142737,20.6768557533385
142738,17.6271431819355
142739,17.4619442667832
142740,-3.66287880576659
142741,1.8440816018798
142742,-4.92654838952441
142743,20.0771053965999
142744,16.2069158015287
142745,15.5215621652748
142746,-6.40775076967644
142747,13.0014596747195
142748,6.9038427703842
142749,11.2774207683964
142750,2.16883857680492
142751,14.8177790941826
142752,6.30963296069209
142753,6.92602684962505
142754,-10.4523743123886
142755,17.3665661222462
142756,6.02793796483314
142757,9.8597864890893
142758,-11.9692694601316
142759,7.31175996326915
142760,-5.75230058717259
142761,15.8994648904631
142762,16.4522908606215
142763,12.7664743947921
142764,-7.961028872728
142765,7.9394573168149
142766,-2.77986912049788
142767,17.1543266068227
142768,16.3067248399274
142769,12.6013878164186
142770,-4.86358037839056
142771,7.87584733503826
142772,-0.343985710086624
142773,17.4521379702615
142774,15.5977965959355
142775,13.3269838930642
142776,-3.74516015629985
142777,8.97949825882692
142778,1.91008055831202
142779,18.0554079353022
142780,14.2430051648786
142781,14.3437502486548
142782,1.48397203336617
142783,11.9034953626061
142784,8.86263624562616
142785,20.2727220259403
142786,16.5448724003266
142787,18.4587264786371
142788,7.93429378792839
142789,17.5673043356083
142790,15.1167522111774
142791,23.9605568515326
142792,17.9672848267608
142793,24.7235473526576
142794,14.4030704233557
142795,9.20570858627023
142796,9.23022488078873
142797,17.7320334248741
142798,16.7492003790741
142799,18.5361873573117
142800,9.6316952001482
142801,2.90210584525402
142802,6.44783314935617
142803,9.41353924658754
142804,13.3282402438542
142805,12.2529912499944
142806,8.06700129357306
142807,1.99829266786024
142808,8.71676014342418
142809,10.2030003329848
142810,13.6758489973053
142811,14.6267944649556
142812,9.14423502035568
142813,5.24400099982186
142814,10.3238876195981
142815,11.8121263909982
142816,13.3620382092584
142817,12.9125064019215
142818,11.8617125517152
142819,5.10778202782586
142820,11.163803621336
142821,14.6519356574
142822,14.465413623071
142823,16.7384164935153
142824,12.0516191747332
142825,5.96491174312717
142826,11.4467153746887
142827,15.8633812959182
142828,14.5070354451836
142829,17.6164554795313
142830,12.8082994166208
142831,5.81910762487057
142832,10.8473326916668
142833,14.78618395554
142834,14.6433653392494
142835,17.2292047179943
142836,11.9950732102964
142837,4.68808082693721
142838,6.04033441864588
142839,13.933157315842
142840,13.649407036585
142841,15.7126877909242
142842,9.85380460565579
142843,3.54682549138955
142844,5.27422088672177
142845,12.1514341283718
142846,13.5945999023167
142847,14.9531481058848
142848,7.27015160781777
142849,7.594460441444
142850,17.1981200317207
142851,17.0958593305066
142852,18.6531486467397
142853,20.7847109358025
142854,17.1122784538887
142855,34.1421464258038
142856,38.8149059994183
142857,33.909856286096
142858,34.3769750638654
142859,39.8825780938176
142860,35.1277606950475
142861,27.3875631863262
142862,19.5387044851221
142863,23.9998020238504
142864,27.5304621535158
142865,23.335451411278
142866,15.7260518966389
142867,17.4513702941278
142868,1.3843170702497
142869,20.633849363648
142870,19.4060647495754
142871,18.6909112428737
142872,-0.223530573199188
142873,11.7280340980214
142874,-10.0094390334668
142875,18.5502009977669
142876,14.1226689270354
142877,9.95035789822802
142878,-11.666453661951
142879,9.66220910690372
142880,-16.9121366228751
142881,17.7968015236327
142882,13.4056598574584
142883,10.6539722193195
142884,-17.1664806154608
142885,6.55442150368788
142886,-18.1797525597791
142887,16.4787872382687
142888,13.1014893810942
142889,11.0231291847134
142890,-20.0205544722872
142891,7.13861499791898
142892,-16.5983238418851
142893,14.8279991633301
142894,9.08557785654084
142895,10.3650874152013
142896,-19.6485909448457
142897,6.76060800344403
142898,-12.0914705026158
142899,11.1940457190893
142900,5.20882384776395
142901,7.69625400884396
142902,-12.6499847697089
142903,5.39377905432184
142904,-7.81690285631204
142905,10.1914200551774
142906,3.33217671179701
142907,3.98658177928506
142908,-8.50123267253202
142909,4.80984102909396
142910,-6.30129371967597
142911,10.2427210030199
142912,-0.0822299737202457
142913,4.13136638471342
142914,-6.15604114557276
142915,4.55264601694467
142916,-5.33304937522551
142917,10.9594898872027
142918,8.52290315799096
142919,6.03977712546312
142920,-4.05039933057645
142921,6.92600764724192
142922,-1.45768590445182
142923,12.1830693866957
142924,12.1171360668284
142925,6.90148816359456
142926,-0.305206233935376
142927,7.98505990904858
142928,3.28848591152676
142929,16.4104500320442
142930,17.6126908995251
142931,12.0694142909584
142932,5.71934024174421
142933,13.2387985981719
142934,8.91339083133992
142935,19.8086454949768
142936,19.0305043041291
142937,21.3672291361162
142938,13.5975912208366
142939,7.29580019144894
142940,3.68921905839552
142941,12.8493904116337
142942,17.5427398978178
142943,13.0363341912496
142944,6.64685071910425
142945,0.848354016065347
142946,-3.17242325097737
142947,-0.012146730618344
142948,10.028842893271
142949,2.1704367784489
142950,-4.48669272404497
142951,-0.277255719569698
142952,2.82529633099137
142953,4.66076228520922
142954,10.5020058151414
142955,7.68405222990225
142956,-0.332103169931525
142957,-1.41380713926553
142958,-4.00018898442921
142959,3.45472285594706
142960,8.32963720897815
142961,8.37122318723798
142962,-5.00157955621619
142963,-1.98807366993178
142964,-5.35481886181535
142965,3.62991955060252
142966,8.79749377172934
142967,7.3395072095044
142968,-5.88327457844256
142969,-2.34632195185796
142970,-5.11241854637162
142971,2.92886024214169
142972,9.34943558237353
142973,7.87054102803896
142974,-5.76887511364986
142975,-1.22212277655133
142976,-8.39064408194472
142977,5.14823460688319
142978,10.2729144343625
142979,11.1047940875795
142980,-6.45912066686157
142981,0.746579937908656
142982,-9.18501449611331
142983,4.21422010977941
142984,9.77361232533424
142985,14.044125432948
142986,-9.01701812778039
142987,1.9247241099662
142988,-10.6200491746434
142989,3.97555960647905
142990,9.63300292630034
142991,14.1352745995664
142992,-8.52027612790822
142993,11.3193925426656
142994,1.33031586918409
142995,13.5993774862571
142996,16.9519573668424
142997,17.7494405087973
142998,2.85948453373732
142999,43.6987271871596
143000,33.5610407508307
143001,35.3366589447415
143002,28.3915204015858
143003,36.2150985003896
143004,30.4508888122952
143005,26.4685724612049
143006,24.192484888002
143007,25.0295342971152
143008,22.7243900629159
143009,25.5619610780455
143010,15.9634554812971
143011,16.6676114250181
143012,5.82555088961201
143013,21.0043034754228
143014,15.6935716545881
143015,21.4275766418716
143016,5.97248871240345
143017,11.2898897976033
143018,-3.52952435656037
143019,17.8893313586078
143020,14.9923379407736
143021,18.9463630175198
143022,-0.841790930880745
143023,10.0087380012948
143024,-8.12963524533065
143025,15.8866921308527
143026,14.3053336163386
143027,18.6298095613488
143028,-5.21108972493518
143029,8.52839930665967
143030,-13.1519579449828
143031,14.0366463611723
143032,12.6034377865327
143033,16.1825675758767
143034,-11.2965442394327
143035,8.07905597026826
143036,-12.6916014534474
143037,12.2998757319734
143038,10.4661747131476
143039,11.7175213845079
143040,-12.3269121639325
143041,6.31006662987805
143042,-11.5818532899584
143043,9.11192344914113
143044,9.10483476171056
143045,9.42535213113701
143046,-11.6125673767494
143047,5.96479429167374
143048,-7.69641180158088
143049,8.6900395995534
143050,11.8292465326496
143051,4.92011814227851
143052,-9.109225853657
143053,6.40115253495009
143054,-2.67761639412552
143055,8.55845015086782
143056,13.3224641707566
143057,5.55925890331024
143058,-3.31477763371888
143059,8.88637607436547
143060,5.26938845629373
143061,9.95136057547544
143062,15.2876879660272
143063,8.01319470127255
143064,1.52854931523242
143065,14.4088707776933
143066,7.90863094844379
143067,12.4246455734568
143068,17.6388630101817
143069,11.7555579688531
143070,8.42768235134529
143071,20.0580655661122
143072,13.5240997202037
143073,16.0360680984332
143074,18.3927541520598
143075,16.9234364723464
143076,9.63639802440814
143077,27.0950967738503
143078,17.0439463996341
143079,18.7159989635283
143080,19.1967518774463
143081,21.571794195031
143082,12.8596024868035
143083,21.1142500855255
143084,12.6440259813505
143085,16.6383975878331
143086,18.1300103526135
143087,19.4061921049466
143088,14.2261512461898
143089,7.17510523633765
143090,8.09454001460582
143091,4.94006344174576
143092,14.8163762147608
143093,13.4738335379277
143094,3.60178561498931
143095,12.5312399961855
143096,13.0943410162816
143097,6.91313483693721
143098,14.1605089643989
143099,14.1769927640822
143100,11.2863676335692
143101,13.6754255281429
143102,14.2436475217393
143103,7.76240869924085
143104,12.6493083031206
143105,13.2101541027652
143106,14.0983315020958
143107,14.7287018115164
143108,16.6398580892927
143109,11.8004255823805
143110,13.0478452376038
143111,12.4452546976523
143112,16.7870079758184
143113,16.1114144497609
143114,18.6832150423637
143115,15.1380322126142
143116,15.8579460354984
143117,17.4197498867806
143118,18.1132850861404
143119,17.5856059289734
143120,18.6401686927268
143121,17.028709023472
143122,17.7768020191407
143123,20.51744162015
143124,18.7704450339244
143125,19.3602916639798
143126,20.233476834046
143127,17.6408763147921
143128,19.7461153120431
143129,21.5465044876676
143130,20.5441639933992
143131,21.0278409990866
143132,21.7780420681338
143133,19.6216854052826
143134,22.4744219854374
143135,23.2508106936826
143136,22.21988794487
143137,36.6462022745981
143138,41.9968321172259
143139,43.9834190745546
143140,34.8033488958705
143141,50.7577209769599
143142,47.8413692917027
143143,153.75731209392
143144,73.463688386839
143145,117.29878730593
143146,51.6475775203599
143147,110.285334383405
143148,88.9431329443243
143149,115.79874135675
143150,36.991947404563
143151,50.6477232183178
143152,38.5076152915672
143153,47.7671536349965
143154,34.1081058864101
143155,99.8746451427639
143156,27.8531795622737
143157,33.6513536814604
143158,31.1682882488208
143159,34.3156189804715
143160,25.6979841728344
143161,91.0348691370527
143162,17.8212034213833
143163,26.9031458812972
143164,24.0828903840522
143165,27.2816976452071
143166,20.7410175108495
143167,34.2900476672251
143168,16.5354174816657
143169,25.295993737447
143170,16.2849753855172
143171,15.7745512373944
143172,21.3590992615132
143173,26.577048515153
143174,19.3987015337283
143175,22.6196418907567
143176,15.4381625772734
143177,15.5680310072117
143178,20.9921543443592
143179,24.5933655088389
143180,20.6563205030732
143181,21.5567204984447
143182,16.5548484670986
143183,12.1840095610409
143184,22.1539410492961
143185,36.8006465716402
143186,21.4116005991776
143187,20.7766077750104
143188,17.1914746229946
143189,9.72663732169522
143190,20.9926850671353
143191,38.574112405692
143192,22.1765061089487
143193,20.8678353776016
143194,17.930091422101
143195,10.5571784626473
143196,22.549000123833
143197,38.6104082176014
143198,23.6058560812732
143199,22.5708009107623
143200,20.0006732242745
143201,12.5939742458499
143202,23.0739344951236
143203,39.7003923618925
143204,24.4207428388783
143205,22.9597464906128
143206,20.0026554741507
143207,16.310528140695
143208,24.0796858946769
143209,49.4153789402373
143210,24.9736692818375
143211,25.1591411490881
143212,20.1599788225237
143213,22.5328967696847
143214,24.2837729389588
143215,61.2541836722018
143216,26.7148541889936
143217,28.873066995951
143218,22.8077649523249
143219,23.6758382101448
143220,25.7807548532222
143221,76.464527678263
143222,30.7655527454016
143223,32.2690867795233
143224,25.0306609922229
143225,26.7200487964103
143226,30.2616844779508
143227,58.1502593206119
143228,27.9617062028902
143229,28.1506960761023
143230,23.1456932089341
143231,24.1006174366815
143232,28.8434811421478
143233,18.5163131492173
143234,17.3572194224635
143235,15.2539033095934
143236,16.829506172596
143237,12.724106109607
143238,17.8830863261332
143239,17.1333180720175
143240,19.4910293522849
143241,14.6100536593781
143242,15.7551636488909
143243,14.0755689013843
143244,18.693349181797
143245,16.5233132837793
143246,18.8169012433687
143247,12.7014505053916
143248,15.6046971052318
143249,13.478938870697
143250,18.7949669441661
143251,16.3177849882503
143252,18.424470185206
143253,15.0100473901341
143254,15.3101353293861
143255,15.2426509800509
143256,17.9905092499546
143257,15.3490024388609
143258,17.0543112725054
143259,16.2512275074961
143260,16.9955220631843
143261,17.22910223518
143262,16.8529439114371
143263,14.5834253517532
143264,15.2726126794786
143265,17.4603494548469
143266,19.5335905476847
143267,21.5650334220366
143268,15.2682106170194
143269,13.8797739820266
143270,12.5004476949159
143271,17.1110387714127
143272,19.7475662201342
143273,24.6028246025746
143274,13.599934534085
143275,14.6151060024063
143276,10.1941924883003
143277,16.2974394963943
143278,19.8335189565123
143279,23.4972998591961
143280,11.3584526447065
143281,23.6142037844346
143282,22.4048968754744
143283,23.9663566574465
143284,27.1385214268547
143285,28.3514970975316
143286,20.6237312947365
143287,95.4368318960481
143288,29.3619221978224
143289,44.5348934479559
143290,35.5268097151577
143291,43.6496700973953
143292,28.5419541885734
143293,58.127256757634
143294,21.1982606996339
143295,28.5294938593694
143296,30.0597158782614
143297,28.3314963525911
143298,21.2450112948517
143299,27.3354127860976
143300,15.9942524849514
143301,22.6211444227234
143302,23.6815124450675
143303,22.0587203979992
143304,15.8252646321419
143305,18.217428504932
143306,7.92051558253739
143307,20.7766404507856
143308,20.1917456223626
143309,20.1543163695457
143310,10.4016092617893
143311,15.8104716120319
143312,-0.614961085319038
143313,20.184710994695
143314,17.2144959935063
143315,18.6057358435596
143316,5.68040833636495
143317,10.1224235051866
143318,-8.22140699199608
143319,18.5776792013285
143320,18.1596255279986
143321,16.1093384416512
143322,-9.48695486875441
143323,8.61352394409674
143324,-10.9356155002514
143325,16.5432090386531
143326,17.1219757732273
143327,10.9866421760989
143328,-10.841293780776
143329,20.6514230898436
143330,15.4022479921821
143331,16.1215555541827
143332,12.2402608298383
143333,13.7203684159213
143334,14.7250548399067
143335,23.4845432192143
143336,9.66062526491223
143337,15.2907648319092
143338,9.75559691966541
143339,14.4208494664564
143340,11.7070436284879
143341,42.6072569678024
143342,7.17164491573135
143343,14.548162414449
143344,12.5039758663911
143345,13.7730456784308
143346,14.6645315636498
143347,45.1244731152666
143348,9.98903440983187
143349,15.0092622242589
143350,9.04097504071542
143351,13.5862227817082
143352,14.49348468307
143353,43.5665437800501
143354,11.7171598215146
143355,15.3165014738871
143356,13.4427519783462
143357,12.8588831549983
143358,11.50467368492
143359,32.7954003740916
143360,9.17220884880443
143361,16.5461042036846
143362,16.7505959505726
143363,14.7196210868231
143364,12.2492573619134
143365,41.1375156624321
143366,10.0934772874688
143367,20.6312015311284
143368,23.8383972133787
143369,17.3726572652419
143370,13.2094359649645
143371,28.008463069794
143372,8.99465066690571
143373,18.1447524303209
143374,21.8552215834455
143375,15.8379294327789
143376,11.042163993665
143377,9.84606948962798
143378,3.63116107070458
143379,8.14594365616798
143380,16.194599517144
143381,10.5043259387395
143382,4.36784253497798
143383,8.12270068622003
143384,3.36522197822572
143385,3.48998033292736
143386,15.7177071598006
143387,10.8672063324359
143388,3.66076518175045
143389,11.7627038712533
143390,8.54362959432935
143391,5.79845738884465
143392,15.024240473309
143393,11.4670270902018
143394,4.97878385963478
143395,11.9449635371404
143396,11.8693716744592
143397,9.05391533116264
143398,15.7251904271146
143399,13.7585763907511
143400,9.37165960725527
143401,13.5601478205467
143402,15.4773144342559
143403,13.1609406586614
143404,20.8858240947615
143405,22.9358500730871
143406,15.7450372628566
143407,15.2666269735582
143408,17.2548284103937
143409,15.9429261016298
143410,23.5535206957251
143411,24.8047045282828
143412,17.7859462824982
143413,19.6683673358144
143414,20.7079132379728
143415,16.6988030874481
143416,27.8623986404148
143417,25.2427707567944
143418,20.1648151493788
143419,22.7429181562556
143420,27.4272082061559
143421,21.3298505735763
143422,28.9577717611584
143423,27.2884296009629
143424,25.7265459274774
143425,35.8948132911622
143426,68.9018607418687
143427,43.7249542444258
143428,34.7001363895559
143429,42.6035188123632
143430,59.6385886955605
143431,91.9794715004739
143432,132.676084794002
143433,97.907144283502
143434,49.4450853390213
143435,79.8689947142766
143436,114.188364891021
143437,72.495986102444
143438,66.7135816165031
143439,54.63462022106
143440,40.6847347267117
143441,45.2058136239757
143442,72.7589925138661
143443,67.296655487768
143444,43.0354568269344
143445,36.2261783316045
143446,28.6562364133194
143447,37.3388190558709
143448,50.5943336911119
143449,53.7201700813497
143450,35.7840350564169
143451,30.7218441871188
143452,17.4229351378448
143453,30.8072659870597
143454,41.3175290616838
143455,46.0311582342101
143456,26.7590096034923
143457,28.0782563996251
143458,14.7572958542603
143459,21.0904123522667
143460,27.322793829356
143461,49.3353504805437
143462,23.1658797617575
143463,26.8641831569692
143464,18.0740484631942
143465,17.0263922324312
143466,25.1241175943985
143467,36.3463381206437
143468,19.4206384840144
143469,24.3455472114177
143470,19.615594118057
143471,15.1164159301579
143472,22.1159869250861
143473,34.2590612534623
143474,23.4381038495987
143475,26.186627076945
143476,22.8867752333626
143477,15.8828369665682
143478,23.6786642152016
143479,34.8890557674014
143480,21.529870507277
143481,25.2747736911231
143482,24.5290727737416
143483,18.3750437747739
143484,21.5187224086086
143485,34.5061511140213
143486,20.2545196852534
143487,24.5373248217876
143488,25.4598532910796
143489,22.8268931644147
143490,21.313760641528
143491,37.169878041844
143492,20.0162556815324
143493,23.5132848365371
143494,26.0214361181275
143495,23.9743961771936
143496,21.3275191452733
143497,37.7499271400646
143498,19.0136526038505
143499,22.4018922709431
143500,27.2486245978778
143501,27.2296574616373
143502,21.0242809524286
143503,35.7523761923077
143504,21.7019031330148
143505,23.1149777629898
143506,27.3133685924969
143507,33.3781218744277
143508,22.3005456082044
143509,33.1540399996999
143510,24.000751387991
143511,24.379604534769
143512,28.0463152932796
143513,35.3671036830557
143514,24.5866942667722
143515,26.6009245715866
143516,19.6883678920376
143517,20.1851145183609
143518,25.8092422646921
143519,28.8426329070169
143520,20.6647725862714
143521,11.0963329376942
143522,11.6815591995903
143523,9.3277194514891
143524,16.0278655244965
143525,14.690011706306
143526,11.8565150730032
143527,6.99303353204097
143528,12.6137476117951
143529,10.7038583089862
143530,16.4589545214054
143531,16.0783732554487
143532,14.2449486946976
143533,9.06672954969778
143534,14.3512135534896
143535,14.1323419221787
143536,16.4161769031678
143537,14.957594491433
143538,14.1983481866502
143539,10.2429310358332
143540,16.0870609049139
143541,17.4368262569415
143542,16.9568695554852
143543,16.4780724024966
143544,15.4854483811147
143545,17.4784809919305
143546,18.6488407011719
143547,18.0497838326859
143548,20.3331207398243
143549,21.1725148615672
143550,16.4582688072909
143551,19.0203755429179
143552,19.0837691650665
143553,19.2065942695066
143554,22.2826287869097
143555,24.6403807739364
143556,20.0821488021513
143557,16.9576149466478
143558,18.5940180127515
143559,19.3532488525564
143560,22.7316925877461
143561,28.5988803533219
143562,17.2269820232685
143563,16.9547419050727
143564,15.7713634505888
143565,19.2601169977449
143566,24.1368014884873
143567,29.2688658806457
143568,16.8094796876256
143569,25.2806171993191
143570,14.5791543306868
143571,29.0580654997453
143572,30.8211856174742
143573,33.6009165536237
143574,18.4298016372707
143575,85.0698062593327
143576,19.4297800834354
143577,42.3440573393101
143578,41.7734712963311
143579,40.8656621436976
143580,20.5404350209938
143581,78.4208544921884
143582,18.3409387863834
143583,29.214361693317
143584,34.7529006723384
143585,27.1031311363774
143586,18.76072853252
143587,47.1080371175593
143588,14.9161933239312
143589,25.5236497082336
143590,28.822352725799
143591,21.8364913118264
143592,14.2064159926289
143593,21.8155941035127
143594,8.5518434751896
143595,23.0232161599567
143596,24.4152318387512
143597,20.5962482754217
143598,8.46955140540327
143599,18.2188648620072
143600,7.78682034656733
143601,22.5340262543137
143602,22.8592574026638
143603,20.4583474532574
143604,1.57200934226673
143605,14.963004412898
143606,12.4081820928711
143607,20.2777292853881
143608,18.4178523114849
143609,18.7681665813532
143610,7.55555603057321
143611,12.0115973798013
143612,13.1607513956835
143613,19.0850434289258
143614,18.2210236657497
143615,19.3740598198017
143616,14.2592677870155
143617,12.2371084977727
143618,12.3645689088547
143619,19.0411506306286
143620,15.8672408326487
143621,17.9922056417457
143622,11.7691051190905
143623,12.4073036444891
143624,8.57993178943005
143625,18.9461378667096
143626,18.9851001655944
143627,15.9815136704474
143628,9.95861667100964
143629,12.8415603992932
143630,5.40282912756122
143631,18.2617046123039
143632,19.1216487969092
143633,18.0942406908243
143634,4.06302004559651
143635,11.2224829772381
143636,7.364835248299
143637,12.6555020815336
143638,18.0488666837076
143639,19.7397045528789
143640,4.85251289046153
143641,11.831575041874
143642,8.72473366915973
143643,11.4538269161676
143644,17.1460504416398
143645,18.3682393228601
143646,6.35533416861567
143647,12.5760131354408
143648,9.49187103470328
143649,10.796544325547
143650,17.0021684239013
143651,18.1935688328103
143652,9.97498455424472
143653,11.8517903434142
143654,12.4054023265444
143655,10.457106427389
143656,15.6400575816495
143657,3.33583198626332
143658,11.1613478314565
143659,9.71807187254874
143660,7.1802773665471
143661,3.74491306000797
143662,-2.58972158116014
143663,6.27525660936574
143664,9.46088841784029
143665,0.471897229364568
143666,4.58691047086007
143667,-5.99490124530483
143668,-4.39326493505152
143669,-21.5482983308444
143670,-2.34877462170411
143671,-3.04268994333082
143672,-8.47050911072969
143673,-6.5860063938087
143674,-3.05992739470375
143675,-15.844702630468
143676,-7.48891235462663
143677,-2.963213119182
143678,-8.60228988469617
143679,-8.48131099136477
143680,-4.27902023514678
143681,-10.9369977025178
143682,-12.3265950363146
143683,-2.67014661856456
143684,-9.42507120689589
143685,-9.25203371383477
143686,-4.11900171503707
143687,-10.9787336155267
143688,-8.82205461052982
143689,-2.01029456754396
143690,-9.54715127254655
143691,-6.84310148389304
143692,-6.7571601919295
143693,-8.89370264959714
143694,-11.8510764313171
143695,-1.85999358963504
143696,-6.91221291575154
143697,-4.38394409626858
143698,-4.73226213003547
143699,-5.37939654159184
143700,-8.68148746903204
143701,-0.917260688428772
143702,-2.98661173666524
143703,-7.76676798690906
143704,3.14340318587126
143705,-6.79665440124314
143706,-4.24185366966552
143707,0.696694910724414
143708,-2.27815823619694
143709,-6.74325906884754
143710,-5.16151264679156
143711,-1.5982533491192
143712,-3.69572323542227
143713,6.60952429357485
143714,9.44744097492128
143715,7.62112618180775
143716,9.52909642415965
143717,6.21613866171474
143718,9.05387006473755
143719,39.6971018576524
143720,37.4359840223035
143721,23.0936343448427
143722,17.3597745801215
143723,30.3148104508686
143724,40.650454221342
143725,58.1294079925451
143726,35.483408554929
143727,24.5658536546881
143728,30.1736945269645
143729,34.8428112765914
143730,38.49508461606
143731,56.4210369681948
143732,35.8397199770495
143733,23.5512179247154
143734,25.6829508257791
143735,31.3584080840818
143736,37.8160541908484
143737,49.8756280681583
143738,31.1078337111944
143739,21.5865398908602
143740,20.0849722754381
143741,29.3681424423162
143742,29.6282561725269
143743,47.1329081895478
143744,27.7188350548793
143745,21.6945242447726
143746,13.3179412715779
143747,25.4301560871774
143748,31.3259518281493
143749,42.2452280970885
143750,29.1032040224496
143751,20.1988733042394
143752,6.79996209819967
143753,10.2314837050102
143754,31.1832504096989
143755,36.366245489667
143756,27.6268687469186
143757,18.3442065502728
143758,-0.0829561849082943
143759,5.19522827219161
143760,27.6441263534968
143761,34.4676864913442
143762,31.0654841235842
143763,19.2009995341093
143764,-2.19325185666653
143765,-1.1162091680104
143766,30.4988761595701
143767,35.4215053422019
143768,34.5863138704499
143769,17.1834409711566
143770,-2.5024207896389
143771,-1.82159510946212
143772,35.0514151095438
143773,41.4506008042106
143774,34.8823236075598
143775,19.2037770631429
143776,-3.38099526909711
143777,-3.61295737953213
143778,36.6452501107868
143779,32.7595785951814
143780,39.1285815096291
143781,19.1188946675759
143782,2.8855096317601
143783,1.27364239845129
143784,39.8648275988399
143785,42.3718140600983
143786,43.207573900446
143787,21.4871200081397
143788,10.5037260863239
143789,1.38542629922838
143790,45.4735625563325
143791,65.7229274068815
143792,49.3489227493151
143793,22.686487326678
143794,26.7642308749895
143795,22.1314551389843
143796,53.1148373091186
143797,85.3917517468186
143798,49.0041017956117
143799,25.1284763736115
143800,28.4863896421709
143801,25.3688943234074
143802,52.3481464159687
143803,60.7784930088642
143804,37.7220286456233
143805,21.0174650417835
143806,23.835829263852
143807,21.3456164990986
143808,38.3134562881859
143809,17.9810625927506
143810,19.4908637365348
143811,7.07004217501118
143812,12.8726704380383
143813,12.3032823827841
143814,18.5646238609607
143815,14.1110313047614
143816,18.4078577758831
143817,2.23901024037116
143818,7.47107644867918
143819,10.5340431059737
143820,17.568784742233
143821,13.605840712966
143822,14.6171737203878
143823,1.68811880900834
143824,7.66722075250334
143825,10.7843748633602
143826,15.4719854845642
143827,13.4733537609859
143828,13.4782451482739
143829,2.67249491746622
143830,6.91101106857893
143831,8.88939858312995
143832,15.1544624320869
143833,12.7644714273604
143834,14.0606344881905
143835,3.18994943868634
143836,6.35329123470562
143837,7.22311436546897
143838,15.2015099842123
143839,12.3105131870935
143840,12.4773510079903
143841,3.30884102263066
143842,6.31781590141158
143843,6.82242896760031
143844,14.0869718260458
143845,11.3390226513662
143846,10.2964850550113
143847,2.57873731952929
143848,5.10037141950169
143849,6.41450506107059
143850,11.9399156741334
143851,11.6321799003308
143852,8.97456984437521
143853,3.32386520304453
143854,5.7116331984419
143855,3.77855252393492
143856,11.5205915382602
143857,20.7379388059088
143858,24.2834892039979
143859,14.5011164936041
143860,17.6321539266784
143861,15.0707390411851
143862,24.5840624699916
143863,61.8649875777017
143864,68.5413280368525
143865,39.0627636207269
143866,41.4337733792528
143867,49.065095395371
143868,74.3240900401774
143869,45.7690330838299
143870,35.9648333624724
143871,30.6692995142981
143872,36.357400883704
143873,32.4079072792544
143874,40.0082497775638
143875,35.4696815031056
143876,27.9809288688614
143877,26.8477777661778
143878,31.40177276808
143879,27.8106560260913
143880,30.8216435632999
143881,21.1078066779714
143882,19.9693759943591
143883,24.3633766171555
143884,24.5078557397201
143885,24.4680798555139
143886,21.050454554475
143887,11.1082089997105
143888,11.9775393423383
143889,21.4441913162645
143890,17.9784657395054
143891,22.3612156054485
143892,10.347353706358
143893,5.00430767671567
143894,2.57008531879338
143895,20.3682926175954
143896,15.7463439916884
143897,20.5526418702959
143898,0.940492944387262
143899,2.82776229055315
143900,-2.65555699061063
143901,19.0472608274813
143902,15.5946392584101
143903,19.8154395418548
143904,-3.7082400630808
143905,1.64952870937944
143906,-7.30493382902999
143907,19.9642793293391
143908,14.7866334016803
143909,15.8245058288663
143910,-8.00007167153784
143911,2.69133520860355
143912,-6.06639377000804
143913,19.4180552923867
143914,16.0153956784049
143915,14.1740772414517
143916,-8.57875826713304
143917,2.42028841006044
143918,-7.98282504970764
143919,19.2517947806014
143920,15.4248121495164
143921,15.7503795988579
143922,-7.79999812291426
143923,1.21295488565494
143924,-8.41204186657412
143925,19.4399287882772
143926,16.3446987398867
143927,16.9790882909705
143928,-8.11584179670487
143929,1.9759631030332
143930,-6.55180528269219
143931,20.2502790578246
143932,15.9077427949937
143933,17.7062939261476
143934,-5.44893449698223
143935,1.19662434091577
143936,-1.79861846731094
143937,23.1966729994572
143938,18.2940229165764
143939,19.2385863895914
143940,-2.21555885710276
143941,3.67224816542171
143942,5.00283140687309
143943,25.3258780367202
143944,22.1404604523654
143945,27.6033357869322
143946,5.91120799915784
143947,3.46343664106425
143948,0.711317937039716
143949,20.9050932840933
143950,21.0738233812658
143951,25.5788020615787
143952,-0.152235774259132
143953,3.70396583814198
143954,-12.8202644397095
143955,12.7388505864262
143956,17.2646844261303
143957,16.7864361871967
143958,-13.8278228672658
143959,-0.907722019500977
143960,-13.9253255870564
143961,5.61660965929829
143962,10.2713471193878
143963,8.61318521005856
143964,-14.8934334499413
143965,-1.67700065251611
143966,-14.228829163961
143967,3.36762539087031
143968,6.39221319493833
143969,2.60795940754607
143970,-14.4118126314956
143971,-2.18185073015797
143972,-15.6094329008661
143973,-2.53222520150904
143974,5.51166612474212
143975,0.675091811626906
143976,-12.8284257751921
143977,-1.9712500224897
143978,-17.5096570520803
143979,-6.05376626096148
143980,3.77793392087732
143981,-0.519030625527183
143982,-17.2521108471519
143983,-1.86835476618247
143984,-19.9665310793819
143985,-5.13566867510872
143986,4.19411063891387
143987,-1.2858729466409
143988,-20.5394089260919
143989,-2.38534560094462
143990,-19.3979246735565
143991,-5.29056277422804
143992,4.31959375427246
143993,-1.91924880800032
143994,-21.9106491286793
143995,-2.99622171908151
143996,-19.6534917434634
143997,-5.79890952880674
143998,4.37373596805235
143999,-2.52234919309196
144000,-18.9884444979956
144001,-1.91506855319956
144002,-6.33286978947509
144003,8.15950781055136
144004,9.09001347029715
144005,10.4456830222995
144006,-6.15891440509761
144007,25.7316984906416
144008,25.3231598160343
144009,26.2677244174119
144010,17.8344410067953
144011,19.5449539522437
144012,22.3197184086456
144013,21.4683516025594
144014,14.3227053624539
144015,22.8263925720341
144016,15.2367045177345
144017,18.4708548197185
144018,14.416823449567
144019,15.1245069966661
144020,9.66548931555369
144021,23.2579706201971
144022,8.32105501580591
144023,2.71747413467972
144024,-4.49136012599548
144025,10.2074936916952
144026,-5.61059186692162
144027,18.8811621983274
144028,6.42988896352732
144029,-0.0972012556368327
144030,-0.192148084119196
144031,6.93345238655485
144032,-9.48953965344278
144033,17.3554016287966
144034,5.474797552206
144035,-1.50145690444327
144036,-4.25132049928506
144037,10.3349081708331
144038,-9.83555312167051
144039,15.4243281546662
144040,4.63328274120691
144041,-4.38011947925633
144042,-7.45027854038386
144043,11.7669709437932
144044,-5.6230117583953
144045,13.0636932689874
144046,0.173700122489127
144047,-1.30745823991182
144048,-8.26790767551446
144049,11.2155061742682
144050,-3.66633118518936
144051,13.1626645996364
144052,-0.657442358675304
144053,-9.54768333934288
144054,-0.788678197453201
144055,10.9371074587094
144056,7.01560226946498
144057,12.7829862249482
144058,-1.10810471613744
144059,-7.42354087229027
144060,4.73537367317625
144061,13.2276048970064
144062,13.0619036806527
144063,12.8220595202128
144064,-1.58257197667442
144065,-7.37071273480901
144066,6.38015372056381
144067,13.7367488391274
144068,13.8509432323948
144069,13.6292357350138
144070,0.487540846535456
144071,-5.00445166223993
144072,7.02297744475595
144073,19.850329708824
144074,17.5295777364882
144075,14.2146135951403
144076,1.13282150686007
144077,1.13489857474309
144078,18.955263950307
144079,26.2130315003182
144080,16.9786468471604
144081,17.9139864423918
144082,1.76087693430811
144083,0.18927100732828
144084,24.3503941071555
144085,34.0105007913638
144086,21.6088001251403
144087,22.5020265811925
144088,10.7973158648215
144089,8.64551452402978
144090,26.6586208694393
144091,35.0045057399189
144092,20.5019177131519
144093,21.0242539014457
144094,11.1778571210852
144095,11.6382067436075
144096,21.3272608836836
144097,19.879766469335
144098,18.367261835235
144099,10.0453936038373
144100,9.17213752644735
144101,4.97463963934162
144102,17.4599658047359
144103,15.3299867384993
144104,18.4726676122912
144105,5.3715303515537
144106,11.0751496236478
144107,7.1588839772671
144108,18.6823030791341
144109,16.5232299540717
144110,18.1416605576771
144111,3.13248640058107
144112,9.83491789126994
144113,8.69104222635277
144114,19.0477327430847
144115,16.5182411812176
144116,19.5465515482798
144117,0.885462948578628
144118,9.94431585918901
144119,9.28488434111098
144120,18.814069830881
144121,16.6865271303651
144122,20.8768523214287
144123,2.8059598989928
144124,8.8466185950857
144125,10.6978686830871
144126,19.2947504077815
144127,18.8648297648979
144128,22.0523646423798
144129,4.77601865582169
144130,8.29514153507751
144131,12.519738840702
144132,21.3397131190758
144133,21.428408607824
144134,23.45896330354
144135,4.83698094011947
144136,8.4447210329912
144137,14.5507754198009
144138,24.2550196053651
144139,20.2983126792314
144140,22.0890934980896
144141,3.85339931474028
144142,8.83348013994595
144143,14.5527053851384
144144,23.1669212304474
144145,36.7406291616241
144146,56.5373030450387
144147,24.7866206112417
144148,18.4326670100793
144149,32.4485247618468
144150,53.3488618390557
144151,127.916434861553
144152,82.7007391371297
144153,32.4057742974031
144154,22.943664574307
144155,46.6159418077429
144156,75.9530931814845
144157,74.8114126396577
144158,34.329526116912
144159,34.1536114712768
144160,21.2038878102234
144161,31.517033567147
144162,39.6102397911914
144163,67.0680544610347
144164,33.2302645122308
144165,31.4209309631374
144166,13.345949378016
144167,15.3961563509475
144168,34.363802327149
144169,41.716944958608
144170,33.1381167792221
144171,27.5591783637393
144172,12.625677235496
144173,10.5175622460293
144174,30.652940298668
144175,27.6642915553776
144176,26.6659884764631
144177,24.1469536625635
144178,11.7961267357905
144179,7.89580318653771
144180,25.867165239063
144181,22.5398620674322
144182,20.83212391631
144183,20.99795252344
144184,11.5390079839777
144185,-1.56334794757239
144186,17.7597239420041
144187,20.4003518668521
144188,15.6542152663809
144189,18.887437400791
144190,9.87555560751205
144191,-11.2198504061216
144192,13.5258010906487
144193,15.161693641456
144194,11.8331334855476
144195,16.1010410156968
144196,2.5510491159427
144197,-2.65398482428239
144198,11.465932211923
144199,15.218903306696
144200,10.0766103713044
144201,15.2066464578555
144202,1.06808369397929
144203,-6.18780072356819
144204,11.6723471697742
144205,14.913982708292
144206,10.3680247296441
144207,13.8359148647097
144208,2.43637850692128
144209,5.01204307729673
144210,11.1272291442703
144211,16.9196352694408
144212,9.87095701012084
144213,13.6496931782393
144214,3.17704589961059
144215,6.97897275407783
144216,13.3151781965435
144217,21.9806407972968
144218,10.9403839934397
144219,14.1045751382935
144220,4.08934300024667
144221,2.85689191832752
144222,12.4428224981364
144223,23.2838885597731
144224,12.7262249340489
144225,14.9261967571576
144226,3.81866141833365
144227,-4.20250955556496
144228,12.8438730199433
144229,23.7045483982554
144230,18.7188602327419
144231,18.9178400901801
144232,6.23505503034351
144233,1.53290094210141
144234,17.3721465079116
144235,23.3686813143358
144236,18.2098483851954
144237,18.4251612860001
144238,9.05067872834588
144239,-0.63259131822495
144240,18.4645150760086
144241,10.9782220395144
144242,11.0430252868539
144243,11.4256946934015
144244,11.1894703811792
144245,4.8152878267589
144246,8.11184257949082
144247,9.50180224982793
144248,14.0304910011015
144249,7.47196759277646
144250,10.2034740657728
144251,6.58825945069307
144252,9.26027320466765
144253,15.7378567788189
144254,16.1153593341149
144255,3.66765019881536
144256,7.7375090970952
144257,5.99337346964625
144258,14.1731343973833
144259,15.3795678658379
144260,17.4470088745066
144261,3.89866836095952
144262,4.5015451421948
144263,8.00757092696572
144264,16.3705846699751
144265,16.963596880562
144266,19.9450037210066
144267,7.31862968937277
144268,6.06597547974961
144269,11.0904217888237
144270,17.2893490423315
144271,15.5761298910475
144272,18.597110555373
144273,10.4298717685811
144274,8.3149404603565
144275,10.6098897744927
144276,17.7210990331034
144277,16.9438307500676
144278,16.912856542579
144279,12.1408864979737
144280,10.1350268116627
144281,12.0260236354135
144282,20.0737034806944
144283,19.5770629205432
144284,15.0272496580259
144285,14.0079186464505
144286,14.4511237491284
144287,14.5283176339318
144288,17.7862965601789
144289,28.6479658359457
144290,28.5903797118664
144291,26.7229392491669
144292,20.8447477407352
144293,27.4396165191704
144294,28.0102791370275
144295,83.0068208059607
144296,31.2339173859297
144297,34.7396087086256
144298,27.7886239664129
144299,37.4572679001419
144300,37.2206824594053
144301,36.4686438148598
144302,19.2356948244688
144303,28.5188511868007
144304,27.5283572787347
144305,29.6024054649401
144306,15.6602317719924
144307,25.401371727525
144308,8.00949281055908
144309,23.2272820114773
144310,20.3174718419182
144311,22.0717687448107
144312,7.06921127244509
144313,21.2616806088626
144314,0.351755903857278
144315,19.9171855353541
144316,12.9647260761054
144317,16.3654350932274
144318,-3.65130340310492
144319,18.1128830509583
144320,0.263936166310401
144321,19.2385486007682
144322,13.2270304778836
144323,1.82602113885705
144324,-8.5104281315136
144325,14.3358115266763
144326,-5.37685857599174
144327,18.2578048355428
144328,14.3955389846874
144329,4.37707604502117
144330,-5.68620738912955
144331,12.8525940818522
144332,-6.00505147726767
144333,17.1559453415511
144334,16.3390784986979
144335,4.66289682605226
144336,-7.54743884575925
144337,12.7544948569086
144338,-10.0668219957677
144339,15.8483748272972
144340,13.3330634236704
144341,1.50958277736344
144342,-11.8657449224251
144343,11.7957833364512
144344,-9.70293933280006
144345,15.0744424862786
144346,12.453130473362
144347,2.32872654796169
144348,-9.48101683943323
144349,12.8044440089043
144350,-3.90638402394085
144351,15.5927749265517
144352,10.8343398082801
144353,7.26214603689787
144354,-6.51594892124636
144355,13.4409823017027
144356,4.52739224389278
144357,15.6703069054697
144358,13.4853145198188
144359,11.7746644606224
144360,2.83068697260714
144361,15.3271073007165
144362,8.92771845343922
144363,15.4190086422188
144364,13.0463878483176
144365,13.8454519861383
144366,7.72952429880994
144367,17.3011396422315
144368,12.919471742683
144369,17.1428030403568
144370,13.2153313214043
144371,14.0340620420936
144372,12.5062785186762
144373,24.3965391901633
144374,18.0882165338672
144375,20.6425647202971
144376,14.2988799341198
144377,13.5433762420698
144378,15.3704082014744
144379,24.4847806997426
144380,21.7076128500592
144381,19.856395592159
144382,15.4542632818297
144383,9.16796710409938
144384,17.8741358770513
144385,12.3849586778491
144386,17.9181975232994
144387,11.532455913239
144388,12.1529087849956
144389,9.20861577595681
144390,16.1818408637753
144391,14.4523444578108
144392,18.1659044864664
144393,7.76336892708039
144394,10.3154830735572
144395,9.08477722819048
144396,17.5008550888859
144397,15.272840199695
144398,21.3819962571642
144399,6.68812012238122
144400,7.76148610521684
144401,13.5882454479223
144402,19.8971695467524
144403,17.2399640734972
144404,22.8389199729568
144405,9.43509810646768
144406,8.79372293108977
144407,10.6048474937378
144408,20.5328808539479
144409,18.3770060866707
144410,21.7283005736051
144411,12.8441762378324
144412,13.8588728294219
144413,15.5179242819991
144414,25.6269239257407
144415,20.0362422494623
144416,23.3837803565217
144417,13.9304163577031
144418,16.6588307428568
144419,18.1636656787873
144420,23.2282746640039
144421,18.6780167525045
144422,23.4868703604552
144423,12.623620359175
144424,17.0420452030384
144425,16.9377394457211
144426,21.6601918075474
144427,20.1142384554842
144428,22.9368358232142
144429,12.5315001153608
144430,19.2754907829898
144431,18.9780912544029
144432,24.2156902098286
144433,29.9555237179731
144434,38.4270719749571
144435,29.9705689750237
144436,25.0725964199053
144437,30.6714174284006
144438,31.36471836323
144439,74.5380271380733
144440,46.2644921630823
144441,42.2418817938672
144442,31.4093829813877
144443,44.8115994542385
144444,49.5732355828989
144445,37.6434091134143
144446,28.5014649464521
144447,26.7627008101248
144448,25.6610908947412
144449,28.3198634875018
144450,29.9345051955077
144451,27.3558768868701
144452,18.90809460354
144453,22.0273643636757
144454,19.0112295239854
144455,18.6548834703454
144456,22.7631550491513
144457,22.7339865906446
144458,8.08603098499411
144459,19.3324394291539
144460,12.0165138400662
144461,19.7347232835084
144462,15.6721683112306
144463,16.6163627261726
144464,-0.403768755879842
144465,17.476976253003
144466,13.3087629187662
144467,12.0182851306501
144468,0.123466140282989
144469,15.1223194497452
144470,-3.16038008652725
144471,16.9177116871587
144472,13.7354926843786
144473,2.89004691367264
144474,-14.7321228779688
144475,11.0977241736723
144476,-15.9849001159492
144477,15.5024488107772
144478,15.3784074032797
144479,3.96214003471712
144480,-21.6736933895341
144481,10.7118535328574
144482,-9.52891599832576
144483,13.6449534000395
144484,13.5581131675763
144485,13.1527164939644
144486,-24.7840108913986
144487,10.9274231081045
144488,-21.4580979939461
144489,11.4649756330464
144490,11.5846528434694
144491,11.6797468724844
144492,-21.1083782147701
144493,11.509726839087
144494,-19.6661998660878
144495,10.3052945623995
144496,12.4791075683819
144497,12.2861726457956
144498,-21.4959958674936
144499,10.4455238988094
144500,-13.7697082788333
144501,11.2678669357759
144502,12.7270974599443
144503,13.4529718539802
144504,-20.6888490249261
144505,10.0822673374264
144506,-4.8486885275645
144507,12.4114390359233
144508,12.9387948402383
144509,13.5050256793556
144510,-12.0685361796395
144511,16.7946580023922
144512,-0.754528943666958
144513,15.6525955504048
144514,15.624748394098
144515,16.1232113267758
144516,-8.38801057313118
144517,18.3521974053642
144518,-0.463687973368277
144519,18.2471133791055
144520,17.2380968725738
144521,19.0305025499597
144522,-5.48378775467002
144523,16.1177611402521
144524,-2.94753942991649
144525,16.2097903092698
144526,16.3505295757284
144527,17.2049936972239
144528,-2.37777997938126
144529,6.12585241792147
144530,-10.0154759468032
144531,7.67698391945767
144532,9.48233513320494
144533,8.48778681564033
144534,-9.0062888069033
144535,8.65208810168765
144536,-10.966912256263
144537,5.9680664791998
144538,7.60583534162325
144539,10.457824893717
144540,-10.5835240312279
144541,12.9341034210548
144542,-3.53128026618116
144543,2.50892866488313
144544,8.40961429123203
144545,8.08445025691445
144546,-4.66457118635187
144547,15.7458569972899
144548,6.4002516033959
144549,6.74784055078994
144550,9.91376095167633
144551,9.25664974057586
144552,3.15307591726048
144553,16.3590384918099
144554,7.67637633326141
144555,8.99606725198746
144556,11.7480064358436
144557,13.3159588147308
144558,7.49385350717989
144559,18.5022930125361
144560,9.77365703153886
144561,12.100588539186
144562,13.8283851356186
144563,17.1975475574074
144564,9.87903588881346
144565,22.1318437955834
144566,10.8542232686116
144567,13.3019995095194
144568,16.3989657863954
144569,20.2015153614189
144570,11.3719934793554
144571,31.0418091871239
144572,16.4616819184509
144573,16.4978744909922
144574,19.8965541494016
144575,21.3963717749557
144576,16.8523407367889
144577,39.6128614879435
144578,46.0098709283431
144579,38.1460179664689
144580,31.424865736124
144581,35.1611408613082
144582,37.1864980006219
144583,55.3237476357229
144584,70.3008953434973
144585,59.9737977627607
144586,36.8425665295294
144587,56.3335319091496
144588,54.0021899720885
144589,42.3488672580299
144590,29.0045265158408
144591,33.3692702564636
144592,31.5687418496004
144593,30.1044921007201
144594,63.098996228454
144595,36.0326374093581
144596,21.0690714097591
144597,25.6649059244169
144598,25.8866561950557
144599,24.917640636468
144600,23.5126399292382
144601,33.0783847704712
144602,17.0082116845636
144603,22.7032708963236
144604,15.6120722273294
144605,20.4101379760272
144606,20.1917558832579
144607,26.3824466719835
144608,19.0997448608722
144609,21.2758269578371
144610,14.7070979608712
144611,14.3998560707773
144612,20.9027707260959
144613,22.9239954940445
144614,18.6652808084815
144615,19.7674425135146
144616,17.7256215971264
144617,13.4948246785188
144618,20.0293720762547
144619,22.6893786647809
144620,18.8343587531166
144621,18.9386053635901
144622,16.3262581178736
144623,13.5090378889527
144624,21.8936846763353
144625,24.7632216024874
144626,16.1641596687589
144627,18.7279808290059
144628,15.1911086335617
144629,10.439353061637
144630,16.2255581820999
144631,24.7420829149358
144632,18.8903595687256
144633,17.8929069329343
144634,14.9934526035351
144635,11.4101115173963
144636,18.276486875931
144637,25.8370436302265
144638,18.4546045996602
144639,17.7957972081931
144640,17.1919223823317
144641,11.2671542691145
144642,18.7310291199561
144643,26.9311890109221
144644,22.2374074286163
144645,18.7429184175367
144646,16.5902116620941
144647,9.53098277495946
144648,21.0422698606518
144649,32.6464390023194
144650,25.3312213072411
144651,19.7798176929467
144652,16.8107885250374
144653,12.1140503791337
144654,22.6576013269302
144655,40.3938616374347
144656,26.0728397576795
144657,22.013582189705
144658,20.9288578809858
144659,15.8815007155621
144660,25.9358714715484
144661,43.6801569932545
144662,27.1438943498989
144663,24.487228428116
144664,27.0069084087828
144665,25.0407298858522
144666,25.9243705026935
144667,39.5978615364991
144668,24.5534595222615
144669,22.3850760760362
144670,25.6822633846526
144671,23.0967654273731
144672,23.9257793414414
144673,28.2444562630621
144674,19.7567069767482
144675,9.7260461502229
144676,15.4584736928293
144677,11.2726123740183
144678,19.9547663092877
144679,18.534804294127
144680,21.1269842699634
144681,9.09765325451012
144682,15.6113542979885
144683,14.8012951572087
144684,19.9112388837579
144685,17.9399919773367
144686,22.1469802052622
144687,11.557860616395
144688,16.3513953221024
144689,16.5164657523222
144690,22.6579366948162
144691,17.7311007603592
144692,24.823868367925
144693,14.6305990054885
144694,20.4880445346888
144695,21.1775431516906
144696,25.1816251561357
144697,18.1824018934439
144698,21.7208664924559
144699,18.3780757057873
144700,23.1450804690332
144701,23.3602428792408
144702,21.4318846846346
144703,23.4539424021615
144704,24.7709617728725
144705,21.9989569828964
144706,26.2901204287823
144707,25.4470685435085
144708,25.0471131764393
144709,25.2809214650771
144710,28.8009010011613
144711,23.5152970621529
144712,27.3083625996477
144713,28.543127208478
144714,27.3554443763613
144715,28.5578881647716
144716,34.0158232656883
144717,25.9413232761406
144718,30.0768259767307
144719,32.5152911939818
144720,32.1981879897796
144721,53.0466142460486
144722,67.6577874152083
144723,55.8840000336999
144724,43.1076410226636
144725,54.4637405317245
144726,77.9263203686072
144727,147.450012607296
144728,97.4927680304122
144729,80.9873173948404
144730,49.2541186582332
144731,55.7984254440065
144732,116.528527348028
144733,112.939107547554
144734,60.2056721003882
144735,46.1771009291219
144736,38.2535359515532
144737,33.1280337678588
144738,65.996502708991
144739,116.835284517634
144740,49.8074831377495
144741,38.0663670910838
144742,17.9569307932699
144743,29.2337963028475
144744,60.751447313341
144745,110.191721689379
144746,43.6394045290628
144747,28.362115944374
144748,16.2910770244929
144749,16.1741856042952
144750,44.9660461024392
144751,84.8582257341713
144752,36.1054465100478
144753,27.5113422156287
144754,15.8046331204191
144755,17.9998652976934
144756,35.9533339529219
144757,71.6382643218048
144758,24.0419092015944
144759,25.0539271334178
144760,15.8004107164883
144761,16.8518673483605
144762,35.5932208150674
144763,54.6693862932214
144764,19.7304562465739
144765,22.9398917355085
144766,18.3330956697177
144767,12.0850060757093
144768,23.9731881167253
144769,43.3760352214814
144770,19.2167870700825
144771,18.8622819277255
144772,14.0718686187727
144773,11.069340103831
144774,22.3946513768894
144775,46.45127731587
144776,17.4649346679682
144777,18.0227448973606
144778,14.2634225434041
144779,9.42936369093998
144780,20.0525619152992
144781,43.3038821441011
144782,16.4566779659661
144783,21.031070706012
144784,11.9463998730302
144785,9.56406479900855
144786,18.5761337638044
144787,33.2429436040662
144788,16.8021418289204
144789,20.8092661672227
144790,11.5502787885655
144791,9.22827318238625
144792,19.9690318647306
144793,34.8647476567729
144794,16.7938055465715
144795,21.8442154514251
144796,13.6415773897434
144797,11.14484439371
144798,19.685754261556
144799,46.0746901064533
144800,19.2285333894383
144801,20.2065991114057
144802,15.6960237640252
144803,17.0598399414155
144804,20.3840146040183
144805,44.1259671184243
144806,25.9656116939181
144807,25.8633384040847
144808,19.3733802812501
144809,21.4650511442653
144810,23.5026343864143
144811,40.6853505431614
144812,21.3125177721287
144813,24.6492031718125
144814,21.6656510574744
144815,22.391443632037
144816,21.117584947784
144817,15.9799365019723
144818,15.0986413686643
144819,19.0884336798274
144820,13.5736948592675
144821,17.7910836877085
144822,13.9782255419704
144823,12.6029724200915
144824,11.6017205868384
144825,15.7593960592354
144826,12.2580199022095
144827,15.1561062410832
144828,15.382420180818
144829,8.3477470350909
144830,15.8631603392803
144831,16.490166217223
144832,13.045518202138
144833,16.2562073435964
144834,16.4675441096135
144835,1.40170593329323
144836,15.2006542662916
144837,17.6412908862692
144838,13.7463141576471
144839,17.8819168567761
144840,16.1057896638534
144841,1.69942518858633
144842,15.17136676616
144843,17.9040937087329
144844,13.1547061351822
144845,19.6032744534228
144846,16.0935423554412
144847,4.62060525514294
144848,16.8095567275529
144849,15.002455759833
144850,12.8343043321572
144851,20.7320416446449
144852,17.499760488503
144853,10.1555456054286
144854,15.3607371586908
144855,14.9577419827611
144856,9.98990604899911
144857,19.099614677839
144858,15.6879755564039
144859,14.5326163633346
144860,10.2329242618858
144861,13.6494838496368
144862,9.59467375064044
144863,18.5492673987349
144864,13.0458185403787
144865,26.772040236606
144866,26.9337905350513
144867,20.9750955369521
144868,13.0870295833021
144869,22.2018918934194
144870,29.5902289886973
144871,107.526027175827
144872,44.7808044448762
144873,29.0744926138164
144874,21.9042695800956
144875,26.9217409576127
144876,52.1584205536924
144877,84.5598869677787
144878,28.3715182447274
144879,28.54078156399
144880,10.1708811320018
144881,26.1515527989591
144882,37.8122708995841
144883,80.2386425927242
144884,31.2431985320201
144885,24.0448253161928
144886,10.053855758467
144887,9.97048640230364
144888,31.2579245296132
144889,66.5670845237575
144890,28.0764137389719
144891,21.8450654593603
144892,10.3556535152509
144893,6.5175762867523
144894,22.9432084463453
144895,61.1925127271805
144896,23.2002204169621
144897,21.7983005984925
144898,10.9780862349334
144899,6.31557693754351
144900,15.6936064015429
144901,52.5096137186473
144902,20.3614671048688
144903,21.04096614286
144904,12.3140396614157
144905,2.16328797197928
144906,19.0778517907389
144907,44.144273285545
144908,13.4564039527378
144909,20.0856035561527
144910,13.9027336173728
144911,5.19432786809315
144912,18.4343352436411
144913,49.3738395744717
144914,8.49996708327373
144915,19.4429514248642
144916,15.1012546416286
144917,14.3664539741612
144918,15.6357150183244
144919,49.8772447453843
144920,15.5991055300659
144921,18.6000551086024
144922,14.8222181358203
144923,15.0376537350195
144924,13.2567615749539
144925,43.0119696643365
144926,13.3659253101903
144927,18.7802169115989
144928,13.7988183268547
144929,12.2949041453011
144930,11.8775546310772
144931,55.9963000231809
144932,14.9243318685051
144933,19.6440569422985
144934,14.7713794433988
144935,12.8222296439023
144936,5.65350718962294
144937,56.0645473974624
144938,19.7482013462463
144939,20.5660517433142
144940,15.5385581680829
144941,12.3233450868653
144942,14.5039863804871
144943,54.6699750661073
144944,19.3434884836283
144945,22.564217428492
144946,17.7537004168649
144947,16.7400163633057
144948,16.0571202788031
144949,56.5373969650115
144950,24.6786267126149
144951,28.4073259368075
144952,22.2843312155027
144953,21.0115963237747
144954,21.5299645661244
144955,63.5732184199501
144956,21.2678323051098
144957,29.4878356354459
144958,21.9019545675755
144959,21.9541191716844
144960,22.3620550630313
144961,25.8496110587576
144962,19.76179238875
144963,23.5765347487722
144964,19.8538354705004
144965,20.8276664859883
144966,18.8974214129237
144967,25.1727037212292
144968,20.8367244102767
144969,18.8279093623565
144970,16.453775955168
144971,20.1825874306926
144972,20.8331356579863
144973,25.1320505097984
144974,24.9395968722611
144975,14.672471806704
144976,12.8099363117161
144977,20.8121154745552
144978,27.0298823815623
144979,27.8231716093194
144980,28.86724675924
144981,17.5630124510321
144982,14.1483654223574
144983,23.4396198823981
144984,27.1377650509685
144985,27.6739881244689
144986,31.4370032090295
144987,20.1905582739966
144988,18.0185790737164
144989,24.5030966521866
144990,28.8838045029454
144991,29.2599236162775
144992,32.6919657469955
144993,21.5769759200225
144994,20.5473077421079
144995,24.7398987096915
144996,30.1325879185715
144997,33.4612545747132
144998,36.5207983349932
144999,26.4856437226651
145000,22.3924547689519
145001,26.6223504053006
145002,34.6459212078185
145003,37.6956802973771
145004,42.4183473325931
145005,28.5574888272166
145006,23.3405892883156
145007,28.3775632261116
145008,42.0765255356037
145009,53.8720881433572
145010,113.465508725669
145011,41.6243930590701
145012,30.4079690191505
145013,33.6314453737912
145014,94.3626499126186
145015,138.077329438199
145016,110.326396737428
145017,52.2178818850094
145018,36.4931921139895
145019,34.8285243379379
145020,91.9067779668055
145021,94.5677636944596
145022,70.2029243570463
145023,42.386378471255
145024,17.8903669966354
145025,33.5008285278905
145026,49.0185535576194
145027,77.2491468159934
145028,37.9918423102193
145029,35.7797524727693
145030,17.8045058584756
145031,21.5626613238057
145032,34.5905628887228
145033,53.044735193752
145034,31.374123520859
145035,29.6622556078155
145036,16.9822760952263
145037,17.1986456324087
145038,32.6180329577894
145039,47.9110277166733
145040,28.0797826469116
145041,26.5732896387882
145042,16.2704984450123
145043,16.1998602559183
145044,27.9623060407989
145045,39.6803715470201
145046,25.0371487808887
145047,24.7738715732224
145048,17.2099412079649
145049,17.6767278453163
145050,22.6406117207364
145051,26.4791286312656
145052,23.7563773555504
145053,23.7081520602612
145054,18.957341362617
145055,16.8619864262055
145056,20.7540344031036
145057,23.3319903281995
145058,20.766680450777
145059,24.5825377709678
145060,19.3401428171309
145061,19.9996659838755
145062,18.2324180550265
145063,24.7090190568599
145064,20.8120954555612
145065,22.9133323121236
145066,19.6150858802835
145067,20.0709667395752
145068,18.1097392864402
145069,28.3965982692332
145070,22.2106523239068
145071,23.4829854003834
145072,18.8215042565337
145073,19.2737631447543
145074,17.780319761476
145075,28.6921190505203
145076,24.5094756704564
145077,23.3228217025859
145078,18.7408200386191
145079,20.0971473323226
145080,18.3338870254304
145081,29.6173461624747
145082,30.345691522538
145083,24.1713249118181
145084,19.8688693135858
145085,23.2010993079085
145086,27.8445982866181
145087,33.2968732559901
145088,35.1460188682076
145089,26.5592305418657
145090,20.6118637007543
145091,24.0455126555756
145092,34.636054659536
145093,36.5391227229355
145094,37.8615664463149
145095,32.0660843615159
145096,21.5530016574265
145097,24.7703523859854
145098,33.5436455349619
145099,41.8144428039932
145100,36.319945423947
145101,30.3915546440121
145102,21.3806360461267
145103,24.8355806483198
145104,33.7071728214226
145105,33.9518338817751
145106,34.8939819807516
145107,24.9108693878083
145108,19.4543540806847
145109,20.7626739621555
145110,30.0788279380229
145111,32.0388117527997
145112,33.0134881138894
145113,24.1207141555438
145114,9.58960276920163
145115,16.4230631732884
145116,30.1810237397075
145117,28.2184333740515
145118,29.6945644097548
145119,23.2818505808125
145120,6.95091801593785
145121,15.5788547842756
145122,28.8850145284215
145123,29.1541581269727
145124,26.6870815772545
145125,22.600576154344
145126,5.71889550143072
145127,12.7111008802021
145128,27.608190238446
145129,32.6789377582347
145130,29.7647829695122
145131,23.8856945281603
145132,5.34793719470365
145133,15.6748660486889
145134,28.5676376708349
145135,33.1450909002607
145136,30.3132630434396
145137,23.9614694562538
145138,5.14114314327967
145139,18.6005485548227
145140,29.8409541791048
145141,36.5174145257947
145142,32.9854478823746
145143,26.4772359420083
145144,5.26811886361608
145145,19.1496772327381
145146,32.6725593748358
145147,42.7039068672963
145148,34.6665239188017
145149,28.6242244467711
145150,5.84845103382638
145151,18.293128145065
145152,34.2105517287578
145153,52.5799074503958
145154,40.8624957173164
145155,27.7983239145306
145156,10.3868801478877
145157,14.6227993961699
145158,41.6204104095832
145159,58.3166903455262
145160,51.6751384635042
145161,34.0496246499532
145162,19.7528386249013
145163,21.7819388676837
145164,48.4588648385905
145165,56.3399040902969
145166,29.4531681233391
145167,33.1529070560412
145168,20.0596607901847
145169,24.2199260349911
145170,41.0470987376664
145171,57.4379847352324
145172,31.1656532034225
145173,31.7478756085858
145174,15.971080664733
145175,15.0330122503079
145176,46.8044442396631
145177,57.1952242032842
145178,41.5473883504696
145179,29.1035464378533
145180,14.880005132156
145181,15.5597342175516
145182,43.4792052026927
145183,49.5625086931433
145184,39.3887106325914
145185,27.2511912292404
145186,13.7530869322711
145187,16.6154491815945
145188,35.6927607704457
145189,45.9245473877919
145190,33.7418626275085
145191,26.5527486731849
145192,13.2433634836864
145193,16.5072661615872
145194,34.1303969053328
145195,54.4486856616795
145196,33.9949571066042
145197,25.5800968235272
145198,11.4964291742201
145199,15.6802657313727
145200,32.4018001027592
145201,24.8236409243452
145202,26.0356985785906
145203,24.9560875010986
145204,13.1136684558364
145205,12.3635512867351
145206,25.7990051182241
145207,27.6426927743064
145208,24.8174189118598
145209,23.5841042437143
145210,14.6775691906071
145211,10.9931414987717
145212,24.9709133017557
145213,26.5298758757418
145214,27.2251657640875
145215,23.5421338405319
145216,16.7049645544565
145217,13.9221273040596
145218,19.9125121515733
145219,25.8395623119446
145220,29.8633936902101
145221,24.1969323061932
145222,14.0824228998591
145223,15.4083541971453
145224,21.9972061440327
145225,27.773403367811
145226,22.8824376100907
145227,23.0412056421422
145228,16.6573723540935
145229,15.060506373833
145230,20.262507254289
145231,33.7519287184634
145232,18.0843316933169
145233,26.1761237690099
145234,20.8619907982089
145235,20.0256225059267
145236,23.4898659805179
145237,28.2235777208844
145238,27.4909125075857
145239,29.173699598148
145240,22.2512963993404
145241,20.053389751403
145242,29.1858866978835
145243,32.7943007834339
145244,25.3071405776257
145245,28.3618101800378
145246,22.4126162655746
145247,21.6167433602646
145248,26.2278322626172
145249,36.8329620925389
145250,21.571918628063
145251,26.840706155901
145252,21.3356749200539
145253,23.0088963696967
145254,21.2141602642331
145255,32.9930816543585
145256,19.4809532914689
145257,24.0976515911189
145258,16.4176685464087
145259,17.6802763881808
145260,20.7780215314189
145261,28.4601725071946
145262,17.5410891317696
145263,20.3858652929911
145264,6.65559462878791
145265,15.363968709441
145266,17.2103393996922
145267,27.0104434953321
145268,13.7189733668698
145269,15.2125576777644
145270,3.55600399261912
145271,9.19870585696254
145272,13.4056717103118
145273,31.6334540887264
145274,15.4226370445932
145275,15.5600144922353
145276,1.22385558225368
145277,7.14285912467385
145278,17.1090805401481
145279,29.3607266275321
145280,17.3062845358083
145281,20.4179597637304
145282,0.958928683937444
145283,12.1277851099069
145284,17.0154985699015
145285,28.4886350173726
145286,18.2185850200957
145287,24.5572170218046
145288,2.41041315893155
145289,16.2171990338608
145290,13.8787773467939
145291,32.4124945656184
145292,19.9347774934712
145293,24.5923208935841
145294,5.14185333075123
145295,18.4359142286889
145296,21.0501067821098
145297,46.1925759719669
145298,29.4545527990988
145299,23.2542782575753
145300,8.46292752289114
145301,18.7838246109488
145302,25.8099590650389
145303,52.2348700060547
145304,27.4700644097932
145305,29.0922024553211
145306,19.4500582688531
145307,24.4203902332952
145308,26.7153056962556
145309,53.0711562223007
145310,30.356460336287
145311,30.2908914225111
145312,19.1031663495994
145313,25.1036049602992
145314,33.3992808102078
145315,46.085325713172
145316,30.9210329079404
145317,28.3158268772528
145318,15.5666980599679
145319,23.5394260954969
145320,24.586157962756
145321,59.8261996901793
145322,28.7159237521323
145323,25.9874347702978
145324,15.0012771712767
145325,9.40986529783945
145326,24.4350023182815
145327,84.7334678317885
145328,27.4719040270711
145329,25.0444268719216
145330,16.7524801729948
145331,11.9748839078133
145332,23.3403740294748
145333,58.8010173602138
145334,26.6154696274254
145335,21.9522912823162
145336,17.893049203627
145337,20.8075493624241
145338,20.9735683363289
145339,63.2926357375963
145340,20.6626217866148
145341,20.9172507221812
145342,18.1068708623521
145343,18.5209318751057
145344,24.0106952153349
145345,38.1199366689856
145346,17.5743196650122
145347,23.0010738166786
145348,22.318870721521
145349,19.6322220990845
145350,17.9246360852381
145351,35.7518775107842
145352,15.6248809634308
145353,21.4419775401708
145354,18.6758028439775
145355,14.0528441974904
145356,16.0384677207238
145357,39.8094941807348
145358,14.3901453173203
145359,20.7129562436019
145360,15.3080823785838
145361,15.2468737459412
145362,15.1901078574681
145363,39.2835454718918
145364,14.7140798208497
145365,20.350238102486
145366,8.66027512303054
145367,14.2852266328552
145368,12.429618641006
145369,37.8175307870429
145370,12.9799907621722
145371,20.6226859950489
145372,15.3409426076582
145373,17.4531161690361
145374,11.2548939952529
145375,39.7379124141028
145376,15.1072713871168
145377,21.6757326297511
145378,16.7507606411614
145379,20.332303334662
145380,14.0013064699655
145381,44.2026382360505
145382,18.8827948674729
145383,26.4706319906201
145384,23.8580330345486
145385,25.1729275237621
145386,17.976679643029
145387,32.7261970225007
145388,18.4456288385258
145389,26.3058983462134
145390,25.0952901109559
145391,22.282809170412
145392,18.124558361261
145393,16.6546145684241
145394,14.0393859607081
145395,19.7232737863136
145396,21.6955544811483
145397,20.7078769150544
145398,15.1701558929242
145399,10.5213816131744
145400,15.2148275967662
145401,15.2909231156061
145402,15.9600681992483
145403,18.7046875325531
145404,15.3497619315273
145405,10.445822689782
145406,15.0645263491577
145407,20.6995226813013
145408,19.7407730591572
145409,21.7942082107462
145410,16.5096306534427
145411,9.83085176977397
145412,18.1620192768153
145413,21.4198444557733
145414,23.615543925107
145415,25.2439166256442
145416,17.4341717594291
145417,10.9666730997295
145418,19.3188687751501
145419,21.6853401996218
145420,24.9361352429898
145421,26.6297436194127
145422,18.541028459901
145423,13.8438755445004
145424,22.9303056440695
145425,22.8601308269235
145426,27.0767735503911
145427,28.8340961908006
145428,24.5301039292806
145429,17.481322132159
145430,25.2357705051689
145431,22.7636388646371
145432,27.7131610452874
145433,30.3346211492066
145434,24.9581166117214
145435,22.9577666460972
145436,32.1315858832543
145437,26.1481969446356
145438,32.2861464152217
145439,32.5402497938578
145440,29.8319304004975
145441,38.0669746568119
145442,49.8607090721154
145443,39.199832123695
145444,41.7013152585232
145445,42.0599891195795
145446,49.6382358219998
145447,77.7304939396205
145448,46.4005871141149
145449,78.1051399936535
145450,53.3547452393987
145451,63.0863788873607
145452,67.6853012964109
145453,81.7153785959037
145454,33.4355377715787
145455,53.467537428306
145456,49.7953189717878
145457,61.2387928704952
145458,29.6214774336653
145459,69.6956112981761
145460,31.0682220575058
145461,46.9819686987399
145462,47.5496690267773
145463,51.3592131989002
145464,26.8715423100511
145465,64.1761376636411
145466,28.7901175990842
145467,36.6784495392162
145468,30.3368011322702
145469,40.6407348094021
145470,25.7099515940645
145471,88.8403490363374
145472,26.8463941156001
145473,32.3893431799423
145474,23.9049698206552
145475,31.8624774845795
145476,25.3778700494364
145477,81.5001319763259
145478,28.6323264248378
145479,31.5054105301071
145480,24.5755996005796
145481,30.2151465515691
145482,25.7550477746541
145483,87.0625653895376
145484,27.0631349567883
145485,30.5468892680883
145486,25.2572758422724
145487,26.7975585093978
145488,25.5392557826516
145489,72.9657404643793
145490,26.4563998402477
145491,31.8678060598217
145492,24.1886191657187
145493,26.3198294567905
145494,25.6095569383626
145495,55.2322710257981
145496,24.073776588092
145497,31.6780345992732
145498,24.8236138279582
145499,27.0791132650887
145500,23.5270151619061
145501,51.7359544790627
145502,21.6118206390823
145503,30.7943922318055
145504,25.4460182614104
145505,27.2897745324716
145506,20.701882247933
145507,43.4491142335952
145508,21.3461932585806
145509,29.9282808116812
145510,25.0272539976636
145511,28.2817467057613
145512,20.6040161991233
145513,46.4813300488628
145514,21.3766025907888
145515,29.5458928821168
145516,24.9641335403098
145517,29.381170386022
145518,20.698494490459
145519,49.0486912612985
145520,23.578992501555
145521,29.8858013417837
145522,25.7096157279238
145523,32.1613354262495
145524,22.5600598716349
145525,48.9531589823107
145526,24.3295376409464
145527,24.9636889276565
145528,26.4492530437985
145529,33.2765050427195
145530,24.2241964957733
145531,44.9602797063238
145532,25.2272255961158
145533,27.6747396593271
145534,27.1268990841931
145535,33.2555441777103
145536,24.87791659622
145537,20.4492553386776
145538,19.7464275928867
145539,18.2210111439127
145540,23.086758632212
145541,23.8813594798678
145542,20.2643373923086
145543,20.5885646980313
145544,20.1036997860156
145545,13.7867559195975
145546,20.0986253880212
145547,22.9988580867409
145548,20.9463868800112
145549,20.8569910317202
145550,20.6640646037997
145551,12.3021535517129
145552,20.5261759456841
145553,25.0219192978276
145554,22.0821273138393
145555,20.564682213779
145556,22.2596513169522
145557,13.2416837976062
145558,21.2890448101772
145559,26.0946795064317
145560,22.2197920596946
145561,22.1276695201201
145562,22.6294162053844
145563,9.83772370649291
145564,21.6576569061466
145565,27.2302535732203
145566,21.0650337995818
145567,23.5470396662378
145568,23.9507586679828
145569,13.1587871872756
145570,22.5970681965942
145571,28.8862816798462
145572,21.8624882358659
145573,23.9053173641341
145574,22.2140063550914
145575,16.6219667617161
145576,24.6654693831535
145577,27.9628711961578
145578,22.2743463896794
145579,20.2606998513004
145580,21.6584296169005
145581,19.7308612516484
145582,26.2754807623573
145583,32.5127656641178
145584,24.861144941254
145585,30.2631411872355
145586,38.7909712145763
145587,29.2222409070715
145588,39.5733366944937
145589,42.9217298874795
145590,35.5774667441638
145591,53.0225553077575
145592,55.9427593094107
145593,46.84820676886
145594,48.7970335361053
145595,52.1533084303911
145596,54.9759074955301
145597,56.6530053263192
145598,43.9015648598273
145599,39.0191657280402
145600,34.3272171232311
145601,19.1010667133206
145602,49.080676385515
145603,44.5947902933187
145604,41.778732700881
145605,35.0474520433963
145606,12.3123573046866
145607,11.9725348582082
145608,43.3514397051766
145609,40.7569393250382
145610,35.9940950164863
145611,29.9281346722547
145612,14.2926671239486
145613,12.5254126376856
145614,35.1848789778618
145615,36.7622412014365
145616,35.4473418339736
145617,27.436225740584
145618,17.7203911316307
145619,19.2688768600442
145620,35.4780006662207
145621,29.6108890129914
145622,31.4818932618462
145623,25.7326835434336
145624,22.4118036090202
145625,21.6731491345105
145626,32.9423013608043
145627,27.8687206378088
145628,30.2075074246383
145629,25.7911590425306
145630,19.5247176825232
145631,20.1013020558899
145632,32.5441248049352
145633,29.1544744547693
145634,33.3586694575992
145635,24.7072256875823
145636,26.1614610893071
145637,28.7065886617289
145638,32.5078663472836
145639,29.9275307476056
145640,32.4344286597508
145641,24.3078301554725
145642,24.7490875225651
145643,28.4592547327664
145644,32.0042338164053
145645,29.9787415450086
145646,31.8096535777672
145647,26.0112992167529
145648,25.2573123082705
145649,26.9157948947224
145650,32.3849639764979
145651,29.5603776113599
145652,36.7286204123602
145653,22.6184874983538
145654,24.3827996791317
145655,26.1172607633676
145656,32.7951460558968
145657,28.661631390356
145658,34.0900435736918
145659,23.2375970459211
145660,24.0560991948547
145661,27.4184655839493
145662,37.71983029374
145663,29.725021497479
145664,31.3919951096139
145665,22.397645627333
145666,24.5246182029422
145667,29.2337534221359
145668,35.4822186811273
145669,27.4693126997948
145670,28.7849017530331
145671,21.9638271565611
145672,25.3755940902403
145673,30.6367116458161
145674,30.454468412396
145675,24.8218776506632
145676,23.9002852306131
145677,24.90024215361
145678,21.8971487628528
145679,26.7937846988986
145680,26.389222967015
145681,22.8470922090539
145682,19.3657524623329
145683,18.6215540074725
145684,16.7208962000475
145685,20.7302924389395
145686,20.13584295172
145687,21.7599042360047
145688,18.5927388753353
145689,12.147964322963
145690,13.3169837677507
145691,17.3982544361456
145692,17.4925673049175
145693,19.0319054135056
145694,15.4881460778125
145695,17.5189029611873
145696,12.1812224201353
145697,16.1347328129046
145698,15.4515615545978
145699,18.6577156444167
145700,14.6672602977635
145701,17.231082589083
145702,12.6545875565854
145703,17.0125683422857
145704,15.2963442931345
145705,17.5631214625953
145706,14.1640301081235
145707,18.563802133606
145708,14.2256858968967
145709,17.5448637805305
145710,15.4622250938811
145711,19.09400079258
145712,18.7435659837829
145713,18.7543927610248
145714,14.3469451727231
145715,17.5783399763422
145716,17.7147561069097
145717,26.8371362237396
145718,18.1684751252068
145719,18.9538256539212
145720,13.8477442344733
145721,19.1911202779964
145722,18.8125143361271
145723,25.4689603986804
145724,19.7324863985268
145725,23.0468256786789
145726,18.6708930658606
145727,21.5317500108023
145728,21.6542744095293
145729,31.2340031834112
145730,30.2225549414495
145731,27.7006772144076
145732,23.3077923223747
145733,24.5188717884139
145734,29.5333850634751
145735,33.9696031749233
145736,39.2953028125138
145737,31.7624428760835
145738,27.9990962856649
145739,26.8435865444179
145740,43.1751935356222
145741,33.6803445860424
145742,53.866729999381
145743,28.5709075962727
145744,27.0167432592888
145745,6.08278785450044
145746,46.5169392501731
145747,26.6677417501936
145748,47.1470303559193
145749,28.8029137900765
145750,18.7716552152403
145751,7.5842892922139
145752,43.1687695610776
145753,24.8010118821765
145754,36.8197610387204
145755,28.8652031835252
145756,12.3574034910356
145757,18.3758517450712
145758,38.6987276763186
145759,41.9587011881085
145760,33.6537100985825
145761,29.1698411937103
145762,12.8733003668032
145763,20.218054741908
145764,34.0526520001536
145765,44.6824362999761
145766,34.0109225136478
145767,27.6740904076016
145768,12.9229709149055
145769,10.6674168752358
145770,34.2924854879611
145771,44.9061555234039
145772,32.8161437974772
145773,26.469541456101
145774,13.3535275196073
145775,6.94339645173009
145776,34.1820069384858
145777,31.350777022313
145778,28.3594879925339
145779,20.9682314554985
145780,6.33016112402921
145781,1.57639257904342
145782,29.4279316676474
145783,43.2270272245854
145784,26.6308392668683
145785,19.3381821747623
145786,5.10485708424834
145787,-1.57698406917221
145788,29.0859461602774
145789,48.6709182927059
145790,27.5519184560611
145791,19.6831243250956
145792,3.94027788189723
145793,-7.68598146615924
145794,26.242219133794
145795,50.284019960542
145796,28.2181643568303
145797,19.4349461509445
145798,2.21376286468362
145799,-8.11911640705297
145800,31.1422638460571
145801,47.8377017935814
145802,28.4718854762598
145803,20.1185415930778
145804,3.41438376808748
145805,-3.78195370846108
145806,28.5139330661974
145807,44.4634189658439
145808,34.6612776860489
145809,22.2407329747258
145810,5.0775185974812
145811,0.0252195987640178
145812,36.4838300543126
145813,42.2629906142536
145814,41.9158248120622
145815,25.8898753393129
145816,17.2714338776476
145817,7.97569154863566
145818,48.8208976290442
145819,39.6857706326849
145820,39.9325026424635
145821,24.6053354790157
145822,20.9538662351891
145823,10.0402100589254
145824,45.7433048725487
145825,17.0221054089698
145826,25.4949400504123
145827,20.2428371076214
145828,14.3698199144194
145829,4.1829175992849
145830,31.9217212910055
145831,17.3518864525566
145832,23.9857350136004
145833,13.0741062908237
145834,3.72068634953733
145835,-0.350151201991899
145836,23.7483826037778
145837,17.0256242525403
145838,22.0926983080445
145839,10.8731925470651
145840,2.55030954111712
145841,3.18099297715305
145842,19.2691594791289
145843,15.5657047203293
145844,15.6294652223959
145845,9.86432607135229
145846,2.0415068869904
145847,15.6787569321602
145848,15.6438220301279
145849,13.4807383099482
145850,13.6628701349806
145851,12.3186565082786
145852,8.54897477316833
145853,21.0757233125782
145854,14.5850113877009
145855,9.89865820295122
145856,14.3872859205676
145857,12.2433831918669
145858,17.0678212073934
145859,26.6178299113209
145860,14.4825584308919
145861,5.94599847456034
145862,13.1221356410625
145863,15.8588671448794
145864,25.0327054176255
145865,28.3224397839891
145866,19.3636413327119
145867,7.58215452158175
145868,14.7218369387492
145869,22.2124725129218
145870,27.5723063092271
145871,31.3354287712619
145872,21.4522151437356
145873,24.7421488421251
145874,30.8861271638927
145875,32.2745064325663
145876,34.4600295743217
145877,36.6866042209526
145878,34.8820392221145
145879,72.2739271358028
145880,47.0021140716222
145881,56.9262174366035
145882,43.1262994514522
145883,51.920649217038
145884,42.230103307953
145885,82.88444190218
145886,35.1139904629143
145887,42.6463360757853
145888,42.6422736263667
145889,40.2008696455619
145890,31.8223924583872
145891,98.7450823850632
145892,27.9844340224179
145893,38.9207260801185
145894,39.4884690504133
145895,30.8230167214555
145896,29.0315824990208
145897,92.6894951103671
145898,25.5541330539439
145899,34.2418451959088
145900,30.8043578234458
145901,29.4613624943446
145902,23.5648470659576
145903,88.5315497108271
145904,26.7188814954419
145905,33.2008267178134
145906,25.0705812276351
145907,26.2292476235867
145908,26.6844078060377
145909,80.0949425198358
145910,29.7790674797283
145911,30.7767907909746
145912,21.9457097547789
145913,25.0387235619017
145914,29.5893747936984
145915,71.2391095635212
145916,26.7394083017329
145917,29.1751579768479
145918,22.9335111715074
145919,25.9697048110898
145920,29.2692233028167
145921,43.4145414355561
145922,22.7947409856313
145923,28.908505181685
145924,24.4388001915334
145925,27.6091542452582
145926,22.631455709277
145927,46.4001974594894
145928,21.6586563205125
145929,28.5024210246577
145930,25.2304035166377
145931,26.6161669591246
145932,22.0108829222258
145933,48.2164418438915
145934,22.0940434194886
145935,27.9517231816971
145936,25.1912562118097
145937,26.7299345388618
145938,24.097586077117
145939,47.1002435479659
145940,22.1082261575923
145941,27.3780437701545
145942,25.5416619656955
145943,26.2108302414084
145944,24.2203569084275
145945,49.3360770687873
145946,24.1956489107317
145947,28.9480256731501
145948,26.1163748691867
145949,25.9486193669111
145950,25.4990593055085
145951,48.703710216667
145952,31.9758836048099
145953,33.8103662054019
145954,28.9266018698957
145955,29.6017071617496
145956,30.3411140686233
145957,65.387356949654
145958,37.5057273953793
145959,34.6460048540417
145960,30.4863063000945
145961,31.6133657771353
145962,36.3944654422651
145963,70.3581519968932
145964,35.5931439685776
145965,31.4878036469461
145966,29.9437000201188
145967,29.6707937379857
145968,34.1782918844268
145969,22.075785829713
145970,19.3327311393986
145971,20.8460365876738
145972,23.4662974883245
145973,21.38257924127
145974,19.8049061276876
145975,17.8688337341734
145976,16.52866376028
145977,16.8405053604975
145978,21.5258166008419
145979,20.4978347180186
145980,16.8596517207084
145981,17.5790489346415
145982,15.6154105781907
145983,15.292050435368
145984,21.0729149206283
145985,21.8233323371437
145986,15.4620553603232
145987,17.6557424589492
145988,14.6910227780613
145989,14.38890597403
145990,20.4774316676964
145991,22.5918191153233
145992,14.6005771123859
145993,17.6612275208811
145994,13.3759086244649
145995,14.1930384158868
145996,21.4558172345579
145997,23.7072454128125
145998,13.0036544816526
145999,17.6936077419826
146000,10.7835774614114
146001,15.4400459911454
146002,22.4397527727732
146003,24.3917658999021
146004,12.3605195278188
146005,17.0534076610999
146006,4.90257651586885
146007,15.4271380553264
146008,22.7758995234927
146009,25.1513278901911
146010,8.08944049050521
146011,17.7994370407547
146012,4.44079422886797
146013,15.3448185311735
146014,22.6433522775711
146015,23.710620022085
146016,5.98564637181496
146017,31.4026328570174
146018,14.5680525121323
146019,30.9063405515798
146020,30.1102905946106
146021,32.9418025511451
146022,17.235678701265
146023,97.2423132778219
146024,27.2870125207771
146025,36.7714065570761
146026,39.4297125117399
146027,36.9746923267707
146028,27.3572650468355
146029,63.2190619353544
146030,21.0558891557941
146031,26.0998625918362
146032,33.9256479757997
146033,25.4598391059415
146034,20.4105974531652
146035,41.083472025655
146036,17.2920395090819
146037,22.8665066842817
146038,23.220951447181
146039,21.71690655847
146040,14.2642042526528
146041,25.0076530557378
146042,15.6983391382101
146043,21.3657917092966
146044,16.2491069277161
146045,8.09918742945217
146046,9.42123826311776
146047,18.512857827179
146048,13.9592671730293
146049,20.7243739988511
146050,18.5084391201315
146051,8.80474100457308
146052,3.65237190022891
146053,19.8260145062203
146054,12.6852362531629
146055,18.509002337818
146056,19.1671922927865
146057,15.9526116947422
146058,5.48004875849717
146059,12.0969651806082
146060,8.56231929894105
146061,16.1543216081202
146062,17.2529174226531
146063,9.28478834604878
146064,5.4002096399945
146065,11.0761594325931
146066,7.33587358507417
146067,17.908955990913
146068,17.6769994640438
146069,21.3650605706453
146070,4.33734074488093
146071,13.3059390840034
146072,9.04809345260855
146073,15.2101986179023
146074,18.980662015891
146075,20.5749734210088
146076,6.34993764128558
146077,12.2491718349696
146078,10.7618180194938
146079,14.0193831794039
146080,16.2403129373119
146081,19.7058149739233
146082,8.86393120223528
146083,15.664721100134
146084,14.3459400587499
146085,14.7266001190746
146086,15.5296237987204
146087,19.3909864449081
146088,11.0998346517364
146089,21.3282307179738
146090,18.3946421033817
146091,15.6734026220398
146092,17.2104206345981
146093,20.4638493965439
146094,17.1791320569056
146095,29.8462015042904
146096,22.485889376076
146097,16.9310142198823
146098,18.7221142627872
146099,21.0457283614877
146100,21.2392264432826
146101,37.2813586922198
146102,33.1523992251884
146103,19.6125148950852
146104,21.8460342551306
146105,17.3475290192909
146106,30.4153654385109
146107,38.8443783550729
146108,32.5182597238917
146109,18.1783755750832
146110,9.48633892999813
146111,-1.26741624170115
146112,29.8932671465472
146113,13.8038346221987
146114,17.2230753700604
146115,8.06807102844506
146116,2.52738770107639
146117,-11.5611958434757
146118,17.8314330031209
146119,12.0604124120417
146120,15.6021118586959
146121,5.04449070306494
146122,-0.644866047911847
146123,-13.5120960446741
146124,15.6218412151909
146125,12.8274161538692
146126,15.2594432664432
146127,2.78920658447097
146128,-6.9502920415458
146129,-10.9593892128417
146130,15.8178421934345
146131,12.6500272287838
146132,14.8820849975964
146133,3.91186071205001
146134,-6.73763015031215
146135,-5.94250505073651
146136,15.4008765872384
146137,13.0672157642765
146138,14.3118768397122
146139,5.5516902380639
146140,-0.370731768301525
146141,0.338984615976461
146142,15.4097296624732
146143,14.1639530161796
146144,15.3343554016682
146145,5.18829478706804
146146,6.17117957341663
146147,10.139334621778
146148,14.9362242174492
146149,13.9343396595139
146150,9.60037301486021
146151,3.23811799133495
146152,8.37222271217345
146153,12.2648590708934
146154,12.0894080689186
146155,14.7694095052549
146156,11.0023658364343
146157,7.92508132480764
146158,7.32510417451134
146159,13.1871423234943
146160,12.6322075311074
146161,29.0630567241053
146162,35.4966630127012
146163,21.2336271994246
146164,27.9650919999979
146165,26.9113420254527
146166,34.6148096561714
146167,121.577241714401
146168,45.8895349561763
146169,34.7498167657639
146170,44.3844259736537
146171,48.7334961505175
146172,43.6424775677012
146173,94.8612054391763
146174,23.881732898621
146175,29.4832945785752
146176,35.4658705709125
146177,39.4241934210645
146178,37.4609900301441
146179,79.6875784848117
146180,28.0770726111998
146181,27.2520349448566
146182,33.0331195203885
146183,33.1745638552552
146184,41.5073778694841
146185,38.8134873002008
146186,27.4188818529608
146187,26.9950944384129
146188,28.9628893365447
146189,28.1392112656319
146190,32.9678290506795
146191,31.0813814706149
146192,17.8125839121638
146193,25.7941044389674
146194,25.4755174283668
146195,25.2859546086954
146196,19.5199074228387
146197,18.3681801390088
146198,13.3597654749002
146199,24.54176648633
146200,22.6053914491452
146201,23.5256023220685
146202,14.7973355657772
146203,11.8993145552721
146204,13.3799758330087
146205,23.1771170548278
146206,21.5373839102326
146207,22.776652927026
146208,12.2645583856323
146209,17.0619001182849
146210,15.0987579329062
146211,23.0464918607751
146212,21.0595001376358
146213,22.6823150272195
146214,15.5361176868204
146215,16.7452899401407
146216,15.5462939735033
146217,21.0951991284101
146218,20.2316604721834
146219,22.0329747533675
146220,15.8175817144523
146221,17.9725556969196
146222,16.0608713517352
146223,22.2300414147766
146224,17.9041065158025
146225,21.1373455589307
146226,16.4534322183609
146227,21.0610061848553
146228,21.3590211900569
146229,23.4521636018149
146230,18.1320164619831
146231,21.3398030978374
146232,20.8965113217683
146233,21.2710328495093
146234,24.0718820220983
146235,23.8618290983732
146236,22.3733652733551
146237,22.5303037723798
146238,22.9413793790626
146239,20.9205109155722
146240,26.3854431279963
146241,21.1148724151828
146242,22.1302280236191
146243,21.5231800106402
146244,24.2180951355857
146245,22.9193203027494
146246,28.2782125413081
146247,23.8894627047416
146248,25.0258546559658
146249,23.6305678356428
146250,26.2080415239001
146251,23.04294174473
146252,26.8002042261162
146253,25.6034714970928
146254,24.9930121416442
146255,24.4038518490184
146256,23.6762856010017
146257,16.9108062424356
146258,15.8270770317493
146259,14.8094558147772
146260,19.5638279523544
146261,18.691289131027
146262,17.1357593739025
146263,12.9881646416865
146264,16.4291778207918
146265,19.2593722927679
146266,17.8664194315369
146267,17.9405198287732
146268,17.1615145496859
146269,16.5356771576155
146270,18.1227730722913
146271,20.4588471039146
146272,17.9428481779989
146273,18.2440333984116
146274,17.6254210850471
146275,16.7009736249067
146276,15.8907566503417
146277,19.3323790274176
146278,17.5876157527236
146279,17.594357197187
146280,16.6134572654587
146281,15.9878970826345
146282,14.211024640252
146283,19.1043304520096
146284,16.9152453011124
146285,16.9588156058248
146286,15.5448467811419
146287,15.232454369995
146288,12.3033255169952
146289,17.1725646101755
146290,15.4815763183997
146291,16.1504165370669
146292,13.4783862769336
146293,14.4743279141251
146294,11.2500000706189
146295,16.2247490499927
146296,13.1345807478703
146297,12.9863095487569
146298,12.3284105637323
146299,18.3158588315003
146300,10.0321641368048
146301,15.6301541160741
146302,13.5800285832746
146303,12.6214922512185
146304,10.7971365912026
146305,31.1337227120673
146306,26.8127609329675
146307,23.7380710353475
146308,23.802706034651
146309,22.7425163818862
146310,26.8486497497084
146311,64.4677303979403
146312,39.3621841496869
146313,35.907039237978
146314,36.7993565558265
146315,37.5107949834586
146316,42.0161629339931
146317,36.3029065898096
146318,30.6033181529188
146319,27.101382059372
146320,32.70810526816
146321,34.3576004945153
146322,35.8111610779986
146323,25.1281857314254
146324,26.9888984429646
146325,22.9932198625095
146326,25.8357125631652
146327,26.1514900019151
146328,28.7781791264965
146329,13.035936899101
146330,19.3923661832163
146331,21.3995063218795
146332,19.0810448238236
146333,22.0164576726691
146334,20.5491420672787
146335,9.42253887286181
146336,19.1188337962309
146337,20.8848025605595
146338,17.8307957641511
146339,20.7337396729539
146340,18.4930719732488
146341,9.56683958193908
146342,16.8313725173153
146343,20.6619582055535
146344,17.2646522664882
146345,18.6375503592845
146346,16.3993284959527
146347,9.88400116167366
146348,15.0823842484369
146349,20.9636089935411
146350,16.2558029679345
146351,18.3070983259422
146352,16.3497752565392
146353,5.39955397544196
146354,13.3949459720718
146355,20.4255550111495
146356,14.1213333104527
146357,16.7241367778357
146358,14.123529324784
146359,4.10192663594441
146360,12.913750362608
146361,20.4441461848763
146362,13.8442260743104
146363,16.0383206845787
146364,13.5316525654175
146365,6.50895253053192
146366,13.2303287494002
146367,20.0585850009104
146368,12.9315212527189
146369,13.0481424614546
146370,11.7586117852379
146371,3.12095155995724
146372,13.100158287585
146373,20.818274245706
146374,12.7554065022612
146375,13.681378690642
146376,12.7318747940595
146377,1.47034110442125
146378,12.8724846795884
146379,20.1857084648089
146380,13.0953425010361
146381,16.0421466499983
146382,13.000419400825
146383,5.84937769460184
146384,13.8286435492665
146385,17.1160715235668
146386,14.0734649018558
146387,15.2929868841177
146388,12.1901418245742
146389,7.03646966994209
146390,15.1555043703074
146391,19.1440058937925
146392,15.640557507413
146393,17.0800761301986
146394,15.3274560576424
146395,2.96319915587921
146396,13.07445126508
146397,19.755473967426
146398,13.8146101650506
146399,17.3762945265052
146400,14.9624940710926
146401,1.30247425671073
146402,8.14536200460707
146403,17.355259374605
146404,12.6434371263595
146405,13.6109675642331
146406,12.0090370858633
146407,0.451796317861692
146408,-0.793873327800352
146409,10.8517658571416
146410,9.86089736021415
146411,9.0132268035471
146412,2.12120317784571
146413,-3.16402186538331
146414,-4.69627473525416
146415,7.16201339645998
146416,6.26476944822633
146417,-0.32313359534286
146418,-5.92279834523067
146419,-3.75595362952517
146420,-9.55757893872423
146421,0.835413350377962
146422,4.44151240913975
146423,-2.20793372142994
146424,-7.05930388825401
146425,-3.38427465650275
146426,-8.60950570413564
146427,1.32034660137248
146428,4.41048977345798
146429,-0.781386325460222
146430,-5.45047436605151
146431,-3.22420077275202
146432,-7.38003960833915
146433,-2.63178608899008
146434,3.64650376668157
146435,1.33634218232156
146436,-7.6473035841368
146437,-2.77176088853514
146438,-10.4262218819627
146439,-0.93519826893662
146440,4.29315177682754
146441,2.08046995919438
146442,-8.04433405192276
146443,-2.83827289986775
146444,-11.4568658984752
146445,1.37622640307216
146446,6.68988974924609
146447,2.57700971783423
146448,-10.0056655418565
146449,0.774363993271827
146450,-9.27457664775186
146451,8.89668891922227
146452,8.8298956385257
146453,9.5741264907891
146454,-7.35623083035016
146455,10.4467925248251
146456,-2.4076791639217
146457,22.1945935083407
146458,12.3501404005604
146459,11.9371575308557
146460,-2.32425723238823
146461,15.4522424759096
146462,-1.80173567042092
146463,22.2694621679094
146464,15.5484526655921
146465,10.1510053985554
146466,-2.26841473658274
146467,13.1424947356583
146468,-4.9853410732038
146469,20.0208901795688
146470,12.9408646688719
146471,9.36409750377958
146472,-4.60007937722051
146473,13.7309296078321
146474,-6.48158280350845
146475,16.8625799433302
146476,10.8612955485531
146477,1.17475590154439
146478,-5.90489258573712
146479,12.2816415905882
146480,-8.06197301220852
146481,10.594042120193
146482,9.89715304370213
146483,-3.24750267120777
146484,-7.52613037425316
146485,9.14194671969113
146486,-10.0967301739651
146487,14.3463744885345
146488,4.80452910209886
146489,10.8039445742175
146490,-9.43929899036801
146491,7.55528381957467
146492,-12.6512752293822
146493,11.1734118881525
146494,2.3257879340647
146495,3.20841189925508
146496,-10.6531237132309
146497,6.05280309128306
146498,-15.393483594927
146499,6.09029513157512
146500,-2.46172193679596
146501,-3.57578346020029
146502,-12.0088029133052
146503,5.82842168026779
146504,-17.6276259568115
146505,9.53390482412
146506,-3.87424101528482
146507,-2.7994573639637
146508,-14.3073637020788
146509,6.74696961432224
146510,-15.8325335901713
146511,7.81701793705504
146512,-2.49216293205528
146513,-1.72437730667153
146514,-15.0694979711424
146515,5.75118819368163
146516,-13.9781121970313
146517,8.95402188438961
146518,3.19560811478823
146519,-2.67204259880986
146520,-13.783890638589
146521,6.27873750621557
146522,-12.2637000089922
146523,9.08952698713895
146524,2.98083369348004
146525,-2.0134806771023
146526,-12.0750733102788
146527,8.98531389892352
146528,-7.966918711777
146529,11.5574777121027
146530,0.18956107996561
146531,-1.36383734237164
146532,-10.021231056946
146533,14.7032316317172
146534,-3.96241025022681
146535,14.3981909838926
146536,-1.14119951487833
146537,-5.38138048923536
146538,-5.57082823113735
146539,22.0932577703722
146540,0.0603194167782277
146541,17.6906939220319
146542,-3.95452615199601
146543,1.93969904393114
146544,4.67914248270839
146545,12.9615145081356
146546,4.79741551758227
146547,16.3497062288711
146548,-1.01463068841079
146549,-5.8842356018586
146550,8.36095509370839
146551,3.30558471517267
146552,2.78356408496559
146553,14.1466454848237
146554,-2.45909713753185
146555,0.0507947989359359
146556,1.68298181821831
146557,1.99632669386337
146558,6.08538772156554
146559,8.58020697855215
146560,-1.1390969018105
146561,6.44585412123347
146562,6.60844501648663
146563,7.38288812555157
146564,11.4161426963471
146565,11.5487140452408
146566,-0.903141860026206
146567,10.7909212667965
146568,10.0426798532219
146569,9.32918284843737
146570,12.4641823474607
146571,11.8960755888182
146572,0.00116369055118426
146573,12.6769860473975
146574,13.4413235686058
146575,8.73362652879485
146576,3.64645399289363
146577,12.3903401200978
146578,3.14783433435015
146579,15.6519008442166
146580,10.5399733866591
146581,9.38993678024753
146582,-2.78905683974499
146583,14.5347376240599
146584,5.05799591062337
146585,17.6498278558866
146586,1.63873480435864
146587,9.04809456266944
146588,-6.46460555523121
146589,16.0495215230134
146590,8.53994224496934
146591,16.2382673700928
146592,-5.48130410022862
146593,22.2105827024419
146594,2.50938418219595
146595,19.1347498335405
146596,13.7220770332354
146597,26.3414575631583
146598,1.88628011433378
146599,59.1168480238888
146600,7.95800389852369
146601,26.3180456485722
146602,17.2730314556661
146603,30.381616289423
146604,9.37552610243673
146605,53.0018461795464
146606,4.03095883540594
146607,24.257252972378
146608,18.0205280080184
146609,19.8532102607622
146610,4.80694349377161
146611,54.2011181678884
146612,0.78402254897513
146613,20.300027669347
146614,17.6125197842256
146615,17.9744499693748
146616,1.66782994112482
146617,54.8975591605864
146618,0.205484781991892
146619,19.6983080421066
146620,16.4010079189283
146621,17.593708456069
146622,1.87175565845937
146623,10.9788058941229
146624,1.41173571455323
146625,13.9233962248279
146626,16.8879768259489
146627,17.2072973594633
146628,2.59941060989386
146629,7.32447948627481
146630,1.36108581049435
146631,18.4502909550585
146632,16.2737172632148
146633,19.4622570958354
146634,4.25077373645238
146635,7.40930688848072
146636,3.15912330095698
146637,17.9137805950516
146638,15.8461160099824
146639,18.5410511016536
146640,5.39926863174337
146641,8.08212957025572
146642,9.75406917412656
146643,23.5290067146121
146644,15.0121170332797
146645,18.5944282971301
146646,12.2134390833632
146647,8.64462840844359
146648,12.4643646257844
146649,24.9232397238579
146650,15.0584025684571
146651,19.1862659738868
146652,12.7570737571086
146653,11.5541919798961
146654,13.2632611817847
146655,13.8743304802908
146656,16.3704942043539
146657,17.2702186279381
146658,14.6538104168815
146659,13.3403587949883
146660,20.4315391298804
146661,10.04347878256
146662,19.3342895035911
146663,18.9248489640046
146664,16.8544979477367
146665,18.19326502137
146666,21.5192009568108
146667,7.82873942013663
146668,20.2974447808185
146669,20.3939953542822
146670,18.9879899529713
146671,19.4545204081238
146672,22.4494115089152
146673,7.46978217662052
146674,20.7730038369713
146675,18.7392925613636
146676,21.1693295883678
146677,23.1944954907656
146678,23.8568771316107
146679,11.4128201552415
146680,22.0358735436164
146681,18.6036007704421
146682,25.6628671490858
146683,28.8957377345164
146684,24.6313546113795
146685,10.7276866724963
146686,21.4236127921621
146687,15.4237300437304
146688,26.0630283264194
146689,25.1775017223504
146690,22.9541871286893
146691,6.72331229786596
146692,4.84835116570634
146693,-12.9563202800204
146694,21.5183744663887
146695,23.1013012935063
146696,22.0476578201201
146697,7.09020038119907
146698,-3.71899546842788
146699,-10.7287353513405
146700,21.6029754642837
146701,22.437285495839
146702,23.5378705521342
146703,6.66552673673845
146704,-4.11308787538714
146705,-1.54841349397369
146706,24.3008406830913
146707,21.8820014404077
146708,23.6421101442344
146709,5.99492585571159
146710,7.59437143604476
146711,12.2096566248205
146712,25.3229850354911
146713,22.655333498801
146714,23.6284469516737
146715,4.6976709412235
146716,8.55305352490845
146717,14.2489789831572
146718,25.4608707091076
146719,24.79939537413
146720,25.4310688909993
146721,7.0132382907687
146722,1.40084303851732
146723,14.3113558500054
146724,26.4596863717993
146725,23.9755593304848
146726,28.0077945571217
146727,6.79024783975324
146728,8.31868161939549
146729,14.699095625864
146730,27.7215807716777
146731,29.0538472540794
146732,31.0037509979758
146733,11.1455670369422
146734,11.2771040929345
146735,15.5686617506635
146736,30.2644842056266
146737,53.4561347965573
146738,44.0172670968737
146739,18.0746205657703
146740,12.8857722260525
146741,23.524956965908
146742,46.630830021748
146743,81.0194574103103
146744,55.2260332953135
146745,20.1210371161158
146746,14.9388797846061
146747,24.5774808813364
146748,58.2029641794971
146749,80.1897442447217
146750,49.9773520685295
146751,20.3100124121822
146752,24.5062165210243
146753,28.8881064603284
146754,52.4822950541922
146755,72.3981655402873
146756,45.7370418443743
146757,18.8350072231526
146758,26.0872840603007
146759,31.0263043933098
146760,49.9502037681628
146761,70.0448685468923
146762,46.8213193193817
146763,17.2337716143704
146764,27.910373926145
146765,28.9320329384227
146766,46.4998374338344
146767,68.2314155094776
146768,40.167461878034
146769,17.8879222747096
146770,26.0724985900642
146771,23.9313117191757
146772,40.5391747130719
146773,73.4943585407947
146774,36.1288696017058
146775,19.5381819729906
146776,23.1888634824674
146777,23.0834831557468
146778,39.1025801133102
