"id","target"
133627,67.9269331511215
133629,25.2910964559954
133630,28.6419483663306
133631,24.5941161506421
133633,26.7892587939248
133634,27.8740181022082
133635,45.2857970529879
133637,26.076511341697
133638,28.2705628297117
133639,24.8977736748252
133641,26.9887986676076
133642,27.172363159883
133643,66.7083912892123
133645,27.3449113363237
133646,27.9372568346579
133647,25.127057508728
133649,28.3842020927538
133650,26.8195463629942
133651,83.1511378937335
133653,28.1891983473603
133654,27.865606732537
133655,25.0220024693015
133657,29.5259032672501
133658,27.7540131885186
133659,81.9302513710047
133661,29.5692415454381
133662,27.8868016782485
133663,25.4158402786114
133665,29.3456064158213
133666,29.4624477191428
133667,81.6836625719414
133669,30.890748007528
133670,28.3106862218081
133671,25.2333687498355
133673,28.3097637474852
133674,30.8385282851257
133675,81.8337186434013
133677,32.3639015189801
133678,28.1092889912015
133679,24.9967175875397
133681,28.3317944767367
133682,32.2082170908432
133683,77.3025678189418
133685,29.9737789113097
133686,26.9912076336453
133687,24.59954096685
133689,27.3705093314961
133690,30.0914311591582
133691,38.8074003271412
133693,24.5103302074687
133694,23.6975492321312
133695,22.1594380682792
133697,24.0710912282851
133698,24.6836922584815
133699,33.565129679375
133701,23.0890357008201
133702,22.1693100110908
133703,21.2028997307259
133705,21.8647522379839
133706,22.3953900116357
133707,28.9424181916758
133709,21.1612998164483
133710,21.6420134607152
133711,21.2091213993486
133713,21.9635980214308
133714,21.2051064806383
133715,26.5197433702045
133717,20.9647676122944
133718,22.2552123801632
133719,22.0620395922572
133721,22.9457288437169
133722,21.2103986334803
133723,27.5269223912253
133725,21.5845237137478
133726,23.2602685806485
133727,23.467421239055
133729,25.1807117522663
133730,22.0265984116866
133731,28.8824933080207
133733,23.8649125284932
133734,24.0157425889861
133735,25.5768355882055
133737,26.3869531422621
133738,23.4981572760681
133739,28.8056152378847
133741,26.4059555012601
133742,25.6123460446037
133743,25.0375942782837
133745,27.2973460744465
133746,25.2250513918203
133747,29.4185480723972
133749,28.7966352974875
133750,27.5320284595991
133751,26.1502598942089
133753,28.7567311970785
133754,27.3420192275329
133755,29.6577140291389
133757,34.152477028416
133758,27.5072554620081
133759,28.0750554612398
133761,30.020082330889
133762,29.8745681335005
133763,41.0542672966999
133765,34.4771311628344
133766,28.5985229364875
133767,30.2981713971244
133769,30.2755598178761
133770,30.9955996396408
133771,41.7512089378727
133773,41.4820817046467
133774,31.0557520916554
133775,30.7113601921176
133777,35.0721991182672
133778,41.2853586139945
133779,66.0343918722466
133781,79.6096188090108
133782,40.1959288554301
133783,33.9751997005187
133785,50.4968224332631
133786,75.9668069207092
133787,90.9309215847376
133789,66.9398825833088
133790,48.3166552136398
133791,31.6306948379406
133793,54.8417476249213
133794,74.7038474477671
133795,74.5240138867912
133797,34.8730203355381
133798,38.3073888844928
133799,28.2745050599447
133801,41.1672494556867
133802,35.2342230562775
133803,52.4403696104394
133805,27.9924579892275
133806,32.3523638252201
133807,26.9864785693193
133809,32.9461452543548
133810,27.3807863754185
133811,48.2272190013841
133813,25.0680844447572
133814,29.0909763772885
133815,26.1962122642296
133817,29.925767855402
133818,25.2823000766125
133819,55.4969360047641
133820,24.4311884401377
133821,27.9485451431888
133822,25.6803000692673
133823,28.374599358842
133824,24.768389885193
133825,52.9693818450686
133826,24.6378282010214
133827,27.0157699938922
133828,24.8677496916939
133829,27.6617814348853
133830,24.1699998102742
133831,49.3198497964847
133832,22.9543752012775
133833,25.3107562501207
133834,23.5458709822766
133835,25.363220558068
133836,22.7645936191633
133837,52.0180412387325
133838,23.6623182767438
133839,24.3440038138691
133840,22.2567525906965
133841,24.1679961768587
133842,22.5447249395495
133843,60.8617919399228
133844,25.672065027899
133845,24.3995214766091
133846,22.0123612415868
133847,24.5891338179076
133848,23.7512384251874
133849,69.910831515328
133850,30.453364791937
133851,25.7110847608576
133852,23.4551646218926
133853,26.3586365270845
133854,28.4188812788525
133855,73.375951729815
133856,33.2359877978304
133857,28.1776243200703
133858,25.167839579777
133859,29.1171955439889
133860,32.6650571861994
133861,75.1091248495471
133862,31.234701431957
133863,28.4792843549177
133864,25.5202726727481
133865,30.0840455687274
133866,30.69659596448
133867,36.1875301064064
133868,22.4501383852932
133869,23.0882518716268
133870,21.7857932825874
133871,23.4270926854612
133872,22.9228009939988
133873,28.682858649978
133874,19.5622790235494
133875,19.8526298886006
133876,19.4598515950499
133877,19.5133455590111
133878,19.4137092388493
133879,24.7247920753472
133880,18.8572053564686
133881,19.7559906880709
133882,19.9245529482918
133883,21.3233340711306
133884,18.7287187036343
133885,22.9731874594453
133886,19.338541847079
133887,20.6760191121739
133888,21.5586333646286
133889,23.4311728297952
133890,19.545289701502
133891,23.6516942439521
133892,20.4594454501977
133893,21.9574578775882
133894,22.2177144042001
133895,24.9615542224898
133896,20.7449124909617
133897,28.0924149400466
133898,22.5368947775976
133899,23.3120997037456
133900,23.4288736811051
133901,26.1128457900258
133902,22.7788945145833
133903,31.1436954700315
133904,24.2261271203824
133905,25.127267310742
133906,23.7394208399177
133907,26.8945471965093
133908,24.2809954212315
133909,33.3647016262206
133910,26.3844768127917
133911,25.6972352957488
133912,25.3562794536385
133913,28.8228191666417
133914,25.3028740954412
133915,32.2944887352652
133916,29.1127257291773
133917,25.7441695866938
133918,25.2195643986037
133919,31.3399861065945
133920,28.0869002913444
133921,42.7741953652092
133922,30.3427354039901
133923,26.7216973095959
133924,28.0303632956572
133925,32.0112076309918
133926,30.1102231481956
133927,50.7810948802658
133928,37.4491205690268
133929,31.2609756423739
133930,30.6640597838516
133931,34.6558923294352
133932,40.5633265251177
133933,82.9378970379919
133934,63.1903056640785
133935,37.5954360227581
133936,38.911366877598
133937,46.4344964472556
133938,66.7451202418653
133939,88.2723704127281
133940,47.6742277944348
133941,42.6399485108718
133942,38.5563618951983
133943,45.3487573432341
133944,50.997103297486
133945,79.2716761677591
133946,35.3167308426403
133947,36.6292216386837
133948,32.3358094232813
133949,38.9046972951308
133950,36.2366671331753
133951,57.0305264060393
133952,29.9079585048813
133953,32.1725935049558
133954,28.7609425734745
133955,34.5671088314102
133956,30.1074106086137
133957,46.8644226664138
133958,25.0110220496756
133959,29.172981542369
133960,27.1181633415581
133961,30.7889803671733
133962,24.4383383385958
133963,46.8286833425807
133964,23.7993579425457
133965,27.6920281641943
133966,24.3400697252264
133967,27.9654190554786
133968,25.5146313102683
133969,41.8998388756833
133970,23.5280613089375
133971,27.127293102112
133972,24.3934719654926
133973,27.0704811823143
133974,23.89110815776
133975,44.3916265915725
133976,25.3102337540243
133977,26.5340882953214
133978,24.269152999838
133979,27.4307966820004
133980,24.17647490448
133981,45.7540417217409
133982,26.1839392948922
133983,25.6470530391643
133984,24.0064954581817
133985,26.1828865719309
133986,24.7951285713065
133987,48.0310425157976
133988,28.1918364996314
133989,25.2133689287317
133990,24.0694982530862
133991,25.5626577166607
133992,26.7595345059963
133993,50.7481457771753
133994,30.0784815618853
133995,26.9848855326854
133996,25.5123143395361
133997,28.2775307203767
133998,30.0772168833599
133999,56.2152730771052
134000,32.1216571562666
134001,29.1775750455138
134002,26.0762297703784
134003,30.7600334073036
134004,32.5770192611905
134005,60.2173682950253
134006,31.4751288080526
134007,28.7637057919412
134008,26.1449049093083
134009,30.262154963812
134010,31.3034627625411
134011,34.4270538455585
134012,22.3773367571738
134013,23.2175477847323
134014,21.7436151858675
134015,22.6190083291034
134016,22.5353090304345
134017,26.4145631426445
134018,20.4363053183469
134019,19.8356196841516
134020,19.3705021816845
134021,19.5387004675713
134022,19.5587526494026
134023,22.8318561281633
134024,20.5373209118753
134025,20.0755772552963
134026,19.7847075217045
134027,21.5061670309056
134028,19.9558361962536
134029,22.7291930909352
134030,21.4820263731014
134031,21.6653844467086
134032,21.6597226852471
134033,25.1891298888066
134034,21.3255380914076
134035,28.5332696234965
134036,22.6011546183402
134037,23.8980193527645
134038,25.1354067419512
134039,29.3274122918494
134040,22.593064951804
134041,29.6563851814255
134042,25.1247751857224
134043,25.7786000242868
134044,25.5003402081621
134045,30.1601376603299
134046,24.8382443209494
134047,30.8731940005223
134048,27.2687970187327
134049,26.4224216485521
134050,26.4967234867378
134051,31.891226031608
134052,26.1225523798741
134053,31.8437689719875
134054,31.5874223509714
134055,27.8968786186096
134056,27.8772544687567
134057,33.1323696432315
134058,30.0250958272362
134059,31.969469565488
134060,36.57097491286
134061,28.7401095102319
134062,28.9399616535181
134063,30.6372509483836
134064,34.0847188055243
134065,39.6451882510118
134066,37.1211543079532
134067,29.0819529164739
134068,33.4970119025023
134069,31.9262014325224
134070,38.1983266408911
134071,46.1713215248199
134072,51.1428100757743
134073,31.6282475859244
134074,34.8173062504394
134075,35.7593594528218
134076,53.8698570908944
134077,180.625699620761
134078,277.965337490246
134079,86.6161597428128
134080,51.8025083661563
134081,80.2897735387063
134082,354.021799479679
134083,105.718127658655
134084,73.6866186899884
134085,74.6357966741469
134086,49.6634543848504
134087,58.4850540635845
134088,93.4871253340216
134089,62.7761884631242
134090,31.4327296353168
134091,34.1928667807149
134092,32.6608916968805
134093,40.1475272422646
134094,33.2423323246496
134095,44.9185107399933
134096,19.0645169916037
134097,28.4246036617913
134098,25.1363717664767
134099,29.0562711972638
134100,19.7971691495415
134101,39.9155907945409
134102,15.9223617992068
134103,25.4255843912122
134104,22.2868128851745
134105,24.1320488676945
134106,17.0531956744069
134107,37.9852329601319
134108,12.8208166542674
134109,22.9090367499715
134110,20.5642702142269
134111,23.0861312829039
134112,13.8567423411825
134113,32.112729433892
134114,11.6427921466123
134115,21.5604381103758
134116,20.3322712999346
134117,21.9421406894823
134118,12.1177454038165
134119,29.9459127449797
134120,10.8746874909525
134121,20.6786944042035
134122,19.6360053604598
134123,20.2270845163104
134124,11.3120396184765
134125,29.963563544719
134126,12.7027019321487
134127,20.785433952789
134128,19.5721734992563
134129,19.4792432585956
134130,11.9113140231632
134131,29.4979651732669
134132,10.9587681360428
134133,20.8382475327174
134134,19.8243483701363
134135,19.4654553110496
134136,12.9139959816419
134137,31.2426539699722
134138,14.7946340405717
134139,21.3594512181532
134140,20.4841002208857
134141,20.7820640003632
134142,14.8651633987633
134143,32.7926434716593
134144,13.5253676396839
134145,22.103778344082
134146,21.0879581926742
134147,21.7654255499941
134148,16.3335414810231
134149,32.8252525196922
134150,16.6151036208906
134151,22.1065239036322
134152,21.0673586890506
134153,21.2080889596244
134154,16.3432598465493
134155,20.1941633683859
134156,14.1114980938
134157,19.042396729023
134158,18.6721033364455
134159,18.8390407432547
134160,14.0774936049372
134161,17.7559719034011
134162,14.1558386712928
134163,17.6083385681888
134164,17.7896858127014
134165,18.5642958875617
134166,14.1521552814061
134167,18.1318456260604
134168,14.9036333176479
134169,18.5034814416907
134170,18.979760410981
134171,20.2338586370613
134172,13.5311972073847
134173,19.909401832921
134174,17.9424913296098
134175,20.6342162545927
134176,21.4539050248218
134177,23.3992058929678
134178,14.7861036770117
134179,24.8612439890129
134180,20.7439544901025
134181,22.9020990606296
134182,24.7938682049881
134183,28.5910809741332
134184,18.3451064363885
134185,29.0491250952259
134186,26.059987506973
134187,26.0447255976632
134188,26.7831470746451
134189,29.7271023521916
134190,23.8148540820673
134191,32.4012528840299
134192,30.782616689542
134193,27.3453375410231
134194,27.2114979121405
134195,30.6754550461014
134196,26.1386228574122
134197,35.2282236307456
134198,31.3054178076419
134199,28.0159793015441
134200,26.9790876983524
134201,31.85910051071
134202,29.902926524907
134203,31.5952064114463
134204,32.5257727708451
134205,28.2331195421091
134206,28.930838798313
134207,31.3144681053293
134208,32.4333621686569
134209,35.2267042934201
134210,35.0845828747351
134211,27.5567296586008
134212,30.5693110739904
134213,29.4942411228813
134214,33.7692759388035
134215,48.1367373438102
134216,43.098796210929
134217,30.0910783783378
134218,30.6911895753635
134219,33.5700785152885
134220,45.0823662815607
134221,55.7200043938281
134222,93.6111448009804
134223,37.8476553167961
134224,38.5287149216415
134225,40.9506025992151
134226,104.33145516446
134227,46.5600857942374
134228,29.9322467719577
134229,30.9927443868038
134230,35.0303535463867
134231,30.877010981758
134232,33.7725795105733
134233,38.7757007389008
134234,19.3888094755081
134235,27.9249718498924
134236,18.1447044327055
134237,27.3106742649436
134238,19.2862434770974
134239,31.2935549755744
134240,17.397301584371
134241,25.160852066251
134242,17.4687582170845
134243,21.5176653573043
134244,17.9377172868916
134245,25.8451182024127
134246,13.847714097542
134247,22.0300461273081
134248,16.5357595989235
134249,20.75144553257
134250,14.6212119304074
134251,26.6887188694622
134252,14.4304736020899
134253,21.1521784313209
134254,16.2076799353655
134255,21.2180961891933
134256,14.932347382181
134257,25.9978061959635
134258,13.4142798385391
134259,20.3904134780921
134260,17.2211699369616
134261,19.1559365300566
134262,14.0587884397249
134263,23.2195394474789
134264,11.8982218397437
134265,19.9408096944006
134266,18.0044453619817
134267,18.4584930429783
134268,12.881378276038
134269,22.792150729218
134270,11.3516710284162
134271,20.1042406839844
134272,18.5327493431475
134273,18.815809133393
134274,12.1112606160842
134275,23.0262934269209
134276,12.7298127938795
134277,20.1596500716844
134278,19.1150941666537
134279,19.2542906186159
134280,12.859732683581
134281,24.0882821056924
134282,13.5750866382631
134283,20.4918567353391
134284,19.9489033415559
134285,19.8255258163121
134286,13.9424808571382
134287,25.2813046214477
134288,14.7694117287167
134289,21.2070097175262
134290,20.6101690437743
134291,21.8409685933617
134292,15.3742145592345
134293,27.1830225296335
134294,15.4817853807063
134295,21.4097391018888
134296,20.622625452128
134297,22.3840934806269
134298,16.6240135233073
134299,23.2504538438127
134300,15.2583518209792
134301,20.9640250781071
134302,19.6088003627665
134303,21.2368861943445
134304,16.3303989904104
134305,22.0278486387954
134306,15.3735429978486
134307,20.5204325553665
134308,19.967874867429
134309,21.33632216076
134310,16.708929291553
134311,19.7286433212291
134312,15.7683081278371
134313,20.8888301884314
134314,20.4363920238504
134315,21.7031285974947
134316,16.5617433035472
134317,16.3161657145713
134318,17.8646843230108
134319,21.9452652578477
134320,21.7065446353074
134321,23.2001549949392
134322,17.6094756714508
134323,31.8236973894846
134324,23.553143572211
134325,23.6563394788413
134326,23.3596621643269
134327,25.8241389576838
134328,22.0313404544638
134329,35.5319920219246
134330,26.4487003870763
134331,26.5944679442486
134332,23.8560915297188
134333,29.3268502640582
134334,25.3714211252941
134335,35.8884988336881
134336,28.6873277670875
134337,27.2089124300038
134338,24.2689564073833
134339,31.8120519354109
134340,29.3962778236426
134341,36.2231460637179
134342,26.9552667864522
134343,27.2873441798501
134344,25.2666768721015
134345,34.5637612442141
134346,31.6132876424458
134347,37.8501786686579
134348,27.8379396317584
134349,26.8088149886244
134350,25.1600232654689
134351,40.8544664066806
134352,26.1259197982673
134353,44.5752450557711
134354,34.4496022860997
134355,27.1296445740176
134356,27.963706650096
134357,39.0704168619444
134358,28.9331535936844
134359,64.2093015094929
134360,40.2856627219389
134361,25.5083851091753
134362,29.5907139481126
134363,45.7149224581347
134364,41.5516285112356
134365,101.133404559987
134366,59.414259283397
134367,25.970153368243
134368,46.301485824826
134369,54.6481518858605
134370,51.3688685057509
134371,65.1512574305333
134372,45.0787574756051
134373,29.766825504046
134374,19.8724585468629
134375,38.6239969988165
134376,43.6839462402856
134377,66.5799931572497
134378,32.8981264456518
134379,29.0066832884654
134380,12.4685350947848
134381,29.6833723049771
134382,30.1876201848393
134383,52.9226047051986
134384,26.0579053274327
134385,28.4098240414015
134386,14.3269296739564
134387,28.0551829481482
134388,23.3329216908881
134389,51.9963788520753
134390,25.8950185813508
134391,27.6831056741427
134392,13.8672421271703
134393,23.3114091320297
134394,27.1182301334401
134395,33.3590803545943
134396,28.7189075630737
134397,23.294870203667
134398,15.720945814023
134399,31.7290675185921
134400,30.9537363576542
134401,31.4126774785578
134402,27.2551139892722
134403,22.2127162774431
134404,14.2145442188748
134405,32.4919013553449
134406,30.7530328290904
134407,31.6256799646227
134408,27.2279721727436
134409,22.0845871773359
134410,13.3756962232202
134411,32.2404774047745
134412,30.6375067731248
134413,31.3108509883941
134414,27.0690158702958
134415,21.692363762119
134416,13.0885344708316
134417,31.6934695111695
134418,30.1661070247077
134419,31.5491478233181
134420,27.061894312648
134421,21.8317865845637
134422,12.7941546983041
134423,31.3653019974308
134424,30.2839952632267
134425,31.6662763066779
134426,27.8065149697194
134427,22.7537893478222
134428,13.0045766691666
134429,30.2733236735979
134430,31.5296337106696
134431,30.9607492402959
134432,27.6146089817019
134433,22.9963282421481
134434,13.9901723448159
134435,30.1637827836839
134436,31.7873543804239
134437,30.2068847449796
134438,27.9979096974991
134439,22.7126271351138
134440,14.6740291016383
134441,30.4579712156432
134442,31.8883132720127
134443,26.5221782020661
134444,26.864458030296
134445,22.1687887979988
134446,14.4815312139188
134447,30.0355434853028
134448,30.7984732055846
134449,18.9433485568127
134450,26.6687255957389
134451,21.9801946294102
134452,14.4506185476133
134453,30.188009035105
134454,29.4322729972742
134455,17.8276910240047
134456,25.9103319880714
134457,21.7100166144947
134458,14.2094297686999
134459,30.6658799240689
134460,28.3761536351003
134461,15.6247816948506
134462,25.2382079415887
134463,21.6244743954678
134464,14.8405947808098
134465,31.039923375802
134466,27.7480501607405
134467,15.7258733112888
134468,24.8432492926094
134469,23.1117483552588
134470,15.6411513691893
134471,33.9166369119137
134472,26.4901788767538
134473,15.6154708450036
134474,24.0621022541193
134475,24.3182099160551
134476,16.262613349786
134477,34.625693637512
134478,26.163892641084
134479,14.9919678784756
134480,23.9793290871966
134481,24.4482435897367
134482,16.0113143078001
134483,35.7852515404461
134484,25.8454016713734
134485,14.953609533848
134486,23.455597959714
134487,24.7216362229554
134488,16.0307460498946
134489,35.5527067732744
134490,25.6777907941023
134491,15.1723455421222
134492,22.4469926486145
134493,24.8360195219207
134494,16.099438795354
134495,36.0673579461128
134496,24.7748904318342
134497,19.6403461088109
134498,23.7351275621095
134499,25.8462794294456
134500,16.1349297245657
134501,36.7796167994989
134502,25.1887699714492
134503,23.8310532669494
134504,25.1910448229003
134505,26.7263344613969
134506,16.2451343500204
134507,36.6081981818987
134508,25.8715395818771
134509,33.2806901638416
134510,32.4679380567066
134511,28.6857499890252
134512,16.5432219905822
134513,39.5504310434936
134514,30.5153279473545
134515,35.2170680236394
134516,33.114163084993
134517,28.215226707324
134518,16.9831836279217
134519,39.167792794497
134520,31.2337227977165
134521,34.224243449157
134522,28.3775040309091
134523,26.6725467098934
134524,17.057642851
134525,37.060185484697
134526,28.9336351109578
134527,32.4752237714106
134528,28.8049146225605
134529,26.4276648960121
134530,17.2230687637597
134531,36.9331646476617
134532,30.3966784206352
134533,31.765783514428
134534,28.1122706958052
134535,26.4319642590757
134536,17.0981154054759
134537,36.4819876600325
134538,30.7521578687718
134539,53.1228600345084
134540,28.2726093243354
134541,26.9144605524115
134542,24.0289290713122
134543,33.0848585919309
134544,28.4194971008328
134545,64.0747585759617
134546,30.2861386067218
134547,25.7205737241373
134548,22.2720558897645
134549,26.5421595582509
134550,28.3778429267974
134551,64.9750476422437
134552,30.3760813513263
134553,25.0857136366704
134554,21.5379780510886
134555,25.8406049067064
134556,27.45531085735
134557,72.343612831218
134558,27.7516292215106
134559,24.8965583234186
134560,22.3365012213603
134561,25.5820146181453
134562,25.2452405799098
134563,72.4642960525098
134564,27.4380143023035
134565,24.3011368535054
134566,22.4857864855427
134567,25.4405818969659
134568,27.8854329361658
134569,71.2726519126756
134570,30.7188416652694
134571,24.4774273340781
134572,22.7032570312256
134573,25.258244391102
134574,30.0573899890314
134575,70.0770810316927
134576,28.900554532296
134577,24.5815727484741
134578,22.36147277412
134579,24.1969045588842
134580,30.3967771276245
134581,65.3033751517241
134582,28.3294997944245
134583,24.4459841770065
134584,22.4111324998057
134585,23.7949530032289
134586,28.9498293978492
134587,17.9729874117367
134588,21.4830369370432
134589,19.9739687056896
134590,16.9620857825814
134591,31.3287869895416
134592,20.6859657218911
134593,10.5069284502894
134594,16.4689701645008
134595,18.0847076738171
134596,8.00739983928856
134597,25.1557926495
134598,15.5778900067004
134599,9.64965166186444
134600,15.4704837376821
134601,17.6092186632983
134602,6.72356239794732
134603,20.2176511754526
134604,14.089167437895
134605,9.44090221194385
134606,15.6954710408897
134607,17.6926434660753
134608,6.08240863962277
134609,18.8625037509034
134610,14.6586997561571
134611,9.38552862627282
134612,17.5237642738424
134613,18.9686677668699
134614,6.32458352843763
134615,24.5298311931427
134616,17.0605389273997
134617,9.7512004355486
134618,17.9492198584403
134619,19.5104435145224
134620,5.43689019077576
134621,29.2315202192154
134622,17.7799647991262
134623,11.5412463085013
134624,19.2077381217175
134625,20.8525827506377
134626,5.59606666392219
134627,29.4423554475552
134628,19.2331749054173
134629,11.9059919271277
134630,20.5136303407847
134631,21.5192824803177
134632,7.8884801029892
134633,30.0132402986902
134634,20.8318956566159
134635,12.7793689504957
134636,19.8258465299744
134637,21.8080278891077
134638,10.2610689065085
134639,30.4081113355086
134640,21.1058288616988
134641,16.0440800561324
134642,20.7792219288856
134643,23.2414646476719
134644,13.0056520067991
134645,32.2007150573638
134646,22.6875934363182
134647,20.936239531696
134648,23.9023060371118
134649,25.7935587001848
134650,15.8569782500743
134651,35.0352293089062
134652,25.591362276751
134653,32.4653511041389
134654,29.5619957518396
134655,28.18182870391
134656,17.4175430929748
134657,37.8517987217811
134658,28.625941368781
134659,32.9890398986207
134660,26.6385448815703
134661,26.7634670606788
134662,17.5270987209316
134663,37.1472103232465
134664,26.5186029221334
134665,30.350250591757
134666,24.7725891982599
134667,25.2970129901744
134668,17.1818253325853
134669,36.0514942539429
134670,26.4615074835712
134671,29.5332834828647
134672,24.4179678323077
134673,24.0590084888173
134674,16.6457336665116
134675,34.9035306080089
134676,26.3982838484286
134677,29.1991825870954
134678,23.8390567877347
134679,23.4253237119659
134680,14.9501369620437
134681,34.531386448315
134682,25.0188870107915
134683,26.2524643548935
134684,22.164003884924
134685,21.2859775060558
134686,12.1220902569524
134687,33.1738440060309
134688,23.2908328438226
134689,25.0513288657177
134690,20.7696292554649
134691,19.6423139968871
134692,10.6215998577275
134693,32.2034821873518
134694,21.0849139671646
134695,24.5812747349642
134696,20.7566432480926
134697,19.2890776871736
134698,10.2016188932897
134699,29.9073149919471
134700,20.7886050102293
134701,24.1713418266972
134702,20.9576293825662
134703,19.2812986774186
134704,9.66149716043211
134705,28.1837313936207
134706,20.8281785338646
134707,24.6932308260224
134708,20.9992189698463
134709,19.6043622943717
134710,8.07578821940443
134711,28.0646613820915
134712,21.0660259155763
134713,25.5760964582886
134714,22.0622644970093
134715,19.9449941485593
134716,7.75577923497349
134717,27.5990918233398
134718,22.841957462825
134719,27.4552890839056
134720,24.1477307597457
134721,21.3071845122602
134722,7.95059916033083
134723,27.5014463167751
134724,25.3048271986393
134725,26.2992217835103
134726,24.2937091984385
134727,21.1568699773728
134728,8.18393126248484
134729,27.3715360831711
134730,25.4702709040387
134731,12.5863837340758
134732,17.9613994571291
134733,18.2854298854094
134734,7.43184680854847
134735,23.395518059947
134736,17.7406801739765
134737,8.74014171239623
134738,11.4717557699477
134739,14.2958075735835
134740,2.74492003141702
134741,13.9095307677129
134742,9.32132754753333
134743,7.91646795845588
134744,9.96149399988058
134745,12.525969060573
134746,1.30638460918997
134747,10.6034001538466
134748,6.42405872234677
134749,8.02410649632713
134750,9.74923565642018
134751,12.4339805349496
134752,1.09456800697752
134753,10.6515634107609
134754,6.17776643858178
134755,7.96183089220236
134756,11.881246914876
134757,13.5160862890069
134758,1.14286260413105
134759,10.91318967018
134760,9.28095761382116
134761,8.66768605016826
134762,14.9121521626221
134763,15.5945041682614
134764,2.03273107393155
134765,14.3232436503195
134766,13.7842696882058
134767,9.51363517877087
134768,16.1031201145689
134769,17.1956029573947
134770,2.59071141594918
134771,17.2429771336847
134772,15.6998644449664
134773,9.33871789471976
134774,16.6677150418903
134775,18.1410530526796
134776,2.85215220286248
134777,19.7125868798358
134778,16.7837069811657
134779,9.175698257813
134780,16.5431633294914
134781,19.4397159484738
134782,3.90893738061953
134783,23.0894575961599
134784,17.3822227594789
134785,12.4645801821479
134786,16.2301120836572
134787,20.5455891121041
134788,4.65574878297588
134789,28.3410319494122
134790,17.1005346240081
134791,17.1860682261112
134792,21.4795747599888
134793,23.1356952747598
134794,8.89667286885177
134795,31.363148277319
134796,23.0772409282564
134797,29.5271823839536
134798,26.0716422181585
134799,26.3895368388223
134800,14.1054553390659
134801,34.5967440600345
134802,28.16740195465
134803,27.9617626830316
134804,24.6612392141349
134805,25.173530004243
134806,16.3245602684728
134807,33.9343900296664
134808,27.0638616439923
134809,27.2446199297249
134810,24.3104376750867
134811,23.496550588267
134812,15.6875146908122
134813,31.5000731177945
134814,26.1779816857278
134815,23.6185202539146
134816,19.9738901503738
134817,21.7267463122995
134818,13.0373470277918
134819,31.2387607999011
134820,21.0132039789647
134821,21.320926382093
134822,18.6979927280308
134823,20.2685947004675
134824,10.131456357559
134825,25.9809500073875
134826,17.8450488857272
134827,22.4850172047486
134828,11.6437739533124
134829,19.924168595433
134830,17.4420218437534
134831,18.6918597003931
134832,12.3127468486562
134833,21.4708595726459
134834,18.2906089521294
134835,19.4548078651175
134836,18.4212184265194
134837,19.3755495910911
134838,15.0423128608922
134839,18.9269437851123
134840,15.1788364154255
134841,16.5609323619096
134842,9.61867270807523
134843,16.4082137924513
134844,11.4544469813317
134845,19.0702680141827
134846,13.3026595838992
134847,14.8090723926325
134848,0.390202427545102
134849,10.8495661431283
134850,9.63531125830755
134851,19.5139905644881
134852,14.8883333114243
134853,15.6629890894141
134854,0.139495305944546
134855,10.184646644358
134856,11.3407622521385
134857,20.1521028031377
134858,17.1334012810115
134859,17.6951369639093
134860,1.67642797181786
134861,13.0940761066541
134862,14.903654537761
134863,21.5776640386893
134864,20.9898898825682
134865,19.3110058072413
134866,2.84348473098185
134867,17.7056322785461
134868,19.4561295199014
134869,21.8311715829143
134870,20.5771909856926
134871,19.1444969581293
134872,3.29475323067363
134873,19.074640712904
134874,19.4406436257768
134875,7.74183576605333
134876,12.8051094190135
134877,13.7107994042819
134878,1.56642839278035
134879,14.6994506628808
134880,10.7891019073046
134881,2.8029694380775
134882,6.55515314037147
134883,10.0937082268936
134884,0.818137150538337
134885,10.0658155530472
134886,3.173398227845
134887,1.11173217256336
134888,4.20984524770025
134889,9.33099811211496
134890,0.518687859036682
134891,10.1035532569954
134892,-0.0888951561918248
134893,1.53113635377421
134894,6.11995414281033
134895,9.48743683970608
134896,0.478668135952542
134897,9.95044238916725
134898,1.71278095908851
134899,4.86349962683256
134900,8.28738376949905
134901,10.2153371481581
134902,0.358009944982744
134903,9.90661740324633
134904,4.26624277781133
134905,8.11866598231185
134906,10.0840182000876
134907,11.3983289388644
134908,0.437290614184207
134909,10.192875837369
134910,6.54146458931463
134911,8.34338340861923
134912,12.2114295470014
134913,13.0510612673509
134914,0.724647195021685
134915,10.6178678281243
134916,9.3786098943787
134917,7.636950116643
134918,12.6888340638983
134919,13.5941809318829
134920,0.644198544009985
134921,10.7272207471781
134922,10.2532492139075
134923,6.80023221882802
134924,11.5688380485201
134925,14.2374127115177
134926,0.765546489553017
134927,10.8630686001692
134928,9.89204299078354
134929,8.8204635936285
134930,13.2335178088764
134931,17.4128441162566
134932,1.62899158876866
134933,13.5838040120631
134934,12.5508014194467
134935,10.2227366063738
134936,17.9620666748816
134937,21.2876543403425
134938,3.05750081132015
134939,23.308549999227
134940,17.9220013891476
134941,26.155961872993
134942,24.0950574233362
134943,25.6482003026443
134944,8.52784859906569
134945,32.0693384380752
134946,26.3047520427658
134947,27.1328447132911
134948,24.0551285929961
134949,24.7234209608997
134950,14.1779813772994
134951,31.0281359009133
134952,26.771557068179
134953,26.6643451846123
134954,23.5467890954417
134955,22.849108232142
134956,12.7699106448423
134957,28.6675883926085
134958,25.2888043589665
134959,23.2373983719593
134960,21.2694848374947
134961,21.0700955673129
134962,9.6631567135931
134963,27.8904451278447
134964,22.0891862422831
134965,21.810366996661
134966,20.1034209081257
134967,19.4195681261135
134968,8.01151301675105
134969,23.9948308705621
134970,19.4598339693385
134971,22.6376319991829
134972,15.2071043863745
134973,19.964936021798
134974,17.6820398401401
134975,20.3178884012099
134976,15.0765385225281
134977,21.8245198026868
134978,15.4947849319339
134979,19.7402241537629
134980,17.1261624438086
134981,19.2361344958684
134982,14.5127925196396
134983,21.357068707937
134984,15.3705303546987
134985,19.6932319093328
134986,17.2761624423078
134987,19.2091953497734
134988,14.1625808044257
134989,21.2469499583877
134990,14.1243770914589
134991,19.6023234261084
134992,17.5204877896815
134993,19.6299294887165
134994,11.5157822551044
134995,21.4635621721794
134996,15.491989744279
134997,19.9055156259329
134998,17.8778042231399
134999,19.9287676399186
135000,15.2631232226605
135001,22.0046481863049
135002,18.7348040206925
135003,21.3178166957668
135004,19.7416549965702
135005,21.5132265256512
135006,16.9899326836662
135007,22.5330897544044
135008,15.9518840470451
135009,22.3736487703757
135010,21.0051945218101
135011,21.2910585878453
135012,16.8243551245033
135013,23.228402484888
135014,18.4637056789028
135015,22.101600773336
135016,20.775048975662
135017,20.792383361085
135018,17.2758753304995
135019,13.7045619674077
135020,13.7543088571244
135021,17.6428195104791
135022,17.4018009905253
135023,17.8974874163432
135024,13.6040990647791
135025,7.61079368746584
135026,11.1040669205958
135027,16.6309449085178
135028,17.2644792474475
135029,18.0946320466637
135030,10.6021683090191
135031,5.52220268949664
135032,12.0960454026397
135033,17.4297312118661
135034,17.9421572861208
135035,19.2294022519061
135036,11.5080736334076
135037,5.59317383684944
135038,14.3370788077705
135039,18.8016531278004
135040,18.9308750320666
135041,21.4691657907869
135042,13.5430908590432
135043,6.74723940514749
135044,16.8659585606472
135045,20.1484415869114
135046,20.0026217494435
135047,22.633658073641
135048,16.3437194270861
135049,8.03996724862446
135050,18.4184051774622
135051,21.8463722720456
135052,21.9250163082351
135053,24.0376191848659
135054,18.8148072686917
135055,7.84873594456965
135056,19.4152666244139
135057,22.4275825958009
135058,22.4093116982971
135059,25.3473721007109
135060,19.6659088893356
135061,7.20612706429974
135062,19.5464133706776
135063,22.3827051061522
135064,22.7351347273699
135065,24.2649258656309
135066,18.5095270745219
135067,6.56400688924887
135068,17.5378287240919
135069,22.4702806449061
135070,18.4894134617899
135071,23.6961226507575
135072,18.4756689564904
135073,9.79165701473597
135074,18.0870086284007
135075,23.2771491798863
135076,11.6793518437813
135077,23.2620280473042
135078,18.7898356453433
135079,16.0674217153714
135080,22.3666856894684
135081,26.5147377423755
135082,11.3886432571258
135083,24.109263292155
135084,23.1826996330806
135085,32.9230179451374
135086,32.0390305207245
135087,32.3742899006484
135088,17.0110325205928
135089,24.9472584181964
135090,33.5335811424019
135091,34.3216880351731
135092,23.7947919506878
135093,29.155400826595
135094,22.473749585283
135095,27.3862492496293
135096,23.3973649912608
135097,33.6929871778282
135098,18.7888133848581
135099,26.4819007075638
135100,23.2905244459273
135101,25.9842929493976
135102,19.3046280090226
135103,31.305246106868
135104,15.2371699203278
135105,23.9961265251921
135106,21.6948380585376
135107,23.0263366138466
135108,15.9917902568693
135109,25.6003844968478
135110,13.5744955376068
135111,22.7517592904191
135112,20.462530426423
135113,21.6330986387886
135114,14.4484833957536
135115,23.0730290720544
135116,10.9292989232104
135117,20.4474486248532
135118,18.8666300948064
135119,19.4658282866945
135120,11.5449906671937
135121,21.5618842106497
135122,9.94341233868584
135123,20.0371286276134
135124,18.2342429020016
135125,18.8357516414803
135126,10.3314162542
135127,21.6322440255307
135128,8.29667828981936
135129,19.8867505274347
135130,17.9367960826282
135131,18.2786786760168
135132,9.23646030242371
135133,21.6909048869422
135134,9.33079618556151
135135,19.8170448871501
135136,17.9779584774574
135137,18.3440415138374
135138,10.0968923641358
135139,22.2601303275094
135140,12.3199327933884
135141,19.9446254548737
135142,18.1958898820729
135143,18.5562217192954
135144,13.0124422979753
135145,22.9737112823393
135146,15.3050353491629
135147,20.5665466478211
135148,19.226214043176
135149,19.5707364948803
135150,15.4949090297619
135151,26.3286762521337
135152,20.3562482626599
135153,21.9764947579385
135154,22.1964669584789
135155,22.1959590723344
135156,19.3440711464153
135157,28.1059429353203
135158,20.497396863349
135159,22.0920183305662
135160,21.4485189609206
135161,21.9248858564912
135162,20.2547697062731
135163,18.4979190955904
135164,15.9436685877069
135165,19.0551911144771
135166,18.615079082792
135167,18.7704520404264
135168,15.5653381327897
135169,16.0311387112161
135170,14.2848243599185
135171,17.7392322408772
135172,17.6001004398074
135173,18.4318738462343
135174,14.2773631748487
135175,13.2356501059074
135176,14.2564965349383
135177,17.9095376123766
135178,18.2857590178479
135179,19.647639463737
135180,14.3980677172862
135181,9.77385064560981
135182,15.3568414964671
135183,19.1955523771422
135184,18.8549956008228
135185,21.8939441846724
135186,15.2358631948827
135187,10.4008716961056
135188,17.5845010958224
135189,21.0687162687385
135190,20.7157104541549
135191,23.4877687909406
135192,17.7742770288505
135193,12.4487560109452
135194,18.9234909848368
135195,23.5786618372381
135196,23.0223626436932
135197,26.4651410401298
135198,19.4777546136146
135199,12.0662875654575
135200,19.4556622206322
135201,23.1308071889409
135202,23.0768787532373
135203,26.573436152431
135204,19.5017085181665
135205,11.1130932998148
135206,19.0625946219296
135207,22.6225556933355
135208,24.0194269449025
135209,26.2462976974966
135210,19.3188321074268
135211,8.03002943887125
135212,21.207052541561
135213,21.7592626996029
135214,11.9390010879327
135215,25.983319989589
135216,20.5263037413458
135217,15.2247733438735
135218,22.8795132485042
135219,22.6176736316615
135220,19.576690299666
135221,24.1524500599794
135222,23.3602802983468
135223,22.4960507478727
135224,31.243667602325
135225,26.4477340978487
135226,22.789946529389
135227,27.9885573252206
135228,28.0245654548967
135229,38.789188788378
135230,40.9793724740995
135231,31.876642800244
135232,27.880708123098
135233,33.5332968949216
135234,43.7425013201557
135235,40.8837861058792
135236,28.4452086956803
135237,30.511742160189
135238,23.4176234092644
135239,30.2654459075732
135240,29.6138898314727
135241,39.8096495005369
135242,20.0770091186258
135243,27.933058242119
135244,21.2323604058088
135245,28.0052781169931
135246,20.9326022937261
135247,34.0278252322708
135248,16.9757480649885
135249,24.8745149419737
135250,20.1118033370596
135251,25.1687015766388
135252,17.6869844660792
135253,30.2418466426101
135254,14.2204219678723
135255,22.3171470815944
135256,19.9427249081847
135257,22.9482931393626
135258,15.1447780599372
135259,23.7379052868507
135260,22.2511036785852
135261,21.5423942989233
135262,20.000460398628
135263,21.5719039436654
135264,22.5954878536814
135265,23.1601953864096
135266,20.1890392800588
135267,20.9266358717398
135268,19.0357639536645
135269,19.5525893129733
135270,20.2132537651522
135271,22.4586755950346
135272,19.7649599190162
135273,20.959821276266
135274,19.1225375257683
135275,19.6348592362573
135276,20.0616628716598
135277,22.376724358849
135278,19.7480483971064
135279,20.824933424885
135280,19.1849246314771
135281,19.4064169694242
135282,19.7915508757369
135283,21.8266023461358
135284,20.083746575975
135285,20.9403235622455
135286,19.3176557374974
135287,19.3756042525953
135288,20.0779674811802
135289,22.1543323904763
135290,21.384694145127
135291,21.1301502908197
135292,19.4158890486121
135293,19.6674173098781
135294,21.8108701357993
135295,22.5870471295293
135296,21.9478687907122
135297,21.1235310365707
135298,20.4570414462626
135299,20.4884458151898
135300,22.7200370138706
135301,22.5902035620468
135302,22.3294508181034
135303,21.0084356987327
135304,20.1521795587283
135305,20.4389044603275
135306,22.8036616933887
135307,10.8111495782854
135308,15.415832997961
135309,18.3333784498389
135310,17.7878936042443
135311,18.2434363361754
135312,14.3711178894653
135313,7.89746245064575
135314,12.2310693471083
135315,17.3516633098162
135316,17.3487942178616
135317,18.1859609137267
135318,11.0345894882966
135319,7.37489147563512
135320,10.9565986355067
135321,17.960387078073
135322,18.0133741334154
135323,19.5104067726146
135324,9.54239600877082
135325,6.76753788557989
135326,10.1573805028679
135327,18.1594040171266
135328,18.4484653839787
135329,21.3075685608377
135330,8.04196530392304
135331,5.51239786067681
135332,11.9369169262767
135333,19.4734558563843
135334,19.8613141271746
135335,21.9615455543149
135336,10.1494752802469
135337,5.30575901012829
135338,16.2622450835907
135339,20.8165028096289
135340,21.5685644375121
135341,23.0925143115242
135342,15.7196282938202
135343,5.1999982781983
135344,18.3858240672069
135345,21.6354515221112
135346,22.8184227338691
135347,24.9741606084177
135348,18.8788385275982
135349,5.67360470650758
135350,18.434357446571
135351,18.9510054065519
135352,23.7893356641883
135353,25.2244604201028
135354,19.3033614520069
135355,5.74210626734212
135356,16.9803158442984
135357,20.5178874570009
135358,23.9261183279021
135359,25.177634085699
135360,18.3018047001508
135361,7.97744232800529
135362,16.698972512529
135363,20.9343258309212
135364,21.4693105039093
135365,24.2156053340488
135366,18.0362480942786
135367,14.191528610357
135368,21.1421526964992
135369,24.428605878186
135370,17.9780524031441
135371,22.9797378986238
135372,22.5190726994066
135373,26.9545510649956
135374,23.0962969299628
135375,29.2067686694412
135376,18.6213606856038
135377,26.3223364241147
135378,26.6090758591094
135379,27.4447864241232
135380,23.6103305118609
135381,28.7021401599376
135382,23.1305071855928
135383,26.4572861875863
135384,26.7424375035518
135385,27.7078055502657
135386,24.2406743423879
135387,26.0344241422582
135388,22.340529385055
135389,25.149271357434
135390,27.0285257780442
135391,26.6656942586748
135392,23.2974268177393
135393,23.8970400014535
135394,20.8879953431563
135395,23.8593176579328
135396,25.6392292301799
135397,24.2415421522963
135398,21.52731657629
135399,21.8677778708418
135400,20.2038903273038
135401,21.6768122173191
135402,22.9032350687039
135403,24.8291345351551
135404,17.4846180330553
135405,21.0852111736958
135406,19.7040500708262
135407,21.7698545874716
135408,17.5330922034792
135409,23.7683236630666
135410,18.3575303325691
135411,20.3603628370274
135412,18.9130326743752
135413,20.4116013697263
135414,17.9485177771744
135415,23.0063525187835
135416,15.8821714777892
135417,20.1518410859855
135418,18.6164905198066
135419,19.4170230857145
135420,14.5273094276093
135421,23.1663530874366
135422,17.8538202756642
135423,19.9747508289876
135424,18.6784587356626
135425,18.9783602148523
135426,17.4680583175006
135427,23.1139287490594
135428,15.7180787129882
135429,19.832205783289
135430,18.7178528958752
135431,18.9363910963579
135432,17.7648017800357
135433,22.3968199567603
135434,19.6803323553532
135435,20.0630427914358
135436,18.9662459216933
135437,19.4273349380908
135438,19.6081443522885
135439,22.8309962277422
135440,18.8223752482442
135441,20.6377410343746
135442,19.6222725881304
135443,19.8247380582429
135444,19.6446179065206
135445,24.0438352516183
135446,19.4896452051413
135447,20.4197548292477
135448,19.6364754695566
135449,19.708901292174
135450,20.1405472070196
135451,15.8709714879699
135452,18.0897348215127
135453,18.2755720713124
135454,17.764328955121
135455,17.9105434108382
135456,17.0899256794621
135457,12.6041492881568
135458,16.0123514159633
135459,17.0152861223157
135460,17.1044834991439
135461,17.0772583952705
135462,15.4533920647726
135463,8.9321307583105
135464,15.3280333163347
135465,17.4753238567893
135466,17.5482777307916
135467,18.7816985985783
135468,14.5967076001508
135469,7.43695104918331
135470,16.1867288414533
135471,18.0958310377794
135472,19.0043093561384
135473,20.8039320774066
135474,15.3706533972929
135475,8.36138228283188
135476,14.787540911392
135477,19.0601728366305
135478,19.8499490491078
135479,20.9972129377347
135480,14.6323623837296
135481,8.46093087456997
135482,15.7511585069274
135483,20.5696999715904
135484,20.9279160064966
135485,21.9674421674586
135486,15.3704829514132
135487,9.87112042507095
135488,15.467302456915
135489,21.4440129012588
135490,14.2703910300958
135491,22.7840158182096
135492,15.5778752795391
135493,12.0214298276769
135494,16.3404991875702
135495,20.390396474149
135496,19.4797636566444
135497,23.8348207118422
135498,16.2698769092497
135499,11.8646023739391
135500,17.2479307743525
135501,21.182371062123
135502,22.1864897968953
135503,25.9299612419296
135504,16.0298521712915
135505,16.7991522969738
135506,16.8726721231612
135507,21.4641831251622
135508,21.7524274687665
135509,26.1688518826513
135510,16.5300061124336
135511,22.0207123690445
135512,23.453096034511
135513,25.3552667822837
135514,25.0564294611055
135515,20.6840612682363
135516,22.2640585705494
135517,34.4176816626132
135518,27.326864016873
135519,29.3031691321563
135520,27.5139711941068
135521,31.1999458675472
135522,25.4261269562774
135523,34.1234131325115
135524,24.0340588439318
135525,27.4736616666296
135526,27.8578176809777
135527,27.5249973160973
135528,22.6777546130046
135529,32.8532048938609
135530,20.7245078202792
135531,25.2781100214589
135532,23.805616460255
135533,25.885236728159
135534,20.5384250329276
135535,28.4712194294034
135536,17.9671270212842
135537,23.1529985691712
135538,21.0726590960311
135539,22.9925739658821
135540,17.793770890025
135541,24.7563679345486
135542,17.0930727314657
135543,21.4793525112825
135544,20.0059666344345
135545,21.9871081324661
135546,16.7990714452492
135547,24.0306733416719
135548,15.6304760881397
135549,20.9417434151811
135550,19.421172844738
135551,21.4030744756427
135552,15.4334904161961
135553,23.2413960922146
135554,15.4205766818078
135555,20.6370080136121
135556,18.9467322291357
135557,19.6197022485684
135558,15.1288840761768
135559,23.1187436532236
135560,16.071071996917
135561,20.6480166405011
135562,18.9498207432991
135563,19.3897309324812
135564,17.04376331299
135565,22.7227872180744
135566,19.899147300558
135567,20.6127096177844
135568,18.8169615680526
135569,19.4215333997311
135570,18.9449683068822
135571,22.7178045648306
135572,22.4817246147258
135573,20.4612165589089
135574,18.8348023781978
135575,19.2452987301342
135576,20.6718543110718
135577,26.3221520216909
135578,22.0829837642535
135579,20.4272667448144
135580,18.9078138817584
135581,19.2797790779117
135582,22.4585474287354
135583,42.851727996151
135584,22.1294643811646
135585,20.306440025813
135586,19.1990593437108
135587,19.5103719913168
135588,22.6103855399848
135589,37.4071950326687
135590,20.7423620768898
135591,20.4723105910302
135592,19.1110419160853
135593,19.6101046787409
135594,19.4397654380447
135595,18.0267415019235
135596,19.2025627551478
135597,20.2263615433581
135598,17.9203398332902
135599,17.8914790010755
135600,18.0858082586014
135601,14.0268111661052
135602,18.4648733849054
135603,17.446307687658
135604,16.7435943661115
135605,16.8509946767382
135606,16.4972037110389
135607,8.20208931966715
135608,18.2593578727973
135609,17.9722739572142
135610,17.1145635974436
135611,17.742614913058
135612,16.5857822168077
135613,4.44761988611225
135614,19.5054728857933
135615,19.5783451764782
135616,18.7401357762033
135617,18.2416771604422
135618,18.0293862503396
135619,6.46952719508443
135620,21.0543973606901
135621,20.8982098449049
135622,20.114242430294
135623,19.7256336217281
135624,20.0907166671147
135625,10.1978525892237
135626,21.2838832541972
135627,21.6835854584517
135628,20.6819017993443
135629,21.4220075609526
135630,21.7816278577508
135631,16.6511349343847
135632,24.6832563766211
135633,22.829863118661
135634,21.8755291001332
135635,23.0659028539447
135636,23.8157330621692
135637,24.5256241038412
135638,30.4971816973268
135639,25.1420217010868
135640,23.9690841044851
135641,26.444984738749
135642,26.668925403955
135643,30.0289751480311
135644,37.6695010590155
135645,27.0230621298791
135646,25.9090636924744
135647,30.6422529696572
135648,27.340783399118
135649,37.3205147125667
135650,39.5567904256594
135651,28.3589095554826
135652,24.57383750661
135653,31.9297090724076
135654,24.3369954244858
135655,39.494341735207
135656,35.0921342305649
135657,30.9146618868138
135658,27.9277843130669
135659,33.0480470752391
135660,33.9293498579022
135661,43.3354200477418
135662,47.2654624269237
135663,33.0783767927289
135664,21.4245138631324
135665,31.9947250643003
135666,50.989940676931
135667,40.8534947917962
135668,43.2368910482643
135669,32.2551098686907
135670,24.2205692141739
135671,31.4610872888804
135672,42.4399301482482
135673,60.5780226773425
135674,32.0924296565519
135675,30.2798428961755
135676,22.7905934117582
135677,31.5710803461882
135678,32.5684336284094
135679,61.0177006277037
135680,28.0731176712482
135681,28.1176012557336
135682,24.1434276601684
135683,27.9649407400021
135684,28.6013555355148
135685,48.6641546396828
135686,27.1072018450732
135687,25.0583512357786
135688,21.4406574256487
135689,25.1320764277404
135690,25.0229355238159
135691,31.435659663055
135692,22.3852986862399
135693,23.0755459724422
135694,20.7918798949722
135695,24.0693158044144
135696,19.2133697797578
135697,26.9705086801104
135698,20.1687713655561
135699,22.2837894180862
135700,20.4858699455769
135701,22.6237881538213
135702,18.8679100524205
135703,27.2691929834547
135704,19.6520533001631
135705,21.8392224933958
135706,20.6086314133585
135707,21.8082873292837
135708,18.8397733128066
135709,28.3623798017726
135710,19.5197583964666
135711,22.0635567603455
135712,20.6631209861351
135713,21.7212968787883
135714,20.3661479437675
135715,38.7021098191041
135716,22.4895816404003
135717,22.1379691430283
135718,20.7838947986253
135719,21.6682485370994
135720,20.2929361948678
135721,32.5638183082433
135722,21.2570346814173
135723,22.8123307536315
135724,20.9703790454373
135725,21.9409688233049
135726,22.5550395680333
135727,30.7315515611829
135728,24.1305898710342
135729,23.4478231270323
135730,21.6573314044557
135731,23.2385293003222
135732,24.214899198044
135733,32.7931618038111
135734,25.2499995875685
135735,23.3589468374243
135736,21.8082327832033
135737,23.2256757091163
135738,24.2386118531133
135739,19.4699082596377
135740,22.6445333113082
135741,20.6376844379781
135742,20.0281736015343
135743,20.3868102835341
135744,20.7572427387844
135745,14.6995729113899
135746,19.9180050656771
135747,19.2289945444012
135748,18.8967340575576
135749,19.1097078623473
135750,17.7267112658958
135751,11.7599890255862
135752,20.7591135835368
135753,19.8479270846012
135754,19.3901415023391
135755,20.1523820854099
135756,19.157100784115
135757,9.90033030978564
135758,21.6386445982105
135759,21.1170297851309
135760,19.9432743270959
135761,22.0766777943651
135762,20.4781047521102
135763,10.0867095861429
135764,22.1160519315433
135765,22.6369180773568
135766,21.7810067821041
135767,23.70210353331
135768,21.6577714612284
135769,13.3253311213858
135770,26.0800042093131
135771,25.1150567515927
135772,24.0227672261098
135773,26.4563582455016
135774,25.6718162970389
135775,18.5293964902965
135776,28.999618984989
135777,26.4741728669569
135778,25.9804236710811
135779,29.0653464613934
135780,28.081370385384
135781,21.6810284076503
135782,31.2164403820299
135783,28.1664874406317
135784,28.8090542786046
135785,30.8818963591519
135786,30.0544875353103
135787,22.5230544567423
135788,36.8324206196504
135789,28.4529303148326
135790,28.0865892437073
135791,30.5283137619982
135792,35.1372678918722
135793,26.4513685873204
135794,37.5662509979852
135795,27.588093319083
135796,26.8757530018902
135797,30.7839754014871
135798,36.3158624014499
135799,33.0187820275268
135800,45.4806478463143
135801,30.6256489174009
135802,23.3203579283463
135803,32.9001567782721
135804,39.7975037970385
135805,44.5733960084224
135806,48.4659286879068
135807,33.6845294342774
135808,25.7843887406285
135809,34.7438409688599
135810,46.969487567475
135811,46.4934393696886
135812,36.2030077798198
135813,31.8715020893926
135814,30.1351248392446
135815,33.1314080908206
135816,36.123743386224
135817,39.6684414084813
135818,23.6199403129259
135819,29.3274272804879
135820,26.9011531507171
135821,33.4399785365314
135822,23.3539710680951
135823,34.9077655247365
135824,18.8087586928133
135825,26.9732864806905
135826,24.8739257735586
135827,28.9061456712328
135828,19.0560576540581
135829,33.0961326130572
135830,16.8973416508344
135831,24.4843382696655
135832,22.3429230352495
135833,25.1663539255615
135834,17.657584786761
135835,29.1181435603919
135836,15.2858534332639
135837,22.5902563783298
135838,21.0119081185899
135839,22.7466099782794
135840,15.4247427571898
135841,26.8372897255031
135842,14.3641874796867
135843,21.5649136933927
135844,20.6197536096719
135845,21.5554713400783
135846,14.7876248988455
135847,31.7039245774227
135848,15.1906044067722
135849,21.2077473769769
135850,20.3599038092935
135851,21.033245140021
135852,15.5039968273813
135853,28.1886598521837
135854,15.4796912972282
135855,21.1287087489567
135856,20.3652951163221
135857,20.5529266500159
135858,16.7458610230435
135859,28.1688247483453
135860,16.6246374843546
135861,21.2461799372515
135862,20.6969506824928
135863,20.7563772640453
135864,16.1777717486456
135865,32.540384272234
135866,17.4078408246899
135867,21.9167034492865
135868,21.1449456511321
135869,21.7205128817492
135870,17.9612846050989
135871,36.2220832074401
135872,21.6761030851792
135873,23.1831680753938
135874,21.7498244283034
135875,23.2637608435841
135876,22.1942392871682
135877,36.7815859000905
135878,24.15396025343
135879,23.3512292917797
135880,21.8545731202579
135881,23.5697251475334
135882,23.2338471186805
135883,24.6580872276656
135884,20.6068465812054
135885,20.3897813423106
135886,19.4971878010751
135887,19.9011886376207
135888,19.9540301026938
135889,21.5914462085531
135890,16.7654158419358
135891,18.2243835813286
135892,17.8475003009914
135893,18.5689820713792
135894,16.6515911841517
135895,19.9096950757609
135896,16.5397528473832
135897,18.552212329679
135898,18.2725699897798
135899,20.3105169382787
135900,15.6307717635422
135901,21.0086093585582
135902,18.1264145699395
135903,20.2167106644603
135904,20.0166674138004
135905,22.0249012009815
135906,18.8873968029605
135907,20.2938264019116
135908,20.6680507111607
135909,22.3429023843054
135910,22.1242522033152
135911,23.9439672126267
135912,20.6938376624761
135913,23.931154357987
135914,25.7095561126238
135915,24.4689546226089
135916,23.9201358706439
135917,27.5382804445904
135918,25.9652731937344
135919,27.1758055833867
135920,27.3535083204355
135921,25.7814809883623
135922,25.7287972472869
135923,29.4073704484144
135924,27.4832925605972
135925,29.3519325380028
135926,29.1249492134451
135927,27.4336397578674
135928,27.1457041471552
135929,29.8337733198892
135930,28.4985218604122
135931,29.7320029006261
135932,34.4823614630567
135933,27.5223775632752
135934,27.3882554608236
135935,32.1409841327805
135936,32.0467210494521
135937,33.0803651574318
135938,34.7019418831762
135939,26.2145752820997
135940,28.6830422301256
135941,34.9647391122647
135942,36.0978812036879
135943,45.125803648423
135944,46.3290816418226
135945,31.9148422411889
135946,33.9753061561694
135947,43.4873204364389
135948,50.1005720295997
135949,69.7375270140394
135950,66.6549606251963
135951,38.4091142907217
135952,43.8876498972894
135953,57.9753446968235
135954,82.0869565796705
135955,61.9749068334945
135956,40.9059140736031
135957,35.9638325564956
135958,34.6236352538399
135959,47.5853845300404
135960,44.7958507752311
135961,50.747927689036
135962,27.4943453661674
135963,31.4465077121553
135964,24.2278170238914
135965,34.2699689513073
135966,30.2640179087719
135967,44.1112895793499
135968,21.6189207578754
135969,28.080487607981
135970,24.219549928654
135971,30.1766522489436
135972,21.3588810169627
135973,41.5997401945307
135974,21.2908355187491
135975,26.588395303817
135976,24.5954325438632
135977,28.0815310790713
135978,21.9392847168124
135979,37.2146329968072
135980,17.6962672425941
135981,23.3790996111309
135982,21.5174213435596
135983,23.6525638401696
135984,16.9586762075319
135985,32.777948314568
135986,15.6511933504843
135987,21.6183196686086
135988,20.6257341171782
135989,21.5432104892236
135990,15.4511248306224
135991,33.007562110539
135992,15.6306465218425
135993,21.1783888672756
135994,20.2718900026926
135995,21.2627873937979
135996,15.3639390418143
135997,32.4140431417989
135998,15.7175978162765
135999,21.0644042798948
136000,20.0079420633869
136001,20.7334792037542
136002,15.4046925849288
136003,30.245917500085
136004,15.6724177688855
136005,20.8456767670169
136006,19.6058260334123
136007,19.987132509642
136008,15.0944421786954
136009,34.8328348976583
136010,17.3592635226689
136011,21.7423696233375
136012,20.7163078775231
136013,20.8400788854481
136014,18.8115628572716
136015,40.0872216617531
136016,22.0131465019257
136017,23.0264513181053
136018,21.5321011812393
136019,22.3237104631138
136020,22.0378830196772
136021,44.3761288823569
136022,23.3299376047846
136023,23.1528761585129
136024,21.5179869431374
136025,22.8316930386164
136026,22.9638121505609
136027,26.398290105623
136028,20.1464019297542
136029,20.6873745992987
136030,19.6746370819968
136031,20.0872800233728
136032,20.8865216760531
136033,22.259455366517
136034,20.9392250046535
136035,19.4569297099654
136036,19.0342062525444
136037,19.3494706870157
136038,20.362337045727
136039,23.7999773730433
136040,19.5981321008722
136041,20.2415388707994
136042,19.3986677635375
136043,20.6710511786091
136044,19.5296221937731
136045,18.5421778145168
136046,15.8644960414905
136047,20.6424298019464
136048,19.5636766992616
136049,21.7841076951958
136050,18.6137258838564
136051,18.8821484396205
136052,17.5628512880127
136053,22.5207668989058
136054,21.0050803906413
136055,23.2791712294956
136056,17.8343543420923
136057,18.3779661146986
136058,21.5031662700003
136059,24.7966922644081
136060,22.3211975030128
136061,25.9223208970461
136062,21.9953075556127
136063,21.5522792368335
136064,25.7554739485316
136065,26.0389461547966
136066,23.9957853554124
136067,26.0338460800765
136068,25.2702923583822
136069,25.3898329776598
136070,31.1971848524894
136071,27.8102748595974
136072,23.9567078515601
136073,29.8721390440795
136074,28.8326728387612
136075,24.1717480196992
136076,35.4182363016495
136077,28.8585110335108
136078,27.7411218059313
136079,33.1836752444877
136080,36.2124177998485
136081,27.9750113739059
136082,38.222055184931
136083,30.6555726791627
136084,28.3182870729395
136085,32.9684299882206
136086,33.9514684661045
136087,35.9917997831166
136088,45.440720342896
136089,31.4256831170873
136090,30.8192805509087
136091,42.2492159535618
136092,45.0529216173989
136093,56.6961207205597
136094,68.3872198355376
136095,35.7539263086672
136096,26.4930331542711
136097,51.3878210292532
136098,70.0719759696716
136099,53.0771556606383
136100,36.4294959710352
136101,34.630994775787
136102,22.5053332829766
136103,40.6935124030329
136104,37.2057235998981
136105,42.4829358001149
136106,25.7291211992732
136107,30.74444957426
136108,26.6522191986301
136109,32.6504023797907
136110,27.3593048154381
136111,38.726729689357
136112,24.8556791801666
136113,26.8862011603921
136114,25.1701645517981
136115,28.2270558206278
136116,21.6607653881232
136117,37.0537581101968
136118,23.2467705931824
136119,24.317980537483
136120,21.9863517173804
136121,24.3045231582189
136122,21.2777986147357
136123,29.6314199885705
136124,15.0815001462156
136125,22.0670294062548
136126,20.2150109178735
136127,21.2466343190507
136128,15.1936736508403
136129,29.6134648882776
136130,16.651633455351
136131,21.1151085227158
136132,19.8603124682238
136133,20.2459784250295
136134,17.3466710004587
136135,30.3411542455598
136136,20.1612571921768
136137,20.829219009537
136138,19.7010802417596
136139,20.0340028536865
136140,20.6495485354466
136141,29.4081976321024
136142,17.5073283822572
136143,20.5315671323611
136144,19.3623892592225
136145,19.469349543386
136146,17.869524578742
136147,28.307215494484
136148,18.3146975460047
136149,20.5462157562331
136150,19.4395066198357
136151,19.4340017449095
136152,18.0720517834629
136153,26.6617879200983
136154,22.3752579802633
136155,20.9420153087753
136156,20.0855927232994
136157,20.0120538512371
136158,20.8234916403662
136159,31.3738657419054
136160,26.645403283706
136161,22.3372600675588
136162,20.8978981155041
136163,20.993939497908
136164,24.3138499545861
136165,37.7230481300514
136166,26.4927156584067
136167,23.3578011463836
136168,21.4350095814482
136169,22.8053053014513
136170,26.3629100328707
136171,23.7790500277714
136172,22.5589090045505
136173,21.4392850663279
136174,20.2854907219744
136175,20.4438856560558
136176,22.3743051099475
136177,20.7062271976441
136178,21.4213592821035
136179,20.4215462393656
136180,19.4584016648038
136181,19.912469627277
136182,20.8797445545799
136183,16.556378245384
136184,22.3607385763738
136185,20.3293692494579
136186,19.7300191034677
136187,20.4854516754112
136188,21.0012996922877
136189,14.8274110712191
136190,22.0500466670591
136191,21.1526039670418
136192,19.7851563570494
136193,21.2891544313015
136194,21.5501256924189
136195,13.1498660382522
136196,23.2334427950306
136197,22.8256768894822
136198,21.1211004989402
136199,22.2424249547862
136200,23.4833731848621
136201,14.8709744705562
136202,28.3544238813152
136203,25.428848015726
136204,22.5306474367267
136205,25.1181811336221
136206,27.2484386870469
136207,17.8065198163802
136208,28.1384029027825
136209,26.2351201511088
136210,24.3211105097593
136211,26.0193553231369
136212,27.5696571113385
136213,21.8747362263696
136214,31.5806345977931
136215,28.0078219337796
136216,25.5468593151969
136217,29.8860702711588
136218,31.1938767417534
136219,22.271739233375
136220,38.8695002600589
136221,29.0188620475981
136222,25.433398789439
136223,33.1425917775416
136224,36.8994078737708
136225,29.1093331327767
136226,50.8635159605448
136227,30.4560575295314
136228,26.9286694379054
136229,34.9314440963758
136230,44.3511955860414
136231,38.7085357291069
136232,60.8616586330569
136233,33.1656145190978
136234,27.8114155945996
136235,45.2844376331536
136236,56.2019253798204
136237,62.4755249954151
136238,90.1554255912461
136239,41.3318424829121
136240,46.5840588775991
136241,49.7737714455917
136242,88.474115701727
136243,64.2195441748017
136244,49.9878213125287
136245,37.2539806376842
136246,34.9745581321845
136247,42.9819103715526
136248,40.8245956993971
136249,51.0402834942846
136250,33.8660175478888
136251,31.9746392448868
136252,28.8402608074854
136253,33.5940477172513
136254,30.7011511371878
136255,47.7960939114563
136256,25.9314086248089
136257,28.4912595343145
136258,25.7921866628122
136259,29.9363673852078
136260,28.1702604141018
136261,44.9280106529828
136262,30.4156905560746
136263,27.0931649886643
136264,24.8978409293977
136265,28.2264609209283
136266,22.9573985713568
136267,41.469694817114
136268,27.9318155588743
136269,25.2269114150447
136270,22.329879924847
136271,25.5910629270428
136272,23.9610702560404
136273,42.7021494083071
136274,23.8275711748306
136275,23.8545825006872
136276,21.3363012867714
136277,23.9178754043913
136278,23.3014644977401
136279,43.7125104415238
136280,27.2005312851453
136281,23.6795107820015
136282,21.3358373110386
136283,23.3849730300972
136284,25.3805892956915
136285,42.4990736607913
136286,25.7126430462471
136287,23.7722479827371
136288,21.4265738243157
136289,22.8783720699418
136290,23.584750540925
136291,43.5449979174735
136292,24.6767727491222
136293,23.7660917882856
136294,21.4457049722873
136295,22.8188583651671
136296,24.8905782249727
136297,47.7256859973368
136298,27.8147954498726
136299,23.8773786991531
136300,21.6007574686684
136301,23.2515858461636
136302,26.5489227119226
136303,47.4604059074235
136304,27.6845037710812
136305,24.6072041543275
136306,22.2069324834224
136307,24.2283220694094
136308,28.7997595867831
136309,44.698249510069
136310,26.5999880020233
136311,24.5244913013304
136312,22.5932190188923
136313,24.5716341910314
136314,29.0249268154447
136315,27.4796021838763
136316,23.5924435774684
136317,21.2697587941548
136318,20.6962043564561
136319,20.6075204210349
136320,22.5840033494673
136321,23.4310059754924
136322,22.9981568881953
136323,19.4438719378765
136324,19.3101509591679
136325,19.142537475748
136326,21.7821975979788
136327,21.3262375134737
136328,22.9085004224107
136329,19.5080812410056
136330,19.4031945718891
136331,20.0849619394033
136332,21.1590570208547
136333,18.1495344894484
136334,23.7820154885167
136335,21.0045256766832
136336,20.270675486898
136337,22.1197026945219
136338,22.7284654507956
136339,17.2089516303867
136340,24.3964738989803
136341,22.8697924535517
136342,21.3824657461401
136343,23.944208054997
136344,23.966061388207
136345,21.6699373137484
136346,27.4560448560933
136347,25.2917304623702
136348,23.2471801954481
136349,26.3009669247924
136350,26.9960472777707
136351,24.7445513681311
136352,28.8907209871597
136353,26.4110992755116
136354,25.8711232762042
136355,28.7480757909105
136356,27.7832170614388
136357,26.4872040181436
136358,29.8963517757127
136359,27.1326956651289
136360,27.6823739210379
136361,30.0026941168463
136362,30.173911612978
136363,27.5639627277034
136364,33.9646044621019
136365,29.1694877792964
136366,27.9756312028293
136367,30.9511491342709
136368,34.7245625838499
136369,30.4506936086804
136370,36.2614305351336
136371,30.5166883752251
136372,28.6741319210754
136373,30.307674821732
136374,31.9342185921052
136375,42.9890271176354
136376,44.1707522314158
136377,34.020179963755
136378,33.2212712556356
136379,41.9309888354278
136380,43.0684641871474
136381,59.5604217350256
136382,45.7036635521932
136383,36.7315650816492
136384,28.331381110728
136385,43.6283096365932
136386,51.0053467443409
136387,52.8884498670016
136388,32.5718650177277
136389,31.9011352695278
136390,26.5338172696088
136391,33.49146013478
136392,30.6435409079738
136393,43.3101847959793
136394,22.7236568197338
136395,28.2951979982884
136396,23.1859990590858
136397,28.848115295747
136398,21.9530205144859
136399,39.3421276035197
136400,18.6939871468646
136401,25.7317068907317
136402,21.7400781074843
136403,24.9577155800109
136404,20.1381503371125
136405,35.4438055951802
136406,17.0682347074881
136407,23.369771980301
136408,21.1045050449336
136409,23.3345589776392
136410,16.5687589330029
136411,27.885960828229
136412,16.112053823099
136413,22.2072129883505
136414,20.4249038329718
136415,21.8650498050626
136416,16.6578063935949
136417,30.6382978077337
136418,13.8929510519957
136419,21.0822798052494
136420,19.7880978268124
136421,20.9528668726832
136422,14.7646793129621
136423,29.6402558861647
136424,15.2157592218697
136425,20.7517695598847
136426,19.3234990592417
136427,20.081811441887
136428,15.634092653728
136429,25.0914695623598
136430,15.3551033717364
136431,20.3579559838219
136432,19.3876158963003
136433,19.5537977681953
136434,14.3738523881998
136435,27.5732618708912
136436,15.9983223226038
136437,20.3428566146547
136438,19.4052220574665
136439,19.4257503316292
136440,16.135050341011
136441,25.8353804958354
136442,16.5145446278625
136443,20.3633550311844
136444,19.5040309742007
136445,19.6014803687391
136446,16.3967971987374
136447,31.3435069362292
136448,18.4120468811162
136449,21.1353665346001
136450,20.2441708641447
136451,20.6319468550368
136452,18.1983381441891
136453,35.3477116656929
136454,18.88673661014
136455,21.673919178941
136456,20.6035859303068
136457,21.2294453423576
136458,17.691663414169
136459,21.747786202524
136460,17.0731170747277
136461,19.5474650131206
136462,19.2156186081083
136463,19.103931094374
136464,16.3837958288906
136465,20.5746652196532
136466,17.4113466120959
136467,18.2496366062828
136468,17.9891002978143
136469,18.7975634574742
136470,18.4950946506511
136471,19.2488460342578
136472,18.7507900748679
136473,18.6035086866706
136474,18.2761808555095
136475,19.4174370132748
136476,18.6177703336933
136477,17.3718857371102
136478,16.0326219823216
136479,19.7501570798163
136480,19.1397331332131
136481,21.0499667832962
136482,16.6041546194676
136483,16.7735487548775
136484,15.5870379861742
136485,21.2132720552944
136486,20.2948820521933
136487,22.1439987615553
136488,19.0819399250194
136489,18.2652498984836
136490,19.5429367377041
136491,22.9149906011275
136492,22.1673162400215
136493,24.0704984106639
136494,19.9074858852374
136495,19.93172153985
136496,20.0898346168749
136497,24.7896368304797
136498,23.279283986485
136499,25.7734530632578
136500,19.8252411414702
136501,25.2324289641269
136502,23.045454157145
136503,26.2329122222566
136504,24.7613604671618
136505,27.6218095446558
136506,22.7025288952961
136507,27.8822622698321
136508,25.3753662698768
136509,26.6045007899168
136510,24.9213569961294
136511,28.5950218542707
136512,20.9471271814218
136513,33.3923127087614
136514,25.5453148868
136515,29.8311305316727
136516,26.6306354688212
136517,30.0501545456487
136518,23.7689300264238
136519,41.881631876619
136520,38.3271695450384
136521,27.9326409305717
136522,29.6771245435709
136523,35.8867864135017
136524,28.2463714729855
136525,51.3373265220642
136526,41.339448435407
136527,29.8391582378057
136528,28.1864492335947
136529,39.6386593009314
136530,40.7010356862977
136531,42.7091452642196
136532,29.1635129410776
136533,30.0848517013476
136534,25.174827338263
136535,30.1485892493871
136536,26.0597434203959
136537,39.8105797223087
136538,22.159629268964
136539,27.6421530382336
136540,22.5231296263022
136541,26.2024023408236
136542,20.4241304944619
136543,32.2454587684942
136544,19.3331659239213
136545,24.8548863478895
136546,20.6980687907073
136547,24.2393314447984
136548,20.078158616091
136549,25.2672936667688
136550,14.2132807994412
136551,22.1047623456108
136552,19.3272771559623
136553,22.7587999780768
136554,14.8066477026025
136555,23.5705553633276
136556,14.777431219616
136557,21.2918773121348
136558,20.0512754826709
136559,21.7832598649431
136560,13.4376265097219
136561,23.0738152127662
136562,14.5521263723904
136563,20.7702433870861
136564,19.055382536228
136565,20.2857835291352
136566,15.7054446948733
136567,22.7406078371126
136568,16.3481219920505
136569,20.6767758130901
136570,19.0742318087429
136571,19.6985230330689
136572,14.4133432612355
136573,22.8309827153908
136574,16.653791234165
136575,20.3959371322274
136576,19.0753760635466
136577,19.5602284825822
136578,18.5277767909861
136579,23.0129677157277
136580,17.8398175647104
136581,20.3279620216455
136582,18.9809641176072
136583,19.4543571283771
136584,18.6863660468725
136585,22.3810804860392
136586,19.2211287879321
136587,20.3632375397089
136588,19.2005955587659
136589,19.5940445469527
136590,19.7166719910518
136591,23.5490897315167
136592,18.134656191591
136593,20.4560801925149
136594,19.6822699062724
136595,20.0339603269057
136596,24.5496157179628
136597,24.155032152429
136598,16.88352660554
136599,20.3728218911693
136600,19.6818465388716
136601,19.7667833312014
136602,19.8039597278181
136603,15.3207671602566
136604,12.1736798229638
136605,19.2715506749175
136606,17.8779008744114
136607,18.2082752558714
136608,17.911215498997
136609,13.8726200607469
136610,16.518339030474
136611,17.4636406850243
136612,17.146938630478
136613,17.4333741479693
136614,17.881362535824
136615,10.9069239902221
136616,17.6454195342132
136617,17.9557507404332
136618,17.643654789216
136619,18.6683613887656
136620,17.6469237917917
136621,12.7442458956399
136622,14.4321200156251
136623,18.9473272628413
136624,18.8300978396885
136625,19.718099782188
136626,17.964219962918
136627,16.2356263251061
136628,15.0891450528439
136629,20.3102057915121
136630,20.7369727868118
136631,21.710290385556
136632,16.003073837267
136633,20.4167584052264
136634,19.4544966712676
136635,22.879112749358
136636,22.6176035801191
136637,24.622475271942
136638,18.2772042960871
136639,25.7691555557966
136640,19.9969770090274
136641,24.8102126089009
136642,23.6816816760444
136643,26.109909483496
136644,21.3856661765217
136645,28.644884756492
136646,23.5385141066285
136647,26.1456079143515
136648,25.2181883310365
136649,27.9429876453262
136650,23.4328436713128
136651,31.3558916771515
136652,28.398106599156
136653,27.5230635550827
136654,25.2073294874118
136655,30.0000508075327
136656,26.3723548581499
136657,39.2085116523605
136658,34.4338443156835
136659,31.5435889082105
136660,25.9652519476012
136661,32.6346347202207
136662,31.6887319048976
136663,39.9545460976162
136664,44.9695951028635
136665,37.1562463626077
136666,28.6536233744681
136667,44.6685345173553
136668,39.6721899020053
136669,43.638947881081
136670,44.439533974134
136671,33.3991472053047
136672,29.5583051111713
136673,43.9979429918135
136674,37.1978498001917
136675,38.0976884139594
136676,28.843054738484
136677,30.2464197434615
136678,20.4902965827808
136679,29.992735809367
136680,26.5749324665763
136681,34.0284832212229
136682,24.0969012979284
136683,27.4549077845709
136684,21.5226181922654
136685,26.1317101015087
136686,25.8274028486229
136687,29.4143237382147
136688,21.4555042053281
136689,24.4946772754583
136690,20.2565556258768
136691,23.6370203882795
136692,21.3781809188452
136693,25.382460753129
136694,19.0548483074049
136695,21.972019963918
136696,19.3549607123271
136697,22.0091833837593
136698,18.5354025190508
136699,23.5224240851938
136700,23.0667315304976
136701,21.1949793246985
136702,19.5540277167301
136703,21.5396806257451
136704,22.8591661734837
136705,23.1085808596203
136706,19.132913107057
136707,20.6063249931378
136708,18.9348664333823
136709,20.2461068258968
136710,18.3938787945124
136711,22.5927867351095
136712,17.2994890494557
136713,20.5294140282675
136714,18.8936711600489
136715,19.6085811022314
136716,15.173939203712
136717,22.1297103551622
136718,17.1265259215917
136719,20.3401666406691
136720,18.8212418769823
136721,19.6377784248236
136722,15.1741185686641
136723,22.6340772239527
136724,17.3149983874803
136725,20.5034564782591
136726,19.0676126254257
136727,19.735692220765
136728,14.8666778320119
136729,23.1293183053348
136730,17.4657916355714
136731,20.7021913659388
136732,19.3838069825437
136733,20.1545186070503
136734,15.6104533469137
136735,24.0895445752007
136736,17.91714735357
136737,21.3946010751305
136738,20.3030800097802
136739,21.5211299359644
136740,17.4008604753917
136741,24.5254831794014
136742,19.8168891638734
136743,21.6680166911377
136744,20.2301883812873
136745,21.4965725822974
136746,17.9416070350131
136747,16.5513185484033
136748,18.902507317886
136749,20.6600545466796
136750,19.6668362629942
136751,20.4900248808015
136752,16.6161246313966
136753,15.1220308522853
136754,19.7773856258422
136755,19.577287100655
136756,19.0077041206482
136757,19.3688422619383
136758,17.9114296898914
136759,13.2954114757986
136760,21.4254837196104
136761,20.1869428284695
136762,19.2479120287255
136763,20.2677737397185
136764,18.6689212407807
136765,16.7370458243961
136766,23.012280745271
136767,21.927640976799
136768,20.835190375075
136769,23.3790792301428
136770,21.7330136209242
136771,21.4961252500831
136772,25.4921800224784
136773,24.698497657265
136774,22.7500424745301
136775,27.202333838769
136776,25.9042126657395
136777,24.5331090286442
136778,30.4788978951236
136779,27.2739780708421
136780,25.0207579521565
136781,28.8214227929978
136782,31.2374484218317
136783,28.9366055865993
136784,32.0390461424834
136785,30.5501892539341
136786,25.6098280185001
136787,31.3393803130185
136788,33.226851225331
136789,33.1695518590562
136790,32.5447289008412
136791,31.2151569152994
136792,25.7275365853204
136793,31.6285283287979
136794,32.6644903648852
136795,35.3558380404865
136796,33.5977112275757
136797,30.477730913523
136798,25.9886294602389
136799,32.1418068458458
136800,34.8015089524307
136801,41.7891864577799
136802,35.1054003907043
136803,30.7775378997574
136804,26.4632149771072
136805,32.5166441560379
136806,37.9148265664554
136807,58.7200460130041
136808,65.9204565933003
136809,36.3136457147775
136810,28.9841730136773
136811,47.8284682412886
136812,75.752147111772
136813,61.7700212322021
136814,60.7556733761286
136815,36.7964516359911
136816,30.1286589891168
136817,44.5617271236098
136818,68.2260584934992
136819,44.0954052577223
136820,28.7346469511582
136821,31.4139088947326
136822,29.2708729350822
136823,31.9287980883635
136824,27.301162721584
136825,34.907028913227
136826,19.6066722094378
136827,27.1241880358752
136828,18.756692377744
136829,21.7251157872914
136830,19.6677068791303
136831,30.1776709751225
136832,15.9174278890726
136833,24.2180774544542
136834,13.1361166081205
136835,20.9777194490703
136836,15.7231359894982
136837,24.831327389564
136838,15.0602111719611
136839,21.7007848528353
136840,14.968374931802
136841,20.1610295097759
136842,13.3794665306141
136843,23.1978297656439
136844,10.5856621354708
136845,20.8242031853725
136846,16.6270560400578
136847,18.8971697119726
136848,10.8340430464269
136849,21.9783211393552
136850,6.43276755642105
136851,20.2692960269393
136852,17.6089902267908
136853,18.1121938783444
136854,7.87473540490671
136855,21.3320528818721
136856,10.1195166148265
136857,19.9510959156601
136858,17.3470289301496
136859,17.7927891937673
136860,12.5656610955159
136861,21.1527537411063
136862,13.5308726968508
136863,19.8602752079182
136864,17.3491342039204
136865,17.8669802233577
136866,16.2785548341744
136867,21.1448818846511
136868,12.4106681921945
136869,19.7960133701818
136870,17.5133835016484
136871,18.2283158409952
136872,14.0949054699246
136873,21.5942982038963
136874,11.7494637949927
136875,20.2998352674156
136876,18.7666809048106
136877,19.195129485959
136878,15.3268583702825
136879,22.2499074888462
136880,15.438097608168
136881,20.6262254861619
136882,19.5429231536549
136883,20.3565561321912
136884,15.3143817782221
136885,22.5961394199116
136886,15.2295916469079
136887,21.1280249711129
136888,20.2313998762641
136889,21.2477052194044
136890,17.2067500220048
136891,13.7650671737685
136892,13.1918168855481
136893,19.4859533211181
136894,18.1709981413127
136895,19.2958301813964
136896,14.7249719921229
136897,11.3107584508644
136898,12.2186569435872
136899,17.6231613792488
136900,15.7392089235823
136901,16.2356218126083
136902,17.1869981303963
136903,7.58319707298781
136904,14.2682248568096
136905,17.1077360713145
136906,11.6969964475078
136907,15.7517283214755
136908,14.2140031593059
136909,7.0093120847719
136910,17.3554962228268
136911,19.0173302448328
136912,10.6303329847902
136913,18.6184523688371
136914,16.7676435565633
136915,12.7809558527234
136916,20.1147151458658
136917,21.7080788655481
136918,17.7938261673005
136919,23.4610813920762
136920,20.341056275716
136921,22.0587739571854
136922,23.4522830232312
136923,24.9912649486617
136924,22.7235854597978
136925,27.0444189334307
136926,23.4158833868777
136927,30.6372898368746
136928,28.2400554804443
136929,27.048645134327
136930,22.5882073805048
136931,29.3975300815048
136932,27.2377679288582
136933,34.5361450128881
136934,32.1830739669513
136935,30.0100687459189
136936,22.6776147461992
136937,31.7935523179054
136938,31.3441158729747
136939,39.930296519546
136940,38.8877851704814
136941,30.5154421822813
136942,22.0853318157015
136943,33.1108906593729
136944,35.5616411230692
136945,47.3113689669493
136946,39.8425454774581
136947,31.3272829766638
136948,23.6567645806475
136949,37.2852553249567
136950,42.152160627196
136951,65.8198296284128
136952,88.3572070153176
136953,36.8211054510879
136954,24.2015758736986
136955,47.7361845042266
136956,95.6241060095465
136957,132.485219818785
136958,220.916797612677
136959,35.6686660347418
136960,28.9998106765865
136961,71.51782396355
136962,232.718764704025
136963,57.151132488608
136964,46.3600687277529
136965,33.0409666515226
136966,23.0071821067189
136967,35.5471699690921
136968,46.1222308890986
136969,59.2286549112966
136970,28.1356302406361
136971,31.0458068466036
136972,19.7844591848207
136973,29.149268568541
136974,26.2381647851325
136975,51.7076539287316
136976,24.5557555468443
136977,28.6783901679652
136978,16.5627757431788
136979,26.9025338370179
136980,22.8126537357985
136981,39.0806863495799
136982,24.7098382265891
136983,26.6743005257359
136984,16.2585734036126
136985,24.066597184327
136986,28.282789588724
136987,34.9156639195936
136988,23.0681355311351
136989,24.1590294741757
136990,15.007554854692
136991,21.9970310476451
136992,22.2171097752322
136993,30.882383874596
136994,22.2718864913481
136995,22.795641576565
136996,17.9580793661641
136997,22.4054578847643
136998,18.7637883464661
136999,28.0418212718441
137000,19.2965707595243
137001,22.0623617077596
137002,19.5201765242081
137003,21.9481197238121
137004,17.5618706720629
137005,31.7496791061825
137006,21.5775471566848
137007,21.8634314922212
137008,19.8206635153099
137009,21.8315236949501
137010,20.085968356805
137011,40.0337194927148
137012,18.9200927603567
137013,21.9766222642274
137014,20.1007405773931
137015,22.1516715816507
137016,22.4789915990095
137017,34.24780308823
137018,27.0723895772208
137019,22.2894619214746
137020,20.3646975660826
137021,22.2108668436442
137022,26.3731803213689
137023,33.901051116635
137024,31.3817859870012
137025,23.6146433931204
137026,20.9875377638362
137027,23.4510833176988
137028,27.0108844356115
137029,35.408305845911
137030,28.9330615588992
137031,23.8318950894453
137032,20.9001590053459
137033,23.945222682488
137034,27.1417814272654
137035,28.6785544586664
137036,24.2924053216207
137037,22.5834163245611
137038,20.3214590824603
137039,22.1961806918625
137040,24.3722040974388
137041,21.9825862164089
137042,21.6406886624092
137043,21.1938813031686
137044,19.8155306973282
137045,20.8686974402758
137046,22.8755212997519
137047,24.7140576540412
137048,21.2350960349382
137049,21.9548761168731
137050,18.9990922598212
137051,18.8825225011258
137052,19.9945480448881
137053,22.0420030789767
137054,23.0454516503961
137055,23.4228205905154
137056,19.3156153628385
137057,22.6565276204561
137058,21.7972288426755
137059,23.4366029755543
137060,23.3903216858459
137061,25.1480650346887
137062,21.8762101563788
137063,26.5531441751766
137064,23.8990479970928
137065,24.0992102572226
137066,25.2945395098239
137067,31.7218788464158
137068,24.7261023925129
137069,33.1634371759306
137070,24.0873590824081
137071,25.9307504192181
137072,21.9068657037144
137073,34.498265453267
137074,25.4859191382733
137075,38.4339403345932
137076,23.8447207626571
137077,32.6135274021977
137078,21.681137068862
137079,38.5478880504591
137080,26.8132934453798
137081,42.5213532109418
137082,22.6843907825927
137083,38.1821433476868
137084,19.8858110426632
137085,37.5920572976797
137086,26.8876610709788
137087,47.4349891595394
137088,19.899991473253
137089,47.5445689560315
137090,20.1252097497753
137091,38.3928522454018
137092,19.4845848629515
137093,44.8826636985583
137094,20.604428940506
137095,71.0284628426219
137096,28.2795814102468
137097,41.314808786237
137098,27.9802320339817
137099,47.5582668594097
137100,27.8625717593678
137101,88.3031846413816
137102,42.0587227203219
137103,38.0288688681233
137104,35.3886580582593
137105,42.9013757738611
137106,42.2997817666533
137107,75.3043232025203
137108,38.0445363020844
137109,33.2634280771188
137110,35.2626819416336
137111,38.6446966673712
137112,40.4842612554497
137113,71.4320331038913
137114,34.8765805939238
137115,30.6740309000311
137116,25.3157213597944
137117,36.1391193222543
137118,37.7225895477636
137119,74.302232405115
137120,29.7777279913633
137121,30.9580630237892
137122,22.6342448121389
137123,30.2563531510199
137124,30.8846010220644
137125,69.2286659027035
137126,29.7258512645538
137127,30.3445589984707
137128,22.0059602103114
137129,28.6160444527046
137130,28.6655239843283
137131,81.1733237754568
137132,27.1484400449458
137133,27.9703977593332
137134,21.5003276158189
137135,27.2814123766515
137136,25.329812911319
137137,56.5848986317697
137138,27.7660041063102
137139,25.404328091345
137140,22.9926346998114
137141,26.2098776207968
137142,26.6909675135524
137143,39.1834573137759
137144,28.4561806668108
137145,24.4900750696439
137146,22.2131935654378
137147,25.624620852648
137148,27.2300132381495
137149,44.8392760110839
137150,25.6788530018467
137151,24.4926979189059
137152,22.0143647611189
137153,24.7543236232809
137154,25.4924131193789
137155,48.0475283189796
137156,27.5086634866176
137157,24.4859899270418
137158,22.1646764894798
137159,25.0378357730271
137160,27.5261070541585
137161,54.4479241563383
137162,27.0131562754588
137163,24.8754246545474
137164,22.9238144515877
137165,25.7349873750288
137166,28.8734000662404
137167,62.7659610734389
137168,29.8943592162073
137169,28.5163449622382
137170,25.4441013325851
137171,29.1203865809197
137172,32.9684721921357
137173,61.8064596901196
137174,28.7848997722648
137175,30.4725360093575
137176,26.3692360087502
137177,29.6900261770462
137178,30.8051577227819
137179,34.3212339846702
137180,23.4041978384039
137181,25.175289758669
137182,22.6399375329672
137183,24.368474775102
137184,23.8470118118634
137185,27.9879150439684
137186,21.2464227963372
137187,21.8421110907258
137188,20.7595740144628
137189,21.2336952247201
137190,21.6250444185269
137191,24.3503631422453
137192,20.9399525838853
137193,20.9309777255843
137194,19.957931524388
137195,20.2432162644212
137196,20.8669497378555
137197,22.0627289655771
137198,20.8336596106861
137199,21.2506723855669
137200,20.4806121266828
137201,20.9794881569175
137202,20.5057252103612
137203,22.6481704916711
137204,21.9131797386104
137205,22.1786335542906
137206,21.2325389369031
137207,22.9920668045795
137208,21.9934768276403
137209,23.9826103492533
137210,21.3396701570158
137211,22.8460077891652
137212,22.7034838719676
137213,24.5500845065199
137214,21.5951516052117
137215,26.3533959727345
137216,22.6916484735974
137217,24.0693715286935
137218,23.3170209035579
137219,24.8462983680831
137220,23.4022873245662
137221,28.6870952638359
137222,26.4774328014565
137223,25.7524767561738
137224,23.6430130411411
137225,26.8744883568529
137226,25.8298886668898
137227,30.2892739928904
137228,31.1598402931539
137229,28.036176438399
137230,25.436565793155
137231,29.6650821547265
137232,31.6463971148886
137233,39.6041598664569
137234,36.6139808441408
137235,31.2750496132543
137236,20.3222971779419
137237,34.8525929797304
137238,35.7462415822293
137239,55.0604630925961
137240,62.8873619008285
137241,40.1789936992679
137242,28.6665490079557
137243,48.8932895484871
137244,64.0497977735912
137245,99.5213057414306
137246,107.502140711609
137247,48.8372791397305
137248,44.0175109655232
137249,64.9964265218206
137250,110.79687373251
137251,86.8524206081002
137252,56.4460654244104
137253,44.433636731901
137254,40.4352985354749
137255,53.9853776467565
137256,58.2791417438161
137257,74.3279023047279
137258,40.1060703679268
137259,37.3155563864575
137260,33.206164492404
137261,38.7211629022092
137262,40.8718314430178
137263,59.4990510375854
137264,30.6570704530516
137265,32.7221927398175
137266,28.9955713999053
137267,33.208882345834
137268,32.2690933754317
137269,48.3114961966314
137270,26.1825524890126
137271,29.7207261752528
137272,27.2898896793907
137273,29.9386923647005
137274,26.8744551774857
137275,47.8276197447097
137276,21.814298475004
137277,26.0213008116975
137278,24.4233319418995
137279,26.7918057960334
137280,21.7084778803848
137281,42.7436708374421
137282,23.3879626918365
137283,23.9043129923364
137284,22.2960672271113
137285,24.3003689624752
137286,20.9476628453322
137287,41.8733229410959
137288,23.6936547308084
137289,23.603523167613
137290,21.8038276101853
137291,22.9411236236022
137292,21.9022027867225
137293,37.2287177419109
137294,22.8234382103269
137295,23.0494099535297
137296,21.7251311316045
137297,22.6403556078311
137298,21.0933194539695
137299,34.3978498886846
137300,23.1549730307292
137301,22.8411452108003
137302,21.7388229471305
137303,22.4900340617523
137304,22.8115353936996
137305,36.0127362443611
137306,24.1733971316868
137307,23.4718290177318
137308,22.0005419298629
137309,23.1628584174549
137310,24.034230181192
137311,37.4017368486123
137312,26.9663962948611
137313,24.7957489959101
137314,22.9200703093125
137315,24.3965544275423
137316,26.8345052730731
137317,36.8968784681482
137318,27.3565369856028
137319,24.7126537353896
137320,23.1808198295656
137321,24.56485940313
137322,27.856721854078
137323,20.7823910696431
137324,21.780720133338
137325,20.3087862675787
137326,20.2144979691632
137327,20.8296395279005
137328,20.3181378973468
137329,15.9638638646022
137330,17.2824648621984
137331,18.0868551847095
137332,18.1076434497968
137333,19.5432018430932
137334,16.5251752612164
137335,13.4072796944715
137336,16.1853867963516
137337,18.0279875255432
137338,18.5431589335485
137339,20.5462570131
137340,15.6873623462125
137341,11.7437890915334
137342,14.864761153792
137343,18.59297143534
137344,20.0475517112494
137345,23.1137783986501
137346,15.2957507609118
137347,15.0800690892839
137348,16.7497019737038
137349,20.1833529744445
137350,21.941249296752
137351,26.1945407247723
137352,17.0032617163598
137353,19.6808278355935
137354,19.5232036688195
137355,22.3447901682277
137356,24.2384971482111
137357,26.4392251372504
137358,20.3302958508851
137359,23.2527931229926
137360,20.3100079968871
137361,24.2288380329673
137362,25.6670378727734
137363,27.3422516651981
137364,21.696787619966
137365,26.3467179136803
137366,23.1219820792129
137367,25.5242938328688
137368,27.0140175829135
137369,28.8905880804363
137370,24.2874301703933
137371,29.4705279682608
137372,26.6070329333282
137373,27.345105425105
137374,28.5766381882823
137375,30.2102898455085
137376,29.4407641420162
137377,39.2123856585378
137378,34.6619258761207
137379,30.3668573744701
137380,30.7537544327089
137381,33.5950264846597
137382,37.7837252427648
137383,53.968356829136
137384,67.60833630915
137385,45.6010637627856
137386,41.3354879570996
137387,50.5456528520507
137388,67.5550024852544
137389,78.1732533813079
137390,69.5715502861325
137391,44.9615477879954
137392,43.9417574898388
137393,46.0542408441161
137394,64.773708017937
137395,73.5528707185898
137396,32.2068384048669
137397,32.6128273261667
137398,35.1501403079074
137399,34.4196417319501
137400,32.146305141344
137401,63.2577545539727
137402,20.5713707588649
137403,27.5257226692529
137404,27.0665175049624
137405,25.0991483625622
137406,20.7049913518236
137407,43.7601008863247
137408,17.0205332800448
137409,24.2605474490174
137410,22.4248210271359
137411,22.7913910876914
137412,15.2164307608597
137413,31.8372834330143
137414,14.1782505431671
137415,22.3528712673698
137416,21.2072858802586
137417,22.8567548860516
137418,15.4883345350648
137419,28.4257271549603
137420,10.3473816121594
137421,20.7710178714124
137422,19.498454989225
137423,20.5080511018345
137424,10.3632965685131
137425,24.744066419734
137426,7.63629402477961
137427,20.5638510099716
137428,18.7506816531587
137429,19.7333455847748
137430,8.90732696076199
137431,23.2839583836764
137432,11.3932641358412
137433,20.2012453531253
137434,18.3849711091183
137435,18.9866570623081
137436,13.7570430100219
137437,23.955432960963
137438,16.2298036809419
137439,19.8863587740214
137440,18.0058102102613
137441,18.7867776739321
137442,15.1151304149344
137443,23.590076281886
137444,15.3395882162835
137445,20.5070894811422
137446,18.5280459668511
137447,18.9660119241557
137448,16.0157629231703
137449,23.6608786224276
137450,15.4539618797338
137451,20.1919347199636
137452,19.123154258943
137453,19.8206435251038
137454,17.4951096370208
137455,24.7403904008158
137456,19.2805965192999
137457,21.0848059234066
137458,20.2601742185087
137459,20.6269781951765
137460,18.0992246989481
137461,27.353880027123
137462,20.8238022339032
137463,21.0243508710422
137464,20.5157993480291
137465,20.9164080806375
137466,20.4002590173492
137467,19.2974337206145
137468,17.9483994863212
137469,20.0222281489839
137470,17.7797362669343
137471,18.1450480002388
137472,17.2953403637572
137473,15.0019753822672
137474,15.2326082249905
137475,17.3200833058541
137476,16.9176701366609
137477,17.212318255208
137478,14.8145282352938
137479,14.6510270267811
137480,12.7720841362296
137481,17.7963722687581
137482,17.7337944329661
137483,18.6863537690357
137484,12.2232499947039
137485,17.1313151182098
137486,18.5986995355742
137487,18.6114727192322
137488,20.6125072208683
137489,21.547166241729
137490,18.1354137448314
137491,19.6944316622066
137492,21.3128986636532
137493,20.2433533051686
137494,22.7120256797557
137495,23.6648033395211
137496,20.8257381481254
137497,21.8375825058906
137498,24.5957481206499
137499,21.2643007824474
137500,24.1966037945676
137501,26.0447870626578
137502,23.7199283275468
137503,25.2059108948044
137504,25.8123839687417
137505,22.9655921796306
137506,25.5621145805711
137507,27.2224111907417
137508,25.7358408237994
137509,26.4755692512359
137510,26.8606444568691
137511,24.1185479397791
137512,26.1797347643632
137513,27.4678412774945
137514,27.8023520013853
137515,29.1250746138437
137516,29.5942344731464
137517,25.8558253024463
137518,26.925988516077
137519,28.6707351649293
137520,31.1963924067832
137521,37.0320819256352
137522,35.4439747196563
137523,27.2277701386624
137524,27.9784858153011
137525,30.1715098603794
137526,36.6948033380762
137527,45.7026756345995
137528,51.7754911172704
137529,39.7647346634319
137530,40.3419111296674
137531,39.4135996471227
137532,51.872731594147
137533,66.1131495717299
137534,50.2614797917672
137535,40.2970794970257
137536,26.739342282484
137537,41.3911435006393
137538,51.9268373091082
137539,60.4540213573568
137540,29.314481743956
137541,30.1921790195369
137542,18.8683502048971
137543,25.4277547184044
137544,29.0811255821584
137545,44.3964416280165
137546,22.0143435301488
137547,26.2267256332905
137548,19.635723374929
137549,24.3332870356876
137550,21.6949644608328
137551,38.9535365368534
137552,20.2066689336135
137553,24.1131564223106
137554,18.2525985499766
137555,23.5964897911477
137556,18.8493878786211
137557,36.7932129756821
137558,19.0787022466743
137559,22.3563788242599
137560,19.6070500753696
137561,23.2591024293631
137562,20.4566773147022
137563,32.7828185900358
137564,17.4608433127929
137565,21.0484980127364
137566,18.9350142656048
137567,20.7409503804227
137568,17.1748264828332
137569,31.4230941030065
137570,17.2707326910672
137571,21.0140162049805
137572,18.4534823132744
137573,19.0702040747778
137574,17.7657531204691
137575,31.5434314610328
137576,20.2668002347744
137577,21.0391429368862
137578,18.6141193576133
137579,18.7419925260907
137580,16.3838190363123
137581,32.7448279752796
137582,18.7113675223869
137583,21.1283161365281
137584,19.0252369957807
137585,18.7992765935763
137586,15.8878423249785
137587,35.9893536851453
137588,19.3076649195295
137589,21.5003857756731
137590,19.4992348413784
137591,19.9484594660391
137592,15.6607864665751
137593,34.9283855534921
137594,20.5830150317995
137595,21.7168702205876
137596,19.729734185637
137597,20.7806032721941
137598,18.5114123854709
137599,34.1552938915931
137600,21.6577529762234
137601,21.9902818790401
137602,20.1067351399842
137603,21.5101753656508
137604,19.1046169547309
137605,33.7284139990397
137606,22.0308736832556
137607,21.9556911456226
137608,20.1190438473805
137609,21.3926138464872
137610,19.9016940462433
137611,21.3486123260475
137612,16.3102333646291
137613,20.1230900862336
137614,17.6810976482091
137615,18.4620816127634
137616,15.5575798559779
137617,17.669141595482
137618,13.2148433314968
137619,18.8272775788824
137620,16.6864426950025
137621,17.238573518023
137622,13.4400456945421
137623,18.0632681398469
137624,15.1414443526951
137625,17.7464667192245
137626,16.8974101220552
137627,18.897845327537
137628,14.4930632224066
137629,18.2826526809332
137630,15.1136721795208
137631,19.2571237814105
137632,18.6611763219402
137633,21.261643294568
137634,17.9887735708281
137635,19.6291193310804
137636,17.1251067494508
137637,20.0182611057701
137638,20.1833130655378
137639,21.7273758834596
137640,18.8366545793755
137641,20.756573772259
137642,19.4330739723041
137643,20.8325491422139
137644,22.3474551919557
137645,22.773120206095
137646,20.7281388493861
137647,22.0225572105688
137648,20.236335778041
137649,21.9124288318362
137650,22.207709063662
137651,23.6977538295323
137652,21.5540104829656
137653,24.7953812227739
137654,22.8544614134646
137655,23.3446085743361
137656,25.1425435013586
137657,24.5535913337497
137658,22.8640286987091
137659,26.8889591328741
137660,26.5860049305927
137661,25.4850051121118
137662,26.8908313364188
137663,27.3394348588051
137664,26.3035538959927
137665,35.9449347379214
137666,31.870048409466
137667,28.221767067521
137668,29.2134157385453
137669,31.030247035484
137670,32.8741575448015
137671,49.40449227985
137672,42.0895171366567
137673,39.2614835376455
137674,35.1679185297617
137675,45.4777900187374
137676,49.350975586143
137677,73.0812475339128
137678,47.8530733018659
137679,41.8563808797924
137680,33.25498413012
137681,41.8394234817825
137682,50.5994928974092
137683,65.5119989113546
137684,30.5789223986121
137685,31.8582958957919
137686,25.3086251039899
137687,29.5660162381893
137688,32.7221225297146
137689,58.1589432714902
137690,23.2644445233053
137691,27.1592884041091
137692,22.3472330800709
137693,27.6601865662296
137694,25.8153720151074
137695,46.6342124422827
137696,21.9323482845594
137697,24.8062109143817
137698,20.8236561036898
137699,24.6837524746332
137700,22.8751655987363
137701,40.3619979467603
137702,18.795499354261
137703,22.4255941258069
137704,20.5330591782208
137705,22.9620282615541
137706,20.7863363777803
137707,42.122010758596
137708,17.5213810107738
137709,21.7013870659493
137710,20.065266890446
137711,22.0922846988148
137712,18.1673613652664
137713,38.1575369733511
137714,16.9187223774924
137715,21.0912258794863
137716,19.2406270287691
137717,20.9989211559369
137718,17.1821963019935
137719,42.9452547800776
137720,17.402762629674
137721,21.328569578654
137722,19.3063183593404
137723,20.6381342245858
137724,17.411987714446
137725,40.8832753785611
137726,19.0119087700096
137727,21.4481397421756
137728,19.6397185311165
137729,20.8980171497471
137730,17.8813778240787
137731,37.3844781485035
137732,18.5397773302031
137733,21.5142125866615
137734,20.2006268024988
137735,21.4368159193881
137736,20.4381657376893
137737,40.1451654497767
137738,20.6923352467557
137739,22.165816812125
137740,21.0988287027604
137741,22.0527737564453
137742,20.9707543277884
137743,45.6447523528542
137744,23.3270559396641
137745,23.9237182130039
137746,22.0098327215443
137747,24.0779123767941
137748,22.3793891600573
137749,48.8050257750956
137750,24.9058707811963
137751,24.4147108939398
137752,22.1263593849028
137753,24.4321712385645
137754,25.2322844066853
137755,27.620115418211
137756,20.9612120704405
137757,21.6712506271786
137758,20.5852062612188
137759,21.2059650074321
137760,20.8329653513483
137761,24.4279053759159
137762,21.6203837378735
137763,20.3180729428595
137764,19.3798915475679
137765,19.960050053581
137766,20.9901595165072
137767,24.7315835990324
137768,21.7951546891659
137769,20.5012610466267
137770,19.5672413315952
137771,20.6732484059646
137772,21.0356797834628
137773,24.5091672592673
137774,21.7827823142633
137775,20.6362259908735
137776,19.5698155249363
137777,21.1909741278096
137778,21.1416143748166
137779,24.5730017065155
137780,21.9330809345725
137781,21.1750188755775
137782,20.2818229697397
137783,22.7515994539287
137784,21.4710662533287
137785,26.3114653232612
137786,22.5858672419633
137787,22.5575413699919
137788,22.3674182174748
137789,24.9976888892025
137790,22.2558489246244
137791,30.3637554825158
137792,23.6449428629188
137793,24.8246431639804
137794,24.6780212576637
137795,26.707483634203
137796,23.7684750884439
137797,31.839887763392
137798,26.3877293387225
137799,26.3978008727217
137800,27.0507052191704
137801,29.0187502441705
137802,26.2338379021648
137803,34.7589792676087
137804,32.3552537498342
137805,30.1353239477954
137806,30.2813650508599
137807,34.6636655738141
137808,31.9979298667801
137809,42.3437981383617
137810,37.5656444368442
137811,37.3223407706876
137812,39.30594145645
137813,42.3157686128593
137814,38.2893123958452
137815,78.1439887447892
137816,55.7607638975121
137817,45.6346095655751
137818,42.8158901362499
137819,56.5260459857914
137820,57.1466470024205
137821,79.4092744778999
137822,59.823820971282
137823,45.9709608961826
137824,42.3401940192539
137825,50.6911587883911
137826,56.4797902902491
137827,73.9510789394356
137828,34.3190876985132
137829,40.0678467234805
137830,35.9092106966329
137831,36.4531993823861
137832,38.1839131794704
137833,68.5100545817032
137834,24.8285175637767
137835,34.0616316608176
137836,27.5062057470379
137837,29.8954782320365
137838,28.6851045270404
137839,57.9918181992552
137840,22.6154869370801
137841,30.3982631456223
137842,23.2746495370319
137843,27.7107821614026
137844,27.0259620379608
137845,51.9912752294434
137846,21.3776592787305
137847,26.0808253249985
137848,21.7893830729663
137849,26.6784337519229
137850,23.7297016982993
137851,47.5215506967794
137852,23.5508802865321
137853,24.2178339097457
137854,21.4978956929143
137855,24.7691391336848
137856,24.0019865908939
137857,44.2652017876128
137858,24.3897799461076
137859,23.8482974029258
137860,21.4189639538311
137861,24.1663388026894
137862,23.4208618173911
137863,47.1949660206256
137864,23.9013784555552
137865,23.4030001500144
137866,21.1031511914016
137867,23.1299541927637
137868,22.6830556158715
137869,59.0721457833413
137870,25.3056650388313
137871,23.2024789644255
137872,21.3784855379373
137873,23.1406257742804
137874,23.1418984186451
137875,70.1564966839875
137876,26.8520350517129
137877,23.1531542597691
137878,21.4172223380341
137879,22.9018723354817
137880,24.0761601238935
137881,71.7465417800701
137882,26.5543410989515
137883,23.7430232171834
137884,22.131447927059
137885,24.1180251762982
137886,25.7064659902794
137887,70.8176106718375
137888,28.743001040897
137889,24.6275877096311
137890,23.1322872098942
137891,25.7605667753265
137892,26.8689102420437
137893,73.6379911378881
137894,27.9382288908312
137895,24.5966676931138
137896,23.2752761012363
137897,25.8736260504524
137898,27.1723261193107
137899,36.2868472076133
137900,24.1685672474394
137901,22.6256162500472
137902,21.4292188800485
137903,22.5284407536383
137904,23.5749978215396
137905,26.7827530126059
137906,20.9721533807615
137907,20.0170581583783
137908,19.6850733243804
137909,19.8732817971707
137910,19.9307002195474
137911,23.0811718518767
137912,19.3112010913407
137913,19.273405582895
137914,18.8682118673947
137915,20.5034100925477
137916,19.4473572546825
137917,20.5754192667725
137918,18.9488557884907
137919,19.0986258386344
137920,18.9606661319378
137921,21.1296128595375
137922,19.1671626610519
137923,21.7810421314305
137924,21.6543558047033
137925,20.738926842762
137926,20.7804199411845
137927,22.6484216129482
137928,20.9365598544348
137929,23.6235857244383
137930,23.8577705389977
137931,22.5524018897603
137932,22.9929798095577
137933,25.5635658534784
137934,23.2575739629309
137935,27.0540018730256
137936,25.6241846281029
137937,24.8904473389991
137938,24.5574091291053
137939,27.4469575790596
137940,25.3120423681374
137941,29.3758537529614
137942,27.4665198718564
137943,26.4257311935748
137944,27.0216273525061
137945,28.9494057849758
137946,27.5144830230232
137947,32.219278899866
137948,32.8629150015586
137949,28.710224498182
137950,29.0485861289638
137951,32.4237509054964
137952,33.0588635162339
137953,41.8721601922829
137954,39.6296084461375
137955,35.0439851810593
137956,35.7833770086041
137957,41.3733184057297
137958,40.9657956143916
137959,59.3016438407453
137960,62.6087727058164
137961,48.1845640273252
137962,43.3912633617437
137963,63.1247472889499
137964,70.4431017609071
137965,88.2529985314723
137966,64.31176727969
137967,52.0748875627081
137968,46.5578677017428
137969,59.746901907714
137970,70.6169069887863
137971,85.0205873854591
137972,36.7458635838142
137973,38.7337230799105
137974,37.0078856429491
137975,40.7010380471527
137976,40.800849636128
137977,61.1602475667539
137978,24.5457796964672
137979,31.2195559569987
137980,26.7369798332702
137981,32.6385694369145
137982,27.3693761974323
137983,45.4089538955327
137984,21.8089583539268
137985,26.5231719543956
137986,22.9810828519026
137987,25.8062843059272
137988,22.2710087499831
137989,41.3000931611553
137990,18.7469848938667
137991,23.8771004282644
137992,22.1137807413129
137993,23.8222675284366
137994,18.4677810586651
137995,43.0234267784815
137996,15.663515482195
137997,22.4867593490762
137998,21.3237465800472
137999,22.7248765034242
138000,15.1044091696734
138001,39.2926720066524
138002,16.3678658756156
138003,21.5782067401524
138004,20.8370234213853
138005,22.0921727192553
138006,16.8417732201603
138007,34.8993528720335
138008,15.9146537502685
138009,21.2117396624473
138010,19.9021719205861
138011,21.4000359852346
138012,15.7171205045744
138013,31.746220304421
138014,16.9761994958391
138015,20.8099670822391
138016,19.8446229416099
138017,20.9159671725925
138018,16.0779440556213
138019,32.8952086491296
138020,19.3254829091958
138021,21.2584882637626
138022,20.0236271545883
138023,21.2321428745745
138024,17.3811063251867
138025,35.834205921974
138026,20.9661758813514
138027,21.6932585779284
138028,20.8602089290326
138029,21.792045216827
138030,20.0532343633313
138031,37.7659370168908
138032,23.0368471642112
138033,22.8189671322137
138034,21.7964126303689
138035,22.6396969969573
138036,22.4448045478582
138037,38.792643779575
138038,24.8178723862477
138039,23.4154890575464
138040,22.3237583589925
138041,22.8462763933143
138042,23.297997501777
138043,22.2389484441706
138044,20.2382429433941
138045,19.9949984175665
138046,19.5142206021361
138047,19.3244370762509
138048,18.8244256496291
138049,15.8332235484034
138050,12.9848693531932
138051,17.468670032069
138052,16.7603393099308
138053,17.7875617745954
138054,13.1577900720007
138055,15.332662884394
138056,12.7570852027874
138057,17.4136888227409
138058,17.3881304300307
138059,19.1253512154604
138060,12.6938729623473
138061,17.5980054941627
138062,15.5721467847678
138063,18.4164691987195
138064,18.764820768526
138065,21.658101755339
138066,15.6740521242779
138067,19.9840750469084
138068,20.5820661665291
138069,20.1884854382971
138070,21.127341359015
138071,23.6641209289252
138072,20.640947090513
138073,23.214405684526
138074,23.9410875547669
138075,22.5170001502133
138076,23.5107148438008
138077,26.6899190490633
138078,24.0553640922285
138079,28.1071404305209
138080,26.3431026394079
138081,25.3566595042557
138082,26.1022619787453
138083,28.1911814516326
138084,27.0118165481621
138085,30.8085335872491
138086,29.0109434349561
138087,26.9424981490161
138088,28.1171617161985
138089,30.7507668095351
138090,30.2195655147199
138091,31.036555391087
138092,33.5296531612935
138093,28.498590291022
138094,30.4402283357845
138095,34.2665107391937
138096,33.8503166561911
138097,37.7057135894254
138098,43.8685939773821
138099,36.8946077970587
138100,37.0651547990471
138101,41.9935337212748
138102,42.2205213018307
138103,63.1764019552639
138104,63.126013455638
138105,50.1326341846138
138106,45.107537959453
138107,55.3641557557214
138108,65.8871262632321
138109,85.0317885936755
138110,57.228900234998
138111,48.6869748703089
138112,45.8909070396953
138113,52.4628269821344
138114,64.2379028187098
138115,82.0714701371726
138116,28.6659759405132
138117,36.2914589054503
138118,35.5448329337448
138119,38.2215981362896
138120,27.1244201590033
138121,52.5459041038928
138122,19.9921055873568
138123,30.0742094733455
138124,26.8611963980856
138125,29.2854445996933
138126,19.4154366271471
138127,39.4442605189905
138128,17.8385034210944
138129,25.5791760806397
138130,20.736061719359
138131,24.7243797824351
138132,17.5778431619099
138133,36.4539723148951
138134,16.1545619806102
138135,22.9182923501555
138136,20.1745394116719
138137,23.524109677236
138138,15.6687161877584
138139,33.3370136602109
138140,14.9467316057357
138141,21.7263537837936
138142,19.433366308886
138143,22.2064422724332
138144,13.903862720104
138145,27.9197738276445
138146,14.3113589908082
138147,20.9495170364848
138148,19.0681126283741
138149,20.3339965574235
138150,12.5181778718402
138151,25.7876596250405
138152,14.7547731993065
138153,20.6776236321798
138154,18.7212469540346
138155,19.0499644578785
138156,14.1263875537883
138157,25.4735061942715
138158,14.7575478286033
138159,20.664257243081
138160,19.0197330901254
138161,19.0017401846508
138162,13.9411628772299
138163,28.0735848489711
138164,17.4910433920929
138165,21.0278798529793
138166,19.3766449791532
138167,19.8974919268203
138168,16.0759652472582
138169,31.7986153659974
138170,20.079898673053
138171,21.7804563063822
138172,20.0900167883232
138173,21.0656122928701
138174,18.9423411594545
138175,36.3718278885794
138176,24.3722292278528
138177,22.8936705481972
138178,20.8412752933813
138179,22.4222186041409
138180,21.3700760472287
138181,39.3889904839329
138182,22.749122469377
138183,23.8143564698293
138184,21.7054778433221
138185,23.6601901085595
138186,22.3772313521303
138187,23.6264653844553
138188,18.7560604366131
138189,21.0903682616218
138190,19.2922870800255
138191,20.12079486565
138192,17.3605707730083
138193,19.6090331313585
138194,14.3138520608444
138195,17.5163700862421
138196,17.5395640819387
138197,18.3290075928646
138198,14.3941182351917
138199,19.3355700450763
138200,14.4962503785003
138201,17.6125938798372
138202,17.9790964566252
138203,19.8984922324535
138204,14.6859614795486
138205,19.2968814869576
138206,17.2719787284175
138207,19.1631020412879
138208,19.1473704333247
138209,21.6152739544859
138210,16.8413955826784
138211,22.4432165047462
138212,22.1654379146721
138213,21.7297054425732
138214,21.6347411640761
138215,24.6060238750977
138216,21.9013399714691
138217,26.0272952714739
138218,24.6704400819744
138219,24.2864941710861
138220,23.7479371329609
138221,26.3252666741196
138222,24.8435983181742
138223,28.6362621184584
138224,27.0052762781145
138225,26.3751005787153
138226,25.7721770350904
138227,28.2707206905312
138228,27.026202552109
138229,27.6657324668035
138230,27.3604248353036
138231,27.2804858381221
138232,27.4338843905269
138233,30.577827368786
138234,27.7093250414023
138235,25.822017493779
138236,30.9056037800842
138237,28.1806912326152
138238,26.8521142024243
138239,32.2708754139379
138240,31.998644820291
138241,33.500372524728
138242,35.1111017962791
138243,34.0897576733373
138244,30.2384686011764
138245,36.7593299268544
138246,33.8381174146558
138247,47.0314008755348
138248,45.8929077580099
138249,41.6083936121508
138250,41.623840974605
138251,49.6681030953399
138252,49.0319064424267
138253,53.9383943912542
138254,43.5221986708482
138255,40.0194113337515
138256,26.3818391952357
138257,47.901015737133
138258,46.303371190151
138259,46.3916813269704
138260,27.3594283134745
138261,32.9924953271608
138262,21.4751566309792
138263,32.553727650026
138264,27.7990720974407
138265,44.0445643728835
138266,20.5546364254674
138267,28.4839921777872
138268,22.199303041335
138269,27.4294127167387
138270,19.6387152790327
138271,43.5022601437601
138272,18.3879226793868
138273,25.6502656356517
138274,20.7382225233176
138275,25.8144940569104
138276,18.5440006748307
138277,37.3189326951291
138278,16.3656509915992
138279,23.4056052798991
138280,20.7686415936515
138281,23.9773393375102
138282,15.7031603378879
138283,38.3626841118299
138284,15.8634015355643
138285,22.0753907966742
138286,20.1166012958303
138287,22.9298552052681
138288,14.883019246216
138289,34.3159212091298
138290,16.1894508374944
138291,21.4495953892041
138292,19.2105154296748
138293,21.1664675652745
138294,14.8246186407082
138295,33.7504268813544
138296,16.6155395228417
138297,21.284278934333
138298,19.3507193998022
138299,20.4967745675599
138300,14.5003371278743
138301,37.3497860485709
138302,15.99174560166
138303,21.4192748205661
138304,19.5833902866048
138305,20.5125436986754
138306,15.3348176381791
138307,43.7300626278892
138308,17.5483898795066
138309,21.8950864395315
138310,19.840870391995
138311,21.2989505143698
138312,17.2042274112294
138313,52.4712586132055
138314,21.5582336911132
138315,22.6477361113024
138316,20.7137286039731
138317,21.8185193816103
138318,19.6356197168071
138319,63.8533776806277
138320,25.060250237166
138321,24.1905034349545
138322,21.7986703710668
138323,23.6241093874559
138324,23.4879562853105
138325,68.7585433842916
138326,27.0653363147336
138327,24.8599616816485
138328,22.1735312996271
138329,24.5395830048388
138330,25.6107637164689
138331,32.1904242007482
138332,21.7416986554338
138333,21.8438922152969
138334,20.0446950373766
138335,21.1445219655921
138336,21.1148795446283
138337,24.0271990486578
138338,16.7359047365186
138339,18.4546703096611
138340,17.8446612996932
138341,19.1263789448649
138342,16.3548596545234
138343,21.4969600724918
138344,16.74681460623
138345,18.603693601518
138346,18.0915451180266
138347,20.4494110867834
138348,16.3147317798533
138349,20.7234604200577
138350,18.109353016987
138351,19.4601004271476
138352,18.9004527361854
138353,21.5942490868973
138354,17.4289578709651
138355,22.3389755874881
138356,20.9160466316804
138357,21.1751402004294
138358,20.540103813691
138359,22.7445723004105
138360,20.7337723789672
138361,24.6722052531503
138362,22.911692306595
138363,23.2978790228992
138364,23.0877512072573
138365,24.7614853157286
138366,23.6067858820641
138367,28.7550993609026
138368,25.5463004064229
138369,26.0646971234648
138370,25.3948335033968
138371,27.7835236117629
138372,26.6267128559444
138373,26.6403600200699
138374,26.5156602846151
138375,27.2447811711464
138376,26.7285770525176
138377,29.1821614619277
138378,27.5035949440071
138379,30.6157782792628
138380,28.9963657373796
138381,27.8070030200242
138382,29.3132494674312
138383,32.0618784253738
138384,29.0564596498817
138385,31.8636292561272
138386,30.6276935217344
138387,29.4017676522535
138388,33.8620005768258
138389,35.575381338418
138390,28.1637763498201
138391,46.3615757106382
138392,34.8690391496499
138393,35.501086763967
138394,23.8874427090804
138395,29.8174472484217
138396,35.5227153088395
138397,69.3060389884529
138398,33.8332064961164
138399,31.4903156556049
138400,33.8565397459366
138401,39.1224871957995
138402,37.1497134087565
138403,58.0117406858129
138404,23.4503881615663
138405,29.3619783446513
138406,24.4287631546182
138407,28.2189907096935
138408,22.230504326133
138409,50.1823572510599
138410,18.4257344811677
138411,26.3487361238039
138412,25.364797863053
138413,26.9216488311244
138414,17.5302956883189
138415,42.3885946142024
138416,15.1519942013224
138417,24.5611165796783
138418,22.402315074825
138419,23.2404887081758
138420,14.9027434613498
138421,34.3152572394973
138422,13.056966404488
138423,23.0292314414576
138424,20.7114573199358
138425,22.061440022377
138426,13.199580154269
138427,28.5577705795466
138428,11.664098854613
138429,21.4432431207764
138430,19.5936194064918
138431,21.1532998512732
138432,12.5728754312589
138433,29.7696403890909
138434,11.4278914580141
138435,21.4336609104049
138436,19.2311026324901
138437,20.4915673117318
138438,11.5755195334011
138439,29.4105350600631
138440,12.3232620159139
138441,21.0781431016483
138442,19.0422929451196
138443,20.1297946725052
138444,12.2745784292478
138445,29.8110590060605
138446,11.4523635607404
138447,20.9916332944326
138448,18.9940083511038
138449,20.3970801471742
138450,12.1734562012781
138451,31.0899553459827
138452,12.5801986507661
138453,21.1064688670364
138454,19.4811997895405
138455,20.7878269502368
138456,13.0645662169926
138457,31.7579630429417
138458,14.2024746787171
138459,21.3523994400491
138460,19.7239720981933
138461,21.3502522819497
138462,14.9297189899376
138463,33.0724842584299
138464,14.9783657940159
138465,21.64719162588
138466,20.3734792119249
138467,22.6188805982273
138468,15.8771814170127
138469,31.9751690302895
138470,17.2629628703395
138471,22.0870802333145
138472,21.0913382086709
138473,22.9773272733334
138474,17.2723520427662
138475,18.2230656918787
138476,12.8289599977131
138477,19.0944319361341
138478,17.5677225751091
138479,18.445329533677
138480,12.9543739585961
138481,10.1253566032878
138482,8.71327056608802
138483,16.2534863389035
138484,16.1678008489398
138485,17.1608050900887
138486,8.27842904073656
138487,6.70207481197745
138488,7.41763303461532
138489,16.9519178254548
138490,17.0254515146588
138491,18.7737634952163
138492,7.28597982202456
138493,1.45993835044284
138494,7.14834283184594
138495,18.0298680101455
138496,18.2780788727313
138497,21.1549741239569
138498,7.30879123516726
138499,-0.635451234393219
138500,9.95562419242511
138501,18.4604460422425
138502,20.7005249440005
138503,22.7138849593855
138504,11.4846645058334
138505,0.0924425322385112
138506,12.1925105103884
138507,19.1392005843525
138508,21.6013813337565
138509,24.352697300351
138510,12.114391920903
138511,2.52100673237145
138512,12.8659167919559
138513,20.1521735113682
138514,22.0012308029948
138515,24.9161822932219
138516,14.2624056463147
138517,4.0450613512118
138518,12.8820794551903
138519,21.5106489188227
138520,22.9362578660889
138521,25.6096695096556
138522,12.9238142521351
138523,3.19832613509078
138524,12.5518084358922
138525,22.6810425145257
138526,23.6100825824736
138527,25.4188901157218
138528,12.8018816352684
138529,7.88228588216003
138530,14.537367826655
138531,24.2603491457893
138532,23.7666952049735
138533,25.5974191226721
138534,16.4020366336193
138535,21.7920277204655
138536,22.0488862764077
138537,29.6098775686143
138538,19.3713432804096
138539,24.144849160115
138540,20.6411678594919
138541,34.3243132219895
138542,23.0920947092123
138543,29.9887237188511
138544,19.6057248712961
138545,26.8095372891246
138546,21.681406297928
138547,31.154325494841
138548,18.3662099561689
138549,26.7127914842819
138550,22.123108751687
138551,22.5704336781367
138552,16.394470807936
138553,25.0743122180487
138554,12.8023899722384
138555,23.9155796812202
138556,20.4380885171049
138557,20.3845216363316
138558,13.433876630823
138559,23.4068517570735
138560,11.1266452345354
138561,22.0046434404444
138562,19.8035195574445
138563,20.256604369237
138564,13.5556941684454
138565,21.8365131080496
138566,7.81586467987719
138567,20.8487872389651
138568,18.1951479942775
138569,19.7191933921645
138570,9.99060262127748
138571,21.6657791653455
138572,4.30978666006028
138573,20.1221660953411
138574,17.9430598490233
138575,18.9585420910757
138576,3.89853476747575
138577,20.512637950723
138578,2.55305137244195
138579,19.5311115034692
138580,17.3152345802627
138581,18.2309692873495
138582,2.81781619961628
138583,20.0617788308954
138584,2.09545108316772
138585,19.1809009461772
138586,16.7923176593801
138587,17.6918986815897
138588,2.48252017113252
138589,19.7042652141612
138590,3.02442908320496
138591,18.9195631093187
138592,17.0784596525132
138593,18.1989101807158
138594,2.99262062909134
138595,18.8041354710854
138596,4.2100046490197
138597,18.8453205190219
138598,17.4913760675518
138599,18.6685874555625
138600,5.15955151464315
138601,18.7648957568757
138602,7.13680268168887
138603,19.2996453983011
138604,18.4378380518662
138605,19.0381009877677
138606,8.05285762001583
138607,19.5518392821595
138608,9.35213680926554
138609,19.561944229112
138610,18.8799731795022
138611,19.5551988908314
138612,9.16737275958662
138613,20.8818839959258
138614,8.83811216659316
138615,19.7418865634875
138616,19.0837927698477
138617,19.7913522081452
138618,9.19482797122002
138619,8.90913490790907
138620,2.78965186961963
138621,17.4717065196852
138622,17.172624908912
138623,17.7133679379699
138624,3.1049908034362
138625,2.18303651715017
138626,-2.8669420439462
138627,14.4026749933861
138628,15.907975012961
138629,17.2248836556459
138630,-5.18462795483867
138631,-1.83505275894528
138632,-10.359497891876
138633,13.4338029900456
138634,17.7306300708163
138635,19.8841688383508
138636,-10.7826023899821
138637,-4.5099269927415
138638,-11.9184795062275
138639,16.4371586132973
138640,19.6665161051067
138641,22.3980900909446
138642,-9.14278480005365
138643,-3.9346865300306
138644,-9.28823914979692
138645,18.9129463923407
138646,21.5499172454373
138647,24.8727294263891
138648,-8.0012440526952
138649,4.80127758542957
138650,-2.9035410211913
138651,20.442408598168
138652,23.6818896527946
138653,27.440231082364
138654,-3.11957228901795
138655,12.7085296194344
138656,4.1112011257889
138657,22.1647003376282
138658,25.1402620120989
138659,28.0475231043079
138660,4.5821407462463
138661,16.5267840414998
138662,8.90295939777009
138663,22.9529687879124
138664,25.8618152699784
138665,29.0369777637891
138666,11.186735674133
138667,17.8929681076765
138668,11.487683447468
138669,24.417493468335
138670,26.5748698617077
138671,28.9423819038007
138672,12.0783581374983
138673,24.0883307804651
138674,13.3215118422054
138675,26.0857551560721
138676,28.3961073417858
138677,28.3980108396955
138678,13.4884209883945
138679,35.9638432346359
138680,21.0792064196758
138681,34.8966006072449
138682,36.1562680817321
138683,38.9133619918232
138684,22.9798790065607
138685,41.1948516060911
138686,22.9748214318176
138687,35.8408112543512
138688,37.1087028795974
138689,38.0757314774141
138690,23.772400294943
138691,34.9227295242427
138692,20.2152108344616
138693,28.6964106620918
138694,24.4854618813533
138695,28.5881004658233
138696,20.1174458753615
138697,30.2049926121606
138698,18.0425562805535
138699,25.1078653041488
138700,19.4194722172413
138701,24.2079791236892
138702,18.250073634505
138703,26.7073566096228
138704,14.1510710376065
138705,23.2908908737354
138706,19.2645946608342
138707,22.0583014962909
138708,14.2818642273195
138709,25.112271720829
138710,12.1795497533098
138711,21.7673580505976
138712,19.2206672985081
138713,20.9274437654231
138714,11.575373186075
138715,23.5157252420929
138716,9.01992746290597
138717,20.7543590862763
138718,17.0133022563639
138719,19.8369442202554
138720,10.1521237299936
138721,23.2034131409489
138722,8.74551711846814
138723,20.3821013694805
138724,17.8573132089985
138725,19.2619653825907
138726,9.4497285441274
138727,23.2158938311417
138728,10.1321060016483
138729,20.2659129311506
138730,17.777400039642
138731,19.2194178096653
138732,10.471099607947
138733,23.3736401650763
138734,13.3944135923116
138735,20.4931897202172
138736,18.0559194698223
138737,19.2405123995829
138738,11.5938156785944
138739,23.8879140366451
138740,15.3720522265834
138741,20.8771342849466
138742,18.4982473464104
138743,19.7953235999286
138744,13.8984379820914
138745,25.3170220509841
138746,19.6056348737342
138747,22.1547733897743
138748,19.9772977601799
138749,20.9395208605506
138750,18.4458692878435
138751,28.3080092151954
138752,23.2038822631976
138753,23.11782363931
138754,22.1136105372225
138755,22.9753717553348
138756,22.8626753008819
138757,29.1507454784142
138758,23.6147068389381
138759,24.3005644584338
138760,21.9595388429705
138761,23.4854366863979
138762,22.9675609995978
138763,18.8317998381021
138764,21.3707247598991
138765,21.5199588202505
138766,19.8554316068371
138767,21.0422257455925
138768,20.5090854640118
138769,16.0465683918464
138770,17.3056598028066
138771,18.3596906772929
138772,17.8535998069349
138773,18.2295321694834
138774,16.6655795032197
138775,15.200986973873
138776,16.2199571232436
138777,18.3862695059945
138778,18.174753154767
138779,19.456103379259
138780,16.0450202793209
138781,13.4421731097389
138782,16.7357091078804
138783,19.2370664745298
138784,19.1424850823073
138785,21.5290573730103
138786,16.5578899019822
138787,16.9763507209471
138788,19.1461536855081
138789,21.0161375247201
138790,21.7434099742168
138791,25.2607731526142
138792,18.9731468263454
138793,19.9118482669957
138794,23.2050392246161
138795,23.2024368151403
138796,23.7572336521551
138797,27.8700905931341
138798,22.5357290241959
138799,26.7864493260307
138800,25.2841866298791
138801,26.0670604143083
138802,26.151574304632
138803,28.5523805161825
138804,25.5551238800983
138805,27.0377613897118
138806,28.3958733498027
138807,28.5045496112436
138808,28.3379826566568
138809,32.3544121283673
138810,28.7618369059127
138811,28.1151928681951
138812,32.7194137322249
138813,30.7679933591077
138814,31.1790076308196
138815,35.4939543342372
138816,34.5580115882178
138817,33.3568034063682
138818,42.8162646804789
138819,38.4220072174071
138820,30.4683457524921
138821,41.6286177137677
138822,41.3953907615303
138823,54.5726867603208
138824,63.7019404778115
138825,44.7524094420497
138826,39.5265937017159
138827,56.3796783809611
138828,48.0872851922611
138829,54.6090998731938
138830,48.4899854703632
138831,35.7238225303104
138832,40.8237041966642
138833,50.1617410079313
138834,50.3453436176139
138835,48.0734281967101
138836,33.7841009527153
138837,31.7406325066059
138838,26.1579934345903
138839,30.5792268969843
138840,40.2418775771616
138841,38.4990856807651
138842,25.5596184068605
138843,29.8267491690234
138844,14.3665828396491
138845,24.9463966113732
138846,29.3674142715056
138847,36.9682964729942
138848,23.7050447969375
138849,26.9551722668354
138850,20.3143190180408
138851,23.8194285614285
138852,25.9058845638998
138853,38.8677164559347
138854,22.6714723553458
138855,24.5552044650106
138856,21.0673985391781
138857,24.1510036142728
138858,20.5417748323775
138859,31.1622496997548
138860,17.3586036425692
138861,23.2782356604461
138862,20.5286767800321
138863,23.6004022009944
138864,17.2873196613405
138865,31.1279305973763
138866,20.0630713768932
138867,22.7340502007818
138868,20.7912918570708
138869,23.2551048737676
138870,16.8854525701213
138871,32.9381798425963
138872,21.2142615559715
138873,22.6828212007932
138874,20.5583092646066
138875,23.5557660427883
138876,16.5792035229316
138877,37.4721616107924
138878,20.9162635787687
138879,22.9190054699932
138880,20.8059840942521
138881,23.60983856502
138882,18.9267787953292
138883,40.4712817238706
138884,20.8544124931303
138885,23.0757798652485
138886,20.9742197642512
138887,23.2455466264754
138888,20.718849284786
138889,46.4888745460741
138890,23.2186415330286
138891,23.8880426340801
138892,21.4784792177992
138893,23.4020464396767
138894,22.5648774784556
138895,47.5196002027032
138896,26.1346372376439
138897,24.9522022536955
138898,22.0444352508356
138899,24.8638011295077
138900,24.5987937474337
138901,46.1906868232124
138902,24.4917971916388
138903,25.0978874065975
138904,22.3652828632643
138905,25.0745719796223
138906,23.8526383116399
138907,28.579581056548
138908,18.9673572177734
138909,22.9863595762168
138910,21.3118815398206
138911,22.6743475716934
138912,19.2833393688092
138913,24.7384019306509
138914,16.1222485007351
138915,20.3750465387142
138916,19.495193197589
138917,20.4089320473588
138918,16.4563313495656
138919,24.2979113067153
138920,17.7039254535471
138921,20.5843484270164
138922,19.5036673273916
138923,20.8395546884009
138924,17.8550218647305
138925,24.2140466279586
138926,22.2330508386686
138927,21.8950727946291
138928,18.8966187283585
138929,21.8466120009952
138930,20.5402531252203
138931,22.8250966300578
138932,23.1821601572007
138933,23.3082305011713
138934,21.8481052005461
138935,23.7503044969599
138936,23.4909125149713
138937,24.888797714376
138938,26.3265926442524
138939,25.7316017247262
138940,24.2436806507058
138941,26.8812452224202
138942,26.4875511311798
138943,27.2298012339403
138944,28.6470577007655
138945,28.1730954582618
138946,26.3146894074253
138947,29.1693616187845
138948,29.5867417824256
138949,27.0772960278503
138950,33.2156783280699
138951,30.6745252201681
138952,29.661529648494
138953,33.1900119449071
138954,33.700045873201
138955,21.4875858245379
138956,38.8352814403501
138957,30.9874435834758
138958,29.1675052547098
138959,37.547954866136
138960,35.6452162262412
138961,35.222897075613
138962,41.3127737189317
138963,34.9004876113154
138964,32.2663717038842
138965,45.2789731905944
138966,43.8327520664603
138967,54.2352715820501
138968,55.6250043554433
138969,38.9835463275905
138970,29.7495977773826
138971,51.4665075468688
138972,53.7619979645895
138973,66.3354286871601
138974,49.7005273725975
138975,38.1803001006515
138976,22.8557958763117
138977,35.2058849203223
138978,50.9540658408197
138979,76.9573984439748
138980,39.4043363233475
138981,34.1283689886931
138982,22.1071248652983
138983,34.2637017667923
138984,39.7042153036141
138985,60.2125407599795
138986,28.9853095174287
138987,30.9209990698892
138988,24.0862369977312
138989,29.619679038493
138990,28.8349678045301
138991,49.6109539911803
138992,25.1301692863414
138993,27.8347264783039
138994,22.4406448504053
138995,27.8971435665213
138996,25.1783619764243
138997,41.0876915189697
138998,24.4184846794045
138999,25.7700176557621
139000,22.6767261348702
139001,26.2072869235227
139002,23.1874770180176
139003,51.6932929137525
139004,24.7061672776129
139005,25.3692338801775
139006,22.5478489521742
139007,25.3608312918292
139008,23.5183157573918
139009,53.8277728381158
139010,23.9950824127827
139011,24.8165884008813
139012,22.1245091734007
139013,24.50839481545
139014,24.1197677421007
139015,57.0957508495621
139016,25.4748409449663
139017,24.7190894194761
139018,22.604307739438
139019,24.7455591531971
139020,24.1774701240347
139021,59.0395588143691
139022,26.6790560130356
139023,24.688535033099
139024,22.1360611914842
139025,24.6196183168801
139026,25.5871035390549
139027,56.3305501573398
139028,26.6159103373742
139029,24.4416347289072
139030,22.3813565868739
139031,24.4432611669342
139032,26.5278763563976
139033,48.8017985397641
139034,26.2462229427452
139035,25.1027901183654
139036,22.1994243887055
139037,24.9772268164295
139038,26.0072508472905
139039,47.4991647822634
139040,30.4862369054064
139041,25.6945353591164
139042,22.6959666351088
139043,26.2095338450089
139044,29.2265247344361
139045,45.9159899753684
139046,30.3811165720744
139047,25.3729276883836
139048,23.2490942887791
139049,26.2099298401969
139050,29.0824254415955
139051,27.6730846294437
139052,25.818070998886
139053,23.4067088627155
139054,21.3911522497723
139055,22.7843666482075
139056,25.3347890639276
139057,20.2408492759592
139058,23.1401189913284
139059,21.5629696054347
139060,19.7335586178452
139061,21.5339757272141
139062,22.1269963504129
139063,19.7472110021383
139064,22.2069678390783
139065,21.1266926003792
139066,19.3112555245484
139067,21.4350940085209
139068,21.2183059397479
139069,20.8701291370903
139070,23.1458443503239
139071,21.1121857242098
139072,20.143917195088
139073,22.5880973621722
139074,22.8970321159266
139075,23.8698613337316
139076,25.3960285949066
139077,22.7049642544728
139078,21.4489989711663
139079,23.8388519682713
139080,23.7494772986454
139081,26.5735620777007
139082,25.2983541320686
139083,24.8313686237034
139084,21.9845775054893
139085,24.5306200126652
139086,25.5353258622009
139087,30.9590933627835
139088,27.2101357529266
139089,26.6357833536034
139090,24.7568679825807
139091,27.4470866016173
139092,27.2995026629083
139093,30.8101711337748
139094,29.7626819669279
139095,27.7217097739123
139096,28.6128292287228
139097,31.6570019804885
139098,29.7345066690762
139099,32.7967773486614
139100,36.341814147904
139101,32.667952085324
139102,22.7015444871474
139103,35.1574104757646
139104,35.4495775927686
139105,40.7718998854242
139106,41.8706392843101
139107,37.1721389177689
139108,17.0995614959024
139109,28.5062970911919
139110,44.5688716183518
139111,62.0652782491351
139112,58.3500095574413
139113,44.4349621203726
139114,35.8117278168776
139115,33.8622818042857
139116,65.5307112807306
139117,66.305491034347
139118,53.1934966469875
139119,40.92016249424
139120,31.4098930850828
139121,41.4730921331627
139122,54.7233902543588
139123,56.9075465625466
139124,41.1762661722912
139125,36.1492895387117
139126,33.637919509972
139127,40.0108642189993
139128,43.1781863766848
139129,49.0964155817075
139130,34.6884325064299
139131,31.2613435540889
139132,31.4153817448437
139133,35.0563410618021
139134,33.9195017860896
139135,44.6782950203679
139136,31.8835885312812
139137,29.2827101868685
139138,28.2946710783118
139139,31.540422535734
139140,30.8562417737405
139141,44.4947156810878
139142,27.0191179498645
139143,25.9957291608842
139144,25.0920045581206
139145,27.7140279735264
139146,26.6007641251997
139147,43.8119737003725
139148,23.2995954763029
139149,24.9711869369123
139150,22.3592775553909
139151,25.5129215156669
139152,23.3128497144763
139153,42.3248832934952
139154,21.0259158087933
139155,23.8681082631204
139156,21.6742199028639
139157,23.6803378084383
139158,21.6456312952688
139159,41.6240283843408
139160,18.6576987909068
139161,23.1592781007052
139162,21.5413533196846
139163,22.7159496203219
139164,19.4275474881634
139165,41.8357518480858
139166,18.4085247284836
139167,22.9434882426443
139168,21.3223007153245
139169,22.5420699475187
139170,19.0992156665173
139171,45.1383809092268
139172,19.8947331106116
139173,22.9762033290348
139174,21.2247660415109
139175,22.4999228575946
139176,18.9269665892333
139177,50.4659175948451
139178,23.0489545408613
139179,23.824648763558
139180,21.5778147762826
139181,23.0322006516956
139182,21.7384731214598
139183,56.0380846007427
139184,27.6675031959994
139185,24.8579890141127
139186,22.2397349848611
139187,24.6869941433171
139188,25.6376228026265
139189,57.2823168280961
139190,28.1503533796109
139191,24.8739185096524
139192,22.3125772829349
139193,25.3212966669919
139194,26.4461268115518
139195,29.1604037633374
139196,22.1117023527005
139197,21.7887008236631
139198,20.8093193963921
139199,21.6476068248807
139200,21.3180907240981
139201,22.7059098057235
139202,17.8289073730954
139203,18.5294279462399
139204,17.5732039215208
139205,19.012291257343
139206,17.8566055699316
139207,20.6460329679951
139208,16.0466574482681
139209,18.362443533329
139210,17.8882394387579
139211,19.8014991858308
139212,16.0556637160343
139213,18.0460668545633
139214,16.637633762996
139215,18.7226916676251
139216,17.7427540600738
139217,20.703142644566
139218,15.9741263453955
139219,19.4963799301016
139220,18.4970824257925
139221,20.1167327438246
139222,19.1856956041659
139223,22.3001073828606
139224,18.5037647376807
139225,21.4167870085353
139226,20.8436124320458
139227,21.3311295414618
139228,20.2920155364342
139229,22.5763930791293
139230,20.6929933139557
139231,21.5524464833551
139232,21.5333297503648
139233,21.9101037238238
139234,22.3491675010522
139235,24.0517378796835
139236,22.2483885630241
139237,21.8993810310101
139238,22.8064659901868
139239,22.8043423407326
139240,23.9464290091419
139241,26.0125728141401
139242,23.2324601565338
139243,23.9792729527678
139244,25.7522894523937
139245,24.6791690987932
139246,21.3284118514795
139247,27.7962216041083
139248,26.3817339366296
139249,31.5145037703036
139250,33.5935869705423
139251,27.9354796525842
139252,24.8454593271299
139253,33.4391754269613
139254,36.4991890362
139255,52.6677524263087
139256,55.2122930100579
139257,38.5644795805834
139258,34.528281663165
139259,53.6685478808627
139260,57.8652124986599
139261,57.4922132469814
139262,45.6884012269497
139263,37.4499356603806
139264,34.5902387564211
139265,43.657979473839
139266,47.5841152741278
139267,54.3480616300764
139268,31.6074445182034
139269,33.8911813948509
139270,30.4567837670429
139271,33.8287780329891
139272,35.3760656352785
139273,49.3972559776684
139274,23.8905420212336
139275,29.9951236404638
139276,25.9935318833022
139277,28.6158673522191
139278,24.6461847841924
139279,45.9283936973941
139280,21.5014255380882
139281,26.7737460833212
139282,24.2772302625254
139283,26.6478970458923
139284,23.1168234816679
139285,45.1184500629044
139286,18.6306677161839
139287,24.7153562001629
139288,22.1245377979729
139289,24.6197468609768
139290,18.4235737109114
139291,45.8538246448044
139292,15.4085720584838
139293,22.8259687983105
139294,21.3091750755746
139295,22.8555047043475
139296,14.6698940794507
139297,40.1260032928568
139298,17.3170486046516
139299,22.2546387631712
139300,20.5277375889477
139301,21.8764503162021
139302,15.9072070391542
139303,36.6733548976648
139304,17.6513188907593
139305,22.0799876761855
139306,19.9143549073597
139307,21.7687581903961
139308,17.4661034235976
139309,34.6919003918886
139310,17.2598696598573
139311,21.8939040286533
139312,19.7677790204676
139313,21.4210280963001
139314,18.1702086867707
139315,34.1111270051788
139316,16.9213185477969
139317,22.1258678873604
139318,19.7828136916331
139319,21.5184218669952
139320,18.5086389659458
139321,35.4011932409351
139322,19.0642934770175
139323,22.4574401373499
139324,20.5168523905086
139325,22.0758245679636
139326,19.8229378255398
139327,37.6850567778988
139328,21.1623342562534
139329,23.4330513092961
139330,21.2676617999365
139331,22.8215717948223
139332,20.9124953692193
139333,40.0115435916107
139334,23.1729110234155
139335,24.1886919265856
139336,21.2979686160403
139337,23.413252822969
139338,22.3238820291751
139339,22.8595661493238
139340,18.6270499181573
139341,21.1835038385889
139342,19.199633847158
139343,20.6749220072492
139344,16.7754400379044
139345,19.9029366501684
139346,14.2466657034111
139347,17.55146643623
139348,17.2668894824904
139349,18.9204714843776
139350,14.5799145839518
139351,19.0918672501779
139352,14.0781617723923
139353,17.4048775108445
139354,17.4125768795266
139355,19.2987772879849
139356,13.7576107313967
139357,17.7604451469478
139358,13.4521377585367
139359,17.8092770496345
139360,17.65704847246
139361,20.3892404189358
139362,13.1917397720901
139363,18.7255826456961
139364,15.4842608174744
139365,18.9405512494462
139366,18.3065478273601
139367,21.5162484199174
139368,15.5917988247693
139369,20.7236880202882
139370,18.7642787066583
139371,20.9188973445782
139372,20.7464293237569
139373,23.2333986745612
139374,19.187573071143
139375,21.9499929787008
139376,20.2530970045857
139377,23.0518011523853
139378,22.2388446718801
139379,24.3604318322942
139380,21.3102487082263
139381,23.099728098682
139382,21.1829541902811
139383,24.3448549122881
139384,24.2738119502621
139385,27.077294570823
139386,22.0427644641035
139387,24.1458614031018
139388,23.8453475066101
139389,26.1358000019549
139390,25.6205527418083
139391,28.9051081656375
139392,25.7593585603416
139393,34.3928767982998
139394,32.267815949542
139395,31.2258595911288
139396,30.5750713652804
139397,27.9051269679678
139398,34.6489459852138
139399,61.8813615726281
139400,49.554517379172
139401,47.0896290696749
139402,36.8305513283052
139403,30.1810145585666
139404,55.1087878356808
139405,69.250584080373
139406,48.5861855254523
139407,42.9790638505585
139408,34.0893571127742
139409,39.0572719728574
139410,46.7623375678454
139411,63.172111552999
139412,30.4987139830876
139413,34.2906239096631
139414,33.7034255391106
139415,37.2373824216159
139416,31.7754292623988
139417,63.9910055808354
139418,23.1513911894333
139419,29.8492519977365
139420,28.8041251881048
139421,30.1852578358719
139422,25.4172094312881
139423,58.9422551568426
139424,20.5860837714639
139425,26.2445339589083
139426,23.4271543023567
139427,26.4798494546791
139428,22.3236624446197
139429,53.0300954235242
139430,17.5630771732662
139431,23.4210549416785
139432,21.7390479985481
139433,23.0774629946816
139434,18.5105245298151
139435,50.8679080865697
139436,17.1118063910686
139437,23.2292941125704
139438,21.585001182063
139439,22.7835981123054
139440,14.8417482662188
139441,39.5406828126561
139442,17.1059744889317
139443,22.2840662646955
139444,20.7190498847386
139445,22.3047555598869
139446,17.0931152725144
139447,36.804931216579
139448,16.5617900591082
139449,21.8877414910664
139450,20.0204632783204
139451,21.6933649400219
139452,16.1895894975616
139453,38.3573306828778
139454,16.6529567836157
139455,21.7636229713888
139456,20.0545720774439
139457,21.9219432261989
139458,16.9539936442266
139459,39.3077078124449
139460,15.9307342724136
139461,21.8878171024329
139462,20.1864013822691
139463,21.6614766774729
139464,17.3420263560997
139465,39.5059570750538
139466,18.6436571732337
139467,22.1370788964006
139468,20.3102003555628
139469,21.9787741306898
139470,18.6264035337078
139471,38.6072002381968
139472,20.4906012697612
139473,22.4288123205275
139474,20.5764274801203
139475,22.3468032261023
139476,19.2810686179598
139477,38.2486204239757
139478,19.2729856138632
139479,22.8718295168539
139480,20.9894591938512
139481,23.1747838334465
139482,19.6825894020304
139483,22.9283126340729
139484,17.2042279317056
139485,20.2213761678741
139486,18.6468360844451
139487,19.514223938858
139488,17.2198129677199
139489,18.5377952820064
139490,14.7658057593654
139491,16.5831911033428
139492,17.0630743764765
139493,17.4841109595209
139494,14.7862924293735
139495,18.0209925919078
139496,11.827196190462
139497,16.8080404141992
139498,16.9544498404834
139499,18.724881586287
139500,11.6447805518896
139501,13.488583567906
139502,11.0853755537737
139503,17.6071986185021
139504,17.7450165405458
139505,20.0075824488304
139506,11.3439166722565
139507,12.6013140677428
139508,12.6788065336674
139509,18.5429010440627
139510,19.0724430724136
139511,22.1768687106938
139512,13.1133749854416
139513,13.267360778748
139514,13.9424833014264
139515,19.3610676146431
139516,21.0765993747054
139517,23.9720749994874
139518,13.9607676760289
139519,12.3757516570293
139520,14.0115319909053
139521,20.4401270258306
139522,22.2608921079596
139523,25.139886999426
139524,14.9261984851944
139525,7.27316097529611
139526,14.4810663708895
139527,21.179990412297
139528,22.8448314690034
139529,24.7491399454938
139530,14.2676489079996
139531,7.24975193786284
139532,13.5127206767747
139533,22.6737198590964
139534,24.9559674046912
139535,25.6994322528918
139536,14.4967101639562
139537,13.8754687661984
139538,16.3809859202416
139539,25.3356433027677
139540,27.0963110894135
139541,28.4449040497164
139542,14.8033392578577
139543,31.6206859563378
139544,27.2918489053172
139545,34.0400410133156
139546,38.5013881297161
139547,42.381249688541
139548,27.3950846897715
139549,36.8212816931267
139550,25.2490807528844
139551,32.2730096139515
139552,37.3743803103299
139553,39.3266734786078
139554,25.7277295333165
139555,33.4950195952309
139556,18.4120210658485
139557,27.7827232622495
139558,29.1930327067578
139559,30.0599859061346
139560,18.7510039418833
139561,27.8913304368998
139562,13.1593333543503
139563,24.4432131455761
139564,24.4515070342859
139565,23.9056099331099
139566,13.5952567501981
139567,25.339286224803
139568,12.2883850472432
139569,22.5173278473521
139570,19.6842418357039
139571,21.842820110468
139572,12.7307547583032
139573,22.7974587083217
139574,9.64328811174644
139575,21.0195796106169
139576,18.6283019181146
139577,19.0327588827876
139578,10.3336679850306
139579,19.6022074564482
139580,1.31274535347936
139581,19.3100599169304
139582,17.0540977908956
139583,16.2685469222321
139584,2.63285292446565
139585,16.9815439555526
139586,-1.43217428627132
139587,18.3301033740664
139588,16.4830193772661
139589,13.846554311613
139590,0.694485596694797
139591,16.2323269994432
139592,-1.40409529909843
139593,18.0211660183147
139594,16.1754612611003
139595,13.6729602037369
139596,-0.51543889442415
139597,16.182195717107
139598,-1.78764747576041
139599,17.7667324394542
139600,16.4604284536784
139601,14.1291919167354
139602,-0.90365731101064
139603,15.682815478942
139604,-1.35758830027605
139605,17.7136826654602
139606,16.5488559763373
139607,14.5152246820813
139608,2.39419423957712
139609,16.7529760195489
139610,0.967736345679349
139611,18.7494181947883
139612,17.0176184735796
139613,15.5024549580442
139614,5.25765042268792
139615,17.2198150817675
139616,7.22363444998083
139617,19.1517719290927
139618,17.2252339376123
139619,17.9012658823958
139620,8.77292781751643
139621,17.1413900204899
139622,9.66005846892758
139623,19.2517471613995
139624,17.5287489917154
139625,17.8935571831411
139626,10.8159139065492
139627,8.48192399754374
139628,7.73766460878746
139629,17.4306754718782
139630,15.7292224306594
139631,14.7430920973771
139632,9.94694356409124
139633,4.21365567869246
139634,2.6544841953104
139635,13.8472919778072
139636,12.7561945837414
139637,12.7101838476309
139638,3.63616634158121
139639,-0.413118707325097
139640,-1.18445309180119
139641,12.9590726097822
139642,11.7724301937513
139643,14.1407961871301
139644,-5.0615663039921
139645,-2.76080825466508
139646,-4.21254189423179
139647,14.2480035705142
139648,12.6135820520222
139649,14.1838445896399
139650,-6.30268948192199
139651,3.53786974243468
139652,0.217334860574734
139653,16.0156785049391
139654,16.2196494947421
139655,17.5524625983401
139656,1.54351044009568
139657,6.9089966993266
139658,8.7990365657203
139659,17.6866130320063
139660,19.4889374953017
139661,21.0581547099402
139662,8.16495388295663
139663,13.8735261998349
139664,12.9654886319982
139665,20.3572158406841
139666,22.6039681284726
139667,21.9467061840603
139668,12.7001302517124
139669,17.8789683163385
139670,11.6359998045897
139671,21.7878208832898
139672,25.7550489794204
139673,22.5603655905214
139674,12.0795971282657
139675,17.3606938315138
139676,16.471614765848
139677,21.905458252161
139678,24.5689243634471
139679,23.4566507901088
139680,16.7263762865059
139681,25.673463417479
139682,21.3999296472507
139683,24.9853376340778
139684,26.6202861256474
139685,26.3070295593041
139686,18.8089821292395
139687,64.0420382112087
139688,31.7605886967749
139689,30.6722552928311
139690,32.2147891373839
139691,32.7836963864041
139692,28.6326094301306
139693,79.454184434986
139694,32.6153994683528
139695,27.4536081621895
139696,29.7073919950137
139697,29.9009359904964
139698,23.8834536382768
139699,77.9747610036194
139700,32.4682498577953
139701,25.2156112255421
139702,23.7284203692986
139703,25.1766109423098
139704,22.6186581845572
139705,65.8739042238707
139706,21.7704073185956
139707,23.0539876957728
139708,23.0696929539415
139709,23.0527264963717
139710,20.2053452491399
139711,37.30085102334
139712,22.1714004283524
139713,21.7819978555357
139714,19.2373102089183
139715,20.0370709123483
139716,23.0404452579345
139717,28.7576584516789
139718,23.3908267496036
139719,20.7419191843285
139720,16.6484371624537
139721,18.0397022732859
139722,20.8835134449962
139723,27.404051590078
139724,13.9671346268165
139725,19.7263984436824
139726,16.1241147713788
139727,16.3753093846381
139728,13.3906568247797
139729,25.8908545374849
139730,9.25304937628057
139731,19.4999606265558
139732,15.7758324695166
139733,14.8678774948601
139734,13.6604715433822
139735,24.930573822696
139736,9.86767464747347
139737,19.5968620798097
139738,15.7048274049413
139739,15.2083849576273
139740,13.482689347487
139741,27.1701718144148
139742,9.49435627575652
139743,19.8144481947178
139744,16.7991233189286
139745,14.7132001094863
139746,15.5655509078817
139747,27.5962677352525
139748,13.5100302148969
139749,20.3510643410062
139750,17.6191301640617
139751,14.7108361446506
139752,15.8136798861061
139753,25.8896209039298
139754,16.6442696168177
139755,21.9371924656463
139756,19.7833732977158
139757,16.8098815064686
139758,17.8118817940615
139759,26.0199707524587
139760,18.6505629410461
139761,23.2041371557341
139762,21.4821293618909
139763,20.7167954710897
139764,20.3592564032177
139765,29.6951350506695
139766,20.5804542713975
139767,23.8500616774055
139768,22.3569938551055
139769,21.7853654572289
139770,21.4813357502386
139771,20.5418839253765
139772,18.0324102293298
139773,21.3385027681691
139774,20.002791383702
139775,19.8591009007351
139776,18.9560742063436
139777,18.082392007886
139778,18.4737081367323
139779,18.3513766158957
139780,17.9343579692518
139781,17.6788245884061
139782,18.483539020757
139783,16.0733836187125
139784,19.8269453424308
139785,19.7029521470952
139786,17.9888732278748
139787,18.177396781682
139788,19.8176135737669
139789,18.8987046653682
139790,21.1849245374811
139791,19.8987302230388
139792,19.1965477505565
139793,19.7376754730338
139794,21.9538128163345
139795,19.6704542082174
139796,22.4600897043389
139797,21.2655364160363
139798,19.5007356894012
139799,21.0400679565645
139800,21.7789529264807
139801,21.2889552056756
139802,22.5449198635408
139803,22.8501168152087
139804,20.8238591142173
139805,24.0223366920065
139806,23.0044484283874
139807,26.8440217351536
139808,23.3036533222818
139809,25.0796009386057
139810,21.8517699446583
139811,25.5429929334243
139812,24.539505674747
139813,26.6849885529929
139814,22.9731602232923
139815,24.7995010420756
139816,21.5950116999687
139817,26.0338035651686
139818,23.7203266241275
139819,26.4961736748099
139820,27.3925123220741
139821,25.9892271258515
139822,22.4181594490676
139823,26.6055354689951
139824,27.7241885997141
139825,28.043272322062
139826,32.8627723246279
139827,26.0794789206325
139828,22.3982479469143
139829,30.1270866794906
139830,32.9445285378344
139831,37.8958703582632
139832,49.927599472393
139833,31.8099447440356
139834,34.4816312106825
139835,38.6806263875261
139836,51.9875479740444
139837,39.8194646107166
139838,39.5771028963992
139839,30.8765431824325
139840,23.5241895320362
139841,35.5422556519968
139842,45.3343878274707
139843,36.5026246561211
139844,32.9984813416198
139845,28.5839179669895
139846,25.7641802885196
139847,25.6161319117145
139848,32.3605485155123
139849,33.3426339185877
139850,25.3940511471284
139851,26.1072581621684
139852,23.3566683000198
139853,24.0583029272436
139854,21.3805194215528
139855,27.4085196020268
139856,21.6143091043284
139857,23.4135473374671
139858,21.3883952124104
139859,22.4428255651258
139860,17.8961459337284
139861,25.1380931339752
139862,21.985739585777
139863,21.8472369985943
139864,18.5680283313768
139865,21.4282366271193
139866,16.8375691706859
139867,24.0994996204429
139868,15.6383175723773
139869,20.9924983906092
139870,18.133291826543
139871,19.1463422342306
139872,13.2676991118374
139873,23.0597951611786
139874,12.9944126068345
139875,20.4953396548894
139876,17.7014318367136
139877,18.585575251886
139878,11.6802695974928
139879,22.3328855379632
139880,13.2039334118944
139881,20.2474034167535
139882,18.0620566222298
139883,17.3628685817019
139884,12.3687175356529
139885,22.296453228143
139886,14.5236802508452
139887,20.3030366964719
139888,18.4353130974631
139889,18.515781859551
139890,12.3860915383811
139891,22.5723251284822
139892,14.0212052960895
139893,20.5208976340725
139894,18.7209788058906
139895,19.4041366235569
139896,12.4061355404504
139897,23.0973963337598
139898,17.4734474315078
139899,21.5003243263814
139900,20.0215972345363
139901,21.5842012210876
139902,15.1652538529855
139903,25.2229616837056
139904,21.3052923387968
139905,22.8417080432893
139906,22.4837214330621
139907,23.9895352447956
139908,17.9130690639413
139909,27.7818810269729
139910,21.7091968357356
139911,23.4753328222993
139912,22.3970041923927
139913,24.6015924737875
139914,18.2153589043426
139915,20.3422798094769
139916,18.6586982944696
139917,20.9317042401481
139918,19.637065849671
139919,20.8330856927038
139920,15.8379211627684
139921,15.2009915138437
139922,14.6338328784214
139923,17.159083591696
139924,17.2828054913337
139925,18.6284170874318
139926,13.2054508772446
139927,11.3676344461314
139928,10.9478892564375
139929,16.4007411471949
139930,17.688104108865
139931,19.7137410102584
139932,11.0800964976885
139933,8.72552439686968
139934,11.3850742011152
139935,17.0632696668933
139936,17.8752736665117
139937,21.476760016366
139938,11.6675632006468
139939,6.47777265238466
139940,12.4142845784907
139941,18.5112213652311
139942,19.7242102968005
139943,23.5394259089926
139944,12.5645888594319
139945,8.11264062518112
139946,14.6677240403365
139947,20.0154579142015
139948,21.2191038392899
139949,25.6408552406743
139950,14.6620330861195
139951,9.39614886517884
139952,16.5570168710713
139953,21.9997183996888
139954,23.3765969439854
139955,26.1211857734318
139956,17.063616355472
139957,10.1430750325203
139958,17.5049474181115
139959,23.2072261408329
139960,24.4143877110022
139961,27.3380312607377
139962,17.9382563419679
139963,9.72085969310255
139964,21.0238125502997
139965,25.2134615208675
139966,26.1654950495264
139967,29.1179623344359
139968,21.6681339338244
139969,16.7658177681008
139970,23.7326172046237
139971,29.3845798414716
139972,29.7499391821764
139973,34.2074711007712
139974,27.8484888728024
139975,36.5865955866612
139976,42.6700733084471
139977,36.949574179126
139978,35.5983954262172
139979,39.725493115302
139980,46.9210789393528
139981,40.1043299651374
139982,37.5647018338709
139983,33.8276877518898
139984,32.7168920892238
139985,29.8520184158677
139986,37.537834865542
139987,40.487337815564
139988,31.1907791291047
139989,29.6743011400562
139990,30.2001543471874
139991,27.2519282048721
139992,28.3393415440016
139993,35.8811537359899
139994,20.1711637028956
139995,26.5246528805388
139996,24.4960747706362
139997,25.6199319271745
139998,22.1561959773547
139999,33.4024849170974
140000,16.8096776469939
140001,24.1825388209275
140002,21.6664692052775
140003,23.4049569029061
140004,16.9671320436371
140005,31.2909232997602
140006,13.8854901543701
140007,22.5665772013479
140008,19.4124404891822
140009,22.5406515952727
140010,15.0360021851557
140011,31.3287373459629
140012,12.8455726299358
140013,21.7712451346058
140014,19.1039015203162
140015,20.2556364152645
140016,14.1544030496537
140017,32.5420736937318
140018,12.9980220922161
140019,21.579743128121
140020,18.9667628626279
140021,20.7065866081997
140022,13.6900067073728
140023,33.0175482904216
140024,13.1710993048309
140025,21.5537172380559
140026,18.8872068729249
140027,20.6749961141477
140028,13.9786751971526
140029,34.4390393674287
140030,14.2305604706892
140031,21.5996515110029
140032,19.022664381067
140033,20.6908865526858
140034,15.1142898781482
140035,35.5978499704163
140036,15.843978573683
140037,21.8777367898233
140038,19.3659012783958
140039,20.8417206378864
140040,15.9939346558436
140041,38.496435387465
140042,17.887195804488
140043,22.8974555097393
140044,20.2823313014086
140045,22.3287605694559
140046,18.2995087683301
140047,42.2352155359498
140048,20.4093812943131
140049,23.6870316244222
140050,21.6140119012261
140051,23.2543215119738
140052,20.0676397562021
140053,42.1219571523985
140054,22.14940417488
140055,24.5823503592626
140056,21.9504504243758
140057,23.5865027095491
140058,21.6106681408906
140059,21.7830294289729
140060,18.7728980921883
140061,21.306214525557
140062,19.7982957315854
140063,20.7764938182528
140064,18.2090825301721
140065,18.0228968536187
140066,14.8185943253165
140067,17.3755174911742
140068,17.4829368553906
140069,18.347032567578
140070,14.3040733404151
140071,13.9622950677067
140072,14.9885646858976
140073,17.0800306191716
140074,17.1473494527325
140075,19.0721818171617
140076,14.7521003988797
140077,10.3691979409011
140078,13.9420847505395
140079,17.7112067558613
140080,18.1713929327974
140081,20.9916362725096
140082,14.213422141423
140083,10.2383637195936
140084,15.579264491673
140085,18.8408019903181
140086,19.3134193860405
140087,22.4320952986138
140088,16.0990060374998
140089,13.2949835508884
140090,17.7601499601886
140091,20.7770298633232
140092,21.488165854266
140093,24.4585745282308
140094,18.6940480678038
140095,15.0479000826553
140096,17.5850218407656
140097,22.5784186878376
140098,23.1008395137171
140099,25.5545437339991
140100,18.4857333232011
140101,14.7680340293696
140102,18.6267413314669
140103,23.7457367881267
140104,23.9901661125228
140105,27.224563029249
140106,19.7697775617747
140107,13.955374128946
140108,20.3226801267442
140109,24.6529482386848
140110,25.0077331837428
140111,27.9205609263273
140112,20.1223027291006
140113,19.0588538375578
140114,24.267828980221
140115,28.4833840088847
140116,28.9055123526863
140117,32.2292928290238
140118,23.8883836699075
140119,37.096288371134
140120,35.9946167212856
140121,38.6623163255744
140122,41.2972178448255
140123,48.2652866422585
140124,39.4619913904536
140125,41.7039837767695
140126,27.4371030893464
140127,33.2864662345311
140128,36.8752664464707
140129,40.6520762266719
140130,29.6106327370691
140131,43.8462329012415
140132,20.9770500640327
140133,27.820256501632
140134,27.9711138334213
140135,30.5738687504273
140136,23.3124363966003
140137,34.4524222821194
140138,15.8080826749484
140139,24.6019241742351
140140,21.2502547674201
140141,22.9453814776498
140142,15.7532838109042
140143,31.9763197680052
140144,12.4718434220318
140145,22.9925708041329
140146,19.3322893812349
140147,21.7455187765515
140148,14.3077479917375
140149,30.5568162585921
140150,10.1159804129735
140151,21.2048458581114
140152,18.9862383726261
140153,20.0611495053958
140154,12.3367359560199
140155,29.8446294546608
140156,9.21970777767638
140157,20.6001245605309
140158,18.3820701072042
140159,17.9482989164206
140160,9.62444516907889
140161,30.2209079521503
140162,9.51941403178214
140163,20.1080406323554
140164,17.8467539306178
140165,17.3008200761572
140166,8.14593638736144
140167,30.0889192471699
140168,9.51807318954598
140169,20.0031622108117
140170,17.4570064053493
140171,16.3966885872386
140172,7.8935527588609
140173,30.6577059949902
140174,10.8044445327427
140175,20.0473662005034
140176,17.3414383104933
140177,16.4490287253362
140178,9.86872087722708
140179,28.1300112683729
140180,11.9290659322107
140181,20.2003029421208
140182,18.4657179872237
140183,18.7791514386607
140184,11.2070995810155
140185,29.1624392957824
140186,15.1846883328717
140187,21.0955266790115
140188,20.1918644487049
140189,20.7975489349119
140190,15.5545231314218
140191,25.6886322363121
140192,18.471139183261
140193,22.1286650374687
140194,22.1418273729168
140195,22.8945444797574
140196,17.7304284369427
140197,26.2671300690339
140198,18.4749563418479
140199,22.4239199812088
140200,21.9552379043379
140201,22.9418806880647
140202,17.3494017673081
140203,15.0925098799617
140204,14.8253947739204
140205,20.5505392314399
140206,19.303317467312
140207,19.9589606478927
140208,14.3214469859726
140209,9.20253475041267
140210,10.9665045768589
140211,16.6714525683924
140212,16.5190868797819
140213,16.0732519383856
140214,10.6529443535141
140215,4.12804521193953
140216,9.26397179997354
140217,17.0564382596425
140218,15.3794922186498
140219,16.286589264515
140220,9.51965021724302
140221,0.831716116903443
140222,9.32224419433907
140223,18.1465715788543
140224,16.2256366652054
140225,17.9653534985796
140226,9.30698874740007
140227,-1.43611750798079
140228,8.75124563670138
140229,19.0906449031152
140230,18.7811499179389
140231,20.1173029816653
140232,8.59110538782203
140233,2.73568574469449
140234,11.0077262739164
140235,19.7102448699996
140236,21.6456788297771
140237,22.0387294594149
140238,12.0379918683418
140239,3.87404341821145
140240,11.3896748703425
140241,20.446642223531
140242,23.2090717712456
140243,23.2761299287287
140244,12.3316168821075
140245,5.1190999482356
140246,12.0932701604218
140247,21.2625868283037
140248,23.5561260883606
140249,23.8574484512409
140250,13.955826576395
140251,6.3100949059391
140252,14.444445685837
140253,22.9071974816171
140254,24.921291076601
140255,24.3597463223826
140256,15.3497754905932
140257,12.1113923894062
140258,15.1307454475292
140259,25.9000818043285
140260,24.773787519226
140261,26.7121243498825
140262,15.4402297373405
140263,29.4258301570584
140264,24.1982747775195
140265,30.0977595021551
140266,28.5989693427982
140267,32.9047065544857
140268,23.5516246833218
140269,32.026570575933
140270,19.7079167016719
140271,27.7391605130873
140272,27.047011773205
140273,30.3520077696617
140274,18.0817717155161
140275,27.0853914920221
140276,14.175229621734
140277,24.9811875286386
140278,23.8317403930056
140279,25.7452283127816
140280,14.932129391252
140281,24.5452885283153
140282,11.1310666146228
140283,22.7335416609508
140284,17.6246139053461
140285,21.6589794876811
140286,11.0784639234504
140287,23.5735381811083
140288,7.25190466182985
140289,20.9639407338044
140290,17.6088676316409
140291,19.5917702485906
140292,8.51436635794773
140293,22.5705049106337
140294,4.40619638047119
140295,20.3007342555117
140296,17.026528193205
140297,17.6489299524228
140298,4.48954211919831
140299,20.7659374803421
140300,8.25062387384771
140301,19.4893002532733
140302,16.272781411106
140303,16.5096226841002
140304,8.0153463004556
140305,19.0676221323195
140306,10.0374177228876
140307,19.0068281031139
140308,17.6834847353167
140309,17.6239197375446
140310,7.89328160740962
140311,21.1458523376082
140312,11.5422321673158
140313,19.3611425684045
140314,16.7297908527792
140315,17.0852563560542
140316,9.68603267694302
140317,21.0904284715406
140318,13.2727973293854
140319,19.497332424448
140320,16.7224584923319
140321,16.8689932782808
140322,11.8116505546522
140323,22.0062404601944
140324,14.1580816269039
140325,20.6550752793877
140326,17.7562825956455
140327,18.0248724880836
140328,11.4117009031
140329,23.2869332675977
140330,18.0341746854175
140331,21.6153738536056
140332,19.8567613367911
140333,19.6494554153915
140334,14.9003609759174
140335,25.6494967032902
140336,18.7035619077157
140337,22.754486922086
140338,22.3495854145913
140339,22.5062686210348
140340,19.9137300561942
140341,28.0595358359568
140342,21.1564597697479
140343,23.3261632205048
140344,22.7240852446632
140345,22.9993006606892
140346,20.2258918227275
140347,19.9717386824204
140348,17.4079680535122
140349,21.7221014772581
140350,21.3872110089924
140351,21.9608336192429
140352,18.6507925248053
140353,17.680357419669
140354,15.110452947772
140355,18.0672336549156
140356,18.3015495688734
140357,18.7104239395008
140358,15.032972663579
140359,18.4124018351574
140360,12.1179070044039
140361,18.2172085692654
140362,17.5714014585618
140363,19.0521768255447
140364,10.8266072970371
140365,19.7736640355138
140366,11.9274521333148
140367,19.1815728115088
140368,18.9036232809311
140369,20.2728163589936
140370,11.7016312718192
140371,21.3360327358198
140372,16.8304234249279
140373,21.2912875117935
140374,21.4626241705105
140375,23.4712655449669
140376,16.3927512856085
140377,24.0580936770608
140378,20.4208910940704
140379,23.1315232465405
140380,23.629155380414
140381,27.0606010834779
140382,20.6135264345514
140383,26.4861153878019
140384,21.635702423819
140385,25.1474942719661
140386,25.1016753384882
140387,28.5865312754499
140388,21.9509347258384
140389,29.6036312598974
140390,23.5471472601023
140391,27.2487120029249
140392,27.222325835566
140393,31.0766991851532
140394,24.020583919365
140395,29.66427742447
140396,25.5583283631088
140397,27.0607571149195
140398,27.5699967585946
140399,31.7362121390954
140400,23.9114244630755
140401,40.6523355098262
140402,34.7175790279037
140403,29.9349905846082
140404,30.5720932617201
140405,37.3910444289134
140406,31.8176338825598
140407,71.1539842120877
140408,43.9009441094625
140409,34.2061450682
140410,37.1366221294212
140411,47.1269149194784
140412,43.8599258152973
140413,62.4190720677271
140414,31.7069651774881
140415,31.8110968280285
140416,32.9158633808272
140417,36.921842068386
140418,34.1680464217287
140419,52.4487677681958
140420,24.6072559422561
140421,27.3038136284533
140422,27.9219768112032
140423,30.1775846998985
140424,23.2138263280461
140425,33.3010073804762
140426,16.8605499300243
140427,24.5117123771733
140428,23.1833456411325
140429,24.914928385857
140430,16.2611802399915
140431,28.2459668140141
140432,15.1419147880854
140433,22.9000401555991
140434,16.0136852687306
140435,20.2947885981167
140436,14.1025485693065
140437,26.3024813367957
140438,9.86808750123393
140439,21.4336987018379
140440,16.083228449748
140441,19.3233732015052
140442,10.6129613114992
140443,27.9308279490569
140444,9.72747815614844
140445,21.33845271974
140446,16.5784631111876
140447,18.5385157555109
140448,10.0515356489906
140449,24.9588749109476
140450,10.4511432299193
140451,21.2212690973467
140452,17.7827160360087
140453,18.3576761786632
140454,11.3767594853212
140455,23.9145473730872
140456,10.7656699860934
140457,21.044055997425
140458,17.6468279125557
140459,18.2891196220214
140460,10.7466766803531
140461,23.5999466982987
140462,9.94522814861116
140463,20.8674845601052
140464,17.8484754318012
140465,17.2665723295015
140466,9.03899310578255
140467,23.5709646729498
140468,8.92218401527983
140469,20.940415109798
140470,18.0304103717284
140471,16.7420471109807
140472,9.45176594261712
140473,27.4536497160029
140474,10.6748783807511
140475,21.3252731153504
140476,18.5359868463845
140477,17.389231146177
140478,12.1574567145879
140479,27.9968438460666
140480,15.7758325606461
140481,21.5941423839429
140482,19.367006442241
140483,18.6381955688399
140484,14.4675950322778
140485,41.0230291489844
140486,18.7994760685579
140487,21.1627425624539
140488,19.8527943337893
140489,21.2970819655313
140490,16.2318733165169
140491,34.8167280152112
140492,14.0727316513319
140493,21.8706213653359
140494,19.4058748878386
140495,21.2867480691695
140496,13.8187349221642
140497,24.6954640306184
140498,12.9339065117311
140499,19.711168114307
140500,18.7614677487104
140501,20.0006003481741
140502,12.3226127406669
140503,25.1846632936625
140504,18.9967272555081
140505,18.7853921267256
140506,18.8936779332133
140507,20.422443281205
140508,19.1627985074328
140509,20.1489913184935
140510,17.3718108812994
140511,19.0114805313942
140512,19.0596379297566
140513,20.9408304415503
140514,20.0298541485933
140515,12.6312786619422
140516,15.7678730794901
140517,19.2393114355896
140518,20.6183605133135
140519,22.1721114860145
140520,15.769812815415
140521,7.59494455384603
140522,15.7214308872524
140523,19.9645655696171
140524,21.5238278058209
140525,25.2268560462876
140526,16.3216707311318
140527,6.34615327381005
140528,17.9574202605576
140529,21.0194180875406
140530,23.3880036093286
140531,27.152944241451
140532,17.0041406242478
140533,6.77623522542699
140534,18.6377450578722
140535,21.5312176498386
140536,24.8685538836955
140537,28.9898794152258
140538,18.1338427800314
140539,7.48313061618973
140540,23.8847834402234
140541,22.7596111886212
140542,25.6855098219465
140543,28.8945114346309
140544,24.4860345570267
140545,14.1925363816418
140546,33.0125242728719
140547,25.8347151709063
140548,27.3664878633683
140549,30.2059643590282
140550,34.1907648659783
140551,36.9764590336468
140552,37.3376965375203
140553,33.3070949969507
140554,31.2469234078393
140555,38.6450628659851
140556,41.7517595025656
140557,55.0768583546555
140558,37.2311230630153
140559,32.9739276061758
140560,31.4361912992375
140561,36.7195882217768
140562,29.1780571660444
140563,60.1527072805538
140564,28.4361328526482
140565,29.1201257607746
140566,27.9449400271089
140567,32.3356339201936
140568,26.5996009331593
140569,58.2147707068779
140570,22.9188134337232
140571,25.934629052875
140572,25.830003568946
140573,28.0543500212153
140574,21.1413390756155
140575,48.914527908484
140576,21.2301136627984
140577,23.4723799835534
140578,21.3424328478184
140579,23.8045807997049
140580,19.4622375350079
140581,37.9638589629328
140582,16.6375907331635
140583,21.9560613694112
140584,19.8786474910376
140585,21.6393337801389
140586,19.8716982624702
140587,32.2718703210179
140588,11.229808227578
140589,20.4693678747585
140590,18.0679941959074
140591,19.0465778593743
140592,11.5967289422216
140593,25.5612066269971
140594,11.0054597638747
140595,19.6516613104097
140596,18.2016996631569
140597,19.0629954250802
140598,7.31246027996925
140599,27.1235710307398
140600,10.077566449928
140601,19.675012435198
140602,17.9815421154577
140603,19.4444726513664
140604,6.8809349318012
140605,23.8730374582698
140606,13.291943095918
140607,19.8358013109068
140608,18.6334629850645
140609,19.7152237390517
140610,11.3123265848206
140611,23.3987064766887
140612,16.2674601684404
140613,20.2794244534194
140614,19.17693350414
140615,20.2299480766101
140616,14.1896215483424
140617,23.8035425810149
140618,18.4329932815815
140619,20.5957491711917
140620,19.7123524112848
140621,20.8738859695387
140622,16.3092242989189
140623,25.2800888037911
140624,21.8869365962694
140625,20.8999745846671
140626,20.3759432972313
140627,21.7998202913021
140628,20.7180982729926
140629,27.808261078009
140630,24.4089176589831
140631,19.5154318511056
140632,21.7654365690433
140633,22.795586482961
140634,23.5221086638792
140635,18.5015031335467
140636,19.6759144005267
140637,16.4417473023639
140638,19.2481330614773
140639,20.2981465594963
140640,18.6183388165943
140641,8.4420020464755
140642,14.2864271431796
140643,11.2052323242273
140644,17.2975268255038
140645,16.4291468974671
140646,13.6182805145317
140647,5.25976820716428
140648,12.2517512195601
140649,9.62309709440595
140650,16.9968346909631
140651,12.6698285807723
140652,11.6978876061195
140653,11.6554458566371
140654,12.7180644050618
140655,9.00755829797038
140656,14.3257526842977
140657,9.92438559927414
140658,12.4143868490392
140659,14.6998022536468
140660,11.8207129517619
140661,8.87005403302421
140662,11.149280115276
140663,10.4569698484566
140664,13.8069248642233
140665,15.589256080726
140666,11.8673828411982
140667,9.69230341919333
140668,13.2103054837681
140669,15.9620822224831
140670,11.6423044529174
140671,16.1241260209849
140672,11.9669591076564
140673,10.8506710043476
140674,17.2444360781632
140675,20.6910685079247
140676,12.145964995754
140677,16.0573732309796
140678,10.1882852568786
140679,11.793772647628
140680,19.6515845693215
140681,24.6531218617517
140682,10.7154901035079
140683,15.6972073410067
140684,9.88206013451555
140685,14.1998699847864
140686,20.0632030490915
140687,24.4048741929435
140688,10.3995689380875
140689,25.1657673856678
140690,16.4467890951504
140691,18.859558418297
140692,23.0710299310958
140693,24.0946910997915
140694,17.6095898731701
140695,52.3909270855839
140696,25.7865165487575
140697,29.0101331364192
140698,32.5395994843479
140699,34.4837319500349
140700,29.2665252280228
140701,58.0481764406808
140702,22.5066261484491
140703,27.1939399551556
140704,28.8067930076917
140705,28.370953057609
140706,23.571983776928
140707,45.6420124087346
140708,16.4512824068767
140709,23.500769502503
140710,19.0636390990614
140711,22.48647283255
140712,16.3424802081877
140713,33.0656295958879
140714,11.7827500823602
140715,20.931875781027
140716,17.1843756500776
140717,16.3385448789037
140718,10.5927191656778
140719,26.485719588473
140720,5.3190937009619
140721,19.6883063904777
140722,18.0335448567125
140723,16.4369805347041
140724,6.68950147387018
140725,19.4139220028065
140726,-3.56291018333936
140727,18.6802241297218
140728,17.6333018569087
140729,17.5866377990639
140730,-5.05972334761096
140731,16.2122847718654
140732,-9.46900564618011
140733,18.0867510355369
140734,16.7189465825671
140735,17.8506201917089
140736,-12.3845362037274
140737,15.5025795744617
140738,-13.1312480889102
140739,18.7265836623734
140740,16.7200545556469
140741,17.2415100833683
140742,-15.9390913483149
140743,15.1357421417907
140744,-13.1450838346249
140745,18.2540189149247
140746,16.4964712086601
140747,18.0501867402944
140748,-12.6889178590721
140749,15.8067117556854
140750,-12.4892099297827
140751,18.3255848203297
140752,16.6751228925193
140753,18.4550231348309
140754,-14.2724373167225
140755,15.9097500484746
140756,-12.3809377326381
140757,18.7260025692903
140758,17.2031712959406
140759,18.7624650977951
140760,-16.1839208003088
140761,15.1193061635224
140762,-9.61579658605121
140763,19.4850411666997
140764,18.5068896417109
140765,19.6929367784037
140766,-10.5126871535939
140767,16.9044096243102
140768,-2.25816208680821
140769,20.3945531851304
140770,18.5417901914431
140771,21.1560231559835
140772,-1.8768722210756
140773,17.7527858314198
140774,-2.27524816089743
140775,20.491902372105
140776,18.5502858221634
140777,20.6768210362243
140778,-0.623945655800295
140779,8.77902222650453
140780,-8.1566717645027
140781,19.1781712034345
140782,17.0044046241561
140783,18.4688889349327
140784,-7.32109157845753
140785,2.22395411172884
140786,-10.8459005327854
140787,15.3938907150692
140788,14.4387904591288
140789,16.4954805011925
140790,-12.3223750581479
140791,0.0949748739831797
140792,-13.2927327227043
140793,13.0830318409392
140794,15.4430078040624
140795,17.7153125126851
140796,-13.91910449166
140797,-0.885273544058748
140798,-14.8003476960515
140799,13.8479451979891
140800,14.9890119759524
140801,17.2425657947319
140802,-14.0147534970299
140803,7.19034588436681
140804,-13.1762805938344
140805,12.8216119661976
140806,15.1230523241908
140807,19.3421527006319
140808,-12.4613010922249
140809,8.16060744611585
140810,-9.09552431959801
140811,15.4307139408385
140812,15.7977359953771
140813,21.996005395886
140814,-8.07805572964873
140815,9.98286602247042
140816,-4.65493712134275
140817,16.8001904089281
140818,18.6853621195732
140819,24.3652953574044
140820,-4.58484923969396
140821,12.0762006757402
140822,7.58435654783557
140823,17.524413186171
140824,20.0494048909915
140825,26.5438715742138
140826,-0.565697915055203
140827,12.1013978583995
140828,13.3438873697425
140829,18.7288660464396
140830,21.9642972462803
140831,27.3220876293474
140832,8.984849685933
140833,19.0593523827212
140834,25.8228595575139
140835,24.2824250673426
140836,26.5445692092908
140837,26.0917829343909
140838,15.6443683110732
140839,39.6306297013395
140840,28.7831339727119
140841,28.5699210528825
140842,31.5243056289314
140843,32.548736765382
140844,41.3171495148896
140845,54.0609642201448
140846,22.2390438307657
140847,28.9639084804801
140848,31.3547422543052
140849,32.8623217424768
140850,25.5590618269276
140851,58.4277142713768
140852,18.2433096666837
140853,26.5881028218124
140854,25.8716434527532
140855,28.793815877124
140856,19.3865460638906
140857,55.133554611272
140858,15.6036654783036
140859,23.1798744916078
140860,20.147952795739
140861,24.2139187634377
140862,14.7354778648962
140863,40.8550609281339
140864,14.1001517793122
140865,21.3622877187087
140866,18.2541526009134
140867,21.138074322923
140868,12.9465115639218
140869,30.0308778227774
140870,11.3954968814154
140871,19.0524248634697
140872,16.7941990290498
140873,17.8947264538901
140874,10.2203610811858
140875,31.2802814583027
140876,10.4461490108849
140877,18.3724713619157
140878,15.4198137331142
140879,15.0503658212145
140880,9.53881472204943
140881,32.1171032648958
140882,8.6224681848833
140883,18.0188615504692
140884,15.1708939612371
140885,15.2385918619031
140886,6.87018112073707
140887,48.1346947148289
140888,12.3454924529322
140889,18.0746999760188
140890,14.160221876897
140891,14.113283325629
140892,10.0730376983743
140893,29.3947665881658
140894,14.2371948440211
140895,18.2346693686785
140896,14.0563376705345
140897,16.4596721063913
140898,11.6097585164348
140899,22.3238886703229
140900,15.8768665729762
140901,18.6599865000027
140902,15.5942908191064
140903,17.1894533734822
140904,12.3172765588433
140905,24.3110148022847
140906,19.1128474375843
140907,20.9581111622372
140908,17.0548570432303
140909,17.0870455809629
140910,17.3438013534603
140911,24.8827818222492
140912,20.9105328268194
140913,21.6730792758125
140914,17.5079308491404
140915,17.1024877233411
140916,21.4605587198833
140917,25.9903398520385
140918,21.7409405728243
140919,22.3395281112953
140920,19.323586163159
140921,19.471836216873
140922,21.6106476125836
140923,16.8174081598442
140924,18.2802610234019
140925,20.6487993157059
140926,19.2243063597128
140927,20.2779504388152
140928,18.5453089136654
140929,11.9262263743393
140930,13.9374154770763
140931,16.6734284595462
140932,15.9034460676485
140933,16.5511849914526
140934,13.6931354124346
140935,7.66132789653608
140936,14.3227201785307
140937,16.6633437757724
140938,14.9714154510295
140939,16.9609141142893
140940,13.5602556478365
140941,6.04807760004638
140942,15.5438076867781
140943,17.3344973061
140944,16.3091209093594
140945,19.8944418399322
140946,14.2440986617767
140947,9.90510888857265
140948,16.1169673548202
140949,18.9316989361391
140950,18.5852529806802
140951,22.2832707880055
140952,15.7785858120609
140953,10.9860186720858
140954,17.3750304171871
140955,20.2633728426795
140956,21.3287757008821
140957,24.674077542649
140958,16.5622449170166
140959,15.3417835684138
140960,19.5854499150563
140961,21.5227301176069
140962,24.3335755494382
140963,27.856317679117
140964,19.1476123965086
140965,17.4893475235151
140966,22.0295180598115
140967,23.5077050842791
140968,25.6702391502646
140969,29.9677230925203
140970,21.3719211735556
140971,20.3619295700889
140972,26.424514052434
140973,26.4418273662718
140974,28.012356545848
140975,31.4897382618887
140976,27.4731185655529
140977,31.8753727533013
140978,40.7468359065066
140979,30.7731047331416
140980,34.3144230961051
140981,38.7934515301772
140982,41.029489080578
140983,58.589224985905
140984,77.5795298196506
140985,41.5225203833003
140986,44.2155148064866
140987,60.0060250629034
140988,84.8893433123729
140989,71.6210664402532
140990,59.6356928487793
140991,39.7982062719632
140992,42.3076814120668
140993,44.4585923116761
140994,58.0399842859832
140995,61.4917412245594
140996,46.3986077109984
140997,33.4599402335186
140998,22.917447313323
140999,35.0799043836014
141000,46.9128362269844
141001,53.3604858279778
141002,34.5018327641674
141003,27.1364887674432
141004,19.7559116954301
141005,28.3859102092865
141006,34.5866740551031
141007,48.9585116646346
141008,26.3879394262804
141009,24.298411210723
141010,20.7330072099889
141011,26.0769015666561
141012,27.4566543356878
141013,46.9889883443864
141014,22.063377548124
141015,20.3037743778729
141016,21.3237278944937
141017,24.3951127867226
141018,21.7357964426462
141019,39.4817690048641
141020,18.2225481685596
141021,21.0419467595306
141022,20.4807925710683
141023,23.5315092670276
141024,19.4202384290861
141025,36.8877782665015
141026,17.0236098892119
141027,20.577006164192
141028,18.8317317523527
141029,21.7045759166116
141030,18.2007002823645
141031,34.5462723100586
141032,16.7170888045056
141033,20.2960867027986
141034,18.9247610514928
141035,20.4268097323574
141036,17.204217225586
141037,33.1697278294138
141038,15.3191815415863
141039,20.1224341400701
141040,19.0665542348404
141041,20.6619034675369
141042,16.2766404978651
141043,32.4011315203811
141044,15.2503204851606
141045,19.6235742664228
141046,18.9832208740259
141047,20.7780416195583
141048,15.4094793182663
141049,31.1742145855866
141050,16.4834719019242
141051,19.9497535334646
141052,19.2882434682781
141053,21.4511364965721
141054,16.9045180734737
141055,30.4871309600078
141056,18.2781161476238
141057,20.8035954827281
141058,20.1086023068158
141059,22.8709698994638
141060,18.0155147161661
141061,30.2077779385173
141062,18.6265130226963
141063,20.9574484330329
141064,20.09501724417
141065,22.6299700414887
141066,18.7580645286257
141067,16.8355163746987
141068,13.3143189324819
141069,19.7664508362579
141070,18.0816743483614
141071,19.8123900913006
141072,14.1576354488242
141073,11.1442803682061
141074,8.46903387036592
141075,15.7404489625671
141076,16.0583138593759
141077,17.2636479040179
141078,8.22487780642733
141079,10.8565084022382
141080,8.50809855690243
141081,16.404223857434
141082,16.5459159636265
141083,19.8442525778105
141084,7.76660074974983
141085,6.00152879550842
141086,6.75557759629972
141087,16.2680839945997
141088,17.6328492901971
141089,21.9258545199774
141090,6.89233548517896
141091,4.15507669381233
141092,6.56374425272767
141093,16.3023030720786
141094,19.0520704749961
141095,24.8402785096681
141096,6.82001098147148
141097,4.91448521759766
141098,10.2770950008305
141099,17.0443226573545
141100,20.247138057271
141101,24.4986309904426
141102,9.20032028521939
141103,12.9537527183221
141104,14.1934156041451
141105,18.6789176543625
141106,21.5289770244435
141107,25.315992702798
141108,14.7640661948183
141109,18.7756165648762
141110,16.835910074717
141111,20.3001510000727
141112,22.0635762168613
141113,26.5731726819111
141114,17.7581459833606
141115,19.7480480927864
141116,18.8990534498333
141117,21.4268252740032
141118,22.6798870602763
141119,27.0552888907801
141120,18.8989200508805
141121,29.2598300851303
141122,28.7534765648754
141123,27.6411132954241
141124,30.9905866242538
141125,32.1490094485735
141126,29.5342878297479
141127,55.553620312127
141128,37.1548194888717
141129,33.9908965941572
141130,38.4457246988714
141131,45.7670853274405
141132,40.2599081277403
141133,52.0759782107041
141134,26.3943715193331
141135,28.5441107120493
141136,30.6199328539268
141137,34.9763831564487
141138,26.0984850017872
141139,33.9901132172919
141140,19.0274663033061
141141,25.5013564079504
141142,24.6889584140853
141143,24.1332964790061
141144,16.7267400162243
141145,27.3585038786405
141146,13.5413022166421
141147,23.3656550230359
141148,20.5066966713016
141149,21.0424674048956
141150,14.678528431753
141151,23.6746397710514
141152,10.9438655468389
141153,21.6224384689148
141154,19.1440179650574
141155,17.9979306041703
141156,9.14742962874296
141157,23.0114371391038
141158,9.80088280957021
141159,20.8875041539697
141160,18.3878091981001
141161,19.409682809259
141162,9.63642813082373
141163,23.1662315438438
141164,10.476658525183
141165,20.9528115986936
141166,17.5841609837325
141167,19.2358202544426
141168,8.82677414027747
141169,23.9685496652557
141170,9.66969344881624
141171,20.8572965683723
141172,18.2725319881943
141173,19.726698632135
141174,11.2718375580292
141175,23.1016306820977
141176,12.0598059368364
141177,21.0628512743006
141178,17.936886939311
141179,19.6513672085865
141180,9.74319607214174
141181,22.4175964201844
141182,16.6573649456954
141183,20.8970349178848
141184,18.3152397059291
141185,19.6919201644629
141186,13.1921041772145
141187,22.7456503537701
141188,20.0400641454426
141189,21.5275621058686
141190,18.8947415316485
141191,19.852249292082
141192,17.7928161702535
141193,24.3193394401298
141194,23.6341725766229
141195,21.9363808999885
141196,19.3250023725692
141197,20.974415830253
141198,21.9142110260611
141199,25.5700526173042
141200,24.8492987447492
141201,22.2848181278366
141202,21.1009868181173
141203,22.7976836017724
141204,22.5257930334873
141205,26.2000118015401
141206,24.8375258600372
141207,22.7002378915427
141208,21.0961843730991
141209,23.5041216516761
141210,22.6447168631131
141211,23.159328047839
141212,23.8940526518685
141213,22.140540078061
141214,20.051212116732
141215,22.0553186981452
141216,22.4168064672436
141217,16.8944686093185
141218,20.2069525146878
141219,20.6224233680425
141220,18.3173439128953
141221,20.1743788108493
141222,18.3008064352234
141223,16.09997299009
141224,19.7815465055088
141225,20.4510445823472
141226,18.1806493805381
141227,20.1546948173954
141228,19.3912442075483
141229,13.447053330375
141230,19.6143531930819
141231,19.4712369555535
141232,17.9751326861942
141233,20.6886482829473
141234,18.8894843221627
141235,11.7201350579227
141236,19.6566571813686
141237,19.9903955797866
141238,18.6194397258328
141239,22.962900266703
141240,16.3212174620921
141241,7.99475680389565
141242,20.1188575250639
141243,20.3743454352331
141244,19.5665724034725
141245,24.1287525531948
141246,17.0988756902678
141247,8.01082652117453
141248,21.0641628624236
141249,20.9769081903827
141250,20.9866371680583
141251,24.4484744975686
141252,20.3231718309699
141253,6.95135715227732
141254,22.5890698667963
141255,22.1021996611862
141256,22.9319046743575
141257,25.2889383571856
141258,22.723712935433
141259,7.55010421071596
141260,26.8643337478258
141261,23.9274882789301
141262,24.1062525503678
141263,26.4204695487185
141264,27.5772894513986
141265,17.703200814211
141266,33.5749730058558
141267,26.260741966028
141268,28.575310076625
141269,30.9023664586598
141270,32.8208410343463
141271,29.6865744097994
141272,42.8944405300237
141273,29.6418353456092
141274,30.926873027047
141275,32.6442530242992
141276,40.0962580606766
141277,30.4006383351801
141278,38.7774904147504
141279,27.6195479516142
141280,20.5175843616186
141281,29.1051467187827
141282,37.146545382688
141283,27.6937555920652
141284,32.1896027698234
141285,25.3146443418822
141286,17.9797089408001
141287,26.2049151524913
141288,25.4619651517351
141289,25.581196892721
141290,21.3685711760151
141291,24.0734648506707
141292,19.1884022751213
141293,23.9640531101872
141294,20.5155864981685
141295,25.3300649187792
141296,19.9844988665962
141297,22.6402848096839
141298,18.6758754423843
141299,22.0894187246443
141300,18.0071594539561
141301,24.4099928756438
141302,19.1120295712238
141303,21.650554091064
141304,18.9565397816387
141305,21.4726395200069
141306,17.3176577032169
141307,23.4795309549007
141308,12.5282892619825
141309,20.769055914493
141310,18.8176058467277
141311,20.2374342460799
141312,13.1812171612297
141313,23.8417799023985
141314,11.2815408838071
141315,20.1888369026683
141316,17.3437144411275
141317,19.1071679621632
141318,11.3499901179864
141319,27.8402424108437
141320,11.2822675336877
141321,20.2035169076393
141322,17.4706873848059
141323,19.270708996773
141324,10.625364073414
141325,33.4503104379621
141326,18.9381677379845
141327,20.1377817639391
141328,17.5755983274539
141329,19.6819788546755
141330,14.4132371738914
141331,25.3691494968988
141332,11.9273879772828
141333,20.3716085767015
141334,17.0270985485391
141335,19.6103410490067
141336,19.6865521493267
141337,23.2473105712942
141338,10.8303689021958
141339,20.7878552869852
141340,18.1042589348174
141341,19.9252854463151
141342,15.0123997932397
141343,23.2571068956235
141344,9.96995060044376
141345,21.3650592061192
141346,19.4330480840938
141347,21.029458610591
141348,13.1727297212802
141349,24.5710132986714
141350,21.5088413772072
141351,21.5118068163411
141352,19.9093505421511
141353,21.365562549473
141354,16.0605784873831
141355,22.2957170982246
141356,23.2706363563301
141357,20.5209588247766
141358,18.4589774227513
141359,20.5118794586531
141360,13.599797149344
141361,15.0067513935459
141362,20.2346502241956
141363,19.7952355433232
141364,17.3066979263034
141365,19.085012586665
141366,20.4691564256451
141367,12.7165316942318
141368,18.2962197972598
141369,18.0148903893831
141370,15.4659417640288
141371,16.1697942100618
141372,18.0556663707878
141373,9.40651738204601
141374,16.0908925112867
141375,17.6533950283423
141376,14.2325377134118
141377,14.6304056953094
141378,17.1412331066261
141379,7.14625442350658
141380,14.633153563586
141381,17.9698212237197
141382,15.0367759057264
141383,15.4695070064226
141384,14.5936795553554
141385,7.11764628054041
141386,14.1710351439868
141387,18.6644428050153
141388,16.4595697990828
141389,18.0425490872902
141390,15.3632234817972
141391,9.32455635560982
141392,17.5861059404213
141393,19.8733069845326
141394,16.711203518287
141395,20.6979676365501
141396,19.0778965945871
141397,7.58436194823804
141398,19.595440998772
141399,20.661093586523
141400,17.584067763428
141401,21.5079074351465
141402,21.4350694937789
141403,15.1711207769581
141404,23.9459398815423
141405,20.8546706036048
141406,19.1210784227786
141407,23.6264515583492
141408,29.3187127336308
141409,35.6107743774018
141410,30.6038735783815
141411,21.7726347810623
141412,22.0829839480876
141413,27.028732733992
141414,27.7453249912586
141415,39.7850362827435
141416,27.7326076515924
141417,24.4166263558322
141418,21.0185651447314
141419,27.3631525629242
141420,38.184664305823
141421,37.3428844463911
141422,24.5348288935746
141423,24.8580035899723
141424,20.3925079297699
141425,25.716421535868
141426,23.2018737679247
141427,30.8515404008725
141428,19.0573615052525
141429,22.9511718451068
141430,17.6205695469684
141431,23.375658691631
141432,20.0308319742709
141433,50.4173450156864
141434,18.1548795540947
141435,22.2441803931519
141436,11.1350839588046
141437,22.346143470302
141438,19.5783350531566
141439,50.5746239711061
141440,26.1198835667196
141441,22.5877715838087
141442,8.73578123074516
141443,17.8665977178055
141444,21.6900237519866
141445,51.0264878881529
141446,24.8185887999946
141447,22.0113685992234
141448,8.43982241240995
141449,14.0284041598628
141450,25.735209289727
141451,50.5222828975311
141452,21.2735704770456
141453,21.6914498229728
141454,12.7618067431726
141455,18.0426755077236
141456,24.8483763369821
141457,44.2174051065059
141458,24.3593031510367
141459,22.2566067899878
141460,13.5347875312539
141461,18.1339871510229
141462,26.6530547937982
141463,34.927755081602
141464,21.8809701857526
141465,22.4990031752456
141466,13.6268426321151
141467,15.1344810176852
141468,26.1346246291216
141469,31.7375608690985
141470,25.576163991332
141471,22.7396393938626
141472,9.62177518537884
141473,15.8162750471887
141474,26.5929852007632
141475,37.2988770545043
141476,27.8362858673738
141477,21.4326609276793
141478,11.8879921904484
141479,16.6091146981451
141480,28.5983655490675
141481,48.2146614339579
141482,27.2751430769946
141483,21.2857514951715
141484,14.6880159016259
141485,15.3961085070534
141486,27.1608096543253
141487,64.5887488208508
141488,26.2402034372514
141489,23.7271517371997
141490,14.5092045822396
141491,13.8377267947517
141492,26.987853273761
141493,47.6596809334269
141494,24.8666375020796
141495,24.4695168804298
141496,10.6628041359135
141497,23.2098310781818
141498,25.9479529294945
141499,34.4305059944655
141500,22.1114549702817
141501,24.243955465703
141502,20.7946969990677
141503,24.3706940146303
141504,21.8811393103749
141505,21.7744986028249
141506,22.4513703799336
141507,20.1993894620024
141508,18.9839301934387
141509,20.7250730527782
141510,20.0053815997274
141511,19.8454120013478
141512,20.7792842598996
141513,18.5371072726504
141514,10.6367816450923
141515,20.3363729389237
141516,20.3645321404924
141517,17.9952561274583
141518,15.0963071127552
141519,16.7753329865266
141520,5.57716262103328
141521,20.4052909829869
141522,19.1227902020412
141523,18.266555252037
141524,14.4819858664981
141525,15.3007237184082
141526,8.11190663843435
141527,20.708483687495
141528,19.3402373935469
141529,17.1297192249994
141530,19.7989878056581
141531,16.1824517165081
141532,14.5023483605687
141533,23.5402267631299
141534,19.6478430816901
141535,20.0466603240348
141536,22.2245673506282
141537,17.2559950539286
141538,19.978678001426
141539,28.4988395783441
141540,23.645302818865
141541,24.5649072154073
141542,24.9467974422662
141543,20.5405867275933
141544,22.2873947363864
141545,29.6775796873501
141546,25.0727022636604
141547,24.9433506532514
141548,29.2377328257151
141549,23.158005950852
141550,25.7996233929482
141551,30.2405467454299
141552,29.5208581108405
141553,33.5233778592065
141554,35.3266630601622
141555,25.8413932787301
141556,28.9669294278697
141557,32.7435034335183
141558,33.2620860331071
141559,54.9130850541502
141560,48.0537783258613
141561,33.0428616079983
141562,33.291093800268
141563,38.1805805742953
141564,52.1484957375347
141565,81.7808986435683
141566,37.6476371160586
141567,31.602219755193
141568,33.9635140194783
141569,37.0272398290291
141570,40.9093901974179
141571,87.8189597356919
141572,34.3484793417184
141573,30.6690868055231
141574,31.4199683621242
141575,36.0060386695207
141576,39.1081792312675
141577,89.5029490294728
141578,31.2077688769438
141579,28.6051618861723
141580,23.7264889081651
141581,34.1360833701331
141582,32.7213968905887
141583,91.1805427782218
141584,32.0172481286817
141585,27.1224514002025
141586,19.1826345206377
141587,30.4184866559556
141588,32.5259432396619
141589,89.698841826086
141590,31.9807042719873
141591,25.9265812451301
141592,21.797139004497
141593,26.9714076741653
141594,31.9151267333466
141595,87.278479101362
141596,31.1926993887633
141597,25.8924542001072
141598,22.171638428872
141599,26.4828705315188
141600,31.5079196644792
141601,79.1452460703441
141602,31.8522818122046
141603,25.5940141127243
141604,23.088471209439
141605,25.8221646895734
141606,31.3404291159841
141607,75.7240138931055
141608,29.0239355130021
141609,25.556237362993
141610,23.1115584512994
141611,25.0894994993786
141612,29.8069152097691
141613,65.0112871056211
141614,27.6091084862275
141615,25.1491887975227
141616,23.126017493345
141617,25.1123634473962
141618,27.6764149449769
141619,61.3791451265437
141620,27.1182926503425
141621,25.0227477552111
141622,23.1065896802585
141623,23.7771418344844
141624,26.5466292861484
141625,73.8408820040328
141626,28.2084731027239
141627,24.9290110830306
141628,22.9122798198912
141629,23.8610313361643
141630,27.6920561913022
141631,79.899095928928
141632,28.1558194624708
141633,25.2830588681869
141634,22.9287822765564
141635,24.8990172343358
141636,28.2167950620963
141637,77.7911545298989
141638,24.5504380567984
141639,25.4731246312085
141640,23.183249035311
141641,24.9085242863238
141642,25.7177606209423
141643,52.1730644132102
141644,22.0615910554709
141645,24.7974207203127
141646,21.1765150844398
141647,24.5402273224216
141648,23.6036952929669
141649,26.9411623592442
141650,18.6433242213182
141651,19.438314587516
141652,19.1112451601511
141653,21.1108343825376
141654,18.3243967220722
141655,22.6264553166226
141656,17.5079883338553
141657,18.139294673199
141658,18.5510343996834
141659,20.4615533123225
141660,16.8082201129576
141661,20.4989120881159
141662,16.9771229712814
141663,17.6109054116669
141664,18.8545347840767
141665,21.1832578469331
141666,16.938206678023
141667,20.227526452009
141668,17.2549652900968
141669,17.5374348806385
141670,19.6352962790195
141671,22.3373568793506
141672,17.799771436175
141673,20.331822287497
141674,18.2585034477599
141675,17.8236323657506
141676,20.9636245115563
141677,23.0634232684875
141678,17.6865032896342
141679,20.5325875782898
141680,18.8834586575878
141681,18.9079446226023
141682,22.6447697157556
141683,24.8612993366038
141684,18.5785166385834
141685,21.016092171166
141686,19.5850068108541
141687,19.7658323924053
141688,24.14542509572
141689,25.8377777190767
141690,19.719982962828
141691,21.7618581642996
141692,24.757200986263
141693,23.4783631103414
141694,26.9775874562618
141695,28.23952625033
141696,24.2281878411752
141697,34.9887814776749
141698,34.5221538018773
141699,31.9219534538705
141700,34.3803643494275
141701,39.4197223060177
141702,36.4851418064176
141703,80.9305453658637
141704,43.9816442059979
141705,43.8529933868158
141706,46.5237310772238
141707,60.4072694906962
141708,50.2753262787629
141709,86.1637944945353
141710,38.5933203517433
141711,35.6281623655543
141712,40.6183566847734
141713,44.4533073387645
141714,37.9150818868128
141715,84.7765350010176
141716,33.1050879884698
141717,29.264092407028
141718,31.0331085099491
141719,36.8263133545397
141720,28.6197227823649
141721,76.828199621373
141722,25.7943977561956
141723,25.9075600513424
141724,23.460939828657
141725,28.2363133807787
141726,23.3996587426675
141727,59.2443991136308
141728,24.385176854625
141729,23.9270094062081
141730,21.0707875664
141731,22.0237450969148
141732,23.5229262367201
141733,39.7144679278736
141734,23.3008594191488
141735,22.4974666993924
141736,20.4677152493315
141737,20.405741574492
141738,23.7809568388845
141739,32.3627443877341
141740,21.0838013200563
141741,22.9649887258931
141742,19.1671436469292
141743,21.7954872567298
141744,20.7599995927166
141745,30.2305689126763
141746,20.4883213693642
141747,22.4966714358778
141748,19.4781137978179
141749,21.7366403547595
141750,20.6989982955816
141751,30.5847040225902
141752,20.6465578420815
141753,22.3125681925916
141754,19.5299115298069
141755,21.0951625120077
141756,21.4324338149454
141757,28.7766206510221
141758,21.0136826079843
141759,22.1684394243883
141760,19.2313910765945
141761,21.0977287307608
141762,21.8193534137872
141763,29.6038871840817
141764,21.4517304352049
141765,22.4275701614481
141766,19.9649990379186
141767,22.1358244218678
141768,22.7228302150286
141769,31.7291288101999
141770,25.8098266035789
141771,23.2217407741062
141772,20.6432800874802
141773,22.8011274093582
141774,27.9817459304182
141775,35.4055002763301
141776,30.4271819013398
141777,24.2731764233104
141778,21.9832991982248
141779,24.5320177501035
141780,30.7256162645489
141781,42.6129597100486
141782,30.061422403772
141783,24.7147721155211
141784,22.2768828294615
141785,25.0849936481971
141786,30.401387667394
141787,35.7546579708829
141788,26.3881376405999
141789,23.8986920091524
141790,21.1660988292687
141791,24.7320766511902
141792,28.0302226629141
141793,22.806820279151
141794,21.9941055593336
141795,18.2923649482227
141796,18.448622491847
141797,20.391535986746
141798,22.7691865613186
141799,19.2773675666136
141800,18.8975827286485
141801,16.5383172876963
141802,16.7171071166937
141803,17.7216551584739
141804,19.7541909387195
141805,17.2988107186993
141806,17.1722925076451
141807,16.2117441150428
141808,17.9114305551085
141809,21.0873081850292
141810,19.4698963146592
141811,19.4746475689727
141812,19.0577526936837
141813,17.1969914537151
141814,21.1470279325876
141815,23.963724303376
141816,20.486509739228
141817,19.1422007480169
141818,18.6913222363265
141819,18.5565849478666
141820,23.4009119704617
141821,26.5313298555447
141822,20.3260224292224
141823,18.6350903232502
141824,17.3523740141013
141825,20.1317599550633
141826,25.2056606480813
141827,29.4323848920777
141828,19.9625376066702
141829,19.5392245978021
141830,17.3996227942893
141831,21.6374515970793
141832,25.7920008453977
141833,32.0856153333937
141834,18.7692537700822
141835,20.68089695741
141836,19.4687128771618
141837,22.8794092511841
141838,26.5351115134559
141839,32.029346915961
141840,20.443065624755
141841,32.1840279607985
141842,29.9191811951379
141843,30.6432731456615
141844,29.3516465825064
141845,34.4493586943497
141846,33.9156783631988
141847,81.4856887720077
141848,49.175461177137
141849,35.7357710368639
141850,34.6819561280209
141851,40.595454670165
141852,55.1908566182599
141853,82.5921478299716
141854,35.062560448712
141855,30.6328323316941
141856,28.9343211509289
141857,33.484592799229
141858,40.278849695532
141859,79.7872190455883
141860,28.4069270045782
141861,27.3762110327581
141862,25.059564225557
141863,28.9568325269745
141864,29.2655345718169
141865,68.9991106680007
141866,20.1480166549862
141867,23.9739917989718
141868,21.7251753577537
141869,25.2383642191602
141870,20.3269667830107
141871,49.6646007500832
141872,19.1783192980213
141873,22.3548792283589
141874,19.1173965607243
141875,20.5716032048637
141876,19.6560880391085
141877,35.7863875073801
141878,19.6026486325444
141879,20.9587382587613
141880,17.3403045126471
141881,18.415769032628
141882,18.4312459497287
141883,28.3529343154249
141884,17.6578805980486
141885,20.5110624749243
141886,18.0068621934214
141887,17.6549176795346
141888,16.2299543660278
141889,29.5130154394104
141890,23.092002706113
141891,20.266279703047
141892,16.8886018403108
141893,18.1819385452119
141894,22.4320051993054
141895,30.5963575751992
141896,23.7423625283082
141897,19.4796425577649
141898,15.286719471487
141899,15.7088671735373
141900,24.6429049412405
141901,30.2519616442773
141902,23.9349170307656
141903,19.3055837877104
141904,16.1125907797195
141905,15.589599992466
141906,25.6058258498712
141907,30.2617815231963
141908,26.5067773070363
141909,19.6901687424117
141910,15.6200823536156
141911,17.7562064842679
141912,27.1702130307099
141913,41.5646420126808
141914,23.6808589744312
141915,19.9850842090635
141916,16.1570296768523
141917,18.2753854531386
141918,25.5649198905264
141919,49.381487920047
141920,21.6833732657236
141921,20.3472876047898
141922,17.7526640087774
141923,19.2225454181284
141924,26.3833808648733
141925,39.1673696660186
141926,18.941420080341
141927,20.4920947287603
141928,17.7831452654263
141929,19.0144751907184
141930,19.2429493426282
141931,24.3792576031071
141932,13.8434629924301
141933,19.3978011353754
141934,15.7744270835886
141935,18.0162282318472
141936,13.3803624829761
141937,4.19339549492048
141938,6.59693846042515
141939,14.3923721354491
141940,12.6741573462806
141941,15.3685055783334
141942,1.99685234063151
141943,4.13907942270987
141944,0.955045692221304
141945,10.8030302840393
141946,12.1359058921249
141947,15.6516635122392
141948,-1.62253762384164
141949,3.80432133114756
141950,-1.77287656114491
141951,10.3374587874328
141952,13.5993536170407
141953,18.6814674114496
141954,-6.10253995544828
141955,1.09920836984527
141956,-5.0932071085898
141957,14.5652252112648
141958,15.0357874344061
141959,22.6763394710607
141960,-8.52595910303208
141961,2.20205459733677
141962,-9.74606878664757
141963,16.8408373355605
141964,16.1877717702053
141965,25.5883086515507
141966,-8.88558554292473
141967,3.28503800157857
141968,-7.48097861730048
141969,18.3396830394778
141970,18.6921035570659
141971,27.258947340249
141972,-7.20924888401367
141973,2.1923830166118
141974,-6.15838027041793
141975,20.001225559717
141976,21.0376034034246
141977,29.7966043364322
141978,-5.67800598347716
141979,0.152820326414538
141980,3.31620109511918
141981,21.142637522637
141982,21.9911412362407
141983,32.4060101758898
141984,2.91540917065122
141985,8.97238509894929
141986,3.81612287777009
141987,23.7381523000649
141988,24.5367684372231
141989,30.0904045614659
141990,7.7309726474566
141991,23.8643922412489
141992,15.3530959244651
141993,28.5128961178415
141994,29.3913270909415
141995,30.4648423988509
141996,17.4116716146496
141997,24.7109892330275
141998,18.3637301044899
141999,25.8179901520149
142000,27.4380439060785
142001,24.221702596578
142002,21.0256051224657
142003,25.0833318165486
142004,17.4613862056121
142005,21.5694638357871
142006,23.4769186582077
142007,23.8690160902381
142008,19.8924233325668
142009,24.2280218551302
142010,16.4441399411678
142011,19.6043460481201
142012,16.7614573046208
142013,19.887483603475
142014,17.2562553550509
142015,24.2958762143245
142016,14.5974054881308
142017,18.6246368644649
142018,18.1056774577447
142019,16.7944061923789
142020,15.9388394822982
142021,21.0404026450989
142022,14.3871861658823
142023,17.5582692998667
142024,16.3856583062179
142025,17.6871660015983
142026,14.8640789026956
142027,17.4953536090619
142028,2.57436362859695
142029,14.4304730567264
142030,8.43104737580627
142031,3.8270550425924
142032,0.087507987058995
142033,16.9184503160811
142034,-3.08681132037428
142035,12.925348510271
142036,3.81578326006677
142037,-9.50817297507082
142038,-4.85367401384797
142039,15.9767832051438
142040,-4.21942365312895
142041,10.3507637707618
142042,0.47807615318554
142043,-1.74070192220286
142044,-8.07423151984681
142045,14.4324566356021
142046,-5.57070254524754
142047,9.6380896774102
142048,-0.923702499183634
142049,9.36778115430955
142050,-6.80328115691885
142051,14.2639994743687
142052,-6.3193295198323
142053,12.1214026344234
142054,-2.15045312494134
142055,-1.63675746932589
142056,-8.26103556460059
142057,16.002522728597
142058,-3.11260044184475
142059,15.7536598399787
142060,-1.88131976162144
142061,4.78825539029983
142062,-5.25923642329382
142063,17.4673459888586
142064,1.86333141131458
142065,17.8317271091502
142066,1.55405433635028
142067,4.54759490439233
142068,0.66399663901537
142069,18.6653415385289
142070,2.36160700326421
142071,18.3894014597137
142072,5.33087780644115
142073,0.931830310376029
142074,2.04311746547716
142075,8.51514614043275
142076,-4.87082129537426
142077,14.3604417166701
142078,3.11424833436121
142079,0.657598299305079
142080,-4.49104399783765
142081,4.02428807349513
142082,-10.5540787472235
142083,5.49497367648931
142084,4.31752244508667
142085,0.948962957688568
142086,-9.77939327711736
142087,-3.7782759414696
142088,-17.8636053584567
142089,3.6401089775798
142090,-0.0539100974804008
142091,-2.8889836752722
142092,-19.7263469140681
142093,-5.38062328990224
142094,-19.2853356732799
142095,3.33196630208112
142096,-2.3686479810466
142097,-3.70190766990684
142098,-20.8395935760948
142099,-6.1577137799955
142100,-19.2150922696419
142101,3.13607564533203
142102,-2.47879936980328
142103,-4.22633932359684
142104,-19.7351211738222
142105,-6.16084460867894
142106,-15.4166609417113
142107,3.18643416640744
142108,-2.20316592348446
142109,-4.84109233670523
142110,-14.4540848834864
142111,-5.9182687178778
142112,-14.2897140565163
142113,3.34398590986204
142114,-1.73027291468062
142115,-5.69258336192695
142116,-14.0337851508816
142117,-5.64426433648726
142118,-13.6182516746801
142119,3.20522140511451
142120,-1.5070593343668
142121,-5.62831675929177
142122,-13.7265616721006
142123,-5.42574658685922
142124,-12.5767584000377
142125,3.40447571886357
142126,-1.3821490391823
142127,-5.64899109398861
142128,-12.4683692238624
142129,0.221531008618097
142130,-5.76339639032798
142131,9.54186064473807
142132,-0.918813119653869
142133,-6.43288888746348
142134,-5.96751865773812
142135,26.7269741026507
142136,16.262306286218
142137,19.7544149853414
142138,4.12725240601239
142139,1.17168099927324
142140,16.1042205514494
142141,40.6436049868661
142142,23.9464165334256
142143,23.2708326079696
142144,12.5552911612993
142145,14.4077944649614
142146,22.3184624623897
142147,48.916935518461
142148,25.5835596886233
142149,23.4679344288329
142150,12.8457146831438
142151,19.0315973167271
142152,24.3986672341918
142153,51.745486279278
142154,22.5268914554418
142155,22.5429775473246
142156,11.0715555569826
142157,18.6065024058114
142158,23.3820841832228
142159,58.9466270018943
142160,23.1243907840016
142161,22.2539784379629
142162,11.5938878017889
142163,17.6448435642144
142164,23.8314440538812
142165,65.9517551648051
142166,22.4163396077452
142167,20.8747053777723
142168,13.8093244511522
142169,20.9877867550672
142170,23.3994758037169
142171,83.1566621175173
142172,24.412560335774
142173,20.8457865043921
142174,17.8459299846603
142175,20.9088478130615
142176,24.1598376775753
142177,86.3108694331015
142178,25.2016593147198
142179,21.0647178615524
142180,16.8846997340482
142181,18.5225313255417
142182,24.9363185597241
142183,86.1941356497794
142184,24.9970208413804
142185,21.7698695238245
142186,16.1394306761708
142187,20.3227373049315
142188,24.9323537121145
142189,86.622092093133
142190,24.6061499184611
142191,22.3809140526421
142192,16.882199326912
142193,23.3743275853774
142194,24.1049240702019
142195,86.0210807035668
142196,25.9564524785952
142197,22.9466525141241
142198,19.4019237719852
142199,24.4273990306752
142200,25.9874239573104
142201,88.2262183438455
142202,27.6657047077351
142203,23.6726855039595
142204,21.0629958293425
142205,25.9907222127087
142206,27.6615296510907
142207,98.6448332056322
142208,34.0154137348371
142209,25.2902017515155
142210,23.7204485082882
142211,29.6856669219623
142212,34.7527585381347
142213,99.2516755969834
142214,34.5632227355333
142215,25.5235270493356
142216,25.5437720689367
142217,29.4476954236691
142218,35.1259147361814
142219,41.5357170045275
142220,27.3212178698595
142221,22.4537427472282
142222,23.8580875622835
142223,23.8178069161905
142224,27.5287546345635
142225,26.1453743023312
142226,18.1069730136415
142227,15.8970553720695
142228,16.325007382734
142229,16.7483968415508
142230,17.5490670593085
142231,16.9289032758226
142232,13.3803407119032
142233,14.1926255018419
142234,14.2920694351626
142235,15.8975917287922
142236,13.1261095177392
142237,14.1966379258386
142238,10.1840716339078
142239,13.8819514961217
142240,14.2120561672945
142241,16.0986524720395
142242,10.4033573209661
142243,12.7883509253265
142244,10.5463237450434
142245,13.5596160365507
142246,13.9264010787759
142247,15.73081152917
142248,11.0750497358504
142249,13.1360453129356
142250,11.4529230042742
142251,13.5653317655951
142252,13.6548977295612
142253,15.5142019637841
142254,11.5086265906151
142255,13.2186153362301
142256,11.1076560088621
142257,13.3991409214584
142258,13.7099644516115
142259,14.929108186625
142260,11.3071406027459
142261,13.1289337302887
142262,11.4438193455101
142263,13.4934634531522
142264,13.7320172000312
142265,14.7383993729612
142266,11.7579096346982
142267,13.4140458544473
142268,13.3393338562667
142269,14.433822759139
142270,14.4389208233661
142271,14.8839804217561
142272,12.9453889045421
142273,23.5697834585909
142274,29.4327489063821
142275,22.2993027078818
142276,24.0667054553778
142277,23.3690714997505
142278,28.0472983226033
142279,48.0185264061615
142280,59.2430672170662
142281,38.3838397658128
142282,39.1493215333371
142283,49.9500883267657
142284,61.266603681044
142285,45.9957406868852
142286,39.4571194362303
142287,34.1254927247209
142288,36.5649751239961
142289,40.2793425766092
142290,41.0105885612346
142291,38.2433826906324
142292,31.5201887405944
142293,31.3171627302922
142294,30.7789165290957
142295,36.0178100858511
142296,35.7633027758705
142297,32.1013904618508
142298,24.7746992532374
142299,27.7331709667638
142300,26.1186853657337
142301,29.432391063549
142302,24.7664346125765
142303,27.8795736454138
142304,21.749544510832
142305,25.4931007763817
142306,23.9728451003323
142307,26.5407415987197
142308,19.9854407912215
142309,27.1776520012964
142310,15.7600739455518
142311,23.9655342548648
142312,21.9991131118575
142313,24.9513217762973
142314,14.7906372576321
142315,34.269147645719
142316,19.5122148075477
142317,25.702259475736
142318,20.112317315535
142319,22.7678348461209
142320,18.6633431952414
142321,35.5610113638058
142322,23.4782497927391
142323,25.8568019017252
142324,13.3550145965203
142325,19.1311753857662
142326,19.7143094598072
142327,36.6154224986844
142328,19.7363584677934
142329,25.8790885833354
142330,17.557823300428
142331,22.2461742864274
142332,18.0842820731089
142333,37.3237766448652
142334,19.5911055053878
142335,26.0114758002539
142336,18.4716964208768
142337,21.0120913448055
142338,17.6419418282644
142339,39.5131912492317
142340,21.0418014468256
142341,26.1238746055117
142342,19.2753714891701
142343,18.9370858921721
142344,19.6065133050516
142345,45.5949198718569
142346,23.9175766351691
142347,27.0421623696309
142348,21.9825563786981
142349,19.9128863766026
142350,22.201419288329
142351,53.5107482854554
142352,28.3436333226369
142353,27.8406651387531
142354,23.6642053724517
142355,21.4837390459813
142356,27.2422061875251
142357,54.5722425821804
142358,29.9483238867075
142359,27.6765284646618
142360,24.4559265438845
142361,23.9411926227809
142362,29.6082852865701
142363,29.6334328793621
142364,24.9324266037947
142365,24.5174083519287
142366,23.0733447329956
142367,22.2149489140635
142368,24.4835297058436
142369,19.3740425681981
142370,14.9860303914175
142371,16.9362571938119
142372,16.1400108480733
142373,16.8762553827901
142374,15.3010737908333
142375,12.1695482349944
142376,13.3847878773969
142377,15.0674689606164
142378,14.7991519193635
142379,15.2518726994466
142380,12.9708403231045
142381,11.6357433373157
142382,12.7090756040806
142383,14.7945018315818
142384,14.370962595537
142385,14.579059442903
142386,12.3998146070294
142387,11.3532957758202
142388,13.3002294799546
142389,14.4150994701152
142390,13.9947201256704
142391,14.1408756752824
142392,13.0890094118601
142393,10.9088979663181
142394,13.5865800488853
142395,14.782657811158
142396,14.2500770489443
142397,14.0145734408872
142398,13.132110704494
142399,10.4764655468815
142400,13.6055680490115
142401,14.7191182168512
142402,14.1303110867024
142403,14.2292510615865
142404,14.8616470978688
142405,10.222289068746
142406,14.4230325153334
142407,14.0360462357198
142408,13.9884328182048
142409,14.7905602335181
142410,14.3119162112619
142411,10.3047893881391
142412,15.734515512354
142413,15.7471616510651
142414,14.7309519279636
142415,14.7745089678791
142416,15.2629087842279
142417,20.1437914628982
142418,23.4975594008412
142419,20.5162427220171
142420,18.2370375096928
142421,21.0548161813718
142422,21.9591035067168
142423,40.7586815688781
142424,46.128829818999
142425,31.4074388706649
142426,30.5286333307344
142427,36.89163365133
142428,49.3887955097066
142429,33.7127627764251
142430,38.8338190471055
142431,24.8524240103962
142432,25.7196338777625
142433,25.6009079433412
142434,34.7510383964551
142435,26.6648197817009
142436,25.5205478356892
142437,22.383795270572
142438,21.5591451795633
142439,21.9949859010189
142440,24.4195538299184
142441,22.2074429717067
142442,19.3695725906215
142443,20.6603078815828
142444,19.714843332875
142445,20.4082640221839
142446,18.6671230297388
142447,19.5339995842366
142448,12.832810581835
142449,18.8286624330058
142450,12.1548521637464
142451,18.831424529959
142452,13.7539996755336
142453,17.83348913808
142454,14.0791397405013
142455,18.1143214886322
142456,9.12921278080055
142457,9.94112278689483
142458,10.7614568150501
142459,15.6679486838222
142460,11.8840781934523
142461,18.2166637376987
142462,10.6267650451034
142463,6.88407408432192
142464,2.4104436862412
142465,15.245354127284
142466,10.1001490003842
142467,17.690503162641
142468,9.22012575004564
142469,9.05792085874099
142470,4.96545373888089
142471,16.1023631185294
142472,15.7892845272306
142473,18.428854582509
142474,7.42616203447901
142475,9.32868741844903
142476,15.7219009565959
142477,17.3178747464268
142478,17.5719256916549
142479,18.7680712600919
142480,7.33858085822328
142481,8.1910262316014
142482,18.2062649047707
142483,18.1546471636175
142484,18.9266431247601
142485,19.2483060066381
142486,11.3144958049655
142487,11.1230925568117
142488,14.6583757905986
142489,21.1034945047624
142490,20.7908302756382
142491,20.6207853125639
142492,14.0937487722788
142493,13.8652239952251
142494,21.5689019943414
142495,24.0108171800102
142496,18.4844261315592
142497,22.2673011435887
142498,15.2462219305405
142499,15.6527471801831
142500,20.2725225688063
142501,28.6319989878713
142502,17.5477373798669
142503,21.8432549094512
142504,18.6569525660604
142505,16.7815634761903
142506,17.7948426198549
142507,35.5337678010302
142508,14.1665347714442
142509,19.9171248735471
142510,15.2692907436819
142511,17.2667413140736
142512,14.3725336391112
142513,15.4037990372165
142514,11.0006191410696
142515,13.1380751467967
142516,10.5903818645361
142517,9.251123077557
142518,9.03080174719841
142519,8.30246806603435
142520,4.66113086316549
142521,12.0104805579758
142522,10.4421409950008
142523,7.92120789345946
142524,7.61695055938961
142525,1.2968384030326
142526,0.950608767810916
142527,11.514188975227
142528,8.18681167953588
142529,5.91870021336994
142530,0.770461729280814
142531,-1.21523106408737
142532,2.72814251173392
142533,11.6265527395578
142534,8.48490367263435
142535,9.49979800851184
142536,0.38746683424667
142537,-1.31016841852854
142538,6.49925706765578
142539,13.2635817977777
142540,9.44686123830179
142541,12.0953947368351
142542,3.09155115804262
142543,-0.263316282478083
142544,8.07442622269953
142545,14.955671588098
142546,9.89102201144876
142547,14.0027159312604
142548,7.38117049734885
142549,1.77892475738724
142550,10.1020471138251
142551,16.3894775149945
142552,12.7486954888195
142553,16.10029900211
142554,8.9851171286047
142555,4.70422719170874
142556,12.1509499024293
142557,18.0738139136576
142558,16.2853518332565
142559,21.463329501215
142560,11.4889982736548
142561,15.0939254009544
142562,23.1856886040693
142563,24.0402537868895
142564,24.3450729746233
142565,28.0921805342382
142566,22.0493914820323
142567,31.430660763349
142568,40.7077614172572
142569,35.3347525570555
142570,32.8558006783375
142571,39.4408639394333
142572,38.4986744442063
142573,39.5744802471097
142574,36.1826160870444
142575,32.4517236772714
142576,32.8058113313466
142577,33.2697426145727
142578,34.8739930482662
142579,39.558125715092
142580,30.5875202698987
142581,27.5410892153404
142582,23.9514008917008
142583,31.0111932006432
142584,30.4169531710006
142585,34.9765180471856
142586,23.4621063183314
142587,23.7733591227567
142588,12.1445979940616
142589,21.2028278948435
142590,25.6034615881396
142591,34.5200554879843
142592,21.5420412637688
142593,22.0148160514596
142594,9.44386769449017
142595,13.9688720330279
142596,21.4033850173822
142597,36.6851678274604
142598,21.7695892881205
142599,20.98148381856
142600,13.2921455493243
142601,20.8221032746143
142602,20.5377732433374
142603,60.1990332903113
142604,19.1874153961358
142605,21.2105736880664
142606,16.1139882897169
142607,13.3164240178449
142608,18.2132108540275
142609,75.0455343290565
142610,16.455632008321
142611,20.9739484652971
142612,6.43955025391898
142613,-0.234820230116149
142614,17.3610188321337
142621,68.8771915028635
142622,17.258317477272
142623,21.180383530592
142624,0.850092567720722
142625,3.43793890939848
142626,17.7128935332418
142627,72.4720752023388
142628,17.9006720119123
142629,22.1709930729448
142630,0.0562468274212691
142631,15.1505267583792
142632,18.38136571106
142633,74.0065458632318
142634,18.9511476711297
142635,21.2506411477375
142636,12.203009153339
142637,20.0493658008342
142638,19.3124073737643
142639,52.4371719605666
142640,20.9873251312118
142641,20.6057079161148
142642,14.9203705970327
142643,20.3790131902535
142644,20.6306914531759
142645,42.8872526004857
142646,22.1576646894367
142647,21.1138245865032
142648,12.5489480280874
142649,21.805120275803
142650,22.4177820537884
142651,30.6885429386221
142652,17.939891532741
142653,19.0806538777717
142654,5.57692281757151
142655,14.1041691049543
142656,17.5039798140646
142657,15.5462442497089
142658,8.65319627949962
142659,11.1203415700047
142660,4.58428363434111
142661,8.1159805771404
142662,8.0365241881221
142663,14.9053996819306
142664,4.09501859347623
142665,10.0625817506437
142666,5.98803530520847
142667,5.96586050691604
142668,4.50372737077857
142669,10.4224860343951
142670,3.61606622743093
142671,8.38590263426785
142672,7.63304445717841
142673,6.57409778547026
142674,3.99311771927105
142675,8.82638930020248
142676,3.21541395333387
142677,9.29273030642159
142678,8.24858264783962
142679,8.11653743882736
142680,4.80860294494768
142681,9.9337056516355
142682,2.09057544413226
142683,10.1708941294541
142684,8.86694317493706
142685,9.29366017980311
142686,4.4550839834524
142687,9.87649546754479
142688,1.96119272399335
142689,11.4268041878499
142690,9.89682424558683
142691,10.3177896273973
142692,3.47724611224542
142693,10.3666734616122
142694,1.63730929295163
142695,12.100897864734
142696,11.3270132580301
142697,13.7396170937649
142698,3.88578198311925
142699,10.125446925772
142700,3.19646163948145
142701,13.286272735675
142702,11.9570449724246
142703,14.4994902063275
142704,4.41741520853187
142705,13.6935807712303
142706,11.1768481693073
142707,17.1764427844732
142708,15.9951200326448
142709,17.0298828876044
142710,11.2353821504756
142711,46.2780934189226
142712,27.3037974240657
142713,31.649024189096
142714,30.9826844947091
142715,37.6950938496831
142716,32.9035956971446
142717,45.4433925566967
142718,20.8892124199709
142719,26.8511647832052
142720,27.1066490847499
142721,28.3755909558722
142722,22.8660609192265
142723,33.5471514235342
142724,17.1554440723477
142725,23.7644063272802
142726,22.5530660401118
142727,22.8500330905053
142728,19.1151730759839
142729,25.8120589144913
142730,11.0102075188042
142731,22.1137012402982
142732,19.5940646369797
142733,20.0743658566242
142734,10.2136957629584
142735,21.9634876858462
142736,6.26148779343771
142737,20.4747533690498
142738,17.3613689427113
142739,17.6346981479645
142740,6.74259440613478
142741,17.8379881998383
142742,1.48244366549049
142743,19.709126424229
142744,15.1693882334382
142745,15.5278825522367
142746,2.35951007512205
142747,13.4625663678217
142748,8.19097919109399
142749,13.461565680408
142750,4.99818152847185
142751,14.405898463698
142752,5.84396440668055
142753,14.5053597285475
142754,-3.25334856447213
142755,15.4310921310023
142756,5.5350591809444
142757,9.34393198995543
142758,-4.34857925457459
142759,14.6971682016135
142760,-0.254063573062247
142761,17.4796655666693
142762,10.7636045837069
142763,13.4465464593876
142764,-2.41995973255107
142765,15.0873257169274
142766,1.79213621000187
142767,17.8061785296983
142768,15.2860704209259
142769,14.4701017979702
142770,0.0060147532726198
142771,15.07711697008
142772,4.25477811710344
142773,17.9474822407888
142774,15.0418361649218
142775,14.9177652237485
142776,1.1938168046056
142777,15.7764476502669
142778,7.17368315973346
142779,18.1629262566986
142780,14.6587326068438
142781,15.2955015022305
142782,6.38200576462018
142783,17.5455437433119
142784,11.699894539722
142785,19.3517917011079
142786,15.8790859430675
142787,18.2527958979691
142788,10.7736990119788
142789,20.8797757461313
142790,14.0762266306055
142791,22.4121427005067
142792,18.5254790707003
142793,21.4040908364518
142794,15.1961478318626
142795,13.3175841881298
142796,12.1352218427874
142797,19.9047466358961
142798,16.1802840462255
142799,20.1598807863079
142800,12.4505114468909
142801,4.793676726641
142802,5.57148788859398
142803,13.8897513002392
142804,13.8879773913494
142805,13.4289243269583
142806,7.30965645168052
142807,2.17318984617861
142808,4.49760310901354
142809,13.253887816063
142810,13.4701163088593
142811,14.131199320526
142812,6.82504259221909
142813,2.87114698022529
142814,7.24895434110131
142815,13.5851230525969
142816,13.4851181276102
142817,13.823611831543
142818,8.6074591140019
142819,3.75557905469779
142820,8.34065304470235
142821,15.5086706297031
142822,14.3539478068817
142823,15.2983795212335
142824,9.42630145920057
142825,4.97041341780458
142826,8.14075477882507
142827,15.9194902172891
142828,14.6325272192769
142829,15.8967124708036
142830,9.27453283979448
142831,5.80119022592058
142832,7.25078279164663
142833,15.7557856048284
142834,14.6184496567246
142835,16.0873568664419
142836,8.48537985521413
142837,5.02047324188195
142838,6.45818072312367
142839,15.6064042844068
142840,14.6221860987755
142841,16.6350183925188
142842,8.35697865044522
142843,3.45418812037973
142844,6.72625520906232
142845,15.4713326115605
142846,14.7606248649368
142847,16.5778304055793
142848,7.24938609066564
142849,7.92471935939804
142850,12.8673086034316
142851,19.0095815255976
142852,17.889569419177
142853,20.4663212014188
142854,13.7073061451225
142855,26.2046381958054
142856,23.2818694850672
142857,30.2722894181402
142858,28.6277750409754
142859,35.0571610952216
142860,24.5875036594877
142861,25.0250001829076
142862,17.1699525706858
142863,24.4323027076255
142864,24.6750407459683
142865,24.2794178567944
142866,16.7972155388259
142867,22.6013318264691
142868,8.55389681796419
142869,21.5712752545433
142870,20.058340756742
142871,19.5870706477948
142872,8.12338914333196
142873,19.1203411373769
142874,-0.0201786490622347
142875,19.4882587802959
142876,14.1705324521294
142877,11.2750572963313
142878,-0.781555671226897
142879,17.8150177431416
142880,-4.4536985852535
142881,18.7929187762441
142882,12.9402302735166
142883,10.2852556790192
142884,-6.05273013814475
142885,16.3111704531561
142886,-7.88539448146494
142887,18.1466037488991
142888,12.3588372716132
142889,10.2971127138352
142890,-10.2145381522142
142891,15.6830034384587
142892,-10.6115414976841
142893,17.567201339403
142894,7.61297458223655
142895,11.7541643319379
142896,-14.1096992006545
142897,15.1615331433386
142898,-6.01742559792409
142899,15.9934714167661
142900,4.56210714722896
142901,9.10276019228522
142902,-6.93995654690835
142903,14.0742501712407
142904,-3.12984138905852
142905,15.0413141930116
142906,2.76659971589429
142907,8.90346157089551
142908,-3.79276928790745
142909,13.395582472785
142910,-2.98038560608633
142911,14.9392639796892
142912,1.08234448857875
142913,9.15447960706281
142914,-3.52385085027734
142915,13.2330271522237
142916,-3.59815493968124
142917,15.0527084216864
142918,6.52502189362536
142919,9.87984341180901
142920,-2.57989972191282
142921,13.2475221393816
142922,0.0745216665011768
142923,16.2425507834635
142924,11.7873551524299
142925,11.4286408147314
142926,0.484266997442873
142927,14.4755539816713
142928,3.8419930829
142929,18.917076695329
142930,16.0458537848793
142931,14.2156350016778
142932,7.1316771434567
142933,15.9988072264096
142934,11.6434047537846
142935,20.2460552986889
142936,18.6570182586659
142937,19.3716122016404
142938,14.1548899723469
142939,12.330317474618
142940,8.77375699535473
142941,19.221775751876
142942,17.15689641414
142943,17.6081573718387
142944,9.9206103167599
142945,2.39510205909769
142946,2.02809559676098
142947,10.8754817550359
142948,12.3880162997283
142949,9.38855154890272
142950,-0.905333773471845
142951,-0.359342639522765
142952,3.03488381927754
142953,9.61842472984405
142954,11.3265443379901
142955,10.3451142034055
142956,-1.02764923525455
142957,-3.51769825592537
142958,-1.05322023822703
142959,9.77544734065275
142960,10.0989521363292
142961,11.3159053103008
142962,-3.31241222122314
142963,-2.13596673033241
142964,-2.28491454530196
142965,9.49431067423522
142966,10.2500648742569
142967,11.1241175438945
142968,-3.94583747956199
142969,-1.53781521269723
142970,-1.70369763757271
142971,8.94487738576898
142972,10.3334889915802
142973,11.5329634508338
142974,-4.20463538430691
142975,0.0249945768979565
142976,-3.76453919471873
142977,10.2321075801112
142978,11.5240204695131
142979,12.9147173112408
142980,-4.33142768403696
142981,2.65263033010372
142982,-5.16345708526531
142983,10.6988504339234
142984,11.5787893872179
142985,15.1045569707857
142986,-5.67689386379584
142987,3.66723094293435
142988,-8.42225473556554
142989,11.0347663267217
142990,11.8645695955796
142991,15.2372809500699
142992,-5.12514373254322
142993,6.89117120875252
142994,1.35854561275562
142995,16.5386994915687
142996,15.5357258508052
142997,16.7296495637121
142998,3.40221002710956
142999,32.2531421071451
143000,19.789309365955
143001,27.6379635866358
143002,27.019964355865
143003,32.1555165412922
143004,22.2360746490037
143005,29.0847510946437
143006,18.9204825977313
143007,23.4388754393509
143008,21.3228982165508
143009,23.2123055208352
143010,16.2832408914269
143011,23.7698864179992
143012,11.2549345316508
143013,21.8206249410045
143014,15.4602045118729
143015,19.7908869509848
143016,9.84799185622924
143017,19.5654163022261
143018,3.7494894204222
143019,19.3920298946175
143020,15.4507089718571
143021,15.9904505484047
143022,3.16085274505567
143023,18.1572028581436
143024,0.10683112125664
143025,18.5925912058894
143026,14.9768719859637
143027,15.5869185578766
143028,0.28883164289061
143029,17.0828479384834
143030,-4.51235398477445
143031,17.6858477638759
143032,13.5605045084211
143033,14.4678904753849
143034,-4.38247696956576
143035,16.1811266114769
143036,-3.77789763028449
143037,16.2613095010769
143038,12.2004799682569
143039,12.1595239773925
143040,-5.22987058790251
143041,14.3034421902451
143042,-5.47356310921488
143043,14.2151034768037
143044,10.6068614363185
143045,10.9408120712312
143046,-7.72743712673324
143047,13.3062518049875
143048,-3.87240394121046
143049,13.8144811483499
143050,11.6805087020317
143051,10.0401179512376
143052,-6.6310361315976
143053,13.6325120013318
143054,-0.162327352811694
143055,14.1928707146279
143056,12.8063109932281
143057,9.86481721027469
143058,0.021788812853007
143059,14.6282509545892
143060,5.98357888143807
143061,15.0051430020697
143062,14.8035329124023
143063,11.6288310871434
143064,3.01594167596716
143065,16.6583339945782
143066,5.83436835836025
143067,16.9969556951194
143068,16.0252623896251
143069,14.2384728796266
143070,8.63278153531235
143071,18.3832322560606
143072,9.44630279148552
143073,18.3725604207426
143074,16.9444812634054
143075,16.9954021025321
143076,8.40416197931442
143077,23.1367616847602
143078,13.9368694831552
143079,18.8447065370199
143080,18.116021429274
143081,18.9995474788688
143082,11.1116790700484
143083,21.2865963803688
143084,12.9463517781606
143085,18.2923127522078
143086,17.4145254934332
143087,18.884094295677
143088,13.7899028984317
143089,8.10795356148866
143090,8.57790770202603
143091,12.1906113437723
143092,14.4794413913855
143093,13.0411568776488
143094,5.92124481191949
143095,12.1386303387066
143096,12.0517246521203
143097,11.560841997865
143098,13.744705875303
143099,13.1437811423465
143100,10.0774975644376
143101,14.1117636341163
143102,13.10372146484
143103,12.3600215340824
143104,13.705108889056
143105,13.4434771311002
143106,12.1591593727662
143107,14.7021992547895
143108,14.5005922939915
143109,13.8885148735372
143110,13.8290290196253
143111,13.2228502743262
143112,14.7229436306211
143113,15.9686349848166
143114,15.2258423742785
143115,15.9680980252142
143116,15.3592279178014
143117,16.6703704426062
143118,16.2443973794659
143119,17.7614843487324
143120,15.6602371991241
143121,17.3240026809825
143122,16.4400204190354
143123,19.7472869281315
143124,17.7969743330254
143125,19.8598309110385
143126,17.7106257729247
143127,18.40144488819
143128,18.3435587227411
143129,21.4786680453996
143130,19.7927897285331
143131,20.3768591818918
143132,18.3052925723395
143133,19.4356516397372
143134,20.3244627551875
143135,23.0400770603323
143136,20.7999680441545
143137,26.4668643741536
143138,25.7835769872605
143139,28.9901493974268
143140,30.366423299922
143141,36.9198611371077
143142,33.7008069469972
143143,80.0249271451179
143144,44.1319047463554
143145,45.1690090764159
143146,40.3439992702048
143147,57.68746148157
143148,53.370296022881
143149,93.4828816620266
143150,31.8553447917106
143151,34.3758561109721
143152,33.5626626045556
143153,41.1936637784406
143154,30.7670855995243
143155,83.8629493397205
143156,25.345145567337
143157,28.5554770163483
143158,28.2194638704793
143159,31.0331894133578
143160,24.3944088294675
143161,77.2068720222468
143162,20.3820860328075
143163,24.8516829218755
143164,23.7801771978049
143165,26.231945628338
143166,21.1296372539603
143167,43.8152348215398
143168,18.9931825361404
143169,23.7692667999931
143170,18.0630077810182
143171,19.0047246948473
143172,20.8225486640359
143173,33.7714940548191
143174,19.1454095542089
143175,22.4617159582091
143176,15.0834096853696
143177,16.806281418954
143178,20.1106189444156
143179,31.561418538948
143180,18.9313112566719
143181,21.9228829889319
143182,16.7696541938168
143183,13.6186787268194
143184,20.3122503202815
143185,39.014046418514
143186,19.8671356573204
143187,21.906073744022
143188,17.6716241938267
143189,12.6390354610161
143190,19.5212773011437
143191,38.6935743345409
143192,20.6889155886011
143193,22.1137302198122
143194,18.9023054274714
143195,13.9432903445094
143196,21.0118646013446
143197,39.5173934032619
143198,21.4847953387629
143199,23.407262046888
143200,19.5785607155261
143201,15.5876565487815
143202,21.6604075039136
143203,47.307417571312
143204,21.7161271002102
143205,24.689132484273
143206,19.8510016600227
143207,17.3489190358863
143208,22.1212756962479
143209,57.1838124257485
143210,21.7587679599276
143211,24.7951990479549
143212,20.0564246728129
143213,20.6684011654015
143214,21.9120159131502
143215,71.8842859524573
143216,23.7743139286732
143217,25.8782648882552
143218,21.4008590419806
143219,21.6724187601282
143220,23.715621014688
143221,82.0976812304137
143222,26.7919947703203
143223,26.4346159522932
143224,22.7551193002914
143225,22.7963552980907
143226,26.8380116998472
143227,67.2646032914907
143228,24.8418281677646
143229,25.8647793113022
143230,22.2571512581007
143231,22.2028022158401
143232,24.9219554073982
143233,25.9828585562551
143234,17.1651867839139
143235,17.650689981371
143236,17.9251558729053
143237,16.4796131327118
143238,17.1038899878959
143239,20.5642007705576
143240,16.3222018346615
143241,15.5394868194062
143242,16.1658646540541
143243,14.737443341776
143244,15.7129701216626
143245,17.2244864774315
143246,16.7406442811427
143247,15.048816679315
143248,15.3735716731483
143249,14.8068326869736
143250,16.5578182387986
143251,17.1383906437312
143252,16.710100231143
143253,15.7639742903543
143254,15.5639916241243
143255,15.4493103246621
143256,16.0944048928452
143257,16.588573065107
143258,15.2633303694602
143259,16.7078180119926
143260,15.9159904942641
143261,17.2623155430075
143262,15.1524147452845
143263,15.6978613160811
143264,12.5198103562862
143265,17.4039980267039
143266,18.0991275520424
143267,20.0913918955352
143268,13.1211771367203
143269,15.1414688736573
143270,10.7028364848707
143271,17.6024066968211
143272,19.211932259373
143273,22.3761806615997
143274,11.7947707146596
143275,14.1087743280011
143276,9.22067806676292
143277,17.9935279068631
143278,19.493553794818
143279,23.1768615199809
143280,10.7338268904673
143281,20.7283421130202
143282,18.1215177867825
143283,22.3187354012947
143284,24.5891448349006
143285,27.6076290938518
143286,18.0253287363803
143287,61.0596057852327
143288,24.7520650266536
143289,32.6403346178887
143290,31.8941145806691
143291,36.9652449940245
143292,26.9737789890228
143293,61.2777348946536
143294,21.3270536190779
143295,27.5302780573551
143296,27.4122945542356
143297,27.5652235152431
143298,21.5958081725565
143299,39.3722235289504
143300,17.1768735674917
143301,23.6924364403424
143302,22.6722736491601
143303,22.8878023785024
143304,18.3175787679929
143305,25.0277610946124
143306,9.5360900099431
143307,21.1169323154358
143308,19.1893775446769
143309,20.1823641755267
143310,12.2762736262741
143311,22.6665659167453
143312,4.96334252383923
143313,19.7494247394849
143314,16.4344979903869
143315,16.1931989953022
143316,7.78053073222712
143317,18.5526117172344
143318,-1.3275523774607
143319,18.8914500064388
143320,16.4221816111371
143321,15.0717771970477
143322,-0.332369575482883
143323,17.8029649207553
143324,-5.57830206826227
143325,18.1615858852568
143326,15.7611014441241
143327,11.2744390192272
143328,-6.27024694251583
143329,24.2676348711782
143330,14.0623475976785
143331,17.4685271411566
143332,13.3614187841691
143333,13.0297232558701
143334,13.9681147901909
143335,30.0782636287783
143336,11.6486205539571
143337,16.9702025501372
143338,12.7010149500832
143339,13.8063741657408
143340,14.5196381228769
143341,41.1510422293472
143342,9.3498734113064
143343,16.749102885346
143344,14.7721727738548
143345,13.3669059088014
143346,16.803404533314
143347,48.2955444963996
143348,8.99313112016664
143349,16.8295161899634
143350,13.5825209732496
143351,13.0008709187852
143352,16.6487646566733
143353,47.6627776720936
143354,8.95826758666108
143355,17.3206313050111
143356,14.9016732677944
143357,12.9456330485827
143358,14.6183462518264
143359,36.6316529411688
143360,9.92320605913472
143361,17.8497323862332
143362,16.8937528783757
143363,14.9108992558022
143364,13.5287183669438
143365,26.7734853383209
143366,12.2965537798012
143367,19.9624131642369
143368,19.8376685453215
143369,17.492588232705
143370,13.2029329313956
143371,23.6549134591637
143372,12.2027673277211
143373,19.2520877317382
143374,19.7237821027549
143375,17.1460264750215
143376,13.0175386566057
143377,8.67091746244347
143378,6.48533838971618
143379,13.3460385784985
143380,15.4031502292659
143381,13.1075691877622
143382,6.57735039739396
143383,5.49350818760941
143384,4.65475590618947
143385,9.54668604299017
143386,14.4375517569981
143387,12.9547153262992
143388,5.58554117681752
143389,5.97766246909926
143390,8.40490945478287
143391,10.5518192599944
143392,14.5058123826166
143393,13.5680215697817
143394,7.02304693789592
143395,8.79488556523594
143396,10.4436084511544
143397,12.623006963156
143398,15.2194135697725
143399,15.636523003352
143400,8.84735744078224
143401,12.0746833804821
143402,12.7249162355678
143403,15.2954327029777
143404,19.0064210398256
143405,21.8294049240359
143406,13.3674540824378
143407,15.2408076675556
143408,14.9494086581646
143409,17.2395347445719
143410,22.533859744468
143411,25.2712579328496
143412,15.4657463256214
143413,18.4302966127171
143414,18.1521960256669
143415,18.6999666503722
143416,24.8260581504657
143417,27.1183561903391
143418,18.0737504062079
143419,19.4485044297882
143420,21.6285698516193
143421,20.7204115825477
143422,27.1555319395347
143423,29.5220770088148
143424,21.3319684721722
143425,29.2436569192042
143426,40.5765107489822
143427,31.0063780850333
143428,31.4583705759165
143429,36.4678942240778
143430,40.3484581010487
143431,67.1908745513976
143432,65.3991664353397
143433,46.1865111847267
143434,41.1363985270144
143435,53.1244699571659
143436,68.0742003754604
143437,84.2019213488618
143438,54.0010298446054
143439,37.4237248408851
143440,35.5268265081425
143441,42.462468726275
143442,54.3606519696813
143443,86.7337931938195
143444,43.0561900672323
143445,29.6874122494835
143446,28.8275174677729
143447,35.292941576419
143448,44.5144876593585
143449,77.1779047057536
143450,36.4087744737966
143451,26.922892409383
143452,21.7866376581823
143453,29.8110588340864
143454,39.883507192939
143455,61.196002895663
143456,27.754761032383
143457,25.2839767600386
143458,16.1669709025447
143459,23.1781700303081
143460,27.6562962737968
143461,55.7812966545517
143462,24.1788270555749
143463,24.1586818719902
143464,18.002592289017
143465,18.6939176353467
143466,24.4155896714132
143467,50.0372339094594
143468,21.1717270291405
143469,22.6522110626457
143470,19.4643745169606
143471,16.3960725522562
143472,22.357241343944
143473,42.6792774469265
143474,24.0680606572329
143475,22.7001271127526
143476,20.3831649090453
143477,16.8242882435901
143478,24.4771385576038
143479,40.912164867225
143480,22.0052261962849
143481,23.1181935010543
143482,20.9375536925713
143483,20.0793767696888
143484,22.3364180513306
143485,40.4510083083398
143486,19.8679500603408
143487,23.3514479891642
143488,21.5808206887048
143489,22.2132551780317
143490,20.6223790211336
143491,42.5668189820248
143492,19.2961243547376
143493,23.1918460735684
143494,21.9637307490109
143495,23.3152224720243
143496,20.0807045564906
143497,45.7680544474545
143498,18.8284742082582
143499,22.7049969740514
143500,22.6037051769275
143501,25.4644542773987
143502,19.757318741852
143503,40.6986226710917
143504,20.2162933263455
143505,22.2196962737801
143506,22.7646317734214
143507,28.0620032817413
143508,20.6179368708717
143509,35.760118577025
143510,23.0515973354881
143511,22.9380185744634
143512,23.7805654227445
143513,28.6422900289681
143514,23.3995190437656
143515,31.1394335869005
143516,20.4845589836684
143517,21.8031983988604
143518,22.4233097650859
143519,26.7332751717885
143520,20.7809896064813
143521,14.6011025076854
143522,14.7960872231949
143523,14.5883572350098
143524,16.8976022986504
143525,17.6091580521828
143526,13.1348464962291
143527,7.34829902350133
143528,12.5064630966062
143529,13.9037665770053
143530,15.794677596953
143531,16.9282876351674
143532,13.8794809423686
143533,6.8797156223613
143534,14.5552067769689
143535,15.1217534780172
143536,16.2706133975286
143537,16.9508619094252
143538,13.7488356836124
143539,9.06433793720904
143540,15.2236227464366
143541,17.0060093974073
143542,16.7428493130993
143543,18.2809813078634
143544,14.2273592443455
143545,14.0745984680406
143546,17.3236526184528
143547,18.8105003446205
143548,19.5396527701027
143549,22.2268192031004
143550,16.2066784565791
143551,16.352664354128
143552,17.9464365734845
143553,19.88288728735
143554,22.055713377007
143555,25.145231700259
143556,18.9426991184287
143557,15.1709497018324
143558,18.1600436947078
143559,21.0434923331259
143560,23.0867172386022
143561,28.2732629562906
143562,16.5807430051737
143563,15.9437791572795
143564,14.8959603043219
143565,21.8131514735398
143566,24.2055281713376
143567,29.8862048133109
143568,17.3532188960371
143569,22.1824203873629
143570,16.3194590027456
143571,26.4626288407942
143572,27.7650118433189
143573,31.983981164337
143574,17.990548733064
143575,60.7939932145613
143576,21.4258371196658
143577,32.4476124634639
143578,35.4490870876843
143579,36.553407759306
143580,22.8101369871637
143581,73.1706336418299
143582,21.3619538217283
143583,27.9352782623769
143584,30.2574266923513
143585,28.2762475345257
143586,19.0829016441765
143587,51.3484403093016
143588,19.1106234525289
143589,25.1346384368614
143590,25.5326453468352
143591,24.726904605476
143592,16.6152615345811
143593,30.7902993276642
143594,13.3947874285171
143595,22.6732023464651
143596,21.9808049810015
143597,22.3745190413387
143598,11.7408453403753
143599,23.4930340955801
143600,11.577183147554
143601,21.2655452057603
143602,21.2189006580651
143603,21.7567507111469
143604,8.19081281460307
143605,20.8032194837985
143606,13.0523804088391
143607,20.3937749430272
143608,18.7088379872429
143609,20.4627147603927
143610,9.34606190093103
143611,19.3998452046614
143612,14.7123588717348
143613,20.0170901629228
143614,17.2298500374884
143615,20.2722524815631
143616,13.4327274741267
143617,18.4990073992393
143618,13.4749613581226
143619,19.4352224637047
143620,16.3363867504542
143621,19.6136523892287
143622,12.0786336717076
143623,17.7955752283363
143624,9.2688933130004
143625,19.3132985369227
143626,17.4030172524449
143627,18.2189797423088
143628,9.44347366169944
143629,17.2130256685993
143630,7.83071117373705
143631,19.2683359218518
143632,17.8881994367648
143633,18.5991790169157
143634,6.70466222295136
143635,16.7720569159846
143636,10.6989351034021
143637,16.8827077803295
143638,17.5201230603966
143639,19.7587241409788
143640,7.62786683872553
143641,16.8598143883191
143642,12.9589500903496
143643,14.9628509216186
143644,17.5326013199462
143645,19.401912343194
143646,9.74599876565422
143647,17.3753947674227
143648,13.1732672808971
143649,14.7005481620164
143650,16.9375769601038
143651,18.6429932360314
143652,12.4873989207978
143653,17.3800590233896
143654,14.9166638166597
143655,13.4483545523567
143656,15.8770552270173
143657,10.8707380470988
143658,13.751143665654
143659,13.9401749713733
143660,11.4449210972871
143661,9.9896128055425
143662,5.58140351799539
143663,10.5095023585437
143664,12.546009000235
143665,0.51525514310233
143666,4.66168884858317
143667,4.97863582242899
143668,-1.14843243206963
143669,-1.64664279552339
143670,-0.309647130270111
143671,-3.2214219242826
143672,-4.25650730995591
143673,3.41154756817594
143674,-0.337658726769284
143675,-4.43301055164071
143676,-3.5301312474651
143677,-5.33453812490291
143678,-9.06978378446927
143679,2.78129887402703
143680,-2.88955323423777
143681,-1.59019410625299
143682,-9.01834470602799
143683,-6.20454146461735
143684,-9.42337460686387
143685,2.49019688523127
143686,-2.91592546401381
143687,-1.79059130434338
143688,-7.73285946696625
143689,-5.83129128484698
143690,-8.79208614312291
143691,2.90351504755477
143692,-3.56933076422253
143693,-1.43463243222972
143694,-8.53884062121104
143695,-3.42416016623127
143696,-5.16623990538278
143697,3.96536064016854
143698,-3.24579206247767
143699,0.270701810953533
143700,-5.98194892900073
143701,-0.349016229427285
143702,0.391749796930025
143703,3.02461507644632
143704,3.29750343805251
143705,0.258211801630729
143706,-0.722538040108628
143707,1.13907831903764
143708,2.91217908533338
143709,3.34700671618304
143710,-0.7781397838678
143711,2.25778281832781
143712,1.2113570351464
143713,6.37275237787907
143714,11.907987176954
143715,11.7673269788174
143716,5.12501772521554
143717,9.77737639900036
143718,11.5034209297367
143719,35.3167014742518
143720,29.7637396293033
143721,21.6888501207658
143722,12.3331828500775
143723,23.9123010666883
143724,33.7399851110137
143725,52.4664370011912
143726,28.8210849072819
143727,23.1645336166153
143728,21.3118572730095
143729,28.8610435759204
143730,30.6291870333271
143731,54.6656591070334
143732,28.6054050770068
143733,22.4321321342761
143734,23.0569846664109
143735,27.2626141408686
143736,29.41160019932
143737,45.4322156898087
143738,25.9025306505864
143739,20.8812544762877
143740,19.2658680578738
143741,26.018150054466
143742,24.8602963209642
143743,41.6650531968532
143744,23.3493835039635
143745,21.075851731708
143746,14.2437033599879
143747,23.8061114470959
143748,25.3686382981777
143749,42.4830816004525
143750,23.5188540369221
143751,20.5060133018471
143752,8.52679226762577
143753,16.957625716721
143754,25.8822418894953
143755,46.0080024788513
143756,24.2406674709228
143757,19.7851302611342
143758,3.27911277983171
143759,11.780999927792
143760,24.7720671638177
143761,46.3868432473819
143762,26.1094439094012
143763,19.9406899838302
143764,0.395680731117473
143765,2.95393415142496
143766,26.4796040454292
143767,47.0523392930986
143768,28.0327626271562
143769,18.4227696836354
143770,-0.280649351645774
143771,1.2162209679375
143772,28.6381166968965
143773,51.2766810333559
143774,27.2899131291835
143775,19.5664801097711
143776,0.00402888437863069
143777,-0.378660660340355
143778,28.6705704915532
143779,45.9216618922424
143780,28.9442585309649
143781,19.6638036492444
143782,4.91865677658661
143783,3.70285549264515
143784,29.8822278475385
143785,45.7469858690884
143786,29.7960040403402
143787,20.1616131195287
143788,10.8279795536418
143789,6.53917543088112
143790,30.8009350063774
143791,59.2666655145272
143792,34.300909945951
143793,21.9807268594593
143794,21.5070248856346
143795,18.2629238886562
143796,36.0191282638547
143797,75.1598487630836
143798,40.4066491659615
143799,24.3694576053054
143800,26.4562149669804
143801,26.3975099147373
143802,42.7472433944234
143803,72.5204031900011
143804,35.0086284695643
143805,23.6460749593434
143806,23.3532126212929
143807,24.5312942015107
143808,34.9457164488472
143809,27.6131226060996
143810,20.3045916499813
143811,15.0725807227234
143812,16.3542368750223
143813,16.9041272262901
143814,19.3245604153375
143815,18.5326400388212
143816,16.4138411164627
143817,9.23543912499984
143818,12.0743967598087
143819,12.9505790535413
143820,16.4977402304454
143821,15.2431633614409
143822,11.7912727141515
143823,8.14524815615554
143824,10.4222303245338
143825,12.2915336158396
143826,12.2670127671325
143827,14.5977070690885
143828,11.6711766772664
143829,7.96395697286584
143830,9.60435835504707
143831,11.4729330352285
143832,12.0668650025159
143833,14.3473139386664
143834,11.6829176661507
143835,7.88363202722348
143836,9.32183135082367
143837,10.280740395907
143838,12.5413852455508
143839,14.0842339665399
143840,10.6944052556258
143841,7.8126894258203
143842,8.96869600173675
143843,9.9248453122452
143844,10.6675637197973
143845,14.0153898287867
143846,10.2127899007879
143847,7.47363687727772
143848,7.92322487609126
143849,9.48915900262491
143850,9.60078672496163
143851,14.0116489821735
143852,10.9280862776333
143853,8.33602719019159
143854,8.27025158543427
143855,8.62777405810193
143856,10.6931434282293
143857,20.700763104718
143858,20.1591041454652
143859,15.6952249108094
143860,16.3264226125593
143861,16.2025872561911
143862,20.0369711031845
143863,62.9913128271838
143864,49.2579449903661
143865,31.414962497587
143866,33.5613830097228
143867,38.8756055749971
143868,53.3614239318275
143869,63.613347031847
143870,34.7823635987882
143871,28.5697332137491
143872,31.2263897588415
143873,32.75254513007
143874,38.3443402969417
143875,47.4094509366718
143876,23.9164416576485
143877,26.7127462829397
143878,28.8325333672149
143879,27.6698299085862
143880,27.2272995271499
143881,32.1481657567418
143882,18.0214509115103
143883,24.6906836798018
143884,24.4658465905357
143885,24.1600800996514
143886,18.6607795489551
143887,25.1241385412544
143888,13.4334173355028
143889,22.0323177869333
143890,19.8247841804707
143891,22.1070825336237
143892,12.8845262152499
143893,22.3655560607084
143894,8.41036567749772
143895,20.6125035792872
143896,17.976982542735
143897,20.7312558306281
143898,8.13601081975689
143899,19.9429915816849
143900,3.34709360731871
143901,19.459344955552
143902,15.7222983923636
143903,19.433800468665
143904,4.06019136457583
143905,18.9572791084967
143906,0.427606462013308
143907,20.0556922839137
143908,15.4161900381391
143909,16.4089114684816
143910,-0.347098667194569
143911,17.5851103835314
143912,1.29776530878118
143913,20.0143783021056
143914,16.193042948924
143915,15.3401885283735
143916,-1.52677075572663
143917,17.5312636872797
143918,0.284010538944283
143919,20.0788479436426
143920,15.8863581698441
143921,16.5565076077478
143922,-1.66440352968815
143923,17.1486457365065
143924,-0.290342876515595
143925,20.1396383123289
143926,16.1591251307959
143927,17.5943319812743
143928,-1.39649114652312
143929,17.6488140561771
143930,0.958573831602784
143931,20.4812527060157
143932,16.189269175957
143933,18.3122936503786
143934,-0.177041568103004
143935,20.9843071278262
143936,5.25049406385343
143937,22.6006018003348
143938,18.142611753368
143939,20.9229625846667
143940,3.6451667263886
143941,21.6190462266563
143942,9.97586374416434
143943,23.4056345241181
143944,21.3109555397246
143945,24.585440857906
143946,8.49959310036116
143947,19.9750263201333
143948,7.6377792198898
143949,22.1481879009129
143950,20.2194995143121
143951,23.649518853785
143952,6.4756824343258
143953,6.05115987935813
143954,-2.34747274995548
143955,15.3329014159362
143956,16.1931291483974
143957,17.1708852834277
143958,-3.84102118015929
143959,-0.0614988466154571
143960,-6.97646500165342
143961,11.9632687384507
143962,12.7484044492962
143963,13.5537094255699
143964,-9.06358644864855
143965,-2.73115288932809
143966,-9.14409459957809
143967,9.89881519081439
143968,10.1886799035269
143969,9.37464517742938
143970,-9.06520425387321
143971,-3.68547941705638
143972,-10.0953824817998
143973,8.42264637473562
143974,8.7889466226687
143975,6.30311945788734
143976,-8.53627561897989
143977,-3.51312311625258
143978,-11.2905608064064
143979,5.76570074669094
143980,6.5942858196931
143981,4.89658462174648
143982,-9.9604723575949
143983,-3.2649541173505
143984,-13.0142169769384
143985,5.00994994296495
143986,5.5777080488554
143987,4.29364152310129
143988,-12.4020054916646
143989,-5.03150166951702
143990,-12.78994541068
143991,4.8493119027625
143992,5.32938853742281
143993,3.86901249857011
143994,-13.5377897869284
143995,-5.19826272151523
143996,-12.9493377741258
143997,4.78748349655779
143998,5.46051102978439
143999,3.31816599985407
144000,-11.8794231402914
144001,-1.87798250420453
144002,-2.67169383100195
144003,12.3740561953974
144004,9.94770810181422
144005,10.5600095867705
144006,-1.96775942009831
144007,20.9827995359332
144008,18.6362587309174
144009,23.9459834243668
144010,16.5365205881395
144011,17.693890662834
144012,20.5744567823972
144013,22.0584860590687
144014,14.6696978344065
144015,22.9293633942687
144016,15.4122064794502
144017,16.8101984009302
144018,15.8302313930876
144019,22.3262145415091
144020,12.5168288164062
144021,22.0175081860205
144022,10.9364969782504
144023,8.13472062487671
144024,6.69947252227975
144025,20.8284896698273
144026,4.68727355068706
144027,20.5210296098066
144028,9.23493846931171
144029,2.22293121955191
144030,4.13226100713636
144031,18.6964968207338
144032,-0.0464892565846107
144033,18.6363098827435
144034,7.52976577465983
144035,0.0990855393354302
144036,-0.210255795836829
144037,17.5424500233613
144038,-0.729931443316406
144039,17.6651966904934
144040,6.57906528234662
144041,-3.18953641436413
144042,-2.982078509934
144043,16.490807674594
144044,0.105972478771015
144045,16.7090432144236
144046,4.34726926545776
144047,-2.86198040762593
144048,-3.25830350230757
144049,16.1292486629397
144050,2.20665403389313
144051,15.9872316619639
144052,3.53407266871938
144053,-3.85358121193759
144054,2.91697296974004
144055,16.7988311777152
144056,7.24209841142479
144057,15.8125022929748
144058,2.92455065497667
144059,-2.59050340180061
144060,6.61486194340213
144061,18.671306265298
144062,14.1603491089995
144063,15.8385326837444
144064,2.20149485210415
144065,-1.63801344896208
144066,10.9578758736421
144067,19.7783336301735
144068,16.9985034455305
144069,16.1827954930128
144070,2.7789709692877
144071,-0.0613220561251211
144072,13.2790288050005
144073,23.1222384339231
144074,18.8699304458255
144075,16.8613759951072
144076,3.92062262005609
144077,1.71473246884611
144078,19.3582128692972
144079,30.346697572816
144080,18.5710136644346
144081,19.2260768630857
144082,4.37717882163347
144083,2.63024365463028
144084,22.4813784200387
144085,35.9368303277386
144086,21.9674905729755
144087,21.9566888397949
144088,10.817499281807
144089,6.41503952773502
144090,24.583560870198
144091,37.6547212343974
144092,21.1001262331143
144093,22.094399370701
144094,10.9352602264513
144095,10.8288521420261
144096,20.8924699680085
144097,20.5428455008995
144098,16.4396392735161
144099,15.1020390756957
144100,7.51361169798085
144101,11.1144462947714
144102,16.5729869021781
144103,18.4688803165579
144104,16.2059842718836
144105,10.744545213262
144106,8.18474429462722
144107,10.4303991006492
144108,16.6981320439167
144109,18.2265106123221
144110,16.1273403406847
144111,9.90394881468913
144112,7.89650720994914
144113,11.7227748012235
144114,17.3143826648378
144115,17.5646841783325
144116,17.2381501342708
144117,9.26539824384706
144118,8.24280679293179
144119,11.6297362818166
144120,17.4455492778613
144121,18.1046156804211
144122,18.2691844770258
144123,10.5574259235974
144124,8.44766556516708
144125,12.9857662638877
144126,18.3526495805504
144127,19.1993997128211
144128,19.8601334675524
144129,11.6194643101797
144130,10.0897835272595
144131,14.0758180843589
144132,20.2248427301866
144133,20.569855311346
144134,20.6610024810729
144135,12.0367159994183
144136,10.0120958849134
144137,15.5040842958459
144138,21.6162534654993
144139,20.9245188261033
144140,19.2889323526482
144141,12.6631585420366
144142,9.98909356936234
144143,15.9071434996433
144144,20.8220070896355
144145,27.8997096340072
144146,33.90692936499
144147,21.6350984527895
144148,15.592918080018
144149,22.9552938803483
144150,36.3120292426847
144151,77.2284199765712
144152,47.4027317953776
144153,28.3542023534936
144154,21.5307254970234
144155,29.396643446792
144156,52.2402993202933
144157,80.8590945752589
144158,34.9387841526201
144159,26.8133535282548
144160,20.54779980191
144161,25.9273156332397
144162,35.4458441592777
144163,80.5411947750787
144164,32.4474793527812
144165,26.1873118511248
144166,14.2805882673216
144167,17.2255802957253
144168,32.1051161333678
144169,50.4701965833247
144170,30.4087235027522
144171,23.9326315493698
144172,10.8086408663312
144173,11.7105938827543
144174,29.654804710092
144175,36.1778918498446
144176,25.6112047033651
144177,23.0859670317271
144178,10.1137693350299
144179,7.479724993151
144180,25.1336934814809
144181,31.1405348438253
144182,21.7350707190852
144183,22.0022736814858
144184,9.91548210822341
144185,1.31335825701984
144186,19.2075679632105
144187,29.3692143192581
144188,17.898112697638
144189,20.3668902478545
144190,9.05131301128542
144191,-6.34729064587781
144192,14.6781104238362
144193,22.3077905001868
144194,13.855029587254
144195,17.8451899674505
144196,7.01356263383853
144197,-5.30780463547606
144198,12.5779935307737
144199,20.5287629002186
144200,13.6905371442632
144201,17.0114601725934
144202,5.92102709367258
144203,-5.66955524479125
144204,13.047129186528
144205,19.6116671303496
144206,14.6717034652652
144207,16.6277247133701
144208,6.2991069929455
144209,1.16352538268489
144210,13.1078708115046
144211,20.3394878503864
144212,14.6540584752741
144213,16.4419521820184
144214,6.16574251191062
144215,6.33081786459996
144216,13.8705512192516
144217,22.5035683904532
144218,14.447872906337
144219,16.8303655235552
144220,4.94256634628769
144221,6.28579584853336
144222,13.0897472727239
144223,25.5283758764566
144224,15.8242443444433
144225,17.3968410978989
144226,4.58324539046325
144227,3.09605143365953
144228,13.9860549993543
144229,25.9316971165728
144230,18.890380868759
144231,19.3434392803034
144232,5.96549055303865
144233,1.3775313223343
144234,17.1352073458352
144235,26.376832160177
144236,17.8646340648693
144237,19.6576523481669
144238,7.33973725884993
144239,4.05367960040832
144240,17.5486857597228
144241,11.4422409363876
144242,11.3879609565593
144243,14.3016145620208
144244,9.13152163101327
144245,4.40814630310093
144246,9.22566631590183
144247,7.36068229626309
144248,11.7060045917014
144249,12.5328440618993
144250,8.56200572264199
144251,6.51516837491055
144252,8.66543737105452
144253,12.1086767959481
144254,12.4579811924435
144255,10.5088638664843
144256,7.34360191140688
144257,8.19365996711322
144258,10.937541484488
144259,13.6941653678436
144260,13.7915093944634
144261,10.3518841499463
144262,6.29503657735293
144263,8.98452964752116
144264,12.8888350654036
144265,15.5219374624899
144266,16.6905284614321
144267,11.92489151614
144268,7.86283828110299
144269,11.4299765949338
144270,13.5930646810529
144271,15.6119137021966
144272,15.7492020464447
144273,14.067612283771
144274,9.20771575058841
144275,12.4649876187107
144276,15.0027470608536
144277,16.4283789798026
144278,13.7646149882
144279,14.8991876105001
144280,10.5533760782589
144281,12.986942779135
144282,15.9409882305023
144283,18.432033430339
144284,12.6235974429352
144285,16.4577045484909
144286,13.1694983088979
144287,15.2424802648483
144288,14.4016989011395
144289,23.7541727615778
144290,18.162487504698
144291,23.7052292077835
144292,19.266503793945
144293,21.6915118192551
144294,19.7152332699743
144295,62.1876466675464
144296,26.4794920732547
144297,27.7857457898813
144298,26.7717995709182
144299,27.72545538556
144300,31.0299048581079
144301,45.899708450305
144302,20.1051999165498
144303,25.8530408704565
144304,25.2337599483315
144305,26.8154820130508
144306,18.7338876281352
144307,28.7717003374472
144308,15.1122226142705
144309,23.0430486966544
144310,19.5677482745582
144311,21.7159635109196
144312,14.1772070487355
144313,25.3536073001661
144314,8.08018542046959
144315,20.910584360896
144316,14.6110714428317
144317,16.69824294352
144318,6.83583402622208
144319,23.6469752882112
144320,6.62835670622527
144321,19.7001850181732
144322,13.5282397559604
144323,6.7419452440353
144324,4.4734124389142
144325,20.0520024329116
144326,4.16194888605266
144327,18.820322922388
144328,13.8912548684542
144329,4.50805831513529
144330,-0.195781541465692
144331,18.3969726903633
144332,0.762269750955202
144333,17.9194618962246
144334,15.4925104169715
144335,5.2131190049505
144336,-2.21939826914597
144337,18.0199751167094
144338,0.780766229113187
144339,16.8695783498401
144340,14.6396367570698
144341,4.92457115184991
144342,-0.131839784952341
144343,16.9488815283997
144344,-0.151128269322989
144345,16.5426870003021
144346,14.3260342484389
144347,5.41377657477803
144348,-0.811225505285428
144349,16.5406143133348
144350,1.10986200206897
144351,16.5670525168219
144352,13.24603949174
144353,6.61330694626013
144354,0.483741173538622
144355,16.5337586035436
144356,6.13938022951824
144357,16.9456962388753
144358,13.9738149206658
144359,9.02529551620822
144360,3.66166889842609
144361,17.7891321794615
144362,8.42379288227034
144363,17.2247231200865
144364,12.6011013459481
144365,11.4313834903538
144366,8.42112468150636
144367,19.1318532026748
144368,14.3137157247945
144369,18.4947633110718
144370,12.866337569332
144371,12.4800721739731
144372,13.5451049830067
144373,22.9844825207635
144374,19.7484556776048
144375,20.8388329813204
144376,13.5742658748113
144377,12.0253428578083
144378,15.5948235694314
144379,27.5244252724864
144380,20.4523300564951
144381,20.9202926302189
144382,14.6996973654823
144383,10.4758840069302
144384,18.2523215503096
144385,12.7489487461342
144386,16.871817194272
144387,14.8445834209391
144388,11.6056326275664
144389,10.8664514558168
144390,15.4692964246749
144391,11.9456745355671
144392,16.1796839796519
144393,13.0671427582667
144394,9.30513782470737
144395,10.5472587393574
144396,17.1288669796582
144397,14.2840900590956
144398,18.4879508912215
144399,11.727877258253
144400,9.40719436900807
144401,12.7888183595303
144402,18.5076483326495
144403,16.5224554302449
144404,19.8952785915118
144405,13.3487296310029
144406,10.2031936864563
144407,11.9836675540463
144408,18.1621957236661
144409,19.4309200954935
144410,20.2316916164608
144411,15.928249925544
144412,12.6140941313227
144413,14.1801224808247
144414,22.5725147497878
144415,20.056178668439
144416,21.775351856554
144417,16.7030574618729
144418,15.4825507314795
144419,16.2323152793877
144420,21.7122108080529
144421,18.5964292288468
144422,21.9444543609361
144423,16.6742030658961
144424,15.4609859992908
144425,16.7856539770154
144426,20.9177368722087
144427,19.4561635130546
144428,19.943295703292
144429,17.158698072087
144430,16.8744182825696
144431,18.2560458219456
144432,21.9892864906763
144433,23.8922154448636
144434,29.0620127850695
144435,24.5694731739681
144436,22.2052857794353
144437,24.726310360202
144438,29.535469421787
144439,61.0348697008173
144440,42.996860950894
144441,30.3295246194022
144442,28.5461008931884
144443,31.8512556412994
144444,49.2436590135643
144445,44.9327755124549
144446,29.5386742407079
144447,26.021123519333
144448,24.7939462450622
144449,26.729111885688
144450,30.9806531434726
144451,28.7802620858936
144452,23.2384881994727
144453,22.7764722145969
144454,19.1668010380113
144455,20.8838762882543
144456,25.0781312733778
144457,25.7887494438297
144458,14.2542452047079
144459,20.490096366291
144460,14.2822154451089
144461,18.6744903517681
144462,19.2765349190762
144463,21.9747169633576
144464,10.6062448458025
144465,19.1550893238674
144466,13.5152357973934
144467,11.9007758676386
144468,7.45586446083454
144469,18.6412396821612
144470,6.15337735040824
144471,18.4497687028126
144472,13.5947163318608
144473,5.69039975809993
144474,-0.918877789535035
144475,16.9080835147432
144476,-3.09557259546629
144477,17.8245147682775
144478,14.6880970169223
144479,3.01692704324994
144480,-7.23304625608911
144481,16.6129528765732
144482,1.41343299963787
144483,16.8676572778536
144484,15.1553025808737
144485,13.1133103555911
144486,-11.6260633943049
144487,15.2317524836522
144488,-7.52307637235594
144489,15.265660242562
144490,13.0178710600015
144491,12.1595066822314
144492,-12.0786633711249
144493,14.1159730293515
144494,-9.82264795054543
144495,14.7532878134202
144496,12.8740172178275
144497,12.4505486963031
144498,-12.6254877768642
144499,14.1525448697548
144500,-5.76570863986274
144501,14.8020307785951
144502,13.4382222533452
144503,13.0253846266366
144504,-11.455315712772
144505,14.6192451006815
144506,2.16663577427753
144507,15.2851526776615
144508,13.1649664121143
144509,13.3935988704503
144510,-4.45697909295625
144511,15.6724251153038
144512,6.83229223638711
144513,17.7446462706565
144514,14.6592441124161
144515,15.3283658856742
144516,-0.860169211328447
144517,16.1670588245531
144518,7.05770249401894
144519,19.2944248777233
144520,16.109248074593
144521,16.9854345473516
144522,1.7268764458349
144523,15.8020681692156
144524,5.91907573828341
144525,19.3059176210841
144526,16.1408910921366
144527,16.3329943878403
144528,5.6262711268881
144529,6.09802958237963
144530,-3.07069966841348
144531,13.2142098784872
144532,11.5351244642863
144533,11.3173411675062
144534,-2.55727045021593
144535,5.48266616620778
144536,-6.36005960012801
144537,11.5000413386381
144538,10.0066447059042
144539,10.5614798206627
144540,-6.2011145059658
144541,7.6392946056265
144542,-2.85970154109096
144543,9.47989621981901
144544,9.32753303866806
144545,9.86053871844644
144546,-3.61532435188496
144547,9.11416270817593
144548,5.75993205984621
144549,11.2111135637516
144550,10.2560128239259
144551,10.4694634342683
144552,3.5808705546254
144553,9.95186673673225
144554,7.59688580561199
144555,13.801443511325
144556,11.552398643028
144557,12.8737820638845
144558,6.49185448909672
144559,10.9029029548536
144560,9.10955735229596
144561,15.1436695194413
144562,13.6030984080933
144563,16.7951664158197
144564,8.8110803901064
144565,13.7151208047912
144566,10.653584153195
144567,16.1431574413637
144568,15.577297667512
144569,19.8689804467898
144570,10.9067563992354
144571,20.5960950878331
144572,14.5080136390575
144573,18.1632605966903
144574,17.3662225802194
144575,21.3271365453476
144576,15.2939014290768
144577,26.8432245021724
144578,26.0190771494517
144579,27.943623750686
144580,27.8660793895614
144581,30.5189830715871
144582,24.0177145810127
144583,53.2544614439521
144584,44.4015795500924
144585,33.050886900171
144586,31.0794749169291
144587,38.1299327778201
144588,37.8122572226647
144589,45.5509763569725
144590,28.5735761266292
144591,28.7268541667942
144592,28.2464547175428
144593,30.772236926846
144594,40.9672504233203
144595,32.1078106701
144596,22.9637125940214
144597,25.9637613429454
144598,24.1894568155909
144599,26.2131711547788
144600,26.2307806052199
144601,28.3815444942252
144602,20.5569972181223
144603,22.6203690752412
144604,16.9370572557727
144605,21.7123614604207
144606,21.4755719330136
144607,24.1433355772072
144608,21.1136305308114
144609,21.021434312746
144610,14.6313970045358
144611,14.793545528404
144612,21.4674934778602
144613,24.2640801195525
144614,20.3880785543608
144615,19.8174189870305
144616,16.2037419528351
144617,14.1429067759392
144618,21.5505829762604
144619,24.2347353902863
144620,21.0226118947994
144621,19.403739120656
144622,15.8096767903006
144623,14.3562676202594
144624,22.0217607459827
144625,24.2458880045549
144626,17.5479622865164
144627,19.5398663277859
144628,15.5444544454745
144629,13.3823079955375
144630,17.5701175124696
144631,25.7227866106626
144632,18.6528286693669
144633,19.5025727146706
144634,16.3390026578361
144635,14.0578390750232
144636,18.5979712157325
144637,26.9095466565968
144638,18.3923305481984
144639,19.4087476672599
144640,17.5227973244198
144641,15.0050775314337
144642,19.3938638051395
144643,30.7631968701894
144644,19.9598915554482
144645,19.5060918867664
144646,17.4388983832769
144647,14.13218224533
144648,19.9455241403807
144649,34.1527550740313
144650,21.1604108200019
144651,20.1874888546461
144652,17.9087501547848
144653,16.3458376379599
144654,19.9212946809582
144655,42.6523519823609
144656,22.0934989269532
144657,21.1591019113399
144658,20.3093970470309
144659,17.8647801104957
144660,22.5783691406978
144661,51.7117612892965
144662,22.9188521881127
144663,22.4810108715645
144664,22.6721914416639
144665,22.5840131286766
144666,23.8745423824294
144667,40.8948891656271
144668,22.5109246966155
144669,22.8365404912171
144670,22.4407969078192
144671,23.0003782173572
144672,22.5975480605704
144673,19.7291385732743
144674,18.5006181175074
144675,16.0587048673513
144676,16.7772570405609
144677,15.7522059558463
144678,18.5635451955271
144679,15.2030231226825
144680,18.2334003790211
144681,15.0922696312185
144682,15.7046395015001
144683,15.8414788749725
144684,17.8445110795192
144685,16.3127644646139
144686,18.2391100721218
144687,16.0728512290393
144688,16.2367777659511
144689,17.9704731682797
144690,19.2974159294596
144691,17.7575344426699
144692,19.9382982215863
144693,16.9678470100287
144694,19.1301829234455
144695,21.2796028469969
144696,21.2660943311503
144697,17.4195411181973
144698,20.4385595197767
144699,19.1451238010105
144700,20.7714906814246
144701,23.1844454656574
144702,20.5597080556844
144703,19.9179827234391
144704,23.2611224890824
144705,21.9884730557594
144706,23.5933655564907
144707,25.8027755003867
144708,24.2314722163133
144709,22.1392188196712
144710,25.7236140061136
144711,23.8003648255941
144712,24.6170770395297
144713,27.9812103821688
144714,25.6441027825211
144715,24.540146537506
144716,26.7653584561753
144717,26.0711601291292
144718,26.9030817161978
144719,31.6698991542534
144720,27.8929352466674
144721,34.8115075341492
144722,44.9695497810131
144723,36.5529388947089
144724,35.6501402548093
144725,45.0184427148904
144726,47.7736240167868
144727,78.0694925467917
144728,62.5296026294211
144729,42.9980117289105
144730,41.4194116398849
144731,48.5395002432709
144732,73.6574461539779
144733,91.1401413344244
144734,50.7097717819469
144735,35.9526330384845
144736,33.6069495208314
144737,36.1191785414223
144738,54.3795186045443
144739,93.679500764243
144740,45.9151387239797
144741,31.5940351945025
144742,21.9571107453969
144743,29.787503507105
144744,50.3899141554269
144745,94.3967636744793
144746,39.9286239173343
144747,27.1389835798175
144748,16.307830644512
144749,19.7087872866267
144750,41.0544360905419
144751,84.179128131225
144752,33.4986284706633
144753,25.5043292294337
144754,15.607040407233
144755,19.0870725017208
144756,32.841880533725
144757,73.4758957638147
144758,24.7692042166571
144759,24.398960175804
144760,15.4762929507166
144761,17.6309147503304
144762,30.6293232814115
144763,67.2302305043777
144764,21.1223158244527
144765,22.3513497482767
144766,17.0786312689431
144767,15.3548694760973
144768,23.1690786319115
144769,50.4118923574729
144770,19.5469452196969
144771,20.5611034552024
144772,14.7194568600377
144773,15.9292760721288
144774,21.4292095620448
144775,51.3696705740223
144776,18.6139662048551
144777,20.0436961617406
144778,15.2076433538461
144779,14.5590046097214
144780,20.353778471074
144781,52.6005617598334
144782,18.4899840811182
144783,20.4964236005801
144784,14.6417874849292
144785,14.7382311998522
144786,19.7941564980798
144787,42.1995307405305
144788,18.5220595854419
144789,20.7205772438603
144790,14.247701132438
144791,14.9308228680114
144792,20.4953222845573
144793,38.6011801666513
144794,18.8717045854577
144795,20.9221708308831
144796,15.5499049418264
144797,15.2119308719296
144798,20.7737815396817
144799,47.3491804408848
144800,21.4558925100213
144801,20.8899178065133
144802,16.6257460476254
144803,18.1545389541145
144804,21.4138195559862
144805,39.9663747113911
144806,25.0665991277501
144807,22.4486214662965
144808,18.7156218120241
144809,20.4273553022522
144810,24.5723314103563
144811,33.1798403847586
144812,22.5193880009886
144813,22.72167645495
144814,20.0859587138211
144815,20.949257993287
144816,22.0129251173562
144817,16.4863313146762
144818,16.6537614035204
144819,19.2489543358777
144820,16.3548922192517
144821,17.8425317794293
144822,15.0767905527483
144823,8.77411510598547
144824,13.4767258306767
144825,17.1417428865931
144826,13.9458556883997
144827,16.6310164998558
144828,14.4731033378032
144829,4.94586027071185
144830,14.4974507930069
144831,17.0808793869898
144832,13.7831270552679
144833,17.276847596291
144834,14.6860193988393
144835,2.49124026549319
144836,14.8156980921779
144837,17.7468559602291
144838,13.4753678412924
144839,18.0960019577871
144840,14.8318444027517
144841,3.3266580300749
144842,15.298750802577
144843,17.52365696234
144844,13.5640097019036
144845,19.1419061801444
144846,15.4629724889405
144847,6.89895819230732
144848,17.3177913355218
144849,16.92355854442
144850,13.2610082114548
144851,20.6680467186029
144852,17.7294212870483
144853,12.0277710467853
144854,16.8459554713188
144855,17.6445303352491
144856,10.9543701624696
144857,19.7528107177181
144858,16.6130833316818
144859,16.7808020929824
144860,14.7818261666554
144861,16.9850627871468
144862,10.500512449338
144863,18.9688692326949
144864,14.8752123417976
144865,24.8516199826712
144866,20.6714828059636
144867,22.5816851855749
144868,12.1959035049061
144869,21.2897112623489
144870,21.0824076891627
144871,72.6650832978245
144872,32.6130613014702
144873,25.7940153700372
144874,20.4230390327384
144875,25.1474896741681
144876,34.7972610569285
144877,81.148296381167
144878,28.704329403933
144879,25.9501945983358
144880,11.6359204670124
144881,25.7625710290365
144882,32.5184137366398
144883,77.9708397494907
144884,29.4196648820876
144885,23.8069577788806
144886,9.19178594828788
144887,16.5368265793495
144888,29.565030895462
144889,71.9781394821864
144890,27.2752417894337
144891,22.3129407539834
144892,9.12690479495573
144893,10.0645243813873
144894,22.1063882759121
144895,68.8614582435732
144896,22.7897226273555
144897,21.7317778112933
144898,9.77751120952672
144899,10.474860252462
144900,17.2460253659075
144901,62.3555322659967
144902,20.3583966525703
144903,20.3596993565405
144904,10.5005761676997
144905,7.98123860898879
144906,16.1216437417968
144907,60.7753286652382
144908,14.726769485406
144909,19.4217412964912
144910,12.539189052594
144911,9.94288775650151
144912,17.7006516018872
144913,58.0068782828633
144914,14.4988038031638
144915,19.1345381309632
144916,14.4407785868033
144917,13.233856645498
144918,17.8930608621474
144919,56.2741185553837
144920,16.7665912125476
144921,18.7365778106439
144922,14.3412424701938
144923,14.4315991468068
144924,15.9039705432062
144925,51.7325652179348
144926,14.5346303925895
144927,18.8804702301185
144928,14.4351849171352
144929,14.2541476282087
144930,14.042414033813
144931,56.8569718490998
144932,15.0821148133809
144933,20.4304291220704
144934,15.1080417270302
144935,14.4218300717451
144936,12.6617461093164
144937,58.3655979104192
144938,18.8115328235206
144939,20.795413040904
144940,15.808005948595
144941,13.1762507962962
144942,16.0634641670224
144943,59.6285209458245
144944,20.3581529609572
144945,21.822237390722
144946,17.3114639533905
144947,16.4004365308335
144948,18.1428323567803
144949,64.5267360057121
144950,23.9499711318184
144951,23.8512328067459
144952,20.3873007085135
144953,18.1922637466677
144954,22.6801367209901
144955,68.6661304105459
144956,23.485222454572
144957,24.5956925879734
144958,20.0680009000501
144959,20.7240034978643
144960,23.8474020672717
144961,27.7789218514196
144962,18.4576365354155
144963,21.5302271262447
144964,18.8740307013021
144965,21.2891227100735
144966,20.1184846633642
144967,25.8929566980745
144968,18.4367770007779
144969,19.8422636387368
144970,15.4898870697839
144971,20.0364824538165
144972,20.580165511354
144973,24.8258101228035
144974,21.9643706286265
144975,18.174894279
144976,12.0545526869361
144977,20.5965280027454
144978,24.8551869077744
144979,26.1815846625052
144980,25.1059829436278
144981,19.2618499191868
144982,13.3103160068041
144983,22.0469818740921
144984,26.6739432366179
144985,26.6416748030204
144986,27.8908117541282
144987,21.5496567802172
144988,17.0218049011579
144989,23.6128144768809
144990,26.5128788845061
144991,27.9013915076578
144992,29.5325859991275
144993,22.8155807718977
144994,19.8933031227606
144995,24.7624836009976
144996,27.3602674412752
144997,30.8389325175497
144998,32.6292741978373
144999,25.648273826927
145000,21.9858999896146
145001,26.3048882386517
145002,31.1532970966379
145003,32.5829327939103
145004,34.3062932805855
145005,27.1842713256019
145006,23.026998488245
145007,27.9969416331944
145008,34.7201410757515
145009,38.4524649672737
145010,57.5239692999219
145011,32.6893464554591
145012,26.2495950431927
145013,31.2093646126521
145014,61.1015970122366
145015,80.6675745605519
145016,64.723890710405
145017,35.7065038273362
145018,31.9291331570566
145019,32.2386314981097
145020,68.184515422328
145021,88.9793964472776
145022,50.142411214749
145023,32.9543631635523
145024,20.0937541624816
145025,31.7222865109416
145026,43.853237370018
145027,87.1443310676465
145028,36.7444810843017
145029,30.8193737122738
145030,15.1718901031262
145031,25.4206680703355
145032,33.8749201403862
145033,58.7486583086828
145034,31.8294401664837
145035,27.6342813266824
145036,16.0870991116692
145037,19.2674461870844
145038,32.3454633169711
145039,47.7660392235711
145040,28.3008252572379
145041,26.0941457393116
145042,16.2708309392427
145043,17.9648466582947
145044,27.605821129485
145045,40.473602065058
145046,24.2629755421243
145047,24.3637299853012
145048,17.1085150173043
145049,18.1374281561985
145050,23.7445069736702
145051,33.9560987279499
145052,23.8049242098601
145053,23.2320927057334
145054,18.1743271662902
145055,16.5329137467187
145056,22.9697923180094
145057,28.6526849943777
145058,21.4338732987021
145059,22.9806177329959
145060,18.3958522260151
145061,18.7567339542661
145062,20.5287666869338
145063,26.6082522239871
145064,20.8689568991858
145065,22.6563362948618
145066,18.6990876933153
145067,18.8876855787593
145068,19.74265967051
145069,28.1863782014211
145070,22.1434606932787
145071,22.4666957211482
145072,18.7099744869355
145073,18.1707693571401
145074,18.7199868944577
145075,30.3681251015482
145076,23.3961736161222
145077,22.8197169517655
145078,18.6896848902638
145079,19.001847248618
145080,19.9647268083192
145081,29.6943779415423
145082,25.8089279832612
145083,23.6287633763981
145084,19.3915509576986
145085,20.4577014924501
145086,25.7847935028674
145087,29.4146043592679
145088,27.9393836524352
145089,24.1811103288593
145090,19.6138963280507
145091,21.0319805866823
145092,29.5936813386014
145093,32.0413747125044
145094,30.572545264124
145095,25.3322919126798
145096,20.6518974133079
145097,21.2839160370507
145098,30.6209599809313
145099,35.0430202924838
145100,30.1277186172506
145101,25.5933042037556
145102,20.7671202603594
145103,21.6673928780928
145104,30.5992680147591
145105,27.8167298943578
145106,26.9446211610738
145107,22.9151180641879
145108,19.315901317359
145109,20.0094531708699
145110,26.604752024693
145111,28.4194286369477
145112,27.2387281171495
145113,22.8025438409599
145114,12.0374510410279
145115,16.2509080400371
145116,26.2582008042521
145117,27.0007197089104
145118,26.4875261687971
145119,22.4931481483969
145120,8.25200754199176
145121,15.396004304425
145122,26.5358067455218
145123,28.0718840271484
145124,24.8431026833786
145125,22.01926873616
145126,6.79052603477875
145127,12.0365779517686
145128,26.0335226226047
145129,29.1514562869651
145130,26.5184631570364
145131,22.6387649201836
145132,5.63533885211751
145133,13.2982150126724
145134,26.0784192254699
145135,29.5457439667217
145136,26.5849754558229
145137,22.9681926157782
145138,5.78729601107421
145139,16.7657661707732
145140,26.7122711478597
145141,31.0952479738043
145142,29.6060672334281
145143,24.5090828063327
145144,6.43630280804089
145145,18.7216880096269
145146,30.3553582711348
145147,34.7082210989976
145148,32.2457403450705
145149,25.9620891246341
145150,7.51944529521212
145151,19.1231605747139
145152,32.3336770903697
145153,52.2108797233907
145154,40.5119275718897
145155,26.6657178361773
145156,11.5940409582154
145157,15.3721815935995
145158,40.6326788806793
145159,64.0973995705336
145160,46.3464825119132
145161,29.61877415132
145162,19.018764184372
145163,21.94503958815
145164,46.7450494971082
145165,66.370278604792
145166,32.1864789787468
145167,29.0497127738928
145168,20.1762207358262
145169,25.6609823557566
145170,41.8604628236694
145171,65.6041890281003
145172,30.4443728178245
145173,28.2275119031942
145174,14.6689175697517
145175,19.4028418504848
145176,45.6938390373234
145177,64.1745154016339
145178,36.7639724255451
145179,26.2939503819554
145180,15.5219685775316
145181,18.2629054196515
145182,40.7928828904886
145183,49.6102503545499
145184,34.3626330226966
145185,25.2062255395907
145186,14.4295417469777
145187,18.2001592544869
145188,33.3167575583896
145189,40.43265890692
145190,31.4397136850962
145191,24.4865386998437
145192,14.4207855487192
145193,16.4968941004517
145194,30.3398491117054
145195,45.3588502043232
145196,29.8745631258488
145197,23.6042282241099
145198,12.9002744184232
145199,12.8654995291046
145200,26.952536436131
145201,33.2418439898568
145202,25.9506861266069
145203,23.1079377313862
145204,11.8247424635752
145205,13.3088612970411
145206,24.5485937738252
145207,29.9926971050217
145208,24.876052622386
145209,22.7498795196957
145210,12.9362463857339
145211,12.5964036007643
145212,24.8840958358537
145213,25.9163772904432
145214,25.9961460365538
145215,22.432584087341
145216,15.4821678185018
145217,13.9380920007484
145218,21.6303125799029
145219,24.8448914063898
145220,26.2641417553131
145221,22.1870078087362
145222,14.9173488301662
145223,15.4715914634554
145224,22.6613543744389
145225,26.0592063276703
145226,22.7516568077168
145227,21.6943126313531
145228,16.4008189070789
145229,15.7456877180699
145230,21.7000907052741
145231,27.815664698793
145232,16.2958406442792
145233,23.0453048901116
145234,19.3360612577811
145235,18.8022106522313
145236,22.7400207408567
145237,26.5899494618199
145238,21.1182918262203
145239,23.8227107480457
145240,20.0107985259761
145241,19.9433639794263
145242,25.7804275843638
145243,28.9990247313914
145244,20.7176748088782
145245,23.9999163722793
145246,20.0614622938126
145247,20.6391688784811
145248,23.3292269038072
145249,29.4877636139688
145250,18.7149483196294
145251,23.0783962448636
145252,19.6646536144595
145253,21.6349276469795
145254,20.0297169798584
145255,25.948722340907
145256,16.720221747683
145257,22.0305090073603
145258,15.561774465022
145259,18.3918280257855
145260,20.0745768530212
145261,23.1088690160259
145262,16.7973685003426
145263,20.7013709954497
145264,9.53176640414654
145265,15.51608195987
145266,17.4581505201006
145267,19.7070027251627
145268,13.7501018712491
145269,18.1829830088986
145270,5.83493278416521
145271,10.4425747612636
145272,14.1265382924164
145273,23.6720698280672
145274,15.7500956549269
145275,16.8560878540625
145276,3.1850215945849
145277,7.53872128225439
145278,17.9704357873847
145279,23.4117049916725
145280,17.6133948366908
145281,18.6538644668254
145282,2.55102690284064
145283,11.8114218420519
145284,18.1017771412804
145285,23.0050916436824
145286,17.2670380302433
145287,22.5839574757698
145288,3.86941665794426
145289,14.9659496523386
145290,15.9516789861223
145291,23.1345786937544
145292,18.520410526656
145293,23.6841291084408
145294,6.10934552951673
145295,16.6008920072472
145296,19.9869656563835
145297,36.8263560415509
145298,23.9470940025137
145299,23.8467765341235
145300,8.16948411820614
145301,17.966902419049
145302,23.473300520674
145303,45.8018443945642
145304,27.6087196395438
145305,25.5870173616328
145306,17.6525540020763
145307,22.7011462182068
145308,26.2484045168816
145309,45.6458495273127
145310,31.4903976862702
145311,25.9628295009598
145312,18.7040763030579
145313,25.2603248012781
145314,33.9109235669252
145315,42.8378433801884
145316,28.5858653942463
145317,25.7314573184082
145318,14.7846655233199
145319,24.9220205465191
145320,26.4688463817486
145321,56.0877896176409
145322,25.8620260482673
145323,24.2825761299763
145324,14.9584605451691
145325,16.0070902540509
145326,25.0491743107719
145327,74.6270073363052
145328,24.3864480601685
145329,23.3670053008072
145330,17.2051873639757
145331,15.0974266363288
145332,23.20016029826
145333,70.0061566151193
145334,23.0328297261893
145335,21.1646983145909
145336,17.9147963766335
145337,20.9153943719319
145338,21.6021819927217
145339,72.8239378002191
145340,19.5796132603072
145341,20.3142531449926
145342,17.9692723081452
145343,20.0236501143807
145344,22.5275711824856
145345,38.3444607206933
145346,17.583546039553
145347,21.1211958967353
145348,19.7872953492206
145349,19.1422745139913
145350,18.5714911938787
145351,28.3466580450966
145352,14.2004026147657
145353,20.6035418051275
145354,18.0107413320916
145355,16.103359641468
145356,15.2187386028995
145357,28.0590611072024
145358,12.4814842255353
145359,20.3424080531778
145360,15.8065357635645
145361,16.2398863963706
145362,14.3350885467646
145363,26.7415701075248
145364,13.0992094745771
145365,19.6003581025181
145366,11.3446168233906
145367,16.3367430447566
145368,14.4420420829727
145369,26.4675364273677
145370,13.0561511101497
145371,19.3434634067923
145372,14.512158190726
145373,16.9329472657325
145374,12.8736814266875
145375,27.4256016598963
145376,15.5599057011518
145377,20.3065277474117
145378,16.3215058179205
145379,19.8377026639694
145380,15.1095341291381
145381,34.2252244803171
145382,19.17822303087
145383,22.7525556507294
145384,20.5919911125971
145385,22.1465553479388
145386,19.0214516585163
145387,29.6814052603918
145388,19.6900303084253
145389,23.5934959784008
145390,21.8805121213383
145391,22.2725999755132
145392,19.2725680058549
145393,16.6799943699016
145394,14.6087655212647
145395,19.7938985825208
145396,18.9572938749217
145397,19.6426357240726
145398,16.5968897081075
145399,11.7631705599904
145400,15.6023603169843
145401,17.1608576489319
145402,16.0915551356856
145403,18.3231005614004
145404,16.6099570179761
145405,11.2093645327307
145406,16.3041229731402
145407,19.3342489909398
145408,16.5196448270281
145409,20.0367540857966
145410,16.8657761499791
145411,10.2630132368505
145412,17.9383568842877
145413,19.8484124312242
145414,18.6860734702301
145415,22.4843893335196
145416,17.8295472142395
145417,10.7943241097418
145418,19.8174052430403
145419,20.4128827566593
145420,20.7055198382532
145421,24.2113576018984
145422,18.7451421949075
145423,11.8389803146429
145424,22.2773924711886
145425,22.2023570712067
145426,23.2963201612048
145427,26.220257746971
145428,22.8794921629948
145429,15.4090916307569
145430,23.4027398927884
145431,22.7899734215831
145432,24.1878490454855
145433,26.8508482001711
145434,23.3521065875985
145435,18.9872965103188
145436,26.0667186599441
145437,25.1156657541587
145438,28.0295807467467
145439,29.8218364967826
145440,25.9883589701207
145441,30.3220294479414
145442,35.9452225124557
145443,31.0836117359719
145444,33.9516692916007
145445,37.9959926641038
145446,36.7238745995247
145447,68.6384789618861
145448,36.8534651934318
145449,41.2569367974249
145450,42.6470781255006
145451,47.0236016404873
145452,47.2407821099543
145453,83.5439496175653
145454,30.9797897916791
145455,36.7244478857828
145456,40.4044739373428
145457,48.0281396048688
145458,29.901633988278
145459,76.866113864973
145460,29.8161320302611
145461,34.4207238508783
145462,39.0450420160203
145463,41.7804951457714
145464,26.9064206200046
145465,81.2067229372468
145466,27.9172905704596
145467,30.9227583323923
145468,29.156977143121
145469,35.2168886087702
145470,25.9802544902917
145471,92.4540528011538
145472,25.4911027387353
145473,28.7981084889736
145474,24.6544700179252
145475,30.5746996684957
145476,24.4013948368411
145477,93.1164730068376
145478,25.0591203566076
145479,27.2878919212594
145480,23.3019666338831
145481,27.3738163734019
145482,23.8627643931107
145483,93.597389950677
145484,23.6147339121165
145485,26.1258404716386
145486,22.972584081358
145487,25.1964374758757
145488,22.4273335447213
145489,84.6012936609397
145490,23.3507922176383
145491,25.7030060575237
145492,22.2124436305832
145493,23.9809177247092
145494,22.5873729522213
145495,70.0193896346829
145496,21.9209356656478
145497,25.0964153873484
145498,22.1500311761373
145499,23.8124177904461
145500,21.6336689441666
145501,59.3673859151172
145502,21.3675911678388
145503,24.8183987059209
145504,22.1497715120916
145505,23.5163734365443
145506,20.5976818744642
145507,38.690875948856
145508,21.2664493390481
145509,24.6428224776246
145510,21.9252674048635
145511,23.8642179485406
145512,20.2102921924493
145513,40.2592715406452
145514,21.601103344124
145515,24.599498385542
145516,21.8586982231077
145517,24.3424621667872
145518,20.2387800735853
145519,46.2508166514373
145520,22.8549783092871
145521,24.7627987778105
145522,22.2839376080228
145523,25.1834476447909
145524,21.4327532559749
145525,48.3403333121406
145526,23.0150693485577
145527,24.3586231062083
145528,22.6491332494778
145529,26.0039007754158
145530,22.1690116211128
145531,41.5104992529148
145532,23.1661520120211
145533,24.1615809426164
145534,22.7978526400667
145535,26.077692193728
145536,23.3208827633701
145537,22.9021067262932
145538,19.8667453381138
145539,19.2386447339713
145540,20.7338513808931
145541,22.3880580778897
145542,19.6802407546472
145543,21.282954804013
145544,19.0329105796839
145545,16.6712097332463
145546,18.65045462756
145547,20.7082046722845
145548,19.6766777393576
145549,20.8030328257151
145550,19.2866951116048
145551,14.8047196052338
145552,18.799819736714
145553,22.0215162879514
145554,19.9575395661254
145555,20.1944675610152
145556,20.7070875684086
145557,15.1666497048161
145558,19.0719356085781
145559,23.0032355945526
145560,20.2382459070975
145561,20.7202076766052
145562,20.6520083323122
145563,13.7452032925292
145564,19.3029658090223
145565,24.4288192426858
145566,19.9714953918752
145567,21.9207492654268
145568,20.9903392824168
145569,15.3197884770061
145570,19.9144007452165
145571,25.40986481977
145572,20.1743254119835
145573,21.6025750660726
145574,19.8401589802751
145575,17.3449692198077
145576,21.3097222465175
145577,25.5564785916837
145578,20.7087428285694
145579,20.6767116482482
145580,20.481351763096
145581,19.1335582501201
145582,23.3462408793251
145583,27.9885799211862
145584,22.3043160251915
145585,27.0882319393219
145586,31.976964561358
145587,25.6132755072097
145588,32.4637571221144
145589,35.9383208230301
145590,31.3169233811555
145591,55.9639578560933
145592,44.2853049415749
145593,33.3543828613631
145594,36.9237181892457
145595,40.769454573031
145596,43.9014308870186
145597,64.6352681346101
145598,39.6231486938789
145599,30.5872554443254
145600,30.1075571279416
145601,24.7419702489357
145602,41.3451438770731
145603,53.4692429721874
145604,38.9318685897037
145605,29.2003590075798
145606,19.2066724135471
145607,13.3109848228778
145608,39.6599965001957
145609,47.610458782453
145610,34.7735341096315
145611,26.5258565300947
145612,14.6276452008229
145613,13.8360197677896
145614,34.9393611709223
145615,42.5608547702536
145616,30.2548462736732
145617,24.3918555139938
145618,15.7536686202489
145619,18.3022190827408
145620,29.6038856229362
145621,39.0428783972695
145622,27.4946503179199
145623,23.2277867677012
145624,20.1162470705954
145625,19.5705114887628
145626,27.4380436939866
145627,35.2382303420947
145628,27.351465817949
145629,22.2156568274173
145630,17.8322262336896
145631,18.3203341291486
145632,27.5530016652512
145633,37.2576660115399
145634,27.8111287744083
145635,22.3755510636238
145636,21.0157959408232
145637,22.8513303422098
145638,28.7180467826024
145639,36.5261395619595
145640,27.5613709379698
145641,22.5274756228647
145642,21.5470583497911
145643,24.0565566868532
145644,28.8772215511133
145645,39.2471345804928
145646,27.3614958740733
145647,22.7786967941117
145648,21.3505322398241
145649,23.6164772803244
145650,28.7350780486824
145651,38.0302093684006
145652,28.6400236462457
145653,22.5154748759983
145654,21.4774059520844
145655,23.1964216640538
145656,28.9198674088534
145657,36.3155653404042
145658,28.4397458189783
145659,21.9621278104174
145660,21.5606416684527
145661,23.6644621333161
145662,29.4422375993178
145663,35.9127216744469
145664,27.0662447248204
145665,21.7977916412841
145666,21.7830991547896
145667,25.0567826725706
145668,31.2948287563628
145669,31.9252956211941
145670,25.5539634179755
145671,21.7513819467953
145672,22.0872766169511
145673,24.863543832973
145674,29.6155160010275
145675,30.9180485055951
145676,23.197286451557
145677,22.1759124095638
145678,20.4317027685626
145679,23.0445659923902
145680,26.5908711175597
145681,18.175810165605
145682,19.3048389231804
145683,19.6615012583438
145684,17.4074014698674
145685,19.7202614228728
145686,19.4840366172814
145687,15.8366767366435
145688,16.7459764501525
145689,14.8125557352781
145690,14.3808207093774
145691,16.9355058318602
145692,15.6652193282664
145693,13.1311319552298
145694,13.6867476773199
145695,17.6124053340902
145696,13.4854262203315
145697,16.3717140326632
145698,13.3368288950523
145699,12.2379853947975
145700,12.8940597390764
145701,17.5105665480335
145702,13.5721996751508
145703,16.4525197439191
145704,13.3456268269044
145705,13.4118837427662
145706,12.5240267711117
145707,17.7915928151412
145708,14.15155296089
145709,17.0386771014095
145710,13.3210840174167
145711,13.6376836652331
145712,15.9367816654761
145713,17.984346121018
145714,14.4823180627877
145715,17.1111557417491
145716,15.899157154066
145717,17.3425511925119
145718,15.6469126655946
145719,18.9562239404076
145720,14.493810935486
145721,18.1575339120694
145722,16.8762194581216
145723,17.8110010325911
145724,16.6586157373023
145725,21.4990368370775
145726,17.4956568584085
145727,20.0650429697059
145728,18.60930011687
145729,25.5647766470153
145730,23.1191178207054
145731,25.136809739283
145732,21.7061704153825
145733,22.4055098051985
145734,24.7924246857197
145735,30.2170482456885
145736,33.8403396745609
145737,28.4918015341446
145738,26.8088821485795
145739,26.2062188948234
145740,36.7186007454943
145741,30.5761121214094
145742,39.1446053487453
145743,27.012234783993
145744,25.6780676042394
145745,17.8465839450538
145746,38.8589292391058
145747,28.13908967052
145748,39.1296346789917
145749,26.2519485354569
145750,20.3134302451289
145751,14.2110271105899
145752,38.9892947898757
145753,28.0490716244839
145754,35.4424406679455
145755,25.4650499108064
145756,12.7005713016324
145757,18.2460219242788
145758,38.0287310242075
145759,30.9753283807793
145760,29.4012901971125
145761,24.902818748573
145762,11.4302973662132
145763,19.684169149954
145764,30.8192822416872
145765,33.2300177407843
145766,27.7240964945467
145767,23.8435531699287
145768,12.3841388185234
145769,12.6161541029875
145770,27.8536935649808
145771,38.9560619259477
145772,27.2931291446953
145773,23.0796491502362
145774,13.955675745341
145775,9.05825686034465
145776,29.5811559208215
145777,31.8198403496818
145778,23.9437852108983
145779,21.4166200896503
145780,8.77270736617806
145781,5.44141785585402
145782,26.5952638843304
145783,37.0312747011254
145784,23.5833956997503
145785,20.1226144294577
145786,6.86195183424805
145787,2.29449665257538
145788,26.3224054404779
145789,48.7847565269306
145790,23.6977212048346
145791,19.6836531333471
145792,5.76399669057602
145793,0.768903445099674
145794,25.3050145241977
145795,62.2881981245577
145796,23.8223470745266
145797,19.7072165663389
145798,4.45885041101571
145799,0.552231681371964
145800,26.8362204322198
145801,53.8754499029816
145802,23.9135417267821
145803,19.9072726523564
145804,6.05904588622394
145805,0.436063766838469
145806,26.8714368762671
145807,38.7403056596371
145808,27.7917298564273
145809,21.4345853125577
145810,6.89582697084544
145811,3.1557204297534
145812,30.6454222002444
145813,30.4100973984715
145814,30.7873455658452
145815,22.9545312892431
145816,14.8152217089558
145817,8.43248630041423
145818,35.9880167836732
145819,29.722707503322
145820,29.1745355046783
145821,22.645350505817
145822,18.8766095185709
145823,12.2761750331468
145824,33.2361159150484
145825,18.2024789224734
145826,21.7544573075336
145827,19.7161977099016
145828,13.931386720518
145829,8.23419697965049
145830,26.334633082999
145831,17.1584306495528
145832,20.1161831751344
145833,15.6084891132107
145834,6.68394395448388
145835,5.73925866511086
145836,22.694165694685
145837,16.2466156472534
145838,18.0184781054922
145839,14.6083792614009
145840,4.2397273225742
145841,5.71766532014781
145842,18.7253069350943
145843,16.188307502899
145844,17.3751078436043
145845,14.263385731476
145846,3.21846750372417
145847,13.5135935155889
145848,16.6819301767522
145849,12.63245892001
145850,16.5452318582183
145851,15.1036637285343
145852,8.43478560340453
145853,19.7337172366854
145854,16.0948725432219
145855,9.10069623154298
145856,16.2862994530264
145857,15.1535582215404
145858,14.8539235871768
145859,24.2076337809973
145860,15.302509538562
145861,7.73515451405557
145862,16.4814720478585
145863,16.3167458434335
145864,20.7650553700033
145865,25.8394509027322
145866,18.7977009585805
145867,9.26125352911228
145868,15.6835578510721
145869,19.4869627099394
145870,24.2008622633436
145871,27.7987417350748
145872,20.6152536697973
145873,18.5550210260898
145874,23.4055244708909
145875,25.593964786824
145876,30.5367432977241
145877,34.2641656313319
145878,24.9325053672773
145879,52.4804201117407
145880,32.2102183587336
145881,32.9663396100745
145882,35.3625572700281
145883,40.7607620044801
145884,31.1552178296988
145885,81.9325160325106
145886,32.5045694157918
145887,32.4346473412096
145888,35.047337336718
145889,36.6803046752849
145890,29.1278222804874
145891,89.7802817877683
145892,29.6718676982251
145893,31.8264608960058
145894,33.2708903408736
145895,33.4810526916404
145896,30.6112282633794
145897,91.5151319019757
145898,27.3394219448026
145899,31.200053178871
145900,29.2786842068042
145901,30.2701974032125
145902,26.7363003599717
145903,89.8342236700218
145904,28.2453044492191
145905,29.193413288051
145906,25.0680502036172
145907,26.7972368974232
145908,28.297759987958
145909,80.6376177709525
145910,29.2927998183294
145911,27.4200259653573
145912,22.5109111250368
145913,24.7758547717455
145914,30.1136261371165
145915,78.1565190252767
145916,26.8963308253146
145917,25.8895410335584
145918,21.9082364177638
145919,24.7259040364961
145920,28.9881389919858
145921,48.5050843702449
145922,22.5549393432882
145923,25.061354870543
145924,22.3211313952302
145925,24.3450668057193
145926,24.0897693761776
145927,45.070148532673
145928,22.8719485088068
145929,24.9905891421323
145930,22.5157387514953
145931,23.9947711236551
145932,24.4074282790245
145933,43.8466327194684
145934,23.5159336582345
145935,24.74666212021
145936,22.53062082269
145937,24.029196664782
145938,25.5695186234337
145939,41.5735039291725
145940,23.6907412616663
145941,24.7684524042376
145942,22.6348627440629
145943,24.191128579998
145944,25.6382643942746
145945,43.9019134326184
145946,25.1976313532769
145947,25.2730292238552
145948,22.8588227270182
145949,24.7324102160316
145950,26.0898373542271
145951,50.5226191357407
145952,29.2203744082493
145953,26.4792129685768
145954,24.186829139979
145955,26.3816620561017
145956,29.9996959293409
145957,64.5976641086634
145958,33.0277588582773
145959,27.03326732172
145960,25.7527737461245
145961,28.4276439318086
145962,33.3227005887363
145963,78.4674520711494
145964,31.4517438987977
145965,26.9131910994839
145966,25.2586287994345
145967,28.2133619200723
145968,32.2768468127027
145969,33.1036180877134
145970,23.1614812526232
145971,21.8934214875062
145972,21.5069347189307
145973,23.0727378475775
145974,23.0949978993247
145975,24.3814393154531
145976,19.1475233282967
145977,18.3910628485635
145978,19.4130637519833
145979,20.604124693846
145980,18.6673776848683
145981,22.4909920516872
145982,18.1122017318636
145983,17.2513281489226
145984,19.2100950804576
145985,20.895238828254
145986,17.4967353211102
145987,20.9735661758705
145988,17.3902503914934
145989,16.7539118586958
145990,19.136526565968
145991,22.0454081376491
145992,16.2511628102634
145993,20.5663145186737
145994,16.8818946636236
145995,16.8514444973876
145996,20.1214902575303
145997,23.3038198445498
145998,15.1205175944175
145999,19.3353414036461
146000,11.9657226434949
146001,17.5511787586024
146002,21.8642319030216
146003,25.1454364059563
146004,14.0015055420665
146005,17.7830621807104
146006,5.73146408219568
146007,18.2292532206046
146008,22.4562454156983
146009,27.6720321724631
146010,10.2754171076584
146011,18.6466977344053
146012,4.27331349627858
146013,18.6175202304986
146014,22.7947539536442
146015,27.8476828990155
146016,7.18241346657018
146017,25.8610859028254
146018,15.0690273500294
146019,27.5202380685237
146020,28.3568857734443
146021,33.4047624871043
146022,16.1440601358799
146023,72.7257011056669
146024,26.3328673489617
146025,31.4202372077631
146026,33.6386172508491
146027,35.9442905736913
146028,26.4605819872832
146029,71.5159026273485
146030,23.9615686650758
146031,27.1889483641931
146032,29.5138249792028
146033,28.1292920351824
146034,23.0256680711395
146035,44.6443062996453
146036,22.1882736118649
146037,25.0143468562673
146038,23.4121768231694
146039,24.7009188771216
146040,19.6054835098232
146041,29.502802242898
146042,19.8924882780838
146043,22.8150682270671
146044,16.4667582744929
146045,14.8414445262091
146046,15.5695112343315
146047,26.0125859945943
146048,17.4049590141403
146049,20.6824604583601
146050,16.4965577039026
146051,12.0337378524635
146052,10.6621482545175
146053,25.8940173174948
146054,15.8921524812782
146055,19.4405476915671
146056,18.3505884232435
146057,15.3715283092794
146058,10.872158601166
146059,21.1852324008198
146060,12.3871923872884
146061,18.2588388236117
146062,17.0469918106933
146063,11.0496091732778
146064,9.25327946697469
146065,21.0319977075709
146066,9.63903429221069
146067,17.8737067721518
146068,16.9013517050156
146069,18.9128611629809
146070,7.94790589291201
146071,22.9508013674305
146072,10.8429392233917
146073,16.381643348856
146074,17.5437132551384
146075,19.1855041004955
146076,8.10877292916353
146077,19.7750025483158
146078,12.3469981410594
146079,16.0821675255177
146080,17.2364442975705
146081,19.3706375075731
146082,10.609359706032
146083,20.5611563822123
146084,14.8753612143038
146085,15.7849882502609
146086,16.5203179901756
146087,19.432442628768
146088,12.3511214496557
146089,22.8024663197389
146090,17.4222380354695
146091,16.5259078377422
146092,17.2210929364799
146093,19.0566832216703
146094,16.7019082311843
146095,25.5185679978263
146096,21.0218796180507
146097,17.3247515125768
146098,18.6683115286532
146099,20.6598474470599
146100,20.6475101219919
146101,28.7001174710074
146102,27.5745753056217
146103,19.8391086082699
146104,19.9875910775072
146105,19.1760710632234
146106,27.5346064014858
146107,37.3869004716506
146108,27.655196037478
146109,19.3070498040184
146110,12.0276106914069
146111,7.90547936873418
146112,27.2994245447891
146113,19.8359264201945
146114,17.7717786196695
146115,13.4030159423561
146116,6.02723559627748
146117,-0.197395407338004
146118,17.3835762207297
146119,13.4274642375912
146120,14.3744402102321
146121,8.85785592151449
146122,3.1214293348555
146123,-3.44692626866561
146124,13.5924760837548
146125,12.3692109103271
146126,12.8360484789555
146127,7.74821792175861
146128,-1.24149434868292
146129,-3.15025797729313
146130,12.4396822756576
146131,13.7481408342074
146132,12.8434596468145
146133,8.76498279760786
146134,-1.35501763227817
146135,-3.67897835259165
146136,12.7857837592849
146137,15.0567543248742
146138,12.8163556763706
146139,9.35240018356608
146140,0.768463712260036
146141,3.79104062043419
146142,12.9749146581674
146143,15.2728621215818
146144,13.208345915698
146145,9.76924715439762
146146,5.17165332121926
146147,9.99385930603833
146148,12.8476519986914
146149,15.0708917377176
146150,10.9841346091402
146151,9.25595547058511
146152,5.52559968627591
146153,12.8414247142144
146154,10.8534067258828
146155,15.1006745129369
146156,12.4814024636857
146157,12.7249878855033
146158,7.8050044889873
146159,13.9673856894278
146160,12.3686426144889
146161,25.1601839276076
146162,29.4214815409214
146163,23.1687475600235
146164,24.2808887747901
146165,25.9163270088242
146166,28.0594561885869
146167,80.9114681667459
146168,48.7726087137438
146169,33.3912466886365
146170,35.8982052422048
146171,42.5100760463683
146172,47.7574547756671
146173,97.3010675556664
146174,32.8584705109769
146175,29.4415396801176
146176,31.2360576392033
146177,37.4744545651323
146178,38.5339718816971
146179,99.3909887649762
146180,31.508239477368
146181,27.1849750921048
146182,30.0923933883627
146183,33.5812929778844
146184,37.086474689822
146185,59.9606120251764
146186,28.8918652398573
146187,25.0471064366745
146188,27.7066124387027
146189,28.9464633622757
146190,31.090990592615
146191,44.698714849371
146192,20.3852809712725
146193,24.2664726848188
146194,24.9581098157602
146195,25.9749060504643
146196,21.002270549945
146197,33.9185196617563
146198,16.0251647470568
146199,23.0291578301973
146200,22.1074596067165
146201,23.7962899764323
146202,16.3478680282392
146203,27.6570142207212
146204,14.6873679050539
146205,22.0639395045227
146206,21.3639866088362
146207,23.1641297728327
146208,14.2288215990224
146209,30.2082935852436
146210,14.981678309091
146211,22.259218462285
146212,21.1851008916766
146213,23.2495852889676
146214,15.1624576509324
146215,29.0495457551886
146216,15.9023086934746
146217,22.0508298342389
146218,20.9494485211443
146219,23.347994424208
146220,15.2474532011106
146221,29.2552722648756
146222,17.7138882021952
146223,22.56112789483
146224,19.9400409026972
146225,23.4661786845635
146226,16.6224393522179
146227,29.5599791024433
146228,22.0515762502835
146229,23.8730932674865
146230,18.9073313768434
146231,23.7249722181088
146232,21.2603731352484
146233,29.9470790388988
146234,25.5472258593959
146235,24.3862299670978
146236,21.2851987296434
146237,24.2501534036168
146238,24.1885835513702
146239,29.7656349882192
146240,27.2462408780558
146241,24.1367305303346
146242,22.2980541111576
146243,24.2442548239178
146244,25.9345655522719
146245,31.9391762852486
146246,30.0769032153046
146247,24.8842902596266
146248,22.9907948822051
146249,24.0003141364895
146250,28.8333606218003
146251,31.3019523527968
146252,29.1953072870611
146253,25.358496786714
146254,23.7053449373583
146255,24.6649459045361
146256,27.5380188313135
146257,18.2372793247008
146258,20.9790083249064
146259,18.9371775558451
146260,20.5475782040968
146261,20.978035694336
146262,20.6260335199409
146263,15.6326085851598
146264,16.3958429304673
146265,19.6068181576951
146266,17.9883731399005
146267,18.8395513960495
146268,15.8969049803992
146269,16.1192109089198
146270,15.6492438222624
146271,19.3442793665099
146272,17.6974193958321
146273,18.4985479423246
146274,15.4083892807786
146275,17.1295322967719
146276,13.0241779928735
146277,18.8525017987589
146278,16.4774033582247
146279,17.5829845444676
146280,13.1600092836892
146281,15.9988851024816
146282,12.9785411189216
146283,18.2527558568177
146284,15.7830535854273
146285,16.5116439541301
146286,14.4161664286936
146287,14.9090379830382
146288,11.1565010787182
146289,17.0746087942413
146290,14.9658005462288
146291,15.3332170273816
146292,11.0277599645063
146293,14.8163736360564
146294,10.0208048772123
146295,16.240877873533
146296,14.3485215526252
146297,14.144670553419
146298,10.1078107806755
146299,15.8039681246248
146300,10.2858514155967
146301,15.5795014101466
146302,13.8875203024509
146303,14.208509031063
146304,9.95452802811714
146305,23.958117696487
146306,22.8927764710392
146307,23.348221549056
146308,22.4678334155268
146309,23.0454171544466
146310,21.3023683578265
146311,60.4437406352964
146312,39.3757004517099
146313,32.6629160165524
146314,32.7942662572356
146315,37.4330017690211
146316,41.7972708532142
146317,51.70844134569
146318,33.7583926664699
146319,27.8599077550681
146320,29.5696182675923
146321,31.5293285338701
146322,35.8439362273626
146323,35.2966853743734
146324,30.1933612818637
146325,24.5189588174267
146326,24.7535167148418
146327,25.7779106667544
146328,31.3834101945437
146329,27.0899574393395
146330,20.6527037282505
146331,22.4200594709246
146332,20.057453875011
146333,22.7323200492088
146334,20.3315848825763
146335,24.8016768979554
146336,18.4096052777384
146337,21.8185088447769
146338,18.610845162368
146339,21.5388418861054
146340,17.2619660523988
146341,23.0666835747549
146342,18.6638439556756
146343,21.2596394341885
146344,18.4917121857492
146345,19.8299379137332
146346,16.3195477732057
146347,22.9533006829929
146348,18.0475629152073
146349,20.9089212759824
146350,17.8904734537702
146351,19.5973303904903
146352,16.9721723027993
146353,20.9680675081207
146354,15.8723245104395
146355,19.8410854609425
146356,14.9334849111008
146357,16.402776338946
146358,14.5045520894068
146359,19.2787740562639
146360,15.9371585059681
146361,19.5848610592458
146362,14.3720025143366
146363,14.6879637280801
146364,12.8006908047283
146365,18.0229975007106
146366,14.8127535255485
146367,19.466663543375
146368,14.0695307627861
146369,12.2675278546181
146370,10.7366664760021
146371,17.7960931777651
146372,14.2992620855477
146373,19.432192318107
146374,13.1966184458544
146375,11.668701512455
146376,12.0001314716007
146377,17.7750010427514
146378,13.1992948165047
146379,19.4136543086819
146380,12.4444361825625
146381,13.2309405219682
146382,12.9719373397691
146383,17.8247074958529
146384,13.9975049446829
146385,19.0899936319226
146386,13.8959829248659
146387,14.1405983114035
146388,12.9200488239462
146389,18.2891807713604
146390,15.2957903034483
146391,19.4151006179146
146392,14.541214923026
146393,15.3086164015139
146394,15.8938924553266
146395,16.8456353167674
146396,14.6919464222178
146397,19.7709836628689
146398,12.5197225346328
146399,16.388245436572
146400,15.8281086808958
146401,5.97226080348302
146402,10.1943148657273
146403,18.5935172180761
146404,10.4154718830647
146405,14.0084061531965
146406,12.7282895850266
146407,2.77889907152301
146408,5.25328970722291
146409,13.7567923066544
146410,9.9678897960788
146411,9.94859843297254
146412,5.76972437642804
146413,1.33204374445378
146414,0.0621887574827511
146415,11.3462132903672
146416,7.78823588227441
146417,5.25026574058769
146418,-3.90272413668318
146419,0.778187765415314
146420,-6.67348841984995
146421,7.96285072771363
146422,5.95293480253118
146423,1.96356709674583
146424,-5.01300224358867
146425,1.19890038857902
146426,-8.03635367849799
146427,7.74837119773525
146428,5.16197591427627
146429,1.97851036742723
146430,-3.01597506228531
146431,1.87804008081893
146432,-2.33758180718103
146433,7.11717290873448
146434,4.52941919598092
146435,3.91749140902897
146436,-4.93676578416362
146437,1.47082144718701
146438,-5.76017160121781
146439,7.33174803957779
146440,5.41032823115431
146441,4.69115673126152
146442,-6.74574546777854
146443,3.85506951642293
146444,-7.91665377463472
146445,8.69934625696701
146446,6.19149550970598
146447,5.15237565052909
146448,-8.27391829355182
146449,10.9101108182423
146450,-6.56101553973788
146451,11.6792799899035
146452,8.83054510506367
146453,8.87700756994178
146454,-6.9414926512995
146455,17.3901943171912
146456,-1.50765181213037
146457,19.859239815665
146458,12.2001500202963
146459,11.6068660327039
146460,-2.77556848961926
146461,18.6798435425365
146462,-2.31629124248572
146463,20.3836366667597
146464,13.9503292552602
146465,9.41467785355356
146466,-2.81749391998745
146467,17.8134033033156
146468,-3.75722632623573
146469,19.1342695473235
146470,13.4097240070469
146471,8.62681432424133
146472,-4.40978017023085
146473,17.1045956991182
146474,-5.15023133710046
146475,16.9813189039862
146476,10.9008020383452
146477,2.78504388602712
146478,-5.41695339377364
146479,15.792236604995
146480,-5.38133135679017
146481,13.406553552307
146482,8.63693367974149
146483,-2.87312057764661
146484,-6.17396154676892
146485,14.8803444197009
146486,-5.8714278983733
146487,14.9272677727021
146488,5.82565137204028
146489,5.91583633653272
146490,-6.4785697870513
146491,14.8649397515595
146492,-6.12474417714054
146493,12.6068078712353
146494,4.85274643001444
146495,5.55784444809338
146496,-6.44384420499596
146497,14.8073262456741
146498,-5.77665801543104
146499,10.0653768267902
146500,-0.193454459541638
146501,-0.055888435778602
146502,-6.88453080800735
146503,14.9326600546938
146504,-5.37202178536702
146505,10.0712285776011
146506,-1.74618879683997
146507,-2.29544799517068
146508,-6.50063194901471
146509,14.9002849327734
146510,-5.25750707789739
146511,10.9655974107132
146512,-0.901349529462152
146513,-1.44700712902312
146514,-6.31164311421903
146515,14.7734558534085
146516,-4.31758625337862
146517,10.5963734956363
146518,2.52887323757694
146519,-0.913591321365011
146520,-6.11863056527785
146521,14.8012732181895
146522,-3.65171322214823
146523,11.3113570987548
146524,3.12689875857842
146525,0.174130316664453
146526,-5.60782428345511
146527,14.7531822186392
146528,-2.22794472673
146529,13.1806984381918
146530,1.9399800407187
146531,0.0798042010772875
146532,-3.4660284329598
146533,14.5985784534991
146534,-0.219882801168247
146535,15.7369577388595
146536,3.08526651521398
146537,-3.61062237877587
146538,-1.59787639251611
146539,16.4719344791194
146540,1.49051854004858
146541,17.0984491029373
146542,1.24581556309758
146543,-1.42432366024192
146544,4.04972252321846
146545,14.7888208989425
146546,1.77166103903014
146547,17.0833457876651
146548,1.69748783024106
146549,0.658791906327536
146550,5.99505055063173
146551,7.89058387452368
146552,1.43299964319494
146553,15.4291221515665
146554,0.109407358237569
146555,0.525030982065037
146556,0.826963373187645
146557,4.58767886372024
146558,6.57187614265385
146559,12.4537072938636
146560,-0.577226059820436
146561,7.3193188653465
146562,3.82269853784184
146563,6.57891853046934
146564,10.6055989927975
146565,12.9439784962924
146566,0.109322136329446
146567,10.1153258454883
146568,8.73365646513649
146569,11.2491760753365
146570,10.961840398849
146571,13.065077319214
146572,0.749329801642112
146573,12.1483816669794
146574,11.0871367067663
146575,10.8140903968195
146576,3.37006815531059
146577,13.639146455146
146578,2.61747467470418
146579,14.8801148366065
146580,9.68223019251052
146581,13.7767361718975
146582,0.867882738177613
146583,14.8918656597808
146584,5.50142216728973
146585,16.932226584107
146586,4.0161870098531
146587,14.3459194148279
146588,0.998327759752573
146589,17.0746622791857
146590,9.5949166202433
146591,17.7424698146111
146592,0.855979263051616
146593,20.5753668925313
146594,6.53546455232102
146595,19.4424053673745
146596,12.2942442713273
146597,24.4244931950566
146598,5.88187385236468
146599,55.8045017723544
146600,11.4222820145429
146601,22.9592137332398
146602,14.9129784687382
146603,27.847991894796
146604,11.2284252299429
146605,62.5031389064378
146606,8.05425846396278
146607,21.9656235163539
146608,15.3032256459732
146609,22.7052425797496
146610,7.36018282316088
146611,60.4113317087108
146612,5.25932515260117
146613,20.5076858857473
146614,14.7902037661311
146615,19.4838081066979
146616,4.35571242883972
146617,60.1274986964439
146618,4.19355041308117
146619,19.3871340522452
146620,14.2944048714993
146621,17.4698250571671
146622,3.22198560757772
146623,29.1194302882376
146624,3.93961036653232
146625,16.8529414421316
146626,14.9651157063738
146627,16.2379427651865
146628,3.00196538500011
146629,21.7123596644672
146630,2.72871037513837
146631,18.7393467712837
146632,15.0662834498924
146633,17.1790610028232
146634,2.36709536244488
146635,21.6014383079118
146636,2.56168090366454
146637,18.5236019837879
146638,14.4644841124125
146639,16.7745825210745
146640,2.66514651457933
146641,19.411509327994
146642,6.39884922616462
146643,19.1863000927846
146644,13.9120385317091
146645,16.6914096097354
146646,9.23201078035859
146647,19.1436609366934
146648,9.3139715586406
146649,20.2846282892632
146650,14.6030760037325
146651,16.7814376377144
146652,9.88534477101009
146653,19.8646785733847
146654,9.56603511431329
146655,16.842521791703
146656,15.6218866483793
146657,17.3068762684316
146658,10.69380893722
146659,20.7273994763131
146660,15.4286575710053
146661,12.9056971070339
146662,16.6827650987106
146663,18.2883096314685
146664,13.7483377483012
146665,22.0872775544805
146666,16.989781816527
146667,11.7356585062437
146668,17.8895094700311
146669,19.2937860614982
146670,15.9016913047679
146671,23.2608247281377
146672,19.198034673529
146673,10.6999878191221
146674,18.5610412951988
146675,19.594671522098
146676,17.5986029311548
146677,26.1958523467041
146678,22.8144413503351
146679,13.5536729851592
146680,19.9657795951221
146681,19.8625525439097
146682,22.2908873446337
146683,27.9279331616131
146684,24.1218997108073
146685,13.9130857374663
146686,20.5410531086893
146687,17.1336024605768
146688,22.9339509790005
146689,22.8444328410829
146690,21.8912309183376
146691,11.2708284722076
146692,10.6309963519964
146693,5.0567659279979
146694,19.4421660373907
146695,18.9547530334126
146696,19.5845839211392
146697,10.2996628684177
146698,1.12428935896591
146699,-0.255176209615914
146700,18.1852868676399
146701,21.0504726437853
146702,19.7094286246165
146703,9.95749910005767
146704,0.399014487659656
146705,2.10049993215504
146706,19.5664437936075
146707,22.502507781912
146708,19.3095068009842
146709,10.0616531715581
146710,6.4852640556917
146711,9.08335639143257
146712,19.8201470925166
146713,24.2232236164317
146714,20.0416745103176
146715,9.34716924502292
146716,7.74231021742622
146717,13.1535578923991
146718,20.5353392563721
146719,25.2147431400117
146720,21.6257332447502
146721,10.762231998247
146722,3.56120698220839
146723,12.952436217229
146724,22.2945493305499
146725,24.0712559170711
146726,23.4294117982748
146727,11.0731108869286
146728,6.4079510363398
146729,13.7616835873056
146730,23.8665601539061
146731,26.4749632566801
146732,25.911222568584
146733,13.4554060435773
146734,9.43105403420366
146735,14.3768749330978
146736,26.1529435649029
146737,47.5851533300018
146738,39.0482348631297
146739,17.3217490174824
146740,11.2787423520235
146741,19.4343161570964
146742,39.7952640982452
146743,76.0371296775167
146744,43.3491887751082
146745,20.2629033403428
146746,13.5203132741923
146747,22.205762018928
146748,43.8738866462308
146749,85.9716399598176
146750,41.2553872600329
146751,20.78731401823
146752,21.6289446575282
146753,24.0867342226768
146754,42.0525312367971
146755,80.7377120767406
146756,41.6562696611796
146757,20.8552091979463
146758,25.2545437574066
146759,26.8906385809166
146760,42.2511057822866
146761,76.1130303062637
146762,38.3324318975669
146763,19.6443608138655
146764,26.2679187338775
146765,27.3222578695408
146766,39.5333423339335
146767,69.8937105056325
146768,34.2456491817374
146769,20.3007273484655
146770,24.9742346336796
146771,24.4338177687464
146772,34.9382080666523
146773,75.1481116093315
146774,33.2694711402829
146775,21.4612777842598
146776,22.2687175183289
146777,23.2871990180844
146778,33.8840422920392
