"id","target"
133627,84.7541735556141
133629,29.3167247772966
133630,28.4635309555105
133631,24.3722555948037
133633,27.2177538116506
133634,28.9068656630024
133635,51.8812971043696
133637,28.9312680051913
133638,28.0322627677532
133639,24.5881129442501
133641,27.4386232421205
133642,29.0767901137781
133643,86.3450815423968
133645,29.8613819861987
133646,26.503172812515
133647,25.2260294172353
133649,27.6498367145375
133650,28.7312140916773
133651,110.412983739229
133653,30.6391152619287
133654,26.920811409168
133655,25.1105118645478
133657,27.6435951289443
133658,29.6903453306299
133659,105.590684776249
133661,31.7740179537281
133662,27.0138982591477
133663,25.457985786455
133665,27.6398744265132
133666,30.9632427363701
133667,105.429131803647
133669,33.0337027336537
133670,27.3820036740217
133671,25.2137464106622
133673,26.5430947820863
133674,31.7935394648558
133675,105.059812430018
133677,33.6425344082946
133678,26.8338681835313
133679,25.0543066856112
133681,26.8250419454298
133682,32.1981896410417
133683,97.0895501954775
133685,30.5874954653936
133686,25.6177343561196
133687,24.8165278361085
133689,26.178810345865
133690,29.6374281253086
133691,42.1834280784744
133693,25.1685648912782
133694,22.5448617590739
133695,22.3386641626767
133697,23.5300504255289
133698,25.4154231401572
133699,31.3895956311751
133701,22.0600423139369
133702,21.3675526758047
133703,21.2073199902391
133705,22.180899297756
133706,22.0797859657816
133707,27.2429398965872
133709,20.8623304440348
133710,21.3533061715057
133711,21.0595577662777
133713,22.1393708498474
133714,20.96867544696
133715,24.0367809768092
133717,20.9390329567771
133718,21.7701641369432
133719,22.0469246490307
133721,22.8223652854657
133722,21.0607498772304
133723,25.8864845875631
133725,22.0659665667361
133726,22.6140850745575
133727,23.4115371278404
133729,24.5513406601428
133730,22.4953138832561
133731,27.0147880603698
133733,24.4944587707883
133734,23.2060183080728
133735,25.0727154232223
133737,25.3794493052334
133738,23.8862307037662
133739,30.1627516889405
133741,26.9443069398878
133742,24.4133172780315
133743,24.8628416689676
133745,26.5644101158494
133746,27.0273321399035
133747,28.9297793713934
133749,27.5248803065789
133750,25.561982717299
133751,26.016175379916
133753,28.1275870055721
133754,26.315839467412
133755,29.6931716009273
133757,29.2827221638998
133758,26.2567138908721
133759,27.9793738802989
133761,29.0364723564457
133762,28.6182518025726
133763,43.1572975360624
133765,32.4132299573753
133766,28.2818052763678
133767,30.2652308204684
133769,29.8133946459817
133770,30.1749276592388
133771,41.4032202721387
133773,38.9184732501046
133774,28.0147941951476
133775,30.8952718495708
133777,35.9331886097953
133778,41.9983421107118
133779,59.8457820233663
133781,59.3234489928104
133782,33.3768535308626
133783,34.0832789893471
133785,39.6034007641534
133786,52.0421645139896
133787,77.9437444577782
133789,48.1145500008425
133790,38.2101531655418
133791,32.0372002067597
133793,41.7874253254103
133794,43.5814970617476
133795,80.6691363435656
133797,31.5170032210913
133798,34.6406104307006
133799,28.80679608135
133801,35.2827220140405
133802,31.2342277243928
133803,59.2569850194489
133805,25.7753003121359
133806,29.2073271090999
133807,26.6879411988982
133809,28.9315123603202
133810,24.9038760079268
133811,58.0573763080406
133813,26.0550861855047
133814,27.5351290138241
133815,26.2155480453924
133817,27.816290577574
133818,25.9701102115271
133819,66.4680609765048
133820,25.2594057945022
133821,26.8504909584744
133822,25.626047880465
133823,27.250510808752
133824,26.3892602066501
133825,65.0118770913056
133826,25.8481545494614
133827,25.19505266888
133828,25.0273802115613
133829,26.4327473230712
133830,25.2422818324214
133831,60.7853517729824
133832,24.5394505220116
133833,24.5099514424196
133834,23.6089267925698
133835,25.0632601814484
133836,25.0332501284677
133837,60.1569257799202
133838,24.0639509135157
133839,22.9863159172253
133840,22.3252656468307
133841,23.2894954164321
133842,23.8203666288545
133843,72.0007558969332
133844,25.2037802195938
133845,22.9674656744372
133846,22.1933373049988
133847,23.8260296555077
133848,24.1661210415793
133849,83.1415945910738
133850,31.0062987072361
133851,24.4755868413932
133852,23.7420167288203
133853,25.3160914712948
133854,27.630542373784
133855,88.1164376980598
133856,35.574801622116
133857,26.5925420090226
133858,25.2005360882883
133859,27.3785508433894
133860,32.9937323563267
133861,85.7925751266144
133862,33.9170613180203
133863,26.8639263037885
133864,25.5449238864162
133865,27.5354011517135
133866,32.5265474054534
133867,34.166998226652
133868,23.1706751917074
133869,22.1023389346488
133870,21.6388742526097
133871,22.7984431745398
133872,22.9680778770486
133873,27.0056038319181
133874,19.2997104274842
133875,19.674175727546
133876,19.3260870831881
133877,20.7991556115017
133878,19.1261184948859
133879,24.2012350239802
133880,19.1710075367151
133881,19.4452479523114
133882,19.7838277125433
133883,21.4171835245893
133884,19.0609272821553
133885,22.4022642296177
133886,20.0683300703593
133887,20.3004237044844
133888,21.3717293840834
133889,22.9394948921583
133890,20.062801624062
133891,22.6770264038137
133892,21.1989183036992
133893,21.7918132133603
133894,22.5671923692668
133895,23.9475739195323
133896,21.4066229956202
133897,27.2134855867923
133898,23.3626077277284
133899,22.9734940693515
133900,23.8126863169052
133901,25.1741539878033
133902,23.6382637879881
133903,31.0648695929041
133904,25.0526075650793
133905,24.3206945695181
133906,23.8207709826572
133907,25.9023669862058
133908,24.927642436983
133909,35.2008774755698
133910,25.884928855153
133911,24.7791457079043
133912,25.4180668136345
133913,28.5573465886062
133914,25.2882852471108
133915,34.0006795999773
133916,27.9529277737272
133917,25.1133808927552
133918,25.0142863412462
133919,30.6928779155339
133920,27.8502031544509
133921,45.7394768356963
133922,29.5060250257255
133923,25.6813915179502
133924,27.8513291058592
133925,31.4748582200408
133926,29.7284368278363
133927,52.3992852682508
133928,35.1613666672196
133929,28.0632164009097
133930,30.5761822538268
133931,32.5037625518701
133932,39.2027668465423
133933,90.8709218579241
133934,51.8592310055388
133935,38.2378630079883
133936,38.2004883126411
133937,41.162795723476
133938,56.1594790318646
133939,100.061432135546
133940,42.292099507169
133941,38.462517443288
133942,38.7591916679214
133943,38.7541100050703
133944,42.5422253693287
133945,86.1492379451142
133946,34.3890674693838
133947,34.3364821066275
133948,32.7478677011219
133949,33.1660794786071
133950,33.3437521352381
133951,62.981002838017
133952,30.1331294499278
133953,29.481010762763
133954,29.3754321284866
133955,30.0461585686462
133956,29.303991238003
133957,55.5969230056477
133958,26.4653378473437
133959,27.6718552939839
133960,27.4221063624995
133961,28.6970108938354
133962,26.1400422809273
133963,54.5154976430932
133964,25.6403577814622
133965,26.6403616207314
133966,24.6358965319603
133967,26.5608921629301
133968,26.4567741754663
133969,49.1209535198455
133970,26.1475439734657
133971,26.3209220132316
133972,24.4566836236036
133973,26.6242218894999
133974,25.9581470070422
133975,52.9226790288635
133976,25.9846792415482
133977,26.0448062446971
133978,24.6211270792447
133979,25.9199738878829
133980,24.6536845462934
133981,53.8626316198584
133982,26.7512067215105
133983,25.7723581622585
133984,24.1230468002147
133985,25.3125266945362
133986,25.3145826114766
133987,56.6302511015499
133988,27.5938364272648
133989,25.6607222483744
133990,24.2849120376193
133991,25.0361082797581
133992,26.222395542124
133993,61.402421906252
133994,30.8019985520632
133995,26.9438065948223
133996,25.5013759982756
133997,27.0727396284616
133998,29.4609964532879
133999,69.6133842705026
134000,32.8890688406441
134001,28.7226925087637
134002,26.0186203448531
134003,28.390365484421
134004,31.1918066572244
134005,73.4209241609244
134006,34.0871417831732
134007,28.3257547218718
134008,26.0892246742336
134009,28.2158204437366
134010,31.3291796820068
134011,31.0771326023758
134012,22.851399843036
134013,22.6474095376295
134014,21.5451345297985
134015,22.5045528661048
134016,22.0962613062106
134017,23.573151070624
134018,19.4104551759886
134019,19.5884719010535
134020,19.0220624467211
134021,20.4412284557596
134022,18.9924495892526
134023,21.3168532406745
134024,20.2978576073915
134025,19.9512291191004
134026,19.6353911773805
134027,21.6840377718602
134028,19.6754000098401
134029,21.7281234308688
134030,21.8580879601288
134031,21.7732824269013
134032,21.809446466935
134033,24.4355212679673
134034,21.4705278617349
134035,28.9255218202125
134036,22.8942031242836
134037,23.5965976066092
134038,25.5012199312592
134039,26.4530582805838
134040,23.0576116568707
134041,29.1334988280737
134042,24.938918979112
134043,25.0770788165777
134044,25.363445882696
134045,27.7628349313561
134046,24.9429082471711
134047,31.3112533479974
134048,26.6442436739979
134049,25.9567799272046
134050,25.9202673613443
134051,29.1270250712123
134052,26.5712470338037
134053,32.5561053532746
134054,29.4015771725149
134055,27.2753744410208
134056,27.5163820434057
134057,31.1166900178037
134058,29.2001643380926
134059,32.4260724902984
134060,34.9662443543421
134061,27.4790871275817
134062,28.5873485455956
134063,31.7231223837337
134064,34.4068840231778
134065,41.3113119365142
134066,37.34028723425
134067,27.74207345908
134068,33.2025307705294
134069,33.4316680429039
134070,38.1056568152827
134071,45.9794631230804
134072,54.027971479922
134073,28.5033305920262
134074,35.3439765788309
134075,35.372569809929
134076,54.2727645075349
134077,85.606175386468
134078,95.127798056234
134079,41.439624809052
134080,52.6437825769181
134081,44.3346236177516
134082,98.0879418177599
134083,83.8068526173554
134084,52.5594018628984
134085,41.9655979875861
134086,51.380079875803
134087,43.3044394797912
134088,57.1530955042403
134089,61.7396641435865
134090,29.1618977984637
134091,32.6021972266149
134092,32.6282453832645
134093,34.8886365055766
134094,33.0059953964863
134095,47.371614618224
134096,18.5519244543636
134097,28.2759009608858
134098,25.2041209522043
134099,28.2484636998262
134100,20.1254381081093
134101,43.0072826771908
134102,16.0231871517917
134103,24.5178050117641
134104,22.7787254400354
134105,24.5300170034582
134106,16.6465159222261
134107,39.6902710870636
134108,13.3718920564018
134109,21.77602776527
134110,20.6004146611519
134111,22.7160766992839
134112,14.3274627973374
134113,34.2460578019748
134114,12.9769747408045
134115,21.2337193590501
134116,20.3344142999432
134117,22.891327902249
134118,13.4108575983698
134119,31.8662333361342
134120,12.5249791476085
134121,21.1484161269296
134122,19.5868353200633
134123,21.4975505510442
134124,13.381416577315
134125,31.0858723629593
134126,12.7936974004036
134127,21.2784500240949
134128,19.4543178273325
134129,21.0917364637147
134130,13.7703214869554
134131,30.8250698608674
134132,12.05225470754
134133,21.3687221445196
134134,19.5715120562435
134135,20.9343272642369
134136,13.5952728664627
134137,33.6056839021879
134138,14.1924431641983
134139,21.6795376905245
134140,20.473100082407
134141,22.0719354208768
134142,14.4335465581856
134143,35.9322435989959
134144,13.6577412183206
134145,22.1861675628465
134146,21.0867333295505
134147,22.5725975530262
134148,15.5459828166471
134149,35.2315206352994
134150,16.3141580798632
134151,22.1030796792569
134152,21.0163760739387
134153,22.1417916070159
134154,16.7869870079335
134155,20.012410412481
134156,13.9004265040305
134157,18.2989114011493
134158,18.4822214541231
134159,19.76753164707
134160,13.7727903526315
134161,17.646388953576
134162,14.4504277337467
134163,17.3883592650468
134164,17.6842906053791
134165,18.9739856703106
134166,13.9271463542345
134167,18.4825835189173
134168,15.3524437066904
134169,17.8620282658701
134170,18.9968551541407
134171,19.873353463289
134172,13.8257576875698
134173,20.3542906765468
134174,18.4320737221541
134175,20.4259226802085
134176,21.1318742157543
134177,22.4236191868244
134178,15.5113596531053
134179,24.3386558827348
134180,21.3065616771192
134181,22.9257474555892
134182,24.6119685618875
134183,26.3517503453701
134184,18.4301154554888
134185,28.3368797745916
134186,25.0080763296568
134187,25.8913346481075
134188,26.3405752750241
134189,27.4819456768666
134190,23.1912256642292
134191,36.7970825605774
134192,28.7497598870187
134193,28.3636652369627
134194,26.9674282076373
134195,29.390542791188
134196,26.1762708352901
134197,39.633669579139
134198,31.9414440602872
134199,27.1988946734724
134200,26.3241628796979
134201,30.5587236192594
134202,28.7028684857541
134203,35.2811550147429
134204,32.709013677806
134205,26.8330129145858
134206,28.4603314114347
134207,32.7239133592353
134208,32.08435596446
134209,40.213570094465
134210,34.2649894360321
134211,25.4136645416261
134212,30.0118708403127
134213,31.327132741176
134214,33.925363389465
134215,52.0086387421189
134216,41.8977532412194
134217,25.6351700012513
134218,30.8886349101885
134219,32.6614345424492
134220,44.0325578548362
134221,52.836151395768
134222,49.2899274980622
134223,34.7270083038248
134224,39.4462687904183
134225,39.9781968406823
134226,60.3958758325715
134227,47.0063121403513
134228,29.042245699041
134229,35.125023715123
134230,35.7674274265452
134231,33.3797565097157
134232,33.9020813276046
134233,40.5381980980126
134234,19.1247719306811
134235,27.7192875572515
134236,18.9090319886903
134237,28.6647670610747
134238,19.8382375869744
134239,33.0284967020103
134240,16.9495104417995
134241,23.9798917211644
134242,17.7738774260714
134243,19.3294791246809
134244,17.5345397734884
134245,27.2693583777758
134246,13.2065607841459
134247,21.9949589561046
134248,16.3027736358136
134249,19.5656377030695
134250,13.9806707515703
134251,27.4239529506371
134252,14.0008453071595
134253,21.3525111177592
134254,15.5099769362266
134255,20.179230804956
134256,14.4471867573382
134257,26.3870587425772
134258,13.4956233872068
134259,20.4103138797459
134260,17.3648621948344
134261,18.804029779056
134262,13.7622103021321
134263,23.549869343043
134264,13.1575364315763
134265,19.8237498704959
134266,17.9806291021043
134267,18.9774288233316
134268,12.8594039054363
134269,23.2362428208842
134270,12.8866699425901
134271,20.2209025634875
134272,18.315682972939
134273,19.6169291707023
134274,12.2675336564222
134275,23.5902540976505
134276,13.4180844622697
134277,20.2275005434191
134278,19.1093638207118
134279,19.8983613346835
134280,12.902780670624
134281,25.4104746667924
134282,14.7238213272601
134283,21.2248003601207
134284,19.7991780758356
134285,20.9482707623811
134286,14.143089033935
134287,26.8976179220459
134288,15.4266037673503
134289,21.7393799168062
134290,20.9344184407415
134291,22.2347045309057
134292,15.4424879268786
134293,29.2278390680923
134294,15.6021185997501
134295,21.6555449617754
134296,20.8075647791515
134297,22.6035803099585
134298,16.0669360959568
134299,24.5593704702666
134300,14.6892084450751
134301,20.7555816915599
134302,19.5650638515539
134303,21.9777002626135
134304,16.0487989708249
134305,21.9942122730954
134306,14.1866465863759
134307,19.9341097650338
134308,19.8487338644436
134309,22.2158415507848
134310,15.6395330671119
134311,19.7410096194433
134312,15.1302540168469
134313,20.0000661214479
134314,20.3161905478898
134315,21.5736530793025
134316,14.9359798611585
134317,15.5894558857107
134318,16.3702929752013
134319,20.9898288766064
134320,21.7631605398849
134321,22.7630634524395
134322,15.6061430109032
134323,33.2423806620221
134324,19.0990987451338
134325,22.4552168440086
134326,23.2353923857511
134327,24.8636402542391
134328,17.4005727501465
134329,38.3083609774621
134330,22.8894280233128
134331,25.0079718370314
134332,23.5259822802416
134333,27.3997553651434
134334,22.5860687107055
134335,37.8492463909596
134336,26.7652835492915
134337,26.5310047759339
134338,24.851590055328
134339,28.9706369795835
134340,27.7559256493769
134341,35.0364771668341
134342,23.2226270703591
134343,23.5731465736196
134344,25.4515019521804
134345,31.0485349578112
134346,27.5819085457414
134347,35.0084943235249
134348,20.5610886795986
134349,21.83824992062
134350,25.0515213426712
134351,37.2593202817812
134352,22.5434806647532
134353,42.0111299070098
134354,22.8854174118654
134355,21.2894423800595
134356,27.7124594162399
134357,34.4846342742428
134358,21.4565135050622
134359,55.488660615596
134360,23.6922326899685
134361,24.7194084168473
134362,29.7230847836372
134363,36.9697392343876
134364,24.5158915797396
134365,79.8491188826121
134366,26.372896248388
134367,35.841606971455
134368,47.9185063797784
134369,39.4682276498091
134370,26.3867546590374
134371,55.3376269936386
134372,32.3293521627455
134373,34.2967809438585
134374,20.1136083869697
134375,37.1189462777161
134376,31.1816307860257
134377,75.1899679288885
134378,31.2296929885341
134379,30.8397814805076
134380,12.6542083541572
134381,26.3322581935178
134382,27.3586809814706
134383,53.500877166741
134384,23.1246741601182
134385,27.5269003886402
134386,14.3606473972043
134387,25.7496324934933
134388,21.8882940293675
134389,57.245282254464
134390,22.1496279229802
134391,27.4382228133742
134392,13.8466776053535
134393,22.3218018776599
134394,25.5119570953942
134395,37.7356156675484
134396,32.3196680498324
134397,24.5997064585476
134398,15.2624544664088
134399,28.9991082100416
134400,33.8713401334026
134401,36.687297037214
134402,32.400498872484
134403,21.9460214616041
134404,14.2381125527437
134405,28.9696872690224
134406,31.9969975818461
134407,35.5205269489722
134408,32.2440280025646
134409,20.9520918516592
134410,12.7965812364197
134411,28.6676615363738
134412,31.9634221669599
134413,35.1598094827874
134414,32.1955618950892
134415,20.7406691070441
134416,12.6283209572765
134417,28.1595009624139
134418,31.7033764316168
134419,34.9738801545879
134420,32.4857107857583
134421,20.8178044282838
134422,12.3859831811871
134423,27.070499425966
134424,31.7762572510924
134425,35.1487110788193
134426,32.985935058448
134427,21.5636025393802
134428,12.7244317266393
134429,26.1739488061143
134430,31.9856811160905
134431,35.0794764229668
134432,33.5383562528603
134433,21.862342865814
134434,13.8880916628244
134435,25.9191084874394
134436,32.4143326555163
134437,34.7675657422881
134438,33.3416525242374
134439,21.7040993892949
134440,14.4772762763655
134441,26.061123709278
134442,32.3699281423141
134443,27.9749726282374
134444,32.5475956468595
134445,21.3309022983334
134446,14.2374412681739
134447,26.0874857926256
134448,31.7552581066193
134449,19.7691169304235
134450,31.2615388817792
134451,21.2427232882732
134452,13.9685068436427
134453,25.9982159896502
134454,29.3189462323076
134455,18.0266681315351
134456,30.7042293099416
134457,20.7492519041627
134458,14.4653110912344
134459,26.145911568127
134460,28.5896519532592
134461,18.3852291145545
134462,30.9815278154997
134463,20.8812651346441
134464,14.8999858840531
134465,26.3328426878416
134466,29.0984120874693
134467,18.9889875194401
134468,32.3202937715351
134469,22.6440348818105
134470,15.2595176369835
134471,28.1452866101472
134472,29.8446332568959
134473,18.8759151878493
134474,32.2466277501331
134475,24.0520642562152
134476,15.89537037194
134477,28.3030611961942
134478,29.8095409740615
134479,18.6834055824338
134480,32.128631132275
134481,24.7315878508881
134482,15.8000509920994
134483,30.5409717350242
134484,29.6306618544875
134485,18.7529625178529
134486,31.9409202415693
134487,24.5092963876251
134488,15.9839922142796
134489,33.3719799226596
134490,29.756035754049
134491,19.2967122101025
134492,31.003705036976
134493,24.6323128080763
134494,16.0145201247844
134495,33.8192475645121
134496,29.0588020129259
134497,23.4704861539073
134498,32.6718417335129
134499,25.0165424294225
134500,16.0902711120906
134501,34.0717333886633
134502,30.4660728704582
134503,28.8095561625184
134504,34.1449429134148
134505,28.175304774982
134506,16.2618224718093
134507,34.1036682579401
134508,33.7786020199919
134509,37.9621349621986
134510,36.9092529236981
134511,32.6464480232766
134512,16.5654830956989
134513,32.6168760305091
134514,35.4712617517662
134515,38.575441062177
134516,36.7810090055007
134517,31.2039155687017
134518,16.7472910778133
134519,32.3699760012157
134520,35.2487272291657
134521,38.6507525173915
134522,38.103192464464
134523,29.2211366004694
134524,16.7648609881152
134525,32.3473344834644
134526,35.1804701759209
134527,38.9107259646223
134528,37.154411595933
134529,28.3261652735139
134530,16.9732183464508
134531,32.2318706798038
134532,34.8996576614158
134533,39.1823139616301
134534,36.2557008878356
134535,28.2779670999865
134536,16.8275430758835
134537,32.2564292247386
134538,34.7023260105867
134539,62.7622594434994
134540,30.6631210153772
134541,25.5305210291521
134542,24.2264160210027
134543,30.1044694759607
134544,30.2463414475389
134545,73.2538079888555
134546,29.8722775061647
134547,24.4977642669679
134548,22.0665665729655
134549,25.7588481305176
134550,29.9810932961988
134551,71.1776553349494
134552,29.456424268531
134553,24.1364365903913
134554,21.8900889081431
134555,25.1352397138085
134556,30.0167257542182
134557,83.0008037371363
134558,28.1937712811725
134559,24.1820028696914
134560,22.4117972942037
134561,24.4492161109344
134562,27.8542243436112
134563,84.4230935020684
134564,28.2244914434044
134565,23.7899619998782
134566,22.5070411708127
134567,24.4767055532342
134568,29.1690324353301
134569,78.1711142195418
134570,29.5115901585071
134571,23.8440261298543
134572,22.6399421219652
134573,24.244167301347
134574,29.7128712846771
134575,72.5863250217624
134576,29.453052149434
134577,23.8228017250447
134578,22.2943008179727
134579,23.3433692688956
134580,30.2344193515286
134581,66.8800436006548
134582,29.1111826478574
134583,23.747805491274
134584,22.3831896868094
134585,23.2764255407017
134586,28.9392128428155
134587,16.841031825937
134588,23.6623279949984
134589,19.3950515756598
134590,15.446891689945
134591,27.3228900481831
134592,22.6347475029
134593,10.2266936962298
134594,19.3562308431156
134595,17.7747891673481
134596,7.50292930275281
134597,20.4499116910504
134598,18.9989927044574
134599,9.10795847066007
134600,16.727040073536
134601,17.4187360585974
134602,6.38219422565274
134603,15.9998478042585
134604,17.2051193509085
134605,8.93700617675256
134606,17.6369361944358
134607,17.5422204763018
134608,5.30244376827739
134609,15.5525094666062
134610,18.0890817549258
134611,8.4613073163152
134612,19.2621870269917
134613,18.993252080261
134614,5.43769818491828
134615,19.9520476908499
134616,19.7564790355366
134617,8.57809202382807
134618,20.2049868915141
134619,19.5738616468824
134620,4.62048532969889
134621,21.813031896088
134622,20.5102200196257
134623,9.4406031356789
134624,20.7723488547777
134625,20.5529256818022
134626,4.75934161296696
134627,21.9096160490808
134628,21.5997942078062
134629,12.0359348452311
134630,24.6365331927681
134631,21.2037935889624
134632,6.81487256831933
134633,22.4547978183695
134634,24.6946666915754
134635,13.9490709977437
134636,25.9417328010874
134637,21.7989704493063
134638,9.7874146352277
134639,22.8150202451228
134640,25.5035635128362
134641,20.8796215750674
134642,30.022844558138
134643,23.4140886336344
134644,12.9985183640388
134645,26.6309393512815
134646,28.2774089814851
134647,25.069649178883
134648,32.3788834968616
134649,27.0915025239731
134650,15.6157158550969
134651,28.839542687448
134652,30.498106471899
134653,37.6227226727317
134654,36.4097743306785
134655,31.8092499351603
134656,17.0641953171422
134657,30.8311298525902
134658,34.7559013696261
134659,37.3305122823161
134660,34.7587362425355
134661,30.704438079069
134662,17.1198805470885
134663,32.6557939909926
134664,34.1085785888344
134665,36.7051260924974
134666,33.9828926048602
134667,27.6144695130844
134668,16.5399696943134
134669,32.4967050270926
134670,33.3999762929905
134671,36.2348498659772
134672,32.8426847094362
134673,25.7104738186035
134674,16.2330905165523
134675,31.8278609772604
134676,32.6768251635617
134677,33.1667507104509
134678,30.1236738751689
134679,23.0178677750656
134680,14.3610539460662
134681,30.8775579020547
134682,30.3627123751979
134683,29.0058690837972
134684,24.5917785004451
134685,20.5970015800132
134686,11.8617939626714
134687,28.5076794924204
134688,25.3550563954477
134689,28.1585388232241
134690,22.6195573767248
134691,19.3792735543316
134692,10.1138146861679
134693,28.0449283456325
134694,23.0658003705199
134695,27.9120756617091
134696,22.2602389460601
134697,19.1188024912711
134698,9.91064193732828
134699,25.0305720070563
134700,22.5209036365269
134701,27.8562608124781
134702,22.0792132592717
134703,19.2086061118128
134704,9.22523250535771
134705,24.0541147435831
134706,22.4795531519259
134707,27.9763200836895
134708,22.3626830099602
134709,19.3401585953133
134710,7.47654447947027
134711,23.4413827211602
134712,22.5772926317297
134713,28.7331579913262
134714,23.5494263994039
134715,19.5955669450728
134716,7.30015904603013
134717,23.0006398386222
134718,23.9932456672537
134719,30.2817055272799
134720,24.9183294219705
134721,20.499145032612
134722,7.31052456518709
134723,22.7610132571438
134724,25.2547076896633
134725,28.7006432805719
134726,24.6695098010159
134727,20.2825762061326
134728,7.61431176303404
134729,22.5269107879597
134730,25.3783174787018
134731,10.70858055196
134732,19.343666889127
134733,17.848455867985
134734,6.25961411730491
134735,17.5514064891082
134736,19.3692826816797
134737,8.47507370499771
134738,12.4945341014042
134739,14.4253759611134
134740,1.76476804965106
134741,8.17354523619448
134742,12.005442937764
134743,8.16698089273403
134744,9.15229724478059
134745,12.7273758503548
134746,0.945974766004927
134747,4.35854340090164
134748,9.63361659415361
134749,7.62896243908918
134750,8.32111768805352
134751,13.0290164792754
134752,0.635085314349894
134753,4.22781086530626
134754,9.34259959689534
134755,7.52091620722382
134756,10.9916303449171
134757,13.6938656748523
134758,1.02928853441258
134759,3.19905589215344
134760,11.7891236247708
134761,8.34727634715676
134762,15.264234157366
134763,15.2178290131319
134764,1.77181047747027
134765,10.6940185459565
134766,15.497204412191
134767,8.67961393967568
134768,18.3657241879229
134769,17.1714875554109
134770,2.12878247988958
134771,13.8324870797783
134772,18.4834076688732
134773,8.91897117027628
134774,19.7787057114273
134775,18.3464047855316
134776,2.21509011121957
134777,16.8411792424989
134778,20.1939645471164
134779,8.99612421462423
134780,19.7316581219768
134781,19.0783535520265
134782,3.35574332128966
134783,19.5028933774366
134784,20.4346094584205
134785,12.4952883775402
134786,20.298844468452
134787,20.4700613713163
134788,4.06735475194819
134789,21.5103958332389
134790,20.8504759474016
134791,20.6513424550198
134792,26.1445540628006
134793,23.1004089439696
134794,8.6060952920296
134795,25.9531194138501
134796,26.8155069989488
134797,36.4050755129949
134798,34.5950787449645
134799,27.9715269173794
134800,13.9623724300901
134801,27.8703597417002
134802,34.1919793640625
134803,32.1718643132953
134804,32.1900367304239
134805,27.928127875499
134806,15.6218524774612
134807,28.5523296376589
134808,32.5582636935441
134809,29.2535472552872
134810,30.2458351060709
134811,24.4464487823197
134812,15.2108450388252
134813,27.2804595313125
134814,30.356796500954
134815,25.0797237185184
134816,23.2185169287346
134817,22.0774514038496
134818,12.2239988493859
134819,25.4654821984315
134820,24.535685702195
134821,23.2801638410353
134822,19.6847975383616
134823,20.9310095421947
134824,9.27305508940026
134825,22.6102415065488
134826,20.8525137704191
134827,22.1260124377733
134828,13.9321223449618
134829,20.5360868885202
134830,17.4106584229262
134831,19.769568065331
134832,16.4328891178822
134833,21.0869396050787
134834,17.0542869194187
134835,19.9968861723909
134836,18.5264307129042
134837,20.2010070205014
134838,16.3785498504062
134839,20.2838338605054
134840,12.7613775251027
134841,17.4766882061344
134842,8.18704257326107
134843,12.3433528625218
134844,12.8186829732203
134845,20.2228875175209
134846,11.4234523549315
134847,16.3817686504871
134848,-0.402003388284424
134849,4.02406335492519
134850,11.8092658177886
134851,21.1896928455569
134852,12.4607878851003
134853,16.5738645941019
134854,-0.29545230336528
134855,2.72541819598593
134856,12.4202588668284
134857,21.5810546475443
134858,15.4891023212574
134859,18.3808846260349
134860,1.00326061636602
134861,11.1467327653621
134862,16.4250725364263
134863,23.496041721663
134864,19.7373831386653
134865,19.6116774242106
134866,2.29645138937205
134867,17.188909323563
134868,20.6241099379137
134869,25.4052903815618
134870,21.2241981160115
134871,19.415507472705
134872,2.68823970429433
134873,17.2773543540456
134874,21.7112998150019
134875,8.93116534944554
134876,13.610248620269
134877,13.6178415385324
134878,0.89094814006727
134879,7.91505254821502
134880,13.1679663269793
134881,4.39825740814138
134882,5.86794586679659
134883,10.5797309778525
134884,0.347035561337172
134885,2.75581886427884
134886,6.99893904744705
134887,1.80972774519986
134888,1.70692682812426
134889,10.5443521808171
134890,0.423023326359726
134891,2.73370962777964
134892,3.58816992951815
134893,2.02725852466535
134894,2.09809265921967
134895,10.7566962078413
134896,0.46247833019455
134897,2.63215105801135
134898,4.57770443505204
134899,5.0636509582
134900,5.2006990576386
134901,11.1928547371892
134902,0.300540272347948
134903,2.61058610585724
134904,6.69095890467319
134905,7.51398727436476
134906,6.8621965873373
134907,11.9000441976328
134908,0.131042978299067
134909,2.51533268334138
134910,8.05122013788224
134911,8.65878939979634
134912,11.3150832660668
134913,12.9365786885595
134914,0.401970948441459
134915,2.81338623336769
134916,11.8628060580867
134917,8.05877057723213
134918,13.59075446078
134919,13.5075443618771
134920,0.419613559099886
134921,2.91068719484904
134922,13.8089139897891
134923,7.62617420831966
134924,13.0745736988672
134925,14.2631941966777
134926,0.407863298548822
134927,2.98025076140609
134928,13.5911905599888
134929,10.137148294011
134930,15.108617869004
134931,17.1364904532101
134932,1.3547998278013
134933,10.4753545919048
134934,15.9967429427469
134935,11.5753127997245
134936,18.853582607348
134937,21.1210691899872
134938,2.67758833784008
134939,20.8943474438541
134940,20.2760125466218
134941,30.6717812059953
134942,27.9518731720282
134943,27.3767508641533
134944,8.34443134031392
134945,26.6633793187199
134946,29.4688684729892
134947,31.2992357690456
134948,31.9128603589966
134949,26.9628185266454
134950,13.3498008620809
134951,26.2401055083073
134952,32.1816736037253
134953,28.6167510825993
134954,29.628353026776
134955,23.443790455481
134956,11.8574484702356
134957,23.8682285708045
134958,30.3217182320783
134959,24.887081928957
134960,23.980151400752
134961,20.3913690852213
134962,8.76210978084059
134963,23.2824792441074
134964,25.2622347773006
134965,23.7043739770573
134966,20.4527028686763
134967,19.6706340262768
134968,6.77892386463916
134969,20.5408765210514
134970,21.8285859847007
134971,22.8906851491086
134972,15.3603109264877
134973,20.1230248871898
134974,17.597150972522
134975,21.6001122825182
134976,16.7991996878009
134977,21.5304030663903
134978,15.8545461962693
134979,19.8962735921573
134980,17.5333270671333
134981,19.2471040839554
134982,16.2393306786283
134983,20.4671411432781
134984,14.6980316712733
134985,20.1466029741814
134986,17.7604167598125
134987,19.3816295965755
134988,15.7501152602429
134989,20.4787383168984
134990,14.8852098031557
134991,19.9974582267574
134992,18.0022820913326
134993,19.9753853626622
134994,14.4068180910732
134995,20.9471015347908
134996,15.8715117982691
134997,20.6377250893613
134998,18.24746971868
134999,20.3618431446388
135000,16.0923235696233
135001,22.1729940448077
135002,18.9775188486504
135003,21.7997049591952
135004,19.6674409236472
135005,21.9016520586625
135006,18.3298392964715
135007,23.6306837480767
135008,16.8657532295028
135009,23.0552969299263
135010,21.023630021934
135011,21.8331706198572
135012,17.1402700922113
135013,25.2214583948203
135014,18.4132314895149
135015,22.5726562229398
135016,20.9012291345985
135017,21.5726138323682
135018,18.0442550202852
135019,11.768178876803
135020,13.8279383598045
135021,17.1960760696482
135022,17.535979761911
135023,18.674947751752
135024,13.3561738528498
135025,5.55714933297899
135026,11.8843543789702
135027,16.3134547580082
135028,17.3834321479077
135029,18.2808566359729
135030,12.4018693281855
135031,3.46448828473973
135032,13.2313062646715
135033,17.429810305781
135034,18.4491473718717
135035,19.1674042878224
135036,13.3146178003033
135037,4.04194281751554
135038,15.305301811907
135039,18.457301465831
135040,19.4430451306273
135041,20.2198349181526
135042,14.6176939012208
135043,5.49007341106131
135044,17.6000628462266
135045,20.1386859930169
135046,20.2808722483029
135047,21.1765854434169
135048,16.6731028233526
135049,6.75266452738816
135050,20.2082961323678
135051,22.1144357463636
135052,22.0620647257362
135053,23.6596839639857
135054,19.8196175497342
135055,5.66324671684643
135056,20.9692000912115
135057,22.5560307192398
135058,22.6608052238675
135059,24.4063066407269
135060,20.6691797917123
135061,4.75446114775789
135062,19.7233731185665
135063,22.5033143519732
135064,22.9816924979914
135065,24.3697455241853
135066,19.2841193685043
135067,4.06381249566622
135068,16.7106162934603
135069,22.5898650202271
135070,19.1307917080962
135071,24.4657195440583
135072,17.4999806835681
135073,8.18890328030008
135074,18.3535858893796
135075,23.1819270044591
135076,11.9244030399565
135077,24.3587995519176
135078,18.3644496677578
135079,14.5408231630855
135080,22.8155421825106
135081,26.2057932203317
135082,11.6349910920658
135083,25.5206223840901
135084,24.2200333771943
135085,34.1838775542085
135086,34.035567679791
135087,34.5512846846815
135088,17.6758264863706
135089,25.1780447856879
135090,33.4989197640133
135091,35.8607871107739
135092,23.4817031533229
135093,30.1845152921606
135094,22.418165546715
135095,26.7948908355288
135096,23.4114516733679
135097,35.746753029805
135098,17.0340310309681
135099,26.3271447704198
135100,23.3224537358573
135101,25.2369592165609
135102,18.860797500913
135103,31.6032965639803
135104,13.7603482774756
135105,23.54987789817
135106,21.5234169228086
135107,22.4844235914124
135108,15.3349396291028
135109,26.5641811876533
135110,12.4965888583741
135111,22.8298372628828
135112,20.2815904286949
135113,22.0041474894805
135114,14.6798764034689
135115,23.9216106618446
135116,11.9300742206385
135117,20.624090616063
135118,18.8424501661912
135119,19.5690298722279
135120,12.2578008351854
135121,21.9014622818757
135122,11.6155658316182
135123,20.2470169959328
135124,18.0934919759945
135125,19.1483430925457
135126,11.2025516742894
135127,21.7520896120563
135128,10.5491332639832
135129,19.7781274758209
135130,17.9714852603072
135131,18.5910523754166
135132,10.0577059372018
135133,21.6462742686042
135134,11.4017380488574
135135,19.7359160617346
135136,17.9951729727944
135137,18.4530631747251
135138,10.9688656204203
135139,22.2888194688846
135140,13.3253930721409
135141,19.8274472096658
135142,18.2672635420149
135143,18.9697083154888
135144,13.3536994514369
135145,22.9548406100921
135146,15.5038839894479
135147,20.5684570861714
135148,19.2913067784872
135149,20.1830075689404
135150,15.5535245201614
135151,28.4984318065266
135152,19.3540168757974
135153,21.9288574131416
135154,22.2972243518385
135155,22.3452794537634
135156,19.3193231589462
135157,30.432693046293
135158,20.1160636435815
135159,22.0485279906122
135160,21.6436450727878
135161,22.3073265017334
135162,20.3564070633253
135163,16.5076688596337
135164,15.5456208127003
135165,18.5100908752102
135166,18.4515680081322
135167,19.4094584198185
135168,15.9401759599979
135169,14.4626751933678
135170,15.0283838256741
135171,17.5491120440521
135172,17.6340430584215
135173,18.4313141523079
135174,14.6165027281867
135175,12.2318106181327
135176,15.5682891104553
135177,17.6490411462233
135178,18.3552851855924
135179,18.9615123632313
135180,15.3548771032694
135181,8.62224789271185
135182,16.9716721528609
135183,18.9951914103902
135184,19.0328646441491
135185,20.4280730811859
135186,16.7545396142742
135187,8.86405315292814
135188,18.6181113751409
135189,21.0250960856572
135190,20.6681670697465
135191,22.1307530734283
135192,18.9096063972419
135193,10.3016274316281
135194,19.9038684821259
135195,23.3396810355074
135196,23.1682745337515
135197,24.8249012891524
135198,20.1775589363545
135199,10.1748887392427
135200,19.9489977823657
135201,23.1219889408423
135202,22.9874407187706
135203,24.5098128727692
135204,19.9358360885679
135205,8.07623361898832
135206,18.6212812407874
135207,22.6523645476648
135208,23.9534170188238
135209,25.4767309222493
135210,19.0029388564799
135211,5.08167627075641
135212,18.0272058428605
135213,21.4098930048892
135214,11.2774016106154
135215,25.3044946392509
135216,19.2201899379993
135217,11.7521891990664
135218,19.6503443485266
135219,21.8689612521495
135220,20.0586765904344
135221,24.3912242307553
135222,21.6239625698409
135223,21.4261913075123
135224,28.6654890681776
135225,25.1331830268791
135226,22.996717678842
135227,27.7219188977295
135228,27.4926965313474
135229,38.8873862894036
135230,40.7486728914622
135231,33.2512626740056
135232,28.1282486470253
135233,30.8452753877094
135234,38.5764330477214
135235,41.6774992361989
135236,25.2713565041743
135237,30.3343718556258
135238,23.8335960445636
135239,29.0760361276259
135240,28.5644954957926
135241,42.8392014532249
135242,17.9919485178509
135243,28.1867840103058
135244,20.7186957813549
135245,26.7565958284633
135246,20.4793043780146
135247,35.099829833193
135248,15.0872034669055
135249,24.388548357133
135250,19.7419838767339
135251,24.2097479418269
135252,16.478719168714
135253,31.3795474257081
135254,13.8564132394081
135255,22.0920296088539
135256,19.7389729437782
135257,22.0526763710632
135258,15.1639099639163
135259,25.790775863943
135260,21.6952203300712
135261,21.657914053376
135262,20.0547479722992
135263,21.8649688454528
135264,22.7161299658595
135265,24.8790811238981
135266,20.842150259745
135267,21.1704387079031
135268,19.0779557326227
135269,19.9706556779337
135270,22.1638575794647
135271,24.5253712446505
135272,19.8910655833269
135273,21.2971181247174
135274,19.0848382426691
135275,20.0371675488589
135276,21.3304049149993
135277,24.3294675136018
135278,19.7391552468369
135279,21.1015011226996
135280,19.074732314097
135281,20.0795607391493
135282,21.2167574501001
135283,23.7681418370413
135284,20.0204963389041
135285,21.2316227383444
135286,19.1945850930948
135287,20.35945662746
135288,21.3149433706131
135289,24.2780218079698
135290,21.4347681587567
135291,21.3729589041985
135292,19.4054630428249
135293,20.6086222946057
135294,22.6676799728887
135295,24.7557840572869
135296,22.7840927141383
135297,21.3460483123984
135298,20.4816448855898
135299,21.6464281235224
135300,23.2235012905059
135301,24.2711800810798
135302,22.781663383602
135303,21.2027407874284
135304,20.1116593296338
135305,21.6057431039533
135306,23.3756162265387
135307,10.4345041199161
135308,15.4234960565819
135309,17.8068540242755
135310,17.6630146165093
135311,18.7814672595786
135312,15.6626089848236
135313,8.90042476720323
135314,12.7441902959549
135315,17.1313691488379
135316,17.300992735655
135317,18.4603704145928
135318,12.6587135010354
135319,8.24725760024486
135320,9.82413167249871
135321,17.6619981475019
135322,17.969656772852
135323,19.0058325335925
135324,10.0635929777388
135325,7.58113127702044
135326,9.26200299680268
135327,18.2044928367914
135328,18.4865942186286
135329,20.0303330069499
135330,9.64863168950886
135331,6.7791457629514
135332,11.4703419853773
135333,19.2192219382478
135334,19.5918639641334
135335,20.7575229129576
135336,12.1071464147018
135337,6.16120227001282
135338,17.7027482679913
135339,20.7779854639679
135340,21.4797867731727
135341,22.5543144160755
135342,18.9051091051801
135343,4.94491887872619
135344,19.0515722656111
135345,21.4746231282416
135346,22.8083075036461
135347,23.9734497657711
135348,20.3586434402011
135349,4.6298448670629
135350,19.3518003004586
135351,18.3145702790191
135352,24.1049900370993
135353,25.0311097933768
135354,20.5176603095198
135355,4.7083322460655
135356,18.2538611799796
135357,19.5777805769604
135358,24.4011126859476
135359,25.4782297754302
135360,19.7406665478054
135361,7.76531952757591
135362,19.0995561737546
135363,20.1605595217132
135364,21.5336667446048
135365,24.9449415923977
135366,20.1273461201158
135367,16.8054211051331
135368,24.6795325058522
135369,23.3990543005657
135370,17.8089657635694
135371,25.0830417811648
135372,24.9040913041523
135373,31.2349579955134
135374,31.3731624725501
135375,31.6182285595145
135376,19.072141711839
135377,26.4263859031924
135378,31.8034108576731
135379,31.539573785666
135380,31.5268766449543
135381,29.5476769458468
135382,23.3422775354317
135383,25.274289357814
135384,32.0183676347838
135385,31.3230769423593
135386,32.9631261752753
135387,26.1350742032955
135388,22.1535212213151
135389,24.9945098434397
135390,32.5911053612063
135391,28.4122140273742
135392,28.6693164760459
135393,22.9990873673926
135394,20.8808312249977
135395,22.8367438232072
135396,28.8241785107229
135397,25.4940028517615
135398,23.1522580292434
135399,21.3177162205464
135400,20.381397767632
135401,21.5800480925955
135402,24.7451395951236
135403,24.9650232513682
135404,17.7642359468289
135405,20.6857631481066
135406,19.772280314097
135407,22.2001194426269
135408,19.6094185373605
135409,24.0551193431482
135410,18.7463005877249
135411,20.1221832977487
135412,18.8215384187296
135413,20.2806809554067
135414,19.4585259418222
135415,22.356613940634
135416,17.419059378139
135417,19.6875331032664
135418,18.6922334422077
135419,19.6208842008796
135420,17.1168201022152
135421,22.2048619935976
135422,18.2678550288826
135423,19.4669232061451
135424,18.6151760916966
135425,19.5797316786673
135426,18.4842947412548
135427,22.2454532521268
135428,16.2284694387878
135429,18.9205027945105
135430,18.4832715640301
135431,19.3319018686017
135432,19.7509321081803
135433,21.7144064475821
135434,20.0115002213731
135435,19.6714034054286
135436,18.8755883628294
135437,20.1567681834812
135438,21.1397753419874
135439,23.4750635015255
135440,20.0190772434611
135441,20.4034909943555
135442,19.6001368910802
135443,20.6619086158297
135444,20.058107466633
135445,24.4117965538427
135446,20.3309654770606
135447,20.0549580412892
135448,19.6610556023156
135449,20.711829854414
135450,20.1390713952123
135451,14.7951443093189
135452,16.5042136543723
135453,17.2813990523123
135454,17.7305955788414
135455,18.5268990028394
135456,15.748498151545
135457,10.3941641657241
135458,15.0389535505659
135459,16.8264334602898
135460,17.2530797394424
135461,17.6410534003381
135462,14.7968617688106
135463,7.3420137635933
135464,14.3431881575105
135465,17.2840763088211
135466,17.5854355934931
135467,18.4666918408463
135468,14.1895586980348
135469,5.97463777740553
135470,14.8856161619195
135471,17.7695339812447
135472,18.8642928494652
135473,19.7570792298676
135474,15.1043634423984
135475,7.44072291305173
135476,14.697362538816
135477,19.0290678347911
135478,20.0205665874978
135479,20.7766632870563
135480,15.0661364961331
135481,7.27858631298479
135482,15.6399013766415
135483,20.3787959526717
135484,20.6768906731526
135485,22.2363982565033
135486,15.0800177712268
135487,7.55052295910621
135488,16.9631542416994
135489,21.2653730841061
135490,14.0159473261827
135491,23.2802931387962
135492,16.9166487859042
135493,9.08990113184439
135494,17.0301763010306
135495,20.2740192853873
135496,20.2535361007369
135497,24.0788893532821
135498,16.8020852039094
135499,9.72829606926765
135500,17.4351678754065
135501,20.599400890374
135502,22.4592664317459
135503,26.1007134172821
135504,16.5036903714921
135505,13.3633251193798
135506,16.1515870129767
135507,20.3206106244792
135508,22.0832865030178
135509,26.5365629062099
135510,16.5934881483873
135511,21.2244329286142
135512,21.5971754250847
135513,26.1875414070902
135514,25.490948765152
135515,23.0077517035735
135516,22.0762707152626
135517,35.7217317950255
135518,29.2993226276943
135519,31.4051542355025
135520,28.1449861211611
135521,30.0079543377665
135522,26.5664375332381
135523,36.0263545187477
135524,22.3917627143967
135525,27.866647118068
135526,27.1642199985255
135527,27.6568076400632
135528,20.9655882430387
135529,33.118292309926
135530,19.5111248687952
135531,24.9226062191413
135532,23.8727152865681
135533,25.1540496310357
135534,19.1539997677551
135535,28.4538479214622
135536,16.411557013182
135537,22.1620366537293
135538,21.0820238622723
135539,22.1201547917082
135540,17.0979862397598
135541,24.7452064783238
135542,16.50077676576
135543,21.0091585725809
135544,19.9864457835022
135545,21.6837547345559
135546,16.2769751194735
135547,24.7053533013192
135548,15.7008546671305
135549,21.1624031237905
135550,19.4486095512403
135551,21.4238992938121
135552,15.1296581698028
135553,24.0445962014003
135554,15.8750518479629
135555,20.9992420216973
135556,18.9094363239639
135557,20.0403186375865
135558,15.468074330574
135559,23.9389934753273
135560,16.7103621691861
135561,20.9106239077458
135562,18.8835393299562
135563,19.6413750163532
135564,17.6496542926755
135565,22.8489968813078
135566,19.0973906929947
135567,19.947334549476
135568,18.7353733821611
135569,19.5701340863713
135570,19.3265909937932
135571,23.1271848517141
135572,20.3507193537772
135573,19.9048035584157
135574,18.7350353119518
135575,19.5777476851974
135576,19.5737878903608
135577,27.7433373102813
135578,20.3060993517861
135579,20.5561876921197
135580,18.8281013186192
135581,19.5481779503767
135582,21.7950832439013
135583,41.1321492365196
135584,20.6008987983902
135585,20.5053668378369
135586,19.0324022459488
135587,19.6463486847222
135588,22.0213935605483
135589,38.5805929632375
135590,20.2526678342791
135591,20.6533629078735
135592,19.053962143441
135593,19.9670547201307
135594,19.931745393814
135595,17.9815665599169
135596,18.7896286455253
135597,20.112318341747
135598,17.9677716504878
135599,18.6447762920114
135600,17.4409196609319
135601,12.3679892111773
135602,17.7986753494218
135603,17.2714945296199
135604,16.7048202643019
135605,17.5283943640356
135606,17.0979060131908
135607,5.94626226431627
135608,17.8055982015665
135609,18.0192181081482
135610,17.1790814067812
135611,18.0840775210385
135612,17.4808406355328
135613,3.80369734866339
135614,19.546808735989
135615,19.2508159930732
135616,19.0997559176806
135617,18.2167406805607
135618,18.1577350712832
135619,5.50858172355597
135620,20.7568960281865
135621,20.5963385216844
135622,20.0997055434087
135623,20.1016546449498
135624,19.7806689385661
135625,9.60949177849878
135626,21.8591859767568
135627,21.6992310057304
135628,20.825318362151
135629,21.5128644584192
135630,21.6798856553759
135631,16.6015717640878
135632,24.1598427806889
135633,22.3773767917346
135634,21.6885759823271
135635,23.0404738382232
135636,23.7260938501956
135637,24.1340804926504
135638,28.1361422071049
135639,24.328352097017
135640,23.699707175808
135641,25.6337842625386
135642,26.6745765441312
135643,31.938661994104
135644,32.1439043450596
135645,25.4517320665414
135646,25.9405725072997
135647,28.3737074702268
135648,28.0894648586384
135649,38.7808453675422
135650,35.0822070556773
135651,27.7445174781294
135652,25.0457684806196
135653,29.4510871570627
135654,27.0315376228319
135655,42.8620991299776
135656,37.1149540886091
135657,29.5966938280787
135658,28.4558859780824
135659,30.6674446459346
135660,32.7219015506814
135661,44.2627117179741
135662,39.1698897991724
135663,34.073472197667
135664,21.4135498079097
135665,29.2995155193861
135666,44.2528329797262
135667,41.4415092181596
135668,37.2226189537838
135669,32.2819250763592
135670,24.4333342533011
135671,29.455644666075
135672,38.694309942988
135673,67.2967875173893
135674,33.8756920401603
135675,29.9051621053491
135676,22.8264897582692
135677,28.8000059665132
135678,34.3888445989192
135679,70.719096457529
135680,28.9819761558424
135681,28.1069032813821
135682,24.4737752733855
135683,26.717245589282
135684,30.1193659073676
135685,51.0909106414917
135686,26.8490220077445
135687,24.9774384778937
135688,21.6680085086573
135689,24.2902629260368
135690,24.7202687048231
135691,32.5195882645563
135692,20.9603796338283
135693,22.784075692389
135694,20.6816629108498
135695,23.2458749429792
135696,19.6462090171577
135697,28.2042747203507
135698,18.5490689150801
135699,22.302369728449
135700,20.5073624635738
135701,22.6363847354326
135702,17.8853034955693
135703,30.606740793843
135704,19.0305543752556
135705,21.9680832679065
135706,20.5942884448089
135707,22.2120015122554
135708,18.3280801512887
135709,30.8755596562629
135710,19.4785037928676
135711,22.311470528257
135712,20.5036209651478
135713,21.885158573729
135714,20.4349973184708
135715,42.8078002555387
135716,21.6422317610498
135717,22.415209684338
135718,20.5738766678736
135719,21.8270597947162
135720,20.0389837974161
135721,35.1711880345137
135722,20.5595266715429
135723,22.8179894607585
135724,20.8404445376415
135725,21.9972878607897
135726,21.2789210825736
135727,34.4380534267652
135728,22.8269829942048
135729,23.0030602625611
135730,21.5498257438532
135731,22.7782319872025
135732,23.0541186292175
135733,36.768887528514
135734,24.2839622198178
135735,22.8812945168955
135736,21.8676948909079
135737,22.78064619072
135738,23.6928085935727
135739,18.2501648116443
135740,20.5379158264357
135741,19.9806835384526
135742,19.9571796563078
135743,21.3678854973615
135744,19.5909823297944
135745,12.8320520085606
135746,18.5501333994877
135747,18.7157712158791
135748,18.6867313023624
135749,20.0561159550145
135750,17.7321489555142
135751,10.2992596784111
135752,20.0227845349767
135753,19.5016275780676
135754,19.2712004707153
135755,20.5604210635107
135756,19.2891088759362
135757,8.12152360934283
135758,21.098979273489
135759,21.0030121524044
135760,19.8296373542384
135761,21.6075019923534
135762,20.0424425400077
135763,8.17870439115787
135764,21.5067874023389
135765,22.6847890763204
135766,21.7051113928422
135767,23.0328261174757
135768,21.239881551303
135769,11.3543709431179
135770,26.1693237597176
135771,25.0921385047236
135772,24.180450970014
135773,24.9831610621099
135774,25.3888563176989
135775,17.7925743798565
135776,28.7888723798775
135777,26.3362952231442
135778,25.6468627929386
135779,26.9952991150505
135780,28.6578616377323
135781,22.1340942874299
135782,31.638994979558
135783,27.3165393568914
135784,29.1776242642499
135785,29.1854391833313
135786,31.8253361166306
135787,22.8134669054787
135788,32.9065754284084
135789,27.3726507892093
135790,27.8166789416381
135791,28.9072245001161
135792,35.3367859338982
135793,28.1913154045069
135794,35.9099563727854
135795,26.7907310141373
135796,26.8851609779377
135797,29.6897949578782
135798,36.8770252727852
135799,34.9661386010464
135800,44.0390688574123
135801,28.9790900883865
135802,23.8828012245685
135803,31.4326398952903
135804,42.9849298780274
135805,47.2041767547233
135806,45.1163120587919
135807,32.9577991581959
135808,25.578949490282
135809,31.100523929478
135810,47.3845448921803
135811,46.759395440065
135812,35.9710481716064
135813,32.5956102936571
135814,30.4305701778681
135815,31.7886546353749
135816,36.2538313757529
135817,40.8665527417159
135818,24.3692376757703
135819,29.3389267891367
135820,26.9773803312765
135821,31.0216556899795
135822,23.701970041426
135823,38.9415276223177
135824,18.5678006382968
135825,26.7243082665118
135826,24.7175982525898
135827,27.3716127039738
135828,19.5839799920386
135829,35.7229659348653
135830,16.9570205465732
135831,23.8833143424415
135832,22.4824727979681
135833,24.030925934629
135834,18.0319634131057
135835,30.4911447717606
135836,16.0706642203408
135837,22.2800744447456
135838,21.0424292288938
135839,22.5485980084853
135840,16.0178914246595
135841,29.8577267679939
135842,15.7096759381246
135843,21.7595343384835
135844,20.6243773637872
135845,21.8809239284868
135846,15.9832883590905
135847,33.8567131042304
135848,15.7147196833294
135849,21.5526320475644
135850,20.380291235035
135851,21.7536875322324
135852,16.2763987813055
135853,29.2125106926623
135854,16.2286096422535
135855,21.3887744678405
135856,20.4230662178205
135857,21.5748966742102
135858,17.8399976772282
135859,31.11425573701
135860,16.7073529377513
135861,21.426929433808
135862,20.7040579642682
135863,21.7017477263761
135864,17.5294508116124
135865,35.2692023501748
135866,16.9244790878352
135867,21.8260346743301
135868,21.2081465707544
135869,22.1871402095065
135870,18.816341876159
135871,39.9242365215529
135872,20.3821429882076
135873,22.3904736780205
135874,21.8639857565757
135875,22.732779861676
135876,21.4995574038371
135877,40.0389121366064
135878,23.4773339866945
135879,22.4951852449405
135880,21.9663055540623
135881,22.8988914039571
135882,22.8032148082467
135883,22.6996857065386
135884,18.6396220817601
135885,19.6602076165089
135886,19.2659286771883
135887,21.0416216968272
135888,18.5329385244396
135889,20.246952954807
135890,15.8888536158181
135891,17.7857390309663
135892,17.65996229107
135893,19.3207098552915
135894,16.0115315441457
135895,19.1916241991369
135896,17.0791281045867
135897,18.0071624056391
135898,18.2757946717727
135899,20.0617957089175
135900,16.4139391955351
135901,19.8425259211598
135902,19.1797971493312
135903,19.7705378623311
135904,19.7634046015656
135905,21.6676264939358
135906,19.5892839905802
135907,19.3545328096252
135908,21.5778503344102
135909,22.4569079366607
135910,22.1638877944705
135911,23.3774915368613
135912,21.7743410475375
135913,24.4174454891747
135914,25.6790707555563
135915,24.017352016635
135916,24.22199255869
135917,25.2869239581999
135918,26.1723383794341
135919,26.9687913442506
135920,27.8230249622647
135921,25.8533373558915
135922,25.4327612466989
135923,27.1056341062992
135924,28.6802073342719
135925,30.6473945238505
135926,29.3002095275959
135927,27.354882381636
135928,27.1067433284164
135929,28.1165417905588
135930,30.0625113588738
135931,32.0469461121011
135932,31.7380581524091
135933,26.83897662622
135934,27.1213231882391
135935,30.2657282172827
135936,33.5907698409468
135937,34.888008971172
135938,33.4245206327789
135939,26.6088837928503
135940,29.1312966870842
135941,33.1810221530588
135942,37.9547348230512
135943,43.3854736479376
135944,47.5562073499343
135945,28.290918580418
135946,33.8660630601917
135947,36.6950570302531
135948,53.4987198191469
135949,58.725405150488
135950,53.7499513698673
135951,34.5832459247871
135952,43.7914488466348
135953,41.5791462081507
135954,63.607121959606
135955,59.6622923789468
135956,36.0457471477605
135957,34.7284787257174
135958,34.6585383127446
135959,37.8599332192382
135960,39.5002436838853
135961,56.8064780960302
135962,27.9148482033818
135963,31.0662303962987
135964,24.6403757878968
135965,31.1404050525556
135966,30.7506542243268
135967,51.5196126206411
135968,22.7895501293392
135969,28.2358610406571
135970,24.3238565930243
135971,28.3228870039469
135972,23.2440821471333
135973,48.0327483958427
135974,19.6217991034793
135975,26.591505524634
135976,24.5456446823866
135977,26.8356352031693
135978,20.5765255181139
135979,39.0150429997597
135980,15.5690359820902
135981,23.2523500191103
135982,21.7766276968535
135983,23.0043953991398
135984,16.5857576572578
135985,34.5425572472073
135986,14.8904807022042
135987,21.7680597730204
135988,20.5932638938353
135989,21.9440272427611
135990,15.4136401631619
135991,34.5753484642709
135992,14.6098562923704
135993,21.4155574662338
135994,20.2343161845406
135995,21.8673644776275
135996,15.1706936437675
135997,34.0045096645509
135998,14.6967627967985
135999,21.159280726977
136000,19.9857720240507
136001,21.7384521704572
136002,15.0740735048139
136003,31.0955748165549
136004,14.7520091091345
136005,21.0387972450331
136006,19.5029562099924
136007,21.2527779372609
136008,15.8290898173223
136009,37.9814249278001
136010,16.7910976134105
136011,21.6676781876151
136012,20.8041370648554
136013,21.7358517510379
136014,19.18481798401
136015,44.0821655888921
136016,20.7096187386047
136017,22.3847289592202
136018,21.6319930653554
136019,22.4565095599459
136020,21.2053732344332
136021,47.7143868932013
136022,23.0119579463968
136023,22.3104101174332
136024,21.6713758859648
136025,22.5817337591761
136026,22.3698761162633
136027,25.6472846928153
136028,19.7544881011803
136029,19.8045027965862
136030,19.5920697895183
136031,21.3909890490946
136032,19.4920992750325
136033,20.9936461509212
136034,19.8558958708057
136035,19.0363123500796
136036,18.8956807947051
136037,20.4450304710728
136038,19.0506809357846
136039,22.5816237586927
136040,18.7228167788034
136041,20.0764825464797
136042,19.2841754056377
136043,20.933830333235
136044,19.4671629315772
136045,16.9823986193999
136046,17.4291833074851
136047,20.5456969369608
136048,19.5413126362889
136049,21.6018621066052
136050,18.2776135482867
136051,17.3251449057428
136052,18.7388354324449
136053,22.5575489147979
136054,21.1573938495648
136055,22.8236774807936
136056,18.3152129931555
136057,17.2072216423541
136058,22.7030795586233
136059,24.521430133134
136060,22.6335973885847
136061,24.7613199782026
136062,22.3878457831963
136063,21.2430971123585
136064,26.1218276201769
136065,25.5141066702945
136066,24.0951701148507
136067,25.2845144193103
136068,26.4365404314036
136069,25.0516536163272
136070,29.6980404365831
136071,27.0745080317684
136072,24.5362798767619
136073,28.9947783108653
136074,30.2424383535726
136075,22.8107454676383
136076,29.8593265994888
136077,26.7403884710288
136078,28.2171826664676
136079,30.4826320563078
136080,34.4112517264509
136081,26.3499192290532
136082,36.852637277425
136083,26.7533628576407
136084,28.7586909700481
136085,29.8141980451634
136086,33.8194076191776
136087,35.4151527954888
136088,44.5445630627424
136089,28.9144617364646
136090,31.2312633185727
136091,33.9840245324014
136092,42.9065591951459
136093,51.5681595145402
136094,52.9317662562321
136095,36.6846629731436
136096,26.9524735740752
136097,39.539297460744
136098,48.0155930671044
136099,52.3026332857617
136100,35.4067931552447
136101,34.4210898246912
136102,22.3205431692578
136103,35.898542610784
136104,36.4587556831482
136105,45.3527161571631
136106,26.2291164236162
136107,30.0121305544247
136108,26.8448440105933
136109,31.0367380604053
136110,28.3251231020036
136111,42.1858564040813
136112,24.3893379835106
136113,26.9841856894529
136114,25.2581838094494
136115,27.4189832015312
136116,23.2264987369651
136117,38.9044939861881
136118,22.8008448765273
136119,24.0470034267637
136120,22.0163882553148
136121,23.1571727761426
136122,21.047902015786
136123,31.4405342702377
136124,14.325628714277
136125,22.059396988998
136126,20.2300461035285
136127,21.2283376578441
136128,15.4335351751823
136129,31.2034232960595
136130,16.1574257537167
136131,21.5871970753748
136132,19.7320709857401
136133,20.9967104462012
136134,17.7869886984757
136135,31.5408200032954
136136,18.5274252440999
136137,21.3013484995787
136138,19.5701549317257
136139,20.9153667855779
136140,19.6172365728251
136141,30.8868815655933
136142,17.3622880063426
136143,21.1646555028156
136144,19.1986242186461
136145,20.4326844445542
136146,18.076205335767
136147,29.6246324238069
136148,17.8647693933988
136149,21.1157362829071
136150,19.2516984924148
136151,20.4865117127768
136152,17.9754620242302
136153,28.5543453871326
136154,20.3406086095037
136155,21.3859599083549
136156,20.0956945517123
136157,21.0307907394786
136158,19.9578827290719
136159,34.3369989492442
136160,24.4379976311171
136161,22.2165814049893
136162,20.782648370554
136163,21.3744706849039
136164,22.6219901439296
136165,41.2459144860269
136166,27.4439284843092
136167,22.8666097143476
136168,21.4648678077034
136169,22.5313787260313
136170,26.220436740775
136171,21.7179733251298
136172,21.5853888631175
136173,21.3081055576545
136174,20.1463993307536
136175,21.3281316281192
136176,21.740619463653
136177,19.4154613743503
136178,19.623983089737
136179,20.4666093933192
136180,19.1767721681015
136181,20.7433852200756
136182,19.3906088922632
136183,15.6476581252322
136184,21.2726416572366
136185,20.2615073856686
136186,19.5011588841961
136187,21.0580769052525
136188,20.5323648774284
136189,13.5111797307565
136190,21.9491033981307
136191,21.0769259499745
136192,19.6071871812176
136193,21.351255670238
136194,21.4043501725914
136195,12.7572701245397
136196,22.9394473750542
136197,22.843894767076
136198,21.1425310960008
136199,22.3246522140378
136200,23.094375029995
136201,13.4205612848591
136202,27.8945177693296
136203,24.9233562965432
136204,22.6703398341044
136205,24.0691926086699
136206,27.2324394413573
136207,18.085244644109
136208,28.423418114552
136209,25.7284929659636
136210,23.8771282114108
136211,25.0642746780788
136212,28.0684281674178
136213,22.4885676063509
136214,31.3228494816925
136215,27.3749909052688
136216,25.1497027052562
136217,29.6479777102468
136218,31.6987202874491
136219,22.2040423712525
136220,35.1731848158912
136221,27.1647024631639
136222,25.5128537647166
136223,32.6271641735186
136224,34.9610925782427
136225,29.3414584799432
136226,47.884303598713
136227,27.1694229341908
136228,26.8671029999991
136229,30.9757280946344
136230,46.9671484596685
136231,37.4496781110659
136232,52.8685205457646
136233,28.5652644995393
136234,27.9423485420257
136235,35.8365300499827
136236,54.1446426074343
136237,54.5129258330947
136238,56.3471106723988
136239,36.9510932917138
136240,47.5301648037291
136241,38.2957465769793
136242,58.774579306905
136243,64.1394044726962
136244,42.8866403074438
136245,36.2157228521045
136246,35.3628231441645
136247,37.400537651363
136248,36.7062792140124
136249,58.7555528855646
136250,33.1360438431307
136251,31.6788293728213
136252,29.2520043618209
136253,31.1129816871962
136254,29.5618078840828
136255,56.4017365844557
136256,27.1029377490907
136257,28.6052152326504
136258,25.8557098418973
136259,28.2741831870216
136260,28.6973801650281
136261,53.7124050119145
136262,28.9662770977701
136263,27.6141310092903
136264,25.0391666423722
136265,26.8962475652341
136266,24.4646496874157
136267,48.1724712935281
136268,27.7448041514648
136269,25.3205730274966
136270,22.5587990423974
136271,24.1681844838426
136272,23.2044215015622
136273,46.2405279705934
136274,23.4214191080379
136275,23.5475243282059
136276,21.2345697500525
136277,23.1609580277215
136278,22.3952342594563
136279,47.6193885624866
136280,25.8739303817304
136281,23.3539100134469
136282,21.1769982747968
136283,22.4985910772354
136284,23.257882734751
136285,47.6867630135618
136286,25.8964448258709
136287,23.2126100793818
136288,21.2522610379875
136289,22.3001706039362
136290,22.0061290072
136291,48.6217683716809
136292,25.8517053658541
136293,23.2350439011386
136294,21.3031892492634
136295,22.31183773773
136296,23.3465257856205
136297,52.9408523353738
136298,27.5639808581307
136299,23.3324655928051
136300,21.4705667326873
136301,22.664918421395
136302,25.9113985780087
136303,55.3470604105886
136304,27.8747734392677
136305,23.7285209822914
136306,22.3734072754346
136307,23.3807819820591
136308,27.4882964659537
136309,53.0334246520383
136310,27.4009488128125
136311,23.2202097944295
136312,22.7796227613308
136313,23.7078108273096
136314,28.5627792695462
136315,27.3930984449837
136316,22.9174700908991
136317,20.9671605713083
136318,20.5366880858906
136319,21.1738694950757
136320,22.4901822769402
136321,22.5531365540377
136322,21.5811022679287
136323,19.2633748295001
136324,18.9746300525892
136325,20.1496713691444
136326,20.3942173756467
136327,20.2581983093559
136328,21.3096368939455
136329,19.4107536931294
136330,19.2733299649893
136331,20.6182926570669
136332,20.3829505107999
136333,16.995493656866
136334,22.6877756870786
136335,20.6126924323566
136336,20.2339582465009
136337,21.9915194673783
136338,21.9267512695783
136339,15.606587999618
136340,24.2182256887361
136341,22.9671293807324
136342,21.4381217130825
136343,22.7614154559308
136344,24.4935168648719
136345,21.3332372600121
136346,28.2090580180084
136347,25.0544796300396
136348,23.3279844263952
136349,24.7757435832995
136350,27.3249977201374
136351,25.2527105187131
136352,29.4713832908527
136353,26.292784291757
136354,25.5998085481184
136355,27.0660584160839
136356,28.7117520684608
136357,27.3406353097307
136358,30.0916661096935
136359,27.2736600255232
136360,27.4307368922143
136361,29.004593643551
136362,30.2899326384624
136363,28.1233147241555
136364,32.6432360475121
136365,27.9753312228023
136366,27.8133135564901
136367,29.1107711634828
136368,36.2382550180471
136369,30.1052114341112
136370,36.7242272557111
136371,28.3534423751257
136372,28.6201230173931
136373,28.5420029123193
136374,36.8502240337448
136375,40.2531173898608
136376,45.4839258170561
136377,30.0590111429229
136378,33.365029167492
136379,35.2590478104111
136380,47.1927982734006
136381,60.5998035978754
136382,48.4179413851311
136383,36.4894573717019
136384,28.0270443410299
136385,37.863741411422
136386,55.0903208623394
136387,56.2163472079091
136388,30.8892863996007
136389,33.306535843418
136390,26.7197766974831
136391,31.5946492305178
136392,32.9696561975797
136393,47.830443818696
136394,23.2391491212432
136395,28.7054740586429
136396,23.2094888293068
136397,28.3558140380145
136398,23.8811828301542
136399,42.2607543613743
136400,16.8264530083395
136401,24.8740643107614
136402,21.7446201045431
136403,24.6270133974299
136404,19.7259474559022
136405,37.0359759780196
136406,13.8119865703834
136407,22.8119519010816
136408,20.9818831702855
136409,22.8641329174863
136410,15.7023632091816
136411,30.7899769764069
136412,17.1789929808774
136413,22.2273989955511
136414,20.4882935638264
136415,21.7631399686089
136416,17.3420362209702
136417,32.4905954942882
136418,13.917927925359
136419,21.5053410099976
136420,19.7842617698806
136421,21.3545426571287
136422,15.1426342619082
136423,31.0909440178552
136424,15.9782623003126
136425,21.2537019877979
136426,19.2484160012071
136427,20.519759377532
136428,16.1275279630894
136429,26.4092622436587
136430,16.1697409295261
136431,21.0298649789866
136432,19.2290836120273
136433,20.6165946326507
136434,15.1929368647758
136435,29.0067694115809
136436,16.2922003175067
136437,20.9614040919786
136438,19.2445961602735
136439,20.5764471035916
136440,16.3515280983842
136441,26.9325531485091
136442,17.0411010984127
136443,21.0450762469842
136444,19.3768703027697
136445,20.845849520285
136446,16.1702557104067
136447,33.2839868063653
136448,17.6646947889048
136449,21.4425925736201
136450,20.1755585105482
136451,21.7583132775252
136452,17.2454601427976
136453,39.2865156882373
136454,18.8516427736538
136455,22.0031189896613
136456,20.7019744977024
136457,22.052926676008
136458,18.194848280284
136459,21.2608769279141
136460,17.3338245176143
136461,19.12333517391
136462,18.9887729412089
136463,20.6156687483929
136464,16.5483348114345
136465,20.0636393180208
136466,16.91119414609
136467,17.7656205358647
136468,17.9412372298308
136469,19.4090159762445
136470,17.5897885917708
136471,19.5883221665065
136472,18.5042189102329
136473,18.1345109639426
136474,18.2193469263264
136475,19.5842773763921
136476,17.8096810831078
136477,17.5592831269742
136478,17.2560528365883
136479,19.4499989329842
136480,18.9835425350965
136481,20.9053058494405
136482,16.5489463790632
136483,16.3691698867646
136484,17.446506712159
136485,21.0728387628394
136486,20.3143615283846
136487,22.0483948241508
136488,19.4489731418711
136489,18.3292707812684
136490,20.5831579688142
136491,23.1362373308771
136492,22.324824395798
136493,23.4747149261402
136494,19.8866867779793
136495,18.3666241623054
136496,20.8901207407829
136497,24.7280627933071
136498,23.2119409301679
136499,24.8640629565993
136500,20.7728522058435
136501,24.0819519740519
136502,23.7135611073304
136503,25.6350056194192
136504,24.3119931662579
136505,26.9399008076806
136506,23.0131032161895
136507,27.2974762884535
136508,25.9809420184721
136509,26.1695938316997
136510,24.7039990930484
136511,27.7160415060989
136512,22.6581288558774
136513,33.4175647030763
136514,27.2461820059341
136515,26.922348759301
136516,26.4443658371959
136517,28.253908709563
136518,25.1450029079895
136519,43.1534209982092
136520,36.8890081594566
136521,27.9265114158937
136522,30.0806339597891
136523,31.7565092235031
136524,30.3067921635107
136525,49.7926098109633
136526,42.4809277702151
136527,32.40828390821
136528,28.0459543180708
136529,34.6383032462937
136530,36.513721099395
136531,42.8470217217474
136532,28.5106428952132
136533,30.5464522074131
136534,25.5586693127679
136535,28.9274196150773
136536,26.4339167826663
136537,42.3226749835619
136538,21.2891721477415
136539,27.5569481845897
136540,22.7704018153624
136541,26.3465008054841
136542,19.6395954071276
136543,33.9997507407698
136544,16.9546080991392
136545,24.1910196503738
136546,20.5820761519283
136547,23.5190559816812
136548,18.8087944855243
136549,26.3584457823771
136550,12.188963587273
136551,22.1564390507606
136552,19.212424158547
136553,23.0749548523975
136554,14.3592516706711
136555,25.0972503827606
136556,13.4546103662962
136557,21.823948286442
136558,20.0885662667287
136559,22.4299792873314
136560,13.1286611268244
136561,24.3167652962263
136562,14.390292386322
136563,21.3113684215514
136564,19.1565937252777
136565,21.1843682248088
136566,16.3105960092296
136567,23.9697997814592
136568,17.8096395418537
136569,21.1216405617952
136570,19.0863481668269
136571,20.7274040515677
136572,15.9476422070705
136573,23.6025688988377
136574,16.4690809621754
136575,20.8504347085542
136576,18.9832018449874
136577,20.6293360449284
136578,18.806127669446
136579,23.5042582051148
136580,17.8384834413761
136581,20.745311092569
136582,18.916238646018
136583,20.5116038163741
136584,18.3448263650276
136585,23.2308334811282
136586,20.0911848375705
136587,20.7428175715904
136588,19.1504817993448
136589,20.4852343443021
136590,19.1059782094447
136591,25.0687438011952
136592,18.9937958679315
136593,20.9875761871156
136594,19.5486093126248
136595,20.7863579221835
136596,24.4218787026323
136597,25.3497661979795
136598,18.5757837247705
136599,20.9690425149971
136600,19.6086683305536
136601,20.8420918422544
136602,21.0476324009458
136603,15.4239890869887
136604,15.4639794834685
136605,19.1248664422074
136606,17.935958428528
136607,19.5811892608372
136608,17.8235089022291
136609,12.1608847028853
136610,16.9403464544154
136611,17.1175428241299
136612,17.2382817294681
136613,18.3769518734221
136614,17.5557030261988
136615,11.5132094485252
136616,18.1004426588118
136617,17.8085586057752
136618,17.6885160035475
136619,18.9076448833613
136620,17.8002927819484
136621,13.7941402196275
136622,15.0317758933579
136623,18.7676083050542
136624,18.7373834650388
136625,19.3072890683948
136626,18.2204505199497
136627,16.124840910709
136628,15.9319169000703
136629,19.7603710222652
136630,20.8382573347541
136631,21.7425012849597
136632,16.4542845637607
136633,19.8757610225689
136634,20.4413064276232
136635,22.4294262809875
136636,22.746283619543
136637,24.1605174952602
136638,20.1468765868224
136639,23.7465686031151
136640,20.8095844427236
136641,24.0186391386428
136642,23.6770520797732
136643,25.2978562388772
136644,21.3163898614102
136645,28.2266304969019
136646,24.1524308848736
136647,25.2072473258708
136648,24.9933803782337
136649,27.3449051255626
136650,24.7361086280743
136651,31.7106169873697
136652,27.6858518761022
136653,26.0051193851476
136654,25.4290697320869
136655,28.1619812957754
136656,27.6187385433562
136657,40.7673059034938
136658,32.1956480909028
136659,27.1944198189649
136660,25.8997959216041
136661,28.3787281814528
136662,33.414441495104
136663,41.9064273622657
136664,46.4742249414942
136665,30.3761355952747
136666,28.8935361110427
136667,32.6614471202595
136668,40.1307202746505
136669,42.7119269912305
136670,40.3314760501163
136671,33.6436425559825
136672,29.3433930664396
136673,33.4005565805224
136674,29.8117079340477
136675,37.7877476652453
136676,25.9314765394333
136677,29.6775058288854
136678,20.473172064815
136679,29.5596807356844
136680,23.5270010302047
136681,36.1526356471909
136682,22.5595573955843
136683,27.0649262694943
136684,21.5398046284121
136685,26.0599429350514
136686,24.4750175218451
136687,31.0463518058777
136688,20.5280893737185
136689,23.5013548756549
136690,20.3732597693335
136691,22.9189548683996
136692,20.194925050368
136693,27.2456682272315
136694,18.9931933116368
136695,22.0555034984124
136696,19.2550253169196
136697,22.0733113576283
136698,18.7631559123167
136699,24.6698263949279
136700,20.3882044075498
136701,21.0109370972501
136702,19.4365748030847
136703,21.4317575714532
136704,20.1746879057019
136705,24.280542943061
136706,18.4421618788333
136707,20.7555444606103
136708,18.9155961991993
136709,20.6787385742456
136710,18.8751855003956
136711,23.8586303574008
136712,17.7607867763964
136713,21.0894761562092
136714,18.9278442895257
136715,20.2432594719935
136716,16.2843897384378
136717,22.4497441109138
136718,17.2920949081156
136719,20.7173618970734
136720,18.7868233080156
136721,20.0389890364311
136722,16.0413364689463
136723,23.3804729214644
136724,17.3015399848198
136725,20.9363840863416
136726,18.8941352411752
136727,20.1512659499802
136728,15.9438244322099
136729,23.9787205630271
136730,18.188453853274
136731,21.3593189029288
136732,19.3023559556564
136733,20.5548843756525
136734,16.6312365893682
136735,25.7521260440852
136736,18.8566463471226
136737,21.7218210384454
136738,20.2512710083383
136739,21.3982469700922
136740,17.3819898005694
136741,25.6541354197038
136742,19.5280414440002
136743,21.2392548423204
136744,20.2509866354991
136745,21.4555121464274
136746,18.263454735756
136747,14.8739477060459
136748,18.1795561106095
136749,19.7075856283766
136750,19.5015498874146
136751,20.8210400299454
136752,16.919272114679
136753,12.9672675606095
136754,18.1876806576152
136755,19.0787917161358
136756,18.8990159885225
136757,19.8879715987628
136758,17.1943151532662
136759,11.8957627258887
136760,20.3145803804694
136761,19.8887240144106
136762,19.073464306695
136763,20.3621965469951
136764,18.2532991721245
136765,15.9938952613721
136766,22.1182366340449
136767,21.6437404966034
136768,20.9193707838561
136769,22.008443955961
136770,20.7772202407526
136771,19.9096753609755
136772,25.1513663585577
136773,24.2678146742102
136774,22.8057214448123
136775,24.4846309304673
136776,24.565265760647
136777,23.7531071640667
136778,28.7376600609629
136779,26.2082838640585
136780,24.9522134147836
136781,26.4868429197636
136782,29.3633526407585
136783,27.8272575085154
136784,30.4291458034775
136785,27.8472863458308
136786,25.5010856955508
136787,27.6629252505764
136788,30.4090313975652
136789,31.1156784071812
136790,31.044263789825
136791,26.0676521132009
136792,25.7774210308384
136793,27.806292190192
136794,30.1632615983755
136795,33.5041569328127
136796,31.6475295490451
136797,24.8302756906991
136798,25.8584278785397
136799,28.0204182125719
136800,30.6619190356837
136801,39.6137313458183
136802,32.3364554667724
136803,24.3663710929155
136804,26.4094806675296
136805,28.4300841807433
136806,32.4187235934413
136807,52.0492051890096
136808,47.2113678142126
136809,27.3563954085312
136810,28.9205627656389
136811,32.1460600695807
136812,52.0882204719228
136813,57.3298248095599
136814,47.5303237536458
136815,33.7741464804785
136816,29.8590061312416
136817,32.2634134882335
136818,47.0950077556262
136819,43.8383444902853
136820,26.1685136264175
136821,30.3825013972639
136822,29.2156346395058
136823,28.8586925115755
136824,25.005400172495
136825,35.7382591845913
136826,18.4887349856763
136827,26.3713192015325
136828,18.5879582958935
136829,19.383597417382
136830,18.6054548432866
136831,31.1442111818198
136832,16.0060010070889
136833,23.2091987327275
136834,12.8911223776071
136835,19.8448803878991
136836,15.0945889137911
136837,26.0225661787564
136838,14.4148045646083
136839,21.1093542516044
136840,14.6988592152722
136841,19.8138359992507
136842,11.7370310989759
136843,23.8056172656791
136844,10.8740801833294
136845,20.2854259210027
136846,16.7769771097829
136847,19.0977366070422
136848,9.01786973186047
136849,21.8816942656289
136850,8.40266538159094
136851,19.5446172568951
136852,17.7451757424597
136853,18.472141792951
136854,7.18878900549474
136855,21.5659137970962
136856,12.5531178579474
136857,19.2799913540214
136858,17.3863180015213
136859,18.1138804232711
136860,13.2406066629434
136861,21.4734986114182
136862,14.3042759301503
136863,19.1855249019107
136864,17.5700451307011
136865,18.1371695613356
136866,15.3918216495009
136867,21.4030784133184
136868,14.3195040444122
136869,19.1632066613717
136870,17.5876138285042
136871,18.620844493928
136872,14.2265222738651
136873,21.6002275919972
136874,14.1699263476338
136875,20.0275375957384
136876,18.7580461852451
136877,19.5923379362489
136878,15.3504935495843
136879,23.3828655760427
136880,16.3161582525203
136881,20.7176169727193
136882,19.6876247140504
136883,20.5770476572936
136884,15.711243910309
136885,23.7825178813783
136886,15.2260549649791
136887,20.8835570829196
136888,20.2522304235821
136889,21.1782747735126
136890,16.569181493024
136891,13.1885263920415
136892,12.3236221853681
136893,18.7610275891121
136894,18.1701406093192
136895,19.8163994124585
136896,13.9800758914928
136897,9.51772028350998
136898,11.7022085897151
136899,17.3586348630062
136900,15.4130809428383
136901,17.4957696658245
136902,15.8401909659892
136903,6.61051164898541
136904,14.4854600677129
136905,16.8552018768961
136906,11.2952167532376
136907,16.6658250033906
136908,13.6341762877347
136909,5.65831420937369
136910,16.4574482385503
136911,18.4708327198198
136912,10.2506488823537
136913,19.2068061569281
136914,16.4544469143194
136915,10.5918458261995
136916,19.9896605786854
136917,21.2749364935872
136918,17.8243560803849
136919,22.7263849475899
136920,19.7619992320015
136921,20.1472211803534
136922,23.2421465207497
136923,24.2408443459264
136924,22.9704891380604
136925,24.5231618623095
136926,22.9874030338362
136927,29.689518529164
136928,25.7228819290457
136929,26.5231402616697
136930,22.5328289525371
136931,26.8766601014368
136932,25.7057106197336
136933,33.5248487859745
136934,29.1082348842101
136935,26.2897160474396
136936,22.7363303735055
136937,27.4940065975065
136938,28.3109008437182
136939,37.7679350098421
136940,33.1159872843638
136941,24.896462290488
136942,22.602761923702
136943,27.9081013955138
136944,31.3339169960463
136945,45.8290263356689
136946,34.9874586966566
136947,23.7083359692668
136948,24.1875915914657
136949,28.1958367461554
136950,35.8754240033401
136951,53.1689707054387
136952,50.149220608804
136953,25.5578614896451
136954,24.2925716627758
136955,32.4778607351565
136956,52.7535052621867
136957,74.2647419938855
136958,73.0271917696565
136959,31.8615981561204
136960,29.304642978818
136961,35.8742857129176
136962,75.3244281088844
136963,46.5530504661655
136964,30.8613347819135
136965,32.3916131935358
136966,22.5968790841965
136967,29.2985432173081
136968,33.4619769824237
136969,67.0991141597092
136970,21.9923722594263
136971,30.7164121041024
136972,19.3432094811642
136973,22.557313446122
136974,21.7613166646548
136975,54.7954292228404
136976,21.658262264742
136977,27.2777278985204
136978,16.3670210013923
136979,22.0135621956511
136980,21.1092939425655
136981,42.0075231714776
136982,23.1286712635462
136983,26.290831697567
136984,16.2554170378396
136985,21.8637791686421
136986,24.9713760985956
136987,36.0132032577688
136988,22.8354714481591
136989,23.6303893822622
136990,15.1889554776294
136991,21.3432243095291
136992,21.3642066010589
136993,31.9307256674591
136994,20.1471376518462
136995,22.0125124829392
136996,18.463633319981
136997,22.1341763760864
136998,16.8308794892287
136999,29.0056262357177
137000,17.5262266817863
137001,21.4138808492263
137002,19.7994733605361
137003,22.0272903789772
137004,15.9756865591314
137005,33.4840829919677
137006,19.335779318045
137007,21.309508811965
137008,20.0830672554697
137009,21.8214120711499
137010,18.6173874695155
137011,41.465374010587
137012,18.510181474091
137013,21.2862213822998
137014,20.1529234690746
137015,21.818331366213
137016,21.4255221802303
137017,36.5310965312415
137018,22.8912410216687
137019,21.5758137677249
137020,20.3694364605975
137021,21.9090101162969
137022,24.6268795301024
137023,36.8825388926365
137024,28.4202981926321
137025,22.8497911651871
137026,20.8603368232509
137027,23.0319433223682
137028,24.6326363111162
137029,36.1859283131326
137030,27.7625648321671
137031,22.8347574590261
137032,20.8998198050079
137033,23.1732882549368
137034,25.6380710152187
137035,31.1802277346315
137036,23.4128674609626
137037,21.5878528005466
137038,20.3001238797081
137039,21.9058607563746
137040,22.8448694472574
137041,20.1421994876385
137042,20.4893069472142
137043,19.565169375334
137044,19.7585991317108
137045,21.3902093614284
137046,21.4031467576089
137047,23.2487530478094
137048,18.2962218006499
137049,20.5839644712121
137050,19.2500581792599
137051,20.7841837997353
137052,18.004915106724
137053,21.8676063135287
137054,19.7788422158092
137055,21.9069585862363
137056,19.3097743769819
137057,22.3548862128667
137058,18.6892985740443
137059,22.9262383461387
137060,20.6281553072487
137061,24.2031660486769
137062,21.863183786947
137063,25.1283918039697
137064,20.40767891336
137065,22.6431553962194
137066,21.5648445370811
137067,28.0741865779436
137068,24.4556154748373
137069,27.8270606966241
137070,21.7964905713473
137071,25.5725949299257
137072,20.744580361363
137073,29.2803027191576
137074,25.2346899828588
137075,29.8722239196965
137076,18.9535104373461
137077,31.3875425950733
137078,19.3560024375874
137079,29.7363082517131
137080,26.8600890840783
137081,29.8145411506941
137082,17.721224679934
137083,36.4334563925998
137084,18.406857410782
137085,28.6570419007247
137086,26.8092413880112
137087,30.5252274569885
137088,17.1972736679031
137089,44.7748677873536
137090,19.0738372837551
137091,28.7690363495091
137092,20.060893147229
137093,30.7984060680944
137094,18.9357997474069
137095,75.6397053507501
137096,24.8074275219213
137097,36.8464735193222
137098,27.554306187678
137099,35.0805135290145
137100,25.7174754501507
137101,96.9558968677077
137102,30.1870805662486
137103,37.0819966834358
137104,35.1940165996163
137105,35.3326258111398
137106,29.4260933691294
137107,82.5058036167203
137108,32.8613968981684
137109,35.088997752806
137110,34.7888066206844
137111,32.8770306709069
137112,32.239770424323
137113,82.0491280078263
137114,34.7458216662896
137115,31.5440391470246
137116,25.367934304018
137117,31.3173726649711
137118,33.5962734314484
137119,85.5836598484817
137120,30.710341692424
137121,30.2391626384225
137122,22.8225326027959
137123,29.0091337203658
137124,28.8638207347586
137125,84.1725106254694
137126,31.4783252222257
137127,28.076990364642
137128,22.1676109017612
137129,28.6156334619618
137130,30.0791917812922
137131,99.1143424716587
137132,28.6498167470756
137133,27.9577374478336
137134,21.7645224805096
137135,26.2704135111527
137136,26.7670398441748
137137,64.5677165313575
137138,27.8016984929964
137139,24.721967518086
137140,22.9353658568832
137141,25.7827857951944
137142,26.3970515911734
137143,44.2576028094305
137144,27.6238182833019
137145,23.4885269188659
137146,22.1011197264235
137147,24.4820612609558
137148,26.6055967486019
137149,50.6756177996798
137150,25.0635957058222
137151,23.5636722120433
137152,21.9659099905032
137153,23.8875376537764
137154,25.0630688372296
137155,55.843102142048
137156,27.5899057931426
137157,23.3255224309159
137158,21.9900665065372
137159,23.9238603444468
137160,26.8845869463211
137161,63.9967723228791
137162,27.0591801195631
137163,23.6802836504535
137164,22.9904528628694
137165,24.3776592185858
137166,27.6526138591196
137167,80.0317434464755
137168,29.8404599626289
137169,27.1075918137023
137170,25.6180153577893
137171,26.4792376050458
137172,30.9054327265126
137173,73.4451887361731
137174,29.6636874335808
137175,29.304140673088
137176,26.5244350717828
137177,26.950312069935
137178,30.9389418507383
137179,35.6073348261441
137180,23.0269930989646
137181,24.2827085644314
137182,22.686216611747
137183,23.3756621245974
137184,23.7464056347869
137185,27.2257569092797
137186,20.0708522422914
137187,21.8921798806925
137188,20.5687139243366
137189,21.7691452857549
137190,20.5828220735188
137191,24.6702327839869
137192,20.1299183931014
137193,20.7815985503936
137194,19.7920790402891
137195,20.8835977637984
137196,20.223678223437
137197,21.9984083665934
137198,20.7778618257703
137199,21.3254770722903
137200,20.4479850742188
137201,21.5878717580302
137202,20.1543634510652
137203,22.3192483451251
137204,21.8310864236706
137205,22.1297770099769
137206,21.1357694741901
137207,23.1276266443454
137208,21.3490398378072
137209,23.7247741598512
137210,22.3627646566056
137211,22.4519705207359
137212,22.8119258066135
137213,24.143929585896
137214,22.2765586070091
137215,25.5868091135711
137216,23.3260257543792
137217,23.3619631944634
137218,23.7854466099123
137219,24.5882296807424
137220,23.5074984438371
137221,27.6621933515701
137222,26.3715075402608
137223,25.0159019184274
137224,24.0334740512229
137225,26.6316880449849
137226,26.0693850312899
137227,29.7758632341929
137228,32.4912548096725
137229,27.5672125890439
137230,25.6275815165691
137231,29.5958161835829
137232,33.0012666732614
137233,40.4768352705727
137234,37.63071826146
137235,32.1761613138286
137236,20.7120605993622
137237,33.4405921002895
137238,37.6743648078586
137239,53.0337720916276
137240,68.0037878130361
137241,39.2052298637587
137242,29.3273680425181
137243,41.7904832810886
137244,65.0574408756783
137245,87.4048788434525
137246,78.3700327223291
137247,46.9968557028106
137248,44.136101814086
137249,46.8000267540228
137250,78.1403117319717
137251,90.3401773254302
137252,50.4255207806343
137253,41.1874157306388
137254,40.6041423645675
137255,43.5927395792101
137256,50.2510556739132
137257,86.443921617744
137258,41.9163049909305
137259,37.0958330301311
137260,33.548388907703
137261,35.36099976471
137262,40.0042458897035
137263,70.0796399762823
137264,32.620371194745
137265,31.1074905131262
137266,29.3515047289498
137267,30.2032645072054
137268,32.4750331579684
137269,57.7506396974197
137270,28.8551061248696
137271,28.7500611149865
137272,27.3848223135847
137273,28.0564662052561
137274,28.6381462747777
137275,56.0453985829067
137276,23.0447102604026
137277,24.6664966866716
137278,24.4078781543797
137279,25.3040067385829
137280,22.5421458216181
137281,48.158833926979
137282,23.6208444201793
137283,22.9493294036244
137284,22.4489802048849
137285,23.2450769768617
137286,22.7752716524031
137287,45.7005104770517
137288,22.828185431289
137289,23.2150198001565
137290,21.8040068443593
137291,22.6736519646597
137292,22.7423219190924
137293,42.0467753205919
137294,22.1790105713827
137295,23.0990266123081
137296,21.841609288799
137297,22.5999280300853
137298,22.5649629157491
137299,38.5502088059365
137300,22.528269807454
137301,22.8986298435596
137302,21.8702464131111
137303,22.6903496119196
137304,23.3415803352896
137305,40.1014753058302
137306,23.6064909989441
137307,23.1489741135726
137308,22.2531846733351
137309,22.9426568141866
137310,24.1520284072363
137311,42.5163580126774
137312,25.9306332025032
137313,23.8506033239738
137314,23.1349143812008
137315,23.5949606793516
137316,26.9462249106506
137317,41.2431247033753
137318,27.1920131434225
137319,23.5174619094336
137320,23.40256360807
137321,23.6965836976399
137322,27.7911545164591
137323,19.8532560110615
137324,20.2529070641316
137325,19.6388008273294
137326,20.0929709127171
137327,21.5396604374592
137328,19.4441860785804
137329,16.1315133690175
137330,17.1238234552973
137331,17.7736002900299
137332,18.2957966773076
137333,19.6675236125609
137334,16.1387645572888
137335,13.7143543319887
137336,16.4568912736075
137337,17.6409367482935
137338,18.5265409879318
137339,20.1258318440202
137340,15.7270686890548
137341,11.5666959975091
137342,16.1958750434201
137343,18.1240608182189
137344,20.2975350138803
137345,21.8600584044336
137346,15.6058253796768
137347,15.403767760833
137348,18.1941140613012
137349,19.3405999824676
137350,22.0824707345505
137351,25.3991699153162
137352,17.554174085305
137353,18.8670099533812
137354,21.1414365832766
137355,22.2595259561872
137356,24.6175583338723
137357,25.5951175509802
137358,21.5059605467767
137359,22.0613695766755
137360,22.2269726913992
137361,23.9447934509488
137362,25.6356113970306
137363,26.1664173247883
137364,22.4263079679119
137365,24.9454661919326
137366,23.8003519699484
137367,25.6277109475111
137368,26.9957961700791
137369,28.5052323725018
137370,24.2726047928496
137371,27.8567965705493
137372,26.6320854876789
137373,27.4685579480487
137374,28.4878559314978
137375,30.5952278936873
137376,29.3218309603445
137377,39.3314238879591
137378,36.6449035723687
137379,31.1703634241507
137380,30.353743845936
137381,33.874927619378
137382,40.9877508519416
137383,53.4847975322763
137384,75.440113370531
137385,43.6407577219688
137386,41.6384707342896
137387,44.860434419058
137388,79.2570913854218
137389,84.4997886569507
137390,73.6346596083044
137391,45.1651355682394
137392,44.7919079491833
137393,41.8422535153892
137394,80.8377763101954
137395,80.209451243334
137396,30.4497372399076
137397,33.7033122579959
137398,35.3396769078196
137399,35.0703531737955
137400,33.8429629446822
137401,68.3239299434007
137402,19.756641382171
137403,27.2054823061198
137404,26.085929041825
137405,26.0854281231196
137406,20.9105266537366
137407,43.6554827573074
137408,16.2195268245264
137409,23.6754015160672
137410,22.6145617934371
137411,22.9629098819317
137412,15.5316616054541
137413,32.9915042673256
137414,15.1923394696325
137415,22.0827084535073
137416,21.3706431576006
137417,23.2214141615269
137418,15.2164303067848
137419,28.4651704826959
137420,11.5533907577433
137421,20.8541481837917
137422,19.614073816278
137423,20.6858774369599
137424,12.3398178324429
137425,26.0911622278825
137426,10.1825789307622
137427,20.7151533986116
137428,18.5998577532093
137429,19.7092361879118
137430,10.6519971427662
137431,24.8981403380626
137432,12.2646958367762
137433,20.2736854126485
137434,18.2545609659065
137435,19.5132291018287
137436,13.9524680918533
137437,24.7239926474388
137438,16.2068360314126
137439,20.0691298632335
137440,18.0551630739836
137441,19.4656785297426
137442,14.6186656377527
137443,24.3035974177633
137444,15.1587982614464
137445,20.5225864461996
137446,18.4997447061748
137447,19.4938490095491
137448,15.6580803181589
137449,25.531515628104
137450,15.5054518848466
137451,20.5216441203778
137452,19.0209420998545
137453,20.3327068893299
137454,17.5606421296177
137455,27.0992974800852
137456,19.7609330709723
137457,21.3169379350719
137458,20.1812060178063
137459,21.3956508370496
137460,18.1870600912264
137461,30.6472700849314
137462,21.6558730544969
137463,21.0454361170457
137464,20.5119381818329
137465,21.2735444959624
137466,20.9242469431397
137467,19.7768891526352
137468,18.0895893568388
137469,19.9262182979308
137470,18.0143458081169
137471,18.9517848834671
137472,17.0065143102705
137473,14.888507286287
137474,15.9484336617831
137475,17.4557830893335
137476,16.9296857849834
137477,17.8425543203781
137478,15.4363731697167
137479,14.0818459863936
137480,14.0150525628445
137481,17.8533569536703
137482,17.84678466045
137483,18.8388812610949
137484,13.3718884583082
137485,16.0528283605218
137486,18.1997488206627
137487,18.3243099840471
137488,20.6668699212921
137489,20.9872742625252
137490,17.7137741855245
137491,18.702009436391
137492,20.9305907186415
137493,19.7339559559623
137494,22.6763594552165
137495,23.1892694715242
137496,20.7799039837739
137497,21.8817657923038
137498,24.3209806628292
137499,20.8078214710416
137500,23.6243655973218
137501,24.6515585227123
137502,23.8127852587687
137503,25.0420084742502
137504,25.1018314691198
137505,22.3329665036298
137506,25.366122117761
137507,26.0329686466426
137508,24.8321378340126
137509,26.0832216532185
137510,25.7187733596629
137511,23.7083661771079
137512,26.208167622561
137513,27.6669173269756
137514,25.6375059740425
137515,28.8821342666138
137516,27.8422039479258
137517,25.2934685390044
137518,27.2924649525597
137519,29.5803511351834
137520,29.5461475490588
137521,37.7060263885812
137522,34.2771909396259
137523,27.0824718506569
137524,28.1673118376312
137525,30.5407370715168
137526,38.9003740962828
137527,49.675854205114
137528,59.624260754116
137529,37.9093354986356
137530,40.6539610236017
137531,36.0233626414543
137532,66.4712537206149
137533,72.7069392574751
137534,58.0485200047881
137535,40.5587651252465
137536,26.8697628957602
137537,37.3258555350549
137538,59.9387855877866
137539,64.2531709125948
137540,27.2440479496037
137541,31.1962254277174
137542,18.9177915332933
137543,25.3816253074196
137544,30.39708035196
137545,45.951496177604
137546,19.5561642646841
137547,25.9984456215124
137548,19.2947032402999
137549,23.9574272197547
137550,21.0485197047458
137551,41.0562734657553
137552,17.8243504946397
137553,22.8699817319928
137554,18.2370246274763
137555,23.0727231178449
137556,18.6006192840677
137557,38.2339125176842
137558,18.4329576072135
137559,21.7466116259761
137560,19.7337941649946
137561,23.4284794887206
137562,20.095505446593
137563,34.4205467834551
137564,17.870876674797
137565,20.7877991352246
137566,19.0521737537909
137567,20.7874171956264
137568,17.1530714060925
137569,32.1961164560432
137570,17.6867037973626
137571,20.5633935814245
137572,18.4430363306934
137573,19.6382977028532
137574,17.3253592641955
137575,32.1821794270461
137576,20.1402347029327
137577,20.945885363492
137578,18.5626842792534
137579,20.0062724615051
137580,15.7600008719044
137581,33.9688647273991
137582,19.1218237491133
137583,21.0721245659165
137584,18.9586006885565
137585,20.1827461532563
137586,15.0310398250225
137587,37.841396284363
137588,20.2869969680812
137589,21.118864719157
137590,19.5699662484079
137591,20.7760592668464
137592,16.8431940435112
137593,38.0694356607314
137594,21.2189024071742
137595,21.8020121618162
137596,19.8069730398793
137597,21.3673368150131
137598,19.8752677003682
137599,36.3530322532385
137600,22.3803248569574
137601,21.7177804089011
137602,20.2046682824703
137603,21.7906947553878
137604,20.5934794498011
137605,35.809851401291
137606,22.5686386656412
137607,21.7574852165461
137608,20.2498772658662
137609,21.8988992770821
137610,21.3687507034861
137611,20.8585267392119
137612,16.6279242366122
137613,19.07456361719
137614,17.7272339051467
137615,18.8904341123086
137616,16.3475749621822
137617,17.0834295049761
137618,14.4530924911781
137619,18.8402326090134
137620,16.6889170582762
137621,17.7827041022644
137622,14.2306669365778
137623,17.2921208143501
137624,15.0794272183849
137625,17.7746042961959
137626,16.8623367252458
137627,18.9332559550962
137628,15.2285890016739
137629,16.9327907842219
137630,16.152417978899
137631,19.1353737820335
137632,18.7526638227478
137633,20.276623842769
137634,17.9054403335971
137635,18.7915250388328
137636,18.091205267029
137637,19.6008867427051
137638,20.2586386462968
137639,21.3329395742853
137640,19.4466612394766
137641,19.9174324116891
137642,21.0753750467335
137643,19.9325434147087
137644,22.0986855095226
137645,23.0178911393353
137646,21.285516970319
137647,21.687000948482
137648,21.9066072511482
137649,21.1451634938599
137650,22.2096458837154
137651,23.6451110274497
137652,22.4738478632957
137653,23.6799032190108
137654,23.4640116566645
137655,22.9701823825405
137656,24.7886562780648
137657,25.6437699861084
137658,23.0316752349784
137659,26.7549498435731
137660,26.1646996326051
137661,24.9307518727992
137662,26.8226987208043
137663,27.406327117881
137664,26.4562382111974
137665,35.3524440339629
137666,33.0508354156603
137667,27.6694308068535
137668,29.310502582397
137669,30.5936248497482
137670,35.2734243392324
137671,56.2469686946737
137672,42.1951428513062
137673,41.148463396894
137674,35.888498953359
137675,38.7959048752951
137676,52.525393828188
137677,77.5454803130528
137678,50.3473358153712
137679,42.7503230804979
137680,33.515069234348
137681,37.3152534054513
137682,50.0783876505086
137683,72.1256148489729
137684,30.2416797185348
137685,31.4766717463761
137686,26.1213974236654
137687,30.5419908956263
137688,31.5071983524599
137689,65.9114794943268
137690,23.0078262784057
137691,27.6985794409626
137692,22.6467921230749
137693,27.0263738897257
137694,25.2644545261279
137695,50.6802532508042
137696,22.0874059449697
137697,24.3081136938251
137698,20.5739876460827
137699,23.3739945625512
137700,22.5477202752695
137701,43.9634734995641
137702,19.8388804345832
137703,21.9443314477987
137704,20.4041209829054
137705,22.2303589283515
137706,20.7517771412547
137707,42.9810852683812
137708,18.2791687102143
137709,21.0985373825272
137710,19.9610014569343
137711,21.7451240464468
137712,17.7025196304438
137713,40.9906140425708
137714,17.1968691562519
137715,20.8217730144758
137716,19.1805884463261
137717,20.9630458555853
137718,16.0257951790824
137719,45.4653132828574
137720,18.6422674791652
137721,21.1180988440613
137722,19.3839098122232
137723,20.9622511177581
137724,16.6061615633157
137725,42.9783630986395
137726,20.8323088072067
137727,21.181386568833
137728,19.7560074187003
137729,21.2117857263219
137730,18.4739830347646
137731,40.2231831923061
137732,19.8712703697899
137733,21.039149156356
137734,20.1325570242601
137735,21.9085878229834
137736,20.8358289635497
137737,44.0094533065961
137738,21.7149111251827
137739,21.4987418847962
137740,21.1204368634299
137741,22.0123465457251
137742,22.6712096199765
137743,50.7680565198221
137744,23.5593456639032
137745,22.7230342076295
137746,21.9836561091432
137747,22.9196234488663
137748,23.692817294634
137749,52.4250202737747
137750,25.4931945125632
137751,23.3623892831545
137752,21.970708609206
137753,23.0705030115806
137754,26.2812272463433
137755,25.6679858998697
137756,21.9951559720246
137757,20.8714770711015
137758,20.4385578491831
137759,21.4840310770646
137760,21.4201371124783
137761,23.3109842161778
137762,20.9536024810561
137763,19.689318400008
137764,19.2190979601957
137765,20.66145792117
137766,20.693542910477
137767,23.2786603534892
137768,21.1897848483913
137769,20.1251008604091
137770,19.4618965398214
137771,20.944302844127
137772,20.3474792844485
137773,23.1980124788289
137774,21.1466472172495
137775,20.2773655238697
137776,19.5742000168258
137777,20.8729195451328
137778,20.6611490077215
137779,24.2269931006397
137780,21.7283392812848
137781,20.9839186835089
137782,20.308846665507
137783,21.8167477685651
137784,21.2262705741867
137785,26.29425454962
137786,22.6299484448552
137787,22.3365346753939
137788,22.4350701618229
137789,23.6373754229722
137790,22.3142353723706
137791,31.507885093742
137792,24.183604204883
137793,23.8721154360509
137794,24.5511941084957
137795,25.539134896591
137796,24.1135695419814
137797,33.0668209343928
137798,26.7906734113302
137799,25.9474032458983
137800,26.9759188778386
137801,28.9897091673414
137802,26.6085636127859
137803,38.7103308663585
137804,32.7620693863773
137805,30.5156039986062
137806,30.6421677447505
137807,33.4683481408276
137808,33.7788179693098
137809,45.3509517947181
137810,38.6768084556771
137811,36.8841824846344
137812,39.8003030495789
137813,38.915803807172
137814,40.4955362467333
137815,88.6692447612282
137816,54.2660261754643
137817,49.913228000669
137818,43.9158829028528
137819,45.273483795058
137820,57.1427625679244
137821,82.7314828225345
137822,54.048136834414
137823,47.4547299869146
137824,43.3351699133127
137825,41.8783193762455
137826,57.5490078263632
137827,82.49401967534
137828,38.528125504066
137829,37.1305066441214
137830,36.0009090021055
137831,33.9637185860236
137832,38.624169653997
137833,77.1131604417258
137834,27.1767712673159
137835,32.6032486293321
137836,27.3751126715162
137837,29.5822498274683
137838,29.0775131091211
137839,66.3197533630738
137840,23.9155477965673
137841,29.5896860882501
137842,23.641604186229
137843,27.0274274843427
137844,28.0910130218868
137845,60.9677658133419
137846,22.3452384434754
137847,25.7484649144221
137848,21.799545327297
137849,24.9891959458074
137850,24.1237457754072
137851,55.1135704959963
137852,23.4989182359716
137853,23.8339697203606
137854,21.1625136074851
137855,23.5255628817867
137856,24.2454323890183
137857,49.633626804823
137858,24.2250968161749
137859,23.0941695421015
137860,21.3854168936306
137861,23.1884500597537
137862,22.6267838942908
137863,51.8081766705226
137864,23.4512583076841
137865,22.8148630443271
137866,21.2669710419355
137867,22.6189557927382
137868,21.8108436082012
137869,63.366589331878
137870,24.0231045811157
137871,22.3138883908703
137872,21.6013753018903
137873,22.7278637840624
137874,22.664814199189
137875,72.4443873354323
137876,25.4836476791315
137877,22.4125744693853
137878,21.6009871090967
137879,22.8684544684546
137880,24.2100006545046
137881,77.4903938357498
137882,27.1361734643882
137883,22.6184642931318
137884,22.2052503925458
137885,23.3378881113535
137886,26.6007302174623
137887,79.3646737657503
137888,29.0691490138395
137889,23.305082858303
137890,23.1049668524662
137891,24.3841863113259
137892,28.0863667958137
137893,80.7944808156577
137894,29.4822404082618
137895,23.4207518812055
137896,23.1637438616824
137897,24.7334918472658
137898,29.108246035816
137899,36.136217824702
137900,24.2268236352615
137901,21.4574113544589
137902,21.4805823301462
137903,22.5043682894339
137904,23.7288473389643
137905,25.8259391372733
137906,19.9575605535654
137907,19.6629929525832
137908,19.4490676152537
137909,21.0908061257557
137910,19.4987307202488
137911,22.240644899389
137912,19.2480283708422
137913,19.0177340070467
137914,18.7958813667337
137915,20.7843297318079
137916,19.04868347132
137917,19.7440010997477
137918,19.1776965557053
137919,18.4205637497359
137920,18.8826698538745
137921,20.7632038025886
137922,18.8167230573707
137923,21.2243807758611
137924,21.5300746883339
137925,20.3554563077517
137926,20.834740162874
137927,22.7385701896654
137928,20.776918947756
137929,22.7199110568344
137930,23.7167722974364
137931,22.5598122407904
137932,23.2567994843398
137933,24.844533298574
137934,23.3032490515307
137935,25.6285369345943
137936,25.3850186982626
137937,23.8628898718845
137938,24.6838991520345
137939,25.8085269084126
137940,24.8765198333124
137941,29.1777552165578
137942,27.5791849156658
137943,25.8003066093197
137944,26.9527917715384
137945,27.8592526959013
137946,27.335544009009
137947,32.692939128272
137948,33.9633437856639
137949,28.9153831313202
137950,29.2615297324075
137951,30.5042862787213
137952,33.9691546755312
137953,46.8279247101908
137954,44.1393856043644
137955,36.4057237486337
137956,35.8398244456279
137957,38.0844172851718
137958,46.019806446055
137959,62.2561015467582
137960,70.3806378256951
137961,50.9069281906179
137962,44.4793146454168
137963,49.3739500731039
137964,76.021703481429
137965,101.700381032654
137966,57.7896497244902
137967,52.4648003718315
137968,46.8820588053625
137969,46.2556630972762
137970,62.7688267617339
137971,96.3236428915759
137972,36.2115431826118
137973,37.1886027256294
137974,37.170262679195
137975,35.9411936141724
137976,40.4602337000131
137977,68.4780291747835
137978,24.3578498491887
137979,30.4145485740965
137980,26.9054604627188
137981,31.6574713536828
137982,28.7584379909296
137983,52.4239321080106
137984,19.7670233142877
137985,26.3772985043016
137986,23.0913389793898
137987,25.8802136234001
137988,22.6444709505543
137989,43.165281307946
137990,16.2230798782346
137991,23.1147687654089
137992,22.2046553309996
137993,23.2950405252777
137994,17.6770994267769
137995,47.0383941563825
137996,14.9934484368992
137997,22.3629378897675
137998,21.43381146102
137999,22.6721290337493
138000,15.2294329184421
138001,43.5401256313872
138002,16.1320070220662
138003,21.6269172459718
138004,20.8435444499314
138005,22.3417866454371
138006,17.4704708659218
138007,37.2759073225666
138008,15.7561194424693
138009,21.3313408940947
138010,19.9613388633851
138011,22.0573678152798
138012,15.7198444962652
138013,33.3411284145561
138014,17.8604118907939
138015,21.1622258520262
138016,19.7481672279961
138017,21.8943522784173
138018,17.1968314510747
138019,34.5518718515331
138020,19.7840150238711
138021,21.3789333619255
138022,20.0305296346465
138023,22.1236611191429
138024,18.2827075847699
138025,37.5901106336612
138026,21.7253001676425
138027,21.5805961478101
138028,20.9441334854453
138029,22.4119776069784
138030,20.519572476407
138031,41.3060685679843
138032,23.07601967871
138033,22.4550025541575
138034,21.8533680429661
138035,22.5928485403398
138036,23.1781918086733
138037,41.8724017501771
138038,24.572398027846
138039,22.7308246543917
138040,22.4676198375164
138041,22.8393672047164
138042,23.9931343751675
138043,20.8744373087033
138044,19.2400321371287
138045,19.3669266961373
138046,19.186633227019
138047,20.5078663968744
138048,18.7381566035431
138049,14.5974635079522
138050,15.1499240127334
138051,17.4648366894681
138052,16.8596326710504
138053,18.6615138156101
138054,14.789647507106
138055,14.6208373282101
138056,13.9270326248082
138057,17.2971880594489
138058,17.3861854359009
138059,19.0814149491904
138060,14.1534520123421
138061,15.7711293898082
138062,16.4905271525483
138063,18.1166570755235
138064,18.931202570056
138065,20.8022846484428
138066,16.6872926801091
138067,18.4646998040204
138068,20.8839378623068
138069,19.6594896690924
138070,20.9254621174932
138071,23.046291486252
138072,21.0723103888017
138073,21.4722168147218
138074,25.26849803485
138075,22.334649909104
138076,23.707341073987
138077,25.3857539839716
138078,24.7556121283291
138079,26.5870460139605
138080,28.1903225574083
138081,24.9260302401355
138082,26.1008450439816
138083,26.8028851062733
138084,28.0596320229053
138085,29.5906701754714
138086,30.1785751002946
138087,27.0324703018251
138088,28.039234527046
138089,30.3353121125232
138090,31.3772665504478
138091,30.8737758799587
138092,34.49424275896
138093,30.698811338501
138094,30.5822157025323
138095,34.7043769944033
138096,36.2531817476286
138097,40.0136076367663
138098,48.1504562135022
138099,37.7788353746619
138100,37.0292838058955
138101,40.9762431356359
138102,51.989518575227
138103,62.0521899851198
138104,71.7291556857515
138105,50.3127193290836
138106,46.1552705289372
138107,44.6197155158901
138108,76.6607384851474
138109,89.922529738683
138110,54.0736855200916
138111,45.2507809923304
138112,46.2367830896211
138113,43.0658657467508
138114,57.2258895301147
138115,89.2442264776881
138116,27.8801121954868
138117,36.5621370265218
138118,35.917017440402
138119,34.7990945404191
138120,27.5121741178084
138121,54.8534594265173
138122,17.5338489614916
138123,30.6035844285521
138124,26.3904322261729
138125,29.5355076171821
138126,18.2488312286485
138127,41.258284615612
138128,14.5601168909301
138129,24.954686416111
138130,20.8523317110039
138131,25.1857170443596
138132,16.2794395936015
138133,38.2835680265482
138134,13.1812752684068
138135,22.4990174558691
138136,20.1912120758911
138137,23.4438127778098
138138,14.2657131284171
138139,33.9135834518454
138140,13.5610240874608
138141,21.2274781961956
138142,19.4727834013713
138143,22.6492447074888
138144,13.2508031265966
138145,29.1827347940811
138146,13.8923524909633
138147,21.2404043740838
138148,18.8582824557728
138149,21.0378893186453
138150,12.9515293922031
138151,27.121891767301
138152,15.349717844383
138153,20.9281085637198
138154,18.761058602426
138155,19.7244473373177
138156,14.3114630263271
138157,26.2138222588596
138158,15.5746738306009
138159,20.8842162806955
138160,18.846960607355
138161,19.7806899237566
138162,14.3653004189428
138163,29.0574396179436
138164,17.7712897109241
138165,21.2300707420765
138166,19.3727922692923
138167,20.9898524931767
138168,17.1404365687891
138169,33.4152840335498
138170,20.5020034073065
138171,21.743092741528
138172,20.208350885226
138173,21.7767109053545
138174,18.6927849526128
138175,40.1571861387873
138176,23.110838593182
138177,22.8020020575503
138178,21.0526787449859
138179,22.4542403366945
138180,20.8017806847347
138181,43.9267547374826
138182,23.4932761547818
138183,23.5393231635017
138184,22.0275958721264
138185,23.0204037347298
138186,22.4076035263922
138187,22.0992763054099
138188,19.0370341570874
138189,20.4138021713099
138190,19.1233610736809
138191,21.0586052984312
138192,18.1370277746712
138193,17.9560685935425
138194,15.1519056746129
138195,17.4962352375673
138196,17.5399544196259
138197,18.9886748599712
138198,14.7975321673634
138199,19.0939598632666
138200,15.4444294580819
138201,17.4739446535595
138202,18.1280983880992
138203,19.6036664828302
138204,15.8029112271448
138205,18.6309059750746
138206,17.8239783806748
138207,18.8190757706735
138208,19.0263294134821
138209,21.0946499514241
138210,17.8616846852751
138211,21.3198025823803
138212,22.0470184858411
138213,21.1549795069411
138214,21.295582242859
138215,23.727878178792
138216,22.1193413511408
138217,25.3721427896394
138218,24.7009153376293
138219,23.9853527563238
138220,23.5598564957931
138221,25.0739769341411
138222,24.8705251903781
138223,27.7815955357099
138224,28.5379804083331
138225,26.2679180712686
138226,25.3610794508665
138227,26.8020822047471
138228,28.1008156480242
138229,27.2395087965274
138230,29.6500680208637
138231,27.8463161296155
138232,27.2203194607379
138233,30.7072498142319
138234,29.5365180093976
138235,27.006557296397
138236,31.2681896263337
138237,29.3614012219133
138238,27.1209936794253
138239,31.9810769744152
138240,32.3665257530662
138241,35.9221761165937
138242,36.6333297286378
138243,33.7827516181503
138244,30.9405544344433
138245,34.9692100768075
138246,37.6491338379917
138247,49.635689891397
138248,49.7066324403952
138249,42.7453077263015
138250,41.7545262868744
138251,40.9723844211551
138252,50.5180635810897
138253,54.249852231123
138254,42.4132357832871
138255,40.8066352267932
138256,27.3655263175875
138257,41.9968659601921
138258,45.3614593350582
138259,49.2216955452103
138260,24.7196305795821
138261,33.2127703493852
138262,21.518517680215
138263,30.8389725644427
138264,26.9096960188643
138265,48.4140819862224
138266,17.6161452398516
138267,28.8616028806983
138268,22.2109639764709
138269,27.5789544067193
138270,18.9678469014344
138271,47.5722550382223
138272,15.106466338279
138273,25.021809101299
138274,20.3397195915908
138275,25.4070028748311
138276,16.3580012866208
138277,39.8075304784245
138278,13.5466104559169
138279,23.2174921143949
138280,20.6429326893144
138281,23.4505164762417
138282,14.2342714386635
138283,39.2449022354828
138284,13.9898922599987
138285,22.0284063104988
138286,20.0804604029694
138287,22.8440515982177
138288,13.8297557076067
138289,34.8367738404809
138290,15.3689363571686
138291,21.6429266020274
138292,19.3624157761652
138293,21.4119226683062
138294,14.8486456881472
138295,34.3930549984477
138296,16.3289045211968
138297,21.562391381007
138298,19.2856495516069
138299,21.3900302441371
138300,14.8698038008694
138301,37.960490474783
138302,16.5549648455687
138303,21.5707588453115
138304,19.5646820257245
138305,21.2901527481948
138306,16.2733923912579
138307,44.8252510609904
138308,17.7136894517386
138309,21.8193021500765
138310,19.8712359899474
138311,22.0805770049061
138312,17.7158271316333
138313,54.6540993466577
138314,20.7498920342403
138315,22.5594400637315
138316,20.7581224518074
138317,22.271487382006
138318,19.7278341808063
138319,67.865519991078
138320,24.7399635949401
138321,23.8335987497307
138322,21.877644478805
138323,23.1241864453224
138324,23.3550189455409
138325,72.4996616338905
138326,27.3261192410075
138327,24.6117302557429
138328,22.1569437474817
138329,23.8756811362667
138330,26.706518637932
138331,28.1085782348006
138332,21.472710927993
138333,21.2797052610908
138334,19.8682695259582
138335,22.0152950788954
138336,21.169515231126
138337,21.1964003102396
138338,17.0018778228098
138339,17.9369883238364
138340,17.8018774746159
138341,19.3329233894991
138342,16.318990060364
138343,20.114212681974
138344,17.2654527147692
138345,18.0908301160726
138346,18.1006965461256
138347,19.9156241328289
138348,16.815231721197
138349,19.9171398506186
138350,18.8182187233513
138351,19.0532055651804
138352,18.8106197121532
138353,20.610321392769
138354,18.1652707194642
138355,21.2932562615412
138356,21.9635137739877
138357,20.8403218224305
138358,20.3573540550787
138359,22.6238549905698
138360,21.8157309398336
138361,23.6951944732809
138362,23.8066465127509
138363,23.5461300290536
138364,23.0674526967291
138365,24.2741103596211
138366,23.9927838508707
138367,28.1182480032715
138368,28.0565901439813
138369,25.627345326703
138370,25.296653300262
138371,26.4193622940077
138372,27.4420184528417
138373,26.5364622082959
138374,28.927246292462
138375,26.9708424745229
138376,26.5970934217949
138377,29.6446914983754
138378,29.0907401840095
138379,30.7568913077312
138380,29.6147579023134
138381,27.5196866498583
138382,29.194400280645
138383,31.318165510142
138384,30.4833235266414
138385,34.5536298704746
138386,32.3175935721656
138387,28.9139290271214
138388,33.9316559575651
138389,34.4784425816256
138390,30.5332427640342
138391,51.8476392477819
138392,41.9029906120979
138393,38.5015311760051
138394,23.7370769881514
138395,29.8672615689288
138396,42.5764407123495
138397,70.4394759889226
138398,36.0703357724733
138399,35.0706087847421
138400,34.6114498206946
138401,34.8603735503543
138402,37.2257448336067
138403,61.9569721372746
138404,21.1585206488075
138405,29.7689588550273
138406,24.9927796452808
138407,28.4390549262948
138408,23.4191328718146
138409,52.9103043400022
138410,16.3831929215791
138411,26.3507388817244
138412,25.5041328218467
138413,26.7821584602453
138414,16.9497073476831
138415,43.1370885200754
138416,13.1564167227105
138417,24.1749268759578
138418,22.4660010259984
138419,22.8951931330518
138420,14.3599542732608
138421,34.9749766532522
138422,12.4408522126728
138423,23.3348856450398
138424,20.8163155503248
138425,22.2457417640254
138426,13.1198597525809
138427,29.3152555518295
138428,12.1634023635937
138429,21.4354164167344
138430,19.6072330071488
138431,21.3466209070272
138432,13.4799860904883
138433,28.8158544543546
138434,12.8283270039387
138435,21.8868713050453
138436,19.220922264531
138437,20.9041576630936
138438,12.5446280650469
138439,28.8559350046285
138440,13.0800711122186
138441,21.3028697704715
138442,18.8644556255238
138443,20.5302715107016
138444,13.00271684415
138445,29.4795812400539
138446,12.9800988012165
138447,21.1473864527187
138448,18.8783725781005
138449,20.9449409970639
138450,13.002495286807
138451,31.1378547180281
138452,13.9811686884939
138453,21.2125684313197
138454,19.5509348721502
138455,21.1968763807063
138456,14.1045973308478
138457,31.7986775419846
138458,15.0547758431677
138459,21.487203975299
138460,19.8422795932022
138461,21.5111095660291
138462,15.8673380857227
138463,33.9755828328061
138464,15.8862595242026
138465,21.540244772162
138466,20.2973115086901
138467,22.1270659686773
138468,16.4888889070301
138469,33.3717637525849
138470,17.3315344154029
138471,22.1993971796743
138472,21.088590772543
138473,22.7223539921226
138474,18.2272169980827
138475,17.1310216525962
138476,14.0428726384445
138477,18.4833923175827
138478,17.632725328322
138479,19.4821643864683
138480,13.8409989995144
138481,9.80125075340469
138482,10.3498192105303
138483,16.3191073818082
138484,16.3348923998939
138485,17.9841319572629
138486,10.6332047558023
138487,6.49043761709565
138488,9.28798462737708
138489,16.8834319659946
138490,16.6537314486871
138491,18.973232986622
138492,9.46137853064695
138493,1.0856575895296
138494,9.15347843559968
138495,17.7057911601304
138496,18.2873617953476
138497,20.1829337830888
138498,9.96652879145807
138499,-1.52983104601357
138500,12.4329675549914
138501,18.4783117708244
138502,20.6389682037177
138503,22.1260692803142
138504,12.786967966675
138505,0.0156346052426599
138506,14.699584521857
138507,18.8804558673354
138508,21.8982472743848
138509,23.7188337434378
138510,14.0100539271238
138511,1.87900472064961
138512,14.926052645793
138513,20.1554649625768
138514,22.3384107574053
138515,24.3057949170778
138516,16.0435740899885
138517,2.72146114480389
138518,14.6446410334237
138519,21.1618017141561
138520,23.2640520699491
138521,24.67768236669
138522,14.5077749345052
138523,2.26385342130149
138524,12.7848210647754
138525,22.928166931932
138526,23.7024337515798
138527,25.5229176573809
138528,14.4396828952542
138529,7.14044270921089
138530,16.4473673026897
138531,23.925303452556
138532,23.5454530393847
138533,26.5688312982856
138534,17.2110816316615
138535,23.8705359367573
138536,23.693080520274
138537,30.9670132652657
138538,19.7266173757471
138539,26.0613804405657
138540,23.2853099804651
138541,36.2247736948004
138542,24.9343339115613
138543,31.4837905095732
138544,20.0511704580256
138545,26.3533480253438
138546,24.3837250613699
138547,31.3262743067079
138548,18.882885447042
138549,27.2125552059315
138550,22.2646057815897
138551,22.0174499533477
138552,17.0231877741252
138553,25.9241825827634
138554,12.933735492152
138555,23.523145700308
138556,20.4690343547727
138557,21.2358507186301
138558,14.6284221546449
138559,23.9829003916722
138560,11.4034149702137
138561,21.6930869885092
138562,19.5958266749034
138563,20.6382043493469
138564,13.9551587197183
138565,21.6636724032172
138566,9.35245092017719
138567,20.9181436044024
138568,18.3625652334173
138569,19.875785792224
138570,11.0372191910825
138571,20.9918384510195
138572,5.14624681683401
138573,20.4246389265915
138574,17.9698740600543
138575,18.9357654002837
138576,3.97046469011497
138577,20.2447701248043
138578,3.69657205399585
138579,19.9489671590389
138580,17.5336315460032
138581,18.6646631565719
138582,2.1154630638115
138583,20.099005526496
138584,3.00656045099717
138585,19.5072235010864
138586,16.8634202615173
138587,18.4347703519706
138588,1.72564965421732
138589,19.2891212590528
138590,3.74374566094366
138591,19.1564113231965
138592,16.9490092832336
138593,19.118230042982
138594,2.51060185311912
138595,18.5943491402712
138596,5.15923961854613
138597,19.1363723203363
138598,17.263044486428
138599,19.4851456459416
138600,5.60730604033998
138601,18.5225140473498
138602,7.01347619522754
138603,19.5588184521492
138604,18.4287334657609
138605,19.6477221777414
138606,7.34680988127587
138607,19.5785968878083
138608,9.52104199717702
138609,19.8665486657539
138610,18.772063475481
138611,19.984381286263
138612,8.15583283280642
138613,21.2585826014345
138614,9.08065455037569
138615,20.2042017579278
138616,19.0730501220568
138617,20.5739565447557
138618,8.97011712554776
138619,9.49403387951932
138620,4.62573946059047
138621,17.2933818120109
138622,17.1128182001402
138623,18.7110081583756
138624,5.04327699294268
138625,1.82149952979893
138626,-1.35346465630298
138627,14.7448050747124
138628,15.7832440922651
138629,18.1970951638356
138630,-1.83632216864651
138631,-2.92956210029591
138632,-8.19770020208814
138633,14.0226290114974
138634,17.3597116020123
138635,19.449239606927
138636,-7.03954280443237
138637,-3.90233569768155
138638,-8.73397873627771
138639,16.1934610813981
138640,19.3640561894038
138641,21.7226538802902
138642,-6.65062273976734
138643,-2.10521064049081
138644,-7.45286589633159
138645,19.1464118077395
138646,21.7640739657094
138647,24.7328909340044
138648,-5.62409420715496
138649,6.19695806787719
138650,-2.49611273858815
138651,20.3216435652211
138652,24.0725134592133
138653,26.0976558919667
138654,-1.46468939993849
138655,12.6960343743156
138656,4.82408258386822
138657,22.2436380697458
138658,25.3814633182315
138659,26.691958633727
138660,4.56714526838914
138661,16.3716787216377
138662,10.0102329981269
138663,23.3024129153869
138664,25.7153694864866
138665,28.2997969011896
138666,12.2503157207861
138667,16.9718031600514
138668,12.5773276538121
138669,24.1878804188394
138670,26.5862167126266
138671,28.7658744101896
138672,13.9205601978934
138673,23.1610845400576
138674,12.4985293568016
138675,25.9036136381007
138676,27.5504834356839
138677,28.5555098752677
138678,14.0428447398848
138679,41.2444871374001
138680,21.0536233809013
138681,38.5486894959478
138682,35.4547187203426
138683,38.7887554945311
138684,24.4842787302995
138685,43.8094231592422
138686,21.2362224913443
138687,39.2278959661019
138688,36.5714887111806
138689,37.9995739376828
138690,22.9603140646975
138691,36.9042399973408
138692,17.3748472778961
138693,29.7053647656849
138694,24.7316000576245
138695,28.5605916849275
138696,18.0216779466044
138697,31.3022586368518
138698,14.3497028000126
138699,25.3949824227834
138700,19.8053247281401
138701,23.7585426246899
138702,16.2136429031717
138703,27.7803434303086
138704,11.9110090485198
138705,22.3131335035051
138706,19.251575584588
138707,21.8265664981098
138708,13.081630767117
138709,26.0977554713872
138710,10.5609827289977
138711,21.193697200359
138712,19.2615610221944
138713,20.8987691937998
138714,10.8915244784085
138715,23.5473048110576
138716,10.6365063567511
138717,20.2064400771694
138718,17.4230956000538
138719,19.6369475318889
138720,10.8730326915844
138721,23.0433613891864
138722,10.8353063942311
138723,19.6981482936891
138724,17.6437069343705
138725,19.1208261391607
138726,10.4868720276352
138727,22.829470033598
138728,12.1077759487461
138729,19.8226162397298
138730,17.8199337786648
138731,19.0442833106157
138732,11.0132711896916
138733,23.1454129190759
138734,14.0069975105441
138735,19.8408296476254
138736,17.9471825271519
138737,19.2139670974175
138738,12.6038602043905
138739,23.4837477632216
138740,15.7025478296754
138741,20.3157675234101
138742,18.5164612890261
138743,19.68026772226
138744,14.4085397448396
138745,25.9206228463982
138746,19.33501146605
138747,21.9000243727572
138748,20.0106158003471
138749,20.8691246494309
138750,18.5937156458034
138751,30.5693236027133
138752,22.5292452829274
138753,22.5669190450707
138754,22.0366913979178
138755,22.5669459090315
138756,22.3442844468425
138757,31.596191827057
138758,23.806917313769
138759,23.6518782016803
138760,21.8977999549931
138761,22.7867504825595
138762,23.5597736591016
138763,18.4462170860515
138764,20.3524307154774
138765,20.7047010766324
138766,19.7811117568309
138767,21.499675744827
138768,20.0165323396219
138769,14.5285627210036
138770,16.9695180724166
138771,17.8804999573266
138772,17.8834273918864
138773,18.764545307791
138774,16.6667990660015
138775,14.3804302209312
138776,16.7305541369949
138777,17.9906430446429
138778,18.0280064468247
138779,19.3904111755361
138780,16.9084982584096
138781,12.6723545743742
138782,17.5046408995539
138783,19.1158570691732
138784,19.0437867270418
138785,20.8520500392327
138786,17.4918406122372
138787,16.2210634315032
138788,19.4074106915935
138789,20.9434138077245
138790,21.6938294269353
138791,23.1472269630228
138792,19.415088467524
138793,18.4678635680923
138794,23.051338360298
138795,23.0860560499621
138796,23.3863223184582
138797,25.7756874263596
138798,22.7788001317213
138799,25.5047433946014
138800,25.5758990872146
138801,26.2537030136425
138802,25.867662341012
138803,26.3903408114585
138804,25.3185968688114
138805,26.8642143114452
138806,29.0257450958547
138807,29.0724618298456
138808,28.5658349460617
138809,30.3129525517069
138810,28.3945118123553
138811,27.5010495867264
138812,32.3471704766292
138813,31.1022831059862
138814,31.2941395800443
138815,32.9933293668948
138816,33.9099487292299
138817,34.5511828553847
138818,42.446682636103
138819,37.236381046124
138820,31.5955952732056
138821,37.2956456804393
138822,41.5754574094867
138823,59.3404775503616
138824,60.5961364511701
138825,46.8458832162541
138826,38.9729418355982
138827,43.4165961633585
138828,46.3044019306302
138829,56.7428149284599
138830,48.2605085323298
138831,39.2691906408033
138832,40.1047648558881
138833,41.161027155649
138834,44.7104875814194
138835,52.488551468601
138836,33.0537079015533
138837,33.4926909502451
138838,26.3462660370477
138839,27.5888950308624
138840,37.6949770676191
138841,40.1420061701739
138842,23.5271946434101
138843,30.9132431770465
138844,14.494199785843
138845,23.3274294688803
138846,28.4126926224292
138847,38.8981158049314
138848,21.9682704555506
138849,27.1887540174756
138850,20.0600535028742
138851,22.6245179407503
138852,24.4466520065849
138853,40.1287975107145
138854,20.0021565200618
138855,24.5595667406945
138856,20.7906454673406
138857,23.2779556765132
138858,18.8084024601384
138859,31.3830392640959
138860,15.3228375728236
138861,22.7346702604214
138862,20.5090218366874
138863,23.0159449665501
138864,17.2311185286716
138865,31.8832892757997
138866,19.3526996068507
138867,22.164579597331
138868,20.7915586220259
138869,22.7388432378081
138870,15.9131634533274
138871,33.430082548462
138872,19.4862866772221
138873,22.0950247595394
138874,20.7667237142685
138875,22.8175976966017
138876,15.3551916180638
138877,39.2137602482161
138878,20.3009803493693
138879,22.4432211008728
138880,21.0308902162997
138881,22.927680043755
138882,17.1691952699211
138883,41.9366573053647
138884,20.3479407336798
138885,22.700843997578
138886,21.1112014776428
138887,22.7272454621358
138888,19.6177922927044
138889,49.7633310481857
138890,21.0264316916936
138891,23.7986075413149
138892,21.5766055053853
138893,22.6790131436737
138894,21.4186312742357
138895,51.6282382405767
138896,25.1251268048236
138897,24.8252260163419
138898,22.2078959912952
138899,23.2906004872069
138900,23.4440431758554
138901,50.9153839693597
138902,24.1480368847616
138903,24.7777473732647
138904,22.3282168175483
138905,23.5995514840006
138906,22.0299251564266
138907,28.3129681899022
138908,19.3309582532142
138909,22.8041590232665
138910,21.1634294690088
138911,22.41832654145
138912,19.3076506460617
138913,23.5133880543595
138914,15.5720455262678
138915,19.9649452916751
138916,19.2308884250787
138917,20.7195732619718
138918,15.3614847247923
138919,22.5326476120712
138920,17.3063551307866
138921,20.3754599830434
138922,19.4490309903082
138923,20.7689582905715
138924,17.4496950941012
138925,21.999921203565
138926,21.3156996302184
138927,21.5241548641151
138928,19.039069895784
138929,21.4331708287978
138930,19.2345597937085
138931,21.2923577245032
138932,22.6183546608974
138933,23.6206336277313
138934,21.5603240661804
138935,22.9825364912279
138936,22.3068359707613
138937,24.5390379435862
138938,27.228046260759
138939,26.210365839671
138940,24.0936060553156
138941,24.9234162399401
138942,26.2053601250036
138943,27.3779072831941
138944,29.5238755062211
138945,29.4794514916153
138946,26.2256593469582
138947,28.3605635523705
138948,30.1084569061735
138949,27.3547525627863
138950,32.7338259433924
138951,31.8902918490491
138952,29.9909128414396
138953,31.28304105714
138954,33.7160697306248
138955,20.7398252340321
138956,37.0924304540249
138957,31.6836214850617
138958,29.3831880069507
138959,33.2401796135658
138960,37.0505415498043
138961,35.1967435188189
138962,43.7703609681965
138963,33.2670390721745
138964,32.1099108433051
138965,35.6620289760077
138966,46.222350431061
138967,58.2544144653953
138968,52.3836563425413
138969,41.0126335513085
138970,30.3957177847216
138971,38.4208545343101
138972,51.7056935209379
138973,71.1489394182149
138974,46.9015908486027
138975,39.3220549747555
138976,22.4400745292991
138977,30.8505863584535
138978,48.2752760033587
138979,75.5232029127793
138980,37.2164578536586
138981,34.1386005526906
138982,21.9477506752862
138983,31.8496703354666
138984,37.390071395352
138985,62.9166130412531
138986,29.287841001886
138987,31.3604098523551
138988,24.4973424173065
138989,29.3131766318947
138990,28.7814291771741
138991,53.2878290802719
138992,24.6093006519178
138993,28.1402598555563
138994,22.2337002354882
138995,26.809770670609
138996,25.366467388864
138997,42.3561123962793
138998,22.0921816128491
138999,25.2747482924432
139000,22.4699419908994
139001,24.7340853992213
139002,22.6777603852533
139003,54.4711450772379
139004,22.5997974246425
139005,25.3234184230902
139006,22.3021865355794
139007,23.9090296216179
139008,22.2462643021114
139009,57.9833788585961
139010,22.3383371983322
139011,25.1579723577553
139012,22.2024218867054
139013,23.4869507018456
139014,22.1744287681199
139015,60.3427308584955
139016,24.7313527212481
139017,24.9367008969951
139018,22.506981856283
139019,23.9604590449052
139020,22.4626396618189
139021,62.7158910379895
139022,26.2413753078122
139023,24.9138314260854
139024,22.3013925968927
139025,23.9932493100754
139026,24.2415814130449
139027,59.402755734458
139028,27.2595348060769
139029,24.5134459135592
139030,22.4786248065205
139031,23.9645130102469
139032,26.0143756504935
139033,53.3441984308658
139034,27.6298585399771
139035,24.9220733057963
139036,22.4114451896947
139037,24.1770218279442
139038,26.287978670928
139039,51.1150760086694
139040,29.7266435302518
139041,25.391262433675
139042,22.6525716648302
139043,25.2063445517967
139044,28.7751962826344
139045,48.5930859482402
139046,30.1537682264697
139047,25.1432231310425
139048,23.2287992321477
139049,25.7329658380472
139050,28.1434390823596
139051,26.2297741448143
139052,24.9346121198088
139053,23.1090107515163
139054,21.4793143472615
139055,23.2027887999055
139056,24.4098519096337
139057,18.1700058899162
139058,21.2211586707686
139059,21.077690487503
139060,19.6490977107945
139061,22.1314710645145
139062,20.4886444142347
139063,18.2742414311044
139064,21.5276147866581
139065,20.5561681138867
139066,19.5028241488294
139067,22.1099403614134
139068,20.6981546890074
139069,20.2170161925159
139070,22.7579774658801
139071,20.8432001902724
139072,20.2352128961829
139073,22.4511058858261
139074,22.8769775878168
139075,22.4980954659015
139076,24.6160525332418
139077,22.3129692723058
139078,21.3946407860026
139079,23.4662900386119
139080,24.0930569303536
139081,25.4499691292493
139082,25.4518383812921
139083,24.1744660244071
139084,22.4486856391125
139085,23.6441664151725
139086,25.0753300796516
139087,30.7903689326341
139088,28.5971902423963
139089,25.9854235098666
139090,24.7830758846334
139091,25.4924083971428
139092,27.8694822932935
139093,31.7162131456943
139094,31.1680950288473
139095,27.4052883776668
139096,28.7816279889564
139097,30.0300292581747
139098,30.1891304203461
139099,34.916189307841
139100,38.4466917727789
139101,31.567917587345
139102,23.4060982602208
139103,32.4305366852979
139104,36.611875150984
139105,40.8060998775632
139106,46.5136044768138
139107,34.5803853378
139108,16.6948299928746
139109,27.9742184870198
139110,47.0700053758134
139111,64.5164906915956
139112,61.8280388390092
139113,43.6720283467742
139114,37.0303722206455
139115,32.8378219093115
139116,64.7831200268147
139117,67.6130362496962
139118,52.7455513454764
139119,40.6153768874767
139120,31.9977002784308
139121,37.2107409427243
139122,55.8200004441386
139123,60.6211091056143
139124,41.2072570534775
139125,36.1626977653133
139126,32.5749579745347
139127,35.9590003523506
139128,42.2623639502643
139129,54.0986460117726
139130,37.2753557590944
139131,32.2856866620834
139132,31.2215548072576
139133,33.2952835495375
139134,35.4584658172804
139135,50.1998412975088
139136,31.7990367572547
139137,30.2844982133481
139138,27.7302215432731
139139,29.7963140050094
139140,31.6001161826152
139141,51.8038283219591
139142,27.150441451187
139143,26.5435004906769
139144,24.948593068033
139145,26.7940288087949
139146,26.4780237538022
139147,47.1559109835918
139148,24.7559553778822
139149,24.9406822266632
139150,22.5287661568133
139151,24.3428651152444
139152,24.7314602434436
139153,45.261674924178
139154,20.943290091415
139155,23.9779410823994
139156,21.6769654798072
139157,23.3270093741582
139158,21.5423990487059
139159,44.596179971645
139160,19.715510524184
139161,23.2801597740626
139162,21.4514261577844
139163,22.9665262178822
139164,20.260735334182
139165,44.3220385068406
139166,19.7532778708769
139167,23.0243698525519
139168,21.2496785192553
139169,22.855690259239
139170,20.0807751307069
139171,48.0185035588521
139172,20.8925654983112
139173,23.0928546674887
139174,21.2219123727405
139175,22.8699598071622
139176,20.2107572698053
139177,52.3262902044926
139178,22.7397918571606
139179,23.5816356837762
139180,21.6850425290361
139181,23.0990147582101
139182,21.5515902592876
139183,59.4199131924531
139184,25.8861676005479
139185,24.6047836089007
139186,22.3641300220485
139187,23.9927935354334
139188,25.2775375534467
139189,60.4581908676549
139190,27.3093552659065
139191,24.4576835973876
139192,22.3037305247637
139193,24.3947023323443
139194,27.1158591226696
139195,26.0465865551274
139196,21.7098748704836
139197,21.6561101664476
139198,20.707862158858
139199,22.4546863218435
139200,21.7883206533702
139201,20.4480905548915
139202,17.9898532185171
139203,18.2069928022858
139204,17.5494885441519
139205,19.6621519119647
139206,17.5439668572959
139207,19.5580509130371
139208,17.9004274451936
139209,17.9357937672349
139210,17.7506568340349
139211,19.7659323403297
139212,17.1186959279963
139213,16.9563253159128
139214,18.4919973133727
139215,18.3109371460113
139216,17.9261423550113
139217,20.1855645379652
139218,17.6190033689947
139219,17.7320466504681
139220,20.0149859588782
139221,19.7114965138925
139222,19.2710982588523
139223,21.9334778603993
139224,20.0077558044182
139225,18.8357294929475
139226,21.5732236924606
139227,21.2994364463344
139228,20.2487787660828
139229,22.7093133607481
139230,21.6514743105647
139231,18.9726264758268
139232,22.6231609884663
139233,21.6680815970762
139234,22.2283307552118
139235,24.0867482017435
139236,22.638153249263
139237,19.9614840849457
139238,23.3495103294416
139239,22.3652723770575
139240,23.9128377224291
139241,26.0986761663467
139242,23.4766873037126
139243,21.880779999029
139244,25.7053004176133
139245,24.0173609356071
139246,21.4415345763504
139247,27.4992198492541
139248,26.6231624155928
139249,30.222734874743
139250,33.8743828032561
139251,27.0292392863841
139252,25.3266381872436
139253,31.5443057268149
139254,39.4185033010991
139255,54.8271389040306
139256,54.5362510473055
139257,42.1966149042318
139258,34.4554262411587
139259,41.0891324623327
139260,58.0563281606134
139261,59.2031690392378
139262,42.8941500831217
139263,40.3110233320878
139264,33.825728377882
139265,37.7903334130471
139266,46.3366472036179
139267,55.916625863191
139268,31.0387510556051
139269,34.3522816812068
139270,30.0072773809141
139271,31.1608859191514
139272,34.2232027826562
139273,52.4499288560399
139274,23.8092568784656
139275,30.3960912283729
139276,25.7021776359556
139277,28.1521076355027
139278,24.587841507772
139279,49.6789535979361
139280,21.1937610905142
139281,26.9222161425372
139282,24.197093595071
139283,26.2436716574417
139284,23.3502504419261
139285,47.533681509146
139286,18.1178009453935
139287,24.6344633889608
139288,21.9978904114924
139289,23.5141373580107
139290,18.5541250539181
139291,47.3560893135882
139292,15.8821757023237
139293,23.0859982482202
139294,21.2123072479533
139295,22.8418023379057
139296,15.2290815698436
139297,40.0793727765749
139298,18.5481927396903
139299,22.4110599266957
139300,20.387833638343
139301,22.089995209786
139302,15.7783232801416
139303,37.2967799903853
139304,19.4825634090135
139305,22.0731696756984
139306,19.772531884748
139307,21.8807157495344
139308,17.3941133554238
139309,35.5594407532182
139310,18.8682498055789
139311,21.9683307051462
139312,19.7589507220929
139313,21.6776650773813
139314,18.9114256735734
139315,34.9609710093107
139316,19.0308574825046
139317,22.1559967182478
139318,19.8289765587987
139319,21.6847481072899
139320,19.5740355474408
139321,36.8525260178703
139322,21.3917966393523
139323,22.6264188983517
139324,20.6017440819705
139325,22.5884118972026
139326,20.4171474184184
139327,39.9580928627203
139328,22.5027371311869
139329,23.5395474535716
139330,21.2911733792382
139331,22.7482241433731
139332,21.9611923773004
139333,42.1461184562311
139334,23.0139550161587
139335,24.1179741654323
139336,21.5191975705996
139337,23.1308609131283
139338,22.9049588459125
139339,20.2384611402554
139340,18.6896945659438
139341,20.7728583904051
139342,19.2588569710529
139343,21.5071142279396
139344,17.9624868051103
139345,17.7285012165189
139346,15.5994463110082
139347,17.2926855324223
139348,17.2419033151673
139349,19.3076765897062
139350,14.7726009363519
139351,17.123289624507
139352,15.5569649432852
139353,17.1510503262658
139354,17.475659697515
139355,19.1407298803498
139356,15.0493424038235
139357,15.7214726607724
139358,14.9302337002058
139359,17.5375774162336
139360,17.6607466136465
139361,19.7529040231522
139362,14.4236002802138
139363,16.8006924038865
139364,17.1429416137532
139365,18.509334365842
139366,18.5380757782977
139367,20.506871314316
139368,16.8004964432724
139369,18.8081027714912
139370,20.2333571748181
139371,20.63937103342
139372,20.7490709789748
139373,22.4965102382517
139374,20.4169861528862
139375,19.3681184040131
139376,21.2278066563022
139377,22.3811178536803
139378,22.2966754597008
139379,23.4684038924336
139380,21.753881990948
139381,20.2784111269612
139382,22.1470484689785
139383,24.1490959313953
139384,24.2200043929542
139385,27.2198177504265
139386,22.3812937512314
139387,21.930990042098
139388,24.1448758851351
139389,26.3529011385981
139390,25.7046711574872
139391,29.554397859353
139392,24.9306788432004
139393,33.2094658409873
139394,32.477593640131
139395,31.740829940482
139396,31.2626543077918
139397,28.6698059700265
139398,37.4619845771468
139399,66.3986035261197
139400,52.0016693591746
139401,49.1424071911093
139402,36.8661815629049
139403,30.4057242157375
139404,55.7180344836638
139405,70.4849777910594
139406,45.46173277819
139407,42.155829836009
139408,33.6052826277231
139409,35.5093916260904
139410,44.2686196370606
139411,64.6412292353349
139412,29.6068274529351
139413,34.9470177945062
139414,33.3783246047144
139415,34.9151324648675
139416,30.7784164383531
139417,70.0756363016181
139418,22.5118284277013
139419,30.5353618625566
139420,28.1404235784529
139421,29.836449757044
139422,25.6827474295363
139423,60.466602546721
139424,20.3105906710943
139425,25.8256171840323
139426,23.2861290118609
139427,24.9081621858875
139428,22.2428844209873
139429,53.4290132206985
139430,18.8687852123856
139431,23.67748485991
139432,21.6677310439291
139433,22.5283251460854
139434,19.0163448710779
139435,51.0874999703587
139436,17.6487110002657
139437,23.4882992451439
139438,21.6588112615628
139439,22.5914083037917
139440,15.0421128099523
139441,38.8480496753305
139442,16.9226827952664
139443,22.4909234038388
139444,20.8756706491909
139445,22.4497573581071
139446,15.8105164687499
139447,36.4227162947834
139448,17.2890645748593
139449,22.0751096690594
139450,20.0655151017141
139451,22.0545450590607
139452,15.3837622222455
139453,38.6704411081109
139454,17.8271348382888
139455,21.8368422144715
139456,20.0501310144486
139457,21.9378035646211
139458,16.5214078956417
139459,40.6304884640186
139460,17.5172359731697
139461,22.0286453450375
139462,20.1586919489238
139463,21.975406088939
139464,17.2936393160654
139465,40.7170047698906
139466,20.2849856825653
139467,22.3133304623476
139468,20.4642674974813
139469,22.2970707615347
139470,18.9016086270245
139471,40.4982347984236
139472,21.4788478306962
139473,22.6301007004952
139474,20.744982926188
139475,22.3341159512127
139476,19.9557458916108
139477,40.3240097110519
139478,20.3618848994447
139479,22.7641205388843
139480,21.0963740323472
139481,23.1043487065313
139482,20.4576807118576
139483,21.5391155939179
139484,18.0889997254844
139485,19.9383867753884
139486,18.6000929770214
139487,20.4060631122524
139488,17.3074509773015
139489,16.1092524891099
139490,15.6393858240271
139491,16.6251982665746
139492,17.1583459470748
139493,17.9350490343829
139494,14.6440190334226
139495,16.2790074592304
139496,12.7163482000424
139497,16.7917452486261
139498,16.9404118353015
139499,18.679210082035
139500,12.5202513665651
139501,11.8364943588148
139502,12.8367885786282
139503,17.8876806726513
139504,17.762252336286
139505,19.2977987078723
139506,12.6312087043876
139507,11.3250640688847
139508,14.5276598736516
139509,18.337646406883
139510,19.0177403039362
139511,20.8452317748561
139512,14.135431587129
139513,11.027467759509
139514,15.8700823741874
139515,18.8007037295399
139516,21.3287898768603
139517,22.4503959603766
139518,15.3023182292588
139519,10.4830240044985
139520,16.0926417969556
139521,19.9510518265446
139522,22.5896921397097
139523,23.6719028470226
139524,16.3561438992064
139525,5.41532642380036
139526,16.5483831547326
139527,20.9435468469299
139528,22.9376018348791
139529,23.6700985702848
139530,15.3301755729077
139531,4.90787781262378
139532,14.8197766839643
139533,22.8142981221927
139534,24.9506892846196
139535,26.0153399451002
139536,15.4743496651641
139537,12.2096833186665
139538,17.1114084761314
139539,25.0222023637714
139540,27.0334713008043
139541,28.6072550365472
139542,14.9869592333809
139543,33.78322178072
139544,29.3401526960202
139545,37.5250371506944
139546,38.0816845569875
139547,40.7014786257214
139548,29.7525128330279
139549,37.7943714213419
139550,25.8164991815426
139551,33.9059426345648
139552,36.6106652812487
139553,37.8596581330049
139554,27.2912811162063
139555,33.1733504631308
139556,18.1062766969599
139557,27.8509729984141
139558,28.9573630098662
139559,29.8791726496391
139560,19.0299604136941
139561,28.5306982631294
139562,13.2585432315539
139563,23.8225404050268
139564,24.5246934851193
139565,24.2962858652106
139566,14.5747953341766
139567,25.7587608722737
139568,11.7731896047215
139569,21.5117460390936
139570,20.0556554343173
139571,21.8034052207096
139572,13.310184448955
139573,22.6436308572646
139574,10.3059345934862
139575,20.570084504128
139576,18.7261003741635
139577,19.6586069425496
139578,11.6262850939526
139579,19.1459007199367
139580,2.82731101890734
139581,19.3376690042442
139582,17.0498068503618
139583,17.6697486770078
139584,3.69242279616928
139585,15.9355630411876
139586,-1.26249622106219
139587,18.3668090633203
139588,16.2529078993416
139589,14.8836405789399
139590,1.05224509345749
139591,16.004057957699
139592,-0.161294048567662
139593,18.0170111161561
139594,16.0116674210726
139595,16.2385481591568
139596,0.242302134313693
139597,16.1205189471402
139598,-0.716684384979501
139599,17.7422930800873
139600,16.2893844288715
139601,16.5359988753902
139602,0.228259690180352
139603,15.6300354618615
139604,0.0491496740497972
139605,17.6793802157544
139606,16.5305208716322
139607,16.8721211671567
139608,1.96955252915188
139609,16.5989998717201
139610,0.762737871133211
139611,18.7944511164315
139612,17.04276007253
139613,17.1376902478375
139614,3.47253131530576
139615,16.795268805698
139616,6.19523873464495
139617,19.2480723612311
139618,17.1964854690149
139619,17.8316297915051
139620,7.71727624474316
139621,16.4827635641892
139622,8.8266308260839
139623,19.2259900892344
139624,17.4170645729779
139625,18.2569386053826
139626,10.6142068635626
139627,8.53840180427194
139628,10.6700500024008
139629,16.8323253434786
139630,15.8488281964599
139631,15.5517701344483
139632,11.4622675948535
139633,3.34144387576132
139634,6.22747649559473
139635,13.6550024900963
139636,12.6443758093069
139637,14.2369483314357
139638,5.26626664344509
139639,-2.72623729826701
139640,-0.585763401418955
139641,13.1243136978151
139642,11.7155189728015
139643,14.7193928375215
139644,-2.92739609997043
139645,-2.60796605629638
139646,-3.12329024534465
139647,13.2834653780293
139648,12.3298990717599
139649,14.3990068751741
139650,-4.95045735418153
139651,3.36813693857215
139652,0.463501929541408
139653,14.9974302314627
139654,15.6164841171513
139655,17.9608423920463
139656,0.708453128657879
139657,7.10239465025323
139658,7.41600238136959
139659,17.074818953321
139660,19.0423250656256
139661,20.9477018365887
139662,7.68635861875654
139663,13.5420961173823
139664,13.9070503472456
139665,20.5748052811612
139666,22.9605876369542
139667,22.3822355088926
139668,13.1049218727177
139669,17.3854656138515
139670,12.6483973032781
139671,22.196036788611
139672,25.9844776411477
139673,23.5910116185348
139674,13.6390585260689
139675,13.5974638699005
139676,17.9960296858557
139677,21.9153610795967
139678,24.9129023023673
139679,25.2218885452109
139680,17.7291092241736
139681,23.9188228340399
139682,22.6491271837428
139683,24.6002000611244
139684,26.4010281841028
139685,26.7820575092338
139686,20.1297486865829
139687,67.0818535012262
139688,32.037545956472
139689,33.0423488568068
139690,32.570053677337
139691,32.5838446752199
139692,30.6821647178908
139693,81.396510587155
139694,29.8714201295679
139695,28.1179192849863
139696,29.8297236834052
139697,29.9956614986845
139698,24.5958509113398
139699,77.202562749117
139700,25.3760307368874
139701,24.8355212936545
139702,23.8166351493266
139703,26.123482579055
139704,21.50240189863
139705,60.3731212071138
139706,20.5136844362725
139707,22.0417915359326
139708,23.1282953455839
139709,23.8424904296385
139710,19.6217392979395
139711,35.7299034732528
139712,20.2986664024548
139713,21.260620592418
139714,19.40962188187
139715,19.8957036801331
139716,21.5968354007407
139717,27.8429846999853
139718,20.7196930289937
139719,19.9766476311659
139720,16.5254685563486
139721,17.9460812702432
139722,20.5455494090564
139723,26.3289656445494
139724,14.5040178784064
139725,19.2493003314902
139726,15.7898299869295
139727,16.8756588465629
139728,14.6450347137311
139729,24.3019362090512
139730,11.9551562032509
139731,19.1123532051601
139732,15.6796837073445
139733,15.9134106819909
139734,14.0424308252142
139735,24.4763955219838
139736,12.1752393535672
139737,19.2328805069627
139738,15.6841769021976
139739,16.7556416459985
139740,14.2524461817338
139741,27.02326110814
139742,12.0288082950413
139743,19.3473968746341
139744,16.6705834485327
139745,16.3384729673557
139746,15.370280659436
139747,26.9418724728171
139748,15.5198714656356
139749,19.6722189467238
139750,17.5551093742873
139751,16.1465580718833
139752,16.4015265498764
139753,24.8850565531807
139754,17.9024626979691
139755,21.22005592598
139756,19.7524201781934
139757,18.0185578457355
139758,17.5968809793311
139759,25.7390306988357
139760,19.0789598402102
139761,22.808022459285
139762,21.434178507407
139763,21.3751677664422
139764,20.3471692066887
139765,31.5112821361483
139766,21.4310489707616
139767,23.4903730921482
139768,22.3581069752938
139769,22.1439518672149
139770,21.2012866272762
139771,20.2812763975498
139772,19.6109337935387
139773,20.9514948764445
139774,19.975275227811
139775,20.8248622982856
139776,19.2499465803896
139777,15.9226539038903
139778,18.4666240901334
139779,17.8579694975992
139780,17.9263969197326
139781,18.5574520433842
139782,18.2558238752312
139783,13.8107346974672
139784,19.2169451559891
139785,19.5241212756772
139786,18.0925898800272
139787,18.6124435855254
139788,19.6977548296538
139789,16.7722127483779
139790,20.2354957647089
139791,19.6928866129529
139792,18.9242031270447
139793,19.7738500456781
139794,21.9905353110017
139795,18.0555304814687
139796,21.8028188022265
139797,21.087118639437
139798,19.3564603526411
139799,21.0102912297645
139800,21.4034572001094
139801,19.7512686814559
139802,22.5343694851512
139803,22.7658510722298
139804,21.0732105980356
139805,23.1253504674856
139806,23.2389659062067
139807,25.9527033646162
139808,23.6651248441846
139809,24.5061432621177
139810,21.7425530970089
139811,23.982667535975
139812,24.2522504315963
139813,25.5760899146577
139814,22.9278866784243
139815,24.6668280136371
139816,21.4292491969229
139817,24.3151816368938
139818,23.5087275025181
139819,25.1039667593678
139820,26.3917027667751
139821,25.5209674492069
139822,22.093037848731
139823,25.1758193090354
139824,26.8133768858344
139825,28.0518118176877
139826,32.5921160894485
139827,26.3495801091858
139828,22.19937597998
139829,28.6573207004735
139830,34.4362784421184
139831,40.8309386827294
139832,50.7778656255287
139833,36.8197129203664
139834,34.646807776977
139835,34.7984367864965
139836,52.2963245051386
139837,41.4044511850924
139838,37.8674839542941
139839,33.5011496084374
139840,24.6749146852494
139841,33.4285048770092
139842,42.5915373244207
139843,37.9358421850159
139844,31.3555507248691
139845,29.4832229591991
139846,25.8124027427917
139847,24.7440273825386
139848,32.2920266793399
139849,33.4600338393034
139850,24.8456777014589
139851,25.8635992105742
139852,22.9940890107231
139853,22.8068317739258
139854,21.1366528073844
139855,26.7990402823664
139856,21.0473019239037
139857,22.919013382082
139858,21.3069960854394
139859,20.9811276269797
139860,18.3616343300371
139861,24.5205391707978
139862,20.6130406392788
139863,21.553100682625
139864,18.9252459880481
139865,21.0151817196524
139866,17.3611649221958
139867,23.1820286600674
139868,16.202359853868
139869,20.0779983485381
139870,18.2468199961889
139871,18.343389037443
139872,14.1218554987161
139873,22.1674724338856
139874,14.2755022562613
139875,19.7977522375162
139876,17.8493928322022
139877,17.9509396506149
139878,12.1689672222008
139879,21.5709128621181
139880,13.6699632438895
139881,19.496908104587
139882,18.01991300624
139883,17.094225623996
139884,12.3317879506788
139885,21.5299322923141
139886,14.7851499271483
139887,19.4890181238563
139888,18.3504851516428
139889,18.7210727174331
139890,12.5399125247559
139891,21.9108480973499
139892,15.1309887479302
139893,19.7424068623993
139894,18.6405927229486
139895,19.7760421525483
139896,13.3485428969847
139897,22.5646349528059
139898,17.7241683387645
139899,21.0385374353312
139900,20.0154709743255
139901,21.5099815340983
139902,15.6870306920285
139903,26.2350517632402
139904,20.7180818371907
139905,22.6068692733981
139906,22.1680355379346
139907,23.2718381034914
139908,18.7840425274881
139909,28.9135744659305
139910,21.8462861033472
139911,22.922873484185
139912,22.2353465182911
139913,23.7065191809968
139914,19.93727666648
139915,18.9826271678637
139916,18.0336609561837
139917,20.2921920103254
139918,19.5702758771551
139919,21.6549336788869
139920,16.7999086656419
139921,12.3613693647354
139922,15.2670036029722
139923,16.7425541615299
139924,17.2849593726788
139925,19.1450921050147
139926,13.1588995921863
139927,8.95370769901514
139928,13.1203727200528
139929,16.1073496651565
139930,17.6582509966372
139931,19.1208464910167
139932,12.5568813132527
139933,6.16968795042844
139934,13.1035877527569
139935,16.798753103249
139936,18.0118440224175
139937,20.1233418356554
139938,13.0265740975181
139939,4.41593199638346
139940,14.4791409166031
139941,18.1859719222199
139942,19.9788168237783
139943,21.8082940837249
139944,14.0156754002589
139945,5.30709247322515
139946,16.6550469478934
139947,19.1345740021291
139948,21.2127060759235
139949,23.549694145157
139950,16.4555619759959
139951,6.51490004478914
139952,18.6391708436728
139953,21.3468172710615
139954,23.4227205155234
139955,24.4609612462415
139956,18.9752816113721
139957,6.82755057772581
139958,19.3606789452349
139959,23.2464622036849
139960,24.9365528854603
139961,26.3868971823438
139962,19.6119037635774
139963,6.61940161267913
139964,20.5763470095336
139965,24.6610649249289
139966,26.5629500452358
139967,28.4755294736636
139968,21.4291750830411
139969,15.4417007281622
139970,25.5190781607399
139971,29.1813935059752
139972,29.2139161971087
139973,31.5937425321552
139974,28.5823105988263
139975,40.0088339242233
139976,40.3669143709093
139977,42.4348715293934
139978,35.0902422786049
139979,36.9660325639507
139980,44.0577636925665
139981,41.9556939487046
139982,32.2381570201785
139983,36.6217275559176
139984,32.3083077402611
139985,30.4046887590182
139986,33.9560012061229
139987,42.0809124642052
139988,28.2844200499479
139989,31.1718239547988
139990,29.6921589627445
139991,27.8564511513339
139992,26.7591729464674
139993,35.6904551214134
139994,18.6686705134442
139995,26.2929104105129
139996,24.4718587605918
139997,25.731263692157
139998,21.0059781089073
139999,32.4154772360774
140000,14.4289192284177
140001,23.5061531618386
140002,21.6597313080343
140003,22.6420363408792
140004,15.5748416809735
140005,30.8520842341823
140006,12.8363673999289
140007,22.0762815317857
140008,19.6229742913226
140009,22.1899191081511
140010,13.5684875435856
140011,30.1090620928018
140012,13.6635839436744
140013,21.1662582367062
140014,19.3173311437508
140015,19.8205398522703
140016,14.9620374963931
140017,31.1106666424215
140018,13.821893076659
140019,20.8245691707123
140020,18.9678498611272
140021,20.542467024684
140022,13.9871633984931
140023,32.0628470369819
140024,14.3140404277352
140025,20.748101593958
140026,18.8447379582021
140027,20.4221708356123
140028,14.4022129631946
140029,34.3193549638233
140030,15.671803529956
140031,20.8351958975398
140032,19.0050576468483
140033,20.5525073258467
140034,16.1582288550444
140035,36.0390269013905
140036,17.2927009872169
140037,21.3340442822257
140038,19.307641258008
140039,21.1864090109012
140040,17.5583980079273
140041,39.8917317521171
140042,19.0952481028843
140043,22.294274232851
140044,20.2418742490999
140045,22.3661669490584
140046,19.1376987959588
140047,45.2659702046342
140048,21.0115800362722
140049,23.3199894096907
140050,21.506050487442
140051,23.0708146931803
140052,21.2530223338755
140053,45.9535241651767
140054,22.0168071038392
140055,24.1258193347031
140056,22.0989300331253
140057,23.4048799222175
140058,22.1665190770889
140059,19.3878155702339
140060,18.8030738515802
140061,20.619876906602
140062,19.6352431710145
140063,21.8403620415688
140064,18.7427895486758
140065,15.2167605661272
140066,15.25919794504
140067,17.1418468057638
140068,17.5310650019374
140069,19.1978917010833
140070,14.7535614267118
140071,12.6335709135018
140072,15.4140730155088
140073,16.9675088904218
140074,17.3773601577503
140075,19.1280539543027
140076,15.2184775167755
140077,8.58651570696348
140078,15.2947938321032
140079,17.5119329347603
140080,18.3815142889884
140081,19.9340929031571
140082,15.2928908139128
140083,7.90601765842963
140084,16.8575773077112
140085,18.4920677752945
140086,19.3868260679767
140087,21.2689534269213
140088,16.9180681887012
140089,10.2295069392426
140090,18.9623001095647
140091,20.5666582705063
140092,21.4869963038125
140093,23.5437802114789
140094,19.6617529144883
140095,12.7747339512772
140096,19.4604668672778
140097,22.3048196899151
140098,22.9483055032973
140099,24.7597390837835
140100,19.9321974559822
140101,12.3082053458856
140102,19.1190866198488
140103,23.3733988529438
140104,24.1223078904356
140105,26.8993155056118
140106,19.941249238817
140107,11.9287374880751
140108,19.9769447674955
140109,24.4795226822576
140110,25.3723774084422
140111,27.5061845285953
140112,20.2883980793269
140113,17.9476285685286
140114,23.3593912592947
140115,27.8211799822623
140116,28.5003272486198
140117,30.0448426959091
140118,24.3655289241343
140119,43.1183882740749
140120,37.464034747695
140121,42.2584239930746
140122,41.0820988249183
140123,42.3710046197423
140124,40.3266221283739
140125,45.694182222887
140126,26.137774073489
140127,35.8024829471196
140128,36.0436163491231
140129,38.1489439834442
140130,29.1932197804412
140131,45.3925290098292
140132,18.9766777665259
140133,27.6070053200011
140134,27.730046289676
140135,30.1511331567933
140136,22.193302970237
140137,34.6132375972763
140138,13.5357595259739
140139,24.3785568439899
140140,21.2281821805179
140141,23.5355426372097
140142,14.6848249670428
140143,31.375853929334
140144,11.8939125704991
140145,22.5777396241986
140146,19.4416028257763
140147,21.8680956810118
140148,13.0919854663646
140149,29.5756888966197
140150,10.4191333435772
140151,21.203086686374
140152,18.9898279902714
140153,20.2737928250966
140154,11.8821909619206
140155,29.0697604512614
140156,10.5713689677092
140157,20.7359719366514
140158,18.5100653724008
140159,17.7908424742412
140160,9.63319478441892
140161,29.9357005834195
140162,10.6364024394146
140163,20.4705304766109
140164,17.9685023098707
140165,16.9955409201101
140166,8.74604924799268
140167,29.8599961630766
140168,11.1990552819487
140169,20.3310913926598
140170,17.3245475477712
140171,16.8508130809225
140172,9.19822632174989
140173,30.4570864917635
140174,11.6975076442863
140175,20.2951104562568
140176,17.278335964334
140177,17.2186209923719
140178,10.9751741767976
140179,27.5101849201963
140180,13.0735302944345
140181,20.3375384938797
140182,18.1518337730158
140183,19.5660808133212
140184,12.2852883107928
140185,28.07122144511
140186,15.6331432451566
140187,21.1905675403362
140188,19.9500102890099
140189,21.3879619973059
140190,15.7348042642685
140191,26.0626056177032
140192,18.3026754237336
140193,21.9271139020573
140194,21.9023932622532
140195,22.8200171881088
140196,18.4279372582205
140197,26.5676388160553
140198,19.3397355556027
140199,22.2358180032259
140200,22.03199102388
140201,22.7748539852661
140202,19.0499366119942
140203,15.6867394621307
140204,15.8169717986997
140205,20.2783189669624
140206,19.4150054885352
140207,20.6713970303368
140208,15.6290989778354
140209,7.35233609874104
140210,12.5098319334695
140211,16.950959543657
140212,16.5405940574079
140213,16.8418876945912
140214,11.8444595937933
140215,3.6531912875413
140216,11.132029763702
140217,17.2079397960531
140218,15.571595378731
140219,16.6394188528973
140220,11.2145514526305
140221,0.664411962512833
140222,11.0069299415055
140223,18.1343907689134
140224,16.2181010739168
140225,17.9375661699358
140226,11.4278962194652
140227,-1.13400275207285
140228,10.7392338633368
140229,19.3350921581856
140230,18.9488125759558
140231,19.9678737120642
140232,10.3618875648898
140233,1.89472510311647
140234,12.7726393625218
140235,19.7601579199924
140236,21.761829701854
140237,21.9871429680315
140238,13.0920355230453
140239,2.87386710789539
140240,13.1603552975859
140241,20.3341859110802
140242,23.5230339130041
140243,23.4475911030894
140244,13.5693722462045
140245,4.19232681599887
140246,13.8791565044505
140247,21.4270173120674
140248,23.9048217366255
140249,23.9672481079008
140250,15.085031805394
140251,4.68289410855674
140252,16.317146319252
140253,23.0920716898098
140254,24.6880051474061
140255,26.5223797675401
140256,17.0462030943962
140257,11.1519938842071
140258,16.1852583007345
140259,25.6966197030166
140260,24.0777609037434
140261,27.1145084549037
140262,16.1129643884527
140263,30.611050294804
140264,24.3698365416841
140265,31.1448831812686
140266,28.5423776453268
140267,31.8633317358617
140268,25.038005053825
140269,32.9363784602596
140270,19.5201345996391
140271,27.8742261729404
140272,27.6140679988325
140273,31.0781056558419
140274,18.7798428750417
140275,27.3574200213252
140276,13.8462960148394
140277,24.4224542436626
140278,23.8562653859733
140279,26.9448439136893
140280,15.3462581944706
140281,24.766662733388
140282,11.4925392423645
140283,22.4409899096305
140284,17.5822795666627
140285,22.1759555903936
140286,11.0751329746402
140287,23.2073558411595
140288,9.18088278114783
140289,20.9181120285852
140290,17.4001949910981
140291,19.2941809606789
140292,8.74560534643737
140293,21.7550725406824
140294,4.70910899725248
140295,20.8370124625924
140296,16.8876201956318
140297,18.0420922863333
140298,3.35295533114967
140299,20.3451492027423
140300,8.20710475466015
140301,19.9487279339666
140302,16.4347356108622
140303,16.2244915081857
140304,8.53387588550909
140305,18.5886350920795
140306,10.5385598921584
140307,19.5134869775726
140308,17.6574397347407
140309,18.0191526752678
140310,8.82557582025148
140311,20.5733523790454
140312,12.3261820572888
140313,19.9848268357423
140314,16.9802741601088
140315,17.5976915331742
140316,10.7798522100139
140317,21.3952294643722
140318,13.9703287123588
140319,20.3701359743035
140320,16.621077570878
140321,17.9007853850253
140322,13.3722192356572
140323,21.5374075949781
140324,14.9941057434674
140325,21.1508155884443
140326,17.5599489774342
140327,18.9540208979552
140328,12.2341280680835
140329,22.6425160789866
140330,18.3318709074705
140331,22.3242155182975
140332,19.8067049654123
140333,20.2902067359136
140334,15.4868967060241
140335,25.7105565814189
140336,19.2044321041956
140337,23.0186651581079
140338,22.0904612780103
140339,22.7911081790059
140340,18.1665892165473
140341,28.5464638722821
140342,21.807511203827
140343,23.5615996155403
140344,22.4911564077629
140345,22.8564699073097
140346,20.75890702843
140347,21.784117996793
140348,17.9563761820956
140349,21.0706711418957
140350,21.2738638088762
140351,22.0018492484928
140352,18.113554186017
140353,15.2279162544938
140354,15.358369139358
140355,17.7108411789878
140356,18.3754074413803
140357,19.3653736013914
140358,14.9074317562358
140359,17.4676805782215
140360,13.3000999238324
140361,17.8395578404894
140362,17.7193231859543
140363,19.4186136431858
140364,12.5596637531382
140365,18.2177068974604
140366,14.2494411982474
140367,18.9081419510074
140368,19.1282057931154
140369,19.9333793234108
140370,13.8732354004665
140371,20.3064790125253
140372,17.6262466478289
140373,20.3439042966487
140374,21.8451862309629
140375,22.7855545451164
140376,17.3257509085114
140377,22.480963186706
140378,20.5251125231688
140379,22.6290711860527
140380,23.8758208347053
140381,25.9610938541023
140382,20.2946606789747
140383,25.1492897645733
140384,21.7429053512869
140385,24.8636717209993
140386,25.2655609486081
140387,26.789512740477
140388,22.1685685418046
140389,28.2745692275551
140390,23.1512034918726
140391,27.3468144238051
140392,27.3321548902394
140393,29.0202730085846
140394,23.7219935512544
140395,28.2331074319169
140396,22.3701775626956
140397,27.133649286257
140398,27.572920180578
140399,29.4722264553174
140400,22.5125202294553
140401,40.9978165189933
140402,31.7239374608078
140403,30.3622650771165
140404,30.5674995338528
140405,33.2965694921108
140406,31.4067829014992
140407,77.1388277052428
140408,43.1631963372703
140409,37.3748361361767
140410,36.6897956499254
140411,41.9325444303945
140412,44.3331570462912
140413,63.8854379028192
140414,29.5870732919073
140415,34.0843634048356
140416,32.5565321959241
140417,34.8584549765546
140418,33.2091943616229
140419,52.5301848670859
140420,21.5223975603804
140421,27.4536056436568
140422,27.3998949582276
140423,29.6849701804031
140424,21.4185814346647
140425,33.3341170165096
140426,15.5235758893503
140427,23.9370447481999
140428,22.9334395852618
140429,24.7724437219962
140430,15.4839303683515
140431,28.2937594485294
140432,13.5291191324957
140433,22.7225232150225
140434,15.7146901095799
140435,20.1423441745941
140436,13.9037601695107
140437,26.1929837363135
140438,10.7293018241933
140439,21.5178040359506
140440,15.9250301923215
140441,18.1548054083288
140442,10.9535489479717
140443,28.4491359496827
140444,10.7569023787286
140445,21.3652795720487
140446,16.5232771157295
140447,18.2727927256468
140448,10.5211926609527
140449,24.9960702840343
140450,11.5072311780375
140451,21.2922208502046
140452,17.803262542515
140453,18.3255739629069
140454,11.82287481258
140455,24.0353247289885
140456,11.6917559844978
140457,21.2018659529012
140458,17.804845476471
140459,18.8261605798739
140460,11.0581975699717
140461,24.3804471235709
140462,11.1492489254578
140463,21.1444988337392
140464,17.8441150896513
140465,17.7025029657403
140466,9.00300361316261
140467,24.6319131252534
140468,10.9489198273968
140469,21.2425424910694
140470,18.116126467241
140471,17.8282435861891
140472,9.36962882918131
140473,29.5842370298888
140474,12.1944813743608
140475,21.5282591404312
140476,18.8801109300018
140477,18.0455352412745
140478,11.9165551028661
140479,29.8813027270757
140480,16.6375847316161
140481,21.9553203165787
140482,19.7801288386089
140483,19.0644056951072
140484,13.9328330702346
140485,42.6741074942624
140486,18.0860523230961
140487,21.3633044917787
140488,19.8453274699876
140489,21.096348629922
140490,15.5456974721032
140491,36.8353840317221
140492,14.5599330435148
140493,22.2725346420857
140494,19.6764486014249
140495,21.3197420064854
140496,12.3014771337415
140497,22.7096069780852
140498,12.3947932523709
140499,19.2651362138586
140500,19.0214127619968
140501,20.2507520812313
140502,12.003315076322
140503,24.0264740375355
140504,18.3828161926641
140505,18.668569345942
140506,19.1233308202549
140507,20.3442565660423
140508,18.0192147515281
140509,19.0984724676476
140510,17.3817637926356
140511,19.032456884553
140512,19.3255105102512
140513,20.2755360475022
140514,19.4965514531227
140515,10.6321281927378
140516,16.1701168992811
140517,19.0542066630812
140518,21.0840318646313
140519,21.9864534342195
140520,16.271081289637
140521,6.83731415035091
140522,17.0377386659513
140523,19.9459672680044
140524,22.0486416285204
140525,24.7187105005786
140526,16.8594775743471
140527,4.78110025037064
140528,18.7804212090058
140529,20.697443003794
140530,24.0811309485917
140531,26.8042794805258
140532,18.0110657336458
140533,4.95734378496763
140534,19.7309039317497
140535,21.0814475763911
140536,25.1957712117327
140537,29.2496934263838
140538,19.3486272778696
140539,6.55869657772194
140540,24.9091077431266
140541,22.8477243096798
140542,25.8307461947956
140543,28.5689964438052
140544,25.3131027866334
140545,13.6575565396699
140546,32.9002340498126
140547,25.7594050872855
140548,26.9280566923842
140549,29.4282869017024
140550,34.875193296544
140551,44.5025723263126
140552,37.7162412992162
140553,37.8480276247158
140554,31.1216035470152
140555,36.4623502790265
140556,43.6304996793222
140557,63.6336738832285
140558,32.7805990287166
140559,34.7399772397726
140560,31.581431703846
140561,35.6684209714131
140562,30.5389934688808
140563,65.8360640927213
140564,24.5811918667161
140565,29.629015984217
140566,27.9018210940266
140567,31.9917756292373
140568,24.881984248123
140569,61.4885227118956
140570,19.2840695677143
140571,26.3191413781672
140572,25.8326948965909
140573,27.5847615005623
140574,19.5311939458447
140575,48.9080692047144
140576,19.1362690260851
140577,23.406737285538
140578,21.6140246130773
140579,23.4524141997992
140580,18.2795140628808
140581,37.3542563767148
140582,12.7344142519777
140583,22.0137551777682
140584,19.9825293649294
140585,21.5737847997424
140586,19.3039840238118
140587,31.7772001036001
140588,8.64639695165096
140589,20.64294057506
140590,18.0849338719351
140591,19.2874884280555
140592,11.868200099446
140593,24.8855200912313
140594,10.1723070170466
140595,19.9159665341794
140596,18.0455120840077
140597,19.5725828478372
140598,6.10180340486305
140599,26.3149843583403
140600,9.32815876888056
140601,20.0245788507671
140602,18.0589066585457
140603,19.9304422597516
140604,6.42609929654785
140605,23.1515287337271
140606,13.3073627328936
140607,20.2714502717769
140608,18.6972510471794
140609,20.2088582016996
140610,10.919449981262
140611,22.6029502124034
140612,16.0768182429992
140613,20.6843185980456
140614,19.1712180240029
140615,20.6036353966518
140616,14.5450791634606
140617,23.1464516792455
140618,18.2028575377252
140619,20.677830221141
140620,19.5991780408606
140621,21.0844574063063
140622,16.6033694913659
140623,24.3798561084774
140624,21.5773349182596
140625,20.5887890620087
140626,20.3070917626773
140627,21.9530840115109
140628,20.2750843991402
140629,28.2605754011012
140630,25.4108887719405
140631,19.1519414548419
140632,21.5563284038055
140633,23.1819364039123
140634,23.3600962542993
140635,18.7639550308364
140636,19.203535188914
140637,15.7984140941411
140638,19.0960390977619
140639,20.8978195075671
140640,18.6849264188256
140641,7.26368497798132
140642,15.5275740992514
140643,10.6609272486206
140644,17.4456098192549
140645,17.5590924076473
140646,14.8922883395095
140647,3.91992028530545
140648,13.5185871594628
140649,8.83728273343151
140650,16.746529242381
140651,14.6433913772828
140652,13.4483945999081
140653,9.90677271241661
140654,14.0913653770434
140655,8.45055190138226
140656,14.3653426868958
140657,12.9712723127971
140658,14.0578526224756
140659,11.8210475978483
140660,12.7311795183025
140661,9.24764210103053
140662,10.9837180703673
140663,12.8134369562729
140664,14.5789500652951
140665,13.0907658493155
140666,13.2861543124547
140667,10.0070881731106
140668,13.4353966505095
140669,16.6736321200701
140670,13.1003670711692
140671,13.4847128990339
140672,13.7615487986539
140673,10.7522804002215
140674,17.1245610914975
140675,20.1640652380518
140676,14.4348877415656
140677,13.7287561476213
140678,12.4905817328858
140679,11.8585583137329
140680,19.3292261912849
140681,23.1613063806159
140682,13.1439487283592
140683,12.9097435895495
140684,12.2124302342519
140685,13.8524849536501
140686,19.9049686165595
140687,23.6203442039175
140688,12.9191973511301
140689,22.1644058062483
140690,18.3176378202709
140691,18.4140895612802
140692,22.65132256183
140693,23.7129951544136
140694,18.1009133735176
140695,49.8326272749019
140696,34.1805979143261
140697,29.6259094997941
140698,31.8658785904713
140699,32.8433058104399
140700,35.3243925183293
140701,56.1534302851033
140702,25.2968994953891
140703,27.0727222374208
140704,28.4315678542182
140705,29.7744301866119
140706,25.5387165230835
140707,43.3855168068092
140708,19.5670829702001
140709,23.6074144369175
140710,19.4411430660539
140711,22.980097869458
140712,20.4700346521408
140713,31.3621871256934
140714,13.5918777061483
140715,20.9471394450483
140716,16.7061620021819
140717,16.3853746534416
140718,13.2352682284218
140719,25.3529296026847
140720,7.05563001475952
140721,19.5922352472935
140722,17.6939894055235
140723,16.648983450112
140724,8.35569596073899
140725,19.1626854166055
140726,-4.19277424135826
140727,18.6934895238466
140728,17.5409533576756
140729,16.811087809963
140730,-3.8326311011894
140731,16.5141411084198
140732,-11.1601710701592
140733,18.3024113013839
140734,16.656700338506
140735,18.1367125712025
140736,-10.5903264354355
140737,16.0059356607402
140738,-12.9226459393563
140739,18.5771535327461
140740,16.697846590883
140741,17.5518179200395
140742,-12.7479981145896
140743,15.1174810814041
140744,-14.0372919543131
140745,18.2183679829448
140746,16.3380336214501
140747,18.1666248253698
140748,-11.7650076391617
140749,14.7951794981214
140750,-13.133282793351
140751,18.2262149214862
140752,16.4788256775116
140753,18.3631114112664
140754,-13.1517401024965
140755,15.0382711610198
140756,-13.5391634048176
140757,18.581211414693
140758,17.2236193377234
140759,18.4043604705703
140760,-14.4688920591643
140761,14.8527264204262
140762,-11.353558732509
140763,19.2984057868519
140764,18.5321138652396
140765,19.3849443652427
140766,-11.7828385452972
140767,16.0665178481504
140768,-5.39503168331553
140769,20.3705732639308
140770,18.4669358395714
140771,20.2611312606783
140772,-5.62075097795586
140773,16.5784259630332
140774,-4.00116069529635
140775,20.5578050903308
140776,18.2329462485076
140777,20.4081795347833
140778,-3.80345350010529
140779,8.43699681110818
140780,-6.73998853023844
140781,18.4179605905314
140782,17.0777394616317
140783,18.635194066762
140784,-6.15677041573279
140785,1.07722618861355
140786,-8.54716798290471
140787,15.2047004397911
140788,14.1890585689714
140789,15.9879646741714
140790,-9.4934097977327
140791,-0.902150068288879
140792,-10.6687634793552
140793,13.0941673650427
140794,15.2186119673508
140795,16.9865818823083
140796,-10.0271608802779
140797,-1.25562873629134
140798,-10.2909780961087
140799,12.9004931025951
140800,14.3710509760729
140801,16.4617838040859
140802,-9.80051542478729
140803,5.90713347148811
140804,-8.89209569078427
140805,12.9317604566608
140806,14.6324576134369
140807,17.1885879443445
140808,-8.53887767475872
140809,6.09787106090431
140810,-5.09235888124622
140811,14.3670400671789
140812,15.349533852185
140813,19.8826559654064
140814,-6.38351596126082
140815,8.94730553820123
140816,-3.34087588018237
140817,15.8277334802389
140818,18.3796585025235
140819,22.1150953032279
140820,-2.68112821536799
140821,10.9690425230701
140822,7.27135580950989
140823,17.2197706576765
140824,20.0860798239265
140825,24.6228969589603
140826,0.672489713600701
140827,10.728978308873
140828,12.5832221146371
140829,18.6343393178106
140830,21.9215825732405
140831,25.7517914437564
140832,8.44839060279962
140833,16.6918960527346
140834,25.2480357920831
140835,23.3742818260446
140836,26.605635802949
140837,26.2423456947446
140838,15.3514620519725
140839,47.4452063428308
140840,30.0756535198149
140841,30.7404558140772
140842,31.1300565697464
140843,31.7015076316481
140844,38.9146848753386
140845,62.943270636792
140846,18.9354409364616
140847,31.0173931550055
140848,31.0283156416669
140849,31.4019275040929
140850,25.1945074718192
140851,62.1181949594769
140852,15.5102372479139
140853,26.9791968274562
140854,25.3659841821154
140855,27.6673011379348
140856,17.0885046800862
140857,53.1620424880493
140858,11.8444037395776
140859,22.3595649927389
140860,20.3601261126002
140861,23.5893461403934
140862,12.4413142471901
140863,38.730856305974
140864,9.77495640531109
140865,21.0634437337931
140866,18.7221992346107
140867,20.596243444815
140868,10.6700160400013
140869,29.1535970120266
140870,8.88877566265415
140871,19.3621025049345
140872,16.5852056920848
140873,17.9060677061828
140874,7.75600778100422
140875,30.7946018453141
140876,8.72849058405712
140877,18.2165362321911
140878,15.3589313155186
140879,14.5729063484316
140880,8.02033266295888
140881,31.3953645474704
140882,8.47992412569745
140883,18.5525382739514
140884,15.2980354449523
140885,14.8656297359523
140886,5.84528126090658
140887,47.2614445627546
140888,11.9040828399202
140889,18.5472247965665
140890,14.1669352827976
140891,13.6253077216193
140892,9.26959085508334
140893,28.4021004146481
140894,14.1589570853988
140895,18.6695482451395
140896,13.8503389837944
140897,17.3609777387884
140898,10.4213714738298
140899,20.7336112187243
140900,15.6533131529638
140901,19.3630957588398
140902,15.3821425829512
140903,17.9385679627163
140904,11.4922415429844
140905,22.4574502254028
140906,18.8646119800278
140907,21.6430018296277
140908,16.8231429093511
140909,17.3913716337127
140910,17.2848268873513
140911,23.3696220087805
140912,21.4428221252954
140913,22.3840347010025
140914,17.366928577546
140915,17.4290769177916
140916,21.5939392243304
140917,24.9454605387244
140918,22.8370932802592
140919,22.6626069939961
140920,19.3950830494385
140921,20.4865839698902
140922,21.9994199986256
140923,16.8021159569421
140924,18.815333010805
140925,20.6101683587425
140926,18.875071143776
140927,20.1142048833157
140928,18.9653773125147
140929,10.0832382262948
140930,14.4922270426242
140931,16.7188483208601
140932,16.03148493319
140933,17.4455074907668
140934,14.2798433382645
140935,6.68007950492951
140936,14.7928762913519
140937,16.6167352554278
140938,14.9355326695956
140939,17.6687217323995
140940,14.5234944532522
140941,5.93160791252298
140942,15.9330062776265
140943,17.4782263410012
140944,16.3786668025253
140945,19.0290884762407
140946,15.4895118381549
140947,8.76454334175366
140948,16.5082911797918
140949,18.9278874175108
140950,18.9601429459039
140951,20.9120887036091
140952,16.2634496124524
140953,9.92770370038563
140954,18.0441698008258
140955,19.8567711174067
140956,21.6015790930277
140957,23.451363600447
140958,17.4462113526765
140959,12.9745494484265
140960,21.0692008513372
140961,21.1717045850414
140962,23.7726663198574
140963,25.7979759061793
140964,20.1553167786861
140965,15.6192107500184
140966,23.1921468935939
140967,23.2720691592953
140968,25.1933028071787
140969,27.6438980872624
140970,21.4231914248337
140971,18.8925003536407
140972,27.7084103701426
140973,26.0278849471087
140974,27.7009059984736
140975,29.8752358401788
140976,26.3500226265753
140977,31.1013032503722
140978,45.5512035871087
140979,31.5014880058342
140980,33.7547669417964
140981,34.1151262381209
140982,42.0873499843103
140983,70.5788752311013
140984,97.2691238165886
140985,50.8692044277362
140986,44.373492950351
140987,45.8576502271545
140988,96.775563428315
140989,80.9736394888384
140990,69.6008529564783
140991,41.1050203978571
140992,42.0352277600505
140993,37.9087336490629
140994,62.2359650920205
140995,67.7987554162485
140996,50.4864362704134
140997,34.5414863220545
140998,23.02003188744
140999,33.0933771826081
141000,50.7061921201126
141001,59.499097485131
141002,35.280851920381
141003,27.6123454891987
141004,19.7734382421706
141005,26.8649060918922
141006,33.0528618359244
141007,52.7101613110918
141008,26.5291813146578
141009,23.6664442943662
141010,20.6649786772526
141011,24.3375413482476
141012,27.5066150283268
141013,47.5703850376041
141014,21.8233522272954
141015,20.1405860498447
141016,21.3328636226958
141017,23.4839284725165
141018,21.7302549577697
141019,40.0848371525788
141020,19.5154537174629
141021,21.1088250595489
141022,20.726419931609
141023,23.3632106266421
141024,20.2471629164218
141025,36.6661833814217
141026,17.844028031901
141027,20.7588625034116
141028,19.1824131766656
141029,21.6447193957589
141030,19.158560939292
141031,33.7517944398116
141032,17.2795087406768
141033,20.3784306545058
141034,18.8385319304962
141035,20.4294786099964
141036,17.9637531189163
141037,31.3584904131373
141038,16.2081220280299
141039,20.1354122406403
141040,18.9690222711838
141041,20.6740287107055
141042,17.4557101000419
141043,30.9279547261171
141044,15.1632446349937
141045,19.5239366166232
141046,18.8986520732249
141047,20.6877641449464
141048,16.4020471478607
141049,29.6032045552435
141050,16.0488960768047
141051,19.9603353571013
141052,19.1900262521911
141053,21.6611684642342
141054,17.1442940179462
141055,30.1754491737724
141056,18.4623449127286
141057,21.0029409943739
141058,20.1199664635767
141059,22.2531577456143
141060,18.4998449964104
141061,30.1561154358585
141062,18.9645746493836
141063,21.05588730234
141064,20.0231805579898
141065,22.3355027805068
141066,19.1696845157182
141067,16.8947060638563
141068,13.8361555161947
141069,19.6946208343959
141070,17.8811245757727
141071,20.1384546074216
141072,14.7948709789609
141073,10.4845697125257
141074,9.65218929168524
141075,15.3201839362712
141076,16.0337104572096
141077,17.474274131297
141078,9.6922245423374
141079,10.0421293655488
141080,9.2562489224264
141081,15.8918092980713
141082,16.7967609614709
141083,18.7867841773768
141084,9.31274076853191
141085,5.72799729162639
141086,8.74615637887356
141087,15.6530683176799
141088,17.9757509420699
141089,19.9973958893718
141090,8.40414649682152
141091,4.5002091016327
141092,7.88059831956116
141093,15.9772989539303
141094,19.307270618177
141095,22.3219402210323
141096,8.32015548195403
141097,5.32205789740214
141098,12.116109312999
141099,16.7979436913134
141100,20.2891290371785
141101,21.8445943048512
141102,10.1312755662057
141103,12.3569516138833
141104,15.6652911211592
141105,18.4800038285666
141106,21.5839141484903
141107,22.8183263044789
141108,14.4700838573874
141109,16.9881188226847
141110,17.7146762206061
141111,20.1813857346092
141112,21.8848804680255
141113,24.3140320528341
141114,17.5595889234341
141115,18.7236674945721
141116,19.8825935244647
141117,21.4659760558488
141118,22.7064488470082
141119,25.0913406357655
141120,18.8398057305988
141121,26.9081785955617
141122,29.2966797048706
141123,27.2637226342771
141124,31.2358808400779
141125,30.9827911827093
141126,29.8144405172479
141127,59.4089778183473
141128,38.7422135341121
141129,36.338762099581
141130,38.3561360375854
141131,39.3470965445672
141132,43.6725725127535
141133,52.7516120079674
141134,28.8918156134623
141135,28.8742519629922
141136,30.6427462498452
141137,33.7067631380241
141138,28.9762872252426
141139,34.635982325596
141140,19.76696125209
141141,25.5329691416204
141142,24.7271936666483
141143,24.7132390101457
141144,17.8386478518399
141145,28.0929774763772
141146,14.0269499944255
141147,23.35658209556
141148,20.4988015621398
141149,21.5917669178122
141150,15.3747548926427
141151,23.6226295867119
141152,12.9080240861656
141153,21.0883840996854
141154,19.1240475880181
141155,18.2644105818614
141156,10.1584312305355
141157,22.7099657110644
141158,10.6449253866238
141159,20.8397237992098
141160,18.2997398787646
141161,18.8360337085992
141162,10.3996621586372
141163,22.6720561064398
141164,11.4955357123362
141165,21.0992961172256
141166,17.4010427474686
141167,18.7522617167143
141168,9.66908036290802
141169,23.5565333112292
141170,12.1892206813317
141171,20.9040904924745
141172,18.1914544877041
141173,19.3053044418771
141174,12.4688791779044
141175,23.1067320908236
141176,13.8059770613812
141177,21.0683556155616
141178,17.7266849023755
141179,19.2643727745607
141180,10.3407943950388
141181,22.260237434152
141182,16.4751627670998
141183,21.0311749858633
141184,18.1280764444426
141185,19.0482109065464
141186,14.5243994880532
141187,22.4245886184874
141188,17.690168944231
141189,21.4540559809798
141190,18.6053965527787
141191,19.2663480626512
141192,17.4975005683025
141193,23.9173993010885
141194,21.0707324179997
141195,22.1183248486065
141196,19.2697832141805
141197,20.7900557719514
141198,20.7335651330735
141199,25.6733630239481
141200,22.8034925129366
141201,22.1379863744781
141202,20.9205232498015
141203,22.150610600888
141204,21.5181176573957
141205,27.1387910520637
141206,23.6912922295829
141207,22.7672890033998
141208,21.1675343245263
141209,22.9230455128815
141210,22.5298789630374
141211,23.9032423752745
141212,22.5692217429931
141213,22.0270454622113
141214,19.7584943721927
141215,21.999158770473
141216,22.0608304703559
141217,16.6014309689859
141218,19.4470979073746
141219,20.5253349131333
141220,18.2479883880742
141221,19.9329699347441
141222,17.886448070361
141223,14.3359467766481
141224,19.3911944429172
141225,20.214024961703
141226,18.1342855461841
141227,19.5765843478282
141228,18.5243039790284
141229,12.2502311922269
141230,19.6289706978207
141231,19.368040143638
141232,18.0911989580654
141233,19.8072939152628
141234,18.9721193047316
141235,9.45047405795352
141236,19.6856187385894
141237,19.6687385577857
141238,18.7108091367745
141239,21.0036479265625
141240,16.440361316431
141241,7.39638429372941
141242,20.3384312504895
141243,20.0744913413416
141244,19.9662348148367
141245,22.1672998840115
141246,18.2352294526359
141247,7.05739530009124
141248,21.1259427473592
141249,20.5914964914354
141250,21.0169011729778
141251,22.9662621234608
141252,20.887668978759
141253,6.51933120900533
141254,21.9104102866141
141255,21.7699913691828
141256,23.0460156034192
141257,24.3243450074846
141258,22.5645558831019
141259,6.77373046481473
141260,25.8110586734932
141261,23.7455426646619
141262,24.0318860394029
141263,25.6212182775489
141264,27.458875589821
141265,16.3422543597501
141266,29.5386454131994
141267,26.4795409308094
141268,28.2976090047418
141269,29.5809737051016
141270,32.6179282763428
141271,30.2077332254853
141272,37.1138633868015
141273,31.6733217243349
141274,30.7833236086884
141275,32.4068057645538
141276,40.307875577529
141277,30.7850205548867
141278,31.6910544414707
141279,28.481431236345
141280,21.3648344718415
141281,28.5141306805244
141282,34.0784432950821
141283,27.6262445273591
141284,26.1319101573923
141285,25.2040833535102
141286,17.8633125669999
141287,25.3830487889902
141288,24.9704657122524
141289,25.9683077247376
141290,20.2438714608403
141291,23.7135573732868
141292,19.1840501732558
141293,22.456774219266
141294,19.4458515067855
141295,25.3444885632007
141296,21.0649583245281
141297,22.5226897787181
141298,18.3417229173311
141299,20.9488829598861
141300,16.8934678989518
141301,23.5123057021045
141302,19.1940611000958
141303,21.7032782837044
141304,19.0639950480707
141305,20.7106657346224
141306,16.5516887376284
141307,23.8752066587421
141308,14.1539646836411
141309,20.8955150851853
141310,18.9686071047746
141311,19.0646556610384
141312,13.0248000360806
141313,23.8061212196666
141314,13.4209808332104
141315,20.7407466054785
141316,17.2355738223158
141317,18.8787704368706
141318,11.513023707771
141319,29.0542270896462
141320,14.2376906532309
141321,20.6131752884636
141322,17.5469994293077
141323,18.754990659076
141324,11.4469290299492
141325,33.7258123417275
141326,17.9662248134427
141327,20.6125781094813
141328,17.5356579636837
141329,19.0254216833323
141330,14.9967895907124
141331,25.6740314035243
141332,14.146633863868
141333,20.9082729085775
141334,17.0961888983403
141335,19.1580899826551
141336,18.4750914683336
141337,23.3025481498519
141338,12.4719422490754
141339,21.3018056674278
141340,18.0756552852597
141341,19.5505633973147
141342,15.5696349358829
141343,23.3029068970782
141344,12.2258574410539
141345,21.6895671338443
141346,19.4825398304147
141347,19.9187922021843
141348,12.0629480542566
141349,24.4821135419276
141350,20.5748030296582
141351,21.6711711510205
141352,19.7577847614492
141353,19.9437006468584
141354,16.1116161350821
141355,22.1837365345183
141356,23.1534766925322
141357,21.1298931040874
141358,18.4241383434098
141359,19.2209475193161
141360,13.9792377842452
141361,14.4842598413097
141362,20.8951647518786
141363,20.353772084241
141364,17.1992308615165
141365,19.4233246296563
141366,20.2474585356947
141367,12.3369184100171
141368,19.8863739266946
141369,18.1197866688102
141370,15.4675651880121
141371,17.0021448523837
141372,19.1378241448429
141373,8.09418451990673
141374,18.4116278539692
141375,17.4921312819332
141376,14.2981376401509
141377,16.207158327112
141378,18.8090011384738
141379,5.74673427465184
141380,15.3591071317026
141381,17.9427007278311
141382,14.9530038582039
141383,16.7611652134548
141384,15.0517185476167
141385,7.1936224086637
141386,15.2292341116806
141387,18.7223949125977
141388,16.2749124903195
141389,18.4443723199475
141390,15.9275551113946
141391,9.39233326635095
141392,17.7217762076251
141393,19.9232829417731
141394,16.6628300657598
141395,20.4726907120384
141396,18.4046657379051
141397,8.40908392577131
141398,21.2617831432492
141399,20.9430518248645
141400,17.8804390688023
141401,21.2078599964324
141402,22.1091297968344
141403,14.2689663929738
141404,25.8208493492046
141405,20.3116886668788
141406,18.958196565611
141407,23.4979444535634
141408,29.628034735161
141409,39.030170921913
141410,32.194280482405
141411,21.6454147122996
141412,22.0464595593444
141413,26.1533014123164
141414,31.233012197816
141415,42.4001827822426
141416,27.5048995009531
141417,25.0373139835484
141418,21.035702474795
141419,26.2922079964721
141420,35.0053648368502
141421,40.9137889230353
141422,23.1342296116764
141423,25.3754662014963
141424,20.3616303438976
141425,25.7200370929731
141426,24.1923806276592
141427,31.1882925786361
141428,18.3466977118715
141429,22.3601438403407
141430,17.7581350944477
141431,22.6835548481617
141432,19.0338680521762
141433,51.661522078572
141434,17.7992057685898
141435,22.1710229448189
141436,11.7389824218593
141437,21.9909594804857
141438,18.1894905996617
141439,53.2786140836827
141440,24.8856918644958
141441,22.5465201182326
141442,9.18258240047196
141443,15.0612912972026
141444,20.5483071255648
141445,52.1308131366798
141446,24.0667899406291
141447,22.354983099707
141448,8.45757433379334
141449,10.8111858807589
141450,24.0116892450273
141451,51.2578704521377
141452,20.75955923455
141453,22.1412412172742
141454,13.3795393814696
141455,15.7583609608615
141456,24.2428254999825
141457,45.4409673828791
141458,23.6712681495982
141459,22.818528798401
141460,13.6025971742321
141461,15.634609104171
141462,25.2966669196668
141463,35.9511538169458
141464,22.5299921499399
141465,23.078670129645
141466,13.4907792503211
141467,13.2602789591023
141468,24.7856724273479
141469,33.3496124673528
141470,24.9531761054062
141471,23.2691751890462
141472,9.7696701534402
141473,14.1223097132922
141474,26.5206431312737
141475,40.0889326983176
141476,27.0140255696047
141477,21.6879893507936
141478,11.533912522825
141479,16.0753967622824
141480,28.2029341416005
141481,50.3141257720836
141482,26.8454473258704
141483,21.6085665045643
141484,15.1092834869107
141485,13.7436725786786
141486,26.6389601606789
141487,69.0445011727086
141488,27.1572092618732
141489,24.1731665910298
141490,14.6237605675127
141491,12.2950999279069
141492,28.1795426776269
141493,51.6310850411567
141494,25.5114913604294
141495,24.8895639239902
141496,10.4245227391854
141497,22.8726236747665
141498,25.8043451883487
141499,38.2370680498726
141500,22.0416570686681
141501,25.1800980408301
141502,21.0769066323583
141503,23.5116793710808
141504,21.3147257537919
141505,21.0461965800448
141506,21.5760397814347
141507,19.4050785952904
141508,19.3293719846275
141509,20.4789146876104
141510,19.918221094937
141511,18.5800163250982
141512,19.8653384630187
141513,17.8777833250187
141514,10.8243327377887
141515,19.4960575925975
141516,19.5859720602022
141517,18.3879081097527
141518,16.8327733818539
141519,16.2612243707751
141520,6.00774985378722
141521,19.4142374486398
141522,18.8227747052354
141523,18.3711882047421
141524,16.2271369710261
141525,14.5404092906637
141526,8.15836246807468
141527,19.9086123372729
141528,18.5147570163542
141529,16.6087637506385
141530,20.7192854506264
141531,15.7548976683306
141532,14.5238008766531
141533,22.2305832522356
141534,18.7024673541355
141535,19.8572628859975
141536,21.4619767443342
141537,16.2949872131024
141538,20.0964952118469
141539,24.8878787498977
141540,22.5155709446258
141541,23.7201744452363
141542,23.5081216484049
141543,20.5069273023628
141544,22.4955314602002
141545,26.1364260534141
141546,23.8121029321237
141547,23.2697529521739
141548,29.0394148560652
141549,22.886271606402
141550,25.5868294822556
141551,28.5883860397061
141552,28.2651614699142
141553,32.7698707906324
141554,34.5654724536869
141555,25.6289520862972
141556,28.2601752540973
141557,31.7262220242347
141558,34.0268559586498
141559,62.8754179806237
141560,46.8043158056645
141561,34.427026207315
141562,33.0518402023895
141563,36.6770535235871
141564,50.8097104914727
141565,92.3522746991905
141566,35.0598349697179
141567,32.126216201476
141568,34.0908940462649
141569,35.6741429100677
141570,38.6190338262246
141571,97.5311612416647
141572,31.8565478159622
141573,30.7447930902955
141574,31.1381718423511
141575,33.9508878347859
141576,35.449569089282
141577,102.341058964411
141578,31.0942347334775
141579,28.9153216036591
141580,24.2273431106891
141581,31.2166924449111
141582,31.2504483461344
141583,104.857407272506
141584,31.1592253474758
141585,26.593410049276
141586,19.6508255689785
141587,27.4966681446053
141588,31.967362271273
141589,99.5193374710627
141590,30.1401407703587
141591,26.1628324782303
141592,21.8896630369729
141593,25.6444177254253
141594,31.0423219289577
141595,93.8652854163529
141596,30.8551190934053
141597,26.0712346243666
141598,22.1718758215824
141599,24.6729061512068
141600,31.4100385978475
141601,78.4765991692717
141602,32.0625141725444
141603,25.9439154471893
141604,22.8120415117646
141605,24.379433714638
141606,31.105511361541
141607,76.1547301695812
141608,29.4498429129894
141609,25.9349358113235
141610,23.1387661153013
141611,24.0378539757093
141612,29.6526699228068
141613,68.6235829366476
141614,28.0393893771831
141615,25.4372600270939
141616,23.1684121266465
141617,24.1959332125974
141618,27.2510161949507
141619,64.4199947281927
141620,28.1056597017955
141621,25.4665436630648
141622,23.1941608310555
141623,23.6852839631805
141624,26.8813239200179
141625,73.5194804864253
141626,28.9096256870842
141627,25.3065378014713
141628,22.9386129063754
141629,23.7317320454242
141630,27.6131306136045
141631,78.4678673240041
141632,29.3059843748713
141633,25.4190452022005
141634,23.0729282553532
141635,24.1183762485656
141636,28.3340089071841
141637,84.1661702914593
141638,26.0225414555808
141639,25.7265026964206
141640,23.2044936093073
141641,24.4166172158632
141642,25.1950256237992
141643,55.3033438936676
141644,21.8375135385117
141645,25.2631458399073
141646,21.3441494706267
141647,24.1986682529984
141648,23.0091612191754
141649,24.8806595847343
141650,18.0593772452192
141651,18.6885030111666
141652,19.181930463425
141653,20.9493961299209
141654,18.0536657803524
141655,21.3179385475259
141656,17.106993428713
141657,17.8467929288794
141658,18.6731481032226
141659,20.2744218994132
141660,16.9625262113019
141661,19.2363301760763
141662,16.2798395862931
141663,17.6709317691542
141664,18.8678333781644
141665,20.4042810431511
141666,17.7030615473936
141667,18.922610716766
141668,16.248381059359
141669,17.6144526779745
141670,19.5795662284214
141671,21.4471894582115
141672,17.401661031419
141673,18.5455980572003
141674,16.8180969126419
141675,17.8045855825404
141676,21.1874027420735
141677,22.2214580371917
141678,17.206788876343
141679,19.1615147387568
141680,18.7509243911144
141681,18.3715831570234
141682,22.5436265814993
141683,24.128365236745
141684,18.2481626382512
141685,18.5810358571063
141686,20.1379814021329
141687,18.8168327497126
141688,24.003891564525
141689,24.8897736462029
141690,19.1498131844745
141691,19.7432952164131
141692,26.8483454018177
141693,22.8559597794804
141694,26.8515144013696
141695,28.2940887917502
141696,24.39020369764
141697,33.8557068995149
141698,35.0027491995309
141699,31.8093592158229
141700,33.6657008508636
141701,35.9649690412726
141702,35.9824616821262
141703,97.6019130448531
141704,45.6398438125162
141705,52.079263559105
141706,45.8140666871652
141707,49.7698029548142
141708,53.2713926234987
141709,99.6150068849204
141710,39.0727012077557
141711,35.7396637103794
141712,40.1121036793111
141713,39.2376517821355
141714,39.2204531020092
141715,92.1461065446449
141716,31.3587316539154
141717,29.2087399111528
141718,30.9562443171765
141719,33.5927423436229
141720,28.7164714756136
141721,74.9604108699721
141722,26.9363812513397
141723,26.1849647393255
141724,23.586542849432
141725,27.9505717408861
141726,24.5620765356569
141727,60.3599324989973
141728,25.0193945450182
141729,23.8838929600537
141730,20.8420996394425
141731,22.0277815233936
141732,24.7041869449637
141733,38.5785720166093
141734,24.4660896962734
141735,22.5509309568757
141736,20.4644096416864
141737,20.7697751520846
141738,24.4132942732485
141739,32.1826664029003
141740,22.6488270813601
141741,22.9960551740866
141742,19.2075072438557
141743,21.7198269439721
141744,21.4604838570295
141745,30.4651968007695
141746,21.6704010977484
141747,22.5612359030335
141748,19.1986982950409
141749,21.4299627870662
141750,20.9876877479654
141751,30.4823039643745
141752,21.0871451370928
141753,22.3215984534673
141754,19.3262067052011
141755,20.9558539968182
141756,22.2851588474377
141757,29.076442585144
141758,22.2907833953123
141759,22.1796861569536
141760,19.3770127948498
141761,20.4606751910604
141762,23.3823400508747
141763,30.5042384296883
141764,23.1942945583681
141765,22.1865873766064
141766,19.8525654043298
141767,21.3141158081618
141768,24.2955660688474
141769,32.3679983050026
141770,27.5400540804056
141771,23.298146998807
141772,20.7410114499063
141773,22.4382610659598
141774,29.3351956239536
141775,36.5294797838078
141776,30.9067439695013
141777,24.4065522484776
141778,22.1826003291417
141779,23.4853471204172
141780,31.0451383663805
141781,44.9367878117967
141782,31.2261073700533
141783,24.8030593643971
141784,22.5411161143816
141785,23.9448798340623
141786,31.0809422207991
141787,36.7834931188406
141788,28.7327274704312
141789,23.81109083256
141790,21.2914492763829
141791,23.8574518886407
141792,29.9682986687012
141793,19.8095774445943
141794,24.2852092520646
141795,18.4159438646553
141796,18.4668833497141
141797,20.2474744377541
141798,23.330864218805
141799,17.4680975088328
141800,21.059736999861
141801,16.796665435952
141802,16.7557395791267
141803,18.1865804392089
141804,21.350917416453
141805,16.1159356156067
141806,19.3339589911876
141807,16.0878525310982
141808,17.9016338771953
141809,20.3958731211672
141810,21.0828124718701
141811,16.6187040821433
141812,20.0005767525311
141813,16.963202880956
141814,21.5358641331025
141815,22.7268892251917
141816,20.6436787240696
141817,16.6806165610118
141818,20.4140810132963
141819,18.2689366673009
141820,23.1555830618423
141821,24.9295465418591
141822,20.6239382421745
141823,16.5693817592687
141824,20.0004772304154
141825,20.1106825897715
141826,25.0560955598084
141827,28.5421958274849
141828,20.3907082195448
141829,17.9516539198543
141830,19.9004814879871
141831,21.8232163989288
141832,25.6208854190826
141833,30.883299143298
141834,19.946241909763
141835,19.4708468488277
141836,22.2440538710981
141837,22.6506808105638
141838,27.0747991622084
141839,30.6352083903916
141840,22.6851938995233
141841,30.912752655051
141842,32.2079251237029
141843,29.3651299593179
141844,29.215443581278
141845,31.9073504421677
141846,34.7255401997565
141847,100.279990203506
141848,53.3421686787424
141849,39.812401466158
141850,34.5276766048677
141851,37.6766963604941
141852,54.4987970174665
141853,90.8156965593591
141854,33.5904446577375
141855,31.0780804634754
141856,29.5679751263914
141857,33.389702618472
141858,38.1453105886464
141859,80.9222785251258
141860,27.9020278424498
141861,27.2520512697172
141862,25.2377021339922
141863,29.6877273666992
141864,28.7039066332941
141865,67.8038207948848
141866,21.0049632953127
141867,23.5492149035686
141868,22.0258092108779
141869,26.251297131299
141870,20.7712363585782
141871,47.4554585137903
141872,20.2999416338499
141873,22.3521091727796
141874,19.4033401215426
141875,21.033079170785
141876,20.2187153725217
141877,34.3465019430471
141878,20.0255078864423
141879,21.0506155177035
141880,17.1259271481752
141881,18.2983124848862
141882,18.9238672419069
141883,27.9237289472144
141884,18.7691033271233
141885,20.9344794167401
141886,17.7919297246929
141887,18.1544524530817
141888,17.3858947832321
141889,28.4096067363701
141890,23.6373577858368
141891,20.3683234295628
141892,16.9073730694034
141893,17.8102536857216
141894,22.5269340081692
141895,29.2170416494995
141896,24.6679190748184
141897,19.6085827186257
141898,15.082656488928
141899,15.188920049686
141900,25.8082326469463
141901,29.5324559568868
141902,25.200096841545
141903,19.3319248375379
141904,16.0811591789683
141905,15.2024125964186
141906,26.7847330696168
141907,30.1592156556163
141908,27.3168971488144
141909,19.8467164196439
141910,15.9125997934729
141911,17.679834865807
141912,28.1309438524415
141913,42.4834923562665
141914,24.5186197603542
141915,20.2953960596181
141916,16.1925837232529
141917,18.5842910969407
141918,25.9210862061925
141919,49.6665529279488
141920,22.1099446759474
141921,20.634419396601
141922,18.0003540561449
141923,19.8152766238807
141924,26.1657902926326
141925,40.4457123664378
141926,20.3502748778509
141927,20.8507414530418
141928,18.0001662295776
141929,19.8635988646665
141930,21.3600232522992
141931,24.3727325993727
141932,16.1633378700082
141933,19.7423267050505
141934,16.0368555764729
141935,18.8572658018435
141936,15.678500443819
141937,2.1701856705856
141938,10.1771720178306
141939,13.8663308561099
141940,11.9516277232541
141941,15.9465178251645
141942,7.27010483098909
141943,0.940577164512217
141944,0.102811690425096
141945,9.6342357465159
141946,11.7342503263613
141947,15.4779390078387
141948,0.421163425948752
141949,0.397285607359827
141950,-3.2561466663806
141951,9.25843374641628
141952,13.1618922532008
141953,16.5718753858493
141954,-3.87220342618118
141955,-1.54556714328953
141956,-5.72714562107175
141957,13.2611799606892
141958,14.5686525036059
141959,20.4129740895157
141960,-5.03937916803824
141961,0.0460753986294442
141962,-8.65677460134879
141963,15.8085817040432
141964,16.0149343923831
141965,22.9588055939174
141966,-6.57890684088068
141967,1.5621922448214
141968,-7.32836917231931
141969,17.1573148138827
141970,18.5540023749236
141971,24.217217670281
141972,-6.1370948545528
141973,1.27212432506251
141974,-4.74061062234321
141975,19.5138266996535
141976,20.8617118013424
141977,26.0123335209475
141978,-3.69891777079766
141979,-0.388157662051633
141980,2.21611474700416
141981,20.4565442678813
141982,21.4966270390888
141983,29.6710245266763
141984,3.58518534468065
141985,8.23726138407516
141986,3.23585151125454
141987,23.1702367958876
141988,23.9554520414711
141989,28.271608770531
141990,8.52062680210049
141991,21.836168638945
141992,15.7714810192797
141993,27.9128554749879
141994,28.8135629722102
141995,29.8786269961305
141996,17.0721853452441
141997,24.8579434866178
141998,17.5167604446875
141999,25.3354160065295
142000,27.029806881293
142001,25.759919457304
142002,21.7989635322376
142003,24.4856177592072
142004,17.6630974639857
142005,21.0407284791506
142006,23.6057944190438
142007,24.4510061043097
142008,21.0877702798565
142009,23.964159783956
142010,16.7966607733057
142011,19.4116874350222
142012,16.8787463820767
142013,19.9381741308856
142014,17.6977455977375
142015,24.0938845325228
142016,15.1344230323338
142017,18.7893668894666
142018,18.3231497386842
142019,15.9143286550244
142020,15.8570422603868
142021,20.67234918237
142022,13.9566146114994
142023,17.6924976340252
142024,16.9426555387275
142025,18.2520631114621
142026,15.0590690083596
142027,18.0727404299599
142028,6.56072385738929
142029,15.2020706325545
142030,7.88616918993043
142031,6.21510486185366
142032,6.16052968829125
142033,16.298342751859
142034,-1.06659727353597
142035,13.8101913401229
142036,2.96993849350554
142037,-2.95608833285869
142038,-1.09974067436225
142039,15.1590526647824
142040,-1.93672165189248
142041,11.6027942883447
142042,-0.0667292967370621
142043,3.03917143102381
142044,-3.70642670897386
142045,14.2516404210041
142046,-3.34107134351478
142047,10.2362630297458
142048,-1.24027909950083
142049,11.5126507987981
142050,-3.79141552064293
142051,14.1275481680389
142052,-3.64968834747045
142053,12.5049012020539
142054,-1.92273119969156
142055,1.39195255380631
142056,-5.08018728753624
142057,15.5948332160713
142058,-2.9885060297242
142059,15.5378054753084
142060,-1.84385801996163
142061,9.19607921178399
142062,-3.34614500015855
142063,17.3553693076806
142064,0.371045452750742
142065,17.8606407220924
142066,0.828768783144749
142067,6.3824202881041
142068,-0.190741727890583
142069,18.2360228270695
142070,2.59628032376172
142071,18.6296123260723
142072,4.8030326215381
142073,3.6301415120036
142074,2.46070647976934
142075,9.33120794407904
142076,0.661801575982516
142077,14.3212813771493
142078,3.12744564366706
142079,2.51338796736777
142080,-0.178981730902905
142081,3.18641093723035
142082,-8.60288552158254
142083,5.34353754271581
142084,3.86143829227767
142085,3.91571343960439
142086,-8.02777072842265
142087,-5.36460730030045
142088,-14.9705077188692
142089,4.00658520484504
142090,0.0440158833836719
142091,0.61746620198079
142092,-14.966871526254
142093,-5.48093315194638
142094,-14.8636100270449
142095,3.90497359066091
142096,-2.46511688261885
142097,-0.381831346910189
142098,-16.2089750640445
142099,-5.99184816066215
142100,-14.423196193931
142101,3.76826788941273
142102,-2.42222501861303
142103,-0.725217863205224
142104,-15.6607391934572
142105,-5.84906737938083
142106,-11.3216487739056
142107,3.77937979528772
142108,-2.13574012343994
142109,-0.972285854481836
142110,-12.8260493299807
142111,-5.60963340052719
142112,-9.97000598265567
142113,3.81041080474574
142114,-1.83316521739154
142115,-1.26663812574822
142116,-10.880343763772
142117,-5.05640443840562
142118,-9.788452240864
142119,3.73733298679939
142120,-1.81375256164871
142121,-0.919305178146459
142122,-9.57949979497442
142123,-4.80742892466152
142124,-9.38129099326151
142125,4.26783146195501
142126,-1.67652810743692
142127,-1.08697454170431
142128,-9.02703749353527
142129,1.80010410903908
142130,-5.83158588369827
142131,10.6497885763016
142132,-0.898058969809718
142133,-1.4525413148963
142134,-4.31654546690745
142135,27.79593274177
142136,13.4254523172077
142137,20.8912748040587
142138,4.57704800469973
142139,5.07798123419268
142140,14.1738035219959
142141,43.6606909439759
142142,23.7101263078338
142143,23.0331009453299
142144,13.0352642696316
142145,15.4049004375409
142146,22.5068653793094
142147,53.6716785760299
142148,25.1693068810338
142149,23.4167028074024
142150,13.3403605158128
142151,19.1724807625419
142152,24.6077297708723
142153,55.6736299695245
142154,23.5046954944552
142155,22.7950901210438
142156,11.314323901556
142157,18.476509252379
142158,25.2927290503304
142159,60.4652136113974
142160,24.4763049167025
142161,22.3801823674614
142162,11.4639367845504
142163,19.7710070758848
142164,24.7302811605247
142165,68.0269806634491
142166,23.2887179581389
142167,21.5218383877539
142168,13.9139646266394
142169,22.4295991405307
142170,23.0889499795066
142171,82.7977292962505
142172,24.0463818857559
142173,21.5186187530241
142174,18.2183617237977
142175,22.6685218813191
142176,23.5321935724639
142177,83.3586173167746
142178,24.3202809275825
142179,21.3593703541097
142180,17.262719239802
142181,22.1004031276761
142182,23.6417469324213
142183,82.138169156545
142184,24.0992470558927
142185,21.8192611288286
142186,16.2579829242736
142187,22.7419298434281
142188,23.4985382142237
142189,85.8608868716311
142190,23.74819503396
142191,22.8813009657671
142192,16.9530439206844
142193,24.2697524591224
142194,23.1095139826285
142195,82.3088140050774
142196,24.2152512500431
142197,23.1952749456121
142198,19.4156872205684
142199,24.7030582724911
142200,24.1795187338516
142201,85.5945301656842
142202,25.8487218776338
142203,24.2373844356439
142204,21.106465879916
142205,25.7391966089826
142206,26.0903189054414
142207,96.7050208321488
142208,32.0778217950061
142209,24.7109545128137
142210,23.6576735310461
142211,27.6040523034779
142212,32.4406553004853
142213,109.266744551931
142214,34.2708237846482
142215,24.8956854110183
142216,25.2839779433511
142217,27.4039336658081
142218,34.2549601208957
142219,42.9544152185959
142220,25.9595153895176
142221,21.871396580765
142222,23.3769072817923
142223,24.282586589089
142224,26.2818695565624
142225,23.5243890768418
142226,18.0618124212432
142227,15.3591771632618
142228,16.2854372710083
142229,17.9594053634001
142230,17.1199773571898
142231,15.5369017172556
142232,15.3424807304078
142233,13.7419262092061
142234,13.9613977799515
142235,15.8064761878246
142236,14.8299728176323
142237,12.4623277369291
142238,12.2139240119174
142239,13.7198442074737
142240,14.2158338829439
142241,15.86636761733
142242,12.8002167490901
142243,11.1442220679118
142244,12.8357123728757
142245,13.2779716269286
142246,13.9505846410199
142247,15.7571899117928
142248,13.63957551796
142249,11.5639386697499
142250,13.0344764586767
142251,13.5108508363864
142252,13.7930039624342
142253,15.6560937044439
142254,14.0526048292422
142255,11.8392730691183
142256,12.8339453087306
142257,13.352440999464
142258,13.7701915091702
142259,15.4382243693999
142260,14.2175749667798
142261,11.8158510444692
142262,13.0571339203567
142263,13.5269754162095
142264,13.8946060016449
142265,15.471328952992
142266,14.3201478543949
142267,12.6557235680073
142268,14.795604278834
142269,14.5087326226829
142270,14.3866464127351
142271,15.7518882529011
142272,15.0266077079415
142273,22.7026028180622
142274,30.4814652933454
142275,22.5591178799389
142276,24.1972007396308
142277,22.1186980246227
142278,28.9446709510715
142279,53.2097942561367
142280,62.2680819069843
142281,39.2577611421107
142282,39.0133181647968
142283,41.6912927415436
142284,60.7196707836096
142285,53.1803520696291
142286,37.6472477373234
142287,34.1749878678723
142288,36.6457883732909
142289,38.0608825296513
142290,40.7042306262336
142291,42.4655893383269
142292,30.4957613768601
142293,30.7367990030041
142294,31.2240088610086
142295,33.9811935403144
142296,36.1053758155596
142297,34.6049242472687
142298,23.8491154457337
142299,26.6778988790166
142300,26.4241693777653
142301,28.5359362070354
142302,25.2904132343512
142303,30.2127634854243
142304,22.0165858031413
142305,25.0357303173106
142306,23.708321349041
142307,25.9120187699209
142308,20.631280504772
142309,29.1938000382549
142310,16.895794722377
142311,24.1907554362108
142312,22.0616032244234
142313,24.788226804711
142314,16.0423366342298
142315,36.4744118558932
142316,19.6345385499258
142317,25.6450389985451
142318,20.1985935811697
142319,22.61182122378
142320,19.0401277276544
142321,37.6634354036066
142322,22.2028561918879
142323,25.9077544761841
142324,14.1547713762927
142325,20.4562003376647
142326,19.5634348279985
142327,39.1618234242568
142328,20.5582121220318
142329,26.2313201352226
142330,17.785899412717
142331,22.8293517785923
142332,18.7305817477111
142333,39.7768147145527
142334,19.6322055870966
142335,26.3580230112562
142336,18.8641953909977
142337,23.1163834997015
142338,18.0402247882565
142339,42.3111851731308
142340,21.356142614893
142341,26.3568645561443
142342,19.1505650270547
142343,21.7961804081336
142344,19.1561786775186
142345,47.7812710843658
142346,24.251768778189
142347,26.6214896947923
142348,21.733857083319
142349,21.9956503844801
142350,22.007697556294
142351,55.8939092218021
142352,28.7503809700237
142353,26.7141111928799
142354,23.3327468960616
142355,22.7034261726616
142356,25.4379425997073
142357,58.6605765001627
142358,30.5866083624373
142359,26.3416096346799
142360,23.9231393134018
142361,23.9739894201002
142362,29.3644594751208
142363,31.130383102086
142364,24.578042843304
142365,24.1311619704318
142366,22.6908938327228
142367,22.8986097664467
142368,24.3414684831223
142369,18.0818999568191
142370,15.8979395249604
142371,16.924183585254
142372,16.4382946354281
142373,17.8616671809784
142374,15.7054123709407
142375,12.3260951184893
142376,15.4653377531472
142377,15.3402577636796
142378,14.8701683789885
142379,15.7917492898975
142380,15.2026328661588
142381,10.3714401780943
142382,15.0589096298837
142383,14.9282621591865
142384,14.4349649379402
142385,15.0172655083943
142386,14.7207523259837
142387,10.4591637421916
142388,15.174469665159
142389,14.4067679541778
142390,13.95920575684
142391,14.7088635541418
142392,14.9975330258305
142393,10.2505025079283
142394,14.918198483337
142395,14.6708366381196
142396,14.550226641771
142397,14.9056776995624
142398,14.7055634997421
142399,9.86925323819565
142400,14.2394311318576
142401,14.9153400178655
142402,14.2874593325145
142403,15.3169529883644
142404,15.3439870186909
142405,9.34302438936589
142406,14.4392264113171
142407,14.0528946954679
142408,13.9827857839383
142409,16.0300830199381
142410,14.2992690994281
142411,9.79530951689826
142412,14.6024362080552
142413,15.7175330409686
142414,14.6727210635236
142415,16.4737509570499
142416,15.2851470144008
142417,20.408888116743
142418,22.769345782804
142419,20.7712115754831
142420,18.4141579068514
142421,20.4351476291334
142422,22.6771208553523
142423,43.8465755370837
142424,43.8278828267938
142425,31.2439679460256
142426,30.4533695332719
142427,33.0064498851329
142428,43.2507355151424
142429,35.7775050880654
142430,33.0093700142482
142431,24.4906169308079
142432,25.5775876808884
142433,25.9333483196111
142434,31.5035156695688
142435,27.5236949134206
142436,23.960919444427
142437,22.3092561535032
142438,21.5523712453837
142439,22.0175478802837
142440,23.1249103571325
142441,23.5935074176149
142442,19.1934346793546
142443,20.9789391926787
142444,19.5745605713381
142445,20.9295414953675
142446,18.3046843851854
142447,19.9393208491413
142448,12.9058457346668
142449,19.0623674060665
142450,11.3609154868813
142451,18.7016730493391
142452,13.4482492781531
142453,17.9030153731208
142454,13.4426227147115
142455,18.3518556635041
142456,8.6877600409924
142457,8.47518119489678
142458,10.6408476854803
142459,15.987548266414
142460,12.0219991370976
142461,18.3941560605351
142462,10.7406652880995
142463,5.36819455435891
142464,4.32365642057782
142465,15.648340011546
142466,10.5255577448716
142467,17.9908372684971
142468,8.70338906695993
142469,7.38386867412191
142470,5.71205155121502
142471,16.6200491873015
142472,15.6554899037667
142473,18.8898702566444
142474,7.11067702220782
142475,8.13632514532175
142476,14.1685030973321
142477,17.1566676653327
142478,16.5573531675395
142479,19.1969430403259
142480,6.84481094527489
142481,9.06578594091301
142482,17.3559372140103
142483,18.7738567198167
142484,18.7513969216747
142485,19.5528995074844
142486,11.3713981170826
142487,12.5743857993475
142488,14.8978830883786
142489,21.2563181808599
142490,18.9281189752011
142491,20.9851048355992
142492,14.354145725341
142493,14.7329296868119
142494,20.1371870911356
142495,25.1078819291867
142496,18.9634055440081
142497,22.1440915271847
142498,15.6778487399047
142499,15.7328446360601
142500,19.4427570684857
142501,29.8530282010302
142502,18.4996016750976
142503,22.2422347298055
142504,18.8098614332187
142505,15.6616224914023
142506,18.1579545617202
142507,35.8580571835085
142508,15.1149674019295
142509,20.0427282781816
142510,15.020533949069
142511,17.8069745850095
142512,15.042374980615
142513,15.2515743678103
142514,11.3260433393707
142515,13.3153808869818
142516,10.4772298425319
142517,10.6706772724712
142518,9.3414507470545
142519,9.61237152122686
142520,4.90815034207309
142521,12.1669606449411
142522,10.4618708096711
142523,10.0004279706005
142524,7.77388342442229
142525,1.89096301165588
142526,2.1172788316486
142527,11.5781525135513
142528,8.36063911768527
142529,8.47553663567942
142530,1.75945095989442
142531,-0.553854191801623
142532,2.57361230697614
142533,11.7513104905635
142534,8.2604116365325
142535,10.6351138519086
142536,0.701563811087503
142537,-0.219367654922557
142538,5.58059307530047
142539,13.0579593103597
142540,9.79881142326468
142541,12.9884570284424
142542,1.51348431661407
142543,0.796573801508792
142544,6.61519978788045
142545,14.6118692425792
142546,9.63460874835169
142547,15.0779062716963
142548,6.23870833564782
142549,2.48275981535646
142550,8.60494401622259
142551,15.7967482998626
142552,12.3930724688232
142553,16.4217497620552
142554,7.58889638125001
142555,4.95004037974659
142556,12.8241784794052
142557,17.7717252291589
142558,16.0552717755956
142559,20.5744459579715
142560,11.9176882869613
142561,14.5907500115768
142562,25.2350630809278
142563,23.6657590616779
142564,25.2349870818093
142565,25.5676930244654
142566,23.6851366791903
142567,35.6805398858593
142568,38.7592384435492
142569,34.0575534781101
142570,33.3498005843303
142571,34.1792337412493
142572,37.2111031259613
142573,44.5966352419725
142574,33.1176770221784
142575,30.6872372446678
142576,33.2301007413667
142577,31.0589577084695
142578,32.1612858715271
142579,44.0560158408762
142580,28.6812306818091
142581,25.6142572856343
142582,23.8445053517471
142583,29.0142548887903
142584,28.6383490000428
142585,38.9183552642474
142586,24.577105779546
142587,22.815472614802
142588,12.2443886559714
142589,18.9479554330271
142590,24.9554601794474
142591,39.0432153686687
142592,22.1196736120056
142593,21.9493298128717
142594,9.66526809239709
142595,13.3657531903107
142596,22.2194522531571
142597,40.4608958894211
142598,20.9827604721761
142599,21.2563115883797
142600,14.1193277814314
142601,20.845082402613
142602,20.3403046248157
142603,61.2318006237907
142604,19.809571528373
142605,20.9022979749265
142606,15.9148022865347
142607,12.1980287096344
142608,18.116406787616
142609,75.0703837264653
142610,17.0035795786082
142611,21.226023403841
142612,6.70394647190572
142613,1.69992181400737
142614,17.8057009582519
142621,69.6076047453781
142622,17.6168257191325
142623,22.2200907583996
142624,1.7065860811648
142625,4.81496768744878
142626,18.373856486433
142627,70.887443210825
142628,18.4127363709315
142629,23.1598982156811
142630,1.05871294085437
142631,15.6799616502995
142632,19.1455910238029
142633,70.2428758622264
142634,19.4592680534726
142635,21.8408499435032
142636,12.9177784167529
142637,19.581912980018
142638,19.8313796270726
142639,51.6275801203017
142640,20.6023429456708
142641,21.1633220054479
142642,15.718543247027
142643,20.0521992542333
142644,20.5954619620674
142645,43.8085415612904
142646,21.7730535732596
142647,21.2972322104635
142648,12.8695011120917
142649,20.2767381781066
142650,21.5865208050238
142651,32.9438932096503
142652,18.1741283407075
142653,19.5375500381116
142654,5.83361404268421
142655,14.9601784741475
142656,17.3946623060332
142657,15.0060154857464
142658,9.78602835215357
142659,11.1218865981388
142660,3.69436837071689
142661,9.90046837358954
142662,10.6048336004408
142663,12.1444431377302
142664,7.03845771562753
142665,9.96040501138562
142666,5.40487332136232
142667,8.27439335153955
142668,7.98086418120135
142669,6.91149365516463
142670,6.61864230039055
142671,8.55781034789714
142672,7.74312250241229
142673,8.71692258041219
142674,7.11079086015879
142675,5.50062421506018
142676,6.37263100477813
142677,9.67005086495172
142678,8.2756441184021
142679,10.4179650389217
142680,7.80375608347665
142681,6.32226745227227
142682,5.76400292013837
142683,10.1853630437382
142684,8.87416481230732
142685,11.3966912193803
142686,7.42209240033034
142687,6.49508550198377
142688,5.40243620938376
142689,11.4228334494339
142690,9.85941703258587
142691,12.3450917828358
142692,6.79095325191492
142693,6.57141185521838
142694,5.22765828708915
142695,12.1727018054376
142696,11.2940078618802
142697,14.9248550376682
142698,7.03406824326984
142699,6.55567810780221
142700,5.80797004928161
142701,13.0954564835017
142702,11.9082921812986
142703,15.3592032637927
142704,7.068636956878
142705,10.7589226724353
142706,14.5225665573958
142707,18.2206654018847
142708,16.4875772538655
142709,17.8236373328848
142710,13.8219929712059
142711,45.1342384834726
142712,39.1499036554573
142713,31.7617152094824
142714,30.5611638292603
142715,32.6607469644901
142716,37.6304462696882
142717,43.4480841185952
142718,24.7010641051176
142719,27.0093351694613
142720,26.2523491855029
142721,27.9975709324218
142722,25.0863580645363
142723,31.8294233466465
142724,19.4431579992344
142725,23.6887092128642
142726,22.1811853196499
142727,22.8485456890228
142728,21.03387300885
142729,24.7563312615613
142730,13.150483734782
142731,22.123544295474
142732,19.2702537032583
142733,20.3749268904042
142734,12.6737353991732
142735,21.6390101496307
142736,9.58992982548305
142737,20.6326211063539
142738,17.378054091485
142739,18.6387915107977
142740,8.26209742678001
142741,17.354684222352
142742,2.52999659969752
142743,19.3507177304588
142744,14.8746786977302
142745,15.9835858438768
142746,2.48699838055661
142747,15.6686594879725
142748,5.17119446779081
142749,14.1119957743216
142750,4.39643054583203
142751,9.96384726699763
142752,6.29964314881056
142753,13.5656391786926
142754,-2.9604677224455
142755,15.7601350709241
142756,5.01778715483181
142757,9.69967576051909
142758,-0.782882500847659
142759,13.1243565096871
142760,-0.706889042104706
142761,17.940957341486
142762,11.039989468748
142763,14.5727836043487
142764,-0.77496028887245
142765,13.5312148573688
142766,1.43875361936122
142767,17.9595417918136
142768,15.0065800092245
142769,15.6226271978188
142770,0.91081977863978
142771,13.9621807292251
142772,2.64869597781239
142773,18.1438089343314
142774,14.9408253318535
142775,16.2603547682553
142776,1.45365982677997
142777,14.9474887392718
142778,5.16705750196095
142779,18.3101164444299
142780,14.7613778672043
142781,15.9878927622283
142782,5.96881254961856
142783,16.0547136309603
142784,11.5824322525767
142785,19.2787965716606
142786,15.9894182875255
142787,18.5757634297956
142788,10.9447110261178
142789,19.671314098263
142790,15.7638434640334
142791,22.2246145264866
142792,18.2934072858114
142793,21.2752595466667
142794,15.6383282925165
142795,14.3789681165482
142796,12.1170878096518
142797,19.6387879707505
142798,16.0831577715394
142799,19.7086473567315
142800,12.2886245275272
142801,3.48699904811714
142802,6.9232786543358
142803,13.8768991735004
142804,13.8930295366375
142805,15.2532334779122
142806,7.77886929369242
142807,0.367177111719634
142808,5.98735663554516
142809,13.2931537780474
142810,13.3931222446109
142811,15.1292591359536
142812,8.26573667265294
142813,2.19826194747045
142814,7.703065992503
142815,13.5906692204196
142816,13.540566677471
142817,14.6279743474681
142818,9.39957777988104
142819,3.83651704215734
142820,9.04174231872671
142821,15.9698868568831
142822,14.3468540534656
142823,15.8679325070408
142824,10.1229299959552
142825,5.70284278966046
142826,9.99823427996697
142827,16.4633765793612
142828,14.4309809424511
142829,16.0562584070543
142830,10.74255470293
142831,5.82423747433688
142832,9.16559291781122
142833,15.9811768581384
142834,14.4663363996695
142835,16.1879995135968
142836,10.1323529339963
142837,5.58792593016819
142838,7.99003311502475
142839,15.4706460129358
142840,14.2257196499817
142841,16.5911200732469
142842,9.62656303277792
142843,3.86957622655477
142844,7.04617831129949
142845,15.2633601905875
142846,14.5295943345978
142847,16.9041980241016
142848,8.02813641307024
142849,6.63145085359807
142850,15.8094459149263
142851,18.5123694935656
142852,17.6967910193498
142853,20.2645441417629
142854,15.7431646593432
142855,26.2307272163562
142856,30.670418685234
142857,30.5668517920544
142858,28.418895300637
142859,32.1561373111097
142860,27.8435769840419
142861,24.6075983871529
142862,18.5817016176654
142863,24.7376036405493
142864,24.2278913548321
142865,24.9623641155982
142866,17.8446032895466
142867,21.8036694085526
142868,8.79293371782087
142869,21.8630607301712
142870,19.6972242364326
142871,20.5987167607319
142872,7.14959364955392
142873,18.9144346137544
142874,-3.84811385021764
142875,19.9494665223916
142876,13.0006378354032
142877,12.7679732694756
142878,-4.80218923945296
142879,17.2578885741534
142880,-7.86241411818516
142881,19.1328982389609
142882,12.2793815545809
142883,9.4168871411475
142884,-8.46329411689621
142885,16.1800608565849
142886,-9.36087158979003
142887,18.4916720587169
142888,12.3916117752274
142889,8.69323227692528
142890,-11.136331883175
142891,14.7594527971618
142892,-10.9589927759641
142893,17.7936657791084
142894,7.00798297800207
142895,8.98105958124476
142896,-12.3559441179036
142897,14.6780054573975
142898,-9.91566868644829
142899,15.6131502465273
142900,3.74768326798015
142901,10.0886501252883
142902,-9.02383362373627
142903,13.3765237287947
142904,-6.60909275187039
142905,14.7784272115723
142906,1.83149654654548
142907,10.1872439906209
142908,-6.45914243861104
142909,12.8272712352715
142910,-6.07999328896071
142911,14.5899456557881
142912,0.00782020975917419
142913,10.7893068931767
142914,-5.95400581698195
142915,12.7762525766384
142916,-3.76791015727707
142917,14.6571701398401
142918,5.74076250160639
142919,12.006922005862
142920,-3.02822419924658
142921,13.1445303550294
142922,-1.94282099738105
142923,15.7105171494682
142924,11.4392877801535
142925,13.0035580131027
142926,-1.6903812581674
142927,14.1254183453501
142928,1.36507985862829
142929,18.3447544688702
142930,16.0604799799525
142931,15.2799159150531
142932,5.20139316182159
142933,15.2382656721979
142934,8.37118011418437
142935,19.6898292871482
142936,18.4825796097359
142937,18.6387919122212
142938,12.1530644174381
142939,13.8173080027402
142940,6.44868330506235
142941,18.5856584961937
142942,17.4606406883277
142943,16.6447887080148
142944,9.08601732063979
142945,0.692555125029443
142946,1.83897847387128
142947,10.8505261945859
142948,12.2653103890716
142949,11.5028145666296
142950,-0.00954812688769735
142951,-3.43055974001723
142952,1.43180736875082
142953,9.31497228097046
142954,11.0594704111182
142955,11.553739525052
142956,-1.23727109275137
142957,-4.05198319495205
142958,-2.16909174164679
142959,9.33463264853432
142960,9.88193437439041
142961,12.2748582266835
142962,-4.16090493227766
142963,-2.36977804346627
142964,-4.33079220445669
142965,9.30017339889921
142966,10.0310245607915
142967,11.8298722002888
142968,-5.15629165604538
142969,-1.36031909317666
142970,-4.73387740246924
142971,9.02571171415077
142972,10.2023856977294
142973,12.1149379883001
142974,-5.35508742028652
142975,-0.410460350636079
142976,-7.54988325644952
142977,11.053623590295
142978,11.3266414234204
142979,13.3723383773441
142980,-5.80059000505507
142981,2.21060945292258
142982,-8.21283680940517
142983,11.6769798566968
142984,11.3308527200416
142985,15.2685731904705
142986,-7.4307888255252
142987,2.80522294499603
142988,-9.03026701416577
142989,12.1318234436982
142990,11.5309847735036
142991,15.2148684064703
142992,-6.44337619320926
142993,5.81055093673023
142994,-0.984811486048226
142995,16.4144299528508
142996,15.8952183650988
142997,17.2612845395614
142998,0.588223649808882
142999,31.3530596678135
143000,23.2770786230811
143001,26.6195214951104
143002,27.0637470542708
143003,28.8461892805588
143004,23.8554315470404
143005,28.9819135230348
143006,19.4754508613741
143007,22.8734352165015
143008,20.9483287353779
143009,22.6612505880837
143010,15.5534547171417
143011,23.042762344956
143012,8.4325278742199
143013,21.3439642744895
143014,15.7802337108047
143015,20.3169727046411
143016,5.92458993021568
143017,18.884988034794
143018,-0.704130343010675
143019,19.4338038698469
143020,15.7301044989514
143021,16.3564645541966
143022,-0.172505312954247
143023,17.8137939497871
143024,-3.9195398593269
143025,18.5946375945238
143026,15.18260630745
143027,16.4621856346343
143028,-2.28871208364693
143029,16.7566198863233
143030,-8.56356131855841
143031,17.6867548696938
143032,13.4613294387795
143033,15.4520000484676
143034,-6.77348819157421
143035,15.7886544160086
143036,-9.04095515669494
143037,16.3727769910041
143038,11.8556493205713
143039,11.6482057522663
143040,-8.79120572309435
143041,14.2455389321579
143042,-9.10796419686537
143043,13.4213004269137
143044,9.77361130648669
143045,10.9142973482387
143046,-9.88403391982868
143047,13.4219569490459
143048,-8.31049542812348
143049,12.9821666807321
143050,11.6280834912419
143051,10.9291657967673
143052,-9.54386357459197
143053,13.2759816363247
143054,-2.61043278835926
143055,13.6002749607121
143056,12.9115254122537
143057,12.1663082570324
143058,-2.27987615935593
143059,14.0660087892765
143060,6.44396008038761
143061,14.7269349442841
143062,14.5006589830199
143063,13.4448649256179
143064,1.66822239332781
143065,16.4631214432594
143066,6.27566217097746
143067,17.169623046585
143068,16.2162218265286
143069,15.4297038072296
143070,6.29072125362115
143071,18.9613144284194
143072,9.35416897953275
143073,18.2990722702845
143074,17.2864247076466
143075,17.0462222534797
143076,7.60086079804141
143077,22.6781590547133
143078,13.0200030630799
143079,18.7870369662327
143080,18.3174328316185
143081,18.0915795314072
143082,10.7406410656207
143083,21.1799370601666
143084,12.307055015445
143085,18.5659925719679
143086,17.446493203854
143087,18.5557920909421
143088,12.1038885671264
143089,6.64575887155207
143090,8.7130253363358
143091,12.066408430725
143092,14.52712428544
143093,14.923507849485
143094,5.01587122640551
143095,10.3553029172721
143096,10.7331685598251
143097,11.7046316511797
143098,13.7608114436749
143099,14.5050519654632
143100,9.48654552309967
143101,12.3758961872619
143102,13.1943911954629
143103,11.8856341370187
143104,13.9597318161281
143105,14.2575209741417
143106,12.9011504552718
143107,12.9355193049899
143108,15.4607861958037
143109,13.3536536631424
143110,13.9400292699301
143111,13.4118789483563
143112,15.6827240598228
143113,13.7801452045213
143114,16.9565775706574
143115,16.0112323651392
143116,15.3707207226531
143117,16.7567476599409
143118,17.4011354602068
143119,15.8267345519368
143120,17.2844533630687
143121,17.3510234869073
143122,16.4205149470649
143123,18.7921712428668
143124,18.571435267255
143125,18.1406767198754
143126,18.9242672477792
143127,18.0465131233826
143128,18.4204534428861
143129,20.7624520775083
143130,20.1468529222116
143131,19.5153094958742
143132,19.8655155733998
143133,18.9794842186369
143134,20.552525022518
143135,21.8966443264429
143136,20.9122271984435
143137,24.8414490775263
143138,29.0784469257178
143139,28.1984840564728
143140,30.3575910194896
143141,32.5725295283671
143142,32.2526380952477
143143,98.1049013132649
143144,48.8097443971974
143145,49.6277583327623
143146,41.6008741209841
143147,42.4781812918879
143148,54.4366161012397
143149,112.340458404063
143150,31.1470586453158
143151,34.8803614566658
143152,33.5236469216345
143153,33.9866751438927
143154,28.5408534884812
143155,87.0811323418223
143156,22.8789262981812
143157,29.0392308302336
143158,28.5408539343478
143159,29.9257827856568
143160,20.8082794329587
143161,80.273720899882
143162,18.2507145624686
143163,24.7159735852306
143164,24.024353584035
143165,26.6239053606711
143166,17.9076328008466
143167,41.8314083009268
143168,17.3430278372492
143169,22.9201881488185
143170,17.7267125608047
143171,17.9973380648028
143172,18.3695011497938
143173,32.8695904262829
143174,18.2059226606472
143175,22.3318636444843
143176,15.3810274654401
143177,15.5812011578069
143178,18.445894615238
143179,30.3815488842399
143180,17.9872029540506
143181,21.7785800904753
143182,16.4550161082299
143183,15.181961363043
143184,18.4108121351558
143185,39.519392763682
143186,20.0265851600243
143187,22.1584083713046
143188,17.7403847643837
143189,15.2160904735028
143190,19.7440032928006
143191,38.0706691458963
143192,21.1364942728836
143193,22.1916527678611
143194,18.8095368850314
143195,16.3556479710552
143196,21.2555243215423
143197,40.417890898049
143198,22.3321401884483
143199,23.38053109521
143200,19.5760024729879
143201,17.8088389397926
143202,22.1488102916093
143203,47.8703707713773
143204,23.265181181431
143205,24.5434450736634
143206,19.7128696093185
143207,19.0614657472602
143208,22.6306455835967
143209,61.2016803386437
143210,23.2555168870995
143211,24.6765298828386
143212,19.8430940055646
143213,21.5309589786663
143214,22.6728806554181
143215,73.4165164276338
143216,24.2212539033593
143217,26.454514013907
143218,21.4682754187051
143219,22.4977371055004
143220,23.3755881496889
143221,82.1889664379015
143222,25.4972090103725
143223,27.4554923263172
143224,22.620328097238
143225,22.8109069237906
143226,25.0388050299487
143227,67.4145086499061
143228,25.6605111806191
143229,26.4603043435685
143230,21.9859227166301
143231,22.7090233877054
143232,24.3402106923352
143233,22.6595568585994
143234,17.3845290239219
143235,17.6655955880268
143236,17.886895366164
143237,17.8160810585262
143238,16.8415054690231
143239,18.7736553715293
143240,16.8430562824944
143241,15.9267825833368
143242,16.0702915944141
143243,15.7793520605901
143244,16.5469275052922
143245,15.2636034351884
143246,16.9311848019132
143247,15.3582451604648
143248,15.3510919153527
143249,15.0770860704665
143250,17.0043369094997
143251,14.7263018983665
143252,16.6512993186086
143253,15.9547968184404
143254,15.3273201775707
143255,15.8821392265147
143256,16.6244788623006
143257,14.3024272723963
143258,15.5189205226422
143259,16.9096596434647
143260,15.8728072916504
143261,16.9675226231088
143262,15.4552873271193
143263,13.5536046206218
143264,13.5913116995234
143265,17.6034048069249
143266,18.1072843227438
143267,18.9604595283205
143268,14.4993462689507
143269,12.8836809329254
143270,12.1177854165712
143271,17.8205851734452
143272,19.6184955013509
143273,21.0851642533202
143274,13.7896046551301
143275,12.053426629759
143276,11.5273948544683
143277,18.1653326974155
143278,19.6386272176328
143279,22.756762414799
143280,11.9165221635699
143281,17.3457047340796
143282,19.6468214163951
143283,22.0448696472213
143284,24.5465104005732
143285,25.7164340700026
143286,19.4503635930947
143287,59.3473030632956
143288,27.3749927171399
143289,34.5955362140871
143290,31.8975891439332
143291,34.0964564337303
143292,27.2081727002557
143293,56.4143608927402
143294,21.3781892122847
143295,27.628746489743
143296,27.2395985186896
143297,27.6537717208329
143298,21.3426853342624
143299,36.021803414083
143300,16.4927774549582
143301,23.5655606235292
143302,22.8407582120997
143303,23.8897960984409
143304,17.0647283286729
143305,23.9048963207051
143306,8.6260794857997
143307,20.7803599980044
143308,18.8856594664535
143309,20.6982809887844
143310,10.4728066286824
143311,21.9295567728658
143312,1.56560066728268
143313,19.7687864145912
143314,15.8478622373898
143315,16.5714086837897
143316,4.93233224595402
143317,18.4934552098258
143318,-4.83055463336224
143319,18.9833923670885
143320,16.2104398660386
143321,15.2509734559985
143322,-3.14649209471468
143323,17.6012539745763
143324,-7.83408605801307
143325,18.2447880368067
143326,15.9922617082991
143327,11.4427317979966
143328,-7.38542298278181
143329,24.2750990316057
143330,11.9366524442974
143331,17.6237618909859
143332,12.9639575698499
143333,13.8579159971166
143334,12.1259004469617
143335,30.5227243647953
143336,11.2749474816336
143337,17.0220319723434
143338,12.5848307060474
143339,15.4404671744213
143340,13.4926726221452
143341,40.6695494285512
143342,8.744199344267
143343,16.5441116882047
143344,14.880094818966
143345,14.888649063263
143346,16.5505475503005
143347,47.680617814552
143348,9.07534571513073
143349,16.688359809578
143350,14.0735019295287
143351,14.7977953653172
143352,16.8206892940452
143353,50.9580155850722
143354,9.37968060161465
143355,17.0742576738008
143356,15.1192103459224
143357,15.0580764907193
143358,14.0913886937349
143359,37.2722560478062
143360,10.1158165506647
143361,17.9393602199165
143362,16.8458865800525
143363,16.8436938037204
143364,12.6419579254352
143365,26.4883814464163
143366,12.1706081942926
143367,20.3049466396935
143368,20.0155522581927
143369,18.3487980900701
143370,13.0571228498027
143371,23.5323124249892
143372,12.3121615088125
143373,19.6670510454069
143374,19.6291003232635
143375,18.2914346302741
143376,12.4697200476791
143377,8.76233997514992
143378,7.42661027392222
143379,12.5858091653439
143380,15.5471687904255
143381,14.2635842672102
143382,6.9391751853839
143383,5.45857100534829
143384,4.07498925503069
143385,9.48582377727049
143386,14.5557487910613
143387,14.1435563138167
143388,4.40276980326506
143389,5.9033316202076
143390,6.65084297900516
143391,9.92092185787594
143392,14.599336759976
143393,13.7243014088065
143394,4.82505008856091
143395,7.97042390502555
143396,9.42727036922478
143397,12.0054730180259
143398,15.3204015993589
143399,14.7879569913311
143400,7.43180786846875
143401,10.7887874916189
143402,13.0624368552977
143403,15.0263335943556
143404,19.3642523114776
143405,20.6633236358577
143406,13.160851515565
143407,14.2386383845133
143408,15.9958498892953
143409,17.2532233083362
143410,22.7118959446101
143411,24.1997997649529
143412,16.1273661890997
143413,17.0798534027608
143414,18.8266497478058
143415,17.973632382203
143416,24.5632637270816
143417,26.3559557577693
143418,18.4514609720857
143419,18.3977700980649
143420,23.4105988744125
143421,19.7853358883144
143422,26.7832615983368
143423,29.2017162696719
143424,22.2494365267308
143425,26.0841994207642
143426,39.3031990420154
143427,30.1411200818848
143428,31.681120835671
143429,33.5046624598971
143430,35.965422730787
143431,72.9085932481159
143432,72.8286123488112
143433,49.1488770987756
143434,40.7818516853778
143435,45.460182351853
143436,77.0481730615321
143437,93.3518300476877
143438,49.60541386136
143439,37.433305051542
143440,35.7065052395412
143441,38.2974677020371
143442,51.4616886279056
143443,90.9686280267846
143444,38.8553914847965
143445,30.6298265637947
143446,28.7039644589642
143447,32.815755248545
143448,40.558031798835
143449,82.0290168822721
143450,33.4702114623948
143451,27.1981265428306
143452,22.2888897057052
143453,29.3658729131255
143454,35.3149382147248
143455,63.9587865845214
143456,25.0200647915767
143457,25.5054962086488
143458,16.5042073955086
143459,23.1189734911189
143460,25.8378763270634
143461,58.043045086335
143462,23.5113657054748
143463,24.30186621315
143464,18.5276463944852
143465,18.7324489877827
143466,24.1294274510996
143467,53.2511524734263
143468,21.4419325978022
143469,23.0113639135689
143470,19.8140382585275
143471,18.8230052213521
143472,22.6491646164656
143473,45.5561813799742
143474,23.4043868981042
143475,23.3155672352488
143476,20.5067866949557
143477,19.4336953085276
143478,24.622391902132
143479,43.2910451482666
143480,22.6421679858981
143481,23.5240481569736
143482,21.1259059763457
143483,21.1032171586388
143484,23.0768771935191
143485,42.3429449750996
143486,20.3058517416392
143487,23.5035978678036
143488,21.6925126385142
143489,22.3523034912378
143490,21.5721918555623
143491,44.6145822584967
143492,20.1185879112706
143493,23.4845174510826
143494,22.394959983086
143495,23.0636017931415
143496,21.662569116392
143497,47.1170514320572
143498,19.7791949213362
143499,22.9502735572431
143500,22.8629059966278
143501,24.3775624331868
143502,21.1630171303358
143503,41.5509044552648
143504,20.4103300721536
143505,22.37576636466
143506,23.0675636289698
143507,25.2868229371976
143508,21.7979277037325
143509,37.2897543725816
143510,23.495559789221
143511,23.2153641632639
143512,23.8295828516986
143513,26.1076310546542
143514,24.5376289841818
143515,32.1262021519371
143516,20.8118031066405
143517,21.8982187891484
143518,22.3837022759548
143519,24.3503797849161
143520,21.4019842255842
143521,13.3385975708781
143522,14.7845152779542
143523,14.4460050665039
143524,17.1348950411886
143525,17.6016560034211
143526,14.1514639166457
143527,8.15371935502838
143528,12.7290529165903
143529,14.140753353583
143530,15.7712757756682
143531,17.2978810559529
143532,13.7639576308005
143533,7.02478598976258
143534,14.3588498464642
143535,15.2011590228968
143536,16.1661939456358
143537,17.4538094404392
143538,14.3947518833254
143539,9.20548416419302
143540,15.0084213982414
143541,16.7513997294566
143542,16.8613009702349
143543,18.0623887460495
143544,14.77498314925
143545,14.2826144849135
143546,17.2454160226636
143547,18.8620450274914
143548,19.7276811996853
143549,20.9474387752377
143550,16.464375654822
143551,15.3706502185905
143552,18.1563433073278
143553,19.8019918236909
143554,22.3899298396058
143555,24.333412111897
143556,19.2134955639809
143557,15.2542725629873
143558,17.8480634905316
143559,21.1670744896325
143560,23.180634125672
143561,26.7311235190877
143562,17.3583913867716
143563,15.5983730498094
143564,15.3156408170384
143565,22.2003421901894
143566,24.0940565817118
143567,27.7206044816537
143568,17.5979959947358
143569,20.1922382366555
143570,14.8530775876552
143571,26.2833771456115
143572,27.9219927480178
143573,30.1433445029191
143574,17.2013851157234
143575,62.0294111860991
143576,18.3128967044622
143577,34.5391555735368
143578,35.5217942183904
143579,34.3978279989518
143580,19.251344468648
143581,77.9530980813453
143582,18.6544639612196
143583,28.3810103541006
143584,29.7363885189658
143585,29.3594941750229
143586,16.9135857764027
143587,51.7086289385871
143588,17.3704921211749
143589,25.6281825669136
143590,25.5237228636724
143591,25.2067797611682
143592,14.2590637542615
143593,31.8171134952139
143594,12.9160598486236
143595,22.4799458560424
143596,21.9160020239906
143597,22.2297108173686
143598,9.12737674474273
143599,25.0300387360131
143600,11.0958800652883
143601,21.3592378373088
143602,21.2809719478274
143603,22.0273207477893
143604,7.10306613095168
143605,22.1976439507382
143606,11.9349103810482
143607,20.4943154708726
143608,18.7815116515774
143609,20.8524800908403
143610,8.15520069750705
143611,20.0007423485011
143612,13.3345847102462
143613,20.0766412256317
143614,17.1007367777242
143615,20.7593250397595
143616,11.7465809735798
143617,18.6661524112415
143618,12.4981332345367
143619,19.4883688209103
143620,16.1617501162054
143621,19.6206858319294
143622,11.0451938257917
143623,18.2837022105995
143624,9.7961675449959
143625,19.231503278038
143626,17.1942173597611
143627,18.028813172375
143628,8.89809126788028
143629,17.7784513104431
143630,8.05987825961457
143631,19.1066115763378
143632,18.0204589403368
143633,19.0513955091228
143634,6.31424835298369
143635,17.4587773697458
143636,9.68704350391694
143637,17.1225594060362
143638,17.7219508514948
143639,19.8443024577117
143640,6.9688308812835
143641,17.7551102094824
143642,11.1774283562195
143643,15.2507294725293
143644,17.5966466498983
143645,19.365626958563
143646,7.46075591248871
143647,17.7412539984301
143648,11.6912833286509
143649,14.6934580832812
143650,16.9497655088746
143651,18.0323079270929
143652,10.7595694042871
143653,17.5973974498905
143654,13.2477410939511
143655,13.9253871598455
143656,15.9228197611759
143657,9.22071052437998
143658,11.7968321961564
143659,14.6533106866889
143660,11.3349192553865
143661,11.4642205107105
143662,4.91091108743651
143663,11.0498196691282
143664,10.9059124543894
143665,0.0182254984364612
143666,5.54624799276045
143667,5.26116680082191
143668,-0.659336836833244
143669,-0.354092289718572
143670,2.22975980283121
143671,-4.0483338714136
143672,-3.75440162657427
143673,3.99372284936583
143674,-0.248595647572404
143675,-1.53630622104394
143676,-3.51602013427071
143677,-5.77189232925537
143678,-7.10621085003938
143679,3.16235232895777
143680,-2.83290776482838
143681,1.55862770482433
143682,-7.79178981127932
143683,-5.87234333151629
143684,-7.52035367538261
143685,2.86288357467107
143686,-2.59750559873187
143687,1.8089993721005
143688,-6.41655066505638
143689,-5.39089981471959
143690,-7.43222405533645
143691,3.71095314299088
143692,-2.83203170596154
143693,2.47833275079924
143694,-7.61046318490087
143695,-2.8692566047161
143696,-5.11719301845217
143697,4.46294574501932
143698,-2.71974936059299
143699,3.60915079226945
143700,-5.35027012918024
143701,0.0748522382917152
143702,-0.517421465130035
143703,3.75102751147011
143704,3.56420924730876
143705,3.62087526434371
143706,-1.277096401814
143707,1.12775266240877
143708,1.44808380638841
143709,4.43554192739981
143710,-1.18267148754695
143711,5.13048299871359
143712,-0.1812161807105
143713,4.67407566832324
143714,8.78817949983651
143715,11.5764074792914
143716,4.89136065054838
143717,11.7862747282576
143718,8.24045022869852
143719,37.8487235844183
143720,32.1461826334493
143721,22.769686077619
143722,12.6142298732898
143723,23.3752045278157
143724,33.9124892025878
143725,55.7276310145376
143726,32.7401280292733
143727,23.5555438589453
143728,22.1142477747095
143729,27.6527079811982
143730,32.8024907019192
143731,57.6684644025419
143732,32.5986727740309
143733,23.7499114474176
143734,22.4883874591104
143735,27.1026293872544
143736,32.3251694756714
143737,49.8406060415977
143738,29.2944078775666
143739,21.4771412894095
143740,19.1814533250855
143741,25.8630108566107
143742,27.3232279752359
143743,45.4514286568675
143744,25.4111766286585
143745,21.6846170089742
143746,13.7099303011354
143747,24.5211407958175
143748,27.6954827317281
143749,46.2860692966203
143750,25.8987169781767
143751,21.1336414600926
143752,8.14375650475617
143753,19.3249490411631
143754,27.6611337688378
143755,49.7776074983701
143756,26.1100365112503
143757,20.6098383344737
143758,3.88677613785014
143759,13.1664887521787
143760,26.7216764278518
143761,50.8587539051138
143762,29.0147612310024
143763,20.9194210649427
143764,0.944058249843405
143765,8.44002026639294
143766,29.3492272217246
143767,51.4607397198169
143768,30.6869591635759
143769,19.3886448214353
143770,0.0318824450194164
143771,7.23978632896133
143772,31.3880564782768
143773,56.2954160729461
143774,30.7364847465251
143775,20.4263348893559
143776,-0.277644745825118
143777,7.4974218416338
143778,31.1933417548967
143779,48.9454649073573
143780,31.4271961607282
143781,20.9648296959976
143782,5.26702203738584
143783,9.39694438569454
143784,32.0420674704514
143785,51.1996402061932
143786,33.1984009107366
143787,21.819405962021
143788,11.3657693200932
143789,10.4743680985984
143790,33.5950995934274
143791,70.4527437685692
143792,37.3716700420925
143793,23.2530108756698
143794,22.0729827808025
143795,21.1019636202928
143796,38.059428377908
143797,89.9522281866448
143798,40.8477272963478
143799,24.5624635387984
143800,26.2206824244435
143801,24.7911760706488
143802,41.5945465840765
143803,75.7958092274409
143804,36.5067798499746
143805,24.0157337198419
143806,23.3932550548607
143807,24.5145203595876
143808,36.8006351863198
143809,25.9104128336927
143810,20.3222045089272
143811,13.6139781037902
143812,16.3514081045682
143813,18.5289851807305
143814,19.7161161510491
143815,17.4136536879563
143816,17.9219578981411
143817,8.11408517997939
143818,12.2053890665639
143819,13.3314517097647
143820,17.2487051925248
143821,13.098786251523
143822,12.9302348190595
143823,7.81233837944181
143824,10.3719833916775
143825,11.6113938398961
143826,13.3664126440691
143827,12.4428930876275
143828,12.454014226601
143829,8.02061836726815
143830,9.96300002660329
143831,11.6585831628195
143832,13.7206677405745
143833,12.0701896414726
143834,12.829008989665
143835,7.70128983500218
143836,9.26763424052399
143837,10.7362302834667
143838,13.6858945754923
143839,12.0466709042198
143840,10.9445795712178
143841,7.68850333177281
143842,9.14120668508922
143843,10.7628195259025
143844,12.1376458347926
143845,11.6823028827508
143846,10.3091052602105
143847,7.19346481176859
143848,7.99370994594284
143849,11.1977698955174
143850,11.1932085958876
143851,11.6621462788889
143852,10.0628260230717
143853,8.10246042312655
143854,8.32085296380313
143855,10.7478473566645
143856,11.8685088806768
143857,18.1673604338405
143858,21.0655570282926
143859,15.631033217132
143860,16.7056851387913
143861,18.3982350953755
143862,21.4806989039927
143863,63.5453377909183
143864,48.112618829203
143865,33.0435111815121
143866,34.0369286051263
143867,35.002446200989
143868,50.4573587533879
143869,61.6320669364324
143870,34.3379473527991
143871,29.2621934684716
143872,31.6536494056012
143873,31.3653127515632
143874,37.4030902439437
143875,47.3612456261421
143876,26.0668922718288
143877,27.409973009178
143878,28.3676189300642
143879,28.2074731094449
143880,29.1191755877368
143881,32.6041995718235
143882,20.2754718060613
143883,25.2600910375063
143884,24.3957472675528
143885,25.3658969724026
143886,21.316435468173
143887,25.4810996270037
143888,14.5343256570374
143889,22.2059010114655
143890,19.6198208191323
143891,21.9381234304199
143892,14.7827745630412
143893,22.5750333506361
143894,9.29908887176962
143895,20.563503273891
143896,17.6100823552528
143897,20.5709625765641
143898,8.60613465654731
143899,20.2012696204836
143900,2.74909340169996
143901,19.7361387907894
143902,15.6595008490835
143903,18.6280187266085
143904,3.78385487842401
143905,18.8792012719972
143906,-1.77820922099214
143907,20.1912156407759
143908,15.5165716760684
143909,15.7008131888791
143910,-1.6201475296288
143911,17.2271355156109
143912,-1.99040839250457
143913,20.08604011776
143914,16.0571871534376
143915,14.9606203985263
143916,-3.1485854020467
143917,16.5644308814446
143918,-2.24051957455019
143919,20.0931791507317
143920,15.7259962365443
143921,16.1524108227016
143922,-2.96065070329905
143923,15.9346588756303
143924,-2.92933271850422
143925,20.1083330367449
143926,15.9997519734072
143927,17.0206309283941
143928,-3.22289665764443
143929,16.3101838773519
143930,-1.40174058204106
143931,20.3604233023731
143932,15.9905912106116
143933,17.4182338931165
143934,-1.54088438561229
143935,19.9396080543663
143936,3.32785029684773
143937,22.2255629843671
143938,17.9089546181009
143939,19.1294559156746
143940,1.40900556693557
143941,21.0938453371564
143942,9.70701269064131
143943,23.5094185166387
143944,21.3260685562852
143945,21.9008246536181
143946,8.38648734049
143947,19.6922061438638
143948,7.26665322891034
143949,22.2453346369168
143950,20.5447846268883
143951,22.4389836212942
143952,5.34965540749445
143953,5.26769266740951
143954,-1.17788133268765
143955,14.8059491938161
143956,16.341193343925
143957,16.9765729378505
143958,-4.00384751272331
143959,-0.915927204120287
143960,-8.81613763144553
143961,11.4870703763492
143962,12.519035526358
143963,12.9657944078296
143964,-10.708077149005
143965,-3.15875668019961
143966,-10.0680743815079
143967,9.45658263909318
143968,9.81252620611965
143969,9.60526226835886
143970,-10.1623217594656
143971,-3.500696913229
143972,-11.3510142159892
143973,8.19254491657749
143974,8.34946004404929
143975,7.66398391402848
143976,-9.67593979110281
143977,-3.31028155352525
143978,-11.8081396371134
143979,6.16157982599851
143980,6.5402347212689
143981,7.00874375708127
143982,-10.180156905423
143983,-3.01252648048509
143984,-12.8556496607707
143985,5.50446417003489
143986,5.95690684355536
143987,6.632189067716
143988,-11.321431988497
143989,-4.61534066799237
143990,-13.5244742910503
143991,5.33861874568603
143992,5.47716280541841
143993,6.46035361398234
143994,-13.4750078274174
143995,-5.13880000185264
143996,-14.0892341385405
143997,5.30222562771976
143998,5.61674840820014
143999,5.99164659439897
144000,-14.0000550214829
144001,-2.92063345139979
144002,-5.77784839649922
144003,11.7585868785377
144004,9.42042203625597
144005,11.6144149732342
144006,-4.63865551993656
144007,19.1355776989439
144008,19.9125919571499
144009,24.1601023009726
144010,16.5258755808533
144011,16.9670347970939
144012,20.3096190607728
144013,21.1786376592372
144014,12.582190854119
144015,22.8605489907259
144016,15.9285647646836
144017,16.3882511210918
144018,14.3632375335474
144019,21.1916169804424
144020,9.88537296272672
144021,22.1781064804059
144022,11.1588104591738
144023,8.90079144948109
144024,4.51368682497165
144025,19.8199044640136
144026,2.30769367101505
144027,20.7653505350809
144028,9.18394825811866
144029,2.43079672630615
144030,3.09950566873914
144031,18.0086162507805
144032,-3.38988613915231
144033,18.8928469259971
144034,7.06091049851849
144035,-0.271510112439536
144036,-0.882123244383052
144037,16.9949087695613
144038,-4.60489039262527
144039,17.923383908222
144040,6.18569292052102
144041,-1.75286838940414
144042,-3.87623131369807
144043,16.2685039301525
144044,-2.59892438725419
144045,16.5710003516698
144046,3.57966592967659
144047,-0.390873870349999
144048,-4.21747757531686
144049,16.2978545363768
144050,0.757998486936302
144051,15.5256908461411
144052,2.68545400222472
144053,-1.27952223646953
144054,2.14010235882806
144055,16.8745940975866
144056,8.12205118081813
144057,15.6816229544929
144058,1.71689722369668
144059,-0.947265843818652
144060,7.43589115935829
144061,18.0953470118748
144062,12.8801742101289
144063,15.8622162482166
144064,0.821484560113529
144065,-1.0441129438293
144066,9.70451284527389
144067,19.3739108743052
144068,16.3981238898232
144069,16.2345672840524
144070,1.21464121334551
144071,0.222747498582237
144072,12.2305641150813
144073,23.6963631226683
144074,19.9063742097566
144075,17.8978827757818
144076,3.12454460035455
144077,2.89324091786115
144078,19.3988900508298
144079,30.1578636380028
144080,20.0274751324959
144081,19.6044049610564
144082,3.85011472742509
144083,5.08529350363968
144084,22.3533546056306
144085,36.2553965489507
144086,21.5839386222726
144087,22.8320545533715
144088,10.5378804481135
144089,10.8619477690465
144090,25.3019897466844
144091,38.1775888517515
144092,20.7882744270737
144093,23.3136020901941
144094,10.964200200269
144095,14.7879832202744
144096,21.3559320220893
144097,19.0826283839176
144098,16.6967012224555
144099,14.7104941761631
144100,7.44329673972184
144101,13.290246951416
144102,15.6109404761708
144103,17.3968548943823
144104,16.4976386104004
144105,11.2407752383274
144106,7.45063787783238
144107,13.0288926215004
144108,16.7075093472132
144109,16.7412937708157
144110,16.484508495838
144111,10.5901487725772
144112,7.89500717593697
144113,13.4348842367828
144114,17.3632079154904
144115,15.9027718770428
144116,17.8038986000201
144117,10.6208139486709
144118,8.37932198726113
144119,13.4068201854571
144120,17.6508972345403
144121,16.6525492050722
144122,18.8690203966685
144123,11.0731211790369
144124,8.69010412475774
144125,14.2375630071228
144126,17.9851398791449
144127,18.0098742786445
144128,20.1468658552202
144129,11.8420637778279
144130,10.0781434452193
144131,14.847327112276
144132,19.6941558832122
144133,18.537554090707
144134,21.5129280656409
144135,12.1547332271818
144136,9.91842215523544
144137,15.4896512901003
144138,21.767531973343
144139,18.7091978279365
144140,19.9736715070243
144141,12.4835217418077
144142,10.1574716152477
144143,15.4182815741532
144144,21.4362194522973
144145,25.3246327562178
144146,34.5061404602474
144147,21.0246305717793
144148,15.9981583103221
144149,22.6047859099693
144150,34.571013922562
144151,87.9020604120278
144152,55.9322546019191
144153,31.4863767584684
144154,21.7180442487875
144155,28.0012576413858
144156,55.4617489060092
144157,85.1110250303905
144158,34.4379908817845
144159,28.3362317823621
144160,20.7385758233123
144161,24.8447527738976
144162,33.49108109423
144163,80.9542195785756
144164,30.6289800274498
144165,27.038680175281
144166,14.4899535835922
144167,16.6326572963885
144168,30.0653352795853
144169,49.9305892390895
144170,27.6993307984432
144171,24.5272430877772
144172,11.4700974517228
144173,12.577462374193
144174,27.7198367229619
144175,35.9168594338652
144176,24.6833612930831
144177,23.4828506007993
144178,10.7297327760079
144179,11.6301405682227
144180,24.4079283028335
144181,29.8747750644529
144182,21.4398000810701
144183,22.2267360121145
144184,9.97170063262143
144185,8.03620068635252
144186,19.0460154420476
144187,28.1770416969463
144188,17.4703122671751
144189,20.5328879131973
144190,8.60957335126869
144191,1.80498324638619
144192,14.973907486349
144193,21.5999394626572
144194,13.8290929474759
144195,18.0137522968494
144196,6.36814486193499
144197,0.64957927065841
144198,13.0046486458932
144199,19.5124515706406
144200,12.601904534401
144201,16.9839219908827
144202,5.30386679633891
144203,0.236634470778682
144204,12.9981593441086
144205,18.9583925174507
144206,12.8504917920985
144207,16.3215106611698
144208,6.22797781174032
144209,4.78546234863699
144210,13.1593519836026
144211,19.1256023117863
144212,12.5588657275844
144213,16.2245977657456
144214,5.84187963632876
144215,7.9932026406199
144216,13.3410887773746
144217,21.5998343977922
144218,13.2117343842126
144219,16.4069813860001
144220,4.88043367476559
144221,7.06447031447665
144222,13.6687553660869
144223,25.2180069687489
144224,14.2286408525398
144225,17.3270604328269
144226,5.20131024105983
144227,4.75746412130171
144228,14.4546100584859
144229,25.4874713433572
144230,17.807195480512
144231,19.6320329874317
144232,6.21299499356864
144233,4.73966390709461
144234,17.4923678077838
144235,25.654562529317
144236,18.3846225926562
144237,20.020633206359
144238,7.101771228525
144239,5.13728418610687
144240,17.5571278525846
144241,10.3633678213209
144242,12.0849857499739
144243,14.3615899706098
144244,9.67291079101875
144245,8.68346767060428
144246,10.0138055630084
144247,7.30956573390178
144248,12.010391037254
144249,12.3108373819846
144250,9.10912490272383
144251,9.66125392791325
144252,9.04705967289585
144253,10.9701555738593
144254,13.4952799249047
144255,10.5953089848226
144256,7.36126044499749
144257,8.12331276541124
144258,11.9916814023492
144259,11.4984884418153
144260,14.1630480705311
144261,11.1662900013054
144262,6.24453645141755
144263,9.25705745270838
144264,13.4925945577654
144265,13.5666853506972
144266,17.2907534419181
144267,12.9868763892965
144268,8.33292555216817
144269,11.9009295120432
144270,14.2384304950857
144271,13.4150134013914
144272,16.458180851376
144273,14.2159426232171
144274,9.70332890315353
144275,13.8437660615275
144276,15.3393420689966
144277,14.4236512281028
144278,14.8810354829362
144279,14.9386048790564
144280,11.4867446221288
144281,14.6549737623242
144282,16.4291068721048
144283,15.4543344179655
144284,14.9415264300111
144285,16.5028716671851
144286,13.4586753755112
144287,16.1440506343068
144288,16.0087389475459
144289,20.903108332403
144290,23.4337851552996
144291,23.7321777880333
144292,19.0431202437448
144293,22.1448904566625
144294,22.7378231658926
144295,58.5182228483952
144296,31.9644631744263
144297,29.4453228240692
144298,26.096837145024
144299,27.1023285827116
144300,31.8658834162971
144301,44.4448354517248
144302,21.5301997312496
144303,26.716728979527
144304,24.9484189989082
144305,25.8551111421668
144306,19.8683860978351
144307,28.1964413987783
144308,14.5157586025433
144309,23.3860347448494
144310,19.882596218587
144311,22.0318500092084
144312,14.7789137507568
144313,23.9212934239576
144314,10.2630993110671
144315,20.6910920934605
144316,13.996605962658
144317,17.0793928035103
144318,7.48038238948194
144319,23.0824767087565
144320,6.79489678191158
144321,19.6150796057957
144322,12.8734128695993
144323,7.89766899127157
144324,2.97804107849439
144325,19.6304331155508
144326,1.07463129193397
144327,18.880020561208
144328,13.5420515687665
144329,4.8671539221456
144330,-0.982983579870172
144331,18.0297794955797
144332,-2.75362625918192
144333,18.0617381934246
144334,15.3801019233299
144335,6.24737972742948
144336,-2.53837173151245
144337,17.8893125871436
144338,-0.062095116675895
144339,16.6776816041896
144340,14.5402403890779
144341,6.30415531062357
144342,-1.13252240106113
144343,16.9886328759642
144344,0.318054172361965
144345,16.2114239221205
144346,14.1017870981604
144347,6.10222834784594
144348,-1.02237072565519
144349,16.6894478811758
144350,3.33725322149185
144351,16.2179909144372
144352,12.7480532399757
144353,7.78100300440529
144354,1.09362901385783
144355,16.7205486874213
144356,7.52634700428084
144357,16.6315594898066
144358,14.0275585835971
144359,9.6151606978009
144360,4.58733000402096
144361,17.6754417019788
144362,10.0000336096955
144363,17.1074121760652
144364,13.0650077159718
144365,12.8050188429796
144366,7.54070637843688
144367,18.358235069798
144368,13.4873553171226
144369,18.5649175781666
144370,13.02271908061
144371,14.2479525089678
144372,12.9549294913481
144373,22.7909529615504
144374,18.6014022745087
144375,20.6959763450087
144376,14.0872384379791
144377,14.100229580183
144378,15.7928181532926
144379,26.1268688796094
144380,19.7035527484965
144381,20.7984422553879
144382,15.0140394872305
144383,12.9541712363237
144384,17.8571962014632
144385,11.6242849654922
144386,17.0686669394004
144387,14.6239475939298
144388,11.9416104133528
144389,12.6863962437458
144390,15.3279187569712
144391,11.6223825364134
144392,15.9088222600731
144393,12.6761900164988
144394,9.60325193155261
144395,12.6515062219838
144396,16.6178938662282
144397,12.9399934142668
144398,18.049623106961
144399,12.2389253976931
144400,9.2082346649783
144401,13.8578476335046
144402,18.3731266995232
144403,14.5763177863707
144404,19.5264168668764
144405,13.9619074417171
144406,10.4256374499175
144407,13.8078799682826
144408,18.1450524723787
144409,16.6560904495868
144410,19.7035606840322
144411,15.6491513293194
144412,12.963715930158
144413,15.6025980015268
144414,21.6382204485407
144415,17.7924816847357
144416,21.3461061702535
144417,16.3609780601278
144418,15.3825336387184
144419,17.0630041238812
144420,21.0592436355918
144421,17.1450414337037
144422,22.1234922420636
144423,16.2879475338522
144424,15.3814207283071
144425,17.9237598531552
144426,21.2877518771217
144427,17.3936627728691
144428,21.3071222433941
144429,16.7864930842109
144430,16.7221384889253
144431,18.9922223249002
144432,22.375524941445
144433,20.8180418290126
144434,31.4793308492747
144435,24.0474518890295
144436,21.5913306687895
144437,24.3940016508195
144438,31.0926865100397
144439,56.2695027795694
144440,51.0225125493282
144441,31.8443564343446
144442,27.7631682603284
144443,28.920322373298
144444,55.821555278338
144445,44.0437279631099
144446,29.229050788253
144447,25.8975158175563
144448,24.2350164269834
144449,26.6736372832474
144450,32.3046394162344
144451,28.8443840739808
144452,23.1485443653085
144453,22.2494649620116
144454,19.0773456972954
144455,21.7304835367965
144456,25.6714611404673
144457,24.2956683733432
144458,14.9257638881475
144459,20.0127895038094
144460,13.7341634144797
144461,19.8616301265807
144462,18.6438675555732
144463,21.1429407671057
144464,8.29221150009704
144465,18.9203741806376
144466,13.8124975017486
144467,12.3048132687568
144468,9.68683768064153
144469,18.3518194081121
144470,3.94539074873773
144471,18.5103325391394
144472,13.8632064995779
144473,6.24968722254226
144474,-0.977544244965088
144475,17.054391903954
144476,-4.35510151041356
144477,17.9523835695129
144478,15.1393276438568
144479,6.27934316019746
144480,-6.71565561087273
144481,16.6371263474048
144482,-2.98829747126562
144483,17.2135022886903
144484,14.9803179252771
144485,12.762733587818
144486,-12.5772854505338
144487,15.5389977007066
144488,-8.33518655653929
144489,15.1814883393549
144490,12.5731402804078
144491,11.8982503676494
144492,-11.840265988797
144493,14.5415790915522
144494,-11.1387239119923
144495,15.1041075872399
144496,12.4837270835187
144497,12.6932116530389
144498,-11.3068710607649
144499,13.8705770048474
144500,-4.92789380549884
144501,15.1352394912759
144502,12.9523121646805
144503,13.9116264397081
144504,-10.8183296917315
144505,14.3269325436034
144506,0.112121785990865
144507,15.2993357182036
144508,13.083430565053
144509,14.5676160653854
144510,-5.76987549707106
144511,15.6035329180472
144512,4.56428532225737
144513,17.5843441984651
144514,14.6315562981236
144515,15.7604791408773
144516,-3.336198364025
144517,15.6650997951812
144518,5.34839573825476
144519,19.2399569632778
144520,16.0299205368019
144521,16.4415071223241
144522,0.0308919723117107
144523,15.5903100447535
144524,4.69292774001097
144525,19.0595021551672
144526,16.2323116822807
144527,16.7040051980801
144528,3.71166028267134
144529,6.4983679515823
144530,-0.49455133815988
144531,12.770958739113
144532,11.7768591039873
144533,12.9530732520451
144534,-0.281195262537242
144535,4.30639888866048
144536,-6.71171494060078
144537,11.3978525378803
144538,9.86260620262943
144539,12.7488572996271
144540,-5.53559940649391
144541,6.4975790079427
144542,-2.14204437156134
144543,9.16313608444167
144544,9.50982357339856
144545,12.1065585502502
144546,-4.52254325301219
144547,8.21253396991421
144548,5.09178983623547
144549,11.0445202917883
144550,10.4831803340401
144551,12.4831429660703
144552,2.09805073529163
144553,9.33065042178279
144554,7.15539074537679
144555,13.1234501918677
144556,11.6933967882926
144557,14.0599056932091
144558,5.94654212860782
144559,10.0454539698247
144560,8.07397285889759
144561,14.3905427471441
144562,13.7892304530104
144563,17.0380757327525
144564,8.55417165201195
144565,12.341141154696
144566,10.0512520598941
144567,15.5526239218135
144568,15.6741644142274
144569,19.1359092094186
144570,10.9606045311424
144571,19.0736492141122
144572,15.4478700072097
144573,17.8354804109922
144574,17.5774640210592
144575,21.230150986586
144576,15.4255209922603
144577,24.0432637903998
144578,29.4128352320437
144579,27.6906700459542
144580,26.9166475296501
144581,28.7306773997692
144582,25.2124075067987
144583,52.9045960569887
144584,48.0249125288382
144585,36.5827736644161
144586,30.4667397085876
144587,34.3519737664029
144588,39.0095938539813
144589,45.6169523327665
144590,29.7862489367107
144591,30.3930431848194
144592,27.6696393164959
144593,29.3970987664136
144594,36.6569428002814
144595,31.6886016949405
144596,21.7611210840252
144597,25.6833975255662
144598,24.0414324152866
144599,26.4948819985705
144600,26.7445503256331
144601,27.3034605217741
144602,18.9387248819504
144603,21.9652928508467
144604,16.5663310824113
144605,22.2653056013469
144606,19.9909928690008
144607,24.1426213556201
144608,20.2656240311307
144609,20.7644095926567
144610,14.8522977134586
144611,15.1451580747205
144612,19.9393524322496
144613,23.718726330635
144614,19.3960536831685
144615,20.0362239240533
144616,16.3087497871265
144617,14.3559184127773
144618,20.1599969779888
144619,23.4599913262579
144620,20.3728956873871
144621,19.7580598435119
144622,15.663743364566
144623,14.4723864696077
144624,21.793224116926
144625,23.7708569793207
144626,18.3186151226861
144627,19.6868303847533
144628,15.403903029352
144629,15.0552188305443
144630,18.4405371004485
144631,26.0308174098799
144632,17.8673010203486
144633,19.6600184162915
144634,16.4847329107988
144635,16.149345101452
144636,18.5133185215866
144637,27.3963415364876
144638,18.4777068262625
144639,19.6071732117192
144640,17.7564703983373
144641,17.2195668496044
144642,20.0566057093261
144643,30.5885626978416
144644,19.9802236718857
144645,19.747742868964
144646,17.5684298348696
144647,16.9996653365752
144648,19.8510528751836
144649,34.7957570162205
144650,21.6388100969148
144651,20.4058506879388
144652,17.9390582068973
144653,17.3508318715369
144654,19.3402634889562
144655,43.894247836352
144656,22.7758644032045
144657,21.4913197294046
144658,20.3274474049229
144659,17.9300467007882
144660,22.4520794950546
144661,54.1066936334275
144662,24.7641584927287
144663,23.2229178124894
144664,22.9391149349389
144665,21.9002212168764
144666,24.4379597756576
144667,42.7867776091042
144668,23.5892567794064
144669,23.4092001296745
144670,22.6891317689429
144671,22.4440394376457
144672,23.2601046690761
144673,19.6849719904304
144674,19.3107426599699
144675,15.6741099631715
144676,17.1064643854401
144677,17.068076018369
144678,18.7126171260813
144679,14.922542775748
144680,18.3638572306561
144681,15.0661690022847
144682,15.7241219754247
144683,16.9322392001898
144684,17.9009368122189
144685,16.9417838936772
144686,19.7992957364755
144687,15.947336399618
144688,16.2280213226853
144689,18.7111886247723
144690,19.7741322824007
144691,17.5300285219962
144692,20.962041928346
144693,16.6154053279669
144694,19.2092559508667
144695,20.4096324006565
144696,21.3067843082362
144697,17.6812207784231
144698,21.1153485559358
144699,18.4381612943942
144700,21.1959353885808
144701,22.0830291000692
144702,20.8269829147421
144703,20.0162407879515
144704,24.7807649839532
144705,21.2756648874302
144706,23.8340409826365
144707,24.9754845171127
144708,23.6472894257272
144709,21.4721872896811
144710,26.7528926047315
144711,22.8527531478932
144712,24.781360849694
144713,25.9766519584742
144714,25.6562085589224
144715,24.3240145790157
144716,27.5870908296925
144717,25.625630412068
144718,26.7881585647119
144719,29.6952681513307
144720,26.3953370820723
144721,39.4306174968571
144722,42.858958243936
144723,38.0802413792283
144724,35.7782501862738
144725,39.4818614561104
144726,43.1285435849751
144727,94.8942686923758
144728,65.628429520657
144729,48.8851605355729
144730,40.9055731119682
144731,42.1686915051594
144732,67.6242589225192
144733,115.448331946653
144734,47.0623788435083
144735,37.7586078991284
144736,33.3218456159817
144737,33.5784363999646
144738,50.4372305969932
144739,118.433505353809
144740,43.2761377676157
144741,33.820064623762
144742,22.1496817036924
144743,27.8732702303574
144744,49.6769195474984
144745,115.474354225705
144746,37.7608812808802
144747,27.9148098745134
144748,16.2556675997729
144749,19.2947607252284
144750,39.0987982432131
144751,94.1780155878612
144752,32.2893098870283
144753,26.2496384867769
144754,15.5613745256222
144755,18.3914749111952
144756,32.4720573628403
144757,79.2575013729983
144758,24.4969430989538
144759,24.3864977937074
144760,15.2590759088715
144761,17.8195942309714
144762,30.3193509275959
144763,66.9281837788228
144764,20.2397250661396
144765,22.6032744211976
144766,17.2364839716838
144767,15.1191487729463
144768,22.5386392027154
144769,50.35687630176
144770,18.9471746012543
144771,20.7516357706495
144772,14.4064683140289
144773,15.0991121553779
144774,21.9322528407801
144775,54.3599543073835
144776,19.2021071438793
144777,20.3857968159812
144778,14.5339255577628
144779,14.8274319246121
144780,21.298262593903
144781,55.5499106575175
144782,18.4799040806889
144783,20.3066856867919
144784,14.4786383810627
144785,16.4240185806613
144786,20.4061675419739
144787,43.4815531972291
144788,18.7210772008553
144789,20.8172467238094
144790,14.2211389039268
144791,16.2928551580802
144792,21.4856469946479
144793,40.1782449847968
144794,19.2319641689431
144795,21.0939690721869
144796,15.456211249965
144797,17.3460791547643
144798,21.0749367724998
144799,49.5727403017559
144800,21.3856318653609
144801,21.5950829844552
144802,16.4389308536154
144803,19.32162596142
144804,20.6678988499442
144805,41.7485223122163
144806,24.2051457333906
144807,22.865126711024
144808,18.4491493397045
144809,20.1350977172987
144810,22.7321995314494
144811,35.349203454978
144812,22.1427833069609
144813,22.8514749504321
144814,19.8419320637344
144815,20.5996426883619
144816,20.6963535784979
144817,16.2824751163901
144818,17.3645459932142
144819,19.0355047709463
144820,16.6058608425957
144821,18.6510957235609
144822,16.2650294880272
144823,9.86775160842476
144824,13.1686484428035
144825,17.648261744726
144826,14.2513882036087
144827,17.3570728517844
144828,14.9163685113006
144829,5.52121850696142
144830,14.4313500152266
144831,17.44565253798
144832,13.7863506737158
144833,17.6578791336056
144834,15.7477863176469
144835,3.5852318963709
144836,15.1471117607929
144837,17.9158321238485
144838,13.2516709126085
144839,17.7118437864523
144840,15.7287878082586
144841,4.32085699231806
144842,15.3546058083577
144843,17.667989790078
144844,13.2771309097607
144845,18.8611481050436
144846,16.1531071838142
144847,8.09225538229022
144848,17.3928637478823
144849,16.430610324804
144850,12.7724189005554
144851,21.6644005239349
144852,17.5873731928413
144853,13.2994024041263
144854,16.8259883145
144855,17.5433466856617
144856,10.7486905978854
144857,20.413369362488
144858,16.2993957662619
144859,16.6505815257952
144860,13.5797692118529
144861,16.4760499191506
144862,9.89534562597382
144863,19.7025388298365
144864,14.8335764126952
144865,24.6438013859293
144866,20.5247349540127
144867,22.7686763702363
144868,12.7212761928537
144869,21.0478248802121
144870,22.9878177357957
144871,84.159467169695
144872,32.1272049322948
144873,27.7072438880674
144874,20.4348223139028
144875,24.9791815477613
144876,35.4164528619992
144877,92.9981208697072
144878,27.2726176866122
144879,27.1157472984317
144880,12.3274433555617
144881,25.8490938183183
144882,30.8782735159863
144883,85.9078746026722
144884,27.9148027524229
144885,24.0477689246635
144886,10.003337740659
144887,16.5818955471631
144888,28.4052476478036
144889,79.5360098463893
144890,26.0904564282512
144891,22.24246936152
144892,9.81544242397399
144893,9.17071772595451
144894,22.3892912130113
144895,75.5152077565447
144896,22.5914291019267
144897,22.1546673563731
144898,10.4488239922471
144899,8.13181461610796
144900,16.2719937116328
144901,64.1518972458176
144902,19.9604082406075
144903,20.6762799851415
144904,10.7549794270107
144905,5.36595685300475
144906,15.6137165289426
144907,60.8708674104461
144908,16.1340538868573
144909,19.8467694837836
144910,12.7014450506048
144911,7.81684872008166
144912,17.2084732144508
144913,60.5263503851939
144914,13.8493984187507
144915,19.8440440855764
144916,14.2113642425081
144917,12.1662016350891
144918,16.9565522794928
144919,61.0942996294836
144920,15.9118024623355
144921,19.1775003277226
144922,14.1505206755713
144923,13.6545802226492
144924,14.8139540009175
144925,55.7272527525598
144926,15.0347999707625
144927,19.2755255244752
144928,14.0695045701589
144929,13.9071020431015
144930,13.9624046377848
144931,57.5259622458214
144932,15.8990481065704
144933,20.9607276513184
144934,14.8113427858686
144935,13.8070853169321
144936,12.3175541370335
144937,57.2180074754352
144938,19.2320111807959
144939,21.5815510160065
144940,15.4628669730878
144941,13.2016155014901
144942,16.3784532235736
144943,59.3555564371707
144944,19.8963945521042
144945,22.399678091957
144946,17.0248207602102
144947,16.7024687426177
144948,18.119408217809
144949,65.4553788865961
144950,21.9338243623092
144951,24.10581436548
144952,20.7498221908852
144953,18.9694544775473
144954,21.0305425561965
144955,74.4856532032265
144956,21.0125118101366
144957,25.1170143425558
144958,19.9864299328217
144959,20.6788941636177
144960,22.0393384000999
144961,25.8004668258281
144962,18.9027084186147
144963,21.018776954329
144964,18.9366174439141
144965,20.9172467056051
144966,19.412494084085
144967,24.4384953525175
144968,19.1603761158294
144969,18.9487541951344
144970,15.8919953870907
144971,20.029818835948
144972,18.8979945462051
144973,24.1237932761175
144974,23.3102058906725
144975,17.4526132790562
144976,12.4342262806933
144977,20.2049923346087
144978,22.4503224915785
144979,25.7107895269794
144980,25.7691129401567
144981,18.2605144696591
144982,13.2166124516237
144983,21.5857370984768
144984,24.4717297730713
144985,25.8437336731614
144986,27.4029742956805
144987,20.5722631899295
144988,17.3208524556701
144989,22.7001211785186
144990,25.9315867597471
144991,27.9881867428527
144992,28.3663059482499
144993,22.4057191176455
144994,19.9951984324259
144995,23.3556989400193
144996,26.3338433974035
144997,30.5118605180714
144998,33.4026315749619
144999,25.0617347645735
145000,22.0228490777456
145001,24.194923997555
145002,31.3631413847684
145003,34.1982276177585
145004,35.5023291910941
145005,26.6068020111377
145006,22.5424034092663
145007,25.4160229905626
145008,35.3013753600367
145009,45.1918937551009
145010,66.3737182442287
145011,33.1237645173857
145012,26.1087167633939
145013,29.7124558952558
145014,65.5127757697597
145015,100.397662589711
145016,76.7338930630903
145017,40.2728175329755
145018,31.2955056013714
145019,30.810967314955
145020,84.5248101629822
145021,110.261653639097
145022,53.5071434775253
145023,34.5468337396433
145024,20.3217173509866
145025,30.0903684648783
145026,46.0858281669205
145027,99.4004469746694
145028,37.0265744781131
145029,32.622418195262
145030,15.3022569800658
145031,24.8833969796272
145032,33.5114677187295
145033,65.4809787600773
145034,29.0419160871099
145035,28.7277201850941
145036,15.4304909421456
145037,18.6500630252749
145038,29.8488559461918
145039,52.9476959295484
145040,26.6907272758949
145041,26.6157724537122
145042,15.7942241323063
145043,16.9013862207545
145044,27.4809754330208
145045,42.7798566348066
145046,23.9752236805345
145047,24.4660097203628
145048,16.8004816723209
145049,16.6647670807317
145050,22.0338333966273
145051,34.2939521174196
145052,22.6666831717422
145053,23.6624569646981
145054,17.839703189248
145055,15.0400656110982
145056,20.4465232719569
145057,29.7037719302311
145058,19.8053406604519
145059,23.4732595653405
145060,18.8235388160278
145061,18.541006145349
145062,18.3369711596691
145063,27.8546527930988
145064,19.4340915466435
145065,23.0483066451259
145066,19.0473692895548
145067,18.7401681964487
145068,17.3795989152143
145069,28.9910891827946
145070,21.3424600628959
145071,23.0014404110099
145072,18.6304035505392
145073,17.9946258552168
145074,16.9654785688109
145075,32.6417850845025
145076,23.1315507150971
145077,23.3159883698752
145078,18.639207745569
145079,18.9660745628357
145080,18.0089780857621
145081,32.2542177478497
145082,26.7004561455557
145083,23.9769972908805
145084,19.3700786382444
145085,20.2543547700242
145086,24.4623115210749
145087,32.6670912983027
145088,28.9801512453929
145089,24.66387440504
145090,19.7968822526186
145091,21.0526211869278
145092,29.1423948850871
145093,35.3619985592028
145094,30.8948013645799
145095,26.0471114060199
145096,20.4614828610412
145097,20.9443314249585
145098,29.6500741926804
145099,39.6823310854749
145100,30.3079822428309
145101,26.2731693111247
145102,20.4639503659969
145103,21.1470650339523
145104,30.0666810633515
145105,29.8548786079771
145106,27.5116493081921
145107,22.7231546265586
145108,19.0428702775619
145109,19.6192202942527
145110,26.9386351504538
145111,26.4085112848825
145112,26.0096639379016
145113,22.2665145421927
145114,11.4096248912019
145115,16.2411960651433
145116,24.7313205016584
145117,25.8827264910662
145118,24.7054888610277
145119,21.7795317357172
145120,7.43203635531878
145121,14.9473506468003
145122,24.1922089090791
145123,27.3282135848066
145124,23.9808549685388
145125,21.1458095862416
145126,6.08921018753657
145127,12.1042164456118
145128,23.9285315813572
145129,29.3546436385212
145130,25.02705000768
145131,22.3093494220767
145132,5.39794705121376
145133,14.1243587379896
145134,24.7772261993837
145135,29.2219446491808
145136,25.3256554955494
145137,22.3374579903139
145138,5.30556745317977
145139,16.064385687505
145140,25.3280045752452
145141,29.8349758944106
145142,28.7383753815723
145143,24.032587814295
145144,5.89587677341276
145145,17.769120305462
145146,28.7364082694734
145147,34.5056358131747
145148,31.030448193892
145149,26.0677596074283
145150,7.27614971195139
145151,18.6015287740609
145152,32.1409006754005
145153,57.1652140403129
145154,39.205875168949
145155,28.9747686370396
145156,11.0934895325893
145157,17.5359360845725
145158,40.5554211596211
145159,71.9659179644237
145160,45.1112289767153
145161,34.4956065109102
145162,19.206403120577
145163,22.1399840535697
145164,45.3942561577535
145165,75.6521065970495
145166,30.8742162774812
145167,31.3482433587275
145168,19.4184909729848
145169,24.7625884148596
145170,39.1296931089613
145171,71.4893692048021
145172,28.9598104453355
145173,29.9421630917926
145174,14.9036645935911
145175,19.0009491867424
145176,39.6356612432653
145177,67.7788928815678
145178,33.442722256426
145179,27.3302014444058
145180,15.0110213670013
145181,17.5031639362789
145182,38.0386174998515
145183,51.4615629500094
145184,34.0923332722419
145185,25.5206375081799
145186,14.3555427993919
145187,16.8382881129894
145188,33.1011778071965
145189,43.0809481402678
145190,30.3292035526259
145191,24.7522550004468
145192,14.2901019509439
145193,15.2826952208212
145194,29.7407002620349
145195,47.4223116115695
145196,29.0859768917683
145197,24.0062750685325
145198,12.365761705872
145199,12.3828575977179
145200,27.311892068749
145201,33.9176946240406
145202,25.0341658696367
145203,23.6870821521636
145204,11.5873592347173
145205,13.6882670082517
145206,24.3967940505534
145207,32.694770292431
145208,23.5085141954829
145209,23.2551872648798
145210,12.5444773190159
145211,11.5998450946515
145212,24.0261412528872
145213,26.8597954550568
145214,24.4218242622928
145215,22.9213527342638
145216,15.3255073915301
145217,13.7827116310369
145218,21.2885847794684
145219,25.7736700872205
145220,27.2650324795277
145221,22.2795644651058
145222,15.1257892296211
145223,16.6064882688329
145224,21.1077920188362
145225,26.7294558577884
145226,23.3326913658947
145227,21.8744018756832
145228,16.7015854251789
145229,17.2874686590495
145230,22.0979335289863
145231,29.3638286193596
145232,19.5655763550456
145233,23.2833188461414
145234,19.2679433488989
145235,18.7832460162262
145236,22.9879651100663
145237,28.5261116276408
145238,22.5503684306956
145239,24.1644072295737
145240,19.7910007838205
145241,19.7526147152659
145242,24.7925303286104
145243,30.3057733964729
145244,22.7569056306761
145245,24.3651346522558
145246,19.9244354247864
145247,20.7056904403291
145248,23.5498219805343
145249,32.3435705348699
145250,21.012460542512
145251,23.9068984791432
145252,19.3090846083071
145253,21.1869359538122
145254,20.0887636605142
145255,27.8634955655008
145256,19.7020261428981
145257,22.208180990206
145258,15.921299446812
145259,17.9086555072801
145260,20.2654835393279
145261,23.9978554950219
145262,18.2639550219707
145263,20.618170670135
145264,10.3784412403014
145265,14.49058400244
145266,17.7987145611505
145267,19.5933638706759
145268,15.9452209304874
145269,17.5776835795151
145270,5.92441479856815
145271,8.31315895704657
145272,15.1415087140897
145273,23.9239090111488
145274,16.9138398195565
145275,16.7180999575971
145276,3.52001516948806
145277,6.72893895447485
145278,17.6906394490937
145279,23.2344930128245
145280,18.8995835234994
145281,18.766574039228
145282,2.48776131902676
145283,10.0779144753382
145284,17.6609400632767
145285,22.4071233130475
145286,18.66827978619
145287,22.816188407216
145288,3.55199008050616
145289,14.4469686238043
145290,15.43782350338
145291,23.6859003143615
145292,19.2954412290114
145293,22.9887857688501
145294,5.58558032660702
145295,16.3109302887745
145296,20.0257763132526
145297,38.8724633076962
145298,25.2872399548011
145299,23.7480623540396
145300,8.12613131810398
145301,16.8643240510158
145302,23.3438343618745
145303,47.249736020215
145304,25.902590138968
145305,26.947133598011
145306,17.275323376863
145307,23.7226464635696
145308,25.0336534379672
145309,50.9434386517321
145310,29.7552239662244
145311,26.5923229821849
145312,19.3214240088948
145313,25.8973164693508
145314,29.7111517351151
145315,49.7440085527633
145316,29.2099139608249
145317,26.1729599717701
145318,14.8722004472711
145319,24.0941780461702
145320,27.0589215800294
145321,64.7671426159087
145322,26.7009320284598
145323,24.3170964173159
145324,14.4782247851916
145325,16.8813206363912
145326,25.44975995535
145327,88.9408111006413
145328,25.7866742314376
145329,23.7287282678354
145330,16.7419589489422
145331,16.5768999346649
145332,22.8729400247377
145333,69.7296929714242
145334,25.4790528678126
145335,21.5195278086087
145336,17.6145036817488
145337,20.3496168411568
145338,20.9415064558325
145339,76.977040159113
145340,21.5387791268681
145341,21.0220659867838
145342,18.0036281959557
145343,19.719825659944
145344,22.294581033988
145345,39.2535531932015
145346,18.8650777465837
145347,21.9041964007306
145348,19.8425914503178
145349,19.1220985204559
145350,19.2912607658236
145351,29.7321335075384
145352,16.5104931315551
145353,20.99326628849
145354,17.8007256072886
145355,14.9907510889622
145356,16.901234901098
145357,29.468556708332
145358,15.6806009065684
145359,20.6138113867914
145360,15.617660478899
145361,16.3355674893986
145362,15.793328624571
145363,28.749992575043
145364,15.4892237546971
145365,20.0496017266499
145366,10.3532071117354
145367,17.246473812953
145368,15.3078827848858
145369,28.3579583739407
145370,15.5497579254024
145371,19.7434471084738
145372,14.304273340347
145373,18.2156670929768
145374,14.3048231842774
145375,29.0575190766895
145376,16.8619281142947
145377,20.698779884851
145378,16.3495483409421
145379,19.5772277454368
145380,15.9110636748675
145381,37.0555631463989
145382,19.2382713707148
145383,23.5503814585864
145384,20.6680010280955
145385,21.7192137772331
145386,19.0943135272389
145387,31.3208926801941
145388,19.2700728453247
145389,24.4337391531745
145390,21.6632315850054
145391,22.1470573889339
145392,19.3917793985271
145393,16.6295925944241
145394,15.7946981177429
145395,19.0499019624394
145396,18.7342201057311
145397,19.9333845732462
145398,16.5492535092444
145399,11.4681680008321
145400,15.5514575907476
145401,17.3786522185902
145402,16.075030158914
145403,18.8737255842688
145404,15.8531449536239
145405,10.7639360256599
145406,15.7160778890094
145407,19.4344074217202
145408,16.3887926199584
145409,19.5910978782714
145410,16.266867156095
145411,10.3531992198401
145412,17.2543562896752
145413,19.8409153617749
145414,18.7907106364686
145415,20.9180673176235
145416,17.0199769472028
145417,10.5693834972403
145418,18.9858683895568
145419,20.4122039257873
145420,20.9828536289739
145421,21.9521711179703
145422,18.2945403905393
145423,11.6905252724135
145424,21.9348983643481
145425,21.843081576212
145426,23.1347420532963
145427,24.3549019066579
145428,22.1718124782591
145429,14.4577490246899
145430,23.9277270731372
145431,22.0757336617537
145432,24.313645516297
145433,25.1670493616029
145434,22.9890348720832
145435,18.4912595432381
145436,26.2907849403642
145437,24.860744973258
145438,27.5463372102352
145439,28.971242274944
145440,24.4552149800587
145441,31.3216202450217
145442,37.2330518223683
145443,33.9696442323466
145444,33.7541392039781
145445,37.5689879832351
145446,35.8673671124918
145447,76.7319665667444
145448,40.186533348167
145449,48.0692474543957
145450,41.8507751654043
145451,45.8579716210079
145452,49.3905442117756
145453,96.4154509939058
145454,29.8800754370422
145455,41.5586007106522
145456,40.8532317400841
145457,42.7875730092248
145458,32.4174961846353
145459,90.5149218660266
145460,27.2448385384131
145461,38.0249198207823
145462,39.6406470196616
145463,39.0492387262521
145464,24.882638274937
145465,90.5322911539147
145466,26.8210394194762
145467,32.6233974820929
145468,29.3855593299538
145469,34.6720662743061
145470,24.5855487769291
145471,107.693266787473
145472,25.1707396225788
145473,29.3159041312322
145474,24.7176957402881
145475,29.7837431345073
145476,22.733943291157
145477,103.328102307512
145478,24.8202685242873
145479,27.0429083169955
145480,23.19828276605
145481,26.0954365262847
145482,21.9254423431371
145483,101.386201817314
145484,23.6432252180705
145485,26.5495614570038
145486,22.8922375946463
145487,24.6994521419859
145488,21.2839944562332
145489,91.0127055664269
145490,24.0689703799203
145491,26.5652373161478
145492,22.5727225371463
145493,23.0268302176137
145494,22.251347803489
145495,74.3611901006256
145496,22.8232398787317
145497,26.1714665752747
145498,22.2810726652048
145499,23.2415401051385
145500,21.4432017091599
145501,65.0979515941299
145502,21.2889864509254
145503,25.632451834073
145504,22.2157654205354
145505,23.1499123287115
145506,20.1688111173609
145507,41.643397328284
145508,21.0026410654511
145509,25.5505439705151
145510,22.0564944021213
145511,23.2294700786583
145512,19.4673000842049
145513,43.4626030958865
145514,21.024392557019
145515,25.3331429792483
145516,21.9638028051531
145517,23.5349189259646
145518,19.3310216880753
145519,51.4840441016578
145520,22.6507115133825
145521,25.5183273886114
145522,22.2881417822858
145523,24.2713561903623
145524,20.7014185225062
145525,52.7678173366159
145526,23.2261761633268
145527,23.9845181711324
145528,22.894937146014
145529,24.5455698599254
145530,21.7536829286338
145531,45.0452428718866
145532,23.638199745776
145533,24.1414672660609
145534,22.9999101403555
145535,24.5716210501903
145536,23.030985302324
145537,21.6739369822227
145538,19.8657216694651
145539,18.5642329764432
145540,20.77270996712
145541,22.5027630792302
145542,19.2389345122371
145543,20.5409996111045
145544,17.8858345286077
145545,16.2447683242758
145546,18.7891735082611
145547,20.476709519272
145548,18.5077364253723
145549,20.4100864083318
145550,18.4006801070678
145551,13.9321378305089
145552,18.9607847444526
145553,20.8557328321539
145554,19.3089660251162
145555,19.9796849569117
145556,19.2831984373089
145557,14.458095030104
145558,19.2680946947997
145559,21.0707172881199
145560,19.6275202840581
145561,20.2381264109142
145562,19.7958332784277
145563,12.5346966837156
145564,19.5162387157433
145565,21.916236981907
145566,19.574312790368
145567,20.9185327019131
145568,20.2504732085321
145569,14.4237675585747
145570,19.9697103384231
145571,22.7323147317954
145572,19.9126285211421
145573,20.7904044030488
145574,19.6421062022043
145575,16.5381995941247
145576,21.1811843019718
145577,23.8377011359851
145578,20.5127206998236
145579,19.6426138197341
145580,20.3306045939404
145581,18.5775624541559
145582,23.4967400497615
145583,25.570287832197
145584,22.3030127323253
145585,26.4208187298176
145586,32.0039225720043
145587,26.5072954987009
145588,31.6871956540707
145589,34.3111045158364
145590,31.0714492211586
145591,61.0331010319895
145592,43.812176312506
145593,34.6002803497904
145594,36.3841857854625
145595,38.8953815669407
145596,41.9384379843942
145597,71.4387126146421
145598,37.6591448582188
145599,31.3107955811145
145600,30.3516230453125
145601,24.4608134087285
145602,40.5303796102447
145603,58.3730037973305
145604,35.8728765826394
145605,28.8760469889095
145606,18.8304237300543
145607,14.0959051176451
145608,37.2174273828848
145609,51.5497110719546
145610,31.4538688275976
145611,26.3230652786155
145612,14.5447794038843
145613,14.4190906518361
145614,32.0782126863925
145615,46.0616100975151
145616,29.3311190185458
145617,24.2187285862911
145618,15.5601172424597
145619,17.1608520540486
145620,30.1084993908687
145621,41.3859488809672
145622,26.8271489267994
145623,22.9021949835068
145624,19.7739656229104
145625,19.3425087805955
145626,28.1754513286863
145627,38.1046068268545
145628,25.8737293985687
145629,22.3612222877801
145630,17.7134952610434
145631,18.1792309134449
145632,27.887310962561
145633,39.8987148160637
145634,27.7662043523615
145635,22.5487195356271
145636,20.9631709338761
145637,21.925608983566
145638,28.9008060799645
145639,39.060002042481
145640,27.5876117737236
145641,22.5122764973359
145642,21.469603694125
145643,23.3264139601802
145644,28.8843377531815
145645,41.9851898824122
145646,27.3266270305732
145647,22.8618132896817
145648,21.1849483948055
145649,23.1095230728489
145650,28.6451264878581
145651,40.4421373506419
145652,29.3400883671294
145653,22.2135678982956
145654,21.309865911605
145655,22.4398346249753
145656,29.6748217121331
145657,38.7698358384995
145658,30.3700071105402
145659,21.6366841757488
145660,21.5639460915936
145661,23.1502370706297
145662,32.6367838040812
145663,38.8952474945543
145664,28.6282953712309
145665,21.6015648174907
145666,21.7811855340878
145667,24.1011649712536
145668,33.1417666556876
145669,33.9621528260763
145670,27.2228642288874
145671,21.3954842755864
145672,22.1787303882529
145673,23.8252717800634
145674,29.6110197182768
145675,33.2413078621371
145676,25.0052449510949
145677,22.3429602186846
145678,20.6439195841648
145679,22.2889932467698
145680,27.314442523038
145681,18.3099549868788
145682,20.3445320337872
145683,19.7119655723541
145684,17.6040076607484
145685,20.1433008238627
145686,20.9920648451347
145687,15.5317589587303
145688,17.9718185565789
145689,14.3094819846522
145690,14.6301471788987
145691,17.7195538254918
145692,17.3909216626986
145693,12.7881065291378
145694,14.3699494854863
145695,17.1559303318961
145696,13.4834746223656
145697,17.4296760559219
145698,14.7690638688936
145699,11.7864046834145
145700,13.647222907038
145701,16.8404602891663
145702,13.5650674621283
145703,17.3206557821095
145704,14.0738817728766
145705,12.5618969428106
145706,13.0742493043724
145707,17.7018336375888
145708,13.9719588862649
145709,17.8400466697646
145710,13.3901629318882
145711,13.109464162265
145712,16.5150988520274
145713,17.9775449682997
145714,14.1583848344006
145715,17.9460200105515
145716,16.0321224818981
145717,17.0612050394826
145718,16.4166205932502
145719,18.9423294041197
145720,14.1742870288437
145721,19.3590709175376
145722,16.612247987465
145723,17.9538828751553
145724,17.540846326926
145725,21.7137514152172
145726,17.4351657048373
145727,20.5316497240026
145728,20.2864413902301
145729,26.5185286286646
145730,26.8171609193953
145731,25.5810714451495
145732,21.7770566360505
145733,21.7849864534595
145734,27.8127707029682
145735,32.5573807595479
145736,34.4741999190036
145737,29.2933051613613
145738,26.4748043051447
145739,25.6652273638299
145740,36.225192974132
145741,33.0415507387944
145742,36.6223074059615
145743,27.1697422290567
145744,25.4842983003677
145745,16.8227796647013
145746,37.7083882244117
145747,29.2546361623098
145748,36.6105407716294
145749,26.3826647141151
145750,20.2231946336472
145751,14.3493655504289
145752,36.3596331458592
145753,28.9526881721495
145754,34.3952166140517
145755,25.9471443270386
145756,12.633931112727
145757,17.3771501727477
145758,37.0620977297375
145759,33.3405202908351
145760,31.1904639545136
145761,25.3326447273177
145762,12.0948854619369
145763,19.1276092405528
145764,31.6345145821099
145765,36.8019693031653
145766,28.9569170495851
145767,24.2382994327816
145768,12.489289558984
145769,11.9802490148883
145770,30.1234303825842
145771,40.9713433595532
145772,28.0636664761601
145773,23.5878639614585
145774,13.7599905275934
145775,8.65439595093869
145776,30.9266916624709
145777,33.5037082432831
145778,25.8085612965411
145779,21.68617881953
145780,8.90594308092484
145781,3.25441804023968
145782,27.866550527013
145783,40.1009352113322
145784,24.2266430262473
145785,20.2772605660094
145786,6.31937137158614
145787,0.337008255879049
145788,28.119611209598
145789,50.6853139443489
145790,24.6567657147556
145791,20.0980408676238
145792,5.25552480791875
145793,-1.81548291639194
145794,25.7951713042738
145795,63.9076098680061
145796,25.472601190116
145797,19.989551114347
145798,3.72966599721082
145799,-2.94188078433867
145800,26.8450387212602
145801,56.9998764196328
145802,25.0194713764342
145803,20.5952459499969
145804,5.33215951154746
145805,-0.315657710587601
145806,27.3954547741029
145807,40.8806591534253
145808,29.9358900824084
145809,21.9444588483923
145810,6.73359848132151
145811,2.71889289991983
145812,31.147536489886
145813,33.5300763273925
145814,32.0376110913964
145815,23.1275917163655
145816,14.7692792597234
145817,11.4179838803706
145818,33.8037374938647
145819,31.7601023342976
145820,31.5721052094516
145821,23.0808851506763
145822,18.9085027906711
145823,15.7431072769846
145824,33.7237910388554
145825,20.1039960450306
145826,24.2934110253075
145827,20.0396570249092
145828,14.112761597852
145829,10.2328593606607
145830,27.5158736225794
145831,17.3895778524317
145832,21.7496211872831
145833,15.4011366515589
145834,6.84555880931312
145835,4.2004932460113
145836,22.1420236157894
145837,16.7282591364537
145838,19.0839328699618
145839,14.0547577171324
145840,4.2621323015419
145841,6.31286291239117
145842,18.4701266051265
145843,16.6782282588337
145844,16.2709904723648
145845,14.140839529495
145846,3.30768582231791
145847,13.934300634371
145848,15.9863752210396
145849,13.1027891312775
145850,15.0517328560918
145851,15.1204374924242
145852,8.23382512358317
145853,19.6669073933045
145854,15.1632017930606
145855,10.2594287511861
145856,15.2738733394605
145857,14.7627998032345
145858,14.8072630387041
145859,23.1864132529783
145860,15.1795407827511
145861,8.84090536100907
145862,15.5849356630025
145863,16.1359315630452
145864,20.6307999051722
145865,24.4604480929281
145866,17.7474219002532
145867,10.0886514198377
145868,15.6609603169816
145869,19.51005504989
145870,23.8969131031753
145871,25.99383459528
145872,19.6127952229826
145873,20.8806868534138
145874,24.70733751727
145875,25.784344997318
145876,29.8078167526526
145877,31.1891055513127
145878,26.5966798981353
145879,61.6836219506642
145880,31.8695472499778
145881,36.1525193548973
145882,35.1788613096789
145883,36.8952921629032
145884,30.7530476612034
145885,99.1474762111005
145886,31.1401946099593
145887,34.1515894666008
145888,34.7370870578265
145889,34.7320592585907
145890,27.8030135463143
145891,113.882384795368
145892,28.0533002776439
145893,32.0404148026551
145894,33.2464367752186
145895,32.1859149260255
145896,29.4686057948438
145897,112.798421411514
145898,25.0965225502088
145899,30.9666067782679
145900,29.3593055784049
145901,29.3206215162052
145902,26.2547317620045
145903,104.344826756258
145904,27.940901983294
145905,29.6691722755373
145906,24.871308096374
145907,26.3171501439039
145908,26.9941306962109
145909,89.5229547225926
145910,29.9933305179906
145911,27.1666047671447
145912,22.6375384071696
145913,24.1089720200024
145914,30.4524230521426
145915,82.0318884680787
145916,28.1366687975886
145917,26.4928276184527
145918,21.7905206898508
145919,23.7687149379985
145920,29.7942887002744
145921,52.0252015263465
145922,24.0322710955622
145923,25.7400399808421
145924,22.2443909046432
145925,23.5524540759691
145926,24.8689298897956
145927,49.0613279706943
145928,23.6013894960643
145929,25.4056374851685
145930,22.570598599073
145931,23.5152030724884
145932,24.2569280104359
145933,47.9666930052518
145934,24.0276120365969
145935,25.1756907252342
145936,22.6322252136144
145937,23.5506836939388
145938,25.6899415169733
145939,45.6034945150891
145940,24.7398281307863
145941,25.1737809513252
145942,22.6811994951929
145943,23.9592069231013
145944,25.9828918477095
145945,49.9284990421851
145946,26.2747173749647
145947,25.526362332937
145948,22.9597862049828
145949,24.2648222050568
145950,26.842028721454
145951,58.0047976331437
145952,30.4930645644461
145953,27.1989936327652
145954,24.3836816301306
145955,25.367030464293
145956,30.5025001216863
145957,73.5261788814181
145958,33.103209464194
145959,27.6968294127983
145960,25.9118138137513
145961,27.0797058211654
145962,32.8619925558618
145963,82.1619780523383
145964,32.0460113559833
145965,27.653013104645
145966,25.229674236017
145967,27.1465866558958
145968,32.3402359874645
145969,30.2461909138248
145970,21.4675308269627
145971,20.8758000201859
145972,21.5514344630676
145973,23.8228934247509
145974,21.7213390495465
145975,24.0074951933864
145976,17.8006316497172
145977,17.9824384054564
145978,19.4100712947672
145979,20.5542805723756
145980,17.9244381972755
145981,21.803030163963
145982,16.9445460547967
145983,17.2971496822541
145984,19.3369658047135
145985,20.3947401335429
145986,16.7571084368712
145987,20.3518444494393
145988,16.0701893472283
145989,16.814396093181
145990,19.3388969928986
145991,20.800154704086
145992,15.8900728298393
145993,19.836784706262
145994,14.8856750666098
145995,16.6427792597401
145996,20.2301825240423
145997,21.9701193441859
145998,14.4783606288608
145999,18.9418683567671
146000,12.8318834815179
146001,17.3786477904816
146002,22.0712158302054
146003,24.1676721052691
146004,14.1156291726153
146005,17.7777150527769
146006,8.60534180615431
146007,17.8309831825836
146008,22.540208696081
146009,25.376057937717
146010,10.8783886448692
146011,18.1144669141669
146012,7.28188271497478
146013,18.5770240451987
146014,22.5580218816869
146015,25.2033374607777
146016,8.85385601702797
146017,25.5441096563265
146018,15.53863301588
146019,27.4683611040515
146020,27.7549081196025
146021,29.9608238637205
146022,16.2003645693641
146023,82.5502851849413
146024,26.6328522885456
146025,33.8331754007384
146026,33.6491374310579
146027,33.9235544827901
146028,26.7583513993392
146029,74.6166381468435
146030,22.6925122300414
146031,27.3472115165709
146032,28.8570309604838
146033,28.9045968074733
146034,23.3932601222163
146035,45.1046815026938
146036,20.5373148792525
146037,25.1667930339924
146038,23.4501867082647
146039,26.1804047768223
146040,19.1964940267142
146041,30.2966083704779
146042,19.4210129883431
146043,22.6918373761648
146044,16.7115779103879
146045,16.890933184897
146046,16.7806771661489
146047,27.3092376059851
146048,16.9183077442276
146049,20.5529946696041
146050,16.5962010509745
146051,12.97109636874
146052,11.721173228907
146053,27.1091180327812
146054,15.5751875836932
146055,19.2953059730252
146056,18.2992944520207
146057,16.2129333662673
146058,11.4640907573012
146059,22.0704085521497
146060,12.010214503756
146061,17.7201524258615
146062,16.9581825110109
146063,11.1982931427006
146064,9.8825501796135
146065,21.3441321373993
146066,10.5933407720586
146067,17.8549887220503
146068,17.0572870833004
146069,18.6977459119746
146070,9.22523803210124
146071,21.8806893231295
146072,11.0365904339853
146073,15.796700588822
146074,17.4434935862802
146075,18.848398927493
146076,10.1489486820341
146077,19.9227526712096
146078,12.4621458987773
146079,15.7265466425848
146080,17.3451472825801
146081,19.8370197998177
146082,11.3126745264951
146083,20.8293778608099
146084,14.8809291891
146085,15.2825390095934
146086,16.5405283579585
146087,19.5629338099205
146088,12.2837921175614
146089,23.8453805701373
146090,18.5181167598545
146091,16.8306985122613
146092,17.2880608605261
146093,18.7177376612135
146094,17.0728198745029
146095,27.5916869389608
146096,21.2141684121238
146097,17.8102995955236
146098,19.1375332027218
146099,18.8942604181006
146100,20.549334912828
146101,31.9392319686029
146102,28.5801124734757
146103,20.2471112242167
146104,20.0111324328018
146105,18.3419797132706
146106,27.4988625472368
146107,41.7122282073164
146108,30.5515784105728
146109,20.4142767289301
146110,11.6667055473307
146111,9.02207922283552
146112,29.0013457139694
146113,19.1975142368805
146114,17.882602340172
146115,13.3559629411731
146116,6.03960494239039
146117,-0.932258945059225
146118,17.0710685156162
146119,13.6032092818591
146120,14.5904870983122
146121,9.03931852560159
146122,2.74134280754653
146123,-3.90716720932266
146124,14.6754541074652
146125,11.5180661413121
146126,14.3585022000302
146127,8.5119321965311
146128,-1.75902718611911
146129,-4.60919054302364
146130,14.1474662988737
146131,11.8851453619689
146132,14.2359003792516
146133,9.34448046567722
146134,-1.98878478616766
146135,-1.96853682809361
146136,13.9908051245219
146137,13.0574337575111
146138,14.1518635984386
146139,9.51974074102434
146140,0.482609709650621
146141,5.64230092089394
146142,14.1308474753706
146143,13.4160855109143
146144,14.3720443154827
146145,9.28601835391009
146146,4.77544538981942
146147,12.3561926644816
146148,14.4441483537934
146149,13.4739235737651
146150,11.3381286314049
146151,8.82599048640709
146152,5.2316526352122
146153,14.4425853268442
146154,12.4479168899469
146155,13.6117785408709
146156,12.4811410766211
146157,11.9674236692409
146158,7.67125416188253
146159,15.4144231245512
146160,13.300531491051
146161,23.3589711645498
146162,31.7340760539385
146163,23.2431838158201
146164,23.7544777390648
146165,25.8481191834693
146166,29.6081137544478
146167,93.199424944994
146168,53.0756114676354
146169,33.8862201177293
146170,35.0957848848613
146171,36.8699090910301
146172,49.0285865491543
146173,106.740739126485
146174,32.606839616349
146175,29.6510059425747
146176,31.0250998622335
146177,34.5300554312994
146178,38.2483425178515
146179,100.734395849845
146180,28.914976985291
146181,27.6946788848376
146182,29.5818952989775
146183,31.7782794435888
146184,36.2480753947318
146185,58.0050527904828
146186,26.3851602582074
146187,26.0013878052433
146188,27.1162098477087
146189,29.1455262800287
146190,30.6991714441023
146191,46.6805170166794
146192,21.5879608212019
146193,25.0415862804611
146194,24.8102954206874
146195,26.6789765922131
146196,22.7364424562332
146197,34.4458335460949
146198,16.7900456108619
146199,23.5942918511926
146200,22.1493647720492
146201,23.9983220445894
146202,18.2293708166258
146203,27.3228583600412
146204,15.5230243557068
146205,22.7618992510625
146206,21.4532540093302
146207,23.2320758581691
146208,16.0324896612806
146209,30.3322734516006
146210,17.0493620768202
146211,22.6020447717285
146212,21.1572259541723
146213,23.1371844334239
146214,17.0140189826446
146215,30.1698624435996
146216,17.8285791757772
146217,22.4521205772942
146218,21.0086227924657
146219,23.365074392322
146220,17.2312256531995
146221,29.8631910638039
146222,19.4256706361533
146223,23.172028271679
146224,19.9369891803356
146225,23.4223888636995
146226,18.0096328068093
146227,30.744863243813
146228,22.8986186849033
146229,24.2069447411777
146230,19.1234579417362
146231,23.855339300217
146232,21.9142079161311
146233,31.0701196795292
146234,24.3928558052182
146235,24.7047853728299
146236,21.5102868718079
146237,24.5679434529762
146238,24.2618469619363
146239,31.5892120799574
146240,26.887150106149
146241,24.1043296664653
146242,22.152152560209
146243,24.3625533404126
146244,26.4703020121419
146245,33.8147060385035
146246,28.5811725931516
146247,25.0483223751285
146248,23.1411458701783
146249,23.9224874466688
146250,27.650623983471
146251,32.9997822039541
146252,28.3038750687601
146253,25.9981309364107
146254,23.8220737469572
146255,24.3851223588108
146256,27.306793725983
146257,16.6086855374909
146258,19.4699255429916
146259,18.1200571412039
146260,20.3918639201286
146261,22.2316760558709
146262,19.7384575458453
146263,14.3136791662302
146264,16.7116909636909
146265,19.7486073630614
146266,17.9386623667582
146267,19.4642617136818
146268,16.4586508958275
146269,15.6010753137592
146270,16.4169462163851
146271,19.3254731923194
146272,17.6464390765495
146273,18.6976079310181
146274,16.3279070046883
146275,15.8712780982558
146276,14.343534189312
146277,18.9048172812427
146278,16.5482768424461
146279,18.0112109318754
146280,14.8414233022427
146281,14.0924436177065
146282,13.9420471706956
146283,18.4333930166817
146284,15.9228840696486
146285,16.987906714673
146286,14.6114293370569
146287,13.0555854955489
146288,11.9275731428014
146289,17.0646720018372
146290,15.0976348359216
146291,16.0031808338867
146292,12.4327668807164
146293,12.8153543945964
146294,10.7593213226468
146295,16.6007257984507
146296,14.4171826686389
146297,15.23806845647
146298,11.5044371357032
146299,14.4339835708351
146300,9.98170253787752
146301,15.8150246445287
146302,14.1856097076564
146303,15.3476195173137
146304,11.0311849988732
146305,21.7259817474086
146306,23.6820276880987
146307,23.674330462428
146308,22.4050662579989
146309,22.9535573517901
146310,23.5746188272721
146311,61.7097048274035
146312,38.1776485480219
146313,33.186618647008
146314,32.7828549382712
146315,33.6837208450079
146316,39.865533137005
146317,52.4797190404632
146318,31.5253667464077
146319,27.5696214506086
146320,29.2404419419884
146321,30.2108348101345
146322,34.565679821861
146323,35.3412989163426
146324,26.7494020123264
146325,24.6081531792607
146326,24.494968952303
146327,25.5155578070207
146328,29.1730445972935
146329,26.5539897259699
146330,20.5502629503083
146331,22.3524749195185
146332,20.2363725569607
146333,22.6896979065036
146334,21.295885810316
146335,24.9004109169714
146336,18.6921397331327
146337,21.6020101795266
146338,18.5092582028032
146339,21.7665785553771
146340,17.5749012932871
146341,23.0315145990214
146342,17.5246447666318
146343,21.0215290101056
146344,18.2652531257055
146345,20.0779671073266
146346,16.2138759161987
146347,22.9217303192889
146348,16.6203419965755
146349,20.750982978989
146350,17.5456042328217
146351,19.7199725823848
146352,16.0792698358862
146353,20.9894237594323
146354,15.0992438025458
146355,20.0032938561533
146356,14.7099416171303
146357,16.0737957774522
146358,14.4396210807443
146359,18.5916363063255
146360,14.5621267113359
146361,19.8075368495495
146362,14.0353326868052
146363,15.1137532022959
146364,13.1338887859914
146365,17.8871640559538
146366,14.2581740523029
146367,19.6841044436044
146368,13.707640335246
146369,12.7024019969261
146370,11.2947542554104
146371,16.8673647816291
146372,14.2081938642265
146373,19.7758755020755
146374,13.0242889544818
146375,12.692650773913
146376,12.341713043211
146377,16.7768242729152
146378,13.9517835488044
146379,19.7547025542907
146380,12.7467458545244
146381,14.1963597194207
146382,13.1650155012047
146383,16.8492265878777
146384,15.2306590288596
146385,19.0343044090219
146386,13.6789249015539
146387,14.3998108861074
146388,13.0988010000148
146389,17.2265070062968
146390,15.7346261674311
146391,19.1329563056647
146392,14.1264401049612
146393,15.2969133934671
146394,15.2711705331542
146395,15.9790601696701
146396,15.0065815709425
146397,19.8147637008013
146398,12.1972295887257
146399,15.3895324536764
146400,14.9017950611402
146401,6.1004665523004
146402,9.91906095030777
146403,18.6048388477323
146404,10.9958378190118
146405,13.9103072651201
146406,12.7835782318333
146407,1.69463033695514
146408,4.54778424619796
146409,14.2072312497878
146410,8.91244058851835
146411,10.7838764240902
146412,5.26817675971502
146413,-0.165381862934545
146414,-1.58165311959747
146415,11.5220703089732
146416,6.75811953473474
146417,6.20548045862146
146418,-2.141889861716
146419,-0.483033692229792
146420,-4.12594712808904
146421,7.0467019104044
146422,5.43500478211764
146423,4.52546049004862
146424,-3.4934192699815
146425,-0.412000064094052
146426,-4.32106223490897
146427,6.53771523779342
146428,4.79101686489745
146429,3.88371257256981
146430,-2.98870605481829
146431,0.412264896417078
146432,-2.59395290073905
146433,6.11506817797568
146434,4.68584135016513
146435,4.79649432284738
146436,-3.76003427518275
146437,0.0639960130050561
146438,-3.59716259159726
146439,6.32141393849652
146440,5.05153806094384
146441,5.85596529379507
146442,-4.46109631308653
146443,3.47165974638154
146444,-5.07056087214444
146445,7.24623035464789
146446,6.81616382263974
146447,6.69976254745688
146448,-5.42093471814585
146449,8.81898574428709
146450,-4.26332438950075
146451,11.5847827376182
146452,9.52284570853976
146453,10.4040830465948
146454,-5.13018373764159
146455,15.7888320953717
146456,-1.56794387168664
146457,19.9705635679893
146458,12.7840290238214
146459,11.596187111101
146460,-2.5725871582504
146461,17.8843054526554
146462,-1.35895741703117
146463,21.0264326919139
146464,14.7438413724391
146465,10.9616754978197
146466,-2.33606706468405
146467,17.1195501501837
146468,-2.24614837143954
146469,19.316799139859
146470,13.5605748802171
146471,8.19179902354601
146472,-2.70577512080406
146473,15.9883006038956
146474,-3.00271590104661
146475,16.5445934901797
146476,11.2033140426078
146477,2.0041540770609
146478,-4.09700052957994
146479,15.4714811797733
146480,-4.33853221919904
146481,13.7346193604815
146482,8.80364772307156
146483,-1.14746554254482
146484,-5.98507483021624
146485,14.8684230254447
146486,-5.20292016543253
146487,14.9579693254
146488,5.06852957827769
146489,7.90337936382266
146490,-6.82709079209716
146491,14.7743320510656
146492,-6.34183262333009
146493,12.0260190538884
146494,4.52970577439388
146495,8.32130731856478
146496,-6.94568613595701
146497,14.9718448901337
146498,-7.80726487256317
146499,9.2311312756068
146500,-0.0445770059079393
146501,3.14961317963279
146502,-7.55637212290674
146503,14.9946099656748
146504,-8.32649683082938
146505,8.91423708006226
146506,-1.32528828445022
146507,1.78808419288466
146508,-7.33988313766702
146509,14.9130324204972
146510,-7.89718202865282
146511,9.16976840732994
146512,-1.16913959896519
146513,3.90409872243172
146514,-7.57157652135358
146515,14.8649170612151
146516,-7.28495251858943
146517,9.04285412638508
146518,2.52917792003379
146519,4.01577428266916
146520,-7.74308215974143
146521,14.9317342181353
146522,-6.51100396218926
146523,9.61180085735459
146524,3.01087516925109
146525,3.69324710661244
146526,-6.64759227647015
146527,15.0076360484481
146528,-5.62419033789544
146529,10.6632737016952
146530,1.42143980421437
146531,1.95369623818326
146532,-6.43970100551206
146533,14.5782227283577
146534,-3.4059221118633
146535,14.6692655819303
146536,2.30694513185142
146537,-0.934906135047346
146538,-5.38616912411538
146539,15.9836320631454
146540,-0.777561764389443
146541,16.8934360678138
146542,0.645350751398702
146543,1.51949133852389
146544,0.994467331813315
146545,14.9718903696014
146546,2.98986037787804
146547,16.785028870827
146548,1.85398379905512
146549,3.06387176737734
146550,4.71725615695333
146551,7.37403618288428
146552,2.94867661535839
146553,14.8341656774848
146554,0.445170222803451
146555,3.30384594293503
146556,1.92839145458815
146557,3.63031359961744
146558,7.72152486909843
146559,13.244012912865
146560,-0.0718247948157256
146561,8.36623021817664
146562,4.77925849601361
146563,7.06290722974511
146564,10.9527667491631
146565,13.1318273098388
146566,0.408943201207439
146567,11.2681006189635
146568,9.34473135427229
146569,10.0426490625791
146570,11.7954266901383
146571,13.4513146458363
146572,1.50512326449035
146573,13.1974543632965
146574,12.1083666645045
146575,9.94633984109249
146576,5.58641532071341
146577,14.4541067119423
146578,3.47996843897135
146579,15.4949742544939
146580,9.56981615842395
146581,11.966780349835
146582,0.475881900495949
146583,15.5958858865525
146584,5.85503023336356
146585,16.7505734849797
146586,4.73674236792624
146587,12.5118768803501
146588,1.20723557718294
146589,17.12954476441
146590,8.82134932333573
146591,17.8177867460182
146592,1.43737185747377
146593,20.973698296561
146594,6.11390831677926
146595,19.6268651063698
146596,12.0467685618975
146597,21.6149861708377
146598,6.31296864767697
146599,59.0993227457728
146600,10.8419737123296
146601,23.2883792912021
146602,14.6685158473437
146603,25.0220328745037
146604,11.3530303324276
146605,65.5592972308168
146606,6.23884415085323
146607,22.4842611915524
146608,15.4760382338296
146609,21.9250536271166
146610,7.07490368828894
146611,64.224829613807
146612,5.13671233371919
146613,20.6508142313226
146614,14.9949150087185
146615,19.3322952678505
146616,5.78265769676029
146617,62.5464666683382
146618,4.82340892407446
146619,19.5912148045813
146620,14.4531709247583
146621,17.8355068107473
146622,5.20231022189579
146623,28.484004480598
146624,5.0052267365469
146625,18.3806446126924
146626,15.0465715314114
146627,16.9965936454573
146628,5.44594811994001
146629,21.0644908060207
146630,4.51438528565379
146631,19.120254092465
146632,14.798723226898
146633,17.7783437617729
146634,4.80170966901741
146635,20.9806020519318
146636,4.56984868973168
146637,19.0495590202929
146638,14.5248177782551
146639,17.4318165971323
146640,4.92686342127509
146641,19.5549964449422
146642,8.30783175494697
146643,19.5469340440926
146644,13.7392609233705
146645,17.4145885932938
146646,10.23789475631
146647,19.2520772335288
146648,11.391903873569
146649,20.8054289566621
146650,14.2704849972011
146651,17.6170082206871
146652,10.801742437575
146653,19.9975172387858
146654,11.7986376733108
146655,17.4752152562963
146656,15.4299186928951
146657,18.048515291861
146658,10.9866828438483
146659,20.2563257168702
146660,15.4315254652999
146661,13.3662191453643
146662,16.7937571306107
146663,18.6332014774211
146664,13.1447118459896
146665,21.897963162949
146666,17.8307701820109
146667,13.0342334028172
146668,17.8414703337637
146669,19.3723837831866
146670,15.0799384959627
146671,23.4141096066657
146672,19.9414941953023
146673,12.2008985098024
146674,18.5741765312449
146675,19.3924653839353
146676,16.6236612291069
146677,26.320832121582
146678,22.2768459630972
146679,14.4925063499158
146680,19.7916576773545
146681,19.6775387088063
146682,20.7945892377451
146683,29.0401726792494
146684,22.5787725691058
146685,14.8035025627397
146686,20.6731327136536
146687,17.2663033199929
146688,22.3150969223579
146689,25.1967399072033
146690,21.0679887980401
146691,12.6990853995968
146692,10.0056111903933
146693,4.71632384161233
146694,19.3765436486013
146695,20.122145935339
146696,19.2131063500226
146697,11.2494279216877
146698,2.1653031706768
146699,-2.45599523697487
146700,18.4238994365599
146701,21.2400813547443
146702,20.091785855583
146703,10.8461798225898
146704,1.08484841623799
146705,0.829933232963434
146706,20.4895284304946
146707,21.178998855873
146708,19.5693641024879
146709,10.9247627923873
146710,6.2213171951369
146711,9.88500616936682
146712,20.8649558220313
146713,22.8317535505238
146714,20.1919088339037
146715,10.055887251476
146716,7.23551035066813
146717,14.1070873537734
146718,21.9329369989987
146719,23.8760218062037
146720,21.7285871464479
146721,10.8751180869379
146722,3.07242579022244
146723,13.8229916308362
146724,23.6096522127866
146725,22.4305495265656
146726,23.6963059233561
146727,11.040442543601
146728,5.59714269078781
146729,13.1520368458258
146730,24.4146876866116
146731,26.3452569267348
146732,27.4647221009936
146733,13.2998857015953
146734,8.70334157471711
146735,15.4884161120788
146736,27.4950050015432
146737,48.4962052121137
146738,37.2110074796091
146739,18.2950475646579
146740,10.5699570560282
146741,22.7372324029277
146742,38.4986773160937
146743,74.1535712966
146744,42.3242325515228
146745,21.661430182133
146746,12.8270863656813
146747,24.8446448821707
146748,40.4324683458308
146749,92.4857480107422
146750,38.9002784212403
146751,22.6300794886368
146752,22.1308003455346
146753,25.6648653383099
146754,39.785574387311
146755,85.6904229845818
146756,38.4425405173041
146757,21.8160712057832
146758,25.7564910605042
146759,27.6415898609114
146760,38.2670625411859
146761,80.0657046900881
146762,35.6172131633016
146763,21.3366042912184
146764,25.8229327308924
146765,27.7334383829473
146766,35.4791412625157
146767,75.5402155007354
146768,32.5103229982475
146769,21.4176796974116
146770,24.9302447370077
146771,25.5597270776695
146772,32.2832318848878
146773,82.0314161101928
146774,31.8808563265099
146775,21.5690721078738
146776,22.5556566301059
146777,23.7501761154344
146778,31.7854138025723
