"id","target"
133627,75.8930902635048
133629,31.0874664638328
133630,30.8089268757432
133631,24.9207893591966
133633,27.3857485408368
133634,30.7973309816592
133635,42.4543834639065
133637,29.035047977531
133638,29.6854003550535
133639,25.3155886861687
133641,28.6847778407848
133642,29.884645973849
133643,84.312950725106
133645,30.7088457354488
133646,28.3284506279882
133647,26.9410697575411
133649,29.6610115949927
133650,30.4043464357329
133651,110.857664253423
133653,31.700346609846
133654,30.3518360586101
133655,27.3111054890999
133657,31.4273393913163
133658,31.0919172429058
133659,92.16440762418
133661,33.8966552394479
133662,30.1254065628645
133663,27.5666558845377
133665,30.2009205385521
133666,33.0783445672685
133667,97.5363172885798
133669,35.2745194835302
133670,31.2408025193718
133671,27.2407915145284
133673,27.7885394819486
133674,33.6839260941731
133675,100.46208820577
133677,36.1721048501476
133678,30.3223047615365
133679,26.8557778457569
133681,28.1046000634254
133682,34.808182418938
133683,80.0748454131598
133685,30.501672361258
133686,27.8181305301872
133687,25.9406429964657
133689,28.1368592080054
133690,31.924582925519
133691,30.3644735606624
133693,25.1127598238819
133694,22.0428087657689
133695,22.273711119279
133697,22.1078392666022
133698,25.2256447553158
133699,24.0812377568286
133701,22.2859756874744
133702,20.2925603944132
133703,20.7947458430932
133705,20.9116051135291
133706,21.628643515394
133707,22.967618057341
133709,20.0919712773757
133710,18.9260046999275
133711,20.4923492207411
133713,20.2159139889479
133714,20.0220022905908
133715,22.2611334192622
133717,20.1063211613593
133718,19.9467473487382
133719,22.5341047372318
133721,21.435287925751
133722,20.2694140570292
133723,22.6475982180021
133725,21.7274630512314
133726,21.9009904791058
133727,23.8211380933717
133729,23.4319852744718
133730,22.1229635428388
133731,25.0473056809151
133733,24.0901338481897
133734,23.2163911487449
133735,25.6988956840593
133737,25.3035127216104
133738,24.3484876255311
133739,26.1494667681146
133741,25.5657362061508
133742,23.7603399209245
133743,24.6699071450548
133745,26.8615902694562
133746,25.9837670593244
133747,24.4777600116845
133749,26.5145230647246
133750,26.8542153970694
133751,25.4081679579004
133753,27.5964596774334
133754,24.9316092716803
133755,26.7988254739549
133757,29.6913411937821
133758,27.9968263651941
133759,30.2461086292732
133761,29.0825601563277
133762,27.6796640515186
133763,37.0157500298503
133765,32.5425117164467
133766,30.629504418724
133767,35.1309205956133
133769,30.5021708702098
133770,29.7724173119392
133771,47.955999130349
133773,45.5509273230188
133774,37.0856805461417
133775,36.1239029441213
133777,36.384658339528
133778,45.7390249500705
133779,73.0469978729217
133781,104.570242574869
133782,63.2907775151477
133783,45.7481613776841
133785,69.7710554250311
133786,89.8946425471143
133787,91.3806142921085
133789,92.4265599980544
133790,73.5113793834767
133791,35.0036339445026
133793,81.3509222302641
133794,95.3747183231755
133795,78.0191433904039
133797,38.8072318136102
133798,47.7240523362662
133799,31.1545644465486
133801,47.7819024927706
133802,42.0995286118365
133803,61.5651622980038
133805,28.1724720791406
133806,33.0803134730885
133807,29.2331215663318
133809,34.8282607946215
133810,30.6014812321938
133811,63.347108104257
133813,25.7868649019901
133814,28.7777694319796
133815,27.0463648798005
133817,30.0407212053262
133818,26.9035863688676
133819,86.488299097661
133820,24.5259989651676
133821,26.9182812630958
133822,27.2729658389546
133823,28.3343447519471
133824,26.7504104127747
133825,83.335189877457
133826,27.0556199875367
133827,25.9606274561191
133828,25.7777054972894
133829,27.17718918556
133830,27.38007206107
133831,70.3170878429023
133832,24.7837845388961
133833,24.3039626062598
133834,23.3900462926306
133835,24.6595932229448
133836,25.0759673781291
133837,69.6636272811168
133838,25.0670201734979
133839,23.9873771877604
133840,21.8553920733143
133841,23.2950639209752
133842,25.0458284415407
133843,67.3569175700967
133844,26.4855689920003
133845,24.0323129469842
133846,22.1930145361322
133847,24.1580372400718
133848,24.8101589679764
133849,84.5768319353867
133850,31.8614795582519
133851,26.1986833426485
133852,24.4823378683489
133853,27.3683842079942
133854,30.4407450389253
133855,95.8284400178995
133856,39.9370373636153
133857,29.9095771311807
133858,26.1711779666299
133859,31.7899023847903
133860,37.5928903328616
133861,85.1515722909252
133862,38.4317414883798
133863,27.8781077506008
133864,26.2079314020469
133865,30.5313125523166
133866,34.9284308379119
133867,30.6034178336352
133868,22.9765390186616
133869,20.0134935689829
133870,20.3284252154521
133871,21.0029448915651
133872,22.3720391375421
133873,23.9235559950649
133874,18.7299506518911
133875,17.2199200869682
133876,18.4649671705973
133877,18.0692758723788
133878,18.7349311431554
133879,22.9818456748827
133880,19.0402736205647
133881,18.0526013855745
133882,19.9710994223473
133883,20.3260373836892
133884,18.6232727547747
133885,22.1004220845631
133886,19.3194171477864
133887,19.3225950061347
133888,22.1839539465881
133889,22.6143919442473
133890,18.9593071552943
133891,24.7033267652793
133892,20.1109232923277
133893,21.7733372243627
133894,22.7033425612433
133895,24.2969277269296
133896,20.5010123364109
133897,29.0576159643358
133898,22.842803116224
133899,23.111920396108
133900,23.9613529354673
133901,26.6218303031343
133902,23.839682492332
133903,31.2065908013482
133904,24.3565988783971
133905,25.27386197828
133906,24.2646784787272
133907,28.2960452962024
133908,25.8405729519043
133909,35.8063344408123
133910,26.8453068363258
133911,26.0311740938113
133912,26.556568814699
133913,30.9281200835715
133914,25.929231182103
133915,34.8300130652232
133916,28.8405281183987
133917,25.4414256752555
133918,25.8976470275528
133919,35.0940564583524
133920,27.7643508132655
133921,44.4428924696049
133922,30.0971650711899
133923,26.5894792796283
133924,30.459591011066
133925,36.8439440154087
133926,27.640376922998
133927,53.31226267915
133928,41.8233411388788
133929,34.9192654022147
133930,35.5854368444546
133931,42.9066487364114
133932,43.5838409213125
133933,74.725484262127
133934,88.3710392229934
133935,53.0649486312518
133936,51.1884953016894
133937,57.9785749168601
133938,93.9378079677048
133939,77.7185089232746
133940,62.9484207284942
133941,67.8257345858731
133942,53.7571167774776
133943,48.5234508795354
133944,55.7974083602241
133945,64.3783566691286
133946,43.4497515335122
133947,46.7784685132942
133948,39.7438257195503
133949,43.8269787614692
133950,43.389835198217
133951,59.3054515770337
133952,33.3889898415204
133953,36.192856351957
133954,30.8767987659722
133955,38.8018364824002
133956,34.6046138330965
133957,57.7017345803695
133958,25.1184682292581
133959,28.6568623283019
133960,28.6855179417586
133961,31.9766081457621
133962,25.6788702378274
133963,59.5678510180286
133964,26.4027806102643
133965,28.1356810006632
133966,24.7717316736312
133967,26.3258608508768
133968,27.0808361433502
133969,45.6147233607453
133970,25.780564172577
133971,27.5827347475337
133972,24.8073845385957
133973,26.7813767792246
133974,26.5522443062754
133975,51.7595374958836
133976,26.7360839737086
133977,27.3631148936422
133978,24.5036091296616
133979,27.6291825549629
133980,26.6024172053289
133981,56.901572272876
133982,28.1130493649929
133983,27.2835971778939
133984,24.275036289617
133985,26.35246635423
133986,27.2158712550608
133987,64.4211239817419
133988,30.1268838265723
133989,27.6024495655238
133990,24.8972685827526
133991,26.033161911048
133992,28.4572232301852
133993,70.6345825979454
133994,34.9454997781237
133995,30.5095209061995
133996,26.9704162477548
133997,30.7950595514272
133998,34.5830496049213
133999,91.3404639726767
134000,38.4334512046793
134001,34.034009804449
134002,27.5566382662169
134003,34.6351651443168
134004,38.1166919333623
134005,80.8395376626808
134006,37.4991792445204
134007,32.5623524290179
134008,27.4582612019311
134009,33.0658814518499
134010,35.5924383214248
134011,28.5238295070438
134012,22.7990526867931
134013,21.8214831930863
134014,20.2945449882343
134015,21.5381529438093
134016,22.0209509947017
134017,20.5247023822061
134018,18.6753021036506
134019,18.9741851507598
134020,17.7667261412834
134021,18.3210284329056
134022,18.2267327877492
134023,19.7924514506472
134024,19.0390233926467
134025,19.3239537155414
134026,19.42567363728
134027,21.7507413877846
134028,18.6057895988057
134029,23.928330148004
134030,21.3197939881207
134031,22.7367635378804
134032,22.7923967452975
134033,26.629697564423
134034,21.0660415080557
134035,28.4064111382533
134036,23.6033084115649
134037,26.0791107194112
134038,26.3923317086679
134039,29.7624561236341
134040,23.8669913594151
134041,30.3398942428777
134042,26.6947817602069
134043,29.6459684363566
134044,25.8261880639365
134045,33.5465977173211
134046,26.8173260387093
134047,32.33836131048
134048,28.5244741749396
134049,29.5147876424102
134050,26.8516330107122
134051,34.5010234275227
134052,28.269587823656
134053,35.3249504830473
134054,31.9302904131877
134055,31.3597098840271
134056,28.6092975050305
134057,34.816380205896
134058,31.041035403575
134059,37.9909043125216
134060,37.3405153326898
134061,30.3484232389796
134062,29.7251536293279
134063,30.4673952582768
134064,33.5407432137205
134065,43.5935641298222
134066,40.6935988568571
134067,29.5852726828423
134068,37.9282517364478
134069,31.3917215181528
134070,38.3690806382305
134071,52.4467035290609
134072,60.3158008848225
134073,30.0259401216599
134074,40.7111370080032
134075,37.0201243862411
134076,59.9853016389874
134077,187.050389158053
134078,262.482748947295
134079,148.761251043918
134080,56.790998843802
134081,168.381919442183
134082,289.321855599629
134083,106.203531494067
134084,91.2726954213877
134085,121.072010382048
134086,57.4871551004263
134087,86.3137616222923
134088,117.286905537034
134089,60.1650861339579
134090,26.9548723689935
134091,38.3005837830765
134092,37.3138056582162
134093,41.1157266018288
134094,31.7157386427209
134095,47.2033468218284
134096,14.4456382147958
134097,29.2603964115305
134098,24.9882547129179
134099,27.8845662771297
134100,16.0968089875607
134101,39.2625153788937
134102,10.1399940015851
134103,24.6815564070701
134104,22.3325820442295
134105,23.4167710399117
134106,11.8899324559546
134107,37.0422607520777
134108,7.63073167829141
134109,21.7859293583666
134110,19.4749888820675
134111,22.3275833815067
134112,8.94309875799052
134113,29.5185769325972
134114,7.18678051392318
134115,20.1670598884194
134116,19.913497815234
134117,20.0803695441352
134118,7.58486912751838
134119,23.1890370550099
134120,7.32903432468583
134121,17.8794492830919
134122,19.0236713267022
134123,18.1242114930859
134124,7.28606557191493
134125,23.946318871983
134126,8.49444528908066
134127,18.6271145436832
134128,18.8069917900193
134129,16.8444999711343
134130,8.28541501133672
134131,23.9949149295923
134132,7.77799410571818
134133,18.8045541131331
134134,19.4811499095656
134135,17.630050071645
134136,9.97778454151135
134137,27.7452182900827
134138,11.4770869682976
134139,20.3884057142032
134140,21.0910641262714
134141,20.5424599474468
134142,11.9153506845656
134143,32.7576940827727
134144,11.4044997546012
134145,21.338325516286
134146,21.1941127583206
134147,22.7553572843509
134148,14.2848350745819
134149,29.9683893618772
134150,15.1374797939969
134151,20.4964484795454
134152,21.0306421982048
134153,21.2489279747926
134154,14.5004844262681
134155,24.3960237420166
134156,13.404540951419
134157,15.864823367519
134158,16.8064855342345
134159,17.1783747718848
134160,12.5383800133624
134161,21.426347716439
134162,13.787942276097
134163,14.9584863514091
134164,16.3898662341337
134165,17.4346149468048
134166,13.2602640905512
134167,20.4102534392132
134168,15.8715392458674
134169,16.990789712813
134170,18.0647298919972
134171,19.3405051376497
134172,14.7771361995431
134173,22.4857508207523
134174,19.6298423876471
134175,20.636649686124
134176,21.6661585453294
134177,23.9412528773347
134178,17.5393920512422
134179,26.0205854447714
134180,22.3706272022736
134181,25.4411578757811
134182,24.9247570301565
134183,30.6223246090417
134184,20.5486535301841
134185,33.6287685761372
134186,26.4211224189116
134187,31.4170291252469
134188,27.4060637823881
134189,33.8743151606786
134190,25.6974933910915
134191,41.4832179129616
134192,31.3124232065234
134193,32.8114903441277
134194,27.8793473071022
134195,34.3185120735499
134196,27.8173826354915
134197,46.4028640648152
134198,33.130073672371
134199,29.1601364746126
134200,26.8182515336054
134201,34.1098386149713
134202,31.6550926302384
134203,32.6743467309125
134204,32.264509752413
134205,28.9970504250809
134206,30.1158620864754
134207,32.967416008941
134208,34.281055365659
134209,34.3090478626914
134210,33.3158043293158
134211,24.4839880384826
134212,32.250175429207
134213,28.4857673007656
134214,32.2437764289553
134215,62.5570518290505
134216,56.2079019607468
134217,31.1279457676246
134218,32.2099036483702
134219,37.1445831459037
134220,48.2430371847738
134221,83.0968323724705
134222,111.921845223928
134223,48.0944689806936
134224,47.8356404517394
134225,41.6494677523436
134226,115.486044616952
134227,50.7165867549805
134228,26.8266890854511
134229,37.023865956167
134230,42.1616821680323
134231,25.9867535724656
134232,33.2941085244202
134233,36.5013607539961
134234,14.5982334202604
134235,28.7930237319038
134236,17.1331006252197
134237,24.0052788978489
134238,16.9152201474733
134239,29.7671798683787
134240,16.6651875499364
134241,25.1520726821755
134242,16.7218344414375
134243,20.2252349215224
134244,16.3813818099804
134245,25.1540482825338
134246,12.9352877781203
134247,21.3741817467475
134248,14.6040148995506
134249,20.3762367711103
134250,13.3488221393176
134251,28.7365136684084
134252,13.4739831256928
134253,20.7980280638878
134254,13.8099940592383
134255,21.4514295331795
134256,14.0380966921355
134257,30.2347921209731
134258,12.3175878088564
134259,20.0034454447653
134260,15.3916921107943
134261,18.8220630186886
134262,13.3936730337346
134263,26.2256391976036
134264,11.4587901418502
134265,18.9870131852934
134266,16.4202723036947
134267,17.8189055351119
134268,11.8722219967013
134269,25.1821744840393
134270,11.7987080963687
134271,19.2492523704336
134272,17.4062953138778
134273,18.7349840445416
134274,11.1283877193988
134275,27.7034924745238
134276,12.7142356745038
134277,19.1363821885395
134278,19.0176299844701
134279,18.9584213598968
134280,11.6346354575726
134281,30.4765319501688
134282,13.4355255795969
134283,20.5831709877488
134284,21.3926748013759
134285,20.3198199865641
134286,13.3350865546092
134287,31.3483176350464
134288,14.362642553056
134289,22.5724141924869
134290,22.5149158748148
134291,23.8169210894727
134292,15.1938447001854
134293,29.4196596705256
134294,14.95661354466
134295,21.263412494022
134296,21.6870360892385
134297,24.3010106059251
134298,16.0568977703494
134299,26.9127279146077
134300,14.5649224641624
134301,20.4199256068976
134302,19.0726382344251
134303,21.1948749957974
134304,15.8534295009533
134305,27.8501139305383
134306,16.2412063062516
134307,19.1242913643275
134308,18.1906977817244
134309,21.1204365991406
134310,17.2312730574035
134311,25.1540152949335
134312,17.2454357007593
134313,18.6248061028181
134314,18.9597225164606
134315,21.935792570597
134316,15.8564952137969
134317,21.4029335022139
134318,18.0341063363495
134319,20.0027419308406
134320,20.5881264113939
134321,22.8652668081531
134322,15.8171631941286
134323,34.8958033036373
134324,23.6534463657247
134325,22.2432998987191
134326,22.3098033350651
134327,25.6954636612408
134328,19.1889213673925
134329,37.1137376873268
134330,27.1822959122724
134331,26.1072642211498
134332,23.4035353922642
134333,31.2086382246175
134334,24.8168064837059
134335,40.859595854841
134336,29.604741238469
134337,25.4511397210449
134338,24.0737948461745
134339,34.4643491431327
134340,28.860645280844
134341,41.6210759581088
134342,24.0252108465171
134343,25.2605373657371
134344,24.7095622105865
134345,39.3011533605449
134346,31.3586245858852
134347,45.3654823339537
134348,24.0474556161871
134349,21.8692063253298
134350,24.6404940164064
134351,50.5133945898338
134352,23.6067060979127
134353,49.4557411034083
134354,27.8610628641052
134355,22.2830469799748
134356,26.9798562351659
134357,44.7754998197116
134358,23.8729463186564
134359,70.9428983072448
134360,40.1469510632992
134361,23.6711151142404
134362,32.5006636949935
134363,62.5305727254341
134364,37.5192968337909
134365,82.6513271710734
134366,55.3195546934633
134367,27.7460516989597
134368,53.8670279484614
134369,97.6308014598879
134370,49.2274283327555
134371,64.7785530698595
134372,42.158392636613
134373,35.7938773549085
134374,19.9041598877018
134375,53.0588807450491
134376,45.6125232454516
134377,56.1031822876051
134378,33.9682679486283
134379,34.3031897935269
134380,11.5031933952312
134381,31.868928266172
134382,30.0642077236153
134383,50.4051686910029
134384,25.1975066436689
134385,30.8076154838257
134386,12.4782074614001
134387,32.4967971979163
134388,23.270183013892
134389,52.2176510000929
134390,24.3854975617525
134391,29.515880631707
134392,12.0424348586622
134393,24.6709288962798
134394,28.5658679536713
134395,33.0873688494681
134396,28.5861437071975
134397,22.7745385088076
134398,13.8178268833074
134399,34.1790368846978
134400,32.0864722270844
134401,25.7352195700843
134402,29.2955230020718
134403,21.7120937933249
134404,12.6794532063354
134405,34.40015874798
134406,32.7622597040051
134407,25.9096989676631
134408,29.6923981623727
134409,21.1161063834296
134410,11.6794421646738
134411,33.9978862285941
134412,32.5979137358147
134413,26.315545688689
134414,29.576406709267
134415,20.513622346919
134416,11.4651985939958
134417,32.5626491525265
134418,32.8596199429721
134419,26.634878091624
134420,29.7935566034629
134421,21.2495266916051
134422,11.2109487974788
134423,31.7627530579044
134424,33.2539875282986
134425,27.4394978278532
134426,30.473421260944
134427,22.7097427874549
134428,11.297135924721
134429,29.6817142171012
134430,33.4122256356698
134431,27.3460826309905
134432,31.0752252862105
134433,23.2265922012505
134434,12.1748064728559
134435,28.6148167502851
134436,33.6808121538272
134437,25.753641132995
134438,30.9734783730587
134439,22.5428365426968
134440,12.9790127921159
134441,29.1321048038957
134442,33.7655164270222
134443,21.1547330128204
134444,29.8543850434465
134445,21.6899876502085
134446,12.8012987783581
134447,28.9299161942836
134448,33.0198478924712
134449,12.6911759285626
134450,28.8395893771045
134451,22.0353785428536
134452,13.0813789217935
134453,28.9537948967163
134454,30.3906392814409
134455,10.208826815661
134456,28.1236868333147
134457,21.3674897448999
134458,12.9186448876584
134459,29.5709593039211
134460,29.1940216340439
134461,7.94032664071652
134462,27.9405134594488
134463,20.9940767234248
134464,13.341307819253
134465,30.4913768622065
134466,28.9166059027331
134467,6.11739951437586
134468,27.561345309687
134469,22.0032532034318
134470,13.7379554330274
134471,34.9685285720048
134472,28.414399814576
134473,3.97134462536424
134474,27.0689411730298
134475,23.0386795263961
134476,14.507719434025
134477,35.5509852558731
134478,27.829397242185
134479,1.90051215631512
134480,26.5649120555592
134481,23.2152228057043
134482,14.7071683525716
134483,37.6923827441648
134484,27.298507602247
134485,0.940699687658132
134486,25.3367675997041
134487,23.8034595546707
134488,14.8064386906724
134489,39.5358538286723
134490,25.9422656700462
134491,1.09522131337527
134492,23.9725214328747
134493,23.7019736129698
134494,14.7824355538408
134495,40.0536538802756
134496,24.5434199116084
134497,5.51555680889565
134498,24.5976214893508
134499,25.8331619395599
134500,14.7852927261633
134501,41.1170067345351
134502,26.0795848117638
134503,12.059024896131
134504,25.6572480475635
134505,26.922544488733
134506,14.8759024590094
134507,40.2220769759372
134508,28.3474752238254
134509,27.7346590814305
134510,32.5449904269755
134511,30.332736069763
134512,14.9300828896739
134513,46.9374070279164
134514,34.1677459537614
134515,29.1453987399861
134516,33.513423158406
134517,31.5039107817448
134518,15.0789814633328
134519,45.5385750406321
134520,33.6190681531143
134521,27.9629532074043
134522,29.130541569308
134523,28.954561499764
134524,15.0461532924001
134525,40.4475301134786
134526,30.8068383447295
134527,27.3492214965558
134528,29.0622378345223
134529,28.2126635506099
134530,15.2395331889026
134531,39.9293143325246
134532,31.5016392360539
134533,27.1019296174995
134534,30.0577451458727
134535,27.1825846581202
134536,15.2546531436067
134537,38.7435478568361
134538,33.0949398205122
134539,68.0269342647954
134540,32.436005007729
134541,26.7041806706394
134542,24.260793164452
134543,36.036120457752
134544,31.2210220672693
134545,69.1137620498634
134546,32.3663366770968
134547,25.7171449015301
134548,21.8217540806651
134549,29.3620146718148
134550,29.0489703230916
134551,59.8204379340509
134552,31.3346862110071
134553,25.1348755263681
134554,22.2970452277447
134555,28.7484617743527
134556,28.3907456907798
134557,65.4488153841158
134558,29.3140982031035
134559,25.7116496793037
134560,23.1795944600915
134561,29.1503573150196
134562,26.0924063658982
134563,62.6289899098583
134564,30.1612217546096
134565,24.6786017264506
134566,23.9007001734082
134567,28.2030072663144
134568,29.1968179832978
134569,56.8409918428737
134570,34.3887975157151
134571,24.9010535488298
134572,24.0526928108775
134573,28.5826539761247
134574,32.0748657130252
134575,57.7977510656294
134576,31.3697097198063
134577,24.7374215567913
134578,22.4485769202734
134579,25.3678409012543
134580,32.9915818269781
134581,48.6812252907317
134582,31.437795373074
134583,23.2978618962603
134584,22.0533493367079
134585,23.7480054748239
134586,30.9304003703568
134587,15.0946157227111
134588,22.7825527956111
134589,19.5785501440381
134590,12.3892459119891
134591,32.605187799108
134592,22.1953061706247
134593,2.99889723067798
134594,19.0872611233441
134595,15.4605386429692
134596,5.30642189706087
134597,23.4745062540738
134598,18.3593893331155
134599,0.54396067708527
134600,17.209101809317
134601,15.2975552763232
134602,3.09731302670919
134603,17.7569096788337
134604,16.1325126014006
134605,-0.159598281021005
134606,17.8444874120917
134607,15.390501449482
134608,2.75918037982494
134609,17.0941993766587
134610,17.3776488918128
134611,-1.39692101384496
134612,20.2121062560554
134613,17.1700585243158
134614,3.232131271221
134615,24.0097663650271
134616,19.6773383949811
134617,-2.44294883277475
134618,20.6883577151858
134619,17.708401318583
134620,3.0501458551554
134621,29.4207348229924
134622,20.1165346107705
134623,-2.20439588597304
134624,21.5539219263461
134625,19.1348241250966
134626,3.57537541520054
134627,29.6610693984093
134628,21.2112972768899
134629,-2.58791211217318
134630,23.6307540379625
134631,20.3872244462161
134632,5.83275892513085
134633,29.678861090773
134634,23.7400140654829
134635,-1.89230517734056
134636,23.4107084370714
134637,20.7830884065682
134638,8.28888569673143
134639,29.2061725424436
134640,24.0663896129679
134641,1.8468597666165
134642,23.6637949883377
134643,22.6904225352558
134644,11.0141149335991
134645,31.1798291729532
134646,25.5053997769623
134647,7.31200250063967
134648,25.9456465242357
134649,25.5792247534265
134650,13.9481375859376
134651,34.8834890743741
134652,27.9946731743317
134653,26.9379557527921
134654,30.1957186364427
134655,29.6947910042631
134656,15.4165329427572
134657,38.6920245908868
134658,33.2488844231355
134659,25.1157287273542
134660,27.4302708265415
134661,28.499099631365
134662,15.3868768607272
134663,39.9469583000321
134664,30.3482393755924
134665,22.984079573789
134666,26.6588666434272
134667,25.7499077164478
134668,14.9561122181835
134669,37.7211286662711
134670,29.6663789780526
134671,22.1846042302921
134672,26.2553234534852
134673,24.3538464144425
134674,14.5172786007414
134675,36.3266189885454
134676,29.5016009539752
134677,21.3565036610202
134678,26.35974714542
134679,22.8450025873643
134680,12.4638131046572
134681,35.8723779968224
134682,29.8308427020541
134683,20.6135481644703
134684,23.4194200383832
134685,20.051764780788
134686,9.46335703083926
134687,34.1188217656959
134688,25.6028766055455
134689,19.9778490208047
134690,22.039922182228
134691,17.9849236354019
134692,7.73533672051841
134693,33.9318042777701
134694,23.3061823050835
134695,20.4205375302766
134696,22.5593890417619
134697,17.2670326584577
134698,7.64284008567313
134699,29.3218531267004
134700,22.7214645493273
134701,20.7010179775588
134702,22.6925113883292
134703,16.8484275708564
134704,7.07425303132188
134705,27.8776122559229
134706,22.9678349651235
134707,21.8404900771786
134708,22.859054980357
134709,17.1675404943468
134710,5.61117783659568
134711,27.4834553489795
134712,23.1345451199235
134713,22.8706620849691
134714,23.5323268288726
134715,18.1903364876816
134716,5.59944379552202
134717,26.9581179997563
134718,24.2945897712958
134719,23.7805688759345
134720,25.3232226164259
134721,20.6210567132454
134722,5.76643736216135
134723,26.2408133736286
134724,26.3867950188782
134725,21.847244159317
134726,25.0336166843544
134727,20.1437387400086
134728,5.92734576263155
134729,26.3264887761829
134730,26.3209841592633
134731,7.74862779479902
134732,18.896163441264
134733,16.7165602812655
134734,4.72700986538582
134735,21.1446613977321
134736,18.7722648065789
134737,0.553900226416872
134738,12.6047964636982
134739,9.67867686937707
134740,-1.55974124477125
134741,6.47651409669085
134742,10.8060194937266
134743,-0.0384978576197526
134744,9.41081078228201
134745,7.22655040522845
134746,-3.62016931485429
134747,2.07295556989337
134748,7.75892681934728
134749,0.0431456199003613
134750,9.61726900797022
134751,7.40876075780696
134752,-3.83191663210976
134753,3.44998001025676
134754,7.71957741688179
134755,-0.36492267188267
134756,11.1024382451135
134757,9.41041357797593
134758,-3.77313975930996
134759,3.99840311794119
134760,8.85962290734713
134761,-0.671222933586417
134762,15.8198499334793
134763,12.596987892345
134764,-2.33706224795339
134765,12.1095006027698
134766,14.2362964002983
134767,-1.9822377234436
134768,17.9066421890315
134769,15.1775173500864
134770,-1.44303717635811
134771,15.9884988923788
134772,17.7902789931683
134773,-3.46603160491355
134774,18.8663595293341
134775,16.9255596462835
134776,-1.25831969793538
134777,18.4761734521061
134778,19.4342667548629
134779,-4.17801918871633
134780,19.3823190470825
134781,18.4417016022211
134782,0.751011638214734
134783,22.7030470714201
134784,19.8537027571264
134785,-2.05569027163078
134786,19.3354606552611
134787,19.6208815213125
134788,2.67581120952352
134789,28.7709079569147
134790,19.7253252075192
134791,-0.43380765208655
134792,23.9970062758968
134793,23.3962404304768
134794,6.88234436673988
134795,31.0269730235312
134796,25.693323142824
134797,22.889935552607
134798,27.8601499718199
134799,27.9890395272715
134800,11.9473500588203
134801,34.895187041642
134802,30.9611124241668
134803,22.6143207482959
134804,25.5627664618555
134805,26.1976627272692
134806,13.9566794980972
134807,33.495966214881
134808,29.6209726047504
134809,21.2951277012496
134810,26.0123296517889
134811,24.1783411469746
134812,13.5183898528146
134813,31.0663362115763
134814,30.8673181389095
134815,18.6240661935539
134816,21.9125508653251
134817,20.9587327988161
134818,10.1457025214133
134819,30.4020742710059
134820,24.6505882270128
134821,17.1420186949657
134822,19.5276724408683
134823,18.9499803320898
134824,6.60598538737311
134825,24.106614817342
134826,20.7508116166224
134827,16.1425299800152
134828,10.7190709755639
134829,17.5580163136382
134830,17.4756876240568
134831,17.5559053360522
134832,14.1050728522357
134833,15.5396250042762
134834,19.482013534451
134835,16.0405706699318
134836,17.5801179177649
134837,18.331927368473
134838,16.4538664607306
134839,13.1077284092907
134840,14.4234814655598
134841,13.5418550011993
134842,2.52950744422099
134843,11.06858180158
134844,13.4643383443699
134845,12.9886829872498
134846,12.4706201836684
134847,11.6005440762192
134848,-4.97702524094218
134849,4.15187381081072
134850,12.1617274684659
134851,13.6081264535533
134852,13.8041531787815
134853,12.69758921904
134854,-5.43578977144444
134855,3.3041505469629
134856,13.2838423514607
134857,14.9745688757343
134858,16.422657887236
134859,14.8941207814866
134860,-4.17037582577063
134861,10.4868322305992
134862,15.8174591117363
134863,17.7106452031309
134864,21.1135847794918
134865,17.5226273463942
134866,-1.74668422447249
134867,17.0309688161942
134868,21.1830233659082
134869,16.4044260259456
134870,20.8152433350135
134871,16.6993258638931
134872,-0.96038188188896
134873,17.6069370467822
134874,21.5829539685514
134875,1.16899086719094
134876,14.02787585112
134877,8.6665923534596
134878,-3.73650312779494
134879,8.59672473361335
134880,12.0501418275316
134881,0.388552531597778
134882,3.48378368219973
134883,3.95137267477266
134884,-4.55852814605158
134885,0.610698864817433
134886,3.03037517866814
134887,-0.555964394936876
134888,1.08129402495245
134889,3.0036601456058
134890,-4.83474360386576
134891,1.27805748300267
134892,-0.151656172138903
134893,-0.633224811470736
134894,2.9887230234979
134895,3.23357722223952
134896,-4.89560427122891
134897,1.81835649879544
134898,2.56514890078508
134899,0.830360532305733
134900,7.49699290901908
134901,4.10704749307753
134902,-4.89615503822661
134903,2.25350763540933
134904,5.85404343589767
134905,0.893891078499045
134906,9.24006498233221
134907,6.76982294788621
134908,-4.8940454842655
134909,3.41928930796774
134910,7.25458322305157
134911,0.311524370664415
134912,10.8146081510948
134913,8.68219506337797
134914,-4.73987523541846
134915,4.02541107203587
134916,8.57099740448869
134917,-3.71043473204386
134918,13.2694451782618
134919,9.09436642472801
134920,-4.45067958067978
134921,3.85542557387268
134922,10.6016274744816
134923,-5.51871179265948
134924,12.8791972084476
134925,9.54267004585168
134926,-4.50755347279999
134927,4.72612222890738
134928,10.2516792587522
134929,-3.88438382719886
134930,14.2749373021231
134931,13.9791918621887
134932,-2.95720290037594
134933,11.7794746443651
134934,13.3659884275067
134935,-3.38720126648323
134936,19.1473160784567
134937,20.9741701512094
134938,-0.639549795745573
134939,24.6096602413678
134940,20.582373171659
134941,21.6082619899932
134942,25.2183736740743
134943,26.727105339568
134944,5.74037446210581
134945,33.1683098459594
134946,28.4364814918883
134947,22.0189321948219
134948,26.2589258089232
134949,25.5703868863145
134950,12.1806142687109
134951,31.4175088716036
134952,30.849469448105
134953,21.8537463412087
134954,25.6116333029425
134955,23.1471624127695
134956,10.811868392713
134957,29.4446416093973
134958,29.9969235330035
134959,20.037117978751
134960,22.6069849160563
134961,19.8775564077713
134962,6.15690652379555
134963,27.7438595978175
134964,25.3205468672164
134965,18.1866736136733
134966,20.3150827954784
134967,17.6663104525464
134968,4.84332441987184
134969,22.6006559898225
134970,21.7471335206078
134971,21.9911525355289
134972,13.5598953723393
134973,17.8256363933863
134974,16.6235657745212
134975,20.4493454459143
134976,14.9549644029193
134977,19.7900357829282
134978,16.3998987716718
134979,17.3187670212241
134980,15.5211593810416
134981,17.9681605497941
134982,15.3503572943743
134983,14.7545115399324
134984,17.2919468097755
134985,17.1552996472049
134986,15.9127611348344
134987,18.2576443238454
134988,16.2038430933964
134989,15.0065465512261
134990,16.8968428810019
134991,16.625353272135
134992,16.2030370438645
134993,18.5449314584028
134994,15.0662107520077
134995,16.3096234044848
134996,16.9369109777578
134997,17.2394984907547
134998,16.5158530422044
134999,18.9383468689887
135000,16.8260272591057
135001,17.7996747309561
135002,20.8095358584634
135003,20.0052567167427
135004,19.4906595702025
135005,22.1149728603333
135006,18.2324441106942
135007,16.7612171278943
135008,17.8473132327357
135009,22.6901248286406
135010,21.0171982019317
135011,20.9375652015748
135012,17.9122295780269
135013,17.5084654361896
135014,19.045706273995
135015,21.176110271841
135016,20.9568753966644
135017,20.0567615248296
135018,18.3494067480501
135019,14.3947821319775
135020,12.5429458865144
135021,14.8188696249905
135022,16.1645272711855
135023,15.4275325443719
135024,11.9224003459924
135025,7.65318547814629
135026,12.7887191236869
135027,15.1661236760029
135028,17.321561098422
135029,18.172043447278
135030,12.5328151658174
135031,4.42133110578922
135032,15.1115895869023
135033,16.9443358995006
135034,18.3613862587268
135035,20.2568321114435
135036,14.2576528917048
135037,3.50430034783297
135038,17.2351662850958
135039,19.2414931716871
135040,19.2440926230343
135041,22.8904306904601
135042,15.7488108877551
135043,4.71736932981214
135044,18.7211791982785
135045,20.6716588134177
135046,19.7703321225079
135047,22.9554249204757
135048,18.4906674248611
135049,7.37805602937632
135050,22.0117023097095
135051,22.2962088831849
135052,22.8559577196573
135053,24.2813076643749
135054,21.9936913712538
135055,0.895962248013575
135056,22.5852470272466
135057,22.6926759691759
135058,23.3963953672318
135059,23.9678903922197
135060,22.3553421552198
135061,0.847657671442285
135062,20.474783380601
135063,21.4298804022208
135064,22.7584819729595
135065,21.6210755188438
135066,19.5914543203664
135067,1.7771922595266
135068,16.0399717031095
135069,21.0594057292969
135070,17.439706468804
135071,21.304491223649
135072,16.8932486194677
135073,2.53529105404678
135074,17.2865191266475
135075,22.3092226360168
135076,8.61577038372223
135077,20.0101202861889
135078,16.3694747252977
135079,16.8738214739082
135080,23.5183285318097
135081,27.5527238716615
135082,10.1076453229141
135083,22.4137869653218
135084,23.2699976898597
135085,34.2925329468528
135086,36.2027787808549
135087,39.2968813807045
135088,16.9232280812966
135089,25.9128956973368
135090,36.5819796654787
135091,29.1581613743988
135092,20.2128464058754
135093,30.0357602756232
135094,24.0148353424419
135095,27.8771470456686
135096,22.9518506936266
135097,27.2513817384888
135098,16.7611977461348
135099,27.2261947193409
135100,23.4949891404215
135101,25.7421145752689
135102,18.7131924338321
135103,24.4447720677199
135104,13.7653126376393
135105,24.2973213755346
135106,22.0317421735079
135107,21.9017864853032
135108,14.9602070093315
135109,20.4350237935609
135110,12.4493518547443
135111,22.1895888241854
135112,20.6042143648165
135113,20.3406743004129
135114,14.3143981968963
135115,22.1380944187892
135116,10.3646352752375
135117,19.1720695460647
135118,18.2035948340969
135119,18.75872157119
135120,11.1933220618803
135121,18.8737775761996
135122,9.98006521600074
135123,17.8712365647462
135124,16.7389135311954
135125,17.4347081203292
135126,9.97585682111039
135127,19.0789535558457
135128,8.59640337483386
135129,17.5560351683771
135130,16.0458801133935
135131,16.5662313669094
135132,8.68430089644175
135133,19.5717234626286
135134,10.2311071973444
135135,17.3719292839623
135136,16.1068780619266
135137,17.0872477723575
135138,10.4310002538325
135139,20.4991159368475
135140,12.5808388986742
135141,17.1971154670325
135142,16.3128714794116
135143,17.018847342196
135144,12.7136119445437
135145,21.4216936766385
135146,14.5240889963042
135147,18.3604214589362
135148,17.2815909130604
135149,18.5347004353518
135150,14.869192784783
135151,23.5970886635349
135152,20.0270513174548
135153,22.8626961918825
135154,22.0403753189668
135155,23.1070056412935
135156,19.4589380687302
135157,23.7372407671563
135158,18.8846682898984
135159,22.2092210985137
135160,21.8369683181226
135161,21.9232983647624
135162,20.0431055766042
135163,18.9695472834661
135164,14.5387583860196
135165,15.7549253876532
135166,16.7584156006829
135167,16.4628450279141
135168,14.8363285676425
135169,16.9007600248556
135170,14.402685150015
135171,16.1627478218963
135172,17.3264829002219
135173,17.1891232642648
135174,14.1465502979467
135175,15.1444017384421
135176,16.3111391438212
135177,17.2427169010754
135178,17.9323949109021
135179,19.9042094293167
135180,15.7453914715817
135181,12.9398967511062
135182,17.309326947461
135183,18.9652453309799
135184,18.3677591446308
135185,21.9952658392335
135186,17.2598113561951
135187,14.141223904957
135188,19.9676631420857
135189,21.2795982591784
135190,21.0447852408531
135191,24.3490343399496
135192,19.7092237080036
135193,13.4867435511371
135194,21.7272504070769
135195,25.383987505674
135196,23.851168841475
135197,26.6704182244705
135198,21.5088512043297
135199,7.48449805697258
135200,20.1449921193126
135201,22.8624229445347
135202,23.5257847108158
135203,25.2199559821105
135204,20.4998755781352
135205,0.56670929544407
135206,15.5307081641346
135207,21.2060838926517
135208,24.513391731406
135209,23.6434489256715
135210,17.1810144848933
135211,-1.51373198915036
135212,13.93304432978
135213,18.692592219153
135214,7.11000174470523
135215,21.6207311739309
135216,16.3272628144974
135217,12.049220081661
135218,16.4651402987051
135219,19.2500322597995
135220,19.7164182691425
135221,19.8296694068285
135222,18.9820753842735
135223,26.8670904590924
135224,25.634393911278
135225,24.7704346731991
135226,22.4508940429902
135227,27.5896602760541
135228,26.1364960781215
135229,49.8897684958656
135230,44.4051602034303
135231,38.7270327978275
135232,29.4296177940057
135233,39.5802998188253
135234,43.0275489351087
135235,46.7166361699689
135236,25.5951332426569
135237,35.4291980902922
135238,25.3926842576806
135239,32.457485788033
135240,29.045144854319
135241,46.9426546841969
135242,17.8594281998342
135243,30.0387129550025
135244,20.6192876771733
135245,30.116970116004
135246,19.8342567874598
135247,36.2782036468324
135248,14.0717854697089
135249,24.9217818519038
135250,18.7749686299579
135251,25.7772175399058
135252,15.8016733354684
135253,30.3155683496852
135254,12.7641973926217
135255,22.6680142576558
135256,19.1544665135863
135257,22.2390595930379
135258,13.4488510788803
135259,24.3028718053572
135260,21.614741854351
135261,21.596665819276
135262,19.7553992229094
135263,21.3401295185275
135264,23.5554847117077
135265,21.3786969773504
135266,20.0884827804793
135267,20.0890434977419
135268,18.9600218367493
135269,19.3042884045664
135270,22.2263099631401
135271,21.3103382186801
135272,19.5529992858462
135273,20.2849199272632
135274,19.2298699474569
135275,19.9656055213142
135276,21.7501504280999
135277,21.0394431365158
135278,19.1830541096333
135279,19.7806719707947
135280,18.6584116194854
135281,19.0916974286324
135282,21.1121258222326
135283,20.4641989263826
135284,19.5958510446288
135285,20.120540043682
135286,18.4041976703775
135287,18.9656510730222
135288,21.6784834163485
135289,20.9714562507784
135290,20.5517845150196
135291,21.151051869342
135292,18.4467930889673
135293,19.2294002100006
135294,23.0320732637068
135295,20.9694250526186
135296,22.0749693700183
135297,20.9840936306605
135298,19.8441939094736
135299,20.4332926595988
135300,23.8966110839947
135301,19.4047870101139
135302,22.1376545853586
135303,19.4727897778156
135304,18.9223982494061
135305,19.4073647648448
135306,23.8510014946271
135307,2.49868839274952
135308,14.7285259784416
135309,14.7556671407764
135310,16.2053013245983
135311,15.9267627780726
135312,13.4197566657503
135313,2.7450905303385
135314,12.1348442704613
135315,15.2003271217749
135316,17.2291686699229
135317,18.0021056153734
135318,10.8629242112311
135319,-0.155533204717475
135320,9.92424729836289
135321,16.816019436316
135322,18.1095269645211
135323,19.4619063179761
135324,8.5585502461334
135325,-1.92995799709202
135326,9.53663579641839
135327,17.6005177855231
135328,18.3964474301828
135329,21.8282062570408
135330,8.17465272764533
135331,-4.55592228106742
135332,10.3856253838053
135333,19.1253226755966
135334,19.3514289908672
135335,22.3663509556408
135336,9.10202402167264
135337,-8.64150332478941
135338,16.7885795548216
135339,20.1940627232856
135340,21.8743667143436
135341,23.0482488030245
135342,17.5186292809071
135343,-11.1561202216944
135344,18.6195894072876
135345,20.5424613908967
135346,23.1720372937342
135347,23.6242787634384
135348,20.4821866482507
135349,-11.2502402152771
135350,18.747443295301
135351,14.2744533608993
135352,24.6041304715449
135353,22.9578751104312
135354,20.6067400403394
135355,-10.8801199348703
135356,17.7434131942805
135357,15.5526581759679
135358,24.6991811980108
135359,22.408271744885
135360,19.3465805435248
135361,-9.28691145493649
135362,17.8491178952286
135363,17.0178811601756
135364,20.4978927342288
135365,20.7462524427742
135366,19.3858197310946
135367,-1.41576741156203
135368,21.7595883093574
135369,25.3106494222089
135370,17.392566828255
135371,21.0908929792938
135372,24.4286938774707
135373,22.5700663991811
135374,24.4497927474303
135375,33.0191707175365
135376,19.3174194158233
135377,28.3278056318769
135378,28.5450304213821
135379,23.584140055476
135380,24.501872604938
135381,31.6444921842608
135382,24.8924371211593
135383,27.9015088025091
135384,28.4395210587513
135385,23.9617981139852
135386,25.8040405067609
135387,26.0208604427924
135388,22.6665954659209
135389,25.5177195491738
135390,31.0318529004471
135391,23.0855877508692
135392,25.0568778207857
135393,23.7449844336401
135394,20.0883605476509
135395,22.5372807055087
135396,29.0031351266297
135397,22.6013168843831
135398,22.1189649647459
135399,21.3577493507957
135400,19.7665314438457
135401,20.98692145201
135402,24.9654988765325
135403,22.220344488817
135404,16.3222303712917
135405,20.7431632739732
135406,18.5932924173855
135407,21.1986248451166
135408,18.5416151277164
135409,21.3968143787704
135410,19.7708926962788
135411,18.6646332914809
135412,18.2630504392027
135413,20.5692459563786
135414,19.0524055993941
135415,19.6394885127892
135416,17.703942023226
135417,18.3132064039986
135418,17.5132664821061
135419,19.1974103400795
135420,14.831709833612
135421,20.3086865106633
135422,19.339479528722
135423,18.3363928668127
135424,16.7340388244738
135425,17.9874591597835
135426,18.9685564892438
135427,19.4732128563117
135428,17.1302989109115
135429,17.7590339046868
135430,16.7211752368442
135431,17.1701641935066
135432,19.9033836076469
135433,17.7160170285939
135434,21.5571730302193
135435,17.9949019648238
135436,17.3055779150844
135437,18.2242619678225
135438,21.277320881058
135439,17.0436201847016
135440,23.6339880583729
135441,19.353160887328
135442,18.7282343161542
135443,18.8423619688638
135444,21.3399559785204
135445,17.7168445101105
135446,23.9130769557888
135447,17.850819398348
135448,18.5647398580984
135449,18.0162240661316
135450,21.0519344005731
135451,21.6449668724895
135452,17.3898456927811
135453,13.723226377533
135454,15.8282251747257
135455,14.8289246953949
135456,15.5021435062173
135457,17.8020816787921
135458,15.9513023157176
135459,14.0873059029371
135460,17.3475987955038
135461,15.8192400589877
135462,14.5998302079876
135463,11.6057163630985
135464,15.2490159140517
135465,15.4289456474363
135466,17.6794469804581
135467,17.6341438850455
135468,14.1193832877291
135469,4.07643392126931
135470,15.8619722026839
135471,16.1477538999899
135472,18.7552004111084
135473,20.3001799004486
135474,15.221124193316
135475,8.12816732741415
135476,14.6916533771157
135477,17.804069606607
135478,19.8697841235701
135479,20.5473886371319
135480,13.1856945192968
135481,6.04756949413404
135482,15.1736659715915
135483,19.5003620622747
135484,20.5825529581597
135485,21.2419125113829
135486,13.7005334682299
135487,7.34304638626147
135488,16.8138582752124
135489,20.5492109463086
135490,11.4753368147115
135491,21.2537017348899
135492,14.4471640388954
135493,12.5676661196466
135494,16.6273993094149
135495,18.4952857919456
135496,21.3511172388244
135497,22.0540702854239
135498,15.1509284270724
135499,10.9148923432107
135500,17.2755438226856
135501,17.8472836846509
135502,21.978734176299
135503,24.0415680383851
135504,16.1598767618985
135505,18.5207668393333
135506,15.8080362406705
135507,19.1484486379987
135508,21.4059680756643
135509,24.3275883322076
135510,16.1445243749093
135511,26.3510395038667
135512,20.7895508394755
135513,25.7795732041155
135514,26.6487161250889
135515,19.2990981433253
135516,21.4465248067765
135517,34.6865491406616
135518,27.1064679624003
135519,31.4466343243393
135520,29.8565906379971
135521,35.7673307254602
135522,25.2015432416732
135523,30.9738033271878
135524,21.7633700488384
135525,28.8164945821622
135526,28.949703794089
135527,28.1613574638949
135528,20.7398777156718
135529,27.7383018669616
135530,19.710024906644
135531,25.5822258003763
135532,23.4251239128489
135533,25.2737778406196
135534,19.94338814454
135535,22.0063915618366
135536,16.6763034954556
135537,23.7473838623345
135538,20.4758661495061
135539,21.5560451329109
135540,16.7943765136121
135541,18.9444968566401
135542,16.3753254537563
135543,21.4448591368591
135544,19.4106924712631
135545,20.7175655030463
135546,15.5943303627946
135547,22.9886116006272
135548,15.0768382578902
135549,20.2126375541753
135550,18.3141340356999
135551,20.0288759744684
135552,14.9907442808397
135553,21.0401994007066
135554,15.3924378253396
135555,20.3197344662731
135556,18.164384654178
135557,18.2551925520369
135558,15.0417340106065
135559,22.2737100945295
135560,16.6541719290287
135561,20.0365934022098
135562,17.9991208142387
135563,18.8633787905756
135564,17.6314826768341
135565,18.0778409101568
135566,18.242867433618
135567,19.1580745140214
135568,16.9511295384554
135569,18.7329953134407
135570,17.8068384899354
135571,22.3000795575795
135572,19.3883716649813
135573,18.7915215706275
135574,16.9236297514119
135575,18.7084557555817
135576,17.8150372422762
135577,28.1219291299436
135578,19.6326002194855
135579,18.4326198585443
135580,16.9838417502581
135581,18.7648830535399
135582,20.3540013222861
135583,35.5507050924749
135584,19.184846329444
135585,18.5212411075567
135586,17.5028370644952
135587,18.6129469903556
135588,20.2068326296511
135589,30.0305603411847
135590,19.0272572589417
135591,18.2997946477431
135592,17.4236796420824
135593,18.8320858785268
135594,18.4869619452203
135595,24.151539796509
135596,18.2592390874192
135597,17.6672008868827
135598,16.4529678544059
135599,15.5787818125785
135600,17.5320977576584
135601,20.3703037831568
135602,17.9303884255627
135603,14.6168519814418
135604,15.9281623802179
135605,15.5206910008792
135606,16.276199450765
135607,4.00308911245353
135608,17.6715620522429
135609,16.8749823713148
135610,16.9228580354932
135611,17.007913743955
135612,16.769737428064
135613,0.920323360144089
135614,20.3762900735341
135615,19.454796332338
135616,18.6242090169961
135617,16.6113144940453
135618,18.8286445656734
135619,1.56524769945218
135620,21.5298405921917
135621,21.0346801959124
135622,19.5670821881512
135623,18.2553708596072
135624,19.8906056942872
135625,9.6063731238754
135626,21.3201986590379
135627,21.5731229343006
135628,20.4951931589053
135629,20.202356688143
135630,20.8038316881913
135631,20.1656331271538
135632,23.7256447170544
135633,21.6605190870663
135634,21.5361549553124
135635,21.1128222623871
135636,23.3136070585882
135637,30.7497399418358
135638,26.9688009949736
135639,24.4278551907175
135640,24.7175768417702
135641,25.8182407298805
135642,26.4425823244705
135643,36.8514776543845
135644,32.406897142202
135645,26.112959720498
135646,26.5588105034709
135647,29.321002362854
135648,25.1601537932
135649,39.5785599136374
135650,33.4958022127764
135651,27.6035638726782
135652,23.3768612401196
135653,32.123849672471
135654,21.9736818110845
135655,45.7645484735233
135656,35.299579105267
135657,34.3839053321838
135658,30.8834846342771
135659,33.1275918535944
135660,33.6710036798385
135661,49.0884224169971
135662,44.0273855339808
135663,46.8732017785763
135664,20.1740048445426
135665,37.6640484976795
135666,52.0931049306106
135667,34.3027089432447
135668,42.1658410143411
135669,45.5672618163528
135670,25.5893447746529
135671,36.8634043758268
135672,45.4842097486123
135673,59.2389304902286
135674,31.8049066547069
135675,33.3800067930277
135676,23.2769172213529
135677,33.8664451152225
135678,32.5910824720296
135679,64.9226830522671
135680,26.0648232346309
135681,30.9531111469321
135682,26.2119042785618
135683,28.9459360457611
135684,27.0161707796976
135685,50.3205104402569
135686,25.4578418583115
135687,26.7899865688652
135688,20.785641827167
135689,25.8348622592249
135690,24.9438156321857
135691,30.3160750145967
135692,20.3897874084778
135693,24.2415202714553
135694,20.478937800153
135695,24.5892421368438
135696,18.2311065491292
135697,25.9286757870551
135698,19.4541717244996
135699,23.6557261555121
135700,21.2129264081204
135701,23.1459987327287
135702,18.1450019024355
135703,26.3649267806687
135704,19.8726549068124
135705,22.4096842386875
135706,20.4892521429963
135707,21.9795581510531
135708,18.8436783103409
135709,25.3425295559517
135710,18.9723857023933
135711,22.7550361400459
135712,20.431531760315
135713,21.899488167654
135714,20.4255707358684
135715,31.2872554451138
135716,22.1400900919425
135717,23.3156741943296
135718,20.5339506082283
135719,21.7767599223993
135720,19.905552283613
135721,27.8154577782315
135722,20.7269904988796
135723,24.5194013073413
135724,21.1289023808398
135725,22.5180503417276
135726,22.3326518493748
135727,29.4485393164236
135728,23.7125570389495
135729,25.1261076669757
135730,21.9647715665527
135731,25.1584337796456
135732,24.9394800351421
135733,31.2108055185009
135734,24.1061643102835
135735,23.6490074490449
135736,22.4522649639493
135737,23.708390145624
135738,24.4317607949401
135739,21.5404808337798
135740,18.9427663487021
135741,18.5798028787866
135742,19.1305591683088
135743,18.8667512241819
135744,18.528040748269
135745,14.1390700962533
135746,18.1071977211123
135747,17.5332194079828
135748,17.6197167989526
135749,17.0227351603729
135750,17.1057389637816
135751,10.3403525127614
135752,19.6455339216767
135753,18.4227578655558
135754,18.7813275170749
135755,19.4630987718945
135756,18.6740900096387
135757,8.03810213348349
135758,20.6166389802631
135759,21.1315090979419
135760,19.9333982483739
135761,22.9118741056263
135762,19.603674091346
135763,10.1998517930044
135764,21.7911752706371
135765,24.2435162067734
135766,21.970695408533
135767,25.2025923219762
135768,21.6487626470765
135769,15.69863104516
135770,27.2012130638565
135771,29.3400008156738
135772,25.5721153340512
135773,28.5188256113298
135774,27.2626723226658
135775,22.8351405913705
135776,28.8012983737103
135777,28.8225419182612
135778,26.7781295789388
135779,30.7471317902142
135780,29.6170594881995
135781,24.8143935434325
135782,31.4105511226557
135783,29.3783933245557
135784,30.8820939525173
135785,31.3932924844528
135786,32.4980528057229
135787,24.9705687165479
135788,34.6802156384431
135789,27.2879672872904
135790,28.3901081596708
135791,29.1760594278662
135792,35.4670414180289
135793,28.0004804502477
135794,34.7567328965402
135795,28.0574949875546
135796,28.2558386289259
135797,30.1665824713766
135798,34.5953109961725
135799,39.7295766303542
135800,52.8819131435588
135801,31.9088404475895
135802,24.8073384299524
135803,36.3359649654523
135804,39.7463092310329
135805,55.2618310562606
135806,52.394932852619
135807,46.4523309163736
135808,28.1097525428967
135809,45.2365380615405
135810,51.3367241318675
135811,47.2256260310764
135812,38.3981227460102
135813,39.1609159131389
135814,36.039424036583
135815,41.4343232805134
135816,38.3659813379284
135817,40.8503260838094
135818,24.4294406208319
135819,32.375718543169
135820,28.4814538443234
135821,38.4668550858058
135822,24.090102788981
135823,34.7814946248456
135824,15.0277524346408
135825,27.607157942047
135826,26.0696661476507
135827,28.96261682625
135828,17.4444452623067
135829,29.8520786080804
135830,15.6492677205052
135831,24.1222023599056
135832,23.2146389859615
135833,24.0058071373787
135834,15.8216433405772
135835,22.7851370505889
135836,14.5981581160817
135837,22.7051223992624
135838,22.1235133922848
135839,22.9518063962675
135840,14.8119159476475
135841,24.1255285127771
135842,15.3080595921601
135843,21.2967536883201
135844,21.3625328398254
135845,21.9025397025402
135846,15.6600234537238
135847,26.2568281656574
135848,15.7472268048031
135849,20.6975956240438
135850,19.6352756362375
135851,20.8939377462167
135852,15.5695263729443
135853,21.5018798585073
135854,15.9270896409044
135855,20.4450414225331
135856,19.724492074992
135857,19.9966157167168
135858,16.7708312132297
135859,21.267949139194
135860,16.3111984685856
135861,20.4327367698984
135862,20.5251431084986
135863,20.5641655104477
135864,15.9745171326341
135865,27.6220842576793
135866,17.534747914695
135867,21.1173166738304
135868,21.9857080007177
135869,21.9747344551017
135870,17.432656240682
135871,34.200595600532
135872,21.7086378258075
135873,23.3626372891304
135874,23.0869862976103
135875,24.1873908914377
135876,21.9895643672123
135877,33.5567290277361
135878,23.4096970284753
135879,22.5048063163449
135880,23.1252190111708
135881,23.3374392025511
135882,23.0410996321903
135883,26.8101357032939
135884,17.4904514459903
135885,17.0888130709006
135886,18.2737634703963
135887,18.0409218692856
135888,17.3994968712687
135889,23.3298164403033
135890,15.2379720263568
135891,16.4079906300784
135892,16.7415846913945
135893,17.3754337138889
135894,15.5490583236914
135895,21.5822926861365
135896,16.4693521841248
135897,17.6983764708114
135898,17.5737217012162
135899,21.1492473856506
135900,16.4490839999628
135901,21.8373280830107
135902,19.6751425712033
135903,20.0886224615166
135904,19.9362937407687
135905,23.6899894199252
135906,19.1901102609936
135907,21.5995652330421
135908,21.9790815725
135909,24.7832436797414
135910,23.0632369928252
135911,26.2738633786329
135912,21.5163664431711
135913,24.079246746188
135914,26.203904847476
135915,27.5015357718735
135916,25.7818085109151
135917,30.718437206506
135918,27.6894682091875
135919,27.2413646292319
135920,26.6524382132587
135921,29.5483840831835
135922,27.3144175908422
135923,32.1291210796036
135924,28.73074911833
135925,30.649182534134
135926,28.0997258946715
135927,30.7336401843138
135928,28.4866005564447
135929,32.0378751782164
135930,29.64335459556
135931,33.0417738653887
135932,31.5748432684667
135933,28.9080397855084
135934,27.5959353824064
135935,34.5472885134845
135936,32.8135744405111
135937,35.3771057713123
135938,32.3320254004103
135939,25.6792224985872
135940,30.6291048602317
135941,37.6948879328822
135942,34.8033230301321
135943,53.166539286168
135944,59.6180851371552
135945,32.7280331653229
135946,39.7061211627727
135947,53.7936106496356
135948,60.9772964944595
135949,80.7658699924756
135950,75.2172364385839
135951,51.9419976615619
135952,53.0184464157716
135953,89.5494610364962
135954,94.049598384444
135955,65.6049214472181
135956,48.1661646061483
135957,50.12672212927
135958,44.1978860738765
135959,61.633732120686
135960,56.3797464346298
135961,56.5069441146112
135962,27.1267333993025
135963,39.2736661859621
135964,27.7120002483335
135965,38.7755216568644
135966,31.3097965766982
135967,51.4876294656998
135968,18.4559622735153
135969,29.5884006890461
135970,26.8008864323856
135971,32.017221038183
135972,20.4412282948327
135973,47.7408177173025
135974,18.4775024585725
135975,27.3763083421972
135976,27.410452162518
135977,28.7083998524286
135978,21.3576742637319
135979,34.8608484160419
135980,13.8474182303936
135981,22.7087476419503
135982,22.2538468413533
135983,23.7526341047687
135984,14.5008823804815
135985,29.3150208701537
135986,12.7617132486241
135987,20.9407483433878
135988,21.5043440246875
135989,21.626029592085
135990,12.6721531308619
135991,29.9844314144099
135992,10.4056703584584
135993,20.2149945635775
135994,20.7885198211782
135995,21.4059555062987
135996,11.7684474689131
135997,27.6572245227858
135998,11.0950830877771
135999,19.6402633734778
136000,19.9860438786258
136001,20.4768393820221
136002,11.9412049683922
136003,23.3133068058009
136004,11.095289972752
136005,18.8878867187617
136006,18.762793486444
136007,18.8465144327861
136008,11.5103336808816
136009,30.862134265064
136010,15.3516878493009
136011,20.6715918631841
136012,20.2109956408059
136013,20.3882107698388
136014,17.3179044688751
136015,42.3277810649889
136016,20.6611282123906
136017,22.96440632599
136018,21.6517579733877
136019,22.6993075140781
136020,20.6500328107942
136021,42.9821930047235
136022,24.2456294093758
136023,22.16413099194
136024,21.493764671613
136025,22.4715540117658
136026,22.2386748814949
136027,26.662310417528
136028,17.8958515261661
136029,17.2519696738534
136030,18.1741451624346
136031,18.0730183234262
136032,18.489882827457
136033,21.5347860696208
136034,18.8856723184052
136035,17.1975173523667
136036,17.7672177655201
136037,18.0233927544074
136038,18.6193717586365
136039,24.1810235183398
136040,18.5090541259805
136041,19.3591999449314
136042,18.953611418871
136043,19.9037846323303
136044,18.8610468355471
136045,18.7807832481381
136046,16.9892550563234
136047,20.3338040848047
136048,19.460336756026
136049,22.9282145412514
136050,18.0439301069086
136051,21.3842453644115
136052,18.5247889794909
136053,24.1207755326786
136054,21.1491076818268
136055,24.7974250110908
136056,18.0990523934003
136057,17.6564918428446
136058,21.3737963346266
136059,28.3674480697612
136060,23.2324279507815
136061,26.9622536918979
136062,23.2301726704317
136063,17.3881719145308
136064,25.4882083734979
136065,28.9897040177685
136066,25.3004487994096
136067,27.1644086304005
136068,25.9537885443468
136069,28.2126898332344
136070,29.7980048767504
136071,30.2152100449574
136072,26.0208422399246
136073,31.7455639154198
136074,29.5977746995299
136075,29.296031385333
136076,33.2146442549036
136077,26.4358671888165
136078,31.783296141645
136079,36.3224407913524
136080,39.5674838583231
136081,32.5715476791431
136082,39.6936782285511
136083,29.359066170064
136084,30.5215595666941
136085,36.1864964561112
136086,33.1173829363895
136087,44.1504309000139
136088,48.2897198085313
136089,32.024895260546
136090,36.3535138216233
136091,56.2761871178876
136092,45.5109167477936
136093,84.2666805325698
136094,68.827526070733
136095,46.0366412499173
136096,30.718759689923
136097,79.6348972286673
136098,71.6531857494067
136099,60.6839905612071
136100,39.1778442682766
136101,54.0914917333477
136102,23.4246223097588
136103,53.1794862369097
136104,40.614980478371
136105,45.098128550326
136106,23.7688378702306
136107,36.3721466784729
136108,28.0606156052338
136109,37.2554624684605
136110,26.9236897569772
136111,37.4635280076678
136112,18.6790050259796
136113,27.0948232181208
136114,27.19088504364
136115,28.3140293745364
136116,17.1487446704697
136117,35.850653939606
136118,21.8738340400174
136119,23.8624925532619
136120,21.7976557187154
136121,23.8044167438529
136122,17.6121932052643
136123,26.0638758787124
136124,9.09967649682865
136125,21.8363896469188
136126,20.9578484302645
136127,21.0756394099409
136128,10.6328217794276
136129,27.1167126516977
136130,10.4201083705751
136131,20.8800511791439
136132,19.5959622369642
136133,19.2219266639805
136134,14.4730840763026
136135,25.8902337107059
136136,15.3432763193772
136137,19.8105451557194
136138,19.1737784501873
136139,19.2767706113252
136140,17.4039689327876
136141,23.1175882889861
136142,13.003635934722
136143,19.0513661414822
136144,18.0750011569626
136145,18.5315578580387
136146,14.7393473242058
136147,20.9008994399645
136148,13.8430664623062
136149,18.9862230834993
136150,18.0057171527706
136151,18.3825824983822
136152,14.5043449705113
136153,20.6174756811186
136154,16.9240258964069
136155,20.1046598564126
136156,19.4716278625191
136157,19.0747082341741
136158,17.0786005194501
136159,25.4223834331537
136160,22.0984641892737
136161,23.2961335903213
136162,21.3738945677728
136163,21.3055975820133
136164,22.3144477685958
136165,36.2835240250568
136166,26.3662830643784
136167,24.0805648453655
136168,21.8118671942755
136169,22.7535313566897
136170,27.27272298985
136171,23.4222921964187
136172,21.0965171693974
136173,19.4576735394024
136174,19.9489855088766
136175,19.2654519964971
136176,21.5332777319433
136177,20.6269134097526
136178,19.4373791441478
136179,18.8827229883966
136180,18.885066607737
136181,18.7135171030123
136182,18.6802313363423
136183,20.3771504549917
136184,20.8732053739703
136185,18.8408428974572
136186,19.3115616475986
136187,19.9029606507751
136188,19.4866210868752
136189,19.3912545409217
136190,21.1984017379126
136191,20.8186587958365
136192,19.5995962591537
136193,21.5805654450075
136194,20.4874326484848
136195,17.7303394713594
136196,23.3651051153848
136197,24.2531205326428
136198,21.2999103511142
136199,22.6684840199544
136200,23.2412797512644
136201,19.2249843777525
136202,26.6093914088389
136203,28.3051005239213
136204,23.7261960529998
136205,26.1685353747723
136206,28.27580367054
136207,22.2445384027906
136208,27.529682869206
136209,28.8289224091444
136210,24.9240620764928
136211,26.9742653140935
136212,28.8054087288958
136213,26.0835454393646
136214,31.1483175436222
136215,31.2843851790436
136216,25.6322256746067
136217,30.9404665484
136218,32.9103662598527
136219,28.4438111888479
136220,36.3921659610254
136221,28.2802729180557
136222,25.7351226878769
136223,35.2389940272161
136224,37.5766322196697
136225,35.5832767520931
136226,50.8680641451945
136227,27.2463297760877
136228,27.6676519312149
136229,39.2153229512711
136230,43.4645004886022
136231,49.296091707716
136232,73.3028256337573
136233,31.1815807346913
136234,33.3370257692728
136235,59.6260336005666
136236,68.337920357427
136237,87.0081653247452
136238,97.1122846689556
136239,53.2384239632072
136240,57.2769917976471
136241,75.2242868664105
136242,99.4445026142019
136243,67.3919406443849
136244,54.8773728836859
136245,51.6540858375073
136246,46.059477819864
136247,57.6733818566642
136248,47.9545119246774
136249,55.8398875467963
136250,29.8139777638488
136251,39.9938452363572
136252,32.4477885697368
136253,36.8872111780614
136254,31.7337733252688
136255,52.4724507953166
136256,25.3698151219418
136257,30.6713963423271
136258,26.8721161643607
136259,32.7658066561737
136260,26.5896465234062
136261,50.5060249754895
136262,26.2184871410835
136263,28.4377598838853
136264,27.1747736496847
136265,29.0756671022614
136266,22.8521424844533
136267,48.3836156032569
136268,23.4717500431473
136269,26.889124631205
136270,22.7992077082924
136271,27.4145827612199
136272,22.8701038138748
136273,54.0904107384534
136274,21.2661836597496
136275,25.7897376126595
136276,22.1221693696757
136277,25.1328850013081
136278,23.0353087675838
136279,55.5800104973381
136280,26.0165163129817
136281,26.2135757489542
136282,21.9292874409019
136283,24.0411904587855
136284,24.7633926632074
136285,45.4212498940685
136286,24.9218398095428
136287,26.5565712189568
136288,21.946356812006
136289,22.9024947780402
136290,22.8496710455019
136291,46.6036555825611
136292,24.8061523080005
136293,26.3505105067623
136294,21.8470581618318
136295,22.5247950660077
136296,24.623173242421
136297,57.9087435534305
136298,27.7223995223027
136299,25.7726224570493
136300,21.6482008330846
136301,22.6165300079022
136302,27.2305309588024
136303,61.2223553552142
136304,28.7466335526602
136305,26.0903641717543
136306,22.9120651395138
136307,24.1372344388186
136308,30.1557301625316
136309,54.4069541143656
136310,29.2959748746863
136311,23.781340086989
136312,22.9938410542631
136313,23.3248433280891
136314,29.7761081198892
136315,26.2941067785805
136316,22.2874882641247
136317,19.0179806978041
136318,20.3109384649411
136319,18.9542746378506
136320,22.7774731936084
136321,19.8232576898291
136322,20.7805786960667
136323,17.1167718894609
136324,18.3878848977636
136325,17.3008335378813
136326,19.9178716075958
136327,19.3088824384735
136328,21.0873098844018
136329,17.6620209787228
136330,18.572848752442
136331,19.1574998797889
136332,19.909663615872
136333,18.6789676182183
136334,22.1852184660546
136335,19.9814280641196
136336,20.2224454663722
136337,22.8887568922299
136338,21.2573823613605
136339,19.6489138324521
136340,24.0012863100177
136341,23.7812980867784
136342,21.6783477888084
136343,24.414426156063
136344,23.200717096597
136345,23.234129074135
136346,27.1343895414735
136347,27.9915811832496
136348,24.3038956795348
136349,26.0011471621944
136350,28.1329141575957
136351,24.9389889346968
136352,28.6716591091354
136353,29.9649733298494
136354,26.7122318892779
136355,28.6199674746245
136356,29.5349249168883
136357,28.1644684770471
136358,29.6965732270406
136359,29.8178862158163
136360,28.3231568524456
136361,29.8816226978288
136362,31.9629163014123
136363,29.2990341275793
136364,31.5641808330195
136365,31.6671882432646
136366,28.4820722971317
136367,30.1907305788718
136368,37.7657640780904
136369,29.4106629750084
136370,34.3849524362345
136371,31.0050367391944
136372,29.3311306362765
136373,28.6291256265405
136374,33.7571643770159
136375,56.2051008432061
136376,40.8910852146038
136377,40.1849191241149
136378,41.9581896755392
136379,53.3340865326301
136380,42.3288629284658
136381,73.9158954919201
136382,44.3494426837953
136383,45.6313381664561
136384,29.2540742971677
136385,56.0567175809145
136386,50.1905255540118
136387,56.9137640701989
136388,24.4188936751723
136389,39.3119225950746
136390,28.9811167139146
136391,39.3899315128283
136392,25.2892237927065
136393,47.6489371105614
136394,15.1957249412709
136395,28.2697345097231
136396,24.3728327247299
136397,28.9640758727896
136398,15.932042557277
136399,40.8081466764257
136400,11.0201918646478
136401,24.831704164538
136402,22.5157370067153
136403,24.4856448911757
136404,14.9036367062147
136405,34.0720986003067
136406,10.0420994877608
136407,23.1885759285232
136408,20.8312541998338
136409,22.7272550883587
136410,11.8666065876618
136411,28.7123462748233
136412,15.8091391477707
136413,22.2126035897282
136414,20.5207993363284
136415,21.1418929290092
136416,16.7713366496172
136417,28.3204775288303
136418,11.1254005352753
136419,20.7504788645619
136420,19.4512643447358
136421,19.8446132443149
136422,12.4477492033134
136423,26.9703948177373
136424,13.5768374676755
136425,20.5986438793915
136426,19.1023479858905
136427,19.2034298959665
136428,14.1780534107258
136429,24.7322429503742
136430,14.9847102032528
136431,19.5875375011697
136432,18.4338835753084
136433,18.6281970526756
136434,12.8503563844842
136435,25.5246243131489
136436,15.5486100874947
136437,19.4461123051865
136438,18.0974775742671
136439,18.7518093094053
136440,15.1960843611779
136441,25.9800771409121
136442,15.9720152166386
136443,19.4575890662708
136444,18.3471914504924
136445,18.9691298458839
136446,15.0018879882311
136447,29.9042262294349
136448,17.4102032921586
136449,20.2187891997614
136450,19.4351465054219
136451,20.3411087940094
136452,17.0932732395178
136453,35.6055179177893
136454,17.8023274375413
136455,20.8619347225821
136456,20.2894256107923
136457,21.0159263893436
136458,16.884612109543
136459,24.6450112260484
136460,15.6382514274936
136461,15.42957667619
136462,18.1181487029891
136463,16.887548540286
136464,14.7008834081459
136465,24.6422033772715
136466,15.6536252749897
136467,15.2485550809313
136468,16.4493828998064
136469,17.6729955754276
136470,15.5417221897089
136471,23.0670823805498
136472,16.6696628017349
136473,17.0236221601359
136474,16.9568689102936
136475,19.1600061142847
136476,16.3844135472032
136477,20.6118843856067
136478,15.6727036078442
136479,19.1644744084732
136480,18.3242735639496
136481,21.1261930002476
136482,15.3569464968912
136483,18.466746105139
136484,16.6906523944783
136485,20.6362512713057
136486,20.3746478362873
136487,22.5154937009344
136488,17.5565334504948
136489,20.8812454712538
136490,19.2194233877611
136491,24.2758073051992
136492,22.4623237612358
136493,23.637937110715
136494,19.8374067791424
136495,22.9207586837431
136496,18.1223665653654
136497,27.3659021840074
136498,24.1479073965506
136499,25.1859988400079
136500,20.1840927528321
136501,28.374053655146
136502,20.1726558466775
136503,28.4462605578175
136504,25.5759317934099
136505,26.7008227776669
136506,21.6956636553029
136507,30.8101245575459
136508,22.2192722193992
136509,28.2689711865643
136510,25.5997196035078
136511,28.4537473284157
136512,19.1390942181703
136513,31.5903798925736
136514,22.1320706266616
136515,31.6807657017958
136516,25.996877087369
136517,29.060078490786
136518,20.4606260493394
136519,52.699093941329
136520,34.4704960834709
136521,27.9637108327059
136522,33.8116059065611
136523,38.8001480210958
136524,23.3096652709697
136525,67.2937124836729
136526,35.5395385248663
136527,31.9860116912938
136528,30.2993719871658
136529,50.583156125396
136530,35.9254067802196
136531,45.6654991630786
136532,22.9653280187469
136533,31.7525718495802
136534,27.4020945464509
136535,32.2889396100592
136536,22.7815008505755
136537,40.0231076645449
136538,17.3467715639633
136539,28.2634452055404
136540,22.9214543010959
136541,25.8837857336465
136542,16.5202598939956
136543,28.2143497914345
136544,14.1637054894701
136545,25.0209605899103
136546,20.3999263657554
136547,23.2507728000178
136548,17.6908660218605
136549,23.3307581703183
136550,10.9444967338708
136551,22.6916591447778
136552,18.4371968296478
136553,21.874752600444
136554,13.3085471257763
136555,23.2971770314015
136556,11.8512196100551
136557,22.6322512452605
136558,20.1017962636918
136559,20.9907048535554
136560,12.9676710184397
136561,23.6416017638676
136562,16.2726640482574
136563,21.7477293350949
136564,19.0479764296352
136565,19.8231125459816
136566,17.6437868540224
136567,24.3377111132831
136568,18.9061692495058
136569,21.6517924466064
136570,18.9549096066361
136571,19.5760558742035
136572,17.0386215824052
136573,23.9204331928653
136574,18.4587662949076
136575,19.9084116412137
136576,18.332206381323
136577,19.0527370703699
136578,20.9259082431518
136579,23.2896567414352
136580,20.2946523398002
136581,19.4231550710573
136582,17.6002204779376
136583,18.8679743329336
136584,20.9349576468015
136585,22.6277348338056
136586,21.1002812778371
136587,19.4557487873673
136588,17.9696461110585
136589,19.3235168940042
136590,21.5807275285543
136591,24.43776713529
136592,20.1095184120799
136593,20.0391727207835
136594,19.1717857311939
136595,20.2649581962884
136596,25.5147402674981
136597,25.5582450776193
136598,18.5206987073345
136599,18.9850020149547
136600,19.0377605196344
136601,19.2218368114845
136602,20.1635435851538
136603,16.0266453109046
136604,14.3393698231024
136605,16.2946526061268
136606,16.0530667613747
136607,16.2468447961627
136608,17.5050975727468
136609,11.1605865584515
136610,16.042685466067
136611,14.7124232954051
136612,15.5477920896336
136613,15.7562260732434
136614,17.1020367755435
136615,8.98753967578356
136616,17.0288044944134
136617,15.9861454953092
136618,16.1973894858357
136619,17.6556552165669
136620,16.303701003275
136621,12.334796211485
136622,15.3376962081501
136623,18.3572075618881
136624,17.8278861222848
136625,19.0613545432839
136626,17.2511910986326
136627,15.1314214272281
136628,16.7753648314406
136629,20.2125102621145
136630,21.2803034250706
136631,21.3212991869998
136632,17.1408351987243
136633,21.092661441967
136634,20.6870200803708
136635,24.5108135200072
136636,23.0598261871724
136637,24.9268013494783
136638,20.7258279640579
136639,25.2501920689494
136640,20.3227639143396
136641,26.3809363269133
136642,24.6101286406796
136643,24.9529302920478
136644,22.8688090490694
136645,31.6313266743855
136646,21.9480127347725
136647,26.916020362749
136648,26.7994199987475
136649,27.5638119583647
136650,24.685569764264
136651,38.251898200974
136652,26.6731838371705
136653,28.0602367787883
136654,24.6516467067711
136655,29.139556415256
136656,25.8362293527074
136657,40.5665181957882
136658,32.9569380758734
136659,31.5434951398071
136660,25.1768307115202
136661,32.8473371767172
136662,31.396966317781
136663,49.3405489437469
136664,55.1266520807293
136665,48.1456563461711
136666,31.2049742823818
136667,56.9931872979326
136668,41.7189838911219
136669,53.617132376184
136670,41.7917768904211
136671,43.9151066299818
136672,34.4298967439444
136673,53.6454190866588
136674,34.4581819542036
136675,35.0925557671674
136676,26.0394436798552
136677,33.1749860849325
136678,20.7122874707156
136679,29.9216817586961
136680,25.8220708369193
136681,30.5632961813785
136682,24.1049307738785
136683,28.3029855147156
136684,22.1653794876764
136685,25.557428564826
136686,25.8370664412788
136687,24.3958337185826
136688,22.3384158634154
136689,25.4456599476954
136690,19.8120947756497
136691,23.6150925719873
136692,23.6655326428396
136693,24.2737539729949
136694,21.6988352836495
136695,23.0519799192189
136696,18.5165914540575
136697,21.3624538791676
136698,22.4035036067485
136699,18.5012528339922
136700,23.8093944107149
136701,21.3574464727635
136702,18.5629329802791
136703,21.282284211066
136704,24.7225535044155
136705,22.5514263863471
136706,20.6329121993003
136707,21.2257014008012
136708,18.7114034770031
136709,20.088971473632
136710,20.8911105152724
136711,23.5385947837806
136712,19.8207744363767
136713,21.0879177485924
136714,18.8004895399942
136715,19.3124939260529
136716,20.1794484663113
136717,22.307756320695
136718,19.4740484576521
136719,20.6420914404245
136720,18.2798285978696
136721,19.4213174641562
136722,19.6758127834139
136723,23.8450130396033
136724,19.5675000101943
136725,20.7641935524969
136726,18.5710278854606
136727,19.8443694810892
136728,19.7693450632405
136729,27.1020736581644
136730,20.8580304752736
136731,21.8615849690139
136732,19.8588547518587
136733,21.0268394893063
136734,20.8708799400322
136735,27.1647916353596
136736,21.5293936989024
136737,23.3759278550702
136738,21.3506826248337
136739,24.1393616616149
136740,22.4534515328509
136741,27.0797418981904
136742,22.6688046600646
136743,22.8443012006161
136744,21.1445256406803
136745,22.8738849109013
136746,23.3604767878518
136747,19.2191752272351
136748,19.4260077629309
136749,20.1869669252688
136750,19.6814878964762
136751,21.0418168707757
136752,20.1263610538971
136753,14.9926333684009
136754,20.4181733261074
136755,18.2555081579455
136756,17.8774561287109
136757,18.8745491851527
136758,18.7398889777157
136759,13.5779454421203
136760,21.6487350542227
136761,19.9709362025662
136762,18.8374761753348
136763,20.7673785975446
136764,19.7372206832469
136765,20.5125898635235
136766,24.3626663088071
136767,23.8197102719881
136768,21.5664362258477
136769,25.3225084798679
136770,23.8987531541117
136771,24.4743372199687
136772,29.9582437270097
136773,29.1152723453825
136774,23.9632418243372
136775,29.2320286241021
136776,30.457666300406
136777,23.2111779589108
136778,34.0055508412186
136779,33.3073793673191
136780,26.1950509707293
136781,30.7894996842527
136782,36.302180557714
136783,28.8455951717254
136784,39.3012494230126
136785,35.9365880075645
136786,25.6682452012853
136787,33.2652254406969
136788,39.3352151049344
136789,41.6756436209111
136790,36.6627939307712
136791,29.8223787538728
136792,25.4171931476372
136793,33.0629965459658
136794,36.9351861016312
136795,47.2337658995331
136796,35.7659406866961
136797,29.3222144513407
136798,25.4157522209348
136799,32.703984835908
136800,36.1480740280985
136801,51.4514807155442
136802,36.4488282941186
136803,29.4245275864085
136804,24.6822755267795
136805,32.4065761199016
136806,37.7431043202841
136807,101.356601194573
136808,94.3316393487046
136809,46.1183267344296
136810,29.7800721893347
136811,65.0143309327632
136812,108.802386049208
136813,79.7537934668062
136814,73.2738587275995
136815,54.2303372542536
136816,34.0422609510351
136817,55.9862043585056
136818,78.0912142293617
136819,42.3177642909733
136820,26.6453010595972
136821,39.8699692534368
136822,32.5033247790414
136823,34.82715306858
136824,29.0197780593425
136825,30.2169615620038
136826,19.0795366225561
136827,27.6471245453077
136828,18.1354186934358
136829,22.219475595316
136830,19.9974120284603
136831,24.2597470124849
136832,18.0105032832131
136833,24.8395965770287
136834,11.4176854804829
136835,21.5665555812234
136836,16.8698638585326
136837,20.6092712272035
136838,17.8246469574748
136839,22.285189781799
136840,13.6783120169929
136841,19.4016633861534
136842,15.1319236358198
136843,18.6471973149006
136844,15.640719548282
136845,21.7467324010419
136846,15.0146519474619
136847,20.626814039265
136848,12.7478727250818
136849,18.8578080192975
136850,12.0347919358997
136851,20.6816890160731
136852,16.3242934723847
136853,19.0256073487454
136854,10.9202743700777
136855,18.1542301028139
136856,14.3010231552875
136857,20.0986815605121
136858,16.1155005422695
136859,19.0410973725287
136860,15.5136331287222
136861,18.5263211321865
136862,15.9725279055139
136863,19.632994237608
136864,16.2694901083996
136865,18.7937297012864
136866,18.3585287485095
136867,20.4173066979131
136868,17.1239471348229
136869,18.8145367642733
136870,16.5747117309745
136871,19.4175503568498
136872,16.8566302375013
136873,21.3374779074261
136874,15.501623763677
136875,20.3967438873069
136876,18.2232792784354
136877,20.4770572524552
136878,18.0679049561661
136879,22.7530281602
136880,17.8473317931332
136881,21.104378700527
136882,19.9293313040289
136883,22.209141713568
136884,18.2441490146962
136885,24.1408958043963
136886,17.9459455660933
136887,21.2593623151872
136888,20.9048070332731
136889,22.9508027266006
136890,20.2339510095326
136891,15.2553195167565
136892,11.9340884374299
136893,17.6612084612231
136894,16.9994227025977
136895,18.5142608386208
136896,14.6866344220394
136897,9.03920944157137
136898,10.3244158979727
136899,15.5276615380891
136900,13.8929470166226
136901,15.1219070793612
136902,15.3853157750925
136903,4.45038948745208
136904,13.7016244496083
136905,15.4636240387507
136906,9.17211051096459
136907,15.371336784867
136908,12.7098097888175
136909,3.70308797213078
136910,17.1962583236694
136911,18.412156337517
136912,8.1722155239683
136913,18.7584894739371
136914,16.8927633922989
136915,7.91143429684745
136916,19.7156272344851
136917,24.1200689610611
136918,17.5416526415994
136919,26.3243490343472
136920,19.5875931540911
136921,18.4956695847609
136922,25.8095219761931
136923,29.8349572022829
136924,24.3752579273025
136925,30.9440864184367
136926,25.9636645997262
136927,35.8266373078329
136928,30.8637226788187
136929,32.9438022547221
136930,23.5673087981934
136931,34.50134933003
136932,29.6907751674897
136933,44.1795029767945
136934,37.0082904003061
136935,34.2135404388696
136936,24.1030505062741
136937,39.2278864530755
136938,34.7524844825928
136939,50.3599236529214
136940,41.8752127357118
136941,31.359384844303
136942,21.9926047547365
136943,42.8159577679095
136944,38.640372184278
136945,62.2055877569959
136946,48.4329639441509
136947,32.5088604169832
136948,22.6843934508662
136949,50.9566576920097
136950,47.7660977753718
136951,113.404766044185
136952,148.182415997774
136953,46.2281043615875
136954,28.150425121528
136955,85.3836559550572
136956,148.603128502437
136957,106.153191199573
136958,267.258458495844
136959,50.2977981400091
136960,30.6970318010559
136961,158.356540474844
136962,278.325396937548
136963,57.7978102968899
136964,46.7817998644073
136965,49.8925690553973
136966,24.1440810216118
136967,49.2542612497363
136968,53.3456168447494
136969,53.5387461806685
136970,25.7098401469414
136971,44.7768237753811
136972,19.2152735040517
136973,34.462416117466
136974,25.3278138251412
136975,49.5790648093123
136976,21.4549313070858
136977,33.7837910625884
136978,15.6139757830771
136979,32.6310797087765
136980,21.6681069436321
136981,37.3852284865015
136982,22.9528547946379
136983,29.3630283289478
136984,15.1679146993546
136985,27.9857756448162
136986,26.1881168758717
136987,29.7668244524843
136988,25.0997790798695
136989,26.7925006434731
136990,13.2806986418476
136991,24.5084547664207
136992,23.4241784423743
136993,27.0048885705169
136994,22.2234223113849
136995,26.3146996376309
136996,17.1772523681718
136997,25.0763248838716
136998,19.0816825416259
136999,26.418756346701
137000,19.7233044679879
137001,25.0390596636733
137002,18.9151309640697
137003,24.427815354339
137004,18.7440097921273
137005,31.0602437124338
137006,21.5507867948965
137007,24.5874972336238
137008,19.6075556483877
137009,24.3864937040195
137010,21.0137987534846
137011,36.8415511042192
137012,20.216483563847
137013,24.9083133511463
137014,20.4962137467722
137015,24.7539460403295
137016,23.5598574840826
137017,29.5124332611617
137018,25.3144811859956
137019,25.2932080436827
137020,21.1778750146872
137021,25.3975445282228
137022,26.4961088692646
137023,29.7812212372626
137024,30.4083705753184
137025,27.4373629701576
137026,21.2547582007036
137027,27.7831172263796
137028,26.7120796174395
137029,32.1987215359059
137030,30.5570050328247
137031,27.148527912204
137032,20.4260068168443
137033,27.2799783084577
137034,29.4638209555563
137035,28.6576273754976
137036,23.2985029435032
137037,23.8567635112756
137038,19.8725266558793
137039,23.3158040087423
137040,24.0541363115044
137041,26.4435503712442
137042,20.687843780899
137043,22.3092429722567
137044,18.8330486439378
137045,21.4993724182593
137046,21.7377245038883
137047,27.8333536809863
137048,19.9633796778177
137049,23.7809541567409
137050,17.6833483223189
137051,19.111495835813
137052,19.7363065001947
137053,27.4208402751484
137054,22.265285397537
137055,25.0972105006179
137056,17.6861664993227
137057,25.718055384681
137058,22.0386808364092
137059,28.8593933368205
137060,24.425487389351
137061,27.8546800278605
137062,21.6568668661142
137063,31.7695731138075
137064,25.6629315768422
137065,32.4404597779127
137066,25.5764932388679
137067,39.8129797134279
137068,25.0158004519883
137069,43.8622023156614
137070,24.4706413780043
137071,34.4506932700083
137072,21.8392982496278
137073,43.5752428880617
137074,25.0506414620102
137075,55.3840865033415
137076,22.1222989045831
137077,37.9410944154039
137078,18.85780113206
137079,60.184503422102
137080,25.58395127463
137081,63.2492036141425
137082,18.959620445478
137083,39.149874608118
137084,16.037617075751
137085,51.5490036955084
137086,25.9596452085302
137087,72.4304811429339
137088,17.5119773294201
137089,46.1145513959705
137090,15.4410481620336
137091,48.1389076193844
137092,17.5169585336244
137093,63.6072034772499
137094,17.6291118061173
137095,75.0953789521146
137096,25.7340290311131
137097,56.4353994820486
137098,31.0063642442966
137099,71.9320355488773
137100,27.426566517832
137101,93.9390988405991
137102,39.9658724000608
137103,44.1252894489556
137104,45.6394838755518
137105,48.2789630773489
137106,42.4353685129162
137107,69.7601493084392
137108,39.7217196045864
137109,43.963087511278
137110,43.9561785009355
137111,50.1991574798199
137112,46.183230171638
137113,63.6099871295701
137114,41.2667151079012
137115,39.6941376396924
137116,26.0262378899433
137117,44.8541492045097
137118,44.0327531396174
137119,63.6259830186189
137120,33.0086819803483
137121,37.3309659286851
137122,23.206784407695
137123,35.1302109308469
137124,36.5458820171456
137125,65.6333101605128
137126,29.5187093368606
137127,32.080658878926
137128,22.6439897492633
137129,33.756928990944
137130,31.7166600094436
137131,76.5373777532114
137132,27.7101227804213
137133,34.9266130303705
137134,20.8746181758104
137135,32.0439585438727
137136,28.0112254281968
137137,56.0094399724294
137138,26.1550646631606
137139,28.0870672717132
137140,24.2199044014108
137141,31.0812615221333
137142,26.9618187916452
137143,38.1871252200307
137144,26.0888868868672
137145,27.5042274736229
137146,23.3691932043921
137147,30.0600048682801
137148,26.2856941962056
137149,46.578353418754
137150,25.3944974146576
137151,28.2960238450921
137152,22.7514441965409
137153,28.131402939198
137154,25.6479956079511
137155,50.0449322173215
137156,27.1789727145683
137157,26.9410238057247
137158,22.9133953802996
137159,28.2350379565982
137160,27.5641286400742
137161,52.7363463828947
137162,28.2633771057365
137163,28.6944920628858
137164,24.9733591682339
137165,30.1827573298306
137166,28.6839724430192
137167,70.0144238090661
137168,31.3702386846751
137169,33.8270152446402
137170,29.5048653590829
137171,32.6355560659375
137172,33.2122060556637
137173,67.0682248099687
137174,31.0059307347581
137175,34.8493603351735
137176,29.4175847180695
137177,30.1176280204704
137178,31.8748172994483
137179,30.9366820941481
137180,23.4488528598259
137181,26.3842862846738
137182,22.756178065624
137183,23.6776834276116
137184,23.5862235318165
137185,21.6657657846569
137186,20.3481635978734
137187,21.9791711386958
137188,19.8263711877958
137189,20.9281192731289
137190,21.6254419831724
137191,19.5283477420398
137192,19.6303273457211
137193,20.410359818071
137194,19.354467781576
137195,19.1957075984338
137196,19.7404374718594
137197,19.1015095793916
137198,19.6967137190438
137199,20.6634508564784
137200,19.7828040707536
137201,20.4854941278773
137202,20.0216795016902
137203,19.4813037807682
137204,21.8036341883841
137205,21.6013231844885
137206,20.2767287562353
137207,22.8630700193954
137208,21.7961555044179
137209,20.5144839146735
137210,23.1520410427882
137211,22.4151126792191
137212,22.9413312913249
137213,24.3210638764047
137214,22.9170660186975
137215,22.1808933091504
137216,24.7294864046215
137217,24.2593189411486
137218,23.434291866276
137219,25.272330100282
137220,23.9438132315973
137221,23.6390913461236
137222,27.202878656932
137223,27.5554604276188
137224,24.3671467169302
137225,29.0373044213284
137226,26.6995588538181
137227,26.8508976446419
137228,32.0357300700857
137229,31.6359975711762
137230,27.8679964891345
137231,34.32635758875
137232,32.783872185486
137233,35.936544029263
137234,37.5644149609433
137235,38.6121380248097
137236,19.0987541976148
137237,41.6564231334162
137238,38.2718859019825
137239,75.3514096312615
137240,82.6248214702344
137241,62.761816092591
137242,32.1863885834366
137243,72.3473603981302
137244,79.5644607533928
137245,123.519579575227
137246,126.373620627663
137247,88.207455347583
137248,51.7822947228643
137249,99.5560435427415
137250,122.875726036296
137251,82.2862883384912
137252,63.8824821475378
137253,67.5694452643441
137254,54.5827603350634
137255,71.9677824038397
137256,64.3447895946284
137257,69.4940411860775
137258,47.0864440326809
137259,51.1968623622151
137260,39.6310361193504
137261,45.5825040621809
137262,48.9156020929366
137263,63.9969896053808
137264,36.1165705873855
137265,38.3928826832813
137266,32.6907280619464
137267,37.8612640295808
137268,37.8477821826576
137269,55.1659402312609
137270,26.6326131387155
137271,32.461636673796
137272,29.9962423419697
137273,31.3296022857371
137274,28.3985879441342
137275,54.1042584139453
137276,21.2769646515817
137277,26.1949078027648
137278,24.9831306064411
137279,27.8316853457302
137280,20.5184784850599
137281,43.1818067879624
137282,20.8540329781319
137283,25.3080399925379
137284,21.8900945287933
137285,24.7897542699924
137286,19.8725427294528
137287,43.225029735122
137288,20.9215157078372
137289,25.0787818530785
137290,21.186301999983
137291,23.9953994087194
137292,20.4573341533778
137293,36.6501791112369
137294,21.0391090114226
137295,24.5233978150005
137296,20.96840163238
137297,23.2353757802192
137298,20.0357910538771
137299,30.5316307782524
137300,22.2249799569056
137301,23.1649449356966
137302,21.0964723981207
137303,23.0307077437293
137304,21.8302644804702
137305,32.5949310601791
137306,22.952030391872
137307,23.5150751947332
137308,21.5636385980372
137309,24.3387447239875
137310,23.2403806462926
137311,35.5200637366685
137312,27.5134412052074
137313,25.0422928843765
137314,22.6864274257069
137315,26.6741827305985
137316,27.4041733958435
137317,33.3627392093649
137318,28.143035896175
137319,23.7120719191927
137320,22.9882526457539
137321,25.9932100085511
137322,28.6023324827514
137323,20.8569373069669
137324,18.4046199011553
137325,17.2437724161032
137326,18.8825988805191
137327,20.888328288249
137328,17.7964535265705
137329,15.0829831950993
137330,15.8492615045852
137331,16.8767985130941
137332,18.0134579133942
137333,19.9003991017105
137334,14.7202181870744
137335,13.5119492556587
137336,15.9587598729307
137337,16.8664015206891
137338,18.5459859856372
137339,20.290060267813
137340,15.0651375176553
137341,12.4192597375436
137342,16.3764171732194
137343,17.4377968112834
137344,20.0945431087968
137345,23.201759795438
137346,15.304004054498
137347,14.947696396574
137348,18.6821107630788
137349,19.5874740791378
137350,23.4305665267093
137351,26.4733987176868
137352,18.0343587771336
137353,18.5833243051396
137354,22.2143989393276
137355,22.768979544714
137356,26.0460248211144
137357,26.1862459837778
137358,21.3776267509643
137359,20.5919375238992
137360,23.3450213931431
137361,24.0871023055566
137362,26.9108849732627
137363,27.2466868359116
137364,23.5684661930346
137365,24.5867746433751
137366,24.6724183821634
137367,26.5350240629214
137368,28.2924579880549
137369,28.9859119837018
137370,26.8299206950885
137371,28.5486499137605
137372,26.7724456039945
137373,29.8156686341354
137374,29.7874308190334
137375,29.8802318095024
137376,31.9388494898984
137377,38.4495541807753
137378,36.0733883714286
137379,37.2647276045545
137380,32.4786977190377
137381,34.6194232450909
137382,42.3676954551659
137383,80.4957973202633
137384,96.0287442738735
137385,71.9262320947797
137386,50.7046735199414
137387,64.8089688440935
137388,92.2523072100316
137389,95.9099627829713
137390,66.0770705761033
137391,56.2732884547328
137392,53.5460589485291
137393,50.1978400427998
137394,65.4350382633132
137395,67.9582284094276
137396,24.267217003225
137397,34.2257465824248
137398,39.186584568147
137399,32.3361241295736
137400,24.9658889611457
137401,55.3077681071356
137402,12.7261900772384
137403,26.8240656565644
137404,26.6777637795227
137405,24.0771239904217
137406,14.3905656925692
137407,38.2686282362457
137408,12.0830554033105
137409,24.5953467943815
137410,24.1937051653896
137411,22.5623986412809
137412,9.02746456429993
137413,26.2433820716048
137414,9.17857083698817
137415,22.2284026884217
137416,21.8832901619795
137417,22.861508945902
137418,11.2594910253432
137419,23.6743332563101
137420,5.752381815168
137421,20.5302802343518
137422,20.1100288484396
137423,19.2695397737181
137424,6.33123866965621
137425,21.9585130329898
137426,4.428470096312
137427,21.5595956555469
137428,18.369762866876
137429,20.5053882918571
137430,5.76391936661018
137431,21.1444158796343
137432,8.73743181518011
137433,20.0719312149503
137434,17.7217524300451
137435,19.5075901841992
137436,12.9218308460931
137437,22.2513988172291
137438,15.5756847096238
137439,19.0250095088195
137440,17.3585010873251
137441,18.9032559760357
137442,14.3801949850649
137443,23.4029021006907
137444,14.1747704329604
137445,20.1912263961451
137446,17.8287921233595
137447,19.3088025823766
137448,14.3610807741915
137449,24.6191368450215
137450,14.1263797477247
137451,18.1478282721064
137452,18.7976897919495
137453,20.1037447073396
137454,16.5560900474462
137455,27.9357003822647
137456,19.7390749860503
137457,20.2025204899888
137458,20.8380432887824
137459,21.0169885921111
137460,17.3653848644017
137461,29.8280965864871
137462,20.8329927745138
137463,19.306790724219
137464,20.895352525331
137465,21.5987679139541
137466,19.9078901098494
137467,25.836146765829
137468,16.4809507712644
137469,17.120660138575
137470,16.5268197485382
137471,16.6098328453286
137472,15.6424058417642
137473,19.372058092916
137474,14.9779885420043
137475,14.6793545499998
137476,16.5309879577225
137477,16.365650594118
137478,13.753179553589
137479,18.6916060263392
137480,13.9293316260952
137481,16.5172772209708
137482,17.8541160012834
137483,18.6773538326927
137484,13.2338187533091
137485,21.4118609459385
137486,18.1175229816493
137487,16.9085021534797
137488,20.4009443378908
137489,22.3341041826266
137490,17.6220226898051
137491,22.9120079936661
137492,20.9048682631012
137493,18.3571403681847
137494,23.566195748746
137495,24.9657874995744
137496,19.8595407410931
137497,23.8189802069551
137498,24.5053040231921
137499,19.6742776260912
137500,24.8922934806126
137501,25.9469549848654
137502,23.5306878874993
137503,26.0398136364848
137504,26.047755819416
137505,22.6279544032495
137506,26.2102051479737
137507,26.0785147638726
137508,26.4558644627326
137509,27.75851608025
137510,26.7432143057026
137511,23.5068675150203
137512,27.6266584666118
137513,26.0726141166028
137514,27.5099924300755
137515,33.3029314303827
137516,27.2731557356373
137517,26.3975108668851
137518,28.3733895080341
137519,27.8600327637901
137520,28.5446711217593
137521,39.9267929021954
137522,31.9827162937162
137523,28.5452398865281
137524,29.9031411987664
137525,30.8194336553479
137526,33.7914829584278
137527,59.0858778697071
137528,62.3946380418186
137529,50.918010865415
137530,49.1544872766599
137531,46.4218585663484
137532,55.8445350739624
137533,67.3044885186557
137534,52.0562428602749
137535,53.8501478786999
137536,26.9805589679484
137537,46.6879715148117
137538,51.6004155324761
137539,62.4787281453001
137540,20.8443503907791
137541,29.5400393797597
137542,18.9524734611305
137543,23.1251230925071
137544,19.8474937288134
137545,47.7981240947485
137546,12.9089191490588
137547,25.6239479067619
137548,19.0081074782464
137549,23.0937827083525
137550,13.9759534548859
137551,40.4692311974122
137552,14.5127202679861
137553,24.8352964576906
137554,16.98789229376
137555,22.8775811380597
137556,14.4671104985528
137557,37.057307831145
137558,15.22970292917
137559,23.4820513986391
137560,19.3597288703762
137561,23.6519288256222
137562,17.9523705394281
137563,30.8321245424597
137564,17.2990316292208
137565,20.7189532384671
137566,17.8806516765641
137567,20.0354596176124
137568,16.1504076789891
137569,26.0485345421954
137570,15.4991028359095
137571,20.3691237694579
137572,16.2807439004304
137573,17.459653484947
137574,16.3782280375629
137575,26.1865930049316
137576,19.3511111669212
137577,20.0073027236064
137578,16.5808657944624
137579,16.5077523906459
137580,15.590922369554
137581,25.3716478477864
137582,17.2316671755593
137583,19.8801811738581
137584,16.9490398248896
137585,15.9994929752157
137586,15.0253235630568
137587,31.0854639860706
137588,18.7828356604251
137589,19.8686935074712
137590,17.8840341596286
137591,18.077266977631
137592,15.0652147979466
137593,30.4092266038931
137594,20.2315527637757
137595,20.2004483567564
137596,18.0952998836189
137597,19.0279356823234
137598,18.3762647497514
137599,30.1918008589212
137600,22.0640085458644
137601,20.5590355067473
137602,19.0423390212482
137603,21.0012077012368
137604,19.5995641638832
137605,30.1066750569625
137606,22.5553349307483
137607,19.9391480310956
137608,19.0797323265878
137609,19.7918406153142
137610,20.1623265823723
137611,24.042506360132
137612,14.3410222073792
137613,16.2400436125378
137614,15.9555504868181
137615,15.6290777240489
137616,14.0152674756647
137617,20.7143274988033
137618,12.8804808716202
137619,16.5708826614704
137620,16.5141752161131
137621,16.3312321037658
137622,13.0244149786582
137623,19.7137246940526
137624,13.8414631731587
137625,15.537288392846
137626,17.5074881012131
137627,19.2194062992698
137628,13.7931316037637
137629,20.2497474248106
137630,15.7756578237216
137631,18.1042171188224
137632,18.3842801213242
137633,21.9312652208837
137634,17.8425944829322
137635,22.6057787636391
137636,18.9032862233195
137637,19.1644932593875
137638,19.7912248865402
137639,21.3169618056493
137640,18.8571183730605
137641,21.3325316973362
137642,20.9269733820543
137643,20.3700701931915
137644,22.5944429477438
137645,21.552027384101
137646,20.2151920626504
137647,23.5345317440976
137648,21.7389417164296
137649,21.1713224885594
137650,21.8929758136582
137651,21.6212052900193
137652,21.1147049343405
137653,26.0162533906871
137654,22.1316664674376
137655,22.7405098305648
137656,26.243111723069
137657,22.4312267408048
137658,21.2241199983994
137659,31.0844220178978
137660,24.9508094166143
137661,26.6420054755999
137662,28.3271012413865
137663,26.3950300982501
137664,23.8283602534118
137665,38.7037358603692
137666,31.5533001659273
137667,31.1394191823236
137668,32.0826652478309
137669,32.5859643976049
137670,33.5865331267596
137671,69.568142736077
137672,47.0018437349277
137673,55.5868555772755
137674,44.4837809245898
137675,60.720492334102
137676,54.4171164621515
137677,75.6000565573447
137678,52.4969733196768
137679,58.6718214831931
137680,41.2503645057023
137681,51.1905643772355
137682,51.598230656237
137683,69.8135050080913
137684,25.5233662088661
137685,33.4249349356529
137686,28.1009547684718
137687,28.4969908445732
137688,27.5659369386169
137689,59.146321452769
137690,16.5424664915219
137691,27.8171811994378
137692,23.0165154802124
137693,27.4062646132466
137694,22.1137590366818
137695,50.9281493053967
137696,19.5552707160614
137697,24.7546968028421
137698,20.5841113397666
137699,24.7829247826604
137700,21.452176383357
137701,39.7827792925711
137702,17.4635484963346
137703,23.3968532672942
137704,20.517010368827
137705,22.3887012904875
137706,20.7689067446106
137707,35.4976226128882
137708,17.3030016502572
137709,21.3609806706309
137710,20.2799876821803
137711,22.0240281994199
137712,17.0832887796112
137713,29.8008321820981
137714,17.8760605204616
137715,20.1685293977003
137716,18.8452452955788
137717,20.4736059961058
137718,17.0924556073125
137719,31.599573578024
137720,19.2366509909963
137721,20.4495443184034
137722,18.9306892447632
137723,19.8016047901214
137724,17.4317679022537
137725,29.6031015243544
137726,20.4169838685074
137727,20.0928502122436
137728,19.2296371663898
137729,20.4379075816959
137730,17.9811206249206
137731,29.0062871139562
137732,18.5672484058958
137733,20.0486896492462
137734,19.5481523513114
137735,21.3145366373636
137736,20.5036467837082
137737,37.5171434116704
137738,21.6024879374729
137739,21.8306894548322
137740,22.0755836600552
137741,22.9589976895263
137742,22.3144207064763
137743,45.747827355838
137744,26.6984439135356
137745,25.9505015589187
137746,22.9849553351379
137747,26.4754006633082
137748,24.4793911719241
137749,51.9778583021669
137750,27.853789286768
137751,25.7776262542643
137752,22.9087493276669
137753,25.3504778809051
137754,26.9128445563453
137755,28.7846441294936
137756,22.4424509111678
137757,19.9374017990284
137758,20.7001201568339
137759,20.2728053314225
137760,21.2283841219495
137761,26.1041043520048
137762,20.2495382560968
137763,18.2151504679734
137764,18.6918754607976
137765,19.2694891230777
137766,20.0777550321898
137767,24.8694187977794
137768,21.2578559667405
137769,19.33274100324
137770,19.4152172225895
137771,21.3520241204775
137772,20.0251546894902
137773,25.1706891784661
137774,20.9630123584973
137775,19.5642853741626
137776,19.8259111871926
137777,21.7348303025213
137778,19.9798633269463
137779,24.5411449271013
137780,21.391203748336
137781,20.9874147436187
137782,20.6868181666971
137783,24.623156448184
137784,20.319979247657
137785,25.274448860461
137786,22.7804570221322
137787,23.5789971268056
137788,23.4524725525322
137789,26.4103147416164
137790,21.9281669551358
137791,31.5569437739421
137792,25.3906553599816
137793,26.073531075988
137794,26.161125419037
137795,26.4957301596055
137796,24.7625054575303
137797,32.5932200345344
137798,25.9580842919691
137799,29.3803501300081
137800,28.6046027371668
137801,28.9707474134369
137802,26.2222533416039
137803,41.8603280167431
137804,31.1913932513236
137805,33.4628988412006
137806,31.9225127452543
137807,36.7212987173483
137808,30.8040479160903
137809,50.6610428591201
137810,40.3161937488674
137811,52.3755869577979
137812,48.1869066883474
137813,49.5380077086844
137814,39.1766846614612
137815,80.0982150570425
137816,68.8021188464056
137817,95.3370271242615
137818,55.3736952333084
137819,89.2076037909924
137820,67.1095928526969
137821,80.9192500650895
137822,67.157853873023
137823,82.4519728690178
137824,55.9614916696326
137825,63.5222111066753
137826,64.4657651647185
137827,69.7742257349611
137828,36.3306358069129
137829,48.274079368449
137830,43.9845521042881
137831,39.8712730440459
137832,39.7581259800609
137833,66.1351960724237
137834,27.0100659105254
137835,38.3451973933162
137836,27.6797678777821
137837,30.0264942020999
137838,29.2653870727402
137839,59.7737308181703
137840,23.0654859791867
137841,31.8856634609464
137842,24.9971381401809
137843,28.2177894483617
137844,27.6982254900121
137845,53.6355944936513
137846,22.1768421324881
137847,27.5705374261252
137848,22.0642749886118
137849,28.4091552710602
137850,23.2958714666385
137851,46.4581584140736
137852,22.3318955410083
137853,26.4176935525806
137854,21.5432738288916
137855,25.3674083987219
137856,23.108179151123
137857,37.0376744603785
137858,23.2695440889105
137859,26.2625249412475
137860,22.1194215519254
137861,25.066268263009
137862,22.4543526945067
137863,39.176508046069
137864,23.2744536178616
137865,25.4693757021519
137866,22.3838124123927
137867,23.9794604972512
137868,21.9052331389926
137869,45.2090638048596
137870,22.6744168056363
137871,24.2133829178993
137872,22.8135842684574
137873,24.2871784771601
137874,22.4819441215068
137875,52.8320428029874
137876,23.5399503142852
137877,23.9120755413994
137878,22.5875075906049
137879,23.282800994242
137880,22.919161714681
137881,55.0380382556371
137882,24.0006826555004
137883,24.758473186569
137884,23.6763752221179
137885,25.128494962508
137886,24.3769104025773
137887,55.6542379056055
137888,25.3396811187997
137889,25.9546593794493
137890,24.9464291663097
137891,28.2617527326235
137892,25.0377123658814
137893,58.4425640865242
137894,25.3024697260192
137895,24.9977706202054
137896,24.7623158430887
137897,27.3292348422102
137898,25.4428453244757
137899,28.8199519662542
137900,21.4188836293409
137901,21.0534920920513
137902,22.1447263626895
137903,21.9608773147541
137904,21.5737621675554
137905,19.65963121265
137906,18.9589332352932
137907,18.0595663720661
137908,18.6081718722335
137909,18.7028775904329
137910,18.3365032509583
137911,18.0092946736166
137912,18.6893391884313
137913,17.6037815301509
137914,18.0386991025911
137915,19.8325992503599
137916,18.2851106186154
137917,18.8025730134143
137918,19.5755091468536
137919,17.6367675265677
137920,17.8142643867038
137921,20.2738422873965
137922,19.3405138897764
137923,20.0991464276105
137924,22.3360734899216
137925,19.4648139196614
137926,20.6122278886005
137927,22.3159198756033
137928,21.5172046205018
137929,22.3476198150966
137930,24.9692751445141
137931,22.731143454625
137932,23.6339749839511
137933,26.6308830000655
137934,24.2806047756374
137935,26.4739655927767
137936,27.4840337808731
137937,25.9689800156645
137938,25.1716799093315
137939,29.0100593932934
137940,27.7320116022686
137941,30.3421031202344
137942,27.5573646527909
137943,28.7332078024859
137944,28.0742337814314
137945,31.4899436371128
137946,29.3498741926701
137947,37.2754374304849
137948,32.2301125651469
137949,33.5029281903008
137950,31.6514664961328
137951,35.7567596883145
137952,34.3536857521045
137953,51.737235607586
137954,44.0569564756329
137955,45.7406120872694
137956,40.9736366864656
137957,50.8326681194106
137958,47.0085896062543
137959,91.8717004585467
137960,93.8268068236394
137961,87.1392566336581
137962,56.3546775821553
137963,103.047247380046
137964,105.535369401134
137965,103.923345786737
137966,74.1103448044967
137967,81.8894476684703
137968,62.3755834898595
137969,83.7646547585161
137970,88.0076520377339
137971,78.7182093567328
137972,35.2925895010247
137973,49.7742734785988
137974,45.5854050713261
137975,45.62979092555
137976,41.9312445947297
137977,65.4197228748957
137978,23.6868890053292
137979,32.7771141428865
137980,28.8168178399412
137981,32.8520921690266
137982,26.9059203848137
137983,51.6664143080382
137984,18.6955157186832
137985,27.00032618053
137986,25.2839580813855
137987,24.6117549652476
137988,18.2738597983353
137989,39.3710150941475
137990,12.1992872019489
137991,23.8661803326427
137992,22.7720468706933
137993,23.0707986762475
137994,14.1162559533116
137995,43.1650846616844
137996,9.42906060399739
137997,22.752847771831
137998,22.2720787067596
137999,22.2747088934498
138000,10.0171039714092
138001,38.3377314465525
138002,11.196013977236
138003,21.7279164492773
138004,20.3576872922088
138005,21.4981263264117
138006,13.325502188258
138007,28.1861812105709
138008,11.6887041597343
138009,20.4449581498569
138010,18.7165327614294
138011,20.1940482995979
138012,11.9999574950745
138013,24.8611036685821
138014,13.3285328316342
138015,19.5865236031494
138016,18.6059699044806
138017,19.5073698338865
138018,13.3408775096709
138019,28.264576660743
138020,16.3742426797323
138021,19.8947587338064
138022,18.6145509286287
138023,20.0230774284145
138024,14.7700002787691
138025,36.2921099670287
138026,18.1589313515244
138027,21.0884670888368
138028,19.7073928284543
138029,20.8986152683771
138030,17.1845157447128
138031,43.7579095442319
138032,20.1249839086166
138033,23.9005615466184
138034,21.9361189754595
138035,22.2725852607437
138036,20.5255503888721
138037,41.5655025125977
138038,21.7058189752175
138039,22.8061804268144
138040,22.5498798301413
138041,22.2669476832217
138042,21.6698023102051
138043,21.7712109950488
138044,17.1000806599396
138045,15.3655742643861
138046,17.4942216004402
138047,16.9816202475254
138048,16.4607545039816
138049,14.2530382769367
138050,14.2464142317527
138051,14.4598654215697
138052,15.9733273743071
138053,16.6172405031345
138054,14.353363870036
138055,14.9886373016752
138056,13.9833702636214
138057,15.1620365949832
138058,17.3510440622216
138059,19.6378113113866
138060,13.8603914082437
138061,15.8468380705969
138062,17.2491534920711
138063,16.5922828828534
138064,18.7482217166061
138065,23.0145458489493
138066,17.2409060750079
138067,18.2425714164366
138068,22.3331869755543
138069,18.6279718361656
138070,20.9459966314835
138071,24.9119066752777
138072,21.918890568636
138073,21.5050258824911
138074,26.6829071769633
138075,22.6918515467155
138076,24.3773921788028
138077,27.8131931948808
138078,26.4520764845256
138079,26.7692500389067
138080,29.9167598821967
138081,27.305724211443
138082,27.8155719988719
138083,29.3908357058776
138084,30.8849851190533
138085,31.3273294721232
138086,30.2783631138038
138087,29.9106137377457
138088,30.2118230043598
138089,32.9183052718806
138090,34.593444004409
138091,36.6435764253234
138092,36.241298055626
138093,33.5629005546294
138094,33.8056547800674
138095,37.9702977659758
138096,37.4819872402049
138097,44.8341803364851
138098,56.7218498529114
138099,51.859238896949
138100,42.5119211382149
138101,51.0817987450612
138102,48.2312257998111
138103,91.7559490786065
138104,94.1579590936025
138105,94.7540012651842
138106,59.0964907956181
138107,82.7940136513295
138108,91.26981105933
138109,99.9497149668628
138110,61.0790906332902
138111,72.0947277360221
138112,60.6539819034209
138113,71.6899781327601
138114,63.9559601150161
138115,72.0393419904294
138116,23.1518057211492
138117,46.1793433088541
138118,42.1444065340079
138119,41.6431394675724
138120,25.2613614735632
138121,58.3333285122217
138122,12.5931134121293
138123,30.1933457423821
138124,27.0859238363628
138125,27.9903759381293
138126,14.9237434238205
138127,40.3422266819029
138128,9.76112237939122
138129,24.1405310964901
138130,20.4067048953679
138131,23.7187488468265
138132,12.3458768536575
138133,32.3050618962275
138134,9.25971514504145
138135,22.7234741047554
138136,19.7418045020132
138137,22.9521493455571
138138,11.4935191812884
138139,31.6654212573938
138140,9.28735615549834
138141,21.2081155798196
138142,19.5014759152513
138143,22.1031958435645
138144,8.59902181984381
138145,23.5448255160767
138146,9.83362918015728
138147,20.6187165368991
138148,18.1442726270614
138149,20.0523133905325
138150,8.28373091244229
138151,21.2325629120395
138152,11.6805794653437
138153,19.0635814043976
138154,17.4635610038443
138155,18.3878570857063
138156,11.6671254566022
138157,21.345278526487
138158,12.1413275014253
138159,19.2390616950282
138160,17.3913018427615
138161,18.4195074283084
138162,11.3025324418933
138163,23.2470236233694
138164,14.909959907373
138165,19.7925742075825
138166,18.1123418674545
138167,19.5486653769946
138168,14.8322921330177
138169,26.6971544279265
138170,18.2650017900679
138171,21.3858962927742
138172,19.1285590279019
138173,21.4229240919802
138174,17.896915231136
138175,33.1514041208917
138176,22.5895182909625
138177,23.8451280406836
138178,21.4241279345153
138179,23.1807223466538
138180,20.6679380070878
138181,39.4075495936098
138182,22.362394773517
138183,24.0353385760965
138184,22.4638625038761
138185,23.2839587352017
138186,21.671532363116
138187,23.7685614775088
138188,17.1306941046974
138189,18.3262348509014
138190,17.6516151284277
138191,18.0242606075523
138192,17.1069061503722
138193,17.2353761236966
138194,15.2070537058591
138195,15.6074276391638
138196,16.5390717179663
138197,16.2702048584308
138198,15.3605135460053
138199,18.39090450301
138200,16.5235524908645
138201,16.3661663736463
138202,17.487043449244
138203,19.8194079333964
138204,16.8909096418237
138205,19.5204374331852
138206,18.6534426618641
138207,18.169371004441
138208,18.6095611713511
138209,22.4877103474841
138210,18.9081847301518
138211,21.9473626124444
138212,23.2954191249478
138213,21.1736538969447
138214,22.0321915775246
138215,25.997386600475
138216,23.1780663136809
138217,24.8400466307155
138218,26.7813084437758
138219,25.9871409752429
138220,25.1499710909083
138221,26.6677017739156
138222,27.1854209720593
138223,27.7139366251115
138224,29.5308840954542
138225,28.5318278765481
138226,27.2512854750664
138227,28.3668467604294
138228,29.4261562321487
138229,24.5865261771484
138230,28.6307957026472
138231,29.8320940151903
138232,29.6736989567409
138233,30.3161236368797
138234,28.8870788690386
138235,22.700922258092
138236,30.8835679712966
138237,31.5496237059567
138238,28.8309860615529
138239,33.1293697647839
138240,30.9808920771299
138241,36.4563103261965
138242,34.3957219830546
138243,37.4018143799152
138244,35.5399241450629
138245,38.6384746191411
138246,32.6057875545692
138247,59.5435029061446
138248,48.0750056333562
138249,55.4990396075289
138250,51.9130529420688
138251,68.2721612440135
138252,50.7126294198314
138253,67.4290072269761
138254,43.4426006808408
138255,53.3612916146095
138256,28.9795629200911
138257,63.5862811942173
138258,46.4051100247786
138259,52.439342087739
138260,23.7693910482354
138261,38.1963062719988
138262,22.5192604679241
138263,37.6510016577235
138264,26.4036464998629
138265,51.095158810155
138266,15.6434716926213
138267,27.8196136462551
138268,22.4372746247206
138269,28.4173909678652
138270,17.8190392051788
138271,48.4987909207725
138272,13.5739915212344
138273,24.8607801237348
138274,20.2583575645139
138275,26.1106775629805
138276,15.5443281436035
138277,35.5899710929318
138278,11.7852923151293
138279,23.6417560863656
138280,21.0019509282585
138281,24.8516581792334
138282,12.9092993613023
138283,37.5536548225448
138284,12.4153927488397
138285,22.7494126379083
138286,20.6143826141608
138287,24.514230132934
138288,12.7122267190713
138289,29.5826045050524
138290,14.7228103159059
138291,22.1063743173954
138292,20.0040352653227
138293,22.1968458281104
138294,13.552920417158
138295,29.4231578161115
138296,14.9542220547266
138297,21.1984996855168
138298,19.551874167163
138299,21.5971058801893
138300,13.523402088775
138301,32.1332729575598
138302,14.3397819729811
138303,21.1602269748649
138304,19.2068362344837
138305,21.2636250681077
138306,14.1577797425924
138307,38.5027883200128
138308,15.3725400446453
138309,22.0565876819828
138310,18.941573328818
138311,21.4986436845666
138312,16.1475955171227
138313,45.9975408477945
138314,19.3919059159053
138315,23.4585357340857
138316,20.7357630170707
138317,21.996450324808
138318,18.5789977231082
138319,56.5944978736114
138320,24.2379872612451
138321,25.9540444046177
138322,22.5112443540386
138323,24.4603371642961
138324,23.3252592835356
138325,59.4406128487454
138326,27.0016258538928
138327,26.017825742605
138328,22.6437795161941
138329,24.798319855482
138330,26.3341843610992
138331,25.8374129595465
138332,20.6642077682543
138333,20.0846758641482
138334,18.7680944599461
138335,19.5491574730974
138336,19.8583284310208
138337,16.6821145827259
138338,16.8468861713049
138339,16.6389760756126
138340,16.4860951894094
138341,18.8145897270349
138342,16.5151774099596
138343,17.1214216029273
138344,18.1973958073352
138345,17.5744187133395
138346,17.7659658018353
138347,21.7990777187406
138348,17.646551854576
138349,18.7905086758752
138350,19.3818190352182
138351,18.6159670798655
138352,18.7720857654651
138353,22.8085712416691
138354,19.4051923336399
138355,20.1568100133459
138356,22.865132934092
138357,21.4648538536197
138358,21.0173001385068
138359,23.6952649199443
138360,22.1928008318482
138361,21.8925624466064
138362,25.8076938219535
138363,24.0813413850751
138364,24.0953421556309
138365,24.9459300936145
138366,25.8339941157798
138367,27.0860980169422
138368,28.0705801870933
138369,27.5770698317785
138370,27.1168201808512
138371,27.9237822995937
138372,29.8533870167313
138373,24.8419344528265
138374,27.1957311369518
138375,28.7020448831306
138376,28.2243606210282
138377,29.4973598568827
138378,29.2849834787269
138379,36.6149976879499
138380,27.8582907134154
138381,28.1936712553763
138382,32.4801317119486
138383,32.8376978135309
138384,28.5100581354074
138385,33.2333526792521
138386,27.5854751577321
138387,29.7785058386875
138388,38.1493356855963
138389,39.0501376696834
138390,24.50467800401
138391,54.3341035149536
138392,31.0556647165415
138393,38.1873679417505
138394,22.3421775664419
138395,33.8185176732903
138396,32.6328151337276
138397,72.5118760781107
138398,27.439736608834
138399,36.0466077499354
138400,41.3851217813162
138401,49.3406593325235
138402,32.3480199626592
138403,56.4493375251629
138404,16.3040809726718
138405,29.4548761037022
138406,27.2804549038141
138407,29.2788790288035
138408,18.4867850425745
138409,51.0481810776452
138410,12.6068734212943
138411,25.8705886353079
138412,26.8717167051359
138413,27.6642670173164
138414,13.9037756754528
138415,40.9477253584041
138416,9.61932690883299
138417,24.2484385638814
138418,23.6465304559861
138419,24.1224646418486
138420,11.3118168280419
138421,32.8044152168199
138422,7.85880087522851
138423,23.1177468622586
138424,21.4725861994481
138425,22.6212972733341
138426,9.02721639356963
138427,27.9319786051426
138428,9.48757890320018
138429,22.0601737541894
138430,20.3016821596679
138431,21.8885740528348
138432,10.7532965719049
138433,23.9642221992162
138434,11.0649409127848
138435,21.249180687765
138436,18.813474538439
138437,20.7824322070549
138438,10.3492584870256
138439,23.5751577645509
138440,11.3449030964165
138441,20.3607223658755
138442,18.1021439678769
138443,20.6597539370178
138444,11.7735186067998
138445,24.8105936300475
138446,10.7710921051281
138447,19.997924336231
138448,17.8546751920659
138449,20.7727233758812
138450,11.7845062714968
138451,27.6449228654884
138452,11.9994013851158
138453,20.0157358161344
138454,18.6682950528484
138455,21.0321791787857
138456,12.6740399010422
138457,29.2058246480686
138458,13.4161237574121
138459,20.6479463078329
138460,18.8589059143342
138461,21.5838746927167
138462,13.6735400399982
138463,32.1462123411385
138464,14.316162933812
138465,20.8439724265694
138466,19.5780749343505
138467,23.1202870877239
138468,14.4837917136921
138469,31.2286321733944
138470,15.2114066478356
138471,21.5452878840991
138472,19.9781933471054
138473,23.0430678642512
138474,15.7299520458096
138475,18.0969499986219
138476,9.86179736737338
138477,16.0022424472592
138478,15.9780555839263
138479,16.4171924449259
138480,10.2833867642782
138481,9.78213236658786
138482,7.4581295500719
138483,13.339326238674
138484,16.2130551235594
138485,16.4162824836718
138486,8.62082399494569
138487,8.25154687605877
138488,7.70849815543309
138489,14.981467882061
138490,16.9744433418625
138491,18.3518563026032
138492,8.60936014417873
138493,1.31809675044032
138494,8.4457306277527
138495,17.503624701381
138496,18.7098059199859
138497,21.6637907353707
138498,9.5577684097773
138499,-2.25308138172014
138500,13.1245587182237
138501,18.8831955630717
138502,21.4052606446193
138503,23.4560049636197
138504,13.3287510074694
138505,-3.92800153764317
138506,14.6231779067594
138507,19.3982765109607
138508,23.1722075324933
138509,24.8858289472238
138510,14.2054530643632
138511,-6.23735116280387
138512,15.506954432009
138513,19.8922182423939
138514,23.7833210157749
138515,24.1348833445721
138516,16.1253031726002
138517,-2.36223693511254
138518,14.8435698789468
138519,21.1969264080121
138520,24.6573308177558
138521,23.6572379939008
138522,13.9182326247915
138523,-2.39749381270833
138524,11.5865187599798
138525,23.4006513604921
138526,25.8471102070619
138527,23.0982170601418
138528,12.7117659885504
138529,2.20540236682519
138530,14.1434458658816
138531,25.0207376223678
138532,25.6100623173418
138533,23.7713613439368
138534,16.5401172566607
138535,23.2639794981415
138536,21.7945943573542
138537,35.6962662294379
138538,19.8078342498144
138539,24.1906413685877
138540,21.6840798866754
138541,42.2966250469151
138542,23.92864770611
138543,36.6307638246482
138544,20.5969065250398
138545,28.2510224377543
138546,23.0160647480913
138547,31.5291616740919
138548,17.3928037859373
138549,29.1642716016764
138550,23.9376995804209
138551,20.5916095167729
138552,16.4134530874854
138553,25.3741248637371
138554,9.08110113496317
138555,24.1566883492994
138556,21.6007981834845
138557,18.0017635510033
138558,11.7140477933946
138559,22.8992713728779
138560,8.10114659845281
138561,22.3413444335399
138562,20.2708738224891
138563,19.4315349213961
138564,12.2984968886133
138565,18.3501134296676
138566,8.07827269298385
138567,21.8937500274815
138568,17.9295631080296
138569,20.6350213406612
138570,10.5075162896377
138571,15.3315774820089
138572,2.89752970749462
138573,20.4392017401755
138574,18.7249346911502
138575,19.7172924896954
138576,1.76347948888246
138577,14.8146187160775
138578,0.796128003965624
138579,19.6767367675159
138580,17.7444615213318
138581,19.0721771667771
138582,0.372615351046214
138583,16.3083247263618
138584,-0.869646560927574
138585,19.1209074366956
138586,16.7634348284215
138587,18.5259122399716
138588,-0.167220365685544
138589,18.6908243962511
138590,0.452935729190266
138591,17.8562517698788
138592,16.7345968104107
138593,18.3653807061905
138594,0.606041328578382
138595,19.7044344161349
138596,2.38787224260378
138597,17.645687885531
138598,17.2404202128011
138599,17.8444710698619
138600,3.51118021002352
138601,21.0229754709075
138602,4.27702901029004
138603,18.3153907028146
138604,18.2179509463031
138605,17.8556674956745
138606,4.9404189000518
138607,22.4827465984526
138608,6.9541273068821
138609,18.4776986083079
138610,18.5783092185576
138611,19.018514294403
138612,5.73205832217833
138613,27.6671694368599
138614,7.78397025809888
138615,18.866722300559
138616,18.8928928034658
138617,18.6690921729102
138618,6.84888967870644
138619,12.4176950284635
138620,-0.0930521944898679
138621,13.6822537583774
138622,16.7860932492334
138623,14.438455131021
138624,0.327876815804281
138625,3.85262989947667
138626,-6.31650948421203
138627,10.0246596977702
138628,14.9951015167199
138629,16.1068704510417
138630,-6.84632060350217
138631,-1.94448711458534
138632,-13.1377420407256
138633,9.41070809880117
138634,16.5998235813803
138635,19.206218163945
138636,-12.8839671735337
138637,-2.28455685036641
138638,-13.1996462503041
138639,15.0466735803366
138640,19.5468259356406
138641,23.9531775634341
138642,-10.7066988828033
138643,-1.61773043154164
138644,-8.64973817372329
138645,18.8124770114153
138646,22.4123636702989
138647,26.2213756673734
138648,-9.40824679103262
138649,2.08612668915672
138650,-2.55405658074784
138651,21.359254119567
138652,25.3694248496005
138653,28.7052488002356
138654,-2.22306158676217
138655,11.4089452639755
138656,6.05111887313579
138657,24.2037119724151
138658,26.8941737560961
138659,27.391253095811
138660,6.08130534654774
138661,18.8760787880017
138662,10.3849177214666
138663,24.0113658013877
138664,26.9606219155421
138665,28.4875761198214
138666,13.2133942252547
138667,20.1459571016884
138668,13.1977946484755
138669,24.2453578004375
138670,28.2389367221834
138671,27.8206928435609
138672,14.8641249725104
138673,22.1156910582347
138674,14.2545157097788
138675,27.1264904156295
138676,29.6947911598976
138677,26.8676538367981
138678,14.9101468370601
138679,42.1862065807167
138680,21.4370215859732
138681,50.7252148079231
138682,42.2016736811946
138683,46.5454198789691
138684,25.842396893595
138685,42.7296648437574
138686,23.5626296882335
138687,45.6077684731709
138688,42.2552635108752
138689,39.5665226215796
138690,26.3870206567104
138691,31.0158338519421
138692,16.6183499866454
138693,31.422116394918
138694,25.4935943183077
138695,28.4684335846863
138696,19.6878668256469
138697,26.4781293415998
138698,13.8186106219599
138699,26.0412540730739
138700,19.4750835948037
138701,23.8018495894373
138702,16.7015996336129
138703,24.5328795416677
138704,10.8045719152027
138705,23.8934837400795
138706,18.9101159615426
138707,21.7694796739341
138708,13.7157566441951
138709,25.3943757878043
138710,9.97761683944018
138711,21.6582256438869
138712,19.1814926234206
138713,20.9032114674515
138714,11.4993826111476
138715,22.451876885992
138716,9.66679209814761
138717,20.5299602312314
138718,17.4257753610593
138719,20.2122173571232
138720,10.7813991319644
138721,21.4110488551022
138722,11.8745446042631
138723,19.8337405059696
138724,17.499479957478
138725,20.245677964752
138726,11.2475722098354
138727,21.873620445187
138728,13.6878581171178
138729,19.9816204671522
138730,16.7952181231593
138731,19.6055477378341
138732,13.7566112463214
138733,21.8698865832774
138734,15.0457623117624
138735,19.7418047996016
138736,16.6218772586866
138737,19.4379682915527
138738,15.0663041474644
138739,22.8727936698656
138740,16.5075548237918
138741,19.8193277089579
138742,17.1328294958121
138743,19.7463597164141
138744,16.0025092518368
138745,24.9672046723969
138746,20.5616983129074
138747,22.1399379698443
138748,19.5445597599283
138749,21.004156603667
138750,19.6699038757846
138751,28.1120787186127
138752,23.9239039379977
138753,24.6237539484079
138754,22.6964981290061
138755,24.9282290287726
138756,24.4866343285897
138757,28.5810462460549
138758,24.3458986431096
138759,25.4717610098295
138760,23.0588706350691
138761,24.5280596222097
138762,23.6259207630525
138763,22.3976365007503
138764,19.3541364017198
138765,19.7448649919075
138766,19.4579370088243
138767,19.517689830271
138768,18.4194810233985
138769,17.2030421426938
138770,16.9725212703394
138771,14.1583858591504
138772,17.1291179759925
138773,16.03632124756
138774,16.0057986334847
138775,17.2497222031929
138776,17.3333739283011
138777,14.9008002959254
138778,17.2999856162758
138779,18.7042985032054
138780,17.0711677544815
138781,17.035753929155
138782,17.7448674055648
138783,17.3824033826773
138784,18.3193676966634
138785,21.4181103065323
138786,17.4448292083507
138787,19.8304340241038
138788,20.4719073286467
138789,20.8040872958451
138790,21.9939931861097
138791,25.7500244063769
138792,19.6400127326287
138793,23.0492721916753
138794,25.1739127467013
138795,24.4003175420687
138796,24.3911597053527
138797,28.6743341179477
138798,24.0940709938637
138799,32.9649111122321
138800,28.4648222341118
138801,28.3574008878757
138802,27.3938958463751
138803,28.5412934678167
138804,27.9718592247903
138805,31.8560701929888
138806,31.2205866806401
138807,31.9395374755781
138808,30.9983684872312
138809,33.306147366011
138810,31.8409197887212
138811,33.3197158748867
138812,35.3950160722387
138813,37.6799173439972
138814,33.8243590256425
138815,37.3919092574904
138816,35.4444031462312
138817,39.0269883412232
138818,51.2648790172484
138819,55.1468326670872
138820,36.3508181761643
138821,49.3061172011654
138822,44.4532915370589
138823,62.9758752703032
138824,91.611108991583
138825,86.2800047100425
138826,49.3170964458528
138827,86.2963414131922
138828,53.1625228215037
138829,56.9734078249613
138830,55.0962617238626
138831,52.0578739180851
138832,48.6168401448283
138833,62.4696258245731
138834,53.3863628754857
138835,51.4686932965827
138836,30.1125529027093
138837,38.0449693258836
138838,26.6944660693472
138839,31.0763740738231
138840,36.8863277512224
138841,40.8194646581965
138842,20.3222020160226
138843,32.5800882225607
138844,14.6210659101926
138845,24.8107315184937
138846,26.1569620023193
138847,41.2796916157058
138848,20.3389185093523
138849,28.644805313365
138850,19.8262009136037
138851,24.8099647360999
138852,22.4864670842261
138853,39.0952389825477
138854,19.5338750248714
138855,26.3937030279894
138856,20.6813907044782
138857,25.9679675616066
138858,17.2722448693023
138859,28.6746907722419
138860,12.9059007902445
138861,24.2919004668295
138862,20.5135406427743
138863,25.3461278443817
138864,14.9662681825406
138865,28.0506741333838
138866,18.5623299365508
138867,24.2471491975164
138868,22.0090249035023
138869,25.4696614314924
138870,14.0038155525229
138871,27.910116962855
138872,18.571860446806
138873,24.0113947673239
138874,22.1280300805961
138875,25.3549544572133
138876,14.2563022570149
138877,32.0667912747214
138878,17.888653584887
138879,24.2380033514033
138880,22.5316393628053
138881,26.0804618903853
138882,17.1259390943696
138883,38.1157742410998
138884,21.6254483676706
138885,24.7126201978669
138886,22.7433451712479
138887,25.7889777942851
138888,20.0361986091224
138889,45.7071525274866
138890,22.2913672796697
138891,27.2017023080367
138892,23.704594179059
138893,26.2743044887516
138894,22.6075896841416
138895,52.9954349054219
138896,25.5897032035028
138897,29.6356646494967
138898,24.7617471751896
138899,28.7259977499924
138900,24.6344595271982
138901,62.2262605681496
138902,22.8446022864565
138903,28.2275372703815
138904,25.388812208456
138905,28.5742303774787
138906,23.2953500326083
138907,34.1529776513828
138908,18.1135621607284
138909,23.5916970750032
138910,22.693954655028
138911,24.1938200123667
138912,18.7773212539863
138913,28.4047903654724
138914,16.2335109524384
138915,18.4569608798087
138916,18.7327803524644
138917,20.0338577839179
138918,15.9064632059215
138919,26.7107014849104
138920,18.1474153716738
138921,19.6921267923357
138922,19.1178182308768
138923,20.982982049806
138924,19.3260838695506
138925,26.6017537540084
138926,21.6892429881325
138927,22.3506538228049
138928,19.0564880198845
138929,22.5403492184699
138930,20.9662919445348
138931,24.4272751601855
138932,22.4520398729239
138933,25.5901326487746
138934,23.3894108515645
138935,25.7335609240949
138936,23.8061080983841
138937,27.1739957466977
138938,28.0311941973085
138939,30.470833706362
138940,27.5952747344524
138941,30.278388964288
138942,28.8247591610691
138943,29.8270454433848
138944,30.8384765772238
138945,34.9171549178559
138946,29.6816778396565
138947,33.3170816706274
138948,33.0950939013341
138949,33.5207433239199
138950,38.737438707672
138951,34.719633504043
138952,32.3274739080357
138953,38.2102716257587
138954,38.8098183636805
138955,28.1332588969183
138956,45.972408089928
138957,35.318104060624
138958,30.2044408692664
138959,44.6404531757176
138960,42.9958472802873
138961,41.6145685015967
138962,53.2979398219168
138963,41.9354988017519
138964,33.7687653200541
138965,59.9200805517454
138966,56.1773002419838
138967,59.5539947869131
138968,77.3359979309062
138969,61.6935696965629
138970,34.1948331675142
138971,75.881806363989
138972,73.5981385091986
138973,67.1130503577579
138974,67.0062577163565
138975,55.0834903251741
138976,22.1915674122511
138977,43.5633275859676
138978,70.1345333257464
138979,64.9064540157892
138980,44.2798327262542
138981,42.1229435845317
138982,24.7272510789268
138983,41.7569894077663
138984,47.0901595941378
138985,62.2823100380731
138986,29.8939994782715
138987,34.0466321244292
138988,26.9351367987434
138989,30.9988711395659
138990,31.254682056208
138991,54.7738854606239
138992,25.4769474333016
138993,29.6433182754615
138994,24.0439455094288
138995,28.3476698793261
138996,26.8421917338038
138997,46.2796121723308
138998,23.2241168617759
138999,27.2544675342881
139000,24.8759267504182
139001,27.8027697347181
139002,24.6041696456785
139003,59.1230939440757
139004,24.2142434935461
139005,27.9395676137184
139006,25.289789151939
139007,27.4111145393841
139008,24.6148325214105
139009,52.2121140000602
139010,23.6492684924974
139011,28.3322591546139
139012,24.6360161121422
139013,25.8532801546242
139014,24.7500554440915
139015,50.5848190475829
139016,25.8359703727527
139017,28.7164911109516
139018,24.8010553465579
139019,27.132451721756
139020,25.7393069571975
139021,49.3975968762389
139022,27.5180945830635
139023,29.0649429394341
139024,24.0179071237452
139025,27.0696193618257
139026,26.7215472096924
139027,46.986853984608
139028,27.4680782431352
139029,28.1864544792138
139030,24.1152110922903
139031,26.1625993004739
139032,27.9828702627073
139033,44.5489948567437
139034,27.4584833045093
139035,28.4926106340833
139036,23.5523999513356
139037,26.7356273960408
139038,27.5372575625208
139039,53.0048348121842
139040,30.688869183233
139041,29.3391243840563
139042,24.7117074962081
139043,28.7734306390741
139044,30.1078443949514
139045,53.9834500763904
139046,30.6511136686343
139047,27.6426842240984
139048,25.2436113011728
139049,26.7665489758324
139050,29.945857031866
139051,29.360489127275
139052,25.3339082971561
139053,22.5956497284588
139054,22.1874669177404
139055,22.1599727103217
139056,26.289294842288
139057,23.2654567156464
139058,22.6923844394026
139059,20.8789889851423
139060,19.624278607043
139061,21.4081413096138
139062,22.2976942581311
139063,23.9673775403893
139064,21.4840633781594
139065,21.0678152639945
139066,19.4765804613373
139067,21.8246330886597
139068,21.6574417865422
139069,22.9682747529149
139070,23.2670616061494
139071,21.8227759433091
139072,20.4958986852963
139073,23.641262112788
139074,23.4149217883921
139075,25.5277480916116
139076,26.0709729177169
139077,23.4409129506402
139078,22.3005977978004
139079,25.322527028303
139080,25.1318624743612
139081,26.9185361044583
139082,26.9178987974728
139083,26.5208039755344
139084,23.320507847279
139085,25.0696205931816
139086,26.3336185120574
139087,31.9419338269638
139088,28.963143385603
139089,28.9931105529009
139090,26.6331444720596
139091,29.6231224999781
139092,28.6869540215751
139093,32.0802743404377
139094,32.3043992226762
139095,29.7981664120515
139096,31.6309980729906
139097,35.4308335149686
139098,31.0010572863745
139099,34.3655102935129
139100,42.2320004071845
139101,39.7131657547885
139102,22.3512812432501
139103,38.9095469121873
139104,38.0679387900173
139105,42.0061141791069
139106,51.9168800284299
139107,50.5474768307851
139108,17.7107560405988
139109,29.730351246712
139110,51.5619014800977
139111,59.8481022741224
139112,75.7377870640302
139113,84.439111310511
139114,45.5033454701071
139115,47.5696263781671
139116,83.1580395124825
139117,64.2751258418486
139118,54.0381460452623
139119,62.8533286578403
139120,38.3988885692875
139121,58.1951920399212
139122,57.7770297846822
139123,61.793148263371
139124,41.4546453138831
139125,48.2487626753033
139126,38.4997550378475
139127,49.5555523789781
139128,43.4757335584831
139129,58.7933055509618
139130,33.2024260844853
139131,34.8887156142329
139132,33.9223159116463
139133,38.9627279668639
139134,33.0438629977414
139135,51.0542379897616
139136,29.7121002015747
139137,32.5708331954136
139138,31.3631598332718
139139,33.4458346904855
139140,29.725783728744
139141,52.5472623594501
139142,24.7638279903036
139143,27.6107622087019
139144,27.1639474893304
139145,28.9076017037808
139146,25.2397006675386
139147,50.6135665537578
139148,26.2368250075468
139149,27.0801336847378
139150,24.2165363460331
139151,27.1504285957756
139152,26.2920824302303
139153,43.8230102344678
139154,19.4867618325961
139155,25.3851681220076
139156,22.5530405079042
139157,25.0623024949367
139158,21.2208651738637
139159,42.115958986044
139160,18.3349099134622
139161,24.6074266449212
139162,21.8734449014362
139163,23.9099236440877
139164,19.448083991346
139165,40.8796864882891
139166,17.9238542084696
139167,23.7242468022821
139168,21.2039751203497
139169,23.182702568997
139170,18.9089216074902
139171,45.2490377427711
139172,18.875144614532
139173,24.2912486596236
139174,20.9952203568935
139175,22.9435021711293
139176,19.0679981570281
139177,51.4940307622354
139178,21.0641747996159
139179,24.930625510522
139180,22.1187016547418
139181,23.657754604185
139182,20.6385318975344
139183,57.5280903025043
139184,25.8567259312666
139185,26.5281431881577
139186,22.9215342153286
139187,25.3174052745098
139188,25.0056276359304
139189,58.9109967356671
139190,26.7454112850371
139191,25.9338341534438
139192,22.9072256010215
139193,25.6968262699152
139194,26.0964529979452
139195,24.8585778173965
139196,20.7575021816033
139197,21.0710420190035
139198,19.8414522110632
139199,20.4896926570697
139200,20.0097066683465
139201,17.318182210383
139202,18.3255071404226
139203,16.5764297892411
139204,16.3661062668712
139205,17.4401057116489
139206,17.944669186232
139207,16.8437904079002
139208,18.6393854326925
139209,17.5022702696249
139210,16.6983062431301
139211,19.0257638887047
139212,17.5222965780205
139213,16.4247022669141
139214,19.2644486412528
139215,17.7810397619174
139216,17.1352696340827
139217,20.6567079410909
139218,17.8745216758712
139219,17.6063481626503
139220,20.5493410968106
139221,19.3205001421329
139222,18.6777659723667
139223,23.0420307141734
139224,20.2083971125959
139225,19.3122714781709
139226,22.629569107876
139227,21.0166587515766
139228,20.1862252769248
139229,23.2151606592285
139230,22.7939227818175
139231,20.7304105202249
139232,24.2422178755071
139233,21.2913721854227
139234,23.3549437514922
139235,24.5890289198015
139236,24.7422040633458
139237,20.594608692182
139238,24.8373321568307
139239,21.7473701981897
139240,25.5492957132749
139241,25.2612901903006
139242,26.026864551729
139243,23.6631442608676
139244,27.0113193530714
139245,23.9981060467893
139246,22.867635730191
139247,26.8440045505183
139248,27.9498298389236
139249,29.8728015779317
139250,35.9498892698772
139251,31.0085408786839
139252,28.1064072579291
139253,36.1213578195818
139254,41.1158723198806
139255,56.6023492245325
139256,72.9043866439646
139257,57.1831455117254
139258,43.1032053355014
139259,81.8067396340195
139260,71.3002313371273
139261,62.3638108439793
139262,45.7384868488819
139263,55.5070323896435
139264,40.9123619301181
139265,58.2651720971461
139266,46.8431926098141
139267,64.9015726826095
139268,31.5032829663378
139269,42.4094420639047
139270,33.5268568419318
139271,40.3802957025234
139272,32.8939954180556
139273,58.5325401435185
139274,22.9821202350814
139275,33.1722182358348
139276,27.5195731750898
139277,31.2896962344466
139278,21.9433902845555
139279,54.037132328571
139280,21.3360392730129
139281,28.0170544638528
139282,25.7453491019578
139283,28.2312255290903
139284,22.4537028286154
139285,48.0625038230993
139286,16.9866832671189
139287,26.3555888557593
139288,23.7668749881
139289,26.0077933974398
139290,16.1247212764902
139291,49.3079557890604
139292,15.199907668493
139293,24.4548385730494
139294,22.7774549329629
139295,24.4459710306133
139296,12.4821953450514
139297,39.3612741668533
139298,18.9958432815365
139299,23.3415145457031
139300,20.7210491174471
139301,23.2913826391809
139302,14.2290090226283
139303,35.1313877985991
139304,19.2244911323293
139305,22.7322795184581
139306,19.1313297753609
139307,22.6505982654953
139308,17.2556457418721
139309,30.2576857432329
139310,16.6020554861931
139311,21.7937405322168
139312,18.8657969325649
139313,21.9002108173031
139314,18.2104146883073
139315,27.2163799266926
139316,17.3741940272817
139317,22.3171067620631
139318,18.7885813699109
139319,21.8830177224257
139320,18.4613962812863
139321,29.474184547305
139322,21.8876542061503
139323,23.3397024825914
139324,19.8531554855032
139325,22.5431985591873
139326,20.1723094442692
139327,35.4449824664397
139328,23.3053307538601
139329,24.648384029537
139330,21.3504742342399
139331,23.0622022201303
139332,22.0895332806122
139333,42.1449023435213
139334,23.9867993511816
139335,25.4727446491817
139336,21.17768306636
139337,23.6092715532935
139338,23.5410839265524
139339,22.480880068706
139340,18.7815401235246
139341,19.4095565273374
139342,17.7330772706834
139343,19.8288945874053
139344,17.4140596795454
139345,16.1872930127372
139346,15.2213033514185
139347,15.9831409595758
139348,16.1698169195523
139349,18.2160218303837
139350,15.1640479589659
139351,16.380397584189
139352,16.3306061873825
139353,16.5035678664128
139354,16.5005234075101
139355,18.752956265436
139356,15.2405502533826
139357,17.2832265075648
139358,15.5213963745549
139359,17.2775975622717
139360,17.1736152221314
139361,20.3702805192198
139362,14.9313655860713
139363,18.0826831659378
139364,18.3535295647578
139365,18.8578473523214
139366,18.4658500898952
139367,22.122499809914
139368,18.2747435835852
139369,19.7783141588267
139370,22.3810024378439
139371,21.8009165364946
139372,21.2817196938972
139373,23.8296061863193
139374,22.1572538662706
139375,20.6078972051552
139376,23.4283275162966
139377,23.9037368869937
139378,23.2075946609938
139379,25.809876780111
139380,23.2565700952931
139381,22.481505063573
139382,23.8027793616044
139383,25.1280703824808
139384,26.3684637636959
139385,27.9119489595043
139386,24.541822275973
139387,25.3566051358392
139388,24.6463240969174
139389,27.9688896336904
139390,28.2574834160203
139391,29.3681380447322
139392,26.2227983500053
139393,34.3066270245413
139394,32.7120899990879
139395,41.0549918004706
139396,39.6918534023981
139397,30.7691214458835
139398,38.792756031828
139399,76.5165440857206
139400,61.5894270691459
139401,97.1254934401479
139402,48.5133652396543
139403,40.0007763645295
139404,64.3617756436697
139405,75.1927286018569
139406,47.2160503145606
139407,66.0684873370214
139408,43.5448948356165
139409,53.334935259012
139410,45.831342727439
139411,68.1838582957754
139412,30.2730594458487
139413,42.3425516123674
139414,38.420738549643
139415,43.3785412176938
139416,30.7116703997095
139417,68.1759988385856
139418,21.2711992639033
139419,32.7794888713996
139420,31.326155546678
139421,32.0546024078424
139422,22.3983849941529
139423,57.889182891701
139424,19.361039069008
139425,26.9151422530155
139426,23.9508827671051
139427,28.0074813173433
139428,20.6350686995228
139429,51.0547544225515
139430,16.7065398108481
139431,24.430600914539
139432,23.2033903886115
139433,24.2300192850588
139434,16.6378779343672
139435,45.8790220801055
139436,17.6599573985867
139437,24.0969392758339
139438,23.0406456068106
139439,23.8000018219732
139440,11.5614370214794
139441,36.3493725652746
139442,17.0408637879196
139443,22.4880874711882
139444,20.9166489667602
139445,22.5178348214026
139446,14.810376426718
139447,32.2552727844518
139448,16.4338997429424
139449,21.050836690491
139450,19.6714534705535
139451,21.5562200735311
139452,13.8002315043765
139453,33.1812049361709
139454,16.8616713578697
139455,20.1882764838768
139456,19.5252993874657
139457,21.9313591161332
139458,14.9184606429706
139459,33.1249380450782
139460,14.7936516821861
139461,20.3074983761259
139462,19.7812929049395
139463,21.3965112603085
139464,15.7706748079425
139465,33.651454179168
139466,19.4793296456617
139467,21.410252182566
139468,20.0593578362772
139469,21.2985486623831
139470,17.0386477930092
139471,36.262559695146
139472,20.5828683472845
139473,21.4722076108693
139474,20.6768865085018
139475,21.9728278866485
139476,18.4909018734007
139477,38.4563124376099
139478,18.4796688593288
139479,21.9182861029925
139480,21.106455592352
139481,22.6049236935882
139482,19.3983345848836
139483,25.5059614112347
139484,17.1695809357759
139485,15.8286659827769
139486,17.7286054949007
139487,17.0159773183528
139488,15.724730842764
139489,20.0784463670685
139490,14.408901545915
139491,13.4283422426043
139492,17.0708633365367
139493,16.4583376289221
139494,14.4039490969055
139495,21.7696150593768
139496,13.3658516131624
139497,14.2655573430588
139498,17.5543701744674
139499,18.8717909002751
139500,12.9628862469062
139501,16.8475194702534
139502,13.232995309202
139503,16.7685375126889
139504,18.2304040221454
139505,20.6709740898396
139506,13.9441593405289
139507,14.5272011764785
139508,13.7816515520175
139509,17.0591504358584
139510,19.3157922653256
139511,22.0245958749492
139512,13.3900563939212
139513,13.0949630929038
139514,15.3878092353251
139515,17.6616060983243
139516,21.7001854962694
139517,23.7090741530192
139518,15.0664111800863
139519,9.74468681126789
139520,15.8825823065242
139521,18.9814587247983
139522,22.9769539551394
139523,24.67306363274
139524,16.5123717565956
139525,-3.09775362156758
139526,15.9794299462022
139527,19.8736071898648
139528,23.3904576728458
139529,22.8800314400043
139530,15.0333006022912
139531,-2.67973670123432
139532,13.3743951728837
139533,21.2005125346814
139534,25.735029686485
139535,24.8766846570385
139536,14.7830960054751
139537,12.3258913542975
139538,14.5499680687292
139539,24.7412280613972
139540,28.954509110205
139541,28.0351967948827
139542,12.9843130790714
139543,35.3438693796795
139544,26.3506779435675
139545,43.5669172359553
139546,45.288406715586
139547,58.1114797148341
139548,27.599148060618
139549,42.4743775375355
139550,22.0690060879082
139551,35.7246252278885
139552,42.6262758048326
139553,42.454804774327
139554,23.2065160573839
139555,31.1486499980908
139556,14.1807522395701
139557,28.7195511201216
139558,30.8197365278757
139559,28.6106729058246
139560,16.3985295313905
139561,28.922839890835
139562,8.88648220137585
139563,23.2342118347356
139564,25.2076678738508
139565,21.3767686778301
139566,9.62661561462211
139567,25.4807237353758
139568,7.24274348685429
139569,21.4230540275879
139570,20.809346226242
139571,19.4596240990344
139572,8.05964084312972
139573,21.8573909257772
139574,4.74936495917507
139575,20.3779701622122
139576,18.2972499479405
139577,17.3439319793731
139578,5.43177659055508
139579,14.2288008478006
139580,-1.79458753121888
139581,16.3746293980326
139582,15.466134152681
139583,11.8111302595508
139584,-2.41918539038234
139585,14.1590385947997
139586,-5.53313521648482
139587,14.4974101303045
139588,16.0893112859901
139589,8.01329363552443
139590,-3.05963542332299
139591,14.8855130252362
139592,-5.39515818887322
139593,13.9602814638514
139594,15.5659399020023
139595,8.36645335460513
139596,-3.24218606351104
139597,16.396802063441
139598,-6.63554641098158
139599,13.3859856071865
139600,16.2414668426075
139601,8.17531618930492
139602,-3.65534346343253
139603,15.5961148895614
139604,-5.03826686243931
139605,13.1943566210357
139606,16.281872219404
139607,9.04139752356273
139608,-1.8565538903959
139609,20.2736259873356
139610,-2.73580776537184
139611,14.5701487317806
139612,16.8252633303864
139613,11.2137928935755
139614,0.520152304501035
139615,21.929699020564
139616,3.92071437631363
139617,15.6824359630228
139618,17.3163082047345
139619,16.6059503815255
139620,7.12933026961456
139621,21.9533094621363
139622,7.7406635325083
139623,14.9077320486025
139624,17.6331969171399
139625,16.2142820690222
139626,10.2618738855907
139627,14.5401136796212
139628,11.0739447127638
139629,10.5545670282668
139630,15.2334192139433
139631,10.9187177408316
139632,9.96168804738228
139633,5.87944208784898
139634,3.04122379126265
139635,7.3284822826851
139636,10.0615499533923
139637,8.10726512333005
139638,4.17496108802605
139639,1.11729943791643
139640,-3.88465886858723
139641,6.99110783023692
139642,9.48888821093217
139643,9.60592699013237
139644,-5.11368024288042
139645,0.813654984383795
139646,-5.9853722555033
139647,9.49560419493399
139648,10.9006171625306
139649,10.1451608364831
139650,-6.34577915086286
139651,5.35372117910103
139652,-1.02457649549169
139653,11.3772670512498
139654,15.1937997385346
139655,15.4058023191801
139656,0.897547360811913
139657,11.496947576175
139658,8.3694982417278
139659,15.0056297694408
139660,19.8156472221278
139661,18.0793817170984
139662,7.92131580041157
139663,20.2195340835418
139664,12.68499196846
139665,18.2424976117916
139666,23.9130516078073
139667,19.6772966274725
139668,12.376107736964
139669,24.1938207476809
139670,11.471238823898
139671,19.8538113025897
139672,27.3345133418562
139673,20.7062444512682
139674,11.1693196965563
139675,20.7794529094392
139676,16.6786991797545
139677,18.5224240691921
139678,26.7944049413895
139679,20.6102303551929
139680,16.044703795835
139681,31.1136434111633
139682,21.8451533287028
139683,22.6876514076481
139684,27.8956341325088
139685,25.0406201056341
139686,18.6579411456985
139687,60.768817519565
139688,31.0742445525118
139689,36.3742848803434
139690,37.283771025325
139691,34.3972356397032
139692,29.8267873651554
139693,80.1935749657819
139694,29.2350887687853
139695,29.3585509850257
139696,32.7177081622601
139697,27.3586035667109
139698,24.251357760124
139699,73.6956611660728
139700,27.5197115897126
139701,25.2475379572629
139702,24.2702049643626
139703,20.9296244233739
139704,22.6236025794275
139705,60.8571924600137
139706,21.612047600455
139707,21.7962384319882
139708,24.553493040371
139709,19.648843574598
139710,20.4523970615672
139711,37.1608166288964
139712,23.3891495387573
139713,20.6603942198467
139714,18.5671124894401
139715,17.1708119789791
139716,23.1100649033649
139717,32.4183422280599
139718,22.5683739754446
139719,20.0853164060192
139720,16.0563284599619
139721,15.2543906120277
139722,19.8586324982271
139723,25.6690663838749
139724,16.4897017552425
139725,17.8458516001421
139726,15.5832435843559
139727,11.947096859693
139728,15.1593263740899
139729,23.6343401217758
139730,14.6314800351598
139731,16.5280555268453
139732,14.832700969853
139733,10.4491016597967
139734,16.5504043370537
139735,26.5915128587964
139736,15.1668994185012
139737,16.1507753048534
139738,13.5995421656663
139739,10.1599209460848
139740,16.7110703572504
139741,30.0082892988625
139742,14.2519085293736
139743,15.7222501851367
139744,14.5350607236386
139745,9.96592122019906
139746,17.3881009885549
139747,28.0952892464171
139748,17.407190687252
139749,16.9206677856108
139750,15.2778268656101
139751,9.92868686453487
139752,18.1457614208237
139753,25.420827053799
139754,19.2126170222229
139755,20.2508789966651
139756,18.9238180298429
139757,14.39165899568
139758,19.302984980554
139759,26.4318906873026
139760,20.6877232586262
139761,22.4245889771843
139762,21.8894377801629
139763,19.9183686627383
139764,21.8352760746337
139765,31.4049047579732
139766,22.3374668257871
139767,22.99274922227
139768,23.0437789231542
139769,20.3465971908928
139770,21.7060405607279
139771,25.6851506630277
139772,19.3160000966051
139773,18.9965669245142
139774,19.7871952057598
139775,16.3993281686561
139776,18.21294085992
139777,22.8861119717673
139778,18.7847003534513
139779,13.4545764170762
139780,16.8142092244962
139781,13.8033892116282
139782,17.5983745066625
139783,20.4758802554419
139784,20.2820781988967
139785,16.692889541894
139786,17.3038042189604
139787,15.4456982550732
139788,20.1822459934867
139789,24.993751476019
139790,21.84563047457
139791,17.922633787565
139792,18.249023700371
139793,17.2709591657086
139794,20.5522866737321
139795,25.4734181003802
139796,22.3542519778195
139797,21.101982380426
139798,18.9983543089718
139799,19.1526597822636
139800,20.8313201319468
139801,27.3229526800745
139802,23.0233505088406
139803,23.4993775374752
139804,20.9833388613614
139805,22.9006750010002
139806,23.827099756519
139807,32.5991294371071
139808,25.7094424995712
139809,26.5667418519298
139810,21.8586591103334
139811,23.8845863737004
139812,25.1664770006117
139813,32.608820998267
139814,23.8659014239305
139815,23.6245107390661
139816,20.9858569000229
139817,23.4471657328196
139818,23.1655610632081
139819,32.605456548373
139820,28.2955631952825
139821,25.5027922276034
139822,21.4289954815396
139823,25.1140982884112
139824,26.281849280544
139825,32.8541635468246
139826,34.2380158549163
139827,28.0311275183692
139828,24.3128949329282
139829,30.0439100903569
139830,32.282092118533
139831,41.7005606320754
139832,65.0167512196697
139833,37.8893750557688
139834,39.4936684030112
139835,47.4007723400817
139836,54.1169695075437
139837,42.4271044440585
139838,41.4620934599006
139839,33.6941727108048
139840,24.1405818462518
139841,36.3691278955498
139842,45.1005616210956
139843,33.9252592755769
139844,32.0266174438083
139845,29.5704661544373
139846,29.1528050528247
139847,25.3911022580795
139848,30.2857159844068
139849,28.2768720009783
139850,26.3264294564205
139851,26.4498859155983
139852,22.4054074422308
139853,23.9192894303417
139854,18.2139148186119
139855,22.7061784328474
139856,22.3745102167276
139857,22.9209492765189
139858,21.3354334821059
139859,21.4909021302813
139860,17.4282685785984
139861,21.8033491582398
139862,22.1425875230367
139863,20.7839534171066
139864,18.2436173453025
139865,20.3801785371059
139866,17.4939226715696
139867,21.9300647544643
139868,16.8536018151248
139869,18.4351339547354
139870,16.7508839433313
139871,18.6894666414413
139872,13.8248434629512
139873,20.8386130417868
139874,13.7651504545457
139875,17.9532847168511
139876,16.4588017829341
139877,18.1594235180583
139878,10.4274251850687
139879,19.241818638359
139880,12.1734896864363
139881,17.0783710219893
139882,16.5674899469864
139883,15.5699853041478
139884,11.6109170815239
139885,19.293111686214
139886,13.0264203465671
139887,16.8734378156853
139888,17.108802102378
139889,16.9663621187364
139890,11.4242453496762
139891,20.3948086788437
139892,13.0475756396853
139893,16.9875367946937
139894,17.3358632642494
139895,18.2495131670052
139896,11.755174079673
139897,21.0925356994141
139898,16.2541423950873
139899,19.7643165846632
139900,18.8776947138443
139901,21.2023978320724
139902,14.1675884080371
139903,22.0336263765596
139904,20.6329275088094
139905,22.7432899414543
139906,23.2850634659272
139907,25.1123065433443
139908,18.0082016779883
139909,25.7526000614292
139910,19.5283818991614
139911,22.7957552614352
139912,23.8965145522133
139913,25.2621359852676
139914,18.1062396144556
139915,24.3229801944334
139916,16.3693591979032
139917,17.2008645195218
139918,18.4088078811063
139919,18.5132270397271
139920,15.3450427457849
139921,18.1396055984194
139922,14.2069584978117
139923,13.229366965343
139924,16.9186663015189
139925,17.5777678279603
139926,12.5037950887151
139927,13.678278109253
139928,12.5739187178081
139929,13.7807117464113
139930,18.3396227082479
139931,20.4047047624634
139932,11.7098141675598
139933,5.26832764562079
139934,12.920888231982
139935,15.4547595391346
139936,18.9198575645273
139937,22.7886613232042
139938,12.1436143798703
139939,0.837094538587227
139940,14.0342431430313
139941,17.3321722529913
139942,20.511712795411
139943,25.2520485357207
139944,13.6925398340894
139945,1.49212740366113
139946,16.4421815528238
139947,19.9927248322527
139948,21.6555661722127
139949,27.5575498476246
139950,16.6936369408293
139951,0.992026506023041
139952,18.246288586608
139953,22.8948050448843
139954,24.636729053385
139955,28.075266848324
139956,18.4159271356017
139957,2.41471385870007
139958,18.8455491224164
139959,24.1642498759896
139960,26.2000589019891
139961,29.1874812362449
139962,18.7855778479195
139963,-1.09994046966116
139964,20.9985812986172
139965,25.8561884854773
139966,27.805169587826
139967,30.3970742013297
139968,21.3323103680228
139969,8.52938402223182
139970,23.8357621068964
139971,35.8908540394129
139972,35.0100035248593
139973,37.2653124126028
139974,27.5514192764451
139975,38.6998070419036
139976,48.2064750561218
139977,57.1362082023446
139978,42.0347143656371
139979,52.6066616974014
139980,53.9885822088182
139981,49.0810645183931
139982,35.9128425399523
139983,46.5656931477235
139984,38.0476238400148
139985,31.0582224161063
139986,36.5817912344462
139987,44.8173686289801
139988,27.2153969982054
139989,31.9427361491263
139990,34.1026381639769
139991,27.0280804250674
139992,25.4230631976287
139993,36.8840516144243
139994,17.2656498286263
139995,26.1451917158747
139996,26.4955461460578
139997,25.4336596005253
139998,19.9071017685517
139999,30.1502145870094
140000,12.3448437594818
140001,24.0526793489967
140002,23.2540542862943
140003,23.4797618060716
140004,12.9846791944767
140005,25.5017001636172
140006,10.1916329618898
140007,21.6144982508361
140008,19.9091503906202
140009,23.228534497734
140010,11.1612068561249
140011,22.6831382605062
140012,11.9138464181897
140013,20.1650282912719
140014,19.4130252694509
140015,19.2916415439639
140016,13.8233176946496
140017,25.8133884283782
140018,11.3988043600288
140019,19.2921577365588
140020,18.8813580939206
140021,21.6660850040511
140022,12.5787913323417
140023,25.6698001981151
140024,12.1724986270236
140025,19.138519977613
140026,18.4128622596407
140027,21.4639621887719
140028,13.0410900739749
140029,27.417975756025
140030,14.1942537495772
140031,18.8760402487397
140032,18.4231402371962
140033,21.133128781121
140034,14.5006015950841
140035,26.2748975099507
140036,15.333316070364
140037,19.6177478063187
140038,18.958219990724
140039,20.6356336374954
140040,15.4312444646836
140041,32.8410453568087
140042,16.908218787935
140043,21.9629972122341
140044,20.9424594505391
140045,22.6245948800507
140046,16.9773484152405
140047,40.5896208543182
140048,19.4996658884721
140049,23.8393613923553
140050,23.0039188856261
140051,23.8089400528118
140052,19.1702735355842
140053,46.3473197234071
140054,20.7740296267061
140055,25.3773745115838
140056,23.3406025604899
140057,23.9263332366379
140058,20.7076294628857
140059,21.8556641086377
140060,16.5407334121997
140061,18.0662037527065
140062,19.0537831253255
140063,18.6258185668004
140064,16.7220885243237
140065,16.1076621296488
140066,13.4959054322013
140067,14.1328013222943
140068,16.7928470411155
140069,16.5276952081389
140070,12.9720479540647
140071,14.9989965700207
140072,14.4383622319537
140073,14.568206162289
140074,17.0431141748374
140075,18.7409134138065
140076,13.9819777387422
140077,9.64988358941333
140078,14.9781408620271
140079,15.7745719368902
140080,18.2837474933763
140081,21.3638155212855
140082,15.0771909062223
140083,9.04211490424258
140084,16.6342639690677
140085,17.3089699218275
140086,19.2639542248274
140087,22.9045417468711
140088,16.9994681584054
140089,14.337171789673
140090,19.1869257323295
140091,19.8676812928922
140092,22.3092928260881
140093,24.50729180651
140094,19.1637446349591
140095,14.8317309591616
140096,19.3115322851771
140097,21.4922029311128
140098,24.0118893113724
140099,26.1478902183184
140100,18.5689535269344
140101,12.4979310010439
140102,18.8971683260492
140103,22.7840471615939
140104,24.7901799501877
140105,28.1105420579372
140106,19.21620384329
140107,13.2480562744539
140108,19.6993397503358
140109,24.5368138885788
140110,25.4878084218678
140111,28.2565285690552
140112,19.8405748840247
140113,16.3174724731535
140114,22.8604164414396
140115,31.2004380064263
140116,31.5340861673725
140117,33.5742529406983
140118,22.7677486839401
140119,40.8513224895245
140120,35.3306914117961
140121,60.1194738148333
140122,48.162022404821
140123,64.1969345611827
140124,41.5845196247369
140125,45.7931469941086
140126,20.6050163284179
140127,39.465952248724
140128,41.4914627739755
140129,45.1706000564235
140130,24.13607772796
140131,43.1447939631536
140132,13.2789801765637
140133,28.027657165342
140134,29.5555294706866
140135,29.962632754511
140136,17.3997079609683
140137,28.7798662961415
140138,8.1743109139306
140139,23.0618868648104
140140,22.1908207451954
140141,19.7894788993726
140142,8.18384948520866
140143,24.6546367508491
140144,5.88478158960205
140145,21.5987993796514
140146,19.1987977349142
140147,18.9382851811843
140148,7.5429871981909
140149,22.9358216874111
140150,3.92531068028741
140151,19.8322862876285
140152,18.8213881156771
140153,17.904069745436
140154,6.60108047163913
140155,21.9281318133922
140156,7.4654601942123
140157,19.4639728984535
140158,19.1665101287869
140159,17.5472832728353
140160,6.29400996268176
140161,23.4968523956343
140162,8.58422034209008
140163,18.5945220137412
140164,18.0538515753013
140165,17.1950999181219
140166,5.82444020717826
140167,23.2809351633892
140168,7.99513492392419
140169,17.9816823513526
140170,16.7346819740926
140171,14.4994158764355
140172,6.89396527207403
140173,24.1578713794837
140174,8.09907262177844
140175,17.424633177603
140176,16.2112074350183
140177,14.4707672520278
140178,8.7766176396033
140179,22.0399160519024
140180,10.0643734404279
140181,17.6979675474135
140182,17.7409757840186
140183,17.8831657677239
140184,10.0774574058025
140185,22.6570071566794
140186,14.0836184301165
140187,19.5301020623005
140188,20.1670577243731
140189,21.0567931263809
140190,14.8485499064882
140191,23.321858754537
140192,16.6935539150115
140193,21.706623269382
140194,22.6486526470096
140195,22.7231995721994
140196,17.802700789204
140197,25.3021676000722
140198,17.1077242171927
140199,21.3929976887953
140200,22.4429137663869
140201,22.4521901093076
140202,17.5442359771614
140203,16.2743026231722
140204,12.685286611822
140205,17.3042462810776
140206,19.3879475311478
140207,18.9902020181886
140208,13.051086902449
140209,9.95177283266954
140210,10.7317591320805
140211,14.0624941403821
140212,16.0872239330052
140213,14.3695689950278
140214,10.4273118335372
140215,1.7648922415586
140216,10.4152816165559
140217,16.0337047941515
140218,16.0155569862635
140219,15.5074259584353
140220,10.629424302986
140221,-2.36851934026737
140222,10.2941955120089
140223,17.9347399556734
140224,16.6016235560868
140225,17.0563866919232
140226,10.1803125865895
140227,-3.95557161889769
140228,9.75324115580241
140229,19.1910850107495
140230,19.7353133731748
140231,19.4672483562175
140232,9.42382281961032
140233,-3.2177773525355
140234,11.45766595176
140235,19.165923006369
140236,23.6065966154718
140237,20.4861765328727
140238,12.060583868953
140239,-2.05439733881521
140240,11.420976580451
140241,19.2377314607483
140242,25.249052462465
140243,21.5621422693505
140244,11.9489315516441
140245,0.710729481531352
140246,10.9312577100635
140247,19.2648878449024
140248,25.5041815964051
140249,21.3835482925932
140250,13.8594519677507
140251,5.36695314455242
140252,14.7037111958097
140253,21.6718071860399
140254,26.894280927482
140255,22.9477830873731
140256,15.6467049588945
140257,16.4599044447556
140258,16.4164925907953
140259,24.8875654584099
140260,25.3884240983806
140261,25.2096787384835
140262,15.612579275149
140263,33.758365869731
140264,25.6890301601864
140265,33.7955986648158
140266,31.6727318125777
140267,33.5556589732335
140268,25.3232152745854
140269,37.663294555107
140270,16.8126627025482
140271,28.5411123057584
140272,29.8322281477923
140273,28.5808962509482
140274,16.2932024752617
140275,26.11783115314
140276,8.98300368851809
140277,23.075053486445
140278,25.4109019409125
140279,21.6000906704972
140280,11.2311758315557
140281,21.3557265628519
140282,4.66225735012051
140283,21.4353161146699
140284,17.5289627873274
140285,19.6912305673576
140286,4.89654274726354
140287,17.421378716101
140288,4.14925927024807
140289,20.4460913217173
140290,18.8890235839771
140291,18.4871482553892
140292,1.3943056761367
140293,21.1854789452546
140294,0.431561648346023
140295,20.1180992305773
140296,17.9445967749989
140297,16.1111999342386
140298,-2.65845258751092
140299,15.7646954574264
140300,7.73337956133531
140301,19.1474013112975
140302,17.0983170519677
140303,13.9354328426023
140304,6.57202487461993
140305,17.7795093739081
140306,10.6312846910547
140307,18.5966482566189
140308,19.1449439309014
140309,18.5973240023519
140310,8.45691890470846
140311,22.7390751461205
140312,14.8823463359017
140313,18.2179742312662
140314,17.665659502762
140315,17.4021086529466
140316,12.0734920643293
140317,22.4345855561261
140318,16.2493364362499
140319,17.6540848718115
140320,16.8631610579329
140321,16.7163285616037
140322,14.2213049965929
140323,23.5079076029748
140324,16.7205319736961
140325,18.5833995264923
140326,17.4868121407859
140327,16.7269958789224
140328,13.5104536402461
140329,26.6747397306414
140330,19.4301055601875
140331,20.6703535985542
140332,20.4782828979439
140333,19.2076039046393
140334,16.2881311324642
140335,31.6810652290064
140336,19.892527755816
140337,22.6154989272631
140338,23.5127903062529
140339,22.4792651183419
140340,20.195470770965
140341,35.0613121124785
140342,23.8247709355136
140343,23.1322578275047
140344,23.9984878680562
140345,22.0737652313254
140346,22.0624865436586
140347,23.2648948251797
140348,17.8769640980647
140349,19.1388535356658
140350,21.8208713236383
140351,20.3484490921606
140352,18.7615094281959
140353,19.264514798086
140354,16.4176154432044
140355,15.497935050488
140356,18.6919570376467
140357,17.2323137580468
140358,15.3613306086782
140359,25.4146029336644
140360,14.5529804003883
140361,16.7910446281465
140362,18.2054206684592
140363,17.830540116235
140364,13.1366302177711
140365,27.0213410933463
140366,15.4331490528352
140367,18.6332840877202
140368,20.0130726864921
140369,19.3858873962688
140370,16.1798278980302
140371,26.6965226074026
140372,18.9279419881466
140373,21.1725323051656
140374,22.9619119573131
140375,22.191563699051
140376,18.7774614822035
140377,25.7190316522284
140378,22.5485478625549
140379,22.8577783735213
140380,25.4933709461847
140381,26.7868242562139
140382,23.1833803725623
140383,28.0591490598664
140384,23.412244120387
140385,24.7311623315724
140386,27.5044062669168
140387,28.3987044256195
140388,24.0507187343807
140389,33.3931579159861
140390,24.3520027355882
140391,28.2512281214447
140392,29.8269142283719
140393,31.6149152186146
140394,25.9387709330085
140395,38.0221609387302
140396,23.4127751160121
140397,28.1755059442538
140398,29.290495459036
140399,30.8997126667657
140400,23.4265729871469
140401,52.0311179934689
140402,36.2131012299395
140403,35.1561237060875
140404,34.6080918237217
140405,41.8558541609355
140406,33.4147532113728
140407,94.7227790185246
140408,50.6183166846854
140409,41.2532178637391
140410,43.1305258061184
140411,58.650546720466
140412,47.8370702579742
140413,56.7087891782719
140414,26.8403343905984
140415,35.7779872779747
140416,37.2083547478232
140417,39.5185452209786
140418,31.3656384218302
140419,43.9173450647776
140420,20.0865745605354
140421,28.5037607426688
140422,30.1875377309421
140423,30.8693845922181
140424,20.9061900480365
140425,31.3807343586455
140426,15.2554189147672
140427,25.2009463526055
140428,23.8744035067415
140429,24.7590715152528
140430,16.2868306473005
140431,29.6988289595302
140432,14.7457153082479
140433,23.8602114253389
140434,15.0516569655351
140435,20.0046342032552
140436,15.0964485449938
140437,28.8443607503812
140438,11.8289654390335
140439,22.2157295315885
140440,16.0462204248354
140441,18.5760939696895
140442,10.327290468243
140443,33.7405939356979
140444,12.2346329975516
140445,22.6471393790556
140446,16.5862802621558
140447,17.7027919656688
140448,10.3528195500125
140449,27.1289048275193
140450,11.0822089457774
140451,22.6193502453218
140452,17.9174846737811
140453,16.3779048423166
140454,11.874084874641
140455,24.7035220486574
140456,12.1638599116348
140457,22.2764353704716
140458,17.3593787171326
140459,16.85246078503
140460,10.2507345834167
140461,24.3212566211311
140462,11.5440428624615
140463,21.0777838906789
140464,17.1588550170943
140465,16.7133851398684
140466,8.63675010739443
140467,24.7149375973779
140468,10.406193377825
140469,20.7282846262445
140470,17.7163171949939
140471,15.4125305512976
140472,9.98477275162706
140473,30.9752283885961
140474,11.755027529794
140475,20.8466715306545
140476,18.4210244947111
140477,16.2105549025284
140478,11.8373553773434
140479,29.4617396293369
140480,18.0204343235886
140481,22.2277171797055
140482,19.5865143653174
140483,17.9368319957254
140484,14.2399539209175
140485,45.0501359109509
140486,20.2596968040506
140487,20.7170580447028
140488,20.1452783902134
140489,21.4246648282736
140490,16.5663221080619
140491,32.5804309114696
140492,14.3811970864725
140493,22.5367803424752
140494,19.8516843517752
140495,21.1317864057706
140496,12.1508781499547
140497,24.2425709671174
140498,13.1747741124252
140499,19.403325411676
140500,19.2886746649112
140501,19.5874244568866
140502,10.7497579270559
140503,28.5884249207053
140504,19.7502113224299
140505,17.4669370115025
140506,19.9322777002922
140507,21.0244177622192
140508,18.7207790789875
140509,20.4466978360708
140510,17.4951489145356
140511,18.3459287338011
140512,20.6110759822058
140513,21.7171685140992
140514,19.8053629433968
140515,10.7330002839553
140516,17.0876633446902
140517,18.5942744195523
140518,22.5926290084704
140519,22.4053862640581
140520,16.1739896521919
140521,0.813407524118151
140522,16.4607115085685
140523,20.0009478909
140524,23.210594379541
140525,25.774174656572
140526,16.8715605110817
140527,-1.26139104709244
140528,18.2125762873384
140529,20.821172988115
140530,25.1998469942377
140531,27.2234885191906
140532,17.7082666522431
140533,-0.959609368013119
140534,18.8092911822198
140535,20.791939255504
140536,26.1124346618439
140537,28.1892330083093
140538,19.4284788855877
140539,3.65860719010741
140540,24.5405718066231
140541,21.8982422162734
140542,26.8786799288836
140543,28.0088279393775
140544,26.7369922448353
140545,16.2603128985016
140546,32.9570697073469
140547,26.8066944324999
140548,28.5837159676833
140549,30.0353928335294
140550,36.4997630773592
140551,48.0736970923902
140552,43.3420870280268
140553,45.8728423981744
140554,35.9672454856062
140555,43.1719017505257
140556,46.9397987160111
140557,66.3146300234554
140558,32.9369537433026
140559,37.786085529181
140560,36.3915054590865
140561,37.727831110486
140562,27.2121768566833
140563,62.8613042473875
140564,25.0037244891815
140565,32.0661093128452
140566,31.2876468475815
140567,31.5222458022813
140568,23.3263223462479
140569,55.5235224354889
140570,20.0731056070242
140571,26.5919314490116
140572,28.401807326524
140573,27.1767932656531
140574,20.3060200793715
140575,47.4912730766702
140576,19.69687774822
140577,23.4651192056937
140578,21.7141283956731
140579,22.3233181724578
140580,20.4373323138951
140581,36.3954981518427
140582,12.8096153943868
140583,21.7746939764355
140584,20.4973086809271
140585,20.7635406623296
140586,22.6107193832697
140587,33.2171811490407
140588,6.79601835051591
140589,18.3427623489216
140590,18.1876241802135
140591,17.324441168672
140592,9.57805037527399
140593,25.5663638089058
140594,7.18689978404736
140595,17.4969584172532
140596,17.9343281097862
140597,18.5991383612124
140598,3.52123100816513
140599,26.5101032687954
140600,7.67679049647032
140601,18.0326191760176
140602,17.4005979920043
140603,19.2228288961106
140604,4.5354695680619
140605,21.3468838873844
140606,12.2838353265602
140607,18.0961427993634
140608,18.6287495239715
140609,19.8562398765423
140610,10.7066416064331
140611,19.4703853062786
140612,15.0160784432756
140613,19.8666302633745
140614,19.2486764652383
140615,20.4324475197761
140616,13.2198944952671
140617,20.2632973109534
140618,18.2082732118391
140619,19.0922925014644
140620,19.8089904891419
140621,20.9067493058528
140622,16.2713451082002
140623,21.9696877934664
140624,21.5537122483766
140625,18.3139927083901
140626,21.0936103974574
140627,22.215984985293
140628,20.1611209947121
140629,26.0660481594829
140630,25.0768711647134
140631,16.4658554769141
140632,22.8125038963216
140633,23.0861629808656
140634,24.2080334063877
140635,22.1824802237507
140636,17.6357073700925
140637,12.7871257165364
140638,18.8178166125238
140639,19.1323678961527
140640,17.0710309493251
140641,7.97782024127292
140642,14.2250099648109
140643,5.56247287472599
140644,17.5899207328959
140645,14.3755053149775
140646,13.5151991118351
140647,4.86035300606758
140648,13.5711578698216
140649,2.94988772939172
140650,16.8675943258419
140651,9.13307801465039
140652,13.2170073618327
140653,13.5644907585255
140654,14.8710556409947
140655,2.01804227105556
140656,13.6559044158379
140657,3.16073104225371
140658,14.5684002009693
140659,13.9471159712771
140660,12.2269523898967
140661,0.406592008411547
140662,11.7306794834831
140663,5.81558530644189
140664,15.2712469197563
140665,14.0929733802944
140666,13.0906493928683
140667,1.34902312431251
140668,13.5796549631632
140669,12.298014386828
140670,13.0575982623875
140671,14.2094866541916
140672,13.4085033192225
140673,2.92820674186435
140674,17.1892375135206
140675,18.1703302429322
140676,13.6976119844352
140677,15.6622476807225
140678,11.5686735729936
140679,3.85605125425057
140680,19.0535782410418
140681,22.8543334829857
140682,12.1636609903666
140683,12.6012873197575
140684,10.0371207018998
140685,7.37918492038032
140686,19.6199109059103
140687,22.4507955723326
140688,10.656469373927
140689,25.4873256260326
140690,17.006367164861
140691,13.128271801544
140692,23.8133007472336
140693,20.5989325987207
140694,17.8666082270968
140695,69.8330312882981
140696,35.3143069310149
140697,31.1730113838295
140698,38.3292968493424
140699,38.8575322402449
140700,34.190441379024
140701,62.2431875164931
140702,20.5370196079012
140703,27.9309752421321
140704,32.2752969938724
140705,28.6315352666598
140706,21.6388408948818
140707,43.7424547106926
140708,13.8801833231869
140709,21.9022946980547
140710,20.2732100863539
140711,20.0370282024806
140712,15.1603509077902
140713,26.6987077061979
140714,8.74625449871521
140715,19.5327881545376
140716,18.7457367917758
140717,13.1993917667199
140718,7.56661570978014
140719,18.2885674794289
140720,1.27284334711342
140721,19.1391796918638
140722,19.8997037569622
140723,15.0513366128249
140724,1.90606721968775
140725,13.8466977090796
140726,-6.37811101638455
140727,18.787089448172
140728,19.3787303230603
140729,17.0080365359073
140730,-8.09630330109644
140731,13.8765900152808
140732,-15.7935881380288
140733,17.3927910036018
140734,18.3777128483592
140735,18.0015139145185
140736,-15.7559179995577
140737,12.8723606545688
140738,-17.7282580684118
140739,17.8749434532246
140740,17.6516633170516
140741,17.405175972463
140742,-18.5408047726699
140743,15.0069827888039
140744,-18.1299156594595
140745,16.7700907490261
140746,17.0284300807479
140747,18.6337759531855
140748,-16.8431573688828
140749,18.5179342170858
140750,-17.3012416219708
140751,16.7419681770486
140752,16.8655599540294
140753,18.5600343447208
140754,-18.2749201130764
140755,18.6909611546263
140756,-18.4037034208414
140757,17.815169377556
140758,18.0406131754388
140759,19.0828990490787
140760,-19.7932747008919
140761,18.1998614941407
140762,-17.2749719787636
140763,20.054467704656
140764,19.3515255637961
140765,20.4894961404494
140766,-16.5984291133862
140767,21.4397415715076
140768,-7.40699964562261
140769,22.0690461179361
140770,20.2026848540369
140771,23.0800962863855
140772,-5.88580997625741
140773,19.7087354680455
140774,-6.58528488642859
140775,22.6386067975275
140776,19.978646354195
140777,21.8214517937467
140778,-3.62330766328211
140779,9.18142560274333
140780,-11.0627667047058
140781,17.8642653582241
140782,17.7534812204436
140783,18.3151118864847
140784,-10.7834246290337
140785,-1.43438259810781
140786,-14.076395551896
140787,13.6549075613054
140788,13.767591926658
140789,15.9675477022233
140790,-15.3738205971514
140791,-1.44604464542714
140792,-15.6083359653852
140793,10.4362689919043
140794,14.1093394042641
140795,16.5759631605188
140796,-16.8247766831568
140797,-0.29469030767137
140798,-15.6428818274085
140799,11.2452913137434
140800,13.1120540990025
140801,16.3173271709959
140802,-15.5775377308009
140803,6.88494844235283
140804,-13.4235740797541
140805,10.9173875124796
140806,13.7836634327135
140807,18.9316438201511
140808,-12.9187327210987
140809,8.47441459891618
140810,-7.97247843383537
140811,14.1952127673866
140812,15.0118030390891
140813,21.745858118633
140814,-8.99895878354156
140815,13.4001974547001
140816,-4.38782789019524
140817,15.5187308406346
140818,18.5655672959438
140819,24.672348616622
140820,-5.08868437141063
140821,16.2687935920244
140822,6.38497830954195
140823,15.8359876141921
140824,20.2460427679773
140825,27.4710807317107
140826,-1.33084215407115
140827,16.2238716336059
140828,10.3483574274821
140829,16.4279922181035
140830,22.9549769674486
140831,28.1709163626904
140832,8.43022299768342
140833,22.1880337405355
140834,24.1490204569961
140835,23.9323301460093
140836,28.3879772809791
140837,26.3391644229715
140838,17.1172690218243
140839,52.4626748817449
140840,35.1960184869912
140841,35.4525471161319
140842,37.842444667373
140843,38.0590081519661
140844,57.197386958775
140845,57.7070555675558
140846,16.4226076110784
140847,35.4122569412489
140848,37.1354915211273
140849,35.2664456631664
140850,25.7003317205142
140851,57.9090601470652
140852,12.7745208424642
140853,29.6543404107227
140854,26.3691803723078
140855,30.4454735447058
140856,17.175503337279
140857,51.8903865037652
140858,9.45176958033867
140859,23.5088693670458
140860,19.7686921161945
140861,23.0127298779315
140862,11.6364862045817
140863,34.0043864079065
140864,7.88740138040046
140865,21.2156422612689
140866,17.9861781081769
140867,18.686694454569
140868,10.1094239719346
140869,24.4827046262219
140870,5.63907214939479
140871,17.888195567584
140872,16.3830163204949
140873,14.8990225188531
140874,7.51648108169719
140875,26.8122708534376
140876,6.3582758226082
140877,16.6471498768979
140878,15.2971226387262
140879,11.3096932965219
140880,7.34877135675884
140881,26.865880693677
140882,6.10836378987256
140883,16.221330743943
140884,15.2197770884287
140885,12.8994414713761
140886,5.2383635206723
140887,44.4835528302424
140888,10.2091483833967
140889,16.4083580957173
140890,14.2984243144126
140891,11.1201169175716
140892,8.59457982471372
140893,26.2043058375941
140894,13.9683756395122
140895,16.7372380274653
140896,14.0399969486013
140897,14.0827866918327
140898,10.0443407637891
140899,20.78207504053
140900,16.0452271863844
140901,17.675473090306
140902,14.5206623877789
140903,14.8909126671125
140904,11.257488808236
140905,22.3616605668144
140906,19.5065515103631
140907,21.4821167636413
140908,16.2952105564086
140909,15.9209116659695
140910,18.2250649737114
140911,22.7290697651047
140912,22.932949124945
140913,21.6213347697626
140914,17.7056740056471
140915,16.4724717367263
140916,24.0605555511135
140917,24.3531246731212
140918,23.5714607073317
140919,21.8848400791322
140920,19.9301156949211
140921,19.2440257568267
140922,24.1395871904878
140923,18.2543993220057
140924,19.1212185397255
140925,18.4511875341588
140926,18.772966657353
140927,18.8887632060814
140928,19.2345125467951
140929,12.920610176728
140930,14.9178638448697
140931,13.0873965068404
140932,14.4557576475984
140933,13.4553328837991
140934,13.87983825869
140935,6.675069524283
140936,15.7130327012304
140937,14.1728505670628
140938,14.3656877254551
140939,15.7615495228151
140940,15.405583230951
140941,5.91924664492884
140942,16.2318753202922
140943,15.6356210608819
140944,15.6372386063389
140945,19.6968689865384
140946,16.1799989540206
140947,8.8936806016428
140948,16.4676129414719
140949,17.8470554338041
140950,18.7555116319913
140951,21.9643582065124
140952,16.0193708369822
140953,12.9580987506343
140954,18.2523393765282
140955,20.5761548847639
140956,22.5113010554792
140957,25.9117512130908
140958,17.5318958811154
140959,20.9447840933991
140960,21.0976668072787
140961,21.9718389162858
140962,26.1181413729346
140963,28.4388578943265
140964,20.1506378586391
140965,21.3999997014678
140966,22.4075796779882
140967,24.1794968508087
140968,27.1895915609409
140969,30.3462294871139
140970,21.3754223568085
140971,26.8205471003936
140972,26.6755427145994
140973,28.4648816566186
140974,30.3717433731995
140975,32.552140347527
140976,27.2697759034397
140977,38.6928324737079
140978,49.7230746111514
140979,39.1950243301511
140980,41.2062377135689
140981,47.2427322377618
140982,46.8790960338861
140983,80.8426778571171
140984,166.729271368913
140985,85.392446646189
140986,58.3698088942886
140987,99.709866348209
140988,147.860265696675
140989,79.7209054469902
140990,84.988300446624
140991,65.7992188677139
140992,53.8726446247319
140993,54.3028238083644
140994,71.6735200497113
140995,67.7048956943757
140996,58.5151890591729
140997,43.5607659352284
140998,23.0940219212993
140999,38.4047305915428
141000,55.8102566425846
141001,59.096276814997
141002,34.162904485994
141003,31.7383174245721
141004,21.1437863919973
141005,30.2570073365188
141006,35.2921909714026
141007,47.8796822850675
141008,25.519918003854
141009,26.4803545376385
141010,21.2193647357276
141011,27.4423386022826
141012,28.0716755691778
141013,39.6381245137688
141014,17.837445516522
141015,19.918496762041
141016,22.5883106574837
141017,26.3299306596915
141018,19.9236155910223
141019,31.047625941731
141020,16.6750186943529
141021,20.015916701892
141022,21.2442505723541
141023,24.6191554849325
141024,18.907077027761
141025,28.3020170645587
141026,14.4499141692474
141027,19.0287742381831
141028,18.4609143847282
141029,21.8488382243673
141030,17.0492450405303
141031,26.9842453503013
141032,13.8076357000359
141033,17.7741893234347
141034,18.2345732657623
141035,19.9141292446054
141036,14.957101777345
141037,26.6217217505938
141038,13.3015457335011
141039,17.4624540584577
141040,18.3820651597466
141041,20.0335756522079
141042,14.1498677213242
141043,26.8569006404546
141044,13.4041295342713
141045,16.3558586482915
141046,18.4931831509346
141047,20.5102955534433
141048,13.6392654191165
141049,25.9384172960663
141050,14.1736965659072
141051,18.502898058055
141052,18.656327156993
141053,21.0948892172651
141054,14.7919654420834
141055,25.2666530483515
141056,17.3967083642293
141057,19.7603573337536
141058,20.2892732758677
141059,23.5521183498666
141060,17.146683532718
141061,25.3038851333864
141062,17.9001180888806
141063,19.4252861188696
141064,20.1376482706767
141065,22.6071025159063
141066,17.6416941917161
141067,16.3135275204468
141068,12.3394618891482
141069,17.9902905067504
141070,16.8933971317539
141071,17.7522326859886
141072,13.4973208533438
141073,15.5787544061531
141074,8.36162879874237
141075,13.8265281991975
141076,15.7307379448119
141077,16.1313949486091
141078,9.89664968469481
141079,13.4816072076042
141080,9.52396165945781
141081,15.5140393908412
141082,17.1720184848506
141083,20.3767161796507
141084,10.4329968110682
141085,9.13716346421584
141086,8.67809554082828
141087,14.0975670106977
141088,18.1707629913299
141089,23.2107474742304
141090,9.22507495910568
141091,5.43510304947828
141092,8.16158138720338
141093,14.7930059707875
141094,19.4638189441318
141095,26.4132660031525
141096,8.76499747570677
141097,5.75220156238277
141098,12.2588902860503
141099,16.6438893653134
141100,20.729256044345
141101,25.7812052459376
141102,10.3922337414963
141103,19.2820147863348
141104,15.6580436770261
141105,19.0638700298652
141106,22.5617462718121
141107,27.9424035806508
141108,15.0377720045384
141109,25.3255857227726
141110,18.1147821312583
141111,20.6755650971077
141112,23.3571046457846
141113,29.6767210039767
141114,18.0420387933777
141115,26.3891130633889
141116,19.7741766660709
141117,21.7542362107202
141118,24.4115541652556
141119,30.1385539418975
141120,19.9676334618584
141121,34.9867935174041
141122,30.9232605753079
141123,30.3143098013524
141124,35.959350410557
141125,34.5060063212328
141126,31.9954960798685
141127,58.4557081075223
141128,39.0431365995709
141129,41.7740465438407
141130,48.0122765427432
141131,66.7029471186709
141132,44.2290069455651
141133,49.0028225434675
141134,24.2894201573658
141135,29.6297836925021
141136,35.8969268450351
141137,39.78255206824
141138,24.1198679673037
141139,31.0763670252385
141140,16.775376583829
141141,24.71337888039
141142,25.8268130229317
141143,22.076790498818
141144,12.3168405332093
141145,23.491181872637
141146,8.61747204481208
141147,23.4163504390634
141148,22.2094650305425
141149,19.5599413224034
141150,10.7073984961384
141151,20.1385353185018
141152,10.0916256283599
141153,21.7817356451963
141154,19.9598694145768
141155,15.7424028456394
141156,2.45677238667496
141157,20.6130076801731
141158,7.2215616773784
141159,21.5110430516879
141160,19.5281034253009
141161,19.9613468647013
141162,6.1978607788319
141163,22.5319913288626
141164,9.26339012790175
141165,22.2100140914228
141166,19.4607844684793
141167,19.2382320669127
141168,7.24745347045133
141169,25.7414137010141
141170,10.7729955232765
141171,22.3344683205073
141172,19.1812909916577
141173,21.3250842340022
141174,12.0817663652475
141175,24.3537878907492
141176,11.7063694290885
141177,22.497093314991
141178,18.483666996111
141179,20.8894957450143
141180,9.43534422785828
141181,24.4035430356505
141182,15.2777051951836
141183,20.6930817188365
141184,18.7634950631842
141185,20.7602653903746
141186,14.3038938244725
141187,24.4957545220045
141188,17.7434244384963
141189,22.3496642025859
141190,19.3156507619237
141191,20.7575970849691
141192,16.8967056549937
141193,25.371609061134
141194,23.1946380765505
141195,22.4854913263779
141196,20.019367841926
141197,22.843894080421
141198,21.6392045097929
141199,26.0057282084567
141200,23.939709806006
141201,22.5066638734243
141202,22.0877387126
141203,24.8180303434511
141204,21.7509433435574
141205,29.5202670327595
141206,23.7761129712501
141207,23.3954667235727
141208,22.6637841133441
141209,25.5765689850117
141210,22.3001377408212
141211,25.5863892619009
141212,22.7835485570365
141213,21.0310314649648
141214,20.2920388663806
141215,21.6812077966214
141216,22.3208655110876
141217,24.6857365429228
141218,19.3775623558356
141219,20.2851155628211
141220,18.5672745309744
141221,20.7841902603282
141222,18.0009120209706
141223,21.4824889798375
141224,20.2432072133958
141225,20.2209425172503
141226,18.0700800416795
141227,22.1532190912228
141228,19.1989935531873
141229,17.2317156351217
141230,21.3466171479682
141231,19.9264133992098
141232,17.8385175763321
141233,22.9628586190525
141234,20.3701361351062
141235,9.99309973227472
141236,21.8500179665574
141237,20.6700144781647
141238,19.1260627290686
141239,26.6526861180471
141240,18.5560781464132
141241,4.00596569266526
141242,21.9577418965195
141243,21.3305452268836
141244,19.9258291184433
141245,26.8503293126366
141246,19.7035866914082
141247,3.4517056855939
141248,22.6960490728591
141249,21.7660427556185
141250,22.3981088316145
141251,25.1772081900986
141252,22.4952891719264
141253,3.20459389365302
141254,23.4945889572421
141255,22.5470397492399
141256,24.5461601183878
141257,24.8140645749395
141258,23.8768514658767
141259,7.79132791671114
141260,27.4120065486703
141261,24.4223578805813
141262,25.1335025316596
141263,25.9543282449606
141264,29.1205911604634
141265,21.1807732753322
141266,33.7779182998625
141267,28.506628402631
141268,31.5617428269138
141269,32.0700023325495
141270,35.6016933825328
141271,31.2071871619177
141272,39.5997077128675
141273,37.020192232482
141274,36.4772083244631
141275,37.0481750943763
141276,41.0599762323893
141277,29.7175563006402
141278,31.1880438602926
141279,29.2828775206177
141280,22.1502552645759
141281,28.8306824195578
141282,32.1114411592811
141283,24.4598284701501
141284,26.337201647022
141285,25.0608838102949
141286,19.0558873369171
141287,26.1801923151964
141288,25.4817343513091
141289,25.027982793101
141290,21.7186656042219
141291,24.714429163844
141292,19.9000603916794
141293,24.11238333913
141294,21.4077456528732
141295,24.9387276325967
141296,22.6267502203184
141297,22.8844033845448
141298,19.6238919558094
141299,22.447257683376
141300,17.8204145492533
141301,23.5511521388397
141302,19.7918519450384
141303,21.8454756530431
141304,21.0198425861402
141305,22.3192112397964
141306,18.5690287217375
141307,21.4638710785136
141308,16.054797136417
141309,20.8745616428107
141310,20.8997037432995
141311,23.0697248584621
141312,14.5540362597776
141313,23.4859995063018
141314,14.1501449031384
141315,20.0506997379443
141316,19.3095021129471
141317,20.9467366124611
141318,11.8928677887154
141319,32.9929935068557
141320,14.8143640151407
141321,19.6476001462187
141322,18.2126297175279
141323,21.0610165617959
141324,10.0080524776078
141325,39.1553151680381
141326,17.5251746011082
141327,19.2323920539705
141328,17.1739323778344
141329,21.0584590897937
141330,14.9214337320749
141331,26.7360025609258
141332,14.767351627896
141333,19.8024767011252
141334,16.8914647122696
141335,20.9248574847081
141336,17.4277108045234
141337,25.4430522122306
141338,12.4303332701668
141339,20.6959021289554
141340,18.3884265513273
141341,21.5424936296055
141342,16.3270933582238
141343,25.3494246893928
141344,12.1583806689669
141345,21.6348905920141
141346,20.9070606704968
141347,23.2696961615268
141348,12.5394283911179
141349,26.3162269461529
141350,22.7836574436428
141351,22.2968531947109
141352,20.924131250128
141353,23.8067804268029
141354,17.4026278922714
141355,21.7451405135553
141356,23.7941373397377
141357,20.3909751759219
141358,19.8087216688586
141359,22.3924190628404
141360,14.3021721977742
141361,16.4776495900771
141362,21.8134310720376
141363,19.8254788884266
141364,18.6263212514051
141365,20.8572585104091
141366,20.3661537042404
141367,15.0494415776475
141368,19.6940269993072
141369,18.2492351357405
141370,15.9862389215625
141371,16.9540279085484
141372,18.1743832152632
141373,10.1248343721951
141374,17.4122258103193
141375,17.5083961878893
141376,14.4527857704686
141377,15.470606085939
141378,17.7048560983649
141379,6.07631371893815
141380,15.5389792761963
141381,18.3741187653279
141382,15.4823412713662
141383,16.5461148616809
141384,13.6963812571546
141385,6.87767126786661
141386,15.5369373138851
141387,19.63913371863
141388,17.331053514076
141389,18.7651181173316
141390,15.3548570093577
141391,8.47749707184489
141392,16.871128630404
141393,20.781279507787
141394,16.705943089655
141395,21.6570301052505
141396,18.5576048544477
141397,6.06642100470623
141398,22.5221069738764
141399,21.272075448232
141400,17.5535744043423
141401,22.0664899575338
141402,23.9546367701509
141403,16.2768279070382
141404,26.5397781200377
141405,18.7758865469114
141406,19.2473231392108
141407,24.1341259754553
141408,32.1111087504551
141409,43.4692547895803
141410,32.1567527175302
141411,19.171860769622
141412,23.2549553496538
141413,31.0873568905559
141414,32.8345444171672
141415,42.4146407633765
141416,32.0006730542357
141417,24.1097750782456
141418,21.5733204212237
141419,31.2524205317469
141420,42.7853289288344
141421,45.0914193047572
141422,26.3932706354109
141423,27.3092771335097
141424,19.9643582019422
141425,27.0026908933322
141426,22.8859031208021
141427,30.1657780828145
141428,20.0509659672721
141429,23.705359941436
141430,16.7546150430973
141431,23.3838135101142
141432,19.0177524241067
141433,48.2572655308848
141434,17.3131163687752
141435,21.9391790322465
141436,10.7447364883779
141437,22.6473568728495
141438,18.6432041744451
141439,47.2895786890497
141440,28.6821940421546
141441,22.9056930772406
141442,6.8323418098639
141443,17.4524400774256
141444,22.1858588007918
141445,45.3680555874781
141446,25.8044944577569
141447,22.3551784456207
141448,7.02165848477096
141449,13.0698918394803
141450,26.9024988136176
141451,48.1901642290659
141452,23.1601544926739
141453,22.0575430595444
141454,13.4182348920574
141455,19.6771926514153
141456,24.5437991302093
141457,42.0427442501863
141458,24.499167381025
141459,22.5640301279749
141460,12.9781643607741
141461,19.9521007967036
141462,26.2957530988008
141463,33.9264276675755
141464,23.6149386535734
141465,23.8681515389469
141466,12.9128759426476
141467,15.6706390139582
141468,27.0400883584368
141469,32.6405311222763
141470,25.6040758512553
141471,25.2883137390218
141472,7.61463372860141
141473,15.7545916184677
141474,26.5803337421273
141475,41.0962120895455
141476,29.3486694557269
141477,22.4488828044782
141478,9.80195796243773
141479,16.7705754103838
141480,31.1263199177842
141481,42.9195230348194
141482,26.9402787807066
141483,21.6436078639468
141484,14.1663057601233
141485,16.8152481188303
141486,27.7942886642455
141487,52.2263809976742
141488,26.633194018525
141489,25.8350666872682
141490,13.8955250131783
141491,15.7821055764151
141492,29.1065537435509
141493,48.6148891608332
141494,25.6343202723587
141495,26.5996806254671
141496,9.76541155507067
141497,26.0549073391126
141498,26.5013841413546
141499,39.246974176531
141500,20.2249348748639
141501,25.9770817993347
141502,23.3860978256795
141503,27.5806126168736
141504,19.1218502677833
141505,22.9332049734354
141506,20.846753235601
141507,19.4562454065608
141508,19.7209770899018
141509,22.0903013209566
141510,19.1147592038357
141511,20.2263415710366
141512,19.5847898621517
141513,16.3493480362197
141514,8.4117565922475
141515,22.2273598035675
141516,19.2588774012709
141517,19.9737335994997
141518,16.7517108085896
141519,14.5940155938147
141520,3.86081036330163
141521,23.4190183742368
141522,18.5563134360323
141523,20.6736297864297
141524,16.2854422967713
141525,11.8093037061791
141526,7.14107490825153
141527,23.4722364561544
141528,18.9527633033155
141529,21.1192235693068
141530,20.7628947291082
141531,13.2657332218555
141532,14.5685332142954
141533,26.3113419555157
141534,19.3416829620192
141535,23.1717797929094
141536,21.5369529934205
141537,14.878404681494
141538,20.4973136937933
141539,30.7037483627557
141540,23.4315937915409
141541,26.926371494448
141542,23.5790356141444
141543,19.875927760276
141544,23.7917877928486
141545,30.5067973499159
141546,25.3324785399475
141547,29.481352573732
141548,27.3697364261074
141549,22.489473121273
141550,27.6997515756171
141551,30.9541589838658
141552,27.9304770980827
141553,36.2170784525644
141554,33.076052022787
141555,26.3242086380211
141556,31.5727589297929
141557,34.1523675586723
141558,30.720097830518
141559,51.8162227249522
141560,55.027308725741
141561,44.1953086919864
141562,40.1572249273636
141563,42.183170495802
141564,59.6410045065159
141565,67.90645677998
141566,36.4358222427678
141567,36.6525304910351
141568,41.8273429120787
141569,39.270149162584
141570,39.2594339496314
141571,76.2442933269199
141572,31.9335423600236
141573,34.2230657021503
141574,36.1727680643116
141575,39.5062950606327
141576,35.7249979644796
141577,87.123639458884
141578,32.8645777039461
141579,34.0788096503391
141580,24.2183419494602
141581,39.5061111278815
141582,33.0496661276145
141583,95.2557308358511
141584,32.7444874687124
141585,30.8836027936372
141586,19.140463028452
141587,36.5247788924523
141588,36.1235477781582
141589,94.4084861276488
141590,32.272890820498
141591,29.3235506913392
141592,22.1695297044696
141593,32.5136386698546
141594,34.6660444489165
141595,84.9096097146783
141596,30.8634994327002
141597,29.6744886170021
141598,23.1488174059729
141599,31.3824014636645
141600,30.9733640398008
141601,60.4786555293516
141602,31.4520692323925
141603,28.0363250989531
141604,25.7704859571864
141605,30.393019050891
141606,30.1975967784887
141607,66.1152747119722
141608,28.9032297729929
141609,27.8983189875482
141610,26.2412727602841
141611,27.6851216064248
141612,30.5064701258804
141613,46.1532069383496
141614,26.4815578925768
141615,26.5471464494327
141616,26.2185396566844
141617,27.4563127188996
141618,26.517840683503
141619,40.1749534953037
141620,25.7585418329405
141621,26.9252181981186
141622,25.8219063924825
141623,25.2286210485009
141624,24.9921572246596
141625,57.094120180411
141626,26.4233078731077
141627,26.2722480270534
141628,25.5811989555739
141629,23.6150654980201
141630,26.4148072554846
141631,68.3691199355558
141632,27.7601397768014
141633,26.5246392399818
141634,25.4254193626497
141635,25.4222407929637
141636,27.7039161676564
141637,76.8463480484977
141638,25.099976834392
141639,27.8893415752546
141640,25.0895724005514
141641,25.523825781104
141642,24.938929911533
141643,46.0072299744609
141644,20.682645524135
141645,25.51998856502
141646,22.6566841553118
141647,24.8059275031134
141648,21.1466361356241
141649,19.1249876945343
141650,17.0520792135639
141651,17.2595412118104
141652,19.6166606194389
141653,21.3662069988394
141654,17.5038249837971
141655,18.1104590042246
141656,16.3458565709956
141657,15.8243102907273
141658,19.4893929539069
141659,21.4341537719166
141660,16.8421121497959
141661,16.9138866152463
141662,16.4805206085474
141663,15.5828498681069
141664,20.2587971344239
141665,23.6375790494923
141666,17.6354252402722
141667,16.6677362066413
141668,15.7983251369811
141669,15.5300306782462
141670,21.3773614132504
141671,26.0219202429639
141672,17.3237167530956
141673,16.4142209544845
141674,16.9669367321232
141675,16.5760216912125
141676,22.5714488206678
141677,25.3620288083805
141678,17.5112988111785
141679,16.6166793268796
141680,18.7765429455698
141681,17.3449334132117
141682,24.2618665742681
141683,26.3518034002888
141684,18.0810558519944
141685,18.0530986050472
141686,19.9177433165436
141687,18.2202193977558
141688,25.6773396549686
141689,27.1745151941081
141690,19.2966719031676
141691,21.1418424614823
141692,25.6239544093316
141693,23.3279426377917
141694,28.6869385550076
141695,30.4977160563396
141696,25.1919257473168
141697,40.6222083744223
141698,38.8471261226248
141699,40.7942022950457
141700,39.4357957666655
141701,47.4446369388552
141702,41.0263840060769
141703,116.28410745878
141704,63.7330341879307
141705,91.5247743043671
141706,59.7119517959549
141707,96.8366762749573
141708,72.2303782560849
141709,87.2702186288875
141710,48.6982041728758
141711,46.028715602331
141712,50.3571845592416
141713,61.4628225248179
141714,45.1815765885666
141715,78.5076162056614
141716,32.9731197252555
141717,30.8322828508066
141718,33.8901512204113
141719,43.6418113121698
141720,28.8146228965669
141721,59.75009565214
141722,25.9473845725043
141723,24.9986999086313
141724,25.5478586894015
141725,29.1713617939881
141726,23.6393642637516
141727,43.4979430397189
141728,25.3903921483654
141729,23.208188728618
141730,22.428822041369
141731,20.8354306206071
141732,24.6510864391937
141733,31.2556176798399
141734,26.4282362148815
141735,21.645864529411
141736,21.6217722946402
141737,20.1669688653672
141738,26.4551290815081
141739,26.2653310013138
141740,22.3980251782414
141741,22.4434006135495
141742,20.0570528665766
141743,22.609346762785
141744,22.2752321212128
141745,25.52403551509
141746,21.0918932681064
141747,21.6029570568267
141748,20.1304860281106
141749,22.7420536998344
141750,22.4846869985261
141751,25.8910054677298
141752,20.4329529498835
141753,20.8810800338136
141754,20.302121723323
141755,22.473705725634
141756,23.4085367458804
141757,25.7689491121471
141758,21.8774674656196
141759,20.5552861086135
141760,19.9038708855946
141761,22.3108459536104
141762,25.0920101588562
141763,30.0412885548945
141764,23.1490133548527
141765,21.2880958097241
141766,20.7595684582118
141767,24.0190583274832
141768,26.6632008443704
141769,31.3603749745651
141770,29.3344160049692
141771,22.7447599581634
141772,22.352958839203
141773,25.1254426273607
141774,36.7825888566997
141775,35.2487057223829
141776,38.8912363412141
141777,26.2548977052441
141778,24.7480038887737
141779,28.7633223722621
141780,39.504833155071
141781,44.7448981297306
141782,39.6046548384641
141783,26.1502623061378
141784,25.0293721481486
141785,29.0901295700991
141786,38.9622143903538
141787,32.2114079541042
141788,30.4498015187178
141789,24.4488782553885
141790,23.1242376693273
141791,27.3861007994871
141792,32.9107133976058
141793,20.6191361788291
141794,24.6409643020311
141795,16.8058962265273
141796,19.0544823474834
141797,22.1865110757673
141798,25.1454739073434
141799,17.4669315384897
141800,21.2768027891802
141801,15.06397963643
141802,15.0382437493729
141803,18.5778469324486
141804,21.776982554348
141805,17.3381843415886
141806,19.8734621183437
141807,13.4360044344626
141808,17.2515543377832
141809,23.2286537168133
141810,20.7176467719535
141811,18.896357786629
141812,21.7362638755704
141813,14.8394581099386
141814,22.402889861556
141815,26.9925592834076
141816,21.6416826166989
141817,19.391498994171
141818,22.6290776667482
141819,17.6060067769864
141820,24.3658556939287
141821,29.3345958712381
141822,21.8276063999975
141823,19.8284133399558
141824,22.1604885102661
141825,19.6488017590367
141826,26.457300895351
141827,32.6003143626625
141828,21.5042149269943
141829,21.1661921750323
141830,20.6177649767083
141831,21.7138041201176
141832,26.9525838306096
141833,35.704925453975
141834,20.9034705858663
141835,23.2987216605804
141836,22.4373042230185
141837,23.0929905158456
141838,28.1779032464056
141839,34.403539023983
141840,21.8394353245207
141841,40.6488410382616
141842,33.8215748363821
141843,33.737338002026
141844,31.5112064586019
141845,37.082411557021
141846,37.3631384562543
141847,120.341115480636
141848,62.184288835012
141849,53.7410048950216
141850,40.3979722920372
141851,48.5814856288463
141852,66.3063245377444
141853,78.1496500132087
141854,33.3700864561905
141855,36.3542813068237
141856,33.2660416346199
141857,34.1786044435525
141858,39.5015798122238
141859,75.6098507148461
141860,27.4443037562248
141861,27.6571533795874
141862,26.4573890867873
141863,27.9070447100885
141864,28.1276355978485
141865,72.1605369824304
141866,20.7621966951547
141867,22.5677020566207
141868,22.2643695971623
141869,23.596904000164
141870,22.0567552544421
141871,46.2562034208087
141872,20.6524806933489
141873,21.6644822730268
141874,19.5829827867177
141875,19.3321148094892
141876,21.7405119508216
141877,30.9595976763821
141878,21.1939504333571
141879,20.4158913884656
141880,17.7982902404205
141881,17.7891114180412
141882,22.0261221210298
141883,21.5031945453032
141884,19.0966106384383
141885,20.6227498407573
141886,16.8727073911369
141887,17.3827435491793
141888,18.160851145327
141889,23.0795053968228
141890,25.3672639478287
141891,19.2400481988538
141892,16.0475886161892
141893,18.2361268302596
141894,24.1646548729415
141895,23.7749962365398
141896,26.1395557178737
141897,18.3116728656849
141898,13.2544421285258
141899,13.5674933179265
141900,28.6146912758326
141901,23.9858841152115
141902,27.8809407013127
141903,17.1455306277656
141904,14.3376559285391
141905,14.3005941915087
141906,30.7602673516505
141907,25.8358294610456
141908,30.8468242078853
141909,17.1421323546746
141910,14.10840496708
141911,16.9985157526513
141912,32.1647246725487
141913,40.0960308333537
141914,26.5589097760626
141915,18.3904051633195
141916,15.0487104736617
141917,17.0290447088245
141918,29.5710951814721
141919,44.5908276021031
141920,24.9217650346608
141921,19.4549430867717
141922,17.7322967812207
141923,18.2674339066619
141924,30.6834664821353
141925,38.2147523136203
141926,23.834799010171
141927,18.9753851208511
141928,18.1018155130118
141929,17.6497572606265
141930,23.3898409564756
141931,22.2216409697302
141932,17.9885335091707
141933,17.6193303966609
141934,16.4504359665255
141935,16.4311014339024
141936,16.4285841357226
141937,0.357087031752311
141938,8.2719108263983
141939,10.7530932012915
141940,11.6469411721977
141941,14.2376924988898
141942,3.85605082719235
141943,-0.597793577814802
141944,0.0928797989873225
141945,3.49436511460494
141946,10.6062481815507
141947,14.1753069999631
141948,-1.70748235281919
141949,-1.73302615834539
141950,-6.79095660216429
141951,3.02519980965781
141952,12.0362488477468
141953,17.706825600452
141954,-8.50564574421873
141955,-3.23016399122627
141956,-9.39273022766768
141957,11.229569093672
141958,13.9297834942584
141959,23.9158758242457
141960,-10.6708605119776
141961,-3.0441621823181
141962,-13.5173468589374
141963,15.6362480582052
141964,15.6620114574992
141965,28.0530667063796
141966,-9.8552511492332
141967,-1.40338067242825
141968,-11.0864836762153
141969,17.4152621609371
141970,19.5996028207977
141971,29.7421519290357
141972,-10.2547137839508
141973,-1.62858301137513
141974,-10.2069376603195
141975,20.2013281816102
141976,21.4613375075979
141977,33.8659077046025
141978,-9.571368725999
141979,-2.94404121328175
141980,-2.09477654859827
141981,21.6589641497588
141982,22.176230403541
141983,36.9152696819203
141984,0.61727484907566
141985,3.61433935502818
141986,1.02940415179753
141987,26.1254641997028
141988,25.476901159575
141989,32.3488284887962
141990,6.94926945895998
141991,24.3308184505915
141992,12.5070585399506
141993,33.1783594188698
141994,32.0151972941141
141995,32.8950669601695
141996,15.9628754881654
141997,24.5716437808935
141998,14.2143286249754
141999,25.6768869363643
142000,30.5906765855926
142001,23.2459162509729
142002,20.2576585869874
142003,20.808024879109
142004,15.7408798329531
142005,20.6990374228962
142006,24.7841303077207
142007,23.0509211972437
142008,19.8954204578511
142009,19.9717916164902
142010,16.1868552631295
142011,19.0833120358695
142012,17.0652000281665
142013,18.7878519061327
142014,17.0655735722565
142015,19.2545618619966
142016,13.7985783694832
142017,19.1167491347562
142018,18.962323677896
142019,16.7384742179179
142020,16.0289877080057
142021,14.0711684735136
142022,13.4027549354899
142023,17.8767187659948
142024,17.4405926806856
142025,18.5664509141534
142026,15.4543236975493
142027,8.99496775954488
142028,3.19088157216502
142029,11.5530681028161
142030,4.87834487270258
142031,-4.81633835043165
142032,2.05602238603343
142033,9.70603875398984
142034,-5.95265878720548
142035,9.32835998579841
142036,-0.408338514916871
142037,-23.4198153931939
142038,-5.34778977951725
142039,11.6724028734743
142040,-7.11442344327257
142041,3.81186670577723
142042,-4.26749136111294
142043,-10.5305070670545
142044,-8.45390396250008
142045,12.0605203638726
142046,-8.69194296309914
142047,2.73927066741182
142048,-5.38260859963294
142049,6.9377837065488
142050,-8.37355708963504
142051,12.6060372647126
142052,-8.68975412659618
142053,5.98791676411948
142054,-6.66214006109464
142055,-13.9310995376499
142056,-9.31335808796218
142057,11.88951838774
142058,-6.47373971617801
142059,12.1433283157299
142060,-6.74299069843467
142061,0.702759857961873
142062,-7.67528141673663
142063,13.0703929255241
142064,-2.24077152563621
142065,17.999266167599
142066,-2.05037317424653
142067,-0.662023244056737
142068,-1.10386102339998
142069,15.0113647445712
142070,-0.260668592103624
142071,18.4399575541019
142072,2.09053498215946
142073,-4.85182733107762
142074,-0.292677394437742
142075,5.39060867996083
142076,-6.21544064302633
142077,10.3122904700063
142078,1.46758436334003
142079,-4.26984658197998
142080,-6.05572977197963
142081,1.29678353053289
142082,-15.4782454959029
142083,-6.96213707374398
142084,1.51532716697944
142085,-5.28224871221206
142086,-11.7433705716368
142087,-5.27391267285749
142088,-21.3249897770468
142089,-10.0092933382551
142090,-4.06344818425166
142091,-11.6299106748938
142092,-20.7288699754801
142093,-4.40195014778359
142094,-20.4767428353943
142095,-9.64595240653886
142096,-6.87170110164318
142097,-14.6713115640223
142098,-21.4663078643762
142099,-4.3051572018065
142100,-19.5783141901323
142101,-9.85192834068003
142102,-6.87533614088929
142103,-15.4563842419574
142104,-20.3951365502685
142105,-4.72988132464534
142106,-15.879251455886
142107,-8.7876462706389
142108,-6.61551070792666
142109,-15.1129406514466
142110,-16.6441824297205
142111,-4.15432533375146
142112,-15.1278001047955
142113,-9.8731339135635
142114,-5.9552012599467
142115,-17.7463920152984
142116,-16.1265471418223
142117,-3.8114735062569
142118,-15.7671348893296
142119,-13.0305727184793
142120,-5.83628370178368
142121,-17.7984095096068
142122,-16.0120672526996
142123,-3.56349743941573
142124,-15.5415860137501
142125,-12.6318749334079
142126,-5.84001769436074
142127,-19.010617066979
142128,-15.6271054135732
142129,-1.62704945837687
142130,-12.6999434597512
142131,0.29922824535852
142132,-4.78483295237603
142133,-19.1023430992406
142134,-10.9525126963718
142135,29.7150652186717
142136,13.1414712826025
142137,18.9091441453124
142138,0.718533840218509
142139,-3.71262818629593
142140,13.9532300565631
142141,45.0640848318392
142142,23.3483545397142
142143,22.938304443462
142144,12.0318487016269
142145,14.3211126951556
142146,21.4771491545409
142147,51.2592581855275
142148,26.1746557312164
142149,23.2434879425139
142150,12.8161923781452
142151,20.7168202768416
142152,24.9404407189399
142153,55.3198861480901
142154,24.5587324028944
142155,22.4117513132452
142156,10.6608010919945
142157,19.4504781536618
142158,26.9638878506105
142159,58.280794175015
142160,25.707948121234
142161,20.9674241658625
142162,10.1212120931987
142163,18.3507676306337
142164,27.6815181548935
142165,62.2334006308027
142166,23.8009477441374
142167,19.6399590498586
142168,12.278470382362
142169,21.7990223125472
142170,24.327280190235
142171,71.0965501945004
142172,25.036860567704
142173,18.3131915846692
142174,16.5532174965066
142175,19.1728098606137
142176,25.1163644281137
142177,71.5580499750905
142178,24.7240032988523
142179,19.043340948534
142180,15.0537001187059
142181,15.9397421384558
142182,25.7043636692142
142183,71.7101728902563
142184,23.104017297044
142185,19.4580502072179
142186,13.9743742953745
142187,19.0428166874327
142188,23.7922457581397
142189,70.7298595185568
142190,22.0144870110992
142191,20.3863108990091
142192,15.1646261501393
142193,21.8800253192746
142194,22.1407289211627
142195,70.0978227646074
142196,23.1303436028996
142197,21.0334434367086
142198,18.4660746217466
142199,23.5853597612518
142200,24.3548761122317
142201,78.5021010367329
142202,25.2739838853806
142203,23.3793931853563
142204,20.0705640362002
142205,26.1835214281104
142206,27.3669358603722
142207,86.0099279819338
142208,36.0150329363043
142209,25.4685997019753
142210,24.87164324129
142211,34.6030401185259
142212,40.6920136999096
142213,90.9341510922058
142214,38.9400116299577
142215,23.182860844184
142216,27.6232496095611
142217,31.5485722496104
142218,39.117353144054
142219,34.7083130804728
142220,25.1118893991031
142221,18.1951650260059
142222,24.1014417051983
142223,21.570141116825
142224,26.9885122464393
142225,17.2283177439482
142226,17.8891127619885
142227,12.9579646645469
142228,14.2428706531325
142229,14.1391683224075
142230,18.368981107056
142231,14.7860432745485
142232,18.0277091756934
142233,13.3451130290065
142234,13.3347322865367
142235,16.3266428183833
142236,17.5521175102938
142237,14.2503803339057
142238,13.8123932978791
142239,12.580918319933
142240,13.8189323760818
142241,16.3037945124846
142242,15.1539802186793
142243,13.3704680986285
142244,14.3286809098943
142245,11.6695796747532
142246,13.8227282609066
142247,15.4151057982137
142248,15.9267192216928
142249,13.6530816900441
142250,15.0006331252465
142251,11.287339349701
142252,13.6728872597396
142253,15.1640355113818
142254,16.202054839647
142255,13.5522654810715
142256,14.1614203413714
142257,10.0808367526381
142258,13.342570243547
142259,13.5534529354571
142260,15.5876352285208
142261,13.2340785272546
142262,13.0010865651658
142263,8.8961917829438
142264,13.2687422255426
142265,12.6483257002651
142266,14.1578978774597
142267,13.9218891868966
142268,13.1327950208711
142269,10.222860530841
142270,14.0409743886733
142271,12.7049243287185
142272,14.4050995234767
142273,25.5418999494341
142274,29.0912083313346
142275,22.7734484833626
142276,24.2614486582213
142277,23.5686201784688
142278,29.9095054410761
142279,56.7782255144802
142280,67.9284634845369
142281,62.5986277823416
142282,48.2340279986109
142283,67.3244130522107
142284,64.3934806385278
142285,47.55734323701
142286,31.2133562353457
142287,39.0181476049021
142288,44.5216108835859
142289,44.216613639183
142290,32.0628793769431
142291,36.7744178033437
142292,23.3410784440795
142293,32.0490424396944
142294,34.712727563166
142295,36.7254326965702
142296,28.9321315049715
142297,24.8922337308675
142298,19.1642647096466
142299,26.9505389703898
142300,27.8168358029726
142301,29.6446156610183
142302,20.3267806124693
142303,20.3480859383364
142304,18.1163420962895
142305,23.8624616467125
142306,24.1357161765959
142307,26.8832372437538
142308,15.5781019137406
142309,19.0456842508044
142310,12.4866548210309
142311,23.0096844022377
142312,21.8237850850726
142313,25.317547848048
142314,11.8619269180831
142315,36.4155666914379
142316,17.5110639715522
142317,27.5825682104751
142318,19.577895705194
142319,23.4234179272017
142320,17.3064091759774
142321,38.2136013860052
142322,20.4717379500622
142323,27.7362776094618
142324,12.0499256756181
142325,19.8966625558784
142326,17.931881537231
142327,41.8572477764012
142328,20.1483168841416
142329,28.1420367706961
142330,19.453427535813
142331,23.5513630556381
142332,17.4908574143744
142333,41.8852791439548
142334,19.3868145031873
142335,28.6921501691565
142336,17.6221042441777
142337,22.1025196069293
142338,15.7486671333339
142339,43.6968652346322
142340,21.0919738189648
142341,28.4535282802523
142342,18.3811631780644
142343,18.540707160621
142344,17.908671884334
142345,48.053580604814
142346,24.8880568144672
142347,30.0156977175615
142348,21.868357725482
142349,19.0416871064597
142350,21.8522038350961
142351,49.142345407382
142352,28.0139027307353
142353,31.7136961075752
142354,24.5986451118908
142355,21.6301972921569
142356,25.3408193569962
142357,52.498526589843
142358,29.864572620202
142359,29.840737692359
142360,25.7659819336784
142361,23.0690821312039
142362,28.3874960295861
142363,26.056020295531
142364,21.5298696932609
142365,23.2427894848776
142366,22.4888247799201
142367,19.5280602615084
142368,21.5769976337611
142369,14.9653159352542
142370,16.5830454650174
142371,16.5260686998648
142372,14.4107672574092
142373,15.972048542958
142374,16.6518103215036
142375,12.7673164253523
142376,17.3901439820451
142377,15.7405778204513
142378,14.1621661042974
142379,15.5085330349966
142380,17.2166233316583
142381,13.1990997052253
142382,16.2740294637727
142383,14.9395621318722
142384,13.9095997471314
142385,14.6404396561156
142386,15.5486641580753
142387,13.0810577734351
142388,16.1474060262927
142389,13.7859647150829
142390,13.8502332361608
142391,13.6427504631106
142392,16.5260146622576
142393,11.4764570675399
142394,15.6490404807762
142395,13.7567526866848
142396,14.2143781129005
142397,13.1749284533699
142398,15.6184112485508
142399,10.7405238531717
142400,14.9722267410855
142401,13.3718816621134
142402,14.0738202759403
142403,12.6890092330341
142404,15.3221506157418
142405,9.6827227683819
142406,14.1908581815319
142407,11.8220514870789
142408,13.7229919951325
142409,12.8400652486435
142410,13.36061888105
142411,11.645238912632
142412,13.8588925126764
142413,13.6601516818963
142414,15.1498576811089
142415,13.0075374828008
142416,13.8219905761895
142417,22.596274167134
142418,23.7031762677267
142419,20.634626924312
142420,18.6552008652629
142421,21.897677401258
142422,23.176251924381
142423,50.2341420810168
142424,49.4347101114376
142425,36.6717763741821
142426,32.5106620550834
142427,44.2420566250423
142428,47.8350020793869
142429,33.5446086497655
142430,31.0348390875389
142431,22.1703263705708
142432,28.030595165693
142433,25.2066278487137
142434,29.9692090474591
142435,22.6511257597657
142436,23.0181637620168
142437,19.8123417371642
142438,22.8979168468708
142439,21.3118829786538
142440,21.4993341709046
142441,14.714088581998
142442,20.2501487628076
142443,17.8343834568091
142444,19.8465157404909
142445,19.056044677603
142446,19.3697041911859
142447,10.9063070073685
142448,14.0083983182768
142449,16.4007703757595
142450,8.08933647944117
142451,17.579435331747
142452,15.0973125204889
142453,7.66895120581609
142454,13.5965071941726
142455,15.9247803151195
142456,6.63201584954377
142457,6.56670272886211
142458,10.8831767377475
142459,12.0305268522921
142460,13.4529958797881
142461,16.0183983509701
142462,9.69370394779393
142463,5.76168345779543
142464,2.12691654138743
142465,11.9892018083903
142466,10.2978274465653
142467,15.2893402254795
142468,4.92147035419627
142469,10.0847825597066
142470,4.14255699810076
142471,15.2015310117041
142472,18.884488791729
142473,16.2112355008565
142474,2.98438771021398
142475,10.563593856779
142476,16.867907542
142477,16.8254844817185
142478,19.3832582147761
142479,16.5549391256819
142480,2.99569045004231
142481,8.44577626902644
142482,20.7530907521494
142483,16.7986687635956
142484,21.5166913458104
142485,17.6233083416208
142486,10.4640936019125
142487,11.0129045835681
142488,16.5104891732082
142489,19.7418312855845
142490,21.4698451608398
142491,20.3030354859864
142492,13.1488569631759
142493,13.8314691796842
142494,22.6453293048429
142495,27.0149685648939
142496,20.2226918663546
142497,22.4860982294436
142498,14.6682353976866
142499,15.7241160843164
142500,20.9578120716171
142501,35.2163811795959
142502,19.2753667427438
142503,20.7811948932211
142504,19.6200014443343
142505,16.4918271101395
142506,19.0159667675737
142507,31.0691291449676
142508,13.6606916882532
142509,16.9837886189456
142510,13.0187862463915
142511,16.0068514466765
142512,12.7412629638866
142513,11.0789848308706
142514,8.93156402790862
142515,8.92200768978157
142516,8.12394881733317
142517,5.45197070452869
142518,8.16842693625113
142519,8.51158014006728
142520,3.61635563348012
142521,6.24700752144505
142522,8.23754655518258
142523,3.61342491801258
142524,4.76379632310448
142525,2.01405809322548
142526,1.76498961790832
142527,4.71824132225352
142528,5.29073640104331
142529,1.57746980046374
142530,0.459368102471373
142531,-2.06000450508703
142532,2.4035954283946
142533,5.71624142785895
142534,6.6460680503701
142535,5.32270573108452
142536,-0.135568576810503
142537,-3.59836010853205
142538,4.11542370702016
142539,8.87208414977672
142540,7.36101630453812
142541,9.88406374053281
142542,1.28535190574283
142543,-2.77976836992922
142544,4.57464486852718
142545,11.2452584665346
142546,7.90773604342296
142547,11.3327183354558
142548,3.71117879307748
142549,-1.35666893125086
142550,6.69523624693321
142551,13.0173829935144
142552,10.4620053777186
142553,13.8109194440972
142554,5.37042669722759
142555,1.05688055272314
142556,9.86966054564166
142557,16.1550363254776
142558,15.4790815886308
142559,21.3045353496861
142560,10.1707275027364
142561,13.8526247899063
142562,25.9361492517633
142563,26.2187590542072
142564,25.5070826323011
142565,30.0701507007569
142566,25.3641580748556
142567,41.6290668410942
142568,42.5716726487409
142569,43.3466116097098
142570,36.6535180853158
142571,47.3432151018173
142572,40.4154314559143
142573,45.3901182595502
142574,33.5805420180178
142575,35.3807765439295
142576,37.2029565216822
142577,34.3675191397776
142578,34.0515101499713
142579,45.3567243730533
142580,28.6747556444569
142581,26.9382812794671
142582,23.5112505678655
142583,33.1147012472293
142584,28.4662760361776
142585,40.7051271615022
142586,25.6451853138806
142587,22.6187484709499
142588,12.4566001884058
142589,20.1561799971637
142590,26.351734324545
142591,41.5245277467618
142592,22.6233058532108
142593,20.5458022808562
142594,7.39446207654508
142595,12.1127618591056
142596,22.3185878115999
142597,48.673370967964
142598,20.1712683772901
142599,19.5973587309539
142600,13.3863577654173
142601,21.5455895417344
142602,20.2300341847594
142603,59.9020404341384
142604,18.9481855918219
142605,19.7976250346989
142606,15.2174468215836
142607,9.78213471976163
142608,18.6145376363737
142609,64.8347748761329
142610,16.1162094534653
142611,19.4672538875235
142612,3.16469127930408
142613,-9.06928330407115
142614,17.555266509855
142621,56.5304173513283
142622,15.4896981216647
142623,21.4012892434487
142624,-3.22365871865962
142625,-6.05588953170263
142626,17.4997081131055
142627,60.4166556121305
142628,15.5936106288496
142629,22.1170300938676
142630,-4.80057488992239
142631,13.9360793427361
142632,18.2677351586187
142633,60.2726659877527
142634,16.1200918932743
142635,20.6830590665109
142636,12.3735215649676
142637,20.1940438863307
142638,18.3711113564326
142639,39.4737370730782
142640,17.6860749645933
142641,19.0162111694378
142642,13.4856702208097
142643,20.7462052199825
142644,18.7076868086344
142645,35.4690944039952
142646,20.034433953606
142647,20.5153356285623
142648,9.68865536643908
142649,22.0429435995581
142650,20.7211522536336
142651,26.0798897958515
142652,14.6719739562299
142653,16.0038734250744
142654,1.35342457273602
142655,11.7034615576509
142656,14.9252861940759
142657,11.5687932433023
142658,9.48147122340311
142659,4.41484690989099
142660,-0.284992749181271
142661,5.61804308982226
142662,10.294224008855
142663,10.2786551547659
142664,7.98792472032213
142665,2.93747195304071
142666,2.65297069477762
142667,3.24882126892425
142668,9.13449768816955
142669,8.73836553701024
142670,6.78876009086017
142671,0.088204142434062
142672,5.25536550432876
142673,3.12575152518003
142674,7.36361893051961
142675,8.26857773381944
142676,7.58512366125593
142677,2.3096252232962
142678,5.73278910118436
142679,4.89449219241739
142680,7.71306011278612
142681,8.31809263590922
142682,6.86206973649865
142683,4.65421672154686
142684,6.83329476154707
142685,7.05901089539649
142686,7.37534798429636
142687,7.70900353031522
142688,6.35226059156158
142689,7.83625191360048
142690,8.0777457797763
142691,9.04062707109124
142692,6.58466717389457
142693,7.60292744015351
142694,5.84015923094335
142695,8.56413307134362
142696,10.0212417428595
142697,13.7824898393406
142698,6.7968819951051
142699,8.94619741251458
142700,5.90510892276423
142701,9.68853832597345
142702,11.5382197375374
142703,13.6968024845318
142704,6.95348993370799
142705,17.6823853701507
142706,14.2422089652917
142707,15.5529814525291
142708,17.025644286141
142709,17.6821456993062
142710,14.1330499180565
142711,50.1387174696125
142712,44.4437672097593
142713,45.1727707744506
142714,33.7701672366579
142715,48.1329114432486
142716,47.0667728940193
142717,38.8439544256954
142718,24.4581334645542
142719,28.4724679975241
142720,29.4190868908576
142721,29.3269547652071
142722,24.2629741572538
142723,26.3238071136761
142724,18.2066373954714
142725,24.5553135652561
142726,23.6781506570989
142727,22.7031797032728
142728,19.8934581411647
142729,15.6871279066984
142730,9.37299212041711
142731,22.2611724718276
142732,19.0811249038208
142733,19.2368741554494
142734,8.64512239512633
142735,11.3013093101296
142736,3.81280451758344
142737,21.0327496315514
142738,17.3264974709483
142739,17.1894660996028
142740,1.20929983192018
142741,2.76380905040637
142742,-2.38343882565318
142743,20.0277350107015
142744,14.5313466333426
142745,14.4327342498311
142746,-4.55839061251687
142747,9.87395484446264
142748,5.23494964644392
142749,8.88262327336538
142750,1.87026327576608
142751,10.0308360936469
142752,7.26576269308438
142753,9.55809337386599
142754,-5.56517251215065
142755,11.6344463268796
142756,0.190331666523068
142757,5.73968515984819
142758,-4.6138725442805
142759,10.8521352804875
142760,-2.70492086994857
142761,14.2865479509199
142762,12.1972452116999
142763,10.4801148180771
142764,-2.73074523636245
142765,10.2073379124975
142766,0.286567531595406
142767,14.6852709577305
142768,15.6276871003861
142769,11.3012804961527
142770,-0.884553677299916
142771,9.94749261290186
142772,1.45612095378198
142773,15.3759359130021
142774,15.2556301324856
142775,12.3027265733509
142776,-0.0128181373614815
142777,8.45026000130244
142778,3.82648696179845
142779,16.0313806271639
142780,13.9490853604894
142781,12.9620317025642
142782,4.04214625491221
142783,11.4661401440314
142784,10.1540652549639
142785,17.9297050934576
142786,15.8358188227545
142787,17.8110707616215
142788,9.75895796224337
142789,17.933974397022
142790,14.9181040976347
142791,23.9866488140341
142792,18.166609587314
142793,23.5282585840164
142794,14.9626655340913
142795,8.75108392123558
142796,9.79667748863641
142797,17.493244332479
142798,14.9383573526197
142799,19.0929065676774
142800,10.3533830290578
142801,3.80669085154411
142802,6.19091638512598
142803,10.2717612961478
142804,12.7798900147441
142805,10.4122697671275
142806,8.23037721370277
142807,1.42777058226299
142808,7.76051551366814
142809,10.6733843687413
142810,12.8556268283771
142811,13.864919141392
142812,9.24352131953677
142813,4.86301918425428
142814,9.89372894101793
142815,11.6347319443042
142816,13.1651606732396
142817,13.079549716019
142818,11.1121368386227
142819,4.98892275271194
142820,11.1882658370248
142821,14.8221156618561
142822,14.3921480771022
142823,16.0324142952294
142824,12.062561959039
142825,5.85437721007218
142826,10.9612487071744
142827,15.695683065928
142828,14.7309915600103
142829,16.6330526998021
142830,12.3565022457991
142831,5.75108810675665
142832,9.63853139339032
142833,15.2044999872542
142834,14.619490908447
142835,16.7435781930963
142836,11.1703117712356
142837,4.69214622618155
142838,5.92317653092825
142839,14.2403948583882
142840,14.5189535290671
142841,16.6797166793766
142842,9.3473473993453
142843,3.27557089505397
142844,3.79211382621374
142845,12.6204935909843
142846,14.4338627864758
142847,15.6531305181286
142848,6.70735298065476
142849,7.43690093265707
142850,17.09814645831
142851,17.2566082196483
142852,18.3985464592319
142853,22.0677756555195
142854,17.2726823438632
142855,32.6673525455799
142856,39.5137838277964
142857,35.9377668160258
142858,30.9983574586005
142859,42.7263362246927
142860,34.6492653006794
142861,26.8827176963701
142862,18.6135096004302
142863,22.7487831933424
142864,26.3641472989816
142865,23.7311711411857
142866,16.4844477291976
142867,18.2302454345883
142868,3.94124921496453
142869,20.1310368756472
142870,19.0962306388214
142871,17.8372805205832
142872,1.13239707946691
142873,10.4402221329247
142874,-8.82525265222246
142875,18.5916142953881
142876,13.7949903413669
142877,7.96360344519279
142878,-9.98375509342632
142879,8.32890950877561
142880,-14.6971972278078
142881,17.9550363359549
142882,13.4017774166589
142883,7.46578100807566
142884,-14.7179923192902
142885,4.43834451936135
142886,-16.8697508952002
142887,16.2581874566127
142888,12.5940288602724
142889,8.63485185685606
142890,-16.4588539777284
142891,5.50358801218703
142892,-13.9248553234756
142893,15.0932303315103
142894,2.00392168654271
142895,8.99942998127261
142896,-15.0533760695422
142897,4.85625062934238
142898,-12.1339234264404
142899,11.3534932034404
142900,-1.82624672575532
142901,5.20247368073438
142902,-12.7357750962073
142903,4.36823103738105
142904,-8.89451083560175
142905,10.0451654090954
142906,-4.42370952504147
142907,4.06306038939077
142908,-8.68756807974719
142909,4.01373512470475
142910,-7.32815681573192
142911,9.86184948731618
142912,-6.28689204204276
142913,4.11076990529952
142914,-7.49917388629309
142915,4.68465072515944
142916,-5.81917853320576
142917,9.93209429614717
142918,3.40275508245665
142919,5.32063840032176
142920,-5.09241653768196
142921,6.68149198554516
142922,-2.95183674506508
142923,12.0237273449817
142924,10.1714837069145
142925,5.53357280968795
142926,-2.67630193137549
142927,7.76689172576222
142928,1.32594080267026
142929,15.8793150062785
142930,16.1269660200561
142931,10.9147357792448
142932,4.08745231646855
142933,12.7104293225005
142934,8.6537988469775
142935,20.5201480634124
142936,18.8230910164954
142937,20.8913252596359
142938,12.4703516225294
142939,7.60242962288449
142940,4.85275443403711
142941,14.8793869053732
142942,16.5252260266714
142943,15.2985706748503
142944,7.69654203935866
142945,1.16276734686213
142946,-2.3236715674747
142947,3.9424389375386
142948,10.4981298890589
142949,3.66445457617694
142950,-1.73848907644595
142951,-1.18622488709667
142952,1.29183138667135
142953,3.31928820621379
142954,9.43312889306727
142955,5.18256672613011
142956,-1.35546712369318
142957,-1.74233009761335
142958,-3.53999882270466
142959,2.98308822004419
142960,8.18131694896281
142961,6.80340799382109
142962,-5.06934996177256
142963,-2.22380591514333
142964,-5.67082564301948
142965,3.48376252018795
142966,8.50252239781052
142967,5.91265386915754
142968,-5.92838539668877
142969,-2.39052800956655
142970,-6.02832241311832
142971,1.9367195052629
142972,8.90940426087026
142973,7.33127841829594
142974,-6.48094636568855
142975,-1.34005152520189
142976,-8.93946317535056
142977,4.295435692192
142978,9.84302610134184
142979,9.54873470072717
142980,-7.50398518163816
142981,-0.0323070241620798
142982,-9.72663373975602
142983,4.41907583544725
142984,9.8090733999159
142985,13.2230189916488
142986,-9.45847959739518
142987,1.47445119831533
142988,-11.6436491089568
142989,4.47419201335153
142990,9.64036097779892
142991,13.7258160714738
142992,-9.34095880296265
142993,11.6383152411605
142994,-0.852555205016774
142995,13.692867588629
142996,15.5104619333292
142997,17.0099616477266
142998,1.80646919400037
142999,41.5472902939472
143000,28.2632215265497
143001,32.4434951061144
143002,28.5579288450017
143003,38.2934520955913
143004,26.7839920802382
143005,26.850781347452
143006,23.0385372776515
143007,23.6379758123682
143008,21.6299010176133
143009,23.091961873527
143010,15.1588784431652
143011,19.6147090178006
143012,10.7580818822114
143013,20.6533239884027
143014,15.101923573724
143015,19.907471560702
143016,7.14161073732572
143017,13.8968116688229
143018,-2.22803448908907
143019,17.1866427635629
143020,15.8601128617163
143021,16.0532467799465
143022,-2.45977666290318
143023,12.5052238191161
143024,-6.75678123208285
143025,15.7988986138817
143026,15.4478420795949
143027,16.5372594830977
143028,-5.44257626141758
143029,11.6535684560667
143030,-12.2469733336231
143031,13.4591762277111
143032,13.6670411040664
143033,14.6342542506698
143034,-11.5109258152083
143035,10.0581253221713
143036,-11.51172122364
143037,11.7003888976168
143038,11.7727243859306
143039,11.2082256121175
143040,-12.268724109258
143041,8.35453964129562
143042,-11.4604431405741
143043,8.36951808281288
143044,9.80003200482371
143045,9.18803839782924
143046,-11.4424782079524
143047,6.71609176784185
143048,-8.38531672714884
143049,7.87073348651658
143050,10.4380174042293
143051,5.38643966830593
143052,-9.42795770399274
143053,7.74252462938617
143054,-2.31262127035149
143055,8.18281094996673
143056,12.0726870153145
143057,5.35385821131523
143058,-2.89422218957428
143059,10.7816793959336
143060,5.07024108235876
143061,9.93110400424858
143062,13.8292633220016
143063,6.75528109840708
143064,0.17264596992716
143065,15.4751927876771
143066,6.38807183568419
143067,12.309619039604
143068,15.5136377972815
143069,11.2222935625601
143070,6.37593658026633
143071,20.4509925081308
143072,10.3981429804971
143073,16.1906220756299
143074,16.9718924863635
143075,17.3309671481388
143076,9.05143328110617
143077,28.6746650606044
143078,15.2828557028251
143079,18.0972513931266
143080,18.6784946625937
143081,22.0300823613336
143082,12.0148747798503
143083,21.9082879714888
143084,12.2267594230597
143085,15.7931080421544
143086,16.984400967862
143087,19.4938225275656
143088,12.5132492351796
143089,9.04558483015929
143090,9.20579663061293
143091,4.55860688765566
143092,13.9235127258915
143093,12.1088293309046
143094,5.04367928436614
143095,12.3490591135066
143096,13.2721854202607
143097,5.23917137488243
143098,13.4856743408805
143099,12.9150338983702
143100,10.662093907409
143101,14.2150457808263
143102,14.7882041439015
143103,7.29264500368121
143104,12.8813611491984
143105,13.1731261089444
143106,13.6635697859679
143107,14.7633928388402
143108,17.1743850489911
143109,11.3871492586196
143110,13.0131887307855
143111,12.2551896745345
143112,16.9014956412051
143113,16.244013282727
143114,18.5395510277357
143115,14.2519550769323
143116,15.6757368726297
143117,16.2186050093938
143118,18.1852634813823
143119,17.8772904085628
143120,19.0615655798973
143121,15.7101981547277
143122,16.8478456083298
143123,19.098292778154
143124,19.3444737182557
143125,21.4106553998874
143126,20.6178756534755
143127,16.3547719207934
143128,18.4254853153466
143129,20.6068027851535
143130,21.1532117375936
143131,23.5461533138427
143132,21.4514255005468
143133,18.4631473401159
143134,21.1206272080815
143135,22.527899279384
143136,22.5528616453353
143137,37.4725978189837
143138,38.5287533175707
143139,37.6005819005483
143140,34.4113494609935
143141,44.8648373800743
143142,45.1355749041837
143143,150.286871636662
143144,71.6420247939166
143145,103.869541342255
143146,50.8636684427899
143147,102.217416270708
143148,86.8740854928579
143149,118.287034879765
143150,35.3758707235782
143151,45.6744248691055
143152,38.2757080375583
143153,48.5337852852892
143154,31.2469197491911
143155,104.94278933205
143156,24.4752999337986
143157,33.0991517383192
143158,31.0538900761829
143159,33.8526738597039
143160,22.3317056051897
143161,99.1187916342607
143162,16.8030096042663
143163,26.7004981828889
143164,24.1874183059216
143165,25.3835150756831
143166,17.7994373840565
143167,40.2430133666578
143168,15.5156668857714
143169,24.1592277663567
143170,18.3910536236348
143171,17.2959578074329
143172,19.8474344135184
143173,27.4277038344531
143174,18.5567405582937
143175,21.7007357361236
143176,15.3026151108869
143177,15.4916932762533
143178,19.770444030652
143179,25.6569226262422
143180,20.1307849478841
143181,20.9178041773464
143182,15.9185610911365
143183,12.1904682684328
143184,20.6572282989415
143185,34.0217817581603
143186,20.2569573943367
143187,20.4369572291955
143188,17.2458258446772
143189,10.106531500935
143190,19.9946957914068
143191,35.7613722001062
143192,21.5681706597093
143193,20.4537452661988
143194,17.5998022145812
143195,11.4387969648189
143196,21.6119179634856
143197,37.9271401061233
143198,22.8572195010812
143199,21.6807912271251
143200,19.1881304864293
143201,13.3558631469547
143202,21.9367146479629
143203,40.1115951672203
143204,24.3911746037656
143205,23.8125030589517
143206,19.6942917621443
143207,15.6726506920717
143208,23.2334850463298
143209,46.1293689264601
143210,24.4126427259269
143211,25.1705126736637
143212,19.6284965367724
143213,20.3829039263582
143214,23.3117143441731
143215,57.6694216056819
143216,25.6506787581758
143217,28.3301632057795
143218,22.0510917398835
143219,21.1146736087048
143220,23.9755667777053
143221,72.0480327120284
143222,28.6924801934936
143223,32.13010074874
143224,23.9861070656448
143225,24.7857936237264
143226,27.0881819353912
143227,56.645531968839
143228,25.6669915877607
143229,28.2830581950926
143230,22.3780054647746
143231,21.6783014123149
143232,25.5388798727237
143233,18.6185229685066
143234,18.1669190946153
143235,15.5111852957782
143236,16.8613354166562
143237,12.7669181516075
143238,17.6411937455694
143239,16.5893008889992
143240,18.5564053442814
143241,14.6959564424806
143242,15.0900163954341
143243,12.9624880816476
143244,19.0245152965096
143245,15.7387583378321
143246,18.3089579699354
143247,12.7051261829728
143248,15.017571110589
143249,13.6314784997085
143250,18.9054782564517
143251,15.8344819312699
143252,18.7000644651757
143253,14.8441945125163
143254,15.4777320802068
143255,14.5833202710578
143256,18.144639635955
143257,15.5584892395785
143258,17.754079752915
143259,15.6550102074399
143260,16.7653532523296
143261,16.8300120100204
143262,17.7229370391813
143263,14.9227348520274
143264,15.980850830422
143265,17.0220621076244
143266,18.8536187011892
143267,20.2667837974454
143268,16.7461501664422
143269,14.5261348927033
143270,13.168604340066
143271,16.1302046684389
143272,20.323960594694
143273,22.7617548056286
143274,14.919147554583
143275,14.9292454774695
143276,10.8638195806949
143277,16.0588905856969
143278,20.5953173786272
143279,23.1463758642915
143280,12.4432895913036
143281,24.9341716630257
143282,24.0067507707524
143283,24.8023737391609
143284,27.756165586061
143285,29.3336876070926
143286,23.6989662481888
143287,96.6462236238564
143288,33.6459745761073
143289,47.6366763233586
143290,36.4835981142015
143291,46.6452726526804
143292,31.3623774207464
143293,60.8241959815574
143294,20.968069438688
143295,27.4604931537941
143296,29.7319504644213
143297,26.7840953749324
143298,20.7127511973098
143299,34.0881837254059
143300,16.6299984424114
143301,22.4435913140558
143302,23.0308727582244
143303,22.2685797724262
143304,14.8980049108338
143305,20.9553213391398
143306,8.7316934059937
143307,20.8893618345456
143308,19.4804447908793
143309,19.8462567883251
143310,9.53242768743674
143311,16.3075914601939
143312,-1.30340670479861
143313,19.7349483052041
143314,16.1373268061262
143315,17.096505363903
143316,3.23191198405677
143317,12.703715310937
143318,-8.02585397874402
143319,18.3290822187768
143320,17.858149149415
143321,15.935671365901
143322,-7.35545480445755
143323,11.0367458647786
143324,-10.6359231958721
143325,16.343248688968
143326,17.0813036351156
143327,11.1731522910224
143328,-12.1038238079484
143329,21.8898135396244
143330,13.465749072129
143331,15.8277714578759
143332,12.7890477027897
143333,13.7480684878116
143334,13.2131749341122
143335,26.1120537257343
143336,9.55125174860165
143337,15.1545551035991
143338,11.9011699009323
143339,14.7041959726409
143340,10.9670520531965
143341,37.5955033533149
143342,6.99000381381471
143343,14.107791677164
143344,15.1943832278343
143345,14.3242116031816
143346,13.7812136024327
143347,44.7774086908249
143348,7.99630715205437
143349,14.020344891179
143350,13.1562555226658
143351,12.9727364511626
143352,14.4224020558972
143353,45.9571251690623
143354,9.26995768476975
143355,14.6639582052686
143356,15.5440166645489
143357,13.1778935634363
143358,11.673530588077
143359,31.6768146877585
143360,7.53881042410159
143361,15.8888981006048
143362,17.0045851859377
143363,15.5744649021948
143364,11.6042111501296
143365,35.1377134378016
143366,10.0830037901805
143367,19.6657089797594
143368,22.3913722093449
143369,18.8116556648989
143370,12.6165764279019
143371,26.9663663534319
143372,8.43421456881062
143373,16.7481358426165
143374,21.500703534681
143375,17.2351205572102
143376,9.54061955293988
143377,9.13717517200964
143378,4.5962097810723
143379,8.13825135178968
143380,15.0795692898059
143381,10.5512174020816
143382,3.54841920424888
143383,6.22162371128382
143384,3.51979990526666
143385,1.55777237144157
143386,14.5369800275807
143387,10.1736005158598
143388,2.51520793695529
143389,10.6086504801453
143390,7.94349985830885
143391,3.63199258887424
143392,14.4250522692593
143393,11.0102549134917
143394,4.80801029569285
143395,11.4055372669102
143396,10.7139804965353
143397,7.86035945290651
143398,15.9301845223723
143399,13.8180926626789
143400,8.65446720898675
143401,13.7889111935536
143402,15.389176617241
143403,12.6942058638737
143404,20.5850597376367
143405,22.1821540200695
143406,16.2221121065322
143407,15.5750336813003
143408,17.6719287782388
143409,15.6639362774609
143410,24.9005920553452
143411,25.5371995767354
143412,18.2634096602207
143413,20.0352380159689
143414,21.1407456923445
143415,16.5115931121766
143416,27.8387244578127
143417,26.8273859954088
143418,20.8079901494269
143419,22.9107717115665
143420,27.4784902991654
143421,19.4957455893858
143422,30.095090164039
143423,28.2179885303188
143424,26.7043810828924
143425,32.1068299583789
143426,60.5447181921082
143427,39.2634101430007
143428,35.1809748085536
143429,39.4916186046569
143430,57.0194785296129
143431,88.2893505806374
143432,110.410606399223
143433,85.4155002352048
143434,50.5806807243826
143435,68.0610765640426
143436,106.618931618515
143437,75.4833500034627
143438,62.9175147131028
143439,51.5357590681808
143440,41.3899596528964
143441,46.5080104951087
143442,69.0625798070579
143443,70.1197612834141
143444,41.9459695403028
143445,37.2651302744721
143446,30.8063638048491
143447,38.3679789372614
143448,49.5084386936953
143449,56.8405753360528
143450,34.0784163117725
143451,30.8615109202649
143452,22.0642895058004
143453,30.9543880799868
143454,41.5529190890743
143455,48.3648345754496
143456,26.5873368638446
143457,29.1454064978372
143458,15.6576617720373
143459,22.3374779644952
143460,28.5211043095291
143461,44.5528940032569
143462,24.0489694941054
143463,27.3689060126921
143464,16.5945283777895
143465,17.2530525272129
143466,25.6467949850576
143467,39.3905684290328
143468,19.240277471471
143469,24.5105668265798
143470,18.9416331145591
143471,14.1228752412464
143472,23.0081529642065
143473,32.1517293645207
143474,23.2767882932237
143475,24.882758417376
143476,21.1873278860962
143477,15.6782440693422
143478,24.6633054440658
143479,33.3489305196352
143480,22.8491483479975
143481,24.8291139884068
143482,22.7159073595373
143483,19.7552755764374
143484,23.7718375520266
143485,34.534077144566
143486,21.2882122468398
143487,24.1475231063472
143488,23.8575816187784
143489,22.1496284137684
143490,22.6548169136804
143491,36.8482946364862
143492,20.543639718302
143493,23.9940191954009
143494,24.490414544618
143495,25.0376496198608
143496,22.6921824577578
143497,37.8098259411938
143498,19.3677434925878
143499,23.3127636469759
143500,26.2674407663903
143501,28.862139838763
143502,22.6315338821555
143503,36.9078142206192
143504,21.0856281359359
143505,22.75111675237
143506,26.651520281367
143507,33.1164027387725
143508,23.1107012169053
143509,33.3992152802155
143510,24.4331555870002
143511,23.9825573809076
143512,27.7554372602825
143513,33.2576329970245
143514,26.139900783868
143515,26.4560546446511
143516,20.1921296268312
143517,20.9977959911386
143518,25.0660903651352
143519,29.5547847863624
143520,21.4414429185975
143521,13.2079603514165
143522,13.3306664692491
143523,10.2610160638799
143524,16.9526875444745
143525,16.2960037178294
143526,12.8553931086429
143527,7.76378894752576
143528,12.0309846891884
143529,10.4340619939214
143530,16.5702034044178
143531,16.7118723621313
143532,14.4089272029898
143533,9.047020652946
143534,14.7354443309429
143535,13.3911867072225
143536,17.2790375958967
143537,17.1169783433478
143538,14.2571356236253
143539,10.7814554265054
143540,16.5220155463837
143541,16.0453833537787
143542,18.1385742782475
143543,18.6730923383103
143544,15.8041616682668
143545,17.8497478644654
143546,19.3949376431226
143547,18.0181228650268
143548,20.616203487267
143549,22.9186327869483
143550,18.2744796122415
143551,19.9115586309529
143552,20.6221945499738
143553,20.1154152531421
143554,24.1449776662287
143555,25.1170113804472
143556,22.1667539821861
143557,17.6619893512529
143558,19.4511201791679
143559,21.3804743538177
143560,24.8329753718223
143561,28.5432432612578
143562,19.3951216295121
143563,17.4390472777818
143564,16.8425038776326
143565,22.2511915066996
143566,25.8979418007514
143567,30.6440892608815
143568,18.2926394013066
143569,25.127619816252
143570,16.1753147802404
143571,30.8971892600853
143572,31.8114929943847
143573,33.7867474724045
143574,20.9805069564781
143575,82.2053583582737
143576,18.9361057555527
143577,44.7108111023117
143578,42.3835957348254
143579,41.0814752117356
143580,21.2615790517143
143581,79.4105915341998
143582,17.3250466242163
143583,29.6542873352589
143584,34.3577118035808
143585,26.5529795552629
143586,16.8913078940452
143587,47.7613108066331
143588,13.3327808941382
143589,26.6922541094074
143590,28.2038184648652
143591,23.5271024586015
143592,13.0097165706289
143593,25.5862708763725
143594,7.20627951962684
143595,23.8951968654409
143596,23.5108826175979
143597,21.9723000674752
143598,6.54150378050443
143599,18.3301775253879
143600,6.28877209480176
143601,22.8074662734123
143602,22.9619620483265
143603,22.1395366390312
143604,1.83011136476133
143605,15.4614142387734
143606,9.4653623345349
143607,20.5823030508315
143608,19.5539121670772
143609,20.5909617909217
143610,4.62653896338587
143611,13.0724745080109
143612,11.8087184296954
143613,19.782837218634
143614,18.0374960822097
143615,20.4099490939294
143616,10.8998705534918
143617,12.8605744772891
143618,12.7030975336225
143619,19.0707980761762
143620,16.0056690315175
143621,18.7786886984939
143622,11.3909423931846
143623,12.8026279521905
143624,7.87778434488238
143625,19.0768196220343
143626,17.5029162252863
143627,16.1194173255642
143628,8.3518874642573
143629,11.6284603263297
143630,4.66923396733884
143631,18.1779967512827
143632,18.1408557470414
143633,17.4692216333513
143634,2.88033339346688
143635,10.4831931921711
143636,6.10377125701167
143637,15.3616200351829
143638,17.7222154841812
143639,19.7148305129391
143640,3.36878683191939
143641,10.3408072743114
143642,8.87793108137668
143643,13.5288455442599
143644,17.6499384525713
143645,18.1396152443956
143646,5.03461292717094
143647,11.9472110265709
143648,10.7641065615999
143649,13.2133772640159
143650,17.4074832641771
143651,18.10933126733
143652,7.63009721909994
143653,12.0545922493688
143654,13.3392488278038
143655,11.8734198031327
143656,15.8349006911109
143657,8.02194562098701
143658,9.89973258530489
143659,8.95850497405706
143660,9.64312245363364
143661,3.71026247520055
143662,0.126884050587993
143663,5.51586610568543
143664,9.22852042060961
143665,-1.06040321405675
143666,4.43225747433296
143667,-5.63538824655831
143668,-4.17463215755995
143669,-12.1425329569897
143670,-0.725162072773966
143671,-3.08323377304685
143672,-6.53459547765272
143673,-8.62828410244245
143674,-3.76302599840227
143675,-13.7728267368542
143676,-7.65774224039214
143677,-3.30487888804246
143678,-9.04223627157494
143679,-10.8297852444127
143680,-5.8906759321616
143681,-9.69535145240066
143682,-10.5930310330705
143683,-3.27275744030297
143684,-9.15255488665224
143685,-11.2762046769674
143686,-5.95094760246453
143687,-13.4791772533723
143688,-9.39161856514196
143689,-2.91793260747688
143690,-8.86299810664668
143691,-9.4730861630185
143692,-8.79609834393322
143693,-12.4758522861976
143694,-9.59888525867837
143695,-2.17402681916105
143696,-6.78255400045625
143697,-6.75221171874819
143698,-8.62122998493406
143699,-8.81626759965807
143700,-8.2446365854266
143701,-0.847227601030134
143702,-2.23354641769894
143703,-9.99815635737421
143704,2.93623407150926
143705,-9.74097728420651
143706,-3.21134744921654
143707,0.492918434492289
143708,-0.566100812623208
143709,-8.66115847678139
143710,-4.89283722541343
143711,-5.58046634104361
143712,-2.55705250790837
143713,6.99077932570718
143714,9.19729875774107
143715,6.82728179152502
143716,3.14923956445201
143717,5.56677127866287
143718,9.46064409595946
143719,39.6201649705556
143720,37.1945268165392
143721,21.1972271100786
143722,10.723463774204
143723,27.3152701992468
143724,40.4157727669301
143725,60.2783746146189
143726,37.0683080393606
143727,23.0084984219265
143728,25.5220325846733
143729,35.0102674868469
143730,37.5371387228233
143731,57.6311367030995
143732,37.3065161850211
143733,22.4523572028869
143734,24.1794739805037
143735,30.3261680798988
143736,35.6184923256409
143737,52.495608879214
143738,33.4644693721664
143739,20.494997316922
143740,19.5970392433327
143741,29.0165590406348
143742,29.8588406526015
143743,45.2870977374494
143744,27.4769370603976
143745,20.1152193223499
143746,13.6511347532567
143747,25.1832974433738
143748,30.8515650078859
143749,40.0970245986786
143750,28.6146562503693
143751,19.0344123619887
143752,6.29639038999631
143753,15.9432138940378
143754,31.4808764025564
143755,37.5181620617126
143756,28.3276285857071
143757,17.1055860201909
143758,0.288835870540503
143759,8.46450047029765
143760,29.1269516297991
143761,39.4961077921063
143762,31.0077304924475
143763,17.6571098188513
143764,-3.76464694897328
143765,-0.732659270200941
143766,32.0259477180932
143767,42.4147108661265
143768,33.7581071697177
143769,15.9386931380134
143770,-3.8630444867057
143771,-2.19973863230838
143772,36.4214181463578
143773,49.4728015676266
143774,34.7443485274642
143775,17.2810393365309
143776,-4.97746695699291
143777,-6.2697087171692
143778,36.3680714955768
143779,40.5366739026258
143780,36.4816789453008
143781,17.097317344664
143782,1.21677544036445
143783,-2.90862488610031
143784,39.1314117321362
143785,46.5097855648061
143786,41.830295250562
143787,18.3317048114098
143788,8.14566437928613
143789,0.4323678182962
143790,43.3863502662906
143791,65.8908173046256
143792,47.3852255942184
143793,21.2449729262284
143794,22.5842375670273
143795,16.6684448850187
143796,51.3792537057895
143797,86.1005874709437
143798,52.6287324481561
143799,23.5845941692087
143800,27.9423913994952
143801,25.9526467142137
143802,54.5301613917582
143803,61.3283997074029
143804,37.1638440955709
143805,19.0486511149475
143806,23.2077619206564
143807,22.9886528472621
143808,36.9188224116272
143809,19.7970403843186
143810,18.9860712960137
143811,9.17962686262566
143812,13.1968014869959
143813,14.1856049915419
143814,18.2527171025489
143815,14.3404689371398
143816,19.0567016353844
143817,3.56993173394741
143818,8.42467852282525
143819,11.1834545864866
143820,18.3816313425162
143821,13.2803654737722
143822,13.8385840292825
143823,3.95479766501016
143824,7.75439512093779
143825,11.2413475096085
143826,14.7178594157938
143827,13.5504109933323
143828,14.1185344359247
143829,3.70000947379991
143830,6.63280212057593
143831,9.85150745824683
143832,15.7578599452894
143833,13.0981864672114
143834,14.7605683736313
143835,3.62517944584322
143836,5.62254323175567
143837,8.37927256878197
143838,15.4745092217586
143839,12.4483017357715
143840,13.4471218604792
143841,3.6111749934192
143842,5.5399278204556
143843,7.46779296182189
143844,14.6751805068843
143845,11.1637140812758
143846,12.6992327215525
143847,1.8334832699089
143848,4.37253798319305
143849,6.6406867516799
143850,12.6548637473542
143851,10.4903670373472
143852,10.8697260089586
143853,2.48502212627929
143854,4.67279692565073
143855,5.12800534787539
143856,12.4598773041073
143857,19.3121408538193
143858,22.837054439436
143859,13.9513105589076
143860,17.4001949910981
143861,15.6508384685441
143862,23.1341590059912
143863,58.1837854749995
143864,63.1131125061429
143865,36.2092852382464
143866,40.2337257816342
143867,48.9955130428594
143868,69.2011643239523
143869,42.1276933452206
143870,36.3557679014634
143871,30.3433004395705
143872,36.4875961192629
143873,35.6609495800135
143874,42.6190079585753
143875,32.7454126116811
143876,26.0400770917815
143877,27.3667552624951
143878,31.2317436043042
143879,29.1255163826727
143880,27.9349609680602
143881,19.9880418365422
143882,18.1643290578326
143883,24.4525298555942
143884,23.9829329428607
143885,24.273486161955
143886,20.9454415464994
143887,11.3311935917258
143888,12.0732688397064
143889,21.6660080510177
143890,17.9309468094524
143891,22.2185331806098
143892,11.7679930679469
143893,5.31437174602707
143894,4.49043232627166
143895,20.0325355260485
143896,15.8437712628626
143897,20.5837518248319
143898,2.75736221857318
143899,2.72760292613138
143900,-1.39400381944193
143901,18.622089382603
143902,14.3151391228231
143903,19.5288458297836
143904,-2.94961558447803
143905,1.77060120951823
143906,-5.66820238336703
143907,19.6889324927778
143908,14.8265904685073
143909,16.5341545414147
143910,-6.06693765983148
143911,1.2971950727433
143912,-4.38647861745406
143913,19.6401551792824
143914,15.4874392379603
143915,14.9598141511002
143916,-6.44936788120546
143917,1.99446106818656
143918,-5.61339410446585
143919,19.6751008931479
143920,14.9736793262336
143921,16.7760881485473
143922,-5.98323742009115
143923,2.09807457937717
143924,-6.32075328717878
143925,19.8373147526373
143926,15.5410271220657
143927,18.4646016848528
143928,-6.4038136785843
143929,2.90925363404158
143930,-4.86283526161187
143931,20.7492869465094
143932,15.2721389076445
143933,19.813538060283
143934,-4.29154044730759
143935,3.80226418081847
143936,-0.0136013274979589
143937,24.6022574005949
143938,17.4143938169018
143939,22.2461631604007
143940,-0.479417637326492
143941,5.80626423795005
143942,5.62338218782524
143943,26.5704925998055
143944,21.2888037011796
143945,28.2192421036326
143946,6.76964249082738
143947,3.50218920236114
143948,2.43571829386604
143949,21.7855363350594
143950,19.4714881047732
143951,26.0931917605985
143952,1.46449711547157
143953,4.77834931554386
143954,-6.60927260864998
143955,12.1772236843769
143956,15.3650390734507
143957,16.4295535440763
143958,-9.35794818025806
143959,-0.739310606796042
143960,-12.2855853903501
143961,8.35657076090806
143962,10.0557873090531
143963,10.8426151221202
143964,-12.6519247172744
143965,-1.24680558088616
143966,-12.89410996967
143967,4.65470156053676
143968,6.56147780716552
143969,4.8816903023745
143970,-12.9239338083536
143971,-1.40116998146756
143972,-14.2073861056682
143973,0.0708391024180273
143974,5.58193005989598
143975,0.875847248488615
143976,-11.2765086212631
143977,-1.4090571834431
143978,-15.8779333329712
143979,-4.80751401497996
143980,3.55240525185612
143981,-1.45872288212914
143982,-14.800700308444
143983,-1.24790941355684
143984,-18.3597213855466
143985,-5.42192946790162
143986,2.71714594749222
143987,-2.4559514937125
143988,-17.5696767802156
143989,-1.29785041947278
143990,-18.9485822098338
143991,-6.05784565048894
143992,2.4447757641069
143993,-3.29908521272137
143994,-19.8980799408078
143995,-1.62872678449166
143996,-20.380542045782
143997,-6.9651750397298
143998,1.33839058708103
143999,-7.02633532703563
144000,-18.1780053599853
144001,-0.827462988343115
144002,-7.30112706522561
144003,8.0718865874154
144004,9.19613542285393
144005,8.86758946405751
144006,-6.63195049492539
144007,25.3265113386358
144008,22.4500277012293
144009,27.1798590898871
144010,17.1852759489424
144011,19.8127444062778
144012,21.5493251508532
144013,19.1939895810637
144014,15.1948212080313
144015,22.2719069720073
144016,15.6093045264226
144017,16.4131468178075
144018,16.0349477896725
144019,15.5901187347415
144020,11.0535637633112
144021,21.9141902641493
144022,8.88497775119887
144023,4.1389858236878
144024,1.56862676942211
144025,11.8417361393299
144026,2.91919392004571
144027,19.5228603815375
144028,6.49991179780673
144029,-1.59181875113515
144030,-0.914026622930169
144031,9.47383901976966
144032,-5.76547707179135
144033,16.9554181600937
144034,3.89223731566872
144035,-1.48274696082777
144036,-4.97713133104834
144037,10.4712222170801
144038,-7.89551734354548
144039,15.0124764785809
144040,3.02523827935132
144041,-4.71127467475296
144042,-7.20474708987724
144043,10.6344430298131
144044,-5.50346338190992
144045,12.6797411010959
144046,-0.58465657242267
144047,-5.61156372642039
144048,-8.11970682657658
144049,10.009932784658
144050,-4.83391594370821
144051,11.7189210026151
144052,-2.88967234536129
144053,-10.275690785534
144054,-0.992914232222805
144055,8.51712789875528
144056,3.94767989331823
144057,11.386753123282
144058,-3.32819020527842
144059,-9.02481859359032
144060,3.33748053938483
144061,11.4057282998467
144062,11.8675584645227
144063,11.2296521011051
144064,-3.55354765529972
144065,-9.24712846089923
144066,6.5426043761532
144067,12.5502088802169
144068,14.3783066648183
144069,12.1667302276157
144070,-2.99564742302192
144071,-6.39669308697913
144072,8.50618044255235
144073,22.0343176735972
144074,19.2899339204208
144075,13.2146180242517
144076,-0.964150312427471
144077,-2.91141382490976
144078,18.0739309663212
144079,30.9176628612055
144080,21.0152713969104
144081,17.6098586328609
144082,-0.484484896713219
144083,-3.61633634205465
144084,24.662923298144
144085,35.8477395744601
144086,21.8783346908849
144087,22.1738508696219
144088,8.14563426723252
144089,3.79865616377474
144090,27.543611763481
144091,35.9199013264757
144092,21.0071649616265
144093,20.8461140847113
144094,8.85477339127344
144095,9.03044802600138
144096,21.793630936118
144097,17.766680926451
144098,17.2539783008212
144099,10.5853742884811
144100,6.40825134079992
144101,4.80573915061845
144102,15.8676641594943
144103,16.2916526768852
144104,18.811748073219
144105,3.40092814336402
144106,5.01232258267992
144107,5.76581483222575
144108,18.5835655439281
144109,16.7663207743699
144110,18.5134526136047
144111,3.59082050587931
144112,5.03185618574495
144113,8.23803346743618
144114,19.601938043956
144115,16.5671533545678
144116,19.9661173988151
144117,1.42052418287119
144118,5.54021266194228
144119,7.83024408499002
144120,19.4177517944313
144121,17.4913876188875
144122,21.004508739674
144123,4.1613182760039
144124,6.1779842324463
144125,10.2735401314213
144126,19.780643124021
144127,19.3305152375943
144128,22.380924889753
144129,5.92688079697963
144130,9.45674598715268
144131,11.6299964960732
144132,22.221924525665
144133,22.070625645295
144134,23.547899499851
144135,5.36007412097748
144136,9.20700274773634
144137,12.8756348709593
144138,25.0704007708954
144139,21.489926654338
144140,22.1186859332976
144141,4.95545297866918
144142,9.17826733999268
144143,12.9317475168107
144144,24.2640207948596
144145,36.7238874212588
144146,49.0950513522444
144147,23.3580636222665
144148,15.9776700559153
144149,24.919731394522
144150,50.2985751558495
144151,124.9922058636
144152,84.8579969016609
144153,32.0180916374998
144154,22.2793316325643
144155,36.8007601685102
144156,77.6691897438204
144157,74.9676665040678
144158,33.6935223096008
144159,30.4594952357674
144160,20.4365806288619
144161,26.7686120134369
144162,36.3550592292284
144163,66.7442102990213
144164,29.0320274038733
144165,29.2275506269687
144166,13.9643986192809
144167,14.1464908668619
144168,31.3448457499343
144169,43.2752897339317
144170,29.3526271280106
144171,25.8170151184006
144172,11.6660711403313
144173,9.238689939865
144174,28.8231378560154
144175,29.2725626848826
144176,25.622870260645
144177,23.4909217539839
144178,10.3195945197152
144179,4.71167069079769
144180,25.7291484127125
144181,23.2345774484566
144182,21.1951947970397
144183,21.0477299834102
144184,9.74810924436428
144185,-4.09446773820277
144186,19.6052000532555
144187,21.0755522227387
144188,16.7801027339989
144189,19.0557267557676
144190,8.61594820914732
144191,-12.7418645966793
144192,13.661097963452
144193,16.7641566395624
144194,13.2493789779967
144195,15.7472270413205
144196,3.24576302646894
144197,-8.84839818781639
144198,11.2725545419346
144199,16.2408232945638
144200,12.4147703257489
144201,14.2568758011932
144202,1.70825687945191
144203,-12.2141050070526
144204,12.519744537608
144205,15.3515971046006
144206,12.6945752160196
144207,13.1202939330026
144208,3.69055214356723
144209,-0.991374926481441
144210,12.4830541965757
144211,19.0871712230675
144212,12.6659864075907
144213,12.442000001612
144214,2.94787536954369
144215,4.62710910245377
144216,13.3789498734207
144217,23.0388246720203
144218,13.3136378111004
144219,12.3501784162751
144220,2.00935408367483
144221,4.78091354684713
144222,12.8635929257766
144223,26.3663356362551
144224,14.1169061560557
144225,13.6280103184692
144226,1.29711160142369
144227,-0.137599031675151
144228,13.4950260215971
144229,25.5384576070774
144230,18.4592075929117
144231,17.5767800904805
144232,3.064204405368
144233,-2.33082630279619
144234,17.9295577940124
144235,23.7546388684193
144236,18.6084423199828
144237,17.1764668057007
144238,5.78752005176157
144239,-0.476731453468471
144240,18.3691663059734
144241,10.900763576397
144242,12.4740204290477
144243,9.94786879179179
144244,7.90476090313125
144245,-0.872686189609464
144246,9.25835955304053
144247,9.03232215539576
144248,14.0841590758318
144249,7.39102640946412
144250,6.85354681016407
144251,2.8132602413242
144252,9.3458990014705
144253,15.8500610904909
144254,15.8601770213565
144255,4.41725137612978
144256,3.698674985184
144257,4.84815429185486
144258,13.9735960423968
144259,16.733880509446
144260,17.1916143945779
144261,4.40521262590062
144262,3.3226568700603
144263,6.33762493773938
144264,16.0643609958631
144265,18.1943765199928
144266,20.202658803814
144267,7.47275046045417
144268,7.35131862088759
144269,9.57236016228654
144270,16.9618133259695
144271,16.8285997410963
144272,19.4262084083508
144273,9.77456070805937
144274,9.08015983501108
144275,10.2115440564034
144276,18.3948082589898
144277,17.72268367211
144278,17.4466541809333
144279,10.9445036716854
144280,10.5716826322118
144281,11.2886640276647
144282,19.3677240138495
144283,20.1999263871206
144284,15.7898104660133
144285,12.3563408366136
144286,13.0104107495375
144287,13.6013231979671
144288,18.0030242179709
144289,28.8614356153791
144290,27.6870145259312
144291,25.4773852917666
144292,19.8814025984848
144293,23.02581554611
144294,27.8567550295839
144295,84.6587178927355
144296,32.6175132279602
144297,33.7891825769645
144298,28.9155653609606
144299,33.146512477943
144300,36.053188784496
144301,40.1968596327522
144302,18.0204535669484
144303,27.7512763272651
144304,27.4474874374934
144305,28.0549489209397
144306,14.4619029842494
144307,25.5125561024315
144308,9.26315014764769
144309,22.8078935056388
144310,19.4428889113599
144311,22.425013408211
144312,7.62764838943892
144313,21.1824222385361
144314,2.51187134020538
144315,20.0810744176027
144316,13.018328655878
144317,16.8604331951234
144318,-3.14130619427785
144319,17.4821751935828
144320,1.88644383348315
144321,19.1984854174903
144322,12.274790033946
144323,5.2299032940655
144324,-7.23810725394479
144325,15.2819047257386
144326,-0.984323688342347
144327,17.5430129052546
144328,13.7573657644252
144329,1.49515293518234
144330,-4.99198679100694
144331,15.3411597479224
144332,-4.90922697481011
144333,16.2708648001755
144334,17.1930266468031
144335,2.58397745271305
144336,-5.85286545411565
144337,15.2449480426872
144338,-5.6680350909489
144339,14.7108843411712
144340,14.9307060928298
144341,2.48385718158686
144342,-7.99538615175154
144343,13.9896244746792
144344,-7.10365407364772
144345,13.9735086036228
144346,14.3256996943645
144347,3.26846593967441
144348,-6.56077603314315
144349,14.5540667636893
144350,-3.13687869142581
144351,14.0756162618007
144352,12.8608811941415
144353,5.00195628902967
144354,-4.16300592329959
144355,15.2242264516052
144356,3.10479771331729
144357,14.4961969657065
144358,14.9275691536075
144359,9.00986971774245
144360,1.42454727756317
144361,17.1140395499483
144362,8.10214748838386
144363,14.1399411548146
144364,13.102324051514
144365,11.7338003904444
144366,6.19011676025052
144367,20.1412308550158
144368,12.3880011235803
144369,15.8607792165042
144370,13.3553163222793
144371,12.6358217979327
144372,11.8993466939067
144373,27.2899332858553
144374,18.4652260369483
144375,20.2771778740509
144376,13.9632787040747
144377,12.1428114358503
144378,14.6650330764893
144379,27.5524399675687
144380,20.4451868136098
144381,19.517305240725
144382,15.5936592403101
144383,8.21324347872674
144384,17.4911297678047
144385,13.3615693082666
144386,17.6334428161081
144387,10.3412585694592
144388,10.1019344837691
144389,6.8107061078154
144390,15.9279624402007
144391,14.2551815803961
144392,17.4982716425928
144393,7.55651602906389
144394,8.15614257915258
144395,7.36318247802011
144396,17.2346926099946
144397,16.412672111052
144398,20.23188729556
144399,7.55671242335792
144400,8.99382076569625
144401,13.0043233919541
144402,19.5133140381872
144403,17.7573238059021
144404,22.0631174378047
144405,10.2698515869861
144406,10.1940312490989
144407,11.1570048797469
144408,20.6679401973765
144409,19.1714323929995
144410,21.6145044934897
144411,13.2856011549094
144412,12.4161438985456
144413,14.7465020397985
144414,25.688222907793
144415,20.6793743537939
144416,23.682796864342
144417,14.4740174936482
144418,14.998830651688
144419,16.6873074568899
144420,24.3117523370711
144421,19.947656382483
144422,24.5351162349731
144423,13.2807340807113
144424,14.6586175508046
144425,16.5484167724015
144426,22.8204589923396
144427,22.1564526643266
144428,23.1244669472586
144429,13.6900032461546
144430,16.5540865737739
144431,18.4151749486294
144432,25.4973734852453
144433,29.4787988391992
144434,36.4185392669095
144435,27.0287773144571
144436,23.4392115294552
144437,27.6524046283171
144438,32.9031470513505
144439,80.2142617676192
144440,54.1829530143487
144441,39.0362157871507
144442,31.754232544795
144443,38.1905696025436
144444,53.8285711007185
144445,42.5965643065144
144446,28.8830116692179
144447,26.8645321182279
144448,25.9873590215453
144449,27.4227947797989
144450,29.1419260886866
144451,27.1442857041695
144452,20.5332644429644
144453,23.201188141451
144454,18.6093786321424
144455,19.9299942189484
144456,22.523104882567
144457,21.9518222265934
144458,11.0246871970179
144459,20.945955091129
144460,13.0950808710533
144461,18.9066306995557
144462,15.9898522925392
144463,14.8626212019441
144464,2.03313177441036
144465,18.5223521792222
144466,12.6895564072396
144467,10.205371416031
144468,3.19069583978213
144469,14.2012027520983
144470,0.771561310451013
144471,17.1449913611894
144472,13.0910910295438
144473,2.00382895537006
144474,-9.60738380461552
144475,11.7182094309701
144476,-12.1278401520225
144477,16.1107376302985
144478,15.9911807131545
144479,-1.49536054949166
144480,-17.9844034375239
144481,13.128930609972
144482,-9.18530461749866
144483,13.8421536548799
144484,15.1784811360795
144485,14.1016627315738
144486,-22.575250381723
144487,13.1231757043588
144488,-15.0343905428573
144489,11.739348303721
144490,12.369267487005
144491,12.1472578815443
144492,-19.9615653954208
144493,11.7773832485869
144494,-18.0089475347367
144495,10.9123450580703
144496,13.1357462708456
144497,11.953730110566
144498,-20.4504169736877
144499,11.5663991750181
144500,-12.8469758743088
144501,11.6177548025101
144502,13.1556075288314
144503,12.0476609359314
144504,-18.8800539131474
144505,12.4023227578701
144506,-2.47084891931152
144507,12.2338266012322
144508,13.3729980386442
144509,13.021258443303
144510,-10.661717211326
144511,18.6945390006891
144512,2.07033849380248
144513,15.4548437087785
144514,16.0038658388457
144515,15.3536242983149
144516,-6.78638630792643
144517,20.9062902816871
144518,2.7857004802485
144519,18.2200271052107
144520,17.7523763713561
144521,18.6593491097991
144522,-2.29243891973328
144523,16.7311767261712
144524,-0.590340933954305
144525,16.4426324585979
144526,17.0417976725982
144527,16.9798449488078
144528,0.220909749788543
144529,6.18925569330292
144530,-7.12858741908528
144531,8.12903094740039
144532,10.7040212755763
144533,9.98595267868104
144534,-6.22870950266279
144535,6.85776330351007
144536,-9.14926267088667
144537,5.49156148778963
144538,8.09094728428055
144539,9.41860786665634
144540,-10.2527672636113
144541,11.7305468796479
144542,-3.46751999932391
144543,2.34011204662412
144544,7.88737783106193
144545,7.79735355720755
144546,-7.03441251674536
144547,14.8765404956015
144548,4.96573102891074
144549,5.60500674223808
144550,9.54755663997884
144551,8.24464893943986
144552,1.7479137244341
144553,16.3060950696381
144554,6.1262431319341
144555,8.69000585822113
144556,10.9929411748183
144557,11.2341966559613
144558,7.14091888029132
144559,17.7460015969814
144560,8.39501360744747
144561,11.4604893236044
144562,13.3001481260904
144563,17.0854125490839
144564,9.60692389616911
144565,21.3462877292373
144566,10.0249161861337
144567,12.6756118535336
144568,15.4683211012959
144569,20.4935676500398
144570,11.2413937082776
144571,31.5587754149751
144572,15.7310322155164
144573,15.3771711505927
144574,18.0949283738469
144575,21.6241239845551
144576,15.7898003571843
144577,36.5487253924052
144578,36.1320126960044
144579,34.9577301153578
144580,31.3689121773475
144581,35.0519742616754
144582,32.8724470938999
144583,54.9475408312607
144584,62.6650919674806
144585,54.6136347987921
144586,36.5282082426579
144587,51.2347292981196
144588,49.0271751812584
144589,42.4724645060089
144590,30.6388110129064
144591,33.3145725590076
144592,31.2506044592233
144593,31.5047513389117
144594,45.4887703589038
144595,33.6963943947642
144596,19.8370546821817
144597,27.0464170232095
144598,25.3511408872408
144599,24.9425883921612
144600,25.500982358393
144601,29.1527317540066
144602,15.8365532724679
144603,22.7046041967415
144604,16.1420446708273
144605,20.837298499688
144606,18.3828753414412
144607,25.0757076066087
144608,18.5440091881685
144609,21.0916354239303
144610,14.5527938313795
144611,12.4451349603496
144612,19.5247255095594
144613,21.9000865521436
144614,18.0004222595412
144615,19.6790578182231
144616,17.0805226811316
144617,12.3556631898905
144618,18.7137121742881
144619,22.2054560508712
144620,19.0411594483707
144621,18.602565283311
144622,16.0755399710381
144623,13.0770079065685
144624,20.4917599930872
144625,24.3630801652093
144626,17.322783005369
144627,18.1103299797829
144628,15.3724625471999
144629,10.9251200546349
144630,17.4954703047321
144631,25.5926630406412
144632,17.8865555766536
144633,17.2440737647693
144634,16.0772686059245
144635,11.2290248001312
144636,18.0663483705428
144637,26.8748497035336
144638,18.3014751259955
144639,17.3408153411202
144640,17.34169904808
144641,11.1718009187258
144642,19.376383862205
144643,30.26520350353
144644,20.901597935772
144645,17.8039548658542
144646,17.2239685120741
144647,8.92310620128048
144648,20.4655293618088
144649,33.7848937931559
144650,24.1051066853308
144651,18.8398323329475
144652,18.054007267655
144653,12.0920965956513
144654,21.8339909370823
144655,40.1106131374407
144656,24.5249000731483
144657,20.8981167955959
144658,21.3293884916318
144659,16.1658669991386
144660,24.2625696855644
144661,42.9383577440721
144662,25.7396928441628
144663,22.4957013665402
144664,25.5824026344127
144665,23.9054234642576
144666,24.8694989599054
144667,41.2022606757889
144668,23.2137647238371
144669,22.5276605343857
144670,25.0444102848354
144671,24.8556237935252
144672,23.6876304942988
144673,28.7790033194475
144674,19.9722928317114
144675,11.7721816581788
144676,15.7238499393428
144677,11.9723743961379
144678,20.3914768727353
144679,19.5778266630882
144680,20.0566034237994
144681,9.9870978717936
144682,15.3278621967471
144683,13.1091994885865
144684,19.828668258926
144685,18.7670453778739
144686,22.0768264231394
144687,11.5072019225536
144688,16.3543620949621
144689,16.1641653218614
144690,22.6831772912147
144691,18.8764724261458
144692,25.7965588345613
144693,14.557643597117
144694,20.8480492048494
144695,22.1450383175706
144696,25.8706927317162
144697,18.3160475167616
144698,22.8899264701303
144699,17.7842095954312
144700,23.136851013337
144701,23.6283840715081
144702,23.026666661422
144703,24.5051302244201
144704,26.319548066567
144705,21.5932565755515
144706,26.2869107738514
144707,26.0087697651608
144708,27.7330318621356
144709,26.8062799328895
144710,30.2930481852654
144711,24.2217537401994
144712,27.1567345875508
144713,28.0326101259038
144714,29.7995460446301
144715,30.5572829394186
144716,33.7289584058296
144717,26.7102944133463
144718,29.7061560527582
144719,32.3308203037575
144720,32.7674519099213
144721,47.7632250157862
144722,67.5238482535316
144723,57.0794351904002
144724,43.5447670516705
144725,59.099102720699
144726,66.8897602167321
144727,139.484091389044
144728,89.2380782857466
144729,82.7402552488356
144730,50.9709359181964
144731,64.4008314088871
144732,103.563633978843
144733,115.322543295993
144734,58.3809378549974
144735,45.7526054948549
144736,39.2556378049028
144737,36.7560480190612
144738,64.8265026447049
144739,116.451235370309
144740,49.8459591345142
144741,38.8963391315641
144742,20.9264761929286
144743,31.6095674607057
144744,60.8091703102802
144745,112.67926901807
144746,40.5795808147886
144747,30.2552751058057
144748,16.5381006817462
144749,18.3823968915999
144750,45.9965801909803
144751,96.6224487756133
144752,32.707173919854
144753,28.1071316176051
144754,15.164983409174
144755,17.3585295912591
144756,34.4533128507235
144757,80.5183275117679
144758,21.6233558400436
144759,26.7492882249723
144760,14.3870226882459
144761,17.0282715557225
144762,32.8354769777223
144763,61.1521079896296
144764,17.28063689659
144765,23.0628090465522
144766,16.547918987447
144767,13.6085742428294
144768,22.5615460654386
144769,43.3509273253411
144770,18.1802221965444
144771,19.8142030346456
144772,14.008705252962
144773,14.1017804344664
144774,22.4762600232822
144775,44.7800204492305
144776,20.1487915122956
144777,18.7765634810919
144778,14.4352064221748
144779,11.8750951475287
144780,21.3570466228486
144781,40.6710699136904
144782,18.528108308801
144783,20.3297666127345
144784,13.8955966472052
144785,12.2465345639421
144786,20.2945467251571
144787,33.1152915502423
144788,18.7813218676629
144789,21.0421998713476
144790,13.6359312420867
144791,12.6539645334162
144792,20.8554271323329
144793,33.3264616243411
144794,19.5743174192955
144795,21.6868245509941
144796,15.8685287491225
144797,13.5610248602129
144798,21.1294988227624
144799,44.8461391151079
144800,23.077972625761
144801,20.3995834909892
144802,17.5859086379817
144803,17.6032071181361
144804,22.2550732501342
144805,38.3147380805782
144806,28.624336848263
144807,25.3578132034777
144808,20.6531216083726
144809,22.405842685645
144810,27.099999358631
144811,37.191498429193
144812,23.8937077496178
144813,25.0791145653454
144814,21.5619568769657
144815,22.9924506470891
144816,22.2289479642112
144817,16.5331255231713
144818,17.8480886542041
144819,18.7693123960145
144820,14.26688848325
144821,17.0201147966784
144822,15.3545805135221
144823,12.4947992742499
144824,12.4717994182137
144825,15.6330274402182
144826,12.6417341543301
144827,14.9559446506069
144828,15.4696542907824
144829,8.65341145761699
144830,15.2410445754053
144831,16.4744679288543
144832,12.6273734501136
144833,15.6551295950609
144834,15.9182993625119
144835,2.2072482510281
144836,14.764600633992
144837,17.8681621220701
144838,13.0456769521895
144839,17.3189822282316
144840,15.203877041379
144841,1.31690770851464
144842,15.1506867147224
144843,17.4154749240915
144844,13.0594880584855
144845,18.8327673798003
144846,14.7374848478738
144847,4.02317159544733
144848,17.0601248840993
144849,14.3121896753123
144850,12.834725947023
144851,21.0351765312239
144852,17.1589845321604
144853,9.67520243733727
144854,15.1952890737556
144855,14.8686493812818
144856,10.4838208450616
144857,18.3096453032478
144858,15.9499160894301
144859,15.664436085655
144860,11.2610641325084
144861,13.5669124623716
144862,9.6124084372329
144863,17.3519839828095
144864,12.4879656589394
144865,26.960981355691
144866,25.8139144441298
144867,21.5421431113792
144868,13.1387485811658
144869,22.6352895734329
144870,27.2257799570064
144871,106.07098496953
144872,42.876652045312
144873,28.013774073943
144874,21.549763953425
144875,29.4755266938056
144876,43.5079229361144
144877,85.5875416402806
144878,26.6473115286333
144879,28.196789181461
144880,11.8135355026775
144881,25.9108762970747
144882,33.3474796433243
144883,79.6798383406146
144884,27.2497452841942
144885,23.7367499944457
144886,9.93692926216855
144887,13.6036585328731
144888,29.527559567258
144889,70.5547983021101
144890,24.8583584310235
144891,20.4969618381411
144892,9.95984947146153
144893,8.38331957831525
144894,21.5730442449029
144895,66.6123447783446
144896,21.1749671083427
144897,20.3839170707257
144898,10.0589070219369
144899,9.34157850781239
144900,14.6578596089025
144901,54.8671829849071
144902,19.7678969228337
144903,20.0027179229382
144904,11.4714876049014
144905,5.99175218748522
144906,16.9785435358048
144907,46.022719231579
144908,14.9994747604412
144909,18.9476774303056
144910,13.021302435256
144911,8.23919175616702
144912,17.496547023372
144913,50.1078164639186
144914,11.8190719928773
144915,18.4302869529534
144916,15.3774008732164
144917,13.4069923884041
144918,15.9118351448867
144919,51.4973316274208
144920,15.0887623980209
144921,18.3067928861017
144922,14.7983705757021
144923,13.0555440585122
144924,14.7389577713145
144925,43.2358167851422
144926,14.451125544182
144927,18.1848637063554
144928,14.0194598665543
144929,12.6265110321036
144930,13.7025656539281
144931,53.0078415530553
144932,16.3109218231208
144933,19.6993207493039
144934,14.6846445967207
144935,12.7183433333105
144936,10.091258132408
144937,52.7876102083072
144938,20.3416956162376
144939,20.4757816121032
144940,15.7213477635939
144941,11.7684882420241
144942,15.8272972444466
144943,50.7508142299313
144944,21.1583849394289
144945,22.5191156123139
144946,17.6885436696652
144947,16.3299930506689
144948,17.1713432422205
144949,55.5688342627561
144950,23.8397669554806
144951,27.1073578017794
144952,22.1738424791
144953,19.927965114679
144954,21.6565951518859
144955,67.268765039301
144956,21.1599646036042
144957,28.2188318804678
144958,21.3045656887883
144959,21.9781267194873
144960,22.6760693827405
144961,25.5584807617111
144962,17.7887457481166
144963,22.6676984422117
144964,19.4740475719812
144965,22.350310844075
144966,17.7513875064075
144967,24.487471349734
144968,19.2411325575842
144969,20.0793560456371
144970,15.5718461751571
144971,21.1779181085331
144972,19.5161167640829
144973,24.6668428389455
144974,24.0881088829359
144975,16.8689821600168
144976,11.9659976982562
144977,21.7888109412448
144978,25.5164186046392
144979,28.8465739419173
144980,28.3106373741602
144981,18.2603290404563
144982,12.7884117263055
144983,23.8331092800623
144984,28.8678323892829
144985,28.7580465597367
144986,30.6306236400912
144987,20.7534172377781
144988,17.1502133568117
144989,24.6884215842675
144990,29.402616282968
144991,30.162541693276
144992,32.5447721093311
144993,22.1529965159742
144994,20.2237270925455
144995,26.862368269055
144996,31.3081646047427
144997,33.1454358663202
144998,35.9362650670185
144999,26.9292776844502
145000,22.4253345896526
145001,28.1045588913809
145002,36.7708339126378
145003,37.8014384736788
145004,40.9032271225462
145005,29.1724639079926
145006,23.5281258463876
145007,30.0527677532205
145008,42.844065838825
145009,50.7132236777951
145010,99.9395818880789
145011,38.356947918541
145012,30.8065566317503
145013,35.7853674643731
145014,87.1041625729547
145015,132.380584548154
145016,99.7023281631601
145017,49.3805774388177
145018,36.3163710763635
145019,36.2382355579319
145020,101.012908958329
145021,97.7917942486752
145022,67.982080835858
145023,40.3426360652748
145024,20.1602468866796
145025,34.6958663584773
145026,47.9634614582702
145027,82.8357771051028
145028,37.6686729040539
145029,35.0674260069344
145030,16.7168446714535
145031,24.768560370174
145032,32.41960645579
145033,55.1897725213701
145034,29.3943352650178
145035,29.9111762490612
145036,16.5047853407337
145037,19.5982323741492
145038,29.5443964219396
145039,48.1438477517128
145040,26.7254280229427
145041,27.8247556780028
145042,16.4281107423763
145043,17.8366096773149
145044,26.0154767173471
145045,38.6115509921213
145046,23.8164338139605
145047,25.7404177708192
145048,17.0797116508141
145049,18.8992735525205
145050,21.2340558677473
145051,26.546732909452
145052,23.1739415477441
145053,24.8547220842243
145054,18.1003160979763
145055,18.1900899785907
145056,20.5198902484193
145057,24.2661815357669
145058,20.1147121361838
145059,24.8280292056339
145060,19.1399379749898
145061,19.1282834318214
145062,17.740144839207
145063,24.4531304536496
145064,20.6611691153986
145065,23.4170197351825
145066,19.5164433721855
145067,19.2350300978163
145068,17.1935774250929
145069,28.5027167248488
145070,22.7329313076221
145071,23.4761750086406
145072,18.7032369097655
145073,17.8987454190496
145074,16.519290918715
145075,29.781733590633
145076,24.8123438692335
145077,23.8263089917957
145078,18.8538224936971
145079,19.6988066444966
145080,18.1769518669873
145081,30.27899114367
145082,29.6208492550059
145083,25.0171618358763
145084,20.3687025875426
145085,22.5336649670893
145086,25.5190048127724
145087,33.1628645477495
145088,33.9528345607509
145089,26.6405598022652
145090,20.435158793304
145091,22.5450753637028
145092,32.2018956471214
145093,35.5909017338
145094,36.3740696248269
145095,30.9923897610673
145096,21.2537524602051
145097,24.0798403013412
145098,33.7400133844282
145099,40.7060738124968
145100,34.7859342538431
145101,29.8252481366531
145102,21.1148507830283
145103,23.5521621866662
145104,33.2216285466973
145105,33.4828488506066
145106,31.8697745275757
145107,24.4772960262489
145108,18.753600731333
145109,19.921241967723
145110,28.1540745697511
145111,32.597847603261
145112,31.5114943595553
145113,24.5402256787828
145114,9.11898159012164
145115,16.491743878002
145116,28.8532528572765
145117,28.4636016346961
145118,28.0020027651654
145119,24.0205829052241
145120,6.24653800255528
145121,14.1534362421988
145122,27.4159051394898
145123,28.9807810648443
145124,26.3486279451643
145125,22.5311098249536
145126,5.40033879153924
145127,10.0131532752414
145128,26.6586181380469
145129,32.9399255253602
145130,28.9303774992797
145131,23.9758357329065
145132,3.4717972251657
145133,12.1260597828067
145134,28.3398312726737
145135,33.5118191151847
145136,29.1704544990706
145137,23.9801339915997
145138,3.48324487381166
145139,15.5494661670769
145140,29.5939375339002
145141,35.7296527370826
145142,32.1251193113722
145143,26.6887718940427
145144,3.88368279516368
145145,15.9523629382808
145146,34.3841627917315
145147,42.1961859418394
145148,34.4336137970909
145149,28.5880631560067
145150,4.41495180525337
145151,15.4224612274634
145152,37.7470229520507
145153,54.2651126920459
145154,42.4898674551252
145155,27.1706766929449
145156,9.31480693375265
145157,13.4624684685357
145158,44.6501814267012
145159,61.9749335873975
145160,56.7596384166741
145161,32.5001885633562
145162,19.4163656067669
145163,22.3652197295669
145164,54.585269125228
145165,58.8847794068298
145166,32.8322568899655
145167,32.2505617396799
145168,19.941936386798
145169,25.6182543618524
145170,43.4464399987192
145171,59.493657341301
145172,31.0886706376002
145173,31.3853341399207
145174,16.320650991146
145175,18.4126425512856
145176,48.0509373606826
145177,55.6139181767758
145178,36.5744348854335
145179,28.9440241125987
145180,15.5244513897739
145181,18.43640683334
145182,43.3348604278249
145183,47.0846067609903
145184,37.7086274263357
145185,27.5864576121736
145186,13.9433218688305
145187,18.6244245036499
145188,34.4432567877717
145189,42.8750507538003
145190,33.0363214711048
145191,26.6513870209556
145192,12.9174389740301
145193,16.1142532645234
145194,33.0129954952276
145195,49.49978268661
145196,33.3251217590017
145197,25.6390396282586
145198,10.0546039581456
145199,13.5176269512329
145200,29.6021098130739
145201,29.1826115044248
145202,25.4830704011893
145203,24.8598939600372
145204,12.131803545962
145205,11.6074148329413
145206,24.6916136183824
145207,27.9308736870135
145208,22.8696196529586
145209,23.443351597526
145210,13.0127190309916
145211,10.3158945048638
145212,23.1001110031195
145213,26.7849438562636
145214,24.4745062361552
145215,23.5529848161711
145216,15.4440949141478
145217,12.639344652537
145218,20.3736051749272
145219,25.6548354097157
145220,28.4167316321809
145221,24.2991245718243
145222,14.9670354515688
145223,13.0769578062349
145224,21.2556670422216
145225,27.5285980541792
145226,23.0085300145091
145227,23.2141354787263
145228,17.241474427094
145229,14.2296818331972
145230,21.168262270347
145231,34.7534257844749
145232,18.9562869060355
145233,26.4625005855453
145234,20.6941155621793
145235,19.8443738142525
145236,23.0338933370563
145237,29.9902850475739
145238,23.89659053914
145239,28.23400343372
145240,22.1920889985752
145241,20.7217555726989
145242,28.5687806117529
145243,34.3672920842903
145244,23.597884536297
145245,27.5909492911656
145246,22.5811190073998
145247,22.4388688382924
145248,26.1510559247194
145249,36.3512298291452
145250,20.9636716105544
145251,26.035705974638
145252,21.1600857872415
145253,24.058411645862
145254,20.5922590479411
145255,32.9636099375519
145256,19.2030219460023
145257,24.1794784352714
145258,16.9349190373331
145259,19.3946294933018
145260,20.172060673746
145261,28.419523327528
145262,17.6793994919808
145263,21.9044425547744
145264,7.84707301321058
145265,16.4640477191748
145266,17.3567786434285
145267,25.574969783422
145268,14.0814055408573
145269,17.8974056113618
145270,3.00015086875589
145271,9.70717615325241
145272,14.2509123253489
145273,30.4893978073629
145274,15.6981666405596
145275,16.6965515071727
145276,0.277914937632637
145277,6.19249313811547
145278,17.0081091093779
145279,27.5748172898901
145280,16.7197975674653
145281,18.7643013633064
145282,0.0828176420995383
145283,9.90573214296032
145284,17.5863160360735
145285,27.6315481839127
145286,18.0036375218028
145287,24.1438591305171
145288,1.66720982943009
145289,13.3451422247182
145290,14.0073832253205
145291,29.3527021704334
145292,18.6556541541163
145293,24.3311445601958
145294,3.84267686696474
145295,15.9642557672902
145296,19.4825174097884
145297,44.7118460545344
145298,27.0517227553214
145299,25.6119233458319
145300,6.93764724542065
145301,17.7293744535096
145302,24.3589289108507
145303,51.9451849427277
145304,26.9301096089818
145305,28.0713845792095
145306,18.4667017357945
145307,23.3119889656953
145308,25.9852393946983
145309,49.8845267688049
145310,29.5781684855623
145311,28.5659904271942
145312,19.0512898023044
145313,25.2677363402383
145314,32.6204443137336
145315,44.6202472668692
145316,31.0299903970093
145317,27.8898272820038
145318,15.7169539499024
145319,24.2601546158238
145320,26.7207708284369
145321,59.7290546795809
145322,28.4853537817387
145323,25.1785795101598
145324,14.6340339830163
145325,13.9239671280491
145326,25.9783720381189
145327,77.9629627614271
145328,28.6023702399905
145329,24.6200059169146
145330,16.8126238288017
145331,14.2940789114463
145332,24.3148248582351
145333,60.281550374489
145334,26.8367350822275
145335,21.1614995662404
145336,17.6188144552824
145337,20.8307729281755
145338,22.0890627927871
145339,66.4591866617341
145340,20.9100828003393
145341,19.6965894878438
145342,18.2653357313375
145343,20.0576129217092
145344,23.5459625033159
145345,39.3183450080435
145346,18.1740197193888
145347,21.1826459922031
145348,21.6608815956646
145349,19.9354947833344
145350,18.6239573181114
145351,33.9681396244123
145352,16.3491216232682
145353,20.8537521249066
145354,18.8053574553982
145355,15.0497135533605
145356,16.4529651124614
145357,36.94549578752
145358,14.984164426076
145359,19.8805769701167
145360,15.1778312518618
145361,15.9274258270764
145362,15.2165609454699
145363,36.2058662534637
145364,14.5801366315306
145365,19.4165854056351
145366,8.86528786217241
145367,16.1853125491096
145368,14.1734743277378
145369,36.2380512595019
145370,14.3638381525873
145371,19.1339686040814
145372,14.0903300956545
145373,17.024096582468
145374,12.513529075195
145375,39.1630438211832
145376,16.3285181354811
145377,20.3921243176134
145378,16.4291026373348
145379,19.7724032451799
145380,14.4898039820383
145381,47.4959468220315
145382,19.2125198888426
145383,24.7981646491529
145384,23.0288223140936
145385,23.7747104096021
145386,18.9680433763636
145387,34.7913979574259
145388,19.2368530629528
145389,26.0237102769534
145390,24.1353551609412
145391,23.8785820313309
145392,19.1568419371369
145393,16.8937226173646
145394,15.3329389554784
145395,19.5955896613583
145396,20.2508187811638
145397,20.3778985316236
145398,15.0137617499686
145399,9.75469918058421
145400,14.8911264763463
145401,15.8229177223797
145402,15.9609087406399
145403,18.931849776488
145404,15.6382293835251
145405,9.65377154093165
145406,15.6474398882033
145407,19.9546179967166
145408,18.0430141564108
145409,21.5813215101633
145410,16.5086661659754
145411,9.87887430717409
145412,17.8478001163931
145413,20.6474809256303
145414,21.7023642515566
145415,25.5076019209345
145416,17.8527077371739
145417,10.4678177863997
145418,18.841102046647
145419,21.3301570457498
145420,24.3752624469984
145421,27.9709846490333
145422,18.4613421417678
145423,13.5193022736901
145424,22.2026418751463
145425,22.9329602107555
145426,26.8918373104448
145427,29.7995364364101
145428,24.143831958041
145429,17.8981042933025
145430,24.6203269149356
145431,23.5625170086998
145432,28.0978848370393
145433,31.2189560373299
145434,24.8922406517108
145435,21.9531804320595
145436,29.8028072735371
145437,26.4670333627585
145438,32.1444906071
145439,34.2621381587251
145440,29.1190704174791
145441,34.684791983615
145442,45.2786307185277
145443,39.3573346696125
145444,41.3532243620204
145445,44.2500215798717
145446,44.9129807030727
145447,74.4310283112713
145448,48.2252859657995
145449,75.5134582316426
145450,53.4787036622558
145451,64.6507256452628
145452,63.8492564254302
145453,81.71304668576
145454,31.7911728485768
145455,53.0967952622644
145456,49.8812117657713
145457,60.372393822847
145458,32.3100846053466
145459,68.9647517452457
145460,30.1208269008802
145461,44.888348133809
145462,47.7584255028902
145463,51.2530771679095
145464,25.6724912105797
145465,65.4606963825352
145466,29.0094928109856
145467,35.4384165882711
145468,32.9896361615394
145469,39.4714704119457
145470,27.0860387653623
145471,86.8588207038636
145472,26.8788550123684
145473,32.4160825136782
145474,26.1274470393841
145475,32.9917376707102
145476,25.9589105386711
145477,85.0898868055118
145478,28.692430836293
145479,30.4060181895467
145480,24.7455932794758
145481,29.5163399829495
145482,26.4157919264017
145483,89.8412907787144
145484,27.3526977120612
145485,29.666732247066
145486,24.5857708439076
145487,26.5202257992284
145488,25.7936037170998
145489,75.669489731192
145490,27.5291376706725
145491,30.3773209977056
145492,23.8450317126284
145493,26.0532408448546
145494,27.0890019392365
145495,59.7068181908225
145496,24.7176995549439
145497,30.3842103987046
145498,24.1043659818474
145499,26.0975013852578
145500,24.4311908710685
145501,53.7158096054279
145502,21.227647827479
145503,29.6546543171853
145504,24.8203385138002
145505,26.0325797083463
145506,20.9021345305157
145507,44.3072094275229
145508,21.1425344222543
145509,28.7265686991993
145510,24.4657292903032
145511,26.9842283758068
145512,20.493697355076
145513,46.8898868586202
145514,20.851574442835
145515,28.9601033217228
145516,24.4534267339075
145517,28.4541734884967
145518,20.8275138929395
145519,50.4327720935101
145520,23.6340308022096
145521,29.2953461099792
145522,25.2758829408507
145523,30.0265122380016
145524,22.9672145280828
145525,51.5205200641588
145526,23.8122794717797
145527,27.297003753637
145528,25.9070640313678
145529,30.1148987763147
145530,25.0944193956771
145531,44.6257285383475
145532,25.0983271559042
145533,26.1704498929738
145534,26.1567983880643
145535,29.7299090025449
145536,26.1028794706147
145537,20.8588463170778
145538,18.6708236673433
145539,18.7294761051389
145540,22.857392837698
145541,23.7442024608285
145542,19.4518447031702
145543,20.1487859460614
145544,19.3733453451753
145545,15.6652431064326
145546,19.8868161176843
145547,22.8364951883529
145548,20.5112207536791
145549,21.1749693503086
145550,20.3440898483024
145551,13.249966569795
145552,20.3266234568569
145553,24.8565446302874
145554,21.81177739267
145555,20.8729559140456
145556,21.3319425243591
145557,13.9990042254318
145558,21.0705962372196
145559,26.5363091621068
145560,21.5860480017712
145561,22.2834944423312
145562,21.6071041217857
145563,11.7329229049959
145564,21.4371046089601
145565,28.162498268086
145566,20.8105100685645
145567,23.5028227797616
145568,21.9683903530871
145569,13.9439475186462
145570,21.9815122880125
145571,29.4477174773289
145572,20.9823366092536
145573,23.2887546327565
145574,20.7915180145476
145575,16.0971188563209
145576,23.6564708000099
145577,28.6427147909317
145578,21.1133800674298
145579,19.8845536474674
145580,20.839522270634
145581,18.3144606887269
145582,26.700009047825
145583,33.3421602866487
145584,23.1859155411773
145585,28.3875355193843
145586,36.3861456351147
145587,27.0929062978584
145588,39.2013744544354
145589,43.5939571906784
145590,33.34290638249
145591,53.8777170544988
145592,54.8545026863766
145593,40.4667213967263
145594,48.0563954836951
145595,52.4991668165351
145596,52.6345586437058
145597,56.0438374301118
145598,41.8050191306369
145599,34.6907933898329
145600,36.0116580874725
145601,24.0310764786229
145602,47.3084437668758
145603,46.3480450963474
145604,39.3597468769825
145605,32.3080740765848
145606,17.7503970598285
145607,12.7709365229163
145608,43.2054792967228
145609,41.5897528058637
145610,35.0720710165785
145611,28.8785645230456
145612,13.0932951768883
145613,11.5542590838017
145614,36.3230351377601
145615,36.2931420931733
145616,35.8770593673542
145617,26.1289673698371
145618,16.4826450030978
145619,16.1086876298313
145620,35.4890523519086
145621,29.5384344626028
145622,32.3897959895751
145623,24.9225591712924
145624,21.0326944679367
145625,20.019822892259
145626,32.9726266659883
145627,28.8385224419059
145628,29.9442456363543
145629,23.8481505800118
145630,19.8603313955074
145631,18.3899914138005
145632,32.8133070732513
145633,31.447212714745
145634,33.3459639417233
145635,23.3021240160234
145636,23.7723325892481
145637,25.9231328978502
145638,34.3615402038994
145639,32.5427080862842
145640,33.0035632484436
145641,23.2259012418499
145642,24.2650071542956
145643,27.8151024542055
145644,34.24235952737
145645,34.8075054055606
145646,32.0894624853216
145647,23.9297400096663
145648,24.4764873433118
145649,27.0398276826184
145650,33.1170998349678
145651,32.1068014233073
145652,35.0391340078343
145653,22.7176020438285
145654,24.2275345674244
145655,26.0580475369792
145656,32.2986934740323
145657,30.9486174750814
145658,33.6038621315061
145659,21.9512485475408
145660,24.287082132562
145661,26.5668528074275
145662,35.743908846067
145663,32.3107333877698
145664,32.0806378161802
145665,21.5765586016748
145666,24.4954842420367
145667,28.6304207286526
145668,37.2916878874762
145669,28.9933022903788
145670,29.1807374882565
145671,21.5456390117492
145672,24.964384204323
145673,28.6787472878259
145674,31.6303584405278
145675,26.3344374198869
145676,25.2715854653769
145677,22.9273868745257
145678,21.9316960588832
145679,25.8913122332505
145680,27.8509811701864
145681,21.3853787103717
145682,19.3703843947104
145683,19.3808277623128
145684,16.5974355025409
145685,20.5371254938472
145686,19.6839807069708
145687,20.5422943896212
145688,17.8662182421425
145689,12.9137448695411
145690,13.4407103643216
145691,17.4946609658676
145692,17.9044466908466
145693,17.5153583886759
145694,15.7060538705903
145695,16.7591653416494
145696,11.8944911830317
145697,15.8732263639094
145698,15.5996879153577
145699,17.9189072547059
145700,14.3140595279211
145701,16.3564226827068
145702,12.1472643317881
145703,16.3078094292587
145704,14.3485883263907
145705,17.6066899694489
145706,13.1329599199698
145707,16.886409207072
145708,12.7335071456181
145709,17.2098911402814
145710,13.6359997107323
145711,18.8906715671234
145712,16.0281276820128
145713,16.9569623915465
145714,12.9016992055852
145715,17.7211537526894
145716,15.7467248831711
145717,24.1784630462772
145718,16.4136524051567
145719,18.1811542764777
145720,13.582400855978
145721,18.6998641463327
145722,16.6693004365918
145723,23.4723323310759
145724,18.3648245743185
145725,21.6715267951434
145726,17.9576327117288
145727,21.0317212152665
145728,20.2252036061141
145729,30.8160229272487
145730,28.6527666415406
145731,25.6936508046546
145732,23.2265538654644
145733,22.7302208967731
145734,28.1823154800331
145735,35.1939238630717
145736,35.5819901094607
145737,31.5127154461297
145738,29.4050089206385
145739,27.507161181295
145740,38.0027576688907
145741,32.8818387305523
145742,42.9256829506432
145743,29.1272827502669
145744,27.8879747428781
145745,13.739828109804
145746,41.2334267467
145747,27.6032741792133
145748,45.2696618152537
145749,28.1004452363546
145750,20.4027672160182
145751,8.91859662267688
145752,41.2736474912456
145753,24.7198811677796
145754,36.4590142764757
145755,27.2438712678233
145756,13.203042364149
145757,16.7734692384754
145758,41.0158089966682
145759,40.2773502805671
145760,34.2735982847204
145761,27.6573506634666
145762,12.2212449909555
145763,19.4961758473466
145764,34.2503098808887
145765,45.2787888397865
145766,33.404697634791
145767,26.8976899626702
145768,12.2561042932534
145769,11.0796604250234
145770,34.6588794477048
145771,49.093622985507
145772,31.4570905675024
145773,26.253061409492
145774,12.8512090325604
145775,5.87107873594339
145776,35.9565979071821
145777,32.772928360684
145778,27.9905902514587
145779,21.7901925295123
145780,6.9436664159793
145781,-0.16588784981839
145782,30.2662977739238
145783,44.9023014365446
145784,26.6343723816454
145785,19.5645593071299
145786,3.89202407618661
145787,-6.05268018502278
145788,29.7843190470494
145789,52.2303673386854
145790,25.691487979682
145791,18.9908336254446
145792,2.77707043882645
145793,-10.2462515713597
145794,27.9635276054349
145795,51.7311183618576
145796,28.2492432637128
145797,18.9198739918031
145798,0.466059989920151
145799,-11.0917207435824
145800,30.3933579209051
145801,49.6784384620069
145802,28.152944384739
145803,19.0341664445909
145804,2.68225310363015
145805,-8.5580941172189
145806,29.8510775720683
145807,40.6977820982835
145808,33.6559011870037
145809,21.7981614367199
145810,4.02590175951023
145811,-5.91171167126858
145812,34.5241179425968
145813,39.3149399234595
145814,42.2505713863076
145815,25.1158989993321
145816,14.772267545529
145817,3.10475306842772
145818,45.7217618014846
145819,37.673512153722
145820,40.1406428946636
145821,24.7368848091253
145822,19.9089403486473
145823,9.13192097451216
145824,44.4967296068498
145825,17.837556269433
145826,24.8077477242119
145827,20.0418225850504
145828,14.8662785374448
145829,0.34247339352066
145830,30.5905383711484
145831,16.8990170227443
145832,23.7849165164874
145833,14.0379552107219
145834,4.19896563112634
145835,-2.83783162682576
145836,24.3798761334469
145837,18.3119981920382
145838,21.5067863993602
145839,12.4017707899789
145840,2.33760057734715
145841,-0.937472311001862
145842,19.3479617528354
145843,16.8055655337288
145844,15.6301902447402
145845,12.7486891348753
145846,1.80980693604047
145847,11.601997003191
145848,15.7316270679218
145849,14.3357127227414
145850,14.2567623621606
145851,13.7943232573812
145852,7.53700934364763
145853,20.8594412112926
145854,14.4310263620203
145855,11.1211070361378
145856,14.3718195360285
145857,13.5320331406877
145858,15.0353567154235
145859,26.7462749711945
145860,14.2433787093191
145861,7.64291268833966
145862,14.6525949668863
145863,15.0576151298378
145864,22.1772510030356
145865,26.8951479428305
145866,18.3890250008653
145867,9.92848458075615
145868,13.675911180198
145869,20.511789069459
145870,26.2616369099011
145871,29.814408487351
145872,20.7449924921498
145873,22.260674425924
145874,28.2770256574019
145875,30.0050754469732
145876,34.1678895490944
145877,40.4222351073032
145878,31.3142758753541
145879,67.6239052629993
145880,41.6626142806627
145881,49.7959011809961
145882,42.117191657219
145883,48.1853305588581
145884,38.8664625329175
145885,78.9725878063741
145886,33.7901992728076
145887,42.0849211375836
145888,41.7784265519169
145889,39.3103641629885
145890,30.93023714222
145891,98.367069903274
145892,28.7714406961836
145893,38.9246928306441
145894,39.1557753670387
145895,35.2482227621241
145896,30.1296958900456
145897,94.984937673792
145898,25.7027127318573
145899,36.2846556868936
145900,32.2205004761118
145901,31.4436746524874
145902,25.9235076043416
145903,89.3767939816684
145904,28.374260110124
145905,34.3152172281205
145906,27.0521349861244
145907,27.9909718452242
145908,29.1920286754189
145909,83.4324388307989
145910,30.5632834399012
145911,30.9763717980636
145912,23.7611316216453
145913,25.753499004297
145914,31.8406214597121
145915,74.7276443963383
145916,28.4794168308872
145917,29.2726527483534
145918,22.5918584220799
145919,25.9950428367678
145920,31.3743881090473
145921,48.0725244757254
145922,23.1236274842413
145923,27.5445470396885
145924,23.6490996952378
145925,26.29710316097
145926,24.3584004828575
145927,47.7918850741786
145928,22.1711063574215
145929,26.7953707509963
145930,24.7580279936388
145931,25.6616729801157
145932,22.7314989886976
145933,47.6182701147194
145934,22.1307269309213
145935,26.9555121032849
145936,24.8723537757462
145937,25.8800606898392
145938,24.2366785861475
145939,46.8708786183511
145940,22.4014673175612
145941,27.3211297308668
145942,24.6989890399958
145943,25.4763207716295
145944,24.4853865582372
145945,52.4317514962203
145946,24.9669729791922
145947,28.6668941342379
145948,25.4654034429664
145949,25.76010646456
145950,25.288984178012
145951,55.168787510503
145952,29.9664339448401
145953,33.2326058562519
145954,28.2713326274457
145955,28.9648080247299
145956,29.0672516867481
145957,74.1382945557028
145958,35.807784351572
145959,33.6530453144885
145960,30.6095568456128
145961,33.1587003569602
145962,35.5092768223272
145963,71.8717964556536
145964,32.3196734280327
145965,29.85086905676
145966,29.8013625910384
145967,30.7983482883916
145968,31.8544512154936
145969,23.655204479974
145970,19.9137080954949
145971,20.7654351965316
145972,23.3628438558169
145973,22.3000615742798
145974,20.0834919372905
145975,18.2605227406937
145976,16.7976227308384
145977,17.1318830753857
145978,21.2468327383312
145979,21.0206805394939
145980,16.7528587934654
145981,18.3966382724255
145982,15.7395724254817
145983,15.446074375139
145984,21.3983544952361
145985,23.3617530597108
145986,15.6073391199241
145987,17.9352876140751
145988,14.45606313684
145989,14.5859202904642
145990,21.5649200435734
145991,25.2231605015755
145992,14.2872690504859
145993,17.8448848983836
145994,12.912050053617
145995,14.2218697915665
145996,22.2110946798112
145997,26.3491131849884
145998,12.8744714523625
145999,18.1714488278807
146000,10.6719320240805
146001,15.681892926467
146002,23.9666928128325
146003,26.9676038189062
146004,12.4569084783651
146005,17.6928476288069
146006,6.95845996433425
146007,16.4007007990083
146008,24.2889212243522
146009,28.9252921202136
146010,8.34831166775603
146011,17.8885103765556
146012,5.06341391812606
146013,16.6879531217549
146014,24.6504136419313
146015,27.3988611136313
146016,7.01464016083089
146017,31.48345069222
146018,14.3098308134135
146019,32.7338646632403
146020,31.7202484693812
146021,35.0799662474932
146022,16.3083864799807
146023,100.832634659393
146024,25.8346373272009
146025,38.8588598403563
146026,40.5612937131209
146027,38.2614679055117
146028,26.6173252698374
146029,68.3100571297147
146030,20.9109535671414
146031,26.6310216426624
146032,34.0916680728849
146033,26.8582356876205
146034,22.2341334902586
146035,44.4097659836909
146036,17.5642212704308
146037,23.7039251197601
146038,24.4944350877289
146039,22.2868237943895
146040,15.321377732498
146041,25.0915953613014
146042,16.4234244416813
146043,22.5159495262402
146044,17.5584011288767
146045,9.68931403315584
146046,9.90615325635059
146047,18.4471240554562
146048,14.9622966200612
146049,20.2574247179339
146050,18.4081135541832
146051,5.11379849435485
146052,4.80761751303174
146053,18.4047796146037
146054,13.3911611046054
146055,19.2303518106567
146056,19.3781435167934
146057,13.0949861047042
146058,6.0892948847999
146059,11.8893830592145
146060,9.62195612492178
146061,16.7703626492599
146062,16.9616457856288
146063,6.17795055612821
146064,6.11741743958872
146065,10.7921708790686
146066,8.05262141863812
146067,16.8080019872781
146068,16.5340348645628
146069,19.1045628980844
146070,6.00865909063113
146071,13.6042324390053
146072,8.60787539529496
146073,14.7799250257879
146074,17.3755456294139
146075,21.0028663772974
146076,6.84415964143261
146077,10.0455372074644
146078,9.48392307591558
146079,13.163406567317
146080,16.7633561594088
146081,20.7579572950705
146082,8.88466926314551
146083,12.8200171048193
146084,13.796947145768
146085,13.5675736546008
146086,15.936726792921
146087,20.1817908642766
146088,10.546685302898
146089,17.8152774006979
146090,18.1288880117062
146091,14.6422551748033
146092,17.2395671407155
146093,19.5177181340438
146094,16.254761005326
146095,28.9965207660491
146096,21.9420048310983
146097,16.1020238638559
146098,19.9318293972293
146099,20.1067969025801
146100,20.6177575443843
146101,36.3735745011805
146102,32.7562239946875
146103,20.1502073974438
146104,21.768707729784
146105,17.7592499049726
146106,30.8480629895159
146107,41.2455863429257
146108,32.2928191669623
146109,18.073181295497
146110,11.2915228899389
146111,5.36648738199298
146112,30.8813083840369
146113,14.8146407764577
146114,17.0819032977381
146115,7.98424740771388
146116,4.0083782182558
146117,-8.09641554700043
146118,17.2584829858198
146119,11.908465308411
146120,15.5772702053335
146121,1.79040675993391
146122,-0.0920581970054606
146123,-12.9498702948221
146124,15.6056697025927
146125,12.6149233488885
146126,15.3593843751441
146127,0.227332740283764
146128,-8.15168426208684
146129,-13.1425128291314
146130,15.177093456861
146131,12.9499352204079
146132,15.2489387096439
146133,2.90407086846719
146134,-9.36266332699934
146135,-10.0284023268147
146136,15.1012200398554
146137,12.9800855598817
146138,14.7353424066894
146139,4.36770590842459
146140,-2.73989184640912
146141,-4.54064479434602
146142,15.2365113877173
146143,13.4811603474082
146144,15.8652475278738
146145,4.73798294770936
146146,2.85299915240656
146147,5.94582537134233
146148,15.1288807744468
146149,13.2443258003832
146150,10.8110143314598
146151,3.6065263936331
146152,2.15842709294134
146153,10.8016587588031
146154,11.9582537739067
146155,13.7295369346694
146156,11.3676846186038
146157,8.67962766353567
146158,5.98660193762945
146159,12.9310042647051
146160,13.421381868967
146161,28.212335470844
146162,35.3243693327113
146163,22.3523505978961
146164,26.9452912282253
146165,28.6522685123128
146166,33.8633641285533
146167,111.823457654262
146168,50.1206481072517
146169,34.9386021529237
146170,43.7370770258709
146171,51.8956700111539
146172,46.9454107649048
146173,97.9246239810771
146174,27.7522186795569
146175,28.928807434615
146176,35.9015604862186
146177,41.5280887582953
146178,36.3178530561348
146179,82.1947555404737
146180,26.3253035743223
146181,27.7805901863717
146182,33.5295912804459
146183,36.2107284302443
146184,38.1129372165054
146185,42.9744034994497
146186,26.011417812762
146187,26.5571742225148
146188,29.488250216082
146189,29.7139076236661
146190,33.3350210950603
146191,34.3686334995133
146192,18.4597891029619
146193,25.5086240582748
146194,25.5014800433041
146195,25.6382847795097
146196,20.5983267240687
146197,20.7605493756574
146198,13.1584558239483
146199,23.9052159195713
146200,21.7216058438092
146201,23.3341829648795
146202,15.0515210078949
146203,12.5523945548237
146204,12.2910547044079
146205,22.9175697334584
146206,20.9862086569198
146207,22.1288122345195
146208,12.033925030839
146209,16.0140642385897
146210,14.4624285650733
146211,23.08620053955
146212,20.960422748698
146213,23.0604480482839
146214,14.989373380359
146215,16.8201574409659
146216,15.1630096055041
146217,22.2730424550662
146218,20.2227148893912
146219,22.7741300961772
146220,15.3702615762763
146221,19.8057916819957
146222,16.3676124701272
146223,22.8080283460702
146224,18.8930986016314
146225,22.1460614316638
146226,16.5463185935057
146227,23.3565877573341
146228,20.6974579849698
146229,23.4424113324814
146230,18.485299716348
146231,22.408717405763
146232,20.2713089919756
146233,23.6952198084279
146234,22.5513891169248
146235,23.8036499897927
146236,21.2943540796375
146237,22.8917691961306
146238,22.8568053783247
146239,22.8813063243529
146240,25.07003832572
146241,23.562395944096
146242,21.7901929405541
146243,23.2822994359174
146244,23.9733612971213
146245,23.7859718048348
146246,28.9377473320425
146247,24.1783842141217
146248,23.5499337783494
146249,23.2415299077373
146250,26.6941512710126
146251,24.2049288246303
146252,27.2991068272419
146253,24.3600223539126
146254,23.5956751183154
146255,23.3263379027613
146256,24.7706455028649
146257,17.0778919966601
146258,15.2608363824107
146259,14.4942403413349
146260,19.6987538269409
146261,18.3271561132692
146262,17.0981884744912
146263,13.3551474246755
146264,15.4744286659533
146265,19.0752949517454
146266,18.2432216283198
146267,17.5831427563664
146268,17.2228435528861
146269,16.3304822398724
146270,16.7912254106451
146271,19.0626735153551
146272,18.3386690628581
146273,18.1654757671908
146274,17.7937089044673
146275,17.4076529398766
146276,15.3230932340015
146277,18.7894759919475
146278,17.6721676490167
146279,17.6462048435234
146280,16.6555134443943
146281,16.6385241560287
146282,14.0704274783319
146283,18.0067661640561
146284,17.0500700444221
146285,17.0245186294634
146286,15.7518437141977
146287,15.1986813893108
146288,11.8336527544095
146289,16.6504171843954
146290,15.6534444475055
146291,15.7180443425614
146292,13.7472727930007
146293,14.3176307429943
146294,9.95904983703605
146295,15.6201724359132
146296,14.1392054651198
146297,13.1825341004593
146298,11.886598156408
146299,17.1308319201892
146300,8.93854227491392
146301,14.2262991997779
146302,13.7556032485689
146303,12.9625392803596
146304,10.6362085452781
146305,29.7298298429606
146306,25.4710076642659
146307,23.7832154586845
146308,24.1173974067189
146309,24.0027946779936
146310,26.4652821275618
146311,63.4936726773608
146312,39.4485417140517
146313,35.4747779661365
146314,36.6414409769111
146315,39.2414600863203
146316,42.5072516930454
146317,37.6368231904541
146318,31.7136118332343
146319,27.3807756048852
146320,32.1913286860426
146321,32.7570566664867
146322,35.8489503050701
146323,23.818530059347
146324,27.0038740088068
146325,22.4498252307649
146326,26.1346602893675
146327,26.1763647359034
146328,30.2376919540761
146329,14.1858954081316
146330,20.5280143565059
146331,20.7576167038265
146332,20.6476464443126
146333,22.1898191146161
146334,20.407347830283
146335,11.0206078767638
146336,18.9751269551269
146337,20.178696635824
146338,18.2613450769591
146339,20.6874585917925
146340,18.0986724878297
146341,10.5679900904886
146342,17.856813767783
146343,19.7307314107399
146344,17.9443601535391
146345,18.8009975281109
146346,16.4038795905908
146347,10.9373777486247
146348,15.717735891861
146349,20.0027545064055
146350,16.6854704032779
146351,18.2579988489969
146352,16.2403496327664
146353,8.19755337784369
146354,14.5521036317787
146355,19.7562284670761
146356,13.4287743977659
146357,15.9834008049456
146358,14.6368411283363
146359,6.77467692408
146360,13.9265946307439
146361,19.6923043761354
146362,12.7550436994895
146363,13.6781575814557
146364,13.0848098220307
146365,6.9888249013771
146366,13.8069679367169
146367,19.6674014072703
146368,12.3219454606716
146369,10.8413042781481
146370,11.5520523925209
146371,3.63671351406554
146372,13.4932129255148
146373,20.1972607288703
146374,11.0650022782176
146375,10.7088912098183
146376,11.6606655240823
146377,3.25024405391268
146378,13.2986751901375
146379,19.8323514645585
146380,10.8503620799175
146381,12.6924687709493
146382,12.5595476117923
146383,6.51903411504114
146384,14.2331320491309
146385,18.6321907352158
146386,12.3412004977273
146387,13.4834354489919
146388,11.7824520772974
146389,8.25150605243159
146390,15.126433048012
146391,18.7233525224316
146392,13.5525919495961
146393,15.4067649718749
146394,14.5257884077954
146395,5.2118063056102
146396,13.9584648441744
146397,19.4885819286343
146398,10.6604959685788
146399,16.0623990540447
146400,15.0176885330616
146401,1.39452700576352
146402,8.68780302754335
146403,17.3167592349604
146404,10.445465215289
146405,12.76059457847
146406,12.7002022385058
146407,-0.0925486266775586
146408,2.15608268570011
146409,11.2805537688958
146410,8.524318500324
146411,8.07917733740502
146412,3.68184478783624
146413,-2.60266989574864
146414,-4.411510736491
146415,8.07302163876907
146416,5.31255059488663
146417,1.26018333170288
146418,-4.68277760520455
146419,-3.0314221562873
146420,-7.35172375847738
146421,1.39163548054642
146422,3.64364848841026
146423,-2.65814612014005
146424,-5.36480448500394
146425,-2.42711507610037
146426,-7.27137057698387
146427,1.02114454190221
146428,2.88457193391229
146429,-3.09564835516302
146430,-4.26007301693079
146431,-2.37767039984684
146432,-5.81071831077441
146433,-0.342660303813116
146434,0.896585999316201
146435,0.278381878757699
146436,-5.98439406244817
146437,-1.54130717530242
146438,-7.15763067314598
146439,-0.0486723490533656
146440,0.705637934327836
146441,1.62824435622858
146442,-6.0378886121959
146443,-1.49082437832638
146444,-8.44279888142731
146445,2.8639438680455
146446,3.14299741106563
146447,2.3453888798482
146448,-7.26084914073985
146449,1.95532216596001
146450,-6.82770606105005
146451,7.95188413407389
146452,8.2306683468548
146453,9.41192880774863
146454,-6.07741002117944
146455,12.6528727823572
146456,-1.36615906824438
146457,21.2691710153401
146458,12.5477753044011
146459,12.5188321396031
146460,-2.43534229111913
146461,17.0323094505164
146462,-2.32565277154455
146463,22.2699973685409
146464,15.4806980592237
146465,10.5914251461147
146466,-3.26496921045418
146467,14.6819044636321
146468,-4.92142056994797
146469,20.3387288799585
146470,13.7581125943924
146471,9.71755186946756
146472,-4.82690498415081
146473,14.5405161306944
146474,-6.22219008857752
146475,17.5156656584001
146476,11.1958256891938
146477,3.24781425407427
146478,-6.42126867178987
146479,11.6430270401662
146480,-7.9943996537595
146481,11.807238839583
146482,9.04350873467201
146483,-2.23224526903757
146484,-8.44723087542091
146485,9.35001211010984
146486,-10.24242352108
146487,13.9068479563245
146488,3.48639445213793
146489,7.74730337180834
146490,-9.72002768930735
146491,7.32644697774489
146492,-12.1789166440137
146493,11.0168001245673
146494,1.8722163072987
146495,5.2999678252298
146496,-10.335086815573
146497,6.12705681750094
146498,-13.0089270678838
146499,6.90262804596281
146500,-5.24851621941676
146501,-0.64822599099838
146502,-11.0217203511924
146503,5.65798025964729
146504,-15.2780850806218
146505,8.12539019434628
146506,-6.00030487881763
146507,-4.46017149701519
146508,-11.2453273095347
146509,6.82412505905255
146510,-13.4362581081926
146511,8.49924300236004
146512,-5.57807554667867
146513,-3.50967290720612
146514,-11.3189601305158
146515,5.17148754529271
146516,-11.6624683039801
146517,8.76618350662073
146518,-1.69786571810742
146519,-2.0185285257986
146520,-11.2106077707445
146521,5.26299577084459
146522,-10.3482221476663
146523,10.2637824637742
146524,-1.44245990569665
146525,-0.995348274212692
146526,-9.32615741698349
146527,6.72112604684579
146528,-6.89535459605231
146529,12.3578861654085
146530,-3.48326124836447
146531,-0.801223060679018
146532,-6.92554644571396
146533,11.950567787056
146534,-3.92776686925657
146535,15.5746794348055
146536,-1.6869010867887
146537,-6.98703982095574
146538,-4.08386269836511
146539,20.3665633666279
146540,0.655278126432091
146541,17.9083950669037
146542,-3.88555793320115
146543,-4.29678608055488
146544,4.15542498432427
146545,12.1183069206525
146546,4.59167839620502
146547,16.6702700987521
146548,-0.841300389103981
146549,-2.31474438984754
146550,9.07234572086338
146551,3.09387652296922
146552,2.30363995078263
146553,13.5558718198227
146554,-2.50829102097776
146555,-2.31451651925207
146556,1.13519195686642
146557,2.58815510163685
146558,8.03750378449839
146559,9.50728695760856
146560,-2.7893942074293
146561,4.88090550925421
146562,5.13448654215216
146563,8.26153919405634
146564,13.0253072814453
146565,12.4793155684084
146566,-2.40885140092843
146567,9.2306897226425
146568,11.2262232813907
146569,11.1349473242873
146570,13.8516714859135
146571,13.1935424301214
146572,-1.47925358569125
146573,11.9866873251609
146574,13.9278440075352
146575,9.39415648227373
146576,6.73969480783654
146577,13.526351363398
146578,1.29665592334091
146579,15.9193127580508
146580,11.6709806553446
146581,9.98851817784461
146582,-0.88452154605756
146583,15.1578754618465
146584,4.76563980951878
146585,18.2142353473379
146586,3.75730880291851
146587,9.8325292625164
146588,-3.20823525761711
146589,16.5657422224147
146590,9.00568259817406
146591,17.1596323036872
146592,-3.60828973472687
146593,22.3177047261601
146594,3.41634609244007
146595,19.5803549775136
146596,11.8944095352599
146597,26.6176853905238
146598,3.05565373250901
146599,61.451339096146
146600,9.0223231058398
146601,26.4524892167329
146602,15.7850047238865
146603,29.510605966396
146604,9.93166956602264
146605,56.9718588122589
146606,3.92062540011935
146607,24.1016744951819
146608,15.8104035522713
146609,20.168397824202
146610,4.40024593579842
146611,56.8107217742747
146612,0.295235445629999
146613,21.2351589140289
146614,15.6451411724303
146615,17.367611128525
146616,0.754249583941153
146617,56.5056307472381
146618,0.242020369913799
146619,19.692255278645
146620,15.5628641985271
146621,15.587545307096
146622,0.801804590219454
146623,17.8747137499309
146624,1.2770678549379
146625,15.8613484473533
146626,16.7078977534043
146627,15.1817095582283
146628,1.86069782502569
146629,11.1314182078174
146630,0.80693819478844
146631,18.6183850885804
146632,16.6852976029608
146633,17.2369148687919
146634,2.12961232087252
146635,10.3367191937466
146636,2.40965390199926
146637,18.5099198509588
146638,15.7791607400519
146639,16.5362674045144
146640,3.86787526647515
146641,11.8358012764598
146642,8.75070250911163
146643,21.6112006613321
146644,14.737492125842
146645,17.3224245173569
146646,11.1894955961674
146647,11.9901149268312
146648,12.0797502163149
146649,24.2619257789872
146650,15.1376774459793
146651,18.9166662435106
146652,12.7743418958497
146653,15.0200224259977
146654,13.7278886843135
146655,18.7686558282589
146656,16.0232039697827
146657,18.2074902738066
146658,14.0583312301795
146659,16.7187217486813
146660,19.1519153370647
146661,12.466630479424
146662,17.4768653477891
146663,19.0471314488687
146664,16.0564415950585
146665,19.5940364836027
146666,21.8126658460759
146667,9.97131329877893
146668,18.4953084382203
146669,19.430976256297
146670,19.5194553808141
146671,20.7370227408979
146672,23.3911276861055
146673,6.20807419079059
146674,19.3897331026849
146675,19.4850293202893
146676,20.6487526958202
146677,23.8101599896798
146678,24.7197464691426
146679,9.57837036147816
146680,21.0761918418155
146681,20.2469707946473
146682,25.52661827069
146683,30.9968552766855
146684,25.9640236788293
146685,8.47407147683525
146686,21.3556095818485
146687,15.7842939786237
146688,26.7418924777059
146689,26.164371416535
146690,23.9105610632024
146691,3.6018076537785
146692,7.97239451947936
146693,-4.43065410984272
146694,22.5751877633315
146695,23.6176924222526
146696,22.4567806601201
146697,3.00498982055178
146698,-2.86424300511066
146699,-7.09877140490137
146700,22.693026963331
146701,23.9401340680287
146702,23.9180734106395
146703,2.21297272749528
146704,-3.86135387133111
146705,-1.87927101959208
146706,24.2150861399138
146707,23.5364335532985
146708,23.6129678455375
146709,2.02466523917902
146710,4.45345496799928
146711,7.23840507703684
146712,24.7065905923863
146713,23.3017702254842
146714,23.9906856556754
146715,0.592155159162292
146716,6.27796915526182
146717,11.7597772548628
146718,25.2771451746938
146719,24.634596932852
146720,25.6358149507656
146721,3.40888896317
146722,-0.586133591101252
146723,12.8854139854052
146724,26.7215198398666
146725,23.1612719616423
146726,27.9774395432889
146727,2.80456445475021
146728,3.84185489901249
146729,12.975934065892
146730,28.1018864812788
146731,28.3756390055384
146732,30.6318362320396
146733,7.23831349860289
146734,7.07129847507559
146735,14.7175204314025
146736,31.0123831255042
146737,54.0605200700362
146738,44.4333120491854
146739,14.1863729651122
146740,9.73869916229616
146741,19.7120885034058
146742,46.8215756056625
146743,86.6849775875649
146744,54.5706080321288
146745,18.6138739716692
146746,12.2350069810914
146747,23.6097493214924
146748,56.4155721776466
146749,86.5593814773837
146750,47.5753506576055
146751,18.6566622767365
146752,22.231370746206
146753,25.0758838659545
146754,50.6441218409391
146755,77.6635284971664
146756,46.4124732343907
146757,17.8690600561127
146758,26.0724070958116
146759,26.6321445741599
146760,49.5725975420041
146761,70.630682987951
146762,43.6715173319839
146763,15.6559715304727
146764,27.0351320535179
146765,26.5905729752562
146766,45.3519902189126
146767,65.3176212884426
146768,38.5119118161592
146769,16.4416962407507
146770,25.1715689039905
146771,22.8547407742493
146772,37.3105348658971
146773,71.4307218980069
146774,36.1091341552175
146775,18.6496356540357
146776,22.3968568069474
146777,21.4467515485031
146778,35.5696397906196
